Copyright 1986-2022 Xilinx, Inc. All Rights Reserved. Copyright 2022-2023 Advanced Micro Devices, Inc. All Rights Reserved.
-----------------------------------------------------------------------------------------------------------------------------------------------------------------------------------------------------------------------------------------------------------
| Tool Version      : Vivado v.2023.2 (lin64) Build 4029153 Fri Oct 13 20:13:54 MDT 2023
| Date              : Sun Aug  9 04:23:22 2026
| Host              : ubuntu running 64-bit Ubuntu 24.04.4 LTS
| Command           : report_clock_utilization -file /home/s23520579/Vivado_project/vit_m8_board_candidate_67c18532_workspace_20260809/vivado_server_307_perf_v1_m8_nongemm_nodsp_2023_2/VIT_googlebase_rtl/reports/board_post_route_clock_utilization.rpt
| Design            : vit_system_wrapper
| Device            : xczu5ev-sfvc784
| Speed File        : -1  PRODUCTION 1.30 05-15-2022
| Temperature Grade : E
| Design State      : Routed
-----------------------------------------------------------------------------------------------------------------------------------------------------------------------------------------------------------------------------------------------------------

Clock Utilization Report

Table of Contents
-----------------
1. Clock Primitive Utilization
2. Global Clock Resources
3. Global Clock Source Details
4. Clock Regions : Clock Primitives
5. Clock Regions : Load Primitives
6. Clock Regions : Global Clock Summary
7. Clock Regions : Routing Resource Utilization
8. Device Cell Placement Summary for Global Clock g0
9. Device Cell Placement Summary for Global Clock g1
10. Device Cell Placement Summary for Global Clock g2
11. Device Cell Placement Summary for Global Clock g3
12. Device Cell Placement Summary for Global Clock g4
13. Device Cell Placement Summary for Global Clock g5
14. Device Cell Placement Summary for Global Clock g6
15. Device Cell Placement Summary for Global Clock g7
16. Device Cell Placement Summary for Global Clock g8
17. Device Cell Placement Summary for Global Clock g9
18. Device Cell Placement Summary for Global Clock g10
19. Device Cell Placement Summary for Global Clock g11
20. Device Cell Placement Summary for Global Clock g12
21. Device Cell Placement Summary for Global Clock g13
22. Device Cell Placement Summary for Global Clock g14
23. Clock Region Cell Placement per Global Clock: Region X0Y0
24. Clock Region Cell Placement per Global Clock: Region X1Y0
25. Clock Region Cell Placement per Global Clock: Region X2Y0
26. Clock Region Cell Placement per Global Clock: Region X0Y1
27. Clock Region Cell Placement per Global Clock: Region X1Y1
28. Clock Region Cell Placement per Global Clock: Region X2Y1
29. Clock Region Cell Placement per Global Clock: Region X0Y2
30. Clock Region Cell Placement per Global Clock: Region X1Y2
31. Clock Region Cell Placement per Global Clock: Region X2Y2
32. Clock Region Cell Placement per Global Clock: Region X0Y3
33. Clock Region Cell Placement per Global Clock: Region X1Y3
34. Clock Region Cell Placement per Global Clock: Region X2Y3

1. Clock Primitive Utilization
------------------------------

+------------+------+-----------+-----+--------------+--------+
| Type       | Used | Available | LOC | Clock Region | Pblock |
+------------+------+-----------+-----+--------------+--------+
| BUFGCE     |   14 |       112 |   0 |            0 |      0 |
| BUFGCE_DIV |    0 |        16 |   0 |            0 |      0 |
| BUFGCTRL   |    0 |        32 |   0 |            0 |      0 |
| BUFG_GT    |    0 |        96 |   0 |            0 |      0 |
| BUFG_PS    |    1 |        96 |   0 |            0 |      0 |
| MMCM       |    0 |         4 |   0 |            0 |      0 |
| PLL        |    0 |         8 |   0 |            0 |      0 |
+------------+------+-----------+-----+--------------+--------+


2. Global Clock Resources
-------------------------

+-----------+-----------+-----------------+------------+---------------+--------------+------+-------------------+------------------+-------------------+-------------+-----------------+--------------+----------+-------------------------------------------------------------------------------------------------------------------------+------------------------------------------------------------------------------------------------------+
| Global Id | Source Id | Driver Type/Pin | Constraint | Site          | Clock Region | Root | Clock Delay Group | Clock Low Fanout | Load Clock Region | Clock Loads | Non-Clock Loads | Clock Period | Clock    | Driver Pin                                                                                                              | Net                                                                                                  |
+-----------+-----------+-----------------+------------+---------------+--------------+------+-------------------+------------------+-------------------+-------------+-----------------+--------------+----------+-------------------------------------------------------------------------------------------------------------------------+------------------------------------------------------------------------------------------------------+
| g0        | src0      | BUFG_PS/O       | None       | BUFG_PS_X0Y90 | X0Y3         | X1Y1 |                   |                  |                12 |       64499 |               0 |       20.000 | clk_pl_0 | vit_system_i/zynq_ultra_ps_e_0/inst/buffer_pl_clk_0.PL_CLK_0_BUFG/O                                                     | vit_system_i/zynq_ultra_ps_e_0/inst/pl_clk0                                                          |
| g1        | src1      | BUFGCE/O        | None       | BUFGCE_X0Y31  | X1Y1         | X1Y1 | n/a               |                  |                 9 |           0 |            1562 |          n/a | n/a      | vit_system_i/proc_sys_reset_0/U0/ACTIVE_LOW_PR_OUT_DFF[0].FDRE_PER_N_bufg_place/O                                       | vit_system_i/proc_sys_reset_0/U0/peripheral_aresetn[0]                                               |
| g2        | src2      | BUFGCE/O        | None       | BUFGCE_X0Y30  | X1Y1         | X1Y1 | n/a               |                  |                 4 |           0 |            2035 |          n/a | n/a      | vit_system_i/vit_phase_e_axi_0/inst/u_core/u_mem_adapter_i_1_bufg_place/O                                               | vit_system_i/vit_phase_e_axi_0/inst/u_core/adapter_aresetn                                           |
| g3        | src3      | BUFGCE/O        | None       | BUFGCE_X0Y32  | X1Y1         | X1Y1 | n/a               |                  |                12 |           0 |            9024 |          n/a | n/a      | vit_system_i/vit_phase_e_axi_0/inst/u_core/u_profile_counters_i_1_bufg_place/O                                          | vit_system_i/vit_phase_e_axi_0/inst/u_core/compute_rst                                               |
| g4        | src4      | BUFGCE/O        | None       | BUFGCE_X0Y36  | X1Y1         | X1Y1 | n/a               |                  |                 4 |           0 |            1097 |          n/a | n/a      | vit_system_i/vit_phase_e_axi_0/inst/u_core/u_m5_axi_counters/published[5][1]_i_1_bufg_place/O                           | vit_system_i/vit_phase_e_axi_0/inst/u_core/u_m5_axi_counters/published                               |
| g5        | src5      | BUFGCE/O        | None       | BUFGCE_X0Y52  | X1Y2         | X1Y2 | n/a               |                  |                 6 |           0 |            2834 |          n/a | n/a      | vit_system_i/vit_phase_e_axi_0/inst/u_core/u_m7_overlap_counters/published[22][1]_i_1_bufg_place/O                      | vit_system_i/vit_phase_e_axi_0/inst/u_core/u_m7_overlap_counters/published                           |
| g6        | src6      | BUFGCE/O        | None       | BUFGCE_X0Y34  | X1Y1         | X1Y1 | n/a               |                  |                 2 |           0 |            1381 |          n/a | n/a      | vit_system_i/vit_phase_e_axi_0/inst/u_core/u_m7_overlap_counters/published[22][1]_i_2_bufg_place/O                      | vit_system_i/vit_phase_e_axi_0/inst/u_core/u_m7_overlap_counters/published[22][1]_i_2_n_0            |
| g7        | src7      | BUFGCE/O        | None       | BUFGCE_X0Y33  | X1Y1         | X1Y1 | n/a               |                  |                 2 |           0 |            1381 |          n/a | n/a      | vit_system_i/vit_phase_e_axi_0/inst/u_core/u_m7_overlap_counters/running_o_reg_bufg_place/O                             | vit_system_i/vit_phase_e_axi_0/inst/u_core/u_m7_overlap_counters/status_o[0]                         |
| g8        | src8      | BUFGCE/O        | None       | BUFGCE_X0Y24  | X1Y1         | X1Y1 | n/a               |                  |                12 |           0 |           28023 |          n/a | n/a      | vit_system_i/vit_phase_e_axi_0/inst/u_core/u_npu/u_engine/u_command_controller/engine_rst_BUFG_inst/O                   | vit_system_i/vit_phase_e_axi_0/inst/u_core/u_npu/u_engine/u_command_controller/engine_rst_BUFG       |
| g9        | src9      | BUFGCE/O        | None       | BUFGCE_X0Y27  | X1Y1         | X1Y1 | n/a               |                  |                11 |           0 |            5184 |          n/a | n/a      | vit_system_i/vit_phase_e_axi_0/inst/u_core/u_npu/u_engine/u_gemm/gen_fp16.u_fp16/weight_q[1023]_i_1_bufg_place/O        | vit_system_i/vit_phase_e_axi_0/inst/u_core/u_npu/u_engine/u_gemm/gen_fp16.u_fp16/activation_q        |
| g10       | src10     | BUFGCE/O        | None       | BUFGCE_X0Y25  | X1Y1         | X1Y1 | n/a               |                  |                11 |           0 |            5184 |          n/a | n/a      | vit_system_i/vit_phase_e_axi_0/inst/u_core/u_npu/u_engine/u_gemm/gen_fp16.u_fp16/panel1_weight_q[1023]_i_1_bufg_place/O | vit_system_i/vit_phase_e_axi_0/inst/u_core/u_npu/u_engine/u_gemm/gen_fp16.u_fp16/panel1_activation_q |
| g11       | src11     | BUFGCE/O        | None       | BUFGCE_X0Y13  | X1Y0         | X1Y0 | n/a               |                  |                 7 |           0 |            1040 |          n/a | n/a      | vit_system_i/vit_phase_e_axi_0/inst/u_core/u_npu/u_engine/u_vector/input_a_shift[31]_i_1_bufg_place/O                   | vit_system_i/vit_phase_e_axi_0/inst/u_core/u_npu/u_engine/u_vector/lane_mask_shift                   |
| g12       | src12     | BUFGCE/O        | None       | BUFGCE_X0Y44  | X1Y1         | X1Y1 | n/a               |                  |                 7 |           0 |            6146 |          n/a | n/a      | vit_system_i/vit_phase_e_axi_0/inst/u_core/u_profile_counters/profile_snapshot_valid_o_i_2_bufg_place/O                 | vit_system_i/vit_phase_e_axi_0/inst/u_core/u_profile_counters/global_published                       |
| g13       | src13     | BUFGCE/O        | None       | BUFGCE_X0Y86  | X1Y3         | X1Y3 | n/a               |                  |                 9 |           0 |            6465 |          n/a | n/a      | vit_system_i/vit_phase_e_axi_0/inst/u_core/u_profile_counters/profile_running_o_reg_bufg_place/O                        | vit_system_i/vit_phase_e_axi_0/inst/u_core/u_profile_counters/profile_running_o                      |
| g14       | src14     | BUFGCE/O        | None       | BUFGCE_X0Y26  | X1Y1         | X1Y1 | n/a               |                  |                 7 |           0 |           12302 |          n/a | n/a      | vit_system_i/vit_phase_e_axi_0/inst/u_core/u_profile_counters/profile_snapshot_valid_o_i_1_bufg_place/O                 | vit_system_i/vit_phase_e_axi_0/inst/u_core/u_profile_counters/read_first_seen                        |
+-----------+-----------+-----------------+------------+---------------+--------------+------+-------------------+------------------+-------------------+-------------+-----------------+--------------+----------+-------------------------------------------------------------------------------------------------------------------------+------------------------------------------------------------------------------------------------------+
* Clock Loads column represents cell count of net connects that connect to a clock pin. Internal cell leaf pins are not considered
** Non-Clock Loads column represents cell count of non-clock pin loads


3. Global Clock Source Details
------------------------------

+-----------+-----------+-----------------+------------+---------------+--------------+-------------+-----------------+---------------------+--------------+-----------------------------------------------------------------------------------------------------------------+-----------------------------------------------------------------------------------------------------------------+
| Source Id | Global Id | Driver Type/Pin | Constraint | Site          | Clock Region | Clock Loads | Non-Clock Loads | Source Clock Period | Source Clock | Driver Pin                                                                                                      | Net                                                                                                             |
+-----------+-----------+-----------------+------------+---------------+--------------+-------------+-----------------+---------------------+--------------+-----------------------------------------------------------------------------------------------------------------+-----------------------------------------------------------------------------------------------------------------+
| src0      | g0        | PS8/PLCLK[0]    | None       | PS8_X0Y0      | X0Y1         |           1 |               0 |              20.000 | clk_pl_0     | vit_system_i/zynq_ultra_ps_e_0/inst/PS8_i/PLCLK[0]                                                              | vit_system_i/zynq_ultra_ps_e_0/inst/pl_clk_unbuffered[0]                                                        |
| src1      | g1        | FDRE/Q          | None       | SLICE_X9Y50   | X0Y0         |           1 |               0 |                     |              | vit_system_i/proc_sys_reset_0/U0/ACTIVE_LOW_PR_OUT_DFF[0].FDRE_PER_N/Q                                          | vit_system_i/proc_sys_reset_0/U0/peripheral_aresetn[0]_bufg_place                                               |
| src2      | g2        | LUT2/O          | None       | SLICE_X10Y73  | X0Y1         |           1 |               3 |                     |              | vit_system_i/vit_phase_e_axi_0/inst/u_core/u_mem_adapter_i_1/O                                                  | vit_system_i/vit_phase_e_axi_0/inst/u_core/adapter_aresetn_bufg_place                                           |
| src3      | g3        | LUT2/O          | None       | SLICE_X10Y73  | X0Y1         |           1 |              67 |                     |              | vit_system_i/vit_phase_e_axi_0/inst/u_core/u_profile_counters_i_1/O                                             | vit_system_i/vit_phase_e_axi_0/inst/u_core/compute_rst_bufg_place                                               |
| src4      | g4        | LUT2/O          | None       | SLICE_X37Y77  | X1Y1         |           1 |               4 |                     |              | vit_system_i/vit_phase_e_axi_0/inst/u_core/u_m5_axi_counters/published[5][1]_i_1/O                              | vit_system_i/vit_phase_e_axi_0/inst/u_core/u_m5_axi_counters/published_bufg_place                               |
| src5      | g5        | LUT2/O          | None       | SLICE_X31Y97  | X1Y1         |           1 |               0 |                     |              | vit_system_i/vit_phase_e_axi_0/inst/u_core/u_m7_overlap_counters/published[22][1]_i_1/O                         | vit_system_i/vit_phase_e_axi_0/inst/u_core/u_m7_overlap_counters/published_bufg_place                           |
| src6      | g6        | LUT2/O          | None       | SLICE_X37Y73  | X1Y1         |           1 |               0 |                     |              | vit_system_i/vit_phase_e_axi_0/inst/u_core/u_m7_overlap_counters/published[22][1]_i_2/O                         | vit_system_i/vit_phase_e_axi_0/inst/u_core/u_m7_overlap_counters/published[22][1]_i_2_n_0_bufg_place            |
| src7      | g7        | FDRE/Q          | None       | SLICE_X49Y89  | X2Y1         |           1 |               0 |                     |              | vit_system_i/vit_phase_e_axi_0/inst/u_core/u_m7_overlap_counters/running_o_reg/Q                                | vit_system_i/vit_phase_e_axi_0/inst/u_core/u_m7_overlap_counters/status_o[0]_bufg_place                         |
| src8      | g8        | LUT2/O          | None       | SLICE_X24Y92  | X1Y1         |           1 |               0 |                     |              | vit_system_i/vit_phase_e_axi_0/inst/u_core/u_npu/u_engine/u_command_controller/engine_rst_INST_0_lopt_replica/O | vit_system_i/vit_phase_e_axi_0/inst/u_core/u_npu/u_engine/u_command_controller/O_replN                          |
| src9      | g9        | LUT4/O          | None       | SLICE_X36Y81  | X1Y1         |           1 |               0 |                     |              | vit_system_i/vit_phase_e_axi_0/inst/u_core/u_npu/u_engine/u_gemm/gen_fp16.u_fp16/weight_q[1023]_i_1/O           | vit_system_i/vit_phase_e_axi_0/inst/u_core/u_npu/u_engine/u_gemm/gen_fp16.u_fp16/activation_q_bufg_place        |
| src10     | g10       | LUT2/O          | None       | SLICE_X32Y82  | X1Y1         |           1 |               2 |                     |              | vit_system_i/vit_phase_e_axi_0/inst/u_core/u_npu/u_engine/u_gemm/gen_fp16.u_fp16/panel1_weight_q[1023]_i_1/O    | vit_system_i/vit_phase_e_axi_0/inst/u_core/u_npu/u_engine/u_gemm/gen_fp16.u_fp16/panel1_activation_q_bufg_place |
| src11     | g11       | LUT4/O          | None       | SLICE_X29Y22  | X1Y0         |           1 |               0 |                     |              | vit_system_i/vit_phase_e_axi_0/inst/u_core/u_npu/u_engine/u_vector/input_a_shift[31]_i_1/O                      | vit_system_i/vit_phase_e_axi_0/inst/u_core/u_npu/u_engine/u_vector/lane_mask_shift_bufg_place                   |
| src12     | g12       | LUT2/O          | None       | SLICE_X37Y73  | X1Y1         |           1 |               0 |                     |              | vit_system_i/vit_phase_e_axi_0/inst/u_core/u_profile_counters/profile_snapshot_valid_o_i_2/O                    | vit_system_i/vit_phase_e_axi_0/inst/u_core/u_profile_counters/global_published_bufg_place                       |
| src13     | g13       | FDRE/Q          | None       | SLICE_X27Y153 | X1Y2         |           1 |               0 |                     |              | vit_system_i/vit_phase_e_axi_0/inst/u_core/u_profile_counters/profile_running_o_reg/Q                           | vit_system_i/vit_phase_e_axi_0/inst/u_core/u_profile_counters/profile_running_o_bufg_place                      |
| src14     | g14       | LUT2/O          | None       | SLICE_X7Y30   | X0Y0         |           1 |               1 |                     |              | vit_system_i/vit_phase_e_axi_0/inst/u_core/u_profile_counters/profile_snapshot_valid_o_i_1/O                    | vit_system_i/vit_phase_e_axi_0/inst/u_core/u_profile_counters/read_first_seen_bufg_place                        |
+-----------+-----------+-----------------+------------+---------------+--------------+-------------+-----------------+---------------------+--------------+-----------------------------------------------------------------------------------------------------------------+-----------------------------------------------------------------------------------------------------------------+
* Clock Loads column represents cell count of net connects that connect to a clock pin. Internal cell leaf pins are not considered
** Non-Clock Loads column represents cell count of non-clock pin loads


4. Clock Regions : Clock Primitives
-----------------------------------

+-------------------+---------------+---------------+---------------+---------------+---------------+---------------+---------------+---------------+
|                   |  Global Clock |     BUFGCE    |   BUFGCE_DIV  |    BUFGCTRL   |    BUFG_GT    |    BUFG_PS    |      MMCM     |      PLL      |
+-------------------+-------+-------+-------+-------+-------+-------+-------+-------+-------+-------+-------+-------+-------+-------+-------+-------+
| Clock Region Name | Used  | Avail | Used  | Avail | Used  | Avail | Used  | Avail | Used  | Avail | Used  | Avail | Used  | Avail | Used  | Avail |
+-------------------+-------+-------+-------+-------+-------+-------+-------+-------+-------+-------+-------+-------+-------+-------+-------+-------+
| X0Y0              |     8 |    24 |     0 |     4 |     0 |     0 |     0 |     0 |     0 |     0 |     0 |    24 |     0 |     0 |     0 |     0 |
| X1Y0              |    12 |    24 |     1 |    24 |     0 |     4 |     0 |     8 |     0 |     0 |     0 |     0 |     0 |     1 |     0 |     2 |
| X2Y0              |    10 |    24 |     0 |     0 |     0 |     0 |     0 |     0 |     0 |    24 |     0 |     0 |     0 |     0 |     0 |     0 |
| X0Y1              |    12 |    24 |     0 |     4 |     0 |     0 |     0 |     0 |     0 |     0 |     0 |    24 |     0 |     0 |     0 |     0 |
| X1Y1              |    15 |    24 |    11 |    24 |     0 |     4 |     0 |     8 |     0 |     0 |     0 |     0 |     0 |     1 |     0 |     2 |
| X2Y1              |    14 |    24 |     0 |     0 |     0 |     0 |     0 |     0 |     0 |    24 |     0 |     0 |     0 |     0 |     0 |     0 |
| X0Y2              |     8 |    24 |     0 |     4 |     0 |     0 |     0 |     0 |     0 |     0 |     0 |    24 |     0 |     0 |     0 |     0 |
| X1Y2              |    12 |    24 |     1 |    24 |     0 |     4 |     0 |     8 |     0 |     0 |     0 |     0 |     0 |     1 |     0 |     2 |
| X2Y2              |    10 |    24 |     0 |     0 |     0 |     0 |     0 |     0 |     0 |    24 |     0 |     0 |     0 |     0 |     0 |     0 |
| X0Y3              |     5 |    24 |     0 |     4 |     0 |     0 |     0 |     0 |     0 |     0 |     1 |    24 |     0 |     0 |     0 |     0 |
| X1Y3              |     6 |    24 |     1 |    24 |     0 |     4 |     0 |     8 |     0 |     0 |     0 |     0 |     0 |     1 |     0 |     2 |
| X2Y3              |     5 |    24 |     0 |     0 |     0 |     0 |     0 |     0 |     0 |    24 |     0 |     0 |     0 |     0 |     0 |     0 |
+-------------------+-------+-------+-------+-------+-------+-------+-------+-------+-------+-------+-------+-------+-------+-------+-------+-------+
* Global Clock column represents track count; while other columns represents cell counts


5. Clock Regions : Load Primitives
----------------------------------

+-------------------+------------------+------------------+------------------+------------------+------------------+------------------+------------------+------------------+
|                   |   Global Clock   |        FF        |      LUTRAM      |  Block RAM (18K) |       URAM       |        DSP       |        GT        |      HARD IP     |
+-------------------+--------+---------+--------+---------+--------+---------+--------+---------+--------+---------+--------+---------+--------+---------+--------+---------+
| Clock Region Name | Used   | Avail   | Used   | Avail   | Used   | Avail   | Used   | Avail   | Used   | Avail   | Used   | Avail   | Used   | Avail   | Used   | Avail   |
+-------------------+--------+---------+--------+---------+--------+---------+--------+---------+--------+---------+--------+---------+--------+---------+--------+---------+
| X0Y0              |      8 |      24 |   5522 |   22080 |    351 |    6240 |      0 |       0 |      0 |       0 |      0 |     144 |      0 |       0 |      0 |       0 |
| X1Y0              |     12 |      24 |   4595 |   17280 |     37 |    5280 |      4 |      24 |      0 |       0 |      0 |     144 |      0 |       0 |      0 |       0 |
| X2Y0              |     10 |      24 |   6901 |   19200 |      0 |    2880 |      0 |      48 |      0 |      16 |      0 |      24 |      0 |       4 |      0 |       1 |
| X0Y1              |     12 |      24 |   5119 |   22080 |     11 |    6240 |      0 |       0 |      0 |       0 |      0 |     144 |      0 |       0 |      0 |       0 |
| X1Y1              |     15 |      24 |   6568 |   17280 |      2 |    5280 |     16 |      24 |      0 |       0 |      0 |     144 |      0 |       0 |      0 |       0 |
| X2Y1              |     14 |      24 |   9772 |   19200 |      1 |    2880 |     12 |      48 |      0 |      16 |      0 |      24 |      0 |       4 |      0 |       1 |
| X0Y2              |      8 |      24 |   4205 |   22080 |      0 |    6240 |      0 |       0 |      0 |       0 |      0 |     144 |      0 |       0 |      0 |       0 |
| X1Y2              |     12 |      24 |   3351 |   17280 |      0 |    5280 |     22 |      24 |      0 |       0 |      0 |     144 |      0 |       0 |      0 |       0 |
| X2Y2              |     10 |      24 |   3682 |   19200 |     57 |    2880 |     22 |      48 |      0 |      16 |      0 |      24 |      0 |       4 |      0 |       0 |
| X0Y3              |      5 |      24 |   4841 |   22080 |      1 |    6240 |      0 |       0 |      0 |       0 |      0 |     144 |      0 |       0 |      0 |       0 |
| X1Y3              |      6 |      24 |   4059 |   17280 |      0 |    5280 |      4 |      24 |      0 |       0 |      0 |     144 |      0 |       0 |      0 |       0 |
| X2Y3              |      5 |      24 |   5382 |   19200 |      0 |    2880 |      2 |      48 |      0 |      16 |      0 |      24 |      0 |       4 |      0 |       0 |
+-------------------+--------+---------+--------+---------+--------+---------+--------+---------+--------+---------+--------+---------+--------+---------+--------+---------+
* Global Clock column represents track count; while other columns represents cell counts


6. Clock Regions : Global Clock Summary
---------------------------------------

All Modules
+----+----+----+----+
|    | X0 | X1 | X2 |
+----+----+----+----+
| Y3 |  5 |  7 |  5 |
| Y2 |  8 | 12 | 10 |
| Y1 | 12 | 15 | 14 |
| Y0 |  8 | 12 | 10 |
+----+----+----+----+


7. Clock Regions : Routing Resource Utilization
-----------------------------------------------

All Modules
+-------------------+----------------------+----------------------+----------------------+----------------------+
|                   |        HROUTES       |        HDISTRS       |        VROUTES       |        VDISTRS       |
+-------------------+------+-------+-------+------+-------+-------+------+-------+-------+------+-------+-------+
| Clock Region Name | Used | Avail | Util% | Used | Avail | Util% | Used | Avail | Util% | Used | Avail | Util% |
+-------------------+------+-------+-------+------+-------+-------+------+-------+-------+------+-------+-------+
| X0Y0              |    0 |    24 |  0.00 |    8 |    24 | 33.33 |    0 |    24 |  0.00 |    0 |    24 |  0.00 |
| X1Y0              |    0 |    24 |  0.00 |   12 |    24 | 50.00 |    0 |    24 |  0.00 |   12 |    24 | 50.00 |
| X2Y0              |    0 |    24 |  0.00 |   10 |    24 | 41.67 |    0 |    24 |  0.00 |    0 |    24 |  0.00 |
| X0Y1              |    0 |    24 |  0.00 |   12 |    24 | 50.00 |    0 |    24 |  0.00 |    0 |    24 |  0.00 |
| X1Y1              |    0 |    24 |  0.00 |   15 |    24 | 62.50 |    1 |    24 |  4.17 |   13 |    24 | 54.17 |
| X2Y1              |    0 |    24 |  0.00 |   14 |    24 | 58.33 |    0 |    24 |  0.00 |    0 |    24 |  0.00 |
| X0Y2              |    0 |    24 |  0.00 |    8 |    24 | 33.33 |    0 |    24 |  0.00 |    0 |    24 |  0.00 |
| X1Y2              |    0 |    24 |  0.00 |   12 |    24 | 50.00 |    1 |    24 |  4.17 |    8 |    24 | 33.33 |
| X2Y2              |    0 |    24 |  0.00 |   10 |    24 | 41.67 |    0 |    24 |  0.00 |    0 |    24 |  0.00 |
| X0Y3              |    2 |    24 |  8.33 |    5 |    24 | 20.83 |    0 |    24 |  0.00 |    0 |    24 |  0.00 |
| X1Y3              |    3 |    24 | 12.50 |    6 |    24 | 25.00 |    1 |    24 |  4.17 |    1 |    24 |  4.17 |
| X2Y3              |    0 |    24 |  0.00 |    5 |    24 | 20.83 |    0 |    24 |  0.00 |    0 |    24 |  0.00 |
+-------------------+------+-------+-------+------+-------+-------+------+-------+-------+------+-------+-------+


8. Device Cell Placement Summary for Global Clock g0
----------------------------------------------------

+-----------+-----------------+-------------------+----------+-------------+----------------+----------+-------------+----------+----------------+----------+---------------------------------------------+
| Global Id | Driver Type/Pin | Driver Region (D) | Clock    | Period (ns) | Waveform (ns)  | Root (R) | Slice Loads | IO Loads | Clocking Loads | GT Loads | Net                                         |
+-----------+-----------------+-------------------+----------+-------------+----------------+----------+-------------+----------+----------------+----------+---------------------------------------------+
| g0        | BUFG_PS/O       | X0Y3              | clk_pl_0 |      20.000 | {0.000 10.000} | X1Y1     |       64499 |        0 |              0 |        0 | vit_system_i/zynq_ultra_ps_e_0/inst/pl_clk0 |
+-----------+-----------------+-------------------+----------+-------------+----------------+----------+-------------+----------+----------------+----------+---------------------------------------------+
* Slice Loads column represents load cell count of all cell types other than IO, GT and clock resources
** IO Loads column represents load cell count of IO types
*** Clocking Loads column represents load cell count that are clock resources (global clock buffer, MMCM, PLL, etc)
**** GT Loads column represents load cell count of GT types


+----+-----------+----------+-------+-----------------------+
|    | X0        | X1       | X2    | HORIZONTAL PROG DELAY |
+----+-----------+----------+-------+-----------------------+
| Y3 |  (D) 4842 |     4061 |  5383 |                     0 |
| Y2 |      4205 |     3362 |  3750 |                     1 |
| Y1 |      5131 | (R) 6578 |  9779 |                     1 |
| Y0 |      5873 |     4634 |  6901 |                     0 |
+----+-----------+----------+-------+-----------------------+


9. Device Cell Placement Summary for Global Clock g1
----------------------------------------------------

+-----------+-----------------+-------------------+-------+-------------+---------------+----------+-------------+----------+----------------+----------+--------------------------------------------------------+
| Global Id | Driver Type/Pin | Driver Region (D) | Clock | Period (ns) | Waveform (ns) | Root (R) | Slice Loads | IO Loads | Clocking Loads | GT Loads | Net                                                    |
+-----------+-----------------+-------------------+-------+-------------+---------------+----------+-------------+----------+----------------+----------+--------------------------------------------------------+
| g1        | BUFGCE/O        | X1Y1              |       |             |               | X1Y1     |        1562 |        0 |              0 |        0 | vit_system_i/proc_sys_reset_0/U0/peripheral_aresetn[0] |
+-----------+-----------------+-------------------+-------+-------------+---------------+----------+-------------+----------+----------------+----------+--------------------------------------------------------+
* Slice Loads column represents load cell count of all cell types other than IO, GT and clock resources
** IO Loads column represents load cell count of IO types
*** Clocking Loads column represents load cell count that are clock resources (global clock buffer, MMCM, PLL, etc)
**** GT Loads column represents load cell count of GT types


+----+------+-------------+-----+-----------------------+
|    | X0   | X1          | X2  | HORIZONTAL PROG DELAY |
+----+------+-------------+-----+-----------------------+
| Y3 |    0 |           2 |   0 |                     0 |
| Y2 |  209 |         167 |  27 |                     0 |
| Y1 |  701 | (R) (D) 355 |  11 |                     0 |
| Y0 |   69 |          21 |   0 |                     0 |
+----+------+-------------+-----+-----------------------+


10. Device Cell Placement Summary for Global Clock g2
-----------------------------------------------------

+-----------+-----------------+-------------------+-------+-------------+---------------+----------+-------------+----------+----------------+----------+------------------------------------------------------------+
| Global Id | Driver Type/Pin | Driver Region (D) | Clock | Period (ns) | Waveform (ns) | Root (R) | Slice Loads | IO Loads | Clocking Loads | GT Loads | Net                                                        |
+-----------+-----------------+-------------------+-------+-------------+---------------+----------+-------------+----------+----------------+----------+------------------------------------------------------------+
| g2        | BUFGCE/O        | X1Y1              |       |             |               | X1Y1     |        2035 |        0 |              0 |        0 | vit_system_i/vit_phase_e_axi_0/inst/u_core/adapter_aresetn |
+-----------+-----------------+-------------------+-------+-------------+---------------+----------+-------------+----------+----------------+----------+------------------------------------------------------------+
* Slice Loads column represents load cell count of all cell types other than IO, GT and clock resources
** IO Loads column represents load cell count of IO types
*** Clocking Loads column represents load cell count that are clock resources (global clock buffer, MMCM, PLL, etc)
**** GT Loads column represents load cell count of GT types


+----+-------+------------+----+-----------------------+
|    | X0    | X1         | X2 | HORIZONTAL PROG DELAY |
+----+-------+------------+----+-----------------------+
| Y3 |     0 |          0 |  0 |                     - |
| Y2 |     0 |          0 |  0 |                     - |
| Y1 |   677 | (R) (D) 51 |  0 |                     0 |
| Y0 |  1113 |        194 |  0 |                     0 |
+----+-------+------------+----+-----------------------+


11. Device Cell Placement Summary for Global Clock g3
-----------------------------------------------------

+-----------+-----------------+-------------------+-------+-------------+---------------+----------+-------------+----------+----------------+----------+--------------------------------------------------------+
| Global Id | Driver Type/Pin | Driver Region (D) | Clock | Period (ns) | Waveform (ns) | Root (R) | Slice Loads | IO Loads | Clocking Loads | GT Loads | Net                                                    |
+-----------+-----------------+-------------------+-------+-------------+---------------+----------+-------------+----------+----------------+----------+--------------------------------------------------------+
| g3        | BUFGCE/O        | X1Y1              |       |             |               | X1Y1     |        9024 |        0 |              0 |        0 | vit_system_i/vit_phase_e_axi_0/inst/u_core/compute_rst |
+-----------+-----------------+-------------------+-------+-------------+---------------+----------+-------------+----------+----------------+----------+--------------------------------------------------------+
* Slice Loads column represents load cell count of all cell types other than IO, GT and clock resources
** IO Loads column represents load cell count of IO types
*** Clocking Loads column represents load cell count that are clock resources (global clock buffer, MMCM, PLL, etc)
**** GT Loads column represents load cell count of GT types


+----+-------+-------------+-------+-----------------------+
|    | X0    | X1          | X2    | HORIZONTAL PROG DELAY |
+----+-------+-------------+-------+-----------------------+
| Y3 |   343 |         999 |  1212 |                     0 |
| Y2 |   607 |         576 |  1093 |                     0 |
| Y1 |   293 | (R) (D) 438 |   726 |                     0 |
| Y0 |  1321 |         671 |   745 |                     0 |
+----+-------+-------------+-------+-----------------------+


12. Device Cell Placement Summary for Global Clock g4
-----------------------------------------------------

+-----------+-----------------+-------------------+-------+-------------+---------------+----------+-------------+----------+----------------+----------+------------------------------------------------------------------------+
| Global Id | Driver Type/Pin | Driver Region (D) | Clock | Period (ns) | Waveform (ns) | Root (R) | Slice Loads | IO Loads | Clocking Loads | GT Loads | Net                                                                    |
+-----------+-----------------+-------------------+-------+-------------+---------------+----------+-------------+----------+----------------+----------+------------------------------------------------------------------------+
| g4        | BUFGCE/O        | X1Y1              |       |             |               | X1Y1     |        1097 |        0 |              0 |        0 | vit_system_i/vit_phase_e_axi_0/inst/u_core/u_m5_axi_counters/published |
+-----------+-----------------+-------------------+-------+-------------+---------------+----------+-------------+----------+----------------+----------+------------------------------------------------------------------------+
* Slice Loads column represents load cell count of all cell types other than IO, GT and clock resources
** IO Loads column represents load cell count of IO types
*** Clocking Loads column represents load cell count that are clock resources (global clock buffer, MMCM, PLL, etc)
**** GT Loads column represents load cell count of GT types


+----+------+-------------+------+-----------------------+
|    | X0   | X1          | X2   | HORIZONTAL PROG DELAY |
+----+------+-------------+------+-----------------------+
| Y3 |    0 |           0 |    0 |                     - |
| Y2 |    1 |           0 |    0 |                     0 |
| Y1 |  197 | (R) (D) 771 |  128 |                     0 |
| Y0 |    0 |           0 |    0 |                     - |
+----+------+-------------+------+-----------------------+


13. Device Cell Placement Summary for Global Clock g5
-----------------------------------------------------

+-----------+-----------------+-------------------+-------+-------------+---------------+----------+-------------+----------+----------------+----------+----------------------------------------------------------------------------+
| Global Id | Driver Type/Pin | Driver Region (D) | Clock | Period (ns) | Waveform (ns) | Root (R) | Slice Loads | IO Loads | Clocking Loads | GT Loads | Net                                                                        |
+-----------+-----------------+-------------------+-------+-------------+---------------+----------+-------------+----------+----------------+----------+----------------------------------------------------------------------------+
| g5        | BUFGCE/O        | X1Y2              |       |             |               | X1Y2     |        2834 |        0 |              0 |        0 | vit_system_i/vit_phase_e_axi_0/inst/u_core/u_m7_overlap_counters/published |
+-----------+-----------------+-------------------+-------+-------------+---------------+----------+-------------+----------+----------------+----------+----------------------------------------------------------------------------+
* Slice Loads column represents load cell count of all cell types other than IO, GT and clock resources
** IO Loads column represents load cell count of IO types
*** Clocking Loads column represents load cell count that are clock resources (global clock buffer, MMCM, PLL, etc)
**** GT Loads column represents load cell count of GT types


+----+----+-----------+-------+-----------------------+
|    | X0 | X1        | X2    | HORIZONTAL PROG DELAY |
+----+----+-----------+-------+-----------------------+
| Y3 |  0 |         0 |     0 |                     - |
| Y2 |  0 | (R) (D) 1 |     4 |                     0 |
| Y1 |  1 |      1694 |  1132 |                     0 |
| Y0 |  0 |         0 |     2 |                     0 |
+----+----+-----------+-------+-----------------------+


14. Device Cell Placement Summary for Global Clock g6
-----------------------------------------------------

+-----------+-----------------+-------------------+-------+-------------+---------------+----------+-------------+----------+----------------+----------+-------------------------------------------------------------------------------------------+
| Global Id | Driver Type/Pin | Driver Region (D) | Clock | Period (ns) | Waveform (ns) | Root (R) | Slice Loads | IO Loads | Clocking Loads | GT Loads | Net                                                                                       |
+-----------+-----------------+-------------------+-------+-------------+---------------+----------+-------------+----------+----------------+----------+-------------------------------------------------------------------------------------------+
| g6        | BUFGCE/O        | X1Y1              |       |             |               | X1Y1     |        1381 |        0 |              0 |        0 | vit_system_i/vit_phase_e_axi_0/inst/u_core/u_m7_overlap_counters/published[22][1]_i_2_n_0 |
+-----------+-----------------+-------------------+-------+-------------+---------------+----------+-------------+----------+----------------+----------+-------------------------------------------------------------------------------------------+
* Slice Loads column represents load cell count of all cell types other than IO, GT and clock resources
** IO Loads column represents load cell count of IO types
*** Clocking Loads column represents load cell count that are clock resources (global clock buffer, MMCM, PLL, etc)
**** GT Loads column represents load cell count of GT types


+----+----+-------------+------+-----------------------+
|    | X0 | X1          | X2   | HORIZONTAL PROG DELAY |
+----+----+-------------+------+-----------------------+
| Y3 |  0 |           0 |    0 |                     - |
| Y2 |  0 |           0 |    0 |                     - |
| Y1 |  0 | (R) (D) 837 |  544 |                     0 |
| Y0 |  0 |           0 |    0 |                     - |
+----+----+-------------+------+-----------------------+


15. Device Cell Placement Summary for Global Clock g7
-----------------------------------------------------

+-----------+-----------------+-------------------+-------+-------------+---------------+----------+-------------+----------+----------------+----------+------------------------------------------------------------------------------+
| Global Id | Driver Type/Pin | Driver Region (D) | Clock | Period (ns) | Waveform (ns) | Root (R) | Slice Loads | IO Loads | Clocking Loads | GT Loads | Net                                                                          |
+-----------+-----------------+-------------------+-------+-------------+---------------+----------+-------------+----------+----------------+----------+------------------------------------------------------------------------------+
| g7        | BUFGCE/O        | X1Y1              |       |             |               | X1Y1     |        1381 |        0 |              0 |        0 | vit_system_i/vit_phase_e_axi_0/inst/u_core/u_m7_overlap_counters/status_o[0] |
+-----------+-----------------+-------------------+-------+-------------+---------------+----------+-------------+----------+----------------+----------+------------------------------------------------------------------------------+
* Slice Loads column represents load cell count of all cell types other than IO, GT and clock resources
** IO Loads column represents load cell count of IO types
*** Clocking Loads column represents load cell count that are clock resources (global clock buffer, MMCM, PLL, etc)
**** GT Loads column represents load cell count of GT types


+----+----+-------------+------+-----------------------+
|    | X0 | X1          | X2   | HORIZONTAL PROG DELAY |
+----+----+-------------+------+-----------------------+
| Y3 |  0 |           0 |    0 |                     - |
| Y2 |  0 |           0 |    0 |                     - |
| Y1 |  0 | (R) (D) 842 |  539 |                     0 |
| Y0 |  0 |           0 |    0 |                     - |
+----+----+-------------+------+-----------------------+


16. Device Cell Placement Summary for Global Clock g8
-----------------------------------------------------

+-----------+-----------------+-------------------+-------+-------------+---------------+----------+-------------+----------+----------------+----------+------------------------------------------------------------------------------------------------+
| Global Id | Driver Type/Pin | Driver Region (D) | Clock | Period (ns) | Waveform (ns) | Root (R) | Slice Loads | IO Loads | Clocking Loads | GT Loads | Net                                                                                            |
+-----------+-----------------+-------------------+-------+-------------+---------------+----------+-------------+----------+----------------+----------+------------------------------------------------------------------------------------------------+
| g8        | BUFGCE/O        | X1Y1              |       |             |               | X1Y1     |       28023 |        0 |              0 |        0 | vit_system_i/vit_phase_e_axi_0/inst/u_core/u_npu/u_engine/u_command_controller/engine_rst_BUFG |
+-----------+-----------------+-------------------+-------+-------------+---------------+----------+-------------+----------+----------------+----------+------------------------------------------------------------------------------------------------+
* Slice Loads column represents load cell count of all cell types other than IO, GT and clock resources
** IO Loads column represents load cell count of IO types
*** Clocking Loads column represents load cell count that are clock resources (global clock buffer, MMCM, PLL, etc)
**** GT Loads column represents load cell count of GT types


+----+-------+-------------+-------+-----------------------+
|    | X0    | X1          | X2    | HORIZONTAL PROG DELAY |
+----+-------+-------------+-------+-----------------------+
| Y3 |  3608 |        3032 |  4170 |                     0 |
| Y2 |  2865 |        1690 |  2112 |                     0 |
| Y1 |   654 | (R) (D) 914 |  1088 |                     0 |
| Y0 |   790 |        3076 |  4024 |                     0 |
+----+-------+-------------+-------+-----------------------+


17. Device Cell Placement Summary for Global Clock g9
-----------------------------------------------------

+-----------+-----------------+-------------------+-------+-------------+---------------+----------+-------------+----------+----------------+----------+-----------------------------------------------------------------------------------------------+
| Global Id | Driver Type/Pin | Driver Region (D) | Clock | Period (ns) | Waveform (ns) | Root (R) | Slice Loads | IO Loads | Clocking Loads | GT Loads | Net                                                                                           |
+-----------+-----------------+-------------------+-------+-------------+---------------+----------+-------------+----------+----------------+----------+-----------------------------------------------------------------------------------------------+
| g9        | BUFGCE/O        | X1Y1              |       |             |               | X1Y1     |        5184 |        0 |              0 |        0 | vit_system_i/vit_phase_e_axi_0/inst/u_core/u_npu/u_engine/u_gemm/gen_fp16.u_fp16/activation_q |
+-----------+-----------------+-------------------+-------+-------------+---------------+----------+-------------+----------+----------------+----------+-----------------------------------------------------------------------------------------------+
* Slice Loads column represents load cell count of all cell types other than IO, GT and clock resources
** IO Loads column represents load cell count of IO types
*** Clocking Loads column represents load cell count that are clock resources (global clock buffer, MMCM, PLL, etc)
**** GT Loads column represents load cell count of GT types


+----+------+------------+-------+-----------------------+
|    | X0   | X1         | X2    | HORIZONTAL PROG DELAY |
+----+------+------------+-------+-----------------------+
| Y3 |  482 |        994 |  1401 |                     0 |
| Y2 |  610 |        166 |   508 |                     0 |
| Y1 |   24 | (R) (D) 36 |   230 |                     0 |
| Y0 |    0 |        143 |   590 |                     0 |
+----+------+------------+-------+-----------------------+


18. Device Cell Placement Summary for Global Clock g10
------------------------------------------------------

+-----------+-----------------+-------------------+-------+-------------+---------------+----------+-------------+----------+----------------+----------+------------------------------------------------------------------------------------------------------+
| Global Id | Driver Type/Pin | Driver Region (D) | Clock | Period (ns) | Waveform (ns) | Root (R) | Slice Loads | IO Loads | Clocking Loads | GT Loads | Net                                                                                                  |
+-----------+-----------------+-------------------+-------+-------------+---------------+----------+-------------+----------+----------------+----------+------------------------------------------------------------------------------------------------------+
| g10       | BUFGCE/O        | X1Y1              |       |             |               | X1Y1     |        5184 |        0 |              0 |        0 | vit_system_i/vit_phase_e_axi_0/inst/u_core/u_npu/u_engine/u_gemm/gen_fp16.u_fp16/panel1_activation_q |
+-----------+-----------------+-------------------+-------+-------------+---------------+----------+-------------+----------+----------------+----------+------------------------------------------------------------------------------------------------------+
* Slice Loads column represents load cell count of all cell types other than IO, GT and clock resources
** IO Loads column represents load cell count of IO types
*** Clocking Loads column represents load cell count that are clock resources (global clock buffer, MMCM, PLL, etc)
**** GT Loads column represents load cell count of GT types


+----+------+------------+-------+-----------------------+
|    | X0   | X1         | X2    | HORIZONTAL PROG DELAY |
+----+------+------------+-------+-----------------------+
| Y3 |  485 |        993 |  1401 |                     0 |
| Y2 |  608 |        166 |   508 |                     0 |
| Y1 |   24 | (R) (D) 35 |   231 |                     0 |
| Y0 |    0 |        143 |   590 |                     0 |
+----+------+------------+-------+-----------------------+


19. Device Cell Placement Summary for Global Clock g11
------------------------------------------------------

+-----------+-----------------+-------------------+-------+-------------+---------------+----------+-------------+----------+----------------+----------+------------------------------------------------------------------------------------+
| Global Id | Driver Type/Pin | Driver Region (D) | Clock | Period (ns) | Waveform (ns) | Root (R) | Slice Loads | IO Loads | Clocking Loads | GT Loads | Net                                                                                |
+-----------+-----------------+-------------------+-------+-------------+---------------+----------+-------------+----------+----------------+----------+------------------------------------------------------------------------------------+
| g11       | BUFGCE/O        | X1Y0              |       |             |               | X1Y0     |        1040 |        0 |              0 |        0 | vit_system_i/vit_phase_e_axi_0/inst/u_core/u_npu/u_engine/u_vector/lane_mask_shift |
+-----------+-----------------+-------------------+-------+-------------+---------------+----------+-------------+----------+----------------+----------+------------------------------------------------------------------------------------+
* Slice Loads column represents load cell count of all cell types other than IO, GT and clock resources
** IO Loads column represents load cell count of IO types
*** Clocking Loads column represents load cell count that are clock resources (global clock buffer, MMCM, PLL, etc)
**** GT Loads column represents load cell count of GT types


+----+-----+-------------+------+-----------------------+
|    | X0  | X1          | X2   | HORIZONTAL PROG DELAY |
+----+-----+-------------+------+-----------------------+
| Y3 |   0 |           0 |    0 |                     - |
| Y2 |   0 |           4 |  120 |                     0 |
| Y1 |   0 |         118 |  158 |                     0 |
| Y0 |  82 | (R) (D) 444 |  114 |                     0 |
+----+-----+-------------+------+-----------------------+


20. Device Cell Placement Summary for Global Clock g12
------------------------------------------------------

+-----------+-----------------+-------------------+-------+-------------+---------------+----------+-------------+----------+----------------+----------+--------------------------------------------------------------------------------+
| Global Id | Driver Type/Pin | Driver Region (D) | Clock | Period (ns) | Waveform (ns) | Root (R) | Slice Loads | IO Loads | Clocking Loads | GT Loads | Net                                                                            |
+-----------+-----------------+-------------------+-------+-------------+---------------+----------+-------------+----------+----------------+----------+--------------------------------------------------------------------------------+
| g12       | BUFGCE/O        | X1Y1              |       |             |               | X1Y1     |        6146 |        0 |              0 |        0 | vit_system_i/vit_phase_e_axi_0/inst/u_core/u_profile_counters/global_published |
+-----------+-----------------+-------------------+-------+-------------+---------------+----------+-------------+----------+----------------+----------+--------------------------------------------------------------------------------+
* Slice Loads column represents load cell count of all cell types other than IO, GT and clock resources
** IO Loads column represents load cell count of IO types
*** Clocking Loads column represents load cell count that are clock resources (global clock buffer, MMCM, PLL, etc)
**** GT Loads column represents load cell count of GT types


+----+------+-------------+-------+-----------------------+
|    | X0   | X1          | X2    | HORIZONTAL PROG DELAY |
+----+------+-------------+-------+-----------------------+
| Y3 |    0 |           0 |     0 |                     - |
| Y2 |    0 |          22 |    86 |                     0 |
| Y1 |  640 | (R) (D) 932 |  3337 |                     0 |
| Y0 |    0 |          96 |  1033 |                     0 |
+----+------+-------------+-------+-----------------------+


21. Device Cell Placement Summary for Global Clock g13
------------------------------------------------------

+-----------+-----------------+-------------------+-------+-------------+---------------+----------+-------------+----------+----------------+----------+---------------------------------------------------------------------------------+
| Global Id | Driver Type/Pin | Driver Region (D) | Clock | Period (ns) | Waveform (ns) | Root (R) | Slice Loads | IO Loads | Clocking Loads | GT Loads | Net                                                                             |
+-----------+-----------------+-------------------+-------+-------------+---------------+----------+-------------+----------+----------------+----------+---------------------------------------------------------------------------------+
| g13       | BUFGCE/O        | X1Y3              |       |             |               | X1Y3     |        6465 |        0 |              0 |        0 | vit_system_i/vit_phase_e_axi_0/inst/u_core/u_profile_counters/profile_running_o |
+-----------+-----------------+-------------------+-------+-------------+---------------+----------+-------------+----------+----------------+----------+---------------------------------------------------------------------------------+
* Slice Loads column represents load cell count of all cell types other than IO, GT and clock resources
** IO Loads column represents load cell count of IO types
*** Clocking Loads column represents load cell count that are clock resources (global clock buffer, MMCM, PLL, etc)
**** GT Loads column represents load cell count of GT types


+----+------+-----------+-------+-----------------------+
|    | X0   | X1        | X2    | HORIZONTAL PROG DELAY |
+----+------+-----------+-------+-----------------------+
| Y3 |    0 | (R) (D) 0 |     0 |                     - |
| Y2 |    1 |       155 |    67 |                     0 |
| Y1 |  647 |       937 |  3337 |                     0 |
| Y0 |   64 |       160 |  1097 |                     0 |
+----+------+-----------+-------+-----------------------+


22. Device Cell Placement Summary for Global Clock g14
------------------------------------------------------

+-----------+-----------------+-------------------+-------+-------------+---------------+----------+-------------+----------+----------------+----------+-------------------------------------------------------------------------------+
| Global Id | Driver Type/Pin | Driver Region (D) | Clock | Period (ns) | Waveform (ns) | Root (R) | Slice Loads | IO Loads | Clocking Loads | GT Loads | Net                                                                           |
+-----------+-----------------+-------------------+-------+-------------+---------------+----------+-------------+----------+----------------+----------+-------------------------------------------------------------------------------+
| g14       | BUFGCE/O        | X1Y1              |       |             |               | X1Y1     |       12302 |        0 |              0 |        0 | vit_system_i/vit_phase_e_axi_0/inst/u_core/u_profile_counters/read_first_seen |
+-----------+-----------------+-------------------+-------+-------------+---------------+----------+-------------+----------+----------------+----------+-------------------------------------------------------------------------------+
* Slice Loads column represents load cell count of all cell types other than IO, GT and clock resources
** IO Loads column represents load cell count of IO types
*** Clocking Loads column represents load cell count that are clock resources (global clock buffer, MMCM, PLL, etc)
**** GT Loads column represents load cell count of GT types


+----+-------+--------------+-------+-----------------------+
|    | X0    | X1           | X2    | HORIZONTAL PROG DELAY |
+----+-------+--------------+-------+-----------------------+
| Y3 |     0 |            0 |     0 |                     - |
| Y2 |     0 |          128 |     0 |                     0 |
| Y1 |  1102 | (R) (D) 1856 |  6640 |                     0 |
| Y0 |   192 |          256 |  2128 |                     0 |
+----+-------+--------------+-------+-----------------------+


23. Clock Region Cell Placement per Global Clock: Region X0Y0
-------------------------------------------------------------

+-----------+-------+-----------------+------------+-------------+-----------------+------+-------------+------+------+-----+----+------+-----+---------+------------------------------------------------------------------------------------------------+
| Global Id | Track | Driver Type/Pin | Constraint | Clock Loads | Non-Clock Loads | FF   | Memory LUTs | RAMB | URAM | DSP | GT | MMCM | PLL | Hard IP | Net                                                                                            |
+-----------+-------+-----------------+------------+-------------+-----------------+------+-------------+------+------+-----+----+------+-----+---------+------------------------------------------------------------------------------------------------+
| g0        | 18    | BUFG_PS/O       | None       |        5873 |               0 | 5522 |         351 |    0 |    0 |   0 |  0 |    0 |   0 |       0 | vit_system_i/zynq_ultra_ps_e_0/inst/pl_clk0                                                    |
| g1        | 7     | BUFGCE/O        | None       |           0 |              69 |   69 |           0 |    0 |    0 |   0 |  0 |    0 |   0 |       0 | vit_system_i/proc_sys_reset_0/U0/peripheral_aresetn[0]                                         |
| g2        | 6     | BUFGCE/O        | None       |           0 |            1113 | 1113 |           0 |    0 |    0 |   0 |  0 |    0 |   0 |       0 | vit_system_i/vit_phase_e_axi_0/inst/u_core/adapter_aresetn                                     |
| g3        | 8     | BUFGCE/O        | None       |           0 |            1321 | 1321 |           0 |    0 |    0 |   0 |  0 |    0 |   0 |       0 | vit_system_i/vit_phase_e_axi_0/inst/u_core/compute_rst                                         |
| g8        | 0     | BUFGCE/O        | None       |           0 |             790 |  790 |           0 |    0 |    0 |   0 |  0 |    0 |   0 |       0 | vit_system_i/vit_phase_e_axi_0/inst/u_core/u_npu/u_engine/u_command_controller/engine_rst_BUFG |
| g11       | 13    | BUFGCE/O        | None       |           0 |              82 |   82 |           0 |    0 |    0 |   0 |  0 |    0 |   0 |       0 | vit_system_i/vit_phase_e_axi_0/inst/u_core/u_npu/u_engine/u_vector/lane_mask_shift             |
| g13       | 14    | BUFGCE/O        | None       |           0 |              64 |   64 |           0 |    0 |    0 |   0 |  0 |    0 |   0 |       0 | vit_system_i/vit_phase_e_axi_0/inst/u_core/u_profile_counters/profile_running_o                |
| g14       | 2     | BUFGCE/O        | None       |           0 |             192 |  192 |           0 |    0 |    0 |   0 |  0 |    0 |   0 |       0 | vit_system_i/vit_phase_e_axi_0/inst/u_core/u_profile_counters/read_first_seen                  |
+-----------+-------+-----------------+------------+-------------+-----------------+------+-------------+------+------+-----+----+------+-----+---------+------------------------------------------------------------------------------------------------+
* Clock Loads column represents cell count of net connects that connect to a clock pin. Internal cell leaf pins are not considered
** Non-Clock Loads column represents cell count of non-clock pin loads
*** Columns FF, LUTRAM, RAMB through 'Hard IP' represents load cell counts


24. Clock Region Cell Placement per Global Clock: Region X1Y0
-------------------------------------------------------------

+-----------+-------+-----------------+------------+-------------+-----------------+------+-------------+------+------+-----+----+------+-----+---------+------------------------------------------------------------------------------------------------------+
| Global Id | Track | Driver Type/Pin | Constraint | Clock Loads | Non-Clock Loads | FF   | Memory LUTs | RAMB | URAM | DSP | GT | MMCM | PLL | Hard IP | Net                                                                                                  |
+-----------+-------+-----------------+------------+-------------+-----------------+------+-------------+------+------+-----+----+------+-----+---------+------------------------------------------------------------------------------------------------------+
| g0        | 18    | BUFG_PS/O       | None       |        4634 |               0 | 4595 |          37 |    2 |    0 |   0 |  0 |    0 |   0 |       0 | vit_system_i/zynq_ultra_ps_e_0/inst/pl_clk0                                                          |
| g1        | 7     | BUFGCE/O        | None       |           0 |              21 |   21 |           0 |    0 |    0 |   0 |  0 |    0 |   0 |       0 | vit_system_i/proc_sys_reset_0/U0/peripheral_aresetn[0]                                               |
| g2        | 6     | BUFGCE/O        | None       |           0 |             194 |  194 |           0 |    0 |    0 |   0 |  0 |    0 |   0 |       0 | vit_system_i/vit_phase_e_axi_0/inst/u_core/adapter_aresetn                                           |
| g3        | 8     | BUFGCE/O        | None       |           0 |             671 |  671 |           0 |    0 |    0 |   0 |  0 |    0 |   0 |       0 | vit_system_i/vit_phase_e_axi_0/inst/u_core/compute_rst                                               |
| g5+       | 4     | BUFGCE/O        | None       |           0 |               0 |    0 |           0 |    0 |    0 |   0 |  0 |    0 |   0 |       0 | vit_system_i/vit_phase_e_axi_0/inst/u_core/u_m7_overlap_counters/published                           |
| g8        | 0     | BUFGCE/O        | None       |           0 |            3076 | 3069 |           0 |    0 |    0 |   0 |  0 |    0 |   0 |       0 | vit_system_i/vit_phase_e_axi_0/inst/u_core/u_npu/u_engine/u_command_controller/engine_rst_BUFG       |
| g9        | 3     | BUFGCE/O        | None       |           0 |             143 |  143 |           0 |    0 |    0 |   0 |  0 |    0 |   0 |       0 | vit_system_i/vit_phase_e_axi_0/inst/u_core/u_npu/u_engine/u_gemm/gen_fp16.u_fp16/activation_q        |
| g10       | 1     | BUFGCE/O        | None       |           0 |             143 |  143 |           0 |    0 |    0 |   0 |  0 |    0 |   0 |       0 | vit_system_i/vit_phase_e_axi_0/inst/u_core/u_npu/u_engine/u_gemm/gen_fp16.u_fp16/panel1_activation_q |
| g11       | 13    | BUFGCE/O        | None       |           0 |             444 |  444 |           0 |    0 |    0 |   0 |  0 |    0 |   0 |       0 | vit_system_i/vit_phase_e_axi_0/inst/u_core/u_npu/u_engine/u_vector/lane_mask_shift                   |
| g12       | 20    | BUFGCE/O        | None       |           0 |              96 |   96 |           0 |    0 |    0 |   0 |  0 |    0 |   0 |       0 | vit_system_i/vit_phase_e_axi_0/inst/u_core/u_profile_counters/global_published                       |
| g13       | 14    | BUFGCE/O        | None       |           0 |             160 |  160 |           0 |    0 |    0 |   0 |  0 |    0 |   0 |       0 | vit_system_i/vit_phase_e_axi_0/inst/u_core/u_profile_counters/profile_running_o                      |
| g14       | 2     | BUFGCE/O        | None       |           0 |             256 |  256 |           0 |    0 |    0 |   0 |  0 |    0 |   0 |       0 | vit_system_i/vit_phase_e_axi_0/inst/u_core/u_profile_counters/read_first_seen                        |
+-----------+-------+-----------------+------------+-------------+-----------------+------+-------------+------+------+-----+----+------+-----+---------+------------------------------------------------------------------------------------------------------+
* Clock Loads column represents cell count of net connects that connect to a clock pin. Internal cell leaf pins are not considered
** Non-Clock Loads column represents cell count of non-clock pin loads
*** Columns FF, LUTRAM, RAMB through 'Hard IP' represents load cell counts
**** In Global Id column, sympbol '+' indicates that global clock was used only to route through the clock region.


25. Clock Region Cell Placement per Global Clock: Region X2Y0
-------------------------------------------------------------

+-----------+-------+-----------------+------------+-------------+-----------------+------+-------------+------+------+-----+----+------+-----+---------+------------------------------------------------------------------------------------------------------+
| Global Id | Track | Driver Type/Pin | Constraint | Clock Loads | Non-Clock Loads | FF   | Memory LUTs | RAMB | URAM | DSP | GT | MMCM | PLL | Hard IP | Net                                                                                                  |
+-----------+-------+-----------------+------------+-------------+-----------------+------+-------------+------+------+-----+----+------+-----+---------+------------------------------------------------------------------------------------------------------+
| g0        | 18    | BUFG_PS/O       | None       |        6901 |               0 | 6901 |           0 |    0 |    0 |   0 |  0 |    0 |   0 |       0 | vit_system_i/zynq_ultra_ps_e_0/inst/pl_clk0                                                          |
| g3        | 8     | BUFGCE/O        | None       |           0 |             745 |  745 |           0 |    0 |    0 |   0 |  0 |    0 |   0 |       0 | vit_system_i/vit_phase_e_axi_0/inst/u_core/compute_rst                                               |
| g5        | 4     | BUFGCE/O        | None       |           0 |               2 |    2 |           0 |    0 |    0 |   0 |  0 |    0 |   0 |       0 | vit_system_i/vit_phase_e_axi_0/inst/u_core/u_m7_overlap_counters/published                           |
| g8        | 0     | BUFGCE/O        | None       |           0 |            4024 | 4024 |           0 |    0 |    0 |   0 |  0 |    0 |   0 |       0 | vit_system_i/vit_phase_e_axi_0/inst/u_core/u_npu/u_engine/u_command_controller/engine_rst_BUFG       |
| g9        | 3     | BUFGCE/O        | None       |           0 |             590 |  590 |           0 |    0 |    0 |   0 |  0 |    0 |   0 |       0 | vit_system_i/vit_phase_e_axi_0/inst/u_core/u_npu/u_engine/u_gemm/gen_fp16.u_fp16/activation_q        |
| g10       | 1     | BUFGCE/O        | None       |           0 |             590 |  590 |           0 |    0 |    0 |   0 |  0 |    0 |   0 |       0 | vit_system_i/vit_phase_e_axi_0/inst/u_core/u_npu/u_engine/u_gemm/gen_fp16.u_fp16/panel1_activation_q |
| g11       | 13    | BUFGCE/O        | None       |           0 |             114 |  114 |           0 |    0 |    0 |   0 |  0 |    0 |   0 |       0 | vit_system_i/vit_phase_e_axi_0/inst/u_core/u_npu/u_engine/u_vector/lane_mask_shift                   |
| g12       | 20    | BUFGCE/O        | None       |           0 |            1033 | 1033 |           0 |    0 |    0 |   0 |  0 |    0 |   0 |       0 | vit_system_i/vit_phase_e_axi_0/inst/u_core/u_profile_counters/global_published                       |
| g13       | 14    | BUFGCE/O        | None       |           0 |            1097 | 1097 |           0 |    0 |    0 |   0 |  0 |    0 |   0 |       0 | vit_system_i/vit_phase_e_axi_0/inst/u_core/u_profile_counters/profile_running_o                      |
| g14       | 2     | BUFGCE/O        | None       |           0 |            2128 | 2128 |           0 |    0 |    0 |   0 |  0 |    0 |   0 |       0 | vit_system_i/vit_phase_e_axi_0/inst/u_core/u_profile_counters/read_first_seen                        |
+-----------+-------+-----------------+------------+-------------+-----------------+------+-------------+------+------+-----+----+------+-----+---------+------------------------------------------------------------------------------------------------------+
* Clock Loads column represents cell count of net connects that connect to a clock pin. Internal cell leaf pins are not considered
** Non-Clock Loads column represents cell count of non-clock pin loads
*** Columns FF, LUTRAM, RAMB through 'Hard IP' represents load cell counts


26. Clock Region Cell Placement per Global Clock: Region X0Y1
-------------------------------------------------------------

+-----------+-------+-----------------+------------+-------------+-----------------+------+-------------+------+------+-----+----+------+-----+---------+------------------------------------------------------------------------------------------------------+
| Global Id | Track | Driver Type/Pin | Constraint | Clock Loads | Non-Clock Loads | FF   | Memory LUTs | RAMB | URAM | DSP | GT | MMCM | PLL | Hard IP | Net                                                                                                  |
+-----------+-------+-----------------+------------+-------------+-----------------+------+-------------+------+------+-----+----+------+-----+---------+------------------------------------------------------------------------------------------------------+
| g0        | 18    | BUFG_PS/O       | None       |        5131 |               0 | 5119 |          11 |    0 |    0 |   0 |  0 |    0 |   0 |       0 | vit_system_i/zynq_ultra_ps_e_0/inst/pl_clk0                                                          |
| g1        | 7     | BUFGCE/O        | None       |           0 |             701 |  701 |           0 |    0 |    0 |   0 |  0 |    0 |   0 |       0 | vit_system_i/proc_sys_reset_0/U0/peripheral_aresetn[0]                                               |
| g2        | 6     | BUFGCE/O        | None       |           0 |             677 |  677 |           0 |    0 |    0 |   0 |  0 |    0 |   0 |       0 | vit_system_i/vit_phase_e_axi_0/inst/u_core/adapter_aresetn                                           |
| g3        | 8     | BUFGCE/O        | None       |           0 |             293 |  293 |           0 |    0 |    0 |   0 |  0 |    0 |   0 |       0 | vit_system_i/vit_phase_e_axi_0/inst/u_core/compute_rst                                               |
| g4        | 12    | BUFGCE/O        | None       |           0 |             197 |  197 |           0 |    0 |    0 |   0 |  0 |    0 |   0 |       0 | vit_system_i/vit_phase_e_axi_0/inst/u_core/u_m5_axi_counters/published                               |
| g5        | 4     | BUFGCE/O        | None       |           0 |               1 |    1 |           0 |    0 |    0 |   0 |  0 |    0 |   0 |       0 | vit_system_i/vit_phase_e_axi_0/inst/u_core/u_m7_overlap_counters/published                           |
| g8        | 0     | BUFGCE/O        | None       |           0 |             654 |  652 |           0 |    0 |    0 |   0 |  0 |    0 |   0 |       0 | vit_system_i/vit_phase_e_axi_0/inst/u_core/u_npu/u_engine/u_command_controller/engine_rst_BUFG       |
| g9        | 3     | BUFGCE/O        | None       |           0 |              24 |   24 |           0 |    0 |    0 |   0 |  0 |    0 |   0 |       0 | vit_system_i/vit_phase_e_axi_0/inst/u_core/u_npu/u_engine/u_gemm/gen_fp16.u_fp16/activation_q        |
| g10       | 1     | BUFGCE/O        | None       |           0 |              24 |   24 |           0 |    0 |    0 |   0 |  0 |    0 |   0 |       0 | vit_system_i/vit_phase_e_axi_0/inst/u_core/u_npu/u_engine/u_gemm/gen_fp16.u_fp16/panel1_activation_q |
| g12       | 20    | BUFGCE/O        | None       |           0 |             640 |  640 |           0 |    0 |    0 |   0 |  0 |    0 |   0 |       0 | vit_system_i/vit_phase_e_axi_0/inst/u_core/u_profile_counters/global_published                       |
| g13       | 14    | BUFGCE/O        | None       |           0 |             647 |  647 |           0 |    0 |    0 |   0 |  0 |    0 |   0 |       0 | vit_system_i/vit_phase_e_axi_0/inst/u_core/u_profile_counters/profile_running_o                      |
| g14       | 2     | BUFGCE/O        | None       |           0 |            1102 | 1102 |           0 |    0 |    0 |   0 |  0 |    0 |   0 |       0 | vit_system_i/vit_phase_e_axi_0/inst/u_core/u_profile_counters/read_first_seen                        |
+-----------+-------+-----------------+------------+-------------+-----------------+------+-------------+------+------+-----+----+------+-----+---------+------------------------------------------------------------------------------------------------------+
* Clock Loads column represents cell count of net connects that connect to a clock pin. Internal cell leaf pins are not considered
** Non-Clock Loads column represents cell count of non-clock pin loads
*** Columns FF, LUTRAM, RAMB through 'Hard IP' represents load cell counts


27. Clock Region Cell Placement per Global Clock: Region X1Y1
-------------------------------------------------------------

+-----------+-------+-----------------+------------+-------------+-----------------+------+-------------+------+------+-----+----+------+-----+---------+------------------------------------------------------------------------------------------------------+
| Global Id | Track | Driver Type/Pin | Constraint | Clock Loads | Non-Clock Loads | FF   | Memory LUTs | RAMB | URAM | DSP | GT | MMCM | PLL | Hard IP | Net                                                                                                  |
+-----------+-------+-----------------+------------+-------------+-----------------+------+-------------+------+------+-----+----+------+-----+---------+------------------------------------------------------------------------------------------------------+
| g0        | 18    | BUFG_PS/O       | None       |        6578 |               0 | 6568 |           2 |    8 |    0 |   0 |  0 |    0 |   0 |       0 | vit_system_i/zynq_ultra_ps_e_0/inst/pl_clk0                                                          |
| g1        | 7     | BUFGCE/O        | None       |           0 |             355 |  355 |           0 |    0 |    0 |   0 |  0 |    0 |   0 |       0 | vit_system_i/proc_sys_reset_0/U0/peripheral_aresetn[0]                                               |
| g2        | 6     | BUFGCE/O        | None       |           0 |              51 |   51 |           0 |    0 |    0 |   0 |  0 |    0 |   0 |       0 | vit_system_i/vit_phase_e_axi_0/inst/u_core/adapter_aresetn                                           |
| g3        | 8     | BUFGCE/O        | None       |           0 |             438 |  438 |           0 |    0 |    0 |   0 |  0 |    0 |   0 |       0 | vit_system_i/vit_phase_e_axi_0/inst/u_core/compute_rst                                               |
| g4        | 12    | BUFGCE/O        | None       |           0 |             771 |  771 |           0 |    0 |    0 |   0 |  0 |    0 |   0 |       0 | vit_system_i/vit_phase_e_axi_0/inst/u_core/u_m5_axi_counters/published                               |
| g5        | 4     | BUFGCE/O        | None       |           0 |            1694 | 1694 |           0 |    0 |    0 |   0 |  0 |    0 |   0 |       0 | vit_system_i/vit_phase_e_axi_0/inst/u_core/u_m7_overlap_counters/published                           |
| g6        | 10    | BUFGCE/O        | None       |           0 |             837 |  837 |           0 |    0 |    0 |   0 |  0 |    0 |   0 |       0 | vit_system_i/vit_phase_e_axi_0/inst/u_core/u_m7_overlap_counters/published[22][1]_i_2_n_0            |
| g7        | 9     | BUFGCE/O        | None       |           0 |             842 |  842 |           0 |    0 |    0 |   0 |  0 |    0 |   0 |       0 | vit_system_i/vit_phase_e_axi_0/inst/u_core/u_m7_overlap_counters/status_o[0]                         |
| g8        | 0     | BUFGCE/O        | None       |           0 |             914 |  905 |           0 |    0 |    0 |   0 |  0 |    0 |   0 |       0 | vit_system_i/vit_phase_e_axi_0/inst/u_core/u_npu/u_engine/u_command_controller/engine_rst_BUFG       |
| g9        | 3     | BUFGCE/O        | None       |           0 |              36 |   36 |           0 |    0 |    0 |   0 |  0 |    0 |   0 |       0 | vit_system_i/vit_phase_e_axi_0/inst/u_core/u_npu/u_engine/u_gemm/gen_fp16.u_fp16/activation_q        |
| g10       | 1     | BUFGCE/O        | None       |           0 |              35 |   35 |           0 |    0 |    0 |   0 |  0 |    0 |   0 |       0 | vit_system_i/vit_phase_e_axi_0/inst/u_core/u_npu/u_engine/u_gemm/gen_fp16.u_fp16/panel1_activation_q |
| g11       | 13    | BUFGCE/O        | None       |           0 |             118 |  118 |           0 |    0 |    0 |   0 |  0 |    0 |   0 |       0 | vit_system_i/vit_phase_e_axi_0/inst/u_core/u_npu/u_engine/u_vector/lane_mask_shift                   |
| g12       | 20    | BUFGCE/O        | None       |           0 |             932 |  932 |           0 |    0 |    0 |   0 |  0 |    0 |   0 |       0 | vit_system_i/vit_phase_e_axi_0/inst/u_core/u_profile_counters/global_published                       |
| g13       | 14    | BUFGCE/O        | None       |           0 |             937 |  937 |           0 |    0 |    0 |   0 |  0 |    0 |   0 |       0 | vit_system_i/vit_phase_e_axi_0/inst/u_core/u_profile_counters/profile_running_o                      |
| g14       | 2     | BUFGCE/O        | None       |           0 |            1856 | 1856 |           0 |    0 |    0 |   0 |  0 |    0 |   0 |       0 | vit_system_i/vit_phase_e_axi_0/inst/u_core/u_profile_counters/read_first_seen                        |
+-----------+-------+-----------------+------------+-------------+-----------------+------+-------------+------+------+-----+----+------+-----+---------+------------------------------------------------------------------------------------------------------+
* Clock Loads column represents cell count of net connects that connect to a clock pin. Internal cell leaf pins are not considered
** Non-Clock Loads column represents cell count of non-clock pin loads
*** Columns FF, LUTRAM, RAMB through 'Hard IP' represents load cell counts


28. Clock Region Cell Placement per Global Clock: Region X2Y1
-------------------------------------------------------------

+-----------+-------+-----------------+------------+-------------+-----------------+------+-------------+------+------+-----+----+------+-----+---------+------------------------------------------------------------------------------------------------------+
| Global Id | Track | Driver Type/Pin | Constraint | Clock Loads | Non-Clock Loads | FF   | Memory LUTs | RAMB | URAM | DSP | GT | MMCM | PLL | Hard IP | Net                                                                                                  |
+-----------+-------+-----------------+------------+-------------+-----------------+------+-------------+------+------+-----+----+------+-----+---------+------------------------------------------------------------------------------------------------------+
| g0        | 18    | BUFG_PS/O       | None       |        9779 |               0 | 9772 |           1 |    6 |    0 |   0 |  0 |    0 |   0 |       0 | vit_system_i/zynq_ultra_ps_e_0/inst/pl_clk0                                                          |
| g1        | 7     | BUFGCE/O        | None       |           0 |              11 |   11 |           0 |    0 |    0 |   0 |  0 |    0 |   0 |       0 | vit_system_i/proc_sys_reset_0/U0/peripheral_aresetn[0]                                               |
| g3        | 8     | BUFGCE/O        | None       |           0 |             726 |  726 |           0 |    0 |    0 |   0 |  0 |    0 |   0 |       0 | vit_system_i/vit_phase_e_axi_0/inst/u_core/compute_rst                                               |
| g4        | 12    | BUFGCE/O        | None       |           0 |             128 |  128 |           0 |    0 |    0 |   0 |  0 |    0 |   0 |       0 | vit_system_i/vit_phase_e_axi_0/inst/u_core/u_m5_axi_counters/published                               |
| g5        | 4     | BUFGCE/O        | None       |           0 |            1132 | 1132 |           0 |    0 |    0 |   0 |  0 |    0 |   0 |       0 | vit_system_i/vit_phase_e_axi_0/inst/u_core/u_m7_overlap_counters/published                           |
| g6        | 10    | BUFGCE/O        | None       |           0 |             544 |  544 |           0 |    0 |    0 |   0 |  0 |    0 |   0 |       0 | vit_system_i/vit_phase_e_axi_0/inst/u_core/u_m7_overlap_counters/published[22][1]_i_2_n_0            |
| g7        | 9     | BUFGCE/O        | None       |           0 |             539 |  539 |           0 |    0 |    0 |   0 |  0 |    0 |   0 |       0 | vit_system_i/vit_phase_e_axi_0/inst/u_core/u_m7_overlap_counters/status_o[0]                         |
| g8        | 0     | BUFGCE/O        | None       |           0 |            1088 | 1086 |           0 |    0 |    0 |   0 |  0 |    0 |   0 |       0 | vit_system_i/vit_phase_e_axi_0/inst/u_core/u_npu/u_engine/u_command_controller/engine_rst_BUFG       |
| g9        | 3     | BUFGCE/O        | None       |           0 |             230 |  230 |           0 |    0 |    0 |   0 |  0 |    0 |   0 |       0 | vit_system_i/vit_phase_e_axi_0/inst/u_core/u_npu/u_engine/u_gemm/gen_fp16.u_fp16/activation_q        |
| g10       | 1     | BUFGCE/O        | None       |           0 |             231 |  231 |           0 |    0 |    0 |   0 |  0 |    0 |   0 |       0 | vit_system_i/vit_phase_e_axi_0/inst/u_core/u_npu/u_engine/u_gemm/gen_fp16.u_fp16/panel1_activation_q |
| g11       | 13    | BUFGCE/O        | None       |           0 |             158 |  158 |           0 |    0 |    0 |   0 |  0 |    0 |   0 |       0 | vit_system_i/vit_phase_e_axi_0/inst/u_core/u_npu/u_engine/u_vector/lane_mask_shift                   |
| g12       | 20    | BUFGCE/O        | None       |           0 |            3337 | 3337 |           0 |    0 |    0 |   0 |  0 |    0 |   0 |       0 | vit_system_i/vit_phase_e_axi_0/inst/u_core/u_profile_counters/global_published                       |
| g13       | 14    | BUFGCE/O        | None       |           0 |            3337 | 3337 |           0 |    0 |    0 |   0 |  0 |    0 |   0 |       0 | vit_system_i/vit_phase_e_axi_0/inst/u_core/u_profile_counters/profile_running_o                      |
| g14       | 2     | BUFGCE/O        | None       |           0 |            6640 | 6640 |           0 |    0 |    0 |   0 |  0 |    0 |   0 |       0 | vit_system_i/vit_phase_e_axi_0/inst/u_core/u_profile_counters/read_first_seen                        |
+-----------+-------+-----------------+------------+-------------+-----------------+------+-------------+------+------+-----+----+------+-----+---------+------------------------------------------------------------------------------------------------------+
* Clock Loads column represents cell count of net connects that connect to a clock pin. Internal cell leaf pins are not considered
** Non-Clock Loads column represents cell count of non-clock pin loads
*** Columns FF, LUTRAM, RAMB through 'Hard IP' represents load cell counts


29. Clock Region Cell Placement per Global Clock: Region X0Y2
-------------------------------------------------------------

+-----------+-------+-----------------+------------+-------------+-----------------+------+-------------+------+------+-----+----+------+-----+---------+------------------------------------------------------------------------------------------------------+
| Global Id | Track | Driver Type/Pin | Constraint | Clock Loads | Non-Clock Loads | FF   | Memory LUTs | RAMB | URAM | DSP | GT | MMCM | PLL | Hard IP | Net                                                                                                  |
+-----------+-------+-----------------+------------+-------------+-----------------+------+-------------+------+------+-----+----+------+-----+---------+------------------------------------------------------------------------------------------------------+
| g0        | 18    | BUFG_PS/O       | None       |        4205 |               0 | 4205 |           0 |    0 |    0 |   0 |  0 |    0 |   0 |       0 | vit_system_i/zynq_ultra_ps_e_0/inst/pl_clk0                                                          |
| g1        | 7     | BUFGCE/O        | None       |           0 |             209 |  209 |           0 |    0 |    0 |   0 |  0 |    0 |   0 |       0 | vit_system_i/proc_sys_reset_0/U0/peripheral_aresetn[0]                                               |
| g3        | 8     | BUFGCE/O        | None       |           0 |             607 |  607 |           0 |    0 |    0 |   0 |  0 |    0 |   0 |       0 | vit_system_i/vit_phase_e_axi_0/inst/u_core/compute_rst                                               |
| g4        | 12    | BUFGCE/O        | None       |           0 |               1 |    1 |           0 |    0 |    0 |   0 |  0 |    0 |   0 |       0 | vit_system_i/vit_phase_e_axi_0/inst/u_core/u_m5_axi_counters/published                               |
| g8        | 0     | BUFGCE/O        | None       |           0 |            2865 | 2862 |           0 |    0 |    0 |   0 |  0 |    0 |   0 |       0 | vit_system_i/vit_phase_e_axi_0/inst/u_core/u_npu/u_engine/u_command_controller/engine_rst_BUFG       |
| g9        | 3     | BUFGCE/O        | None       |           0 |             610 |  610 |           0 |    0 |    0 |   0 |  0 |    0 |   0 |       0 | vit_system_i/vit_phase_e_axi_0/inst/u_core/u_npu/u_engine/u_gemm/gen_fp16.u_fp16/activation_q        |
| g10       | 1     | BUFGCE/O        | None       |           0 |             608 |  608 |           0 |    0 |    0 |   0 |  0 |    0 |   0 |       0 | vit_system_i/vit_phase_e_axi_0/inst/u_core/u_npu/u_engine/u_gemm/gen_fp16.u_fp16/panel1_activation_q |
| g13       | 14    | BUFGCE/O        | None       |           0 |               1 |    1 |           0 |    0 |    0 |   0 |  0 |    0 |   0 |       0 | vit_system_i/vit_phase_e_axi_0/inst/u_core/u_profile_counters/profile_running_o                      |
+-----------+-------+-----------------+------------+-------------+-----------------+------+-------------+------+------+-----+----+------+-----+---------+------------------------------------------------------------------------------------------------------+
* Clock Loads column represents cell count of net connects that connect to a clock pin. Internal cell leaf pins are not considered
** Non-Clock Loads column represents cell count of non-clock pin loads
*** Columns FF, LUTRAM, RAMB through 'Hard IP' represents load cell counts


30. Clock Region Cell Placement per Global Clock: Region X1Y2
-------------------------------------------------------------

+-----------+-------+-----------------+------------+-------------+-----------------+------+-------------+------+------+-----+----+------+-----+---------+------------------------------------------------------------------------------------------------------+
| Global Id | Track | Driver Type/Pin | Constraint | Clock Loads | Non-Clock Loads | FF   | Memory LUTs | RAMB | URAM | DSP | GT | MMCM | PLL | Hard IP | Net                                                                                                  |
+-----------+-------+-----------------+------------+-------------+-----------------+------+-------------+------+------+-----+----+------+-----+---------+------------------------------------------------------------------------------------------------------+
| g0        | 18    | BUFG_PS/O       | None       |        3362 |               0 | 3351 |           0 |   11 |    0 |   0 |  0 |    0 |   0 |       0 | vit_system_i/zynq_ultra_ps_e_0/inst/pl_clk0                                                          |
| g1        | 7     | BUFGCE/O        | None       |           0 |             167 |  167 |           0 |    0 |    0 |   0 |  0 |    0 |   0 |       0 | vit_system_i/proc_sys_reset_0/U0/peripheral_aresetn[0]                                               |
| g3        | 8     | BUFGCE/O        | None       |           0 |             576 |  576 |           0 |    0 |    0 |   0 |  0 |    0 |   0 |       0 | vit_system_i/vit_phase_e_axi_0/inst/u_core/compute_rst                                               |
| g4+       | 12    | BUFGCE/O        | None       |           0 |               0 |    0 |           0 |    0 |    0 |   0 |  0 |    0 |   0 |       0 | vit_system_i/vit_phase_e_axi_0/inst/u_core/u_m5_axi_counters/published                               |
| g5        | 4     | BUFGCE/O        | None       |           0 |               1 |    1 |           0 |    0 |    0 |   0 |  0 |    0 |   0 |       0 | vit_system_i/vit_phase_e_axi_0/inst/u_core/u_m7_overlap_counters/published                           |
| g8        | 0     | BUFGCE/O        | None       |           0 |            1690 | 1686 |           0 |    0 |    0 |   0 |  0 |    0 |   0 |       0 | vit_system_i/vit_phase_e_axi_0/inst/u_core/u_npu/u_engine/u_command_controller/engine_rst_BUFG       |
| g9        | 3     | BUFGCE/O        | None       |           0 |             166 |  166 |           0 |    0 |    0 |   0 |  0 |    0 |   0 |       0 | vit_system_i/vit_phase_e_axi_0/inst/u_core/u_npu/u_engine/u_gemm/gen_fp16.u_fp16/activation_q        |
| g10       | 1     | BUFGCE/O        | None       |           0 |             166 |  166 |           0 |    0 |    0 |   0 |  0 |    0 |   0 |       0 | vit_system_i/vit_phase_e_axi_0/inst/u_core/u_npu/u_engine/u_gemm/gen_fp16.u_fp16/panel1_activation_q |
| g11       | 13    | BUFGCE/O        | None       |           0 |               4 |    4 |           0 |    0 |    0 |   0 |  0 |    0 |   0 |       0 | vit_system_i/vit_phase_e_axi_0/inst/u_core/u_npu/u_engine/u_vector/lane_mask_shift                   |
| g12       | 20    | BUFGCE/O        | None       |           0 |              22 |   22 |           0 |    0 |    0 |   0 |  0 |    0 |   0 |       0 | vit_system_i/vit_phase_e_axi_0/inst/u_core/u_profile_counters/global_published                       |
| g13       | 14    | BUFGCE/O        | None       |           0 |             155 |  155 |           0 |    0 |    0 |   0 |  0 |    0 |   0 |       0 | vit_system_i/vit_phase_e_axi_0/inst/u_core/u_profile_counters/profile_running_o                      |
| g14       | 2     | BUFGCE/O        | None       |           0 |             128 |  128 |           0 |    0 |    0 |   0 |  0 |    0 |   0 |       0 | vit_system_i/vit_phase_e_axi_0/inst/u_core/u_profile_counters/read_first_seen                        |
+-----------+-------+-----------------+------------+-------------+-----------------+------+-------------+------+------+-----+----+------+-----+---------+------------------------------------------------------------------------------------------------------+
* Clock Loads column represents cell count of net connects that connect to a clock pin. Internal cell leaf pins are not considered
** Non-Clock Loads column represents cell count of non-clock pin loads
*** Columns FF, LUTRAM, RAMB through 'Hard IP' represents load cell counts
**** In Global Id column, sympbol '+' indicates that global clock was used only to route through the clock region.


31. Clock Region Cell Placement per Global Clock: Region X2Y2
-------------------------------------------------------------

+-----------+-------+-----------------+------------+-------------+-----------------+------+-------------+------+------+-----+----+------+-----+---------+------------------------------------------------------------------------------------------------------+
| Global Id | Track | Driver Type/Pin | Constraint | Clock Loads | Non-Clock Loads | FF   | Memory LUTs | RAMB | URAM | DSP | GT | MMCM | PLL | Hard IP | Net                                                                                                  |
+-----------+-------+-----------------+------------+-------------+-----------------+------+-------------+------+------+-----+----+------+-----+---------+------------------------------------------------------------------------------------------------------+
| g0        | 18    | BUFG_PS/O       | None       |        3750 |               0 | 3682 |          57 |   11 |    0 |   0 |  0 |    0 |   0 |       0 | vit_system_i/zynq_ultra_ps_e_0/inst/pl_clk0                                                          |
| g1        | 7     | BUFGCE/O        | None       |           0 |              27 |   27 |           0 |    0 |    0 |   0 |  0 |    0 |   0 |       0 | vit_system_i/proc_sys_reset_0/U0/peripheral_aresetn[0]                                               |
| g3        | 8     | BUFGCE/O        | None       |           0 |            1093 | 1093 |           0 |    0 |    0 |   0 |  0 |    0 |   0 |       0 | vit_system_i/vit_phase_e_axi_0/inst/u_core/compute_rst                                               |
| g5        | 4     | BUFGCE/O        | None       |           0 |               4 |    4 |           0 |    0 |    0 |   0 |  0 |    0 |   0 |       0 | vit_system_i/vit_phase_e_axi_0/inst/u_core/u_m7_overlap_counters/published                           |
| g8        | 0     | BUFGCE/O        | None       |           0 |            2112 | 2112 |           0 |    0 |    0 |   0 |  0 |    0 |   0 |       0 | vit_system_i/vit_phase_e_axi_0/inst/u_core/u_npu/u_engine/u_command_controller/engine_rst_BUFG       |
| g9        | 3     | BUFGCE/O        | None       |           0 |             508 |  508 |           0 |    0 |    0 |   0 |  0 |    0 |   0 |       0 | vit_system_i/vit_phase_e_axi_0/inst/u_core/u_npu/u_engine/u_gemm/gen_fp16.u_fp16/activation_q        |
| g10       | 1     | BUFGCE/O        | None       |           0 |             508 |  508 |           0 |    0 |    0 |   0 |  0 |    0 |   0 |       0 | vit_system_i/vit_phase_e_axi_0/inst/u_core/u_npu/u_engine/u_gemm/gen_fp16.u_fp16/panel1_activation_q |
| g11       | 13    | BUFGCE/O        | None       |           0 |             120 |  120 |           0 |    0 |    0 |   0 |  0 |    0 |   0 |       0 | vit_system_i/vit_phase_e_axi_0/inst/u_core/u_npu/u_engine/u_vector/lane_mask_shift                   |
| g12       | 20    | BUFGCE/O        | None       |           0 |              86 |   86 |           0 |    0 |    0 |   0 |  0 |    0 |   0 |       0 | vit_system_i/vit_phase_e_axi_0/inst/u_core/u_profile_counters/global_published                       |
| g13       | 14    | BUFGCE/O        | None       |           0 |              67 |   67 |           0 |    0 |    0 |   0 |  0 |    0 |   0 |       0 | vit_system_i/vit_phase_e_axi_0/inst/u_core/u_profile_counters/profile_running_o                      |
+-----------+-------+-----------------+------------+-------------+-----------------+------+-------------+------+------+-----+----+------+-----+---------+------------------------------------------------------------------------------------------------------+
* Clock Loads column represents cell count of net connects that connect to a clock pin. Internal cell leaf pins are not considered
** Non-Clock Loads column represents cell count of non-clock pin loads
*** Columns FF, LUTRAM, RAMB through 'Hard IP' represents load cell counts


32. Clock Region Cell Placement per Global Clock: Region X0Y3
-------------------------------------------------------------

+-----------+-------+-----------------+------------+-------------+-----------------+------+-------------+------+------+-----+----+------+-----+---------+------------------------------------------------------------------------------------------------------+
| Global Id | Track | Driver Type/Pin | Constraint | Clock Loads | Non-Clock Loads | FF   | Memory LUTs | RAMB | URAM | DSP | GT | MMCM | PLL | Hard IP | Net                                                                                                  |
+-----------+-------+-----------------+------------+-------------+-----------------+------+-------------+------+------+-----+----+------+-----+---------+------------------------------------------------------------------------------------------------------+
| g0        | 18    | BUFG_PS/O       | None       |        4842 |               0 | 4841 |           1 |    0 |    0 |   0 |  0 |    0 |   0 |       0 | vit_system_i/zynq_ultra_ps_e_0/inst/pl_clk0                                                          |
| g3        | 8     | BUFGCE/O        | None       |           0 |             343 |  343 |           0 |    0 |    0 |   0 |  0 |    0 |   0 |       0 | vit_system_i/vit_phase_e_axi_0/inst/u_core/compute_rst                                               |
| g8        | 0     | BUFGCE/O        | None       |           0 |            3608 | 3604 |           0 |    0 |    0 |   0 |  0 |    0 |   0 |       0 | vit_system_i/vit_phase_e_axi_0/inst/u_core/u_npu/u_engine/u_command_controller/engine_rst_BUFG       |
| g9        | 3     | BUFGCE/O        | None       |           0 |             482 |  482 |           0 |    0 |    0 |   0 |  0 |    0 |   0 |       0 | vit_system_i/vit_phase_e_axi_0/inst/u_core/u_npu/u_engine/u_gemm/gen_fp16.u_fp16/activation_q        |
| g10       | 1     | BUFGCE/O        | None       |           0 |             485 |  485 |           0 |    0 |    0 |   0 |  0 |    0 |   0 |       0 | vit_system_i/vit_phase_e_axi_0/inst/u_core/u_npu/u_engine/u_gemm/gen_fp16.u_fp16/panel1_activation_q |
+-----------+-------+-----------------+------------+-------------+-----------------+------+-------------+------+------+-----+----+------+-----+---------+------------------------------------------------------------------------------------------------------+
* Clock Loads column represents cell count of net connects that connect to a clock pin. Internal cell leaf pins are not considered
** Non-Clock Loads column represents cell count of non-clock pin loads
*** Columns FF, LUTRAM, RAMB through 'Hard IP' represents load cell counts


33. Clock Region Cell Placement per Global Clock: Region X1Y3
-------------------------------------------------------------

+-----------+-------+-----------------+------------+-------------+-----------------+------+-------------+------+------+-----+----+------+-----+---------+------------------------------------------------------------------------------------------------------+
| Global Id | Track | Driver Type/Pin | Constraint | Clock Loads | Non-Clock Loads | FF   | Memory LUTs | RAMB | URAM | DSP | GT | MMCM | PLL | Hard IP | Net                                                                                                  |
+-----------+-------+-----------------+------------+-------------+-----------------+------+-------------+------+------+-----+----+------+-----+---------+------------------------------------------------------------------------------------------------------+
| g0        | 18    | BUFG_PS/O       | None       |        4061 |               0 | 4059 |           0 |    2 |    0 |   0 |  0 |    0 |   0 |       0 | vit_system_i/zynq_ultra_ps_e_0/inst/pl_clk0                                                          |
| g1        | 7     | BUFGCE/O        | None       |           0 |               2 |    2 |           0 |    0 |    0 |   0 |  0 |    0 |   0 |       0 | vit_system_i/proc_sys_reset_0/U0/peripheral_aresetn[0]                                               |
| g3        | 8     | BUFGCE/O        | None       |           0 |             999 |  999 |           0 |    0 |    0 |   0 |  0 |    0 |   0 |       0 | vit_system_i/vit_phase_e_axi_0/inst/u_core/compute_rst                                               |
| g8        | 0     | BUFGCE/O        | None       |           0 |            3032 | 3032 |           0 |    0 |    0 |   0 |  0 |    0 |   0 |       0 | vit_system_i/vit_phase_e_axi_0/inst/u_core/u_npu/u_engine/u_command_controller/engine_rst_BUFG       |
| g9        | 3     | BUFGCE/O        | None       |           0 |             994 |  994 |           0 |    0 |    0 |   0 |  0 |    0 |   0 |       0 | vit_system_i/vit_phase_e_axi_0/inst/u_core/u_npu/u_engine/u_gemm/gen_fp16.u_fp16/activation_q        |
| g10       | 1     | BUFGCE/O        | None       |           0 |             993 |  993 |           0 |    0 |    0 |   0 |  0 |    0 |   0 |       0 | vit_system_i/vit_phase_e_axi_0/inst/u_core/u_npu/u_engine/u_gemm/gen_fp16.u_fp16/panel1_activation_q |
| g13+      | 14    | BUFGCE/O        | None       |           0 |               0 |    0 |           0 |    0 |    0 |   0 |  0 |    0 |   0 |       0 | vit_system_i/vit_phase_e_axi_0/inst/u_core/u_profile_counters/profile_running_o                      |
+-----------+-------+-----------------+------------+-------------+-----------------+------+-------------+------+------+-----+----+------+-----+---------+------------------------------------------------------------------------------------------------------+
* Clock Loads column represents cell count of net connects that connect to a clock pin. Internal cell leaf pins are not considered
** Non-Clock Loads column represents cell count of non-clock pin loads
*** Columns FF, LUTRAM, RAMB through 'Hard IP' represents load cell counts
**** In Global Id column, sympbol '+' indicates that global clock was used only to route through the clock region.


34. Clock Region Cell Placement per Global Clock: Region X2Y3
-------------------------------------------------------------

+-----------+-------+-----------------+------------+-------------+-----------------+------+-------------+------+------+-----+----+------+-----+---------+------------------------------------------------------------------------------------------------------+
| Global Id | Track | Driver Type/Pin | Constraint | Clock Loads | Non-Clock Loads | FF   | Memory LUTs | RAMB | URAM | DSP | GT | MMCM | PLL | Hard IP | Net                                                                                                  |
+-----------+-------+-----------------+------------+-------------+-----------------+------+-------------+------+------+-----+----+------+-----+---------+------------------------------------------------------------------------------------------------------+
| g0        | 18    | BUFG_PS/O       | None       |        5383 |               0 | 5382 |           0 |    1 |    0 |   0 |  0 |    0 |   0 |       0 | vit_system_i/zynq_ultra_ps_e_0/inst/pl_clk0                                                          |
| g3        | 8     | BUFGCE/O        | None       |           0 |            1212 | 1212 |           0 |    0 |    0 |   0 |  0 |    0 |   0 |       0 | vit_system_i/vit_phase_e_axi_0/inst/u_core/compute_rst                                               |
| g8        | 0     | BUFGCE/O        | None       |           0 |            4170 | 4170 |           0 |    0 |    0 |   0 |  0 |    0 |   0 |       0 | vit_system_i/vit_phase_e_axi_0/inst/u_core/u_npu/u_engine/u_command_controller/engine_rst_BUFG       |
| g9        | 3     | BUFGCE/O        | None       |           0 |            1401 | 1401 |           0 |    0 |    0 |   0 |  0 |    0 |   0 |       0 | vit_system_i/vit_phase_e_axi_0/inst/u_core/u_npu/u_engine/u_gemm/gen_fp16.u_fp16/activation_q        |
| g10       | 1     | BUFGCE/O        | None       |           0 |            1401 | 1401 |           0 |    0 |    0 |   0 |  0 |    0 |   0 |       0 | vit_system_i/vit_phase_e_axi_0/inst/u_core/u_npu/u_engine/u_gemm/gen_fp16.u_fp16/panel1_activation_q |
+-----------+-------+-----------------+------------+-------------+-----------------+------+-------------+------+------+-----+----+------+-----+---------+------------------------------------------------------------------------------------------------------+
* Clock Loads column represents cell count of net connects that connect to a clock pin. Internal cell leaf pins are not considered
** Non-Clock Loads column represents cell count of non-clock pin loads
*** Columns FF, LUTRAM, RAMB through 'Hard IP' represents load cell counts


