stage board_post_route
activation.instances 1
activation.ramb36 32
activation.ramb18 0
activation.uram 0
activation.lutram 0
  activation ramb36 RAMB36E2 vit_system_i/vit_phase_e_axi_0/inst/u_core/u_npu/u_engine/u_memory_frontend/u_gemm_activation_panel_cache/gen_row_bank[0].row_memory_reg_bram_0
  activation ramb36 RAMB36E2 vit_system_i/vit_phase_e_axi_0/inst/u_core/u_npu/u_engine/u_memory_frontend/u_gemm_activation_panel_cache/gen_row_bank[0].row_memory_reg_bram_1
  activation ramb36 RAMB36E2 vit_system_i/vit_phase_e_axi_0/inst/u_core/u_npu/u_engine/u_memory_frontend/u_gemm_activation_panel_cache/gen_row_bank[0].row_memory_reg_bram_2
  activation ramb36 RAMB36E2 vit_system_i/vit_phase_e_axi_0/inst/u_core/u_npu/u_engine/u_memory_frontend/u_gemm_activation_panel_cache/gen_row_bank[0].row_memory_reg_bram_3
  activation ramb36 RAMB36E2 vit_system_i/vit_phase_e_axi_0/inst/u_core/u_npu/u_engine/u_memory_frontend/u_gemm_activation_panel_cache/gen_row_bank[1].row_memory_reg_bram_0
  activation ramb36 RAMB36E2 vit_system_i/vit_phase_e_axi_0/inst/u_core/u_npu/u_engine/u_memory_frontend/u_gemm_activation_panel_cache/gen_row_bank[1].row_memory_reg_bram_1
  activation ramb36 RAMB36E2 vit_system_i/vit_phase_e_axi_0/inst/u_core/u_npu/u_engine/u_memory_frontend/u_gemm_activation_panel_cache/gen_row_bank[1].row_memory_reg_bram_2
  activation ramb36 RAMB36E2 vit_system_i/vit_phase_e_axi_0/inst/u_core/u_npu/u_engine/u_memory_frontend/u_gemm_activation_panel_cache/gen_row_bank[1].row_memory_reg_bram_3
  activation ramb36 RAMB36E2 vit_system_i/vit_phase_e_axi_0/inst/u_core/u_npu/u_engine/u_memory_frontend/u_gemm_activation_panel_cache/gen_row_bank[2].row_memory_reg_bram_0
  activation ramb36 RAMB36E2 vit_system_i/vit_phase_e_axi_0/inst/u_core/u_npu/u_engine/u_memory_frontend/u_gemm_activation_panel_cache/gen_row_bank[2].row_memory_reg_bram_1
  activation ramb36 RAMB36E2 vit_system_i/vit_phase_e_axi_0/inst/u_core/u_npu/u_engine/u_memory_frontend/u_gemm_activation_panel_cache/gen_row_bank[2].row_memory_reg_bram_2
  activation ramb36 RAMB36E2 vit_system_i/vit_phase_e_axi_0/inst/u_core/u_npu/u_engine/u_memory_frontend/u_gemm_activation_panel_cache/gen_row_bank[2].row_memory_reg_bram_3
  activation ramb36 RAMB36E2 vit_system_i/vit_phase_e_axi_0/inst/u_core/u_npu/u_engine/u_memory_frontend/u_gemm_activation_panel_cache/gen_row_bank[3].row_memory_reg_bram_0
  activation ramb36 RAMB36E2 vit_system_i/vit_phase_e_axi_0/inst/u_core/u_npu/u_engine/u_memory_frontend/u_gemm_activation_panel_cache/gen_row_bank[3].row_memory_reg_bram_1
  activation ramb36 RAMB36E2 vit_system_i/vit_phase_e_axi_0/inst/u_core/u_npu/u_engine/u_memory_frontend/u_gemm_activation_panel_cache/gen_row_bank[3].row_memory_reg_bram_2
  activation ramb36 RAMB36E2 vit_system_i/vit_phase_e_axi_0/inst/u_core/u_npu/u_engine/u_memory_frontend/u_gemm_activation_panel_cache/gen_row_bank[3].row_memory_reg_bram_3
  activation ramb36 RAMB36E2 vit_system_i/vit_phase_e_axi_0/inst/u_core/u_npu/u_engine/u_memory_frontend/u_gemm_activation_panel_cache/gen_row_bank[4].row_memory_reg_bram_0
  activation ramb36 RAMB36E2 vit_system_i/vit_phase_e_axi_0/inst/u_core/u_npu/u_engine/u_memory_frontend/u_gemm_activation_panel_cache/gen_row_bank[4].row_memory_reg_bram_1
  activation ramb36 RAMB36E2 vit_system_i/vit_phase_e_axi_0/inst/u_core/u_npu/u_engine/u_memory_frontend/u_gemm_activation_panel_cache/gen_row_bank[4].row_memory_reg_bram_2
  activation ramb36 RAMB36E2 vit_system_i/vit_phase_e_axi_0/inst/u_core/u_npu/u_engine/u_memory_frontend/u_gemm_activation_panel_cache/gen_row_bank[4].row_memory_reg_bram_3
  activation ramb36 RAMB36E2 vit_system_i/vit_phase_e_axi_0/inst/u_core/u_npu/u_engine/u_memory_frontend/u_gemm_activation_panel_cache/gen_row_bank[5].row_memory_reg_bram_0
  activation ramb36 RAMB36E2 vit_system_i/vit_phase_e_axi_0/inst/u_core/u_npu/u_engine/u_memory_frontend/u_gemm_activation_panel_cache/gen_row_bank[5].row_memory_reg_bram_1
  activation ramb36 RAMB36E2 vit_system_i/vit_phase_e_axi_0/inst/u_core/u_npu/u_engine/u_memory_frontend/u_gemm_activation_panel_cache/gen_row_bank[5].row_memory_reg_bram_2
  activation ramb36 RAMB36E2 vit_system_i/vit_phase_e_axi_0/inst/u_core/u_npu/u_engine/u_memory_frontend/u_gemm_activation_panel_cache/gen_row_bank[5].row_memory_reg_bram_3
  activation ramb36 RAMB36E2 vit_system_i/vit_phase_e_axi_0/inst/u_core/u_npu/u_engine/u_memory_frontend/u_gemm_activation_panel_cache/gen_row_bank[6].row_memory_reg_bram_0
  activation ramb36 RAMB36E2 vit_system_i/vit_phase_e_axi_0/inst/u_core/u_npu/u_engine/u_memory_frontend/u_gemm_activation_panel_cache/gen_row_bank[6].row_memory_reg_bram_1
  activation ramb36 RAMB36E2 vit_system_i/vit_phase_e_axi_0/inst/u_core/u_npu/u_engine/u_memory_frontend/u_gemm_activation_panel_cache/gen_row_bank[6].row_memory_reg_bram_2
  activation ramb36 RAMB36E2 vit_system_i/vit_phase_e_axi_0/inst/u_core/u_npu/u_engine/u_memory_frontend/u_gemm_activation_panel_cache/gen_row_bank[6].row_memory_reg_bram_3
  activation ramb36 RAMB36E2 vit_system_i/vit_phase_e_axi_0/inst/u_core/u_npu/u_engine/u_memory_frontend/u_gemm_activation_panel_cache/gen_row_bank[7].row_memory_reg_bram_0
  activation ramb36 RAMB36E2 vit_system_i/vit_phase_e_axi_0/inst/u_core/u_npu/u_engine/u_memory_frontend/u_gemm_activation_panel_cache/gen_row_bank[7].row_memory_reg_bram_1
  activation ramb36 RAMB36E2 vit_system_i/vit_phase_e_axi_0/inst/u_core/u_npu/u_engine/u_memory_frontend/u_gemm_activation_panel_cache/gen_row_bank[7].row_memory_reg_bram_2
  activation ramb36 RAMB36E2 vit_system_i/vit_phase_e_axi_0/inst/u_core/u_npu/u_engine/u_memory_frontend/u_gemm_activation_panel_cache/gen_row_bank[7].row_memory_reg_bram_3
bias.instances 1
bias.ramb36 4
bias.ramb18 0
bias.uram 0
bias.lutram 0
  bias ramb36 RAMB36E2 vit_system_i/vit_phase_e_axi_0/inst/u_core/u_npu/u_engine/u_memory_frontend/u_gemm_bias_cache/bias_memory_reg_bram_0
  bias ramb36 RAMB36E2 vit_system_i/vit_phase_e_axi_0/inst/u_core/u_npu/u_engine/u_memory_frontend/u_gemm_bias_cache/bias_memory_reg_bram_1
  bias ramb36 RAMB36E2 vit_system_i/vit_phase_e_axi_0/inst/u_core/u_npu/u_engine/u_memory_frontend/u_gemm_bias_cache/bias_memory_reg_bram_2
  bias ramb36 RAMB36E2 vit_system_i/vit_phase_e_axi_0/inst/u_core/u_npu/u_engine/u_memory_frontend/u_gemm_bias_cache/bias_memory_reg_bram_3
layernorm.instances 1
layernorm.ramb36 3
layernorm.ramb18 0
layernorm.uram 0
layernorm.lutram 0
  layernorm ramb36 RAMB36E2 vit_system_i/vit_phase_e_axi_0/inst/u_core/u_npu/u_engine/u_layernorm/gen_row_affine_buffers.beta_buffer_reg_bram_0
  layernorm ramb36 RAMB36E2 vit_system_i/vit_phase_e_axi_0/inst/u_core/u_npu/u_engine/u_layernorm/gen_row_affine_buffers.gamma_buffer_reg_bram_0
  layernorm ramb36 RAMB36E2 vit_system_i/vit_phase_e_axi_0/inst/u_core/u_npu/u_engine/u_layernorm/gen_row_affine_buffers.sample_buffer_reg_bram_0
softmax.instances 1
softmax.ramb36 1
softmax.ramb18 0
softmax.uram 0
softmax.lutram 0
  softmax ramb36 RAMB36E2 vit_system_i/vit_phase_e_axi_0/inst/u_core/u_npu/u_engine/u_softmax/row_exp_buffer_reg_bram_0
layer_param.instances 1
layer_param.ramb36 1
layer_param.ramb18 0
layer_param.uram 0
layer_param.lutram 0
  layer_param ramb36 RAMB36E2 vit_system_i/vit_phase_e_axi_0/inst/u_core/u_layer_param_table/data_memory_reg
global.ramb36 41
global.ramb18 0
global.uram 0
global.lutram 1922
  global ramb36 RAMB36E2 vit_system_i/vit_phase_e_axi_0/inst/u_core/u_layer_param_table/data_memory_reg
  global ramb36 RAMB36E2 vit_system_i/vit_phase_e_axi_0/inst/u_core/u_npu/u_engine/u_layernorm/gen_row_affine_buffers.beta_buffer_reg_bram_0
  global ramb36 RAMB36E2 vit_system_i/vit_phase_e_axi_0/inst/u_core/u_npu/u_engine/u_layernorm/gen_row_affine_buffers.gamma_buffer_reg_bram_0
  global ramb36 RAMB36E2 vit_system_i/vit_phase_e_axi_0/inst/u_core/u_npu/u_engine/u_layernorm/gen_row_affine_buffers.sample_buffer_reg_bram_0
  global ramb36 RAMB36E2 vit_system_i/vit_phase_e_axi_0/inst/u_core/u_npu/u_engine/u_memory_frontend/u_gemm_activation_panel_cache/gen_row_bank[0].row_memory_reg_bram_0
  global ramb36 RAMB36E2 vit_system_i/vit_phase_e_axi_0/inst/u_core/u_npu/u_engine/u_memory_frontend/u_gemm_activation_panel_cache/gen_row_bank[0].row_memory_reg_bram_1
  global ramb36 RAMB36E2 vit_system_i/vit_phase_e_axi_0/inst/u_core/u_npu/u_engine/u_memory_frontend/u_gemm_activation_panel_cache/gen_row_bank[0].row_memory_reg_bram_2
  global ramb36 RAMB36E2 vit_system_i/vit_phase_e_axi_0/inst/u_core/u_npu/u_engine/u_memory_frontend/u_gemm_activation_panel_cache/gen_row_bank[0].row_memory_reg_bram_3
  global ramb36 RAMB36E2 vit_system_i/vit_phase_e_axi_0/inst/u_core/u_npu/u_engine/u_memory_frontend/u_gemm_activation_panel_cache/gen_row_bank[1].row_memory_reg_bram_0
  global ramb36 RAMB36E2 vit_system_i/vit_phase_e_axi_0/inst/u_core/u_npu/u_engine/u_memory_frontend/u_gemm_activation_panel_cache/gen_row_bank[1].row_memory_reg_bram_1
  global ramb36 RAMB36E2 vit_system_i/vit_phase_e_axi_0/inst/u_core/u_npu/u_engine/u_memory_frontend/u_gemm_activation_panel_cache/gen_row_bank[1].row_memory_reg_bram_2
  global ramb36 RAMB36E2 vit_system_i/vit_phase_e_axi_0/inst/u_core/u_npu/u_engine/u_memory_frontend/u_gemm_activation_panel_cache/gen_row_bank[1].row_memory_reg_bram_3
  global ramb36 RAMB36E2 vit_system_i/vit_phase_e_axi_0/inst/u_core/u_npu/u_engine/u_memory_frontend/u_gemm_activation_panel_cache/gen_row_bank[2].row_memory_reg_bram_0
  global ramb36 RAMB36E2 vit_system_i/vit_phase_e_axi_0/inst/u_core/u_npu/u_engine/u_memory_frontend/u_gemm_activation_panel_cache/gen_row_bank[2].row_memory_reg_bram_1
  global ramb36 RAMB36E2 vit_system_i/vit_phase_e_axi_0/inst/u_core/u_npu/u_engine/u_memory_frontend/u_gemm_activation_panel_cache/gen_row_bank[2].row_memory_reg_bram_2
  global ramb36 RAMB36E2 vit_system_i/vit_phase_e_axi_0/inst/u_core/u_npu/u_engine/u_memory_frontend/u_gemm_activation_panel_cache/gen_row_bank[2].row_memory_reg_bram_3
  global ramb36 RAMB36E2 vit_system_i/vit_phase_e_axi_0/inst/u_core/u_npu/u_engine/u_memory_frontend/u_gemm_activation_panel_cache/gen_row_bank[3].row_memory_reg_bram_0
  global ramb36 RAMB36E2 vit_system_i/vit_phase_e_axi_0/inst/u_core/u_npu/u_engine/u_memory_frontend/u_gemm_activation_panel_cache/gen_row_bank[3].row_memory_reg_bram_1
  global ramb36 RAMB36E2 vit_system_i/vit_phase_e_axi_0/inst/u_core/u_npu/u_engine/u_memory_frontend/u_gemm_activation_panel_cache/gen_row_bank[3].row_memory_reg_bram_2
  global ramb36 RAMB36E2 vit_system_i/vit_phase_e_axi_0/inst/u_core/u_npu/u_engine/u_memory_frontend/u_gemm_activation_panel_cache/gen_row_bank[3].row_memory_reg_bram_3
  global ramb36 RAMB36E2 vit_system_i/vit_phase_e_axi_0/inst/u_core/u_npu/u_engine/u_memory_frontend/u_gemm_activation_panel_cache/gen_row_bank[4].row_memory_reg_bram_0
  global ramb36 RAMB36E2 vit_system_i/vit_phase_e_axi_0/inst/u_core/u_npu/u_engine/u_memory_frontend/u_gemm_activation_panel_cache/gen_row_bank[4].row_memory_reg_bram_1
  global ramb36 RAMB36E2 vit_system_i/vit_phase_e_axi_0/inst/u_core/u_npu/u_engine/u_memory_frontend/u_gemm_activation_panel_cache/gen_row_bank[4].row_memory_reg_bram_2
  global ramb36 RAMB36E2 vit_system_i/vit_phase_e_axi_0/inst/u_core/u_npu/u_engine/u_memory_frontend/u_gemm_activation_panel_cache/gen_row_bank[4].row_memory_reg_bram_3
  global ramb36 RAMB36E2 vit_system_i/vit_phase_e_axi_0/inst/u_core/u_npu/u_engine/u_memory_frontend/u_gemm_activation_panel_cache/gen_row_bank[5].row_memory_reg_bram_0
  global ramb36 RAMB36E2 vit_system_i/vit_phase_e_axi_0/inst/u_core/u_npu/u_engine/u_memory_frontend/u_gemm_activation_panel_cache/gen_row_bank[5].row_memory_reg_bram_1
  global ramb36 RAMB36E2 vit_system_i/vit_phase_e_axi_0/inst/u_core/u_npu/u_engine/u_memory_frontend/u_gemm_activation_panel_cache/gen_row_bank[5].row_memory_reg_bram_2
  global ramb36 RAMB36E2 vit_system_i/vit_phase_e_axi_0/inst/u_core/u_npu/u_engine/u_memory_frontend/u_gemm_activation_panel_cache/gen_row_bank[5].row_memory_reg_bram_3
  global ramb36 RAMB36E2 vit_system_i/vit_phase_e_axi_0/inst/u_core/u_npu/u_engine/u_memory_frontend/u_gemm_activation_panel_cache/gen_row_bank[6].row_memory_reg_bram_0
  global ramb36 RAMB36E2 vit_system_i/vit_phase_e_axi_0/inst/u_core/u_npu/u_engine/u_memory_frontend/u_gemm_activation_panel_cache/gen_row_bank[6].row_memory_reg_bram_1
  global ramb36 RAMB36E2 vit_system_i/vit_phase_e_axi_0/inst/u_core/u_npu/u_engine/u_memory_frontend/u_gemm_activation_panel_cache/gen_row_bank[6].row_memory_reg_bram_2
  global ramb36 RAMB36E2 vit_system_i/vit_phase_e_axi_0/inst/u_core/u_npu/u_engine/u_memory_frontend/u_gemm_activation_panel_cache/gen_row_bank[6].row_memory_reg_bram_3
  global ramb36 RAMB36E2 vit_system_i/vit_phase_e_axi_0/inst/u_core/u_npu/u_engine/u_memory_frontend/u_gemm_activation_panel_cache/gen_row_bank[7].row_memory_reg_bram_0
  global ramb36 RAMB36E2 vit_system_i/vit_phase_e_axi_0/inst/u_core/u_npu/u_engine/u_memory_frontend/u_gemm_activation_panel_cache/gen_row_bank[7].row_memory_reg_bram_1
  global ramb36 RAMB36E2 vit_system_i/vit_phase_e_axi_0/inst/u_core/u_npu/u_engine/u_memory_frontend/u_gemm_activation_panel_cache/gen_row_bank[7].row_memory_reg_bram_2
  global ramb36 RAMB36E2 vit_system_i/vit_phase_e_axi_0/inst/u_core/u_npu/u_engine/u_memory_frontend/u_gemm_activation_panel_cache/gen_row_bank[7].row_memory_reg_bram_3
  global ramb36 RAMB36E2 vit_system_i/vit_phase_e_axi_0/inst/u_core/u_npu/u_engine/u_memory_frontend/u_gemm_bias_cache/bias_memory_reg_bram_0
  global ramb36 RAMB36E2 vit_system_i/vit_phase_e_axi_0/inst/u_core/u_npu/u_engine/u_memory_frontend/u_gemm_bias_cache/bias_memory_reg_bram_1
  global ramb36 RAMB36E2 vit_system_i/vit_phase_e_axi_0/inst/u_core/u_npu/u_engine/u_memory_frontend/u_gemm_bias_cache/bias_memory_reg_bram_2
  global ramb36 RAMB36E2 vit_system_i/vit_phase_e_axi_0/inst/u_core/u_npu/u_engine/u_memory_frontend/u_gemm_bias_cache/bias_memory_reg_bram_3
  global ramb36 RAMB36E2 vit_system_i/vit_phase_e_axi_0/inst/u_core/u_npu/u_engine/u_softmax/row_exp_buffer_reg_bram_0
  global lutram RAM32M16 vit_system_i/smartconnect_ddr/inst/s00_nodes/s00_ar_node/inst/inst_mi_handler/gen_normal_area.inst_fifo_node_payld/gen_xpm_memory_fifo.inst_fifo/gen_mem_rep[0].inst_xpm_memory/xpm_memory_base_inst/gen_wr_a.gen_word_narrow.mem_reg_0_31_0_13
  global lutram RAM32M16 vit_system_i/smartconnect_ddr/inst/s00_nodes/s00_ar_node/inst/inst_mi_handler/gen_normal_area.inst_fifo_node_payld/gen_xpm_memory_fifo.inst_fifo/gen_mem_rep[0].inst_xpm_memory/xpm_memory_base_inst/gen_wr_a.gen_word_narrow.mem_reg_0_31_112_125
  global lutram RAM32M16 vit_system_i/smartconnect_ddr/inst/s00_nodes/s00_ar_node/inst/inst_mi_handler/gen_normal_area.inst_fifo_node_payld/gen_xpm_memory_fifo.inst_fifo/gen_mem_rep[0].inst_xpm_memory/xpm_memory_base_inst/gen_wr_a.gen_word_narrow.mem_reg_0_31_126_139
  global lutram RAM32M16 vit_system_i/smartconnect_ddr/inst/s00_nodes/s00_ar_node/inst/inst_mi_handler/gen_normal_area.inst_fifo_node_payld/gen_xpm_memory_fifo.inst_fifo/gen_mem_rep[0].inst_xpm_memory/xpm_memory_base_inst/gen_wr_a.gen_word_narrow.mem_reg_0_31_140_153
  global lutram RAM32M16 vit_system_i/smartconnect_ddr/inst/s00_nodes/s00_ar_node/inst/inst_mi_handler/gen_normal_area.inst_fifo_node_payld/gen_xpm_memory_fifo.inst_fifo/gen_mem_rep[0].inst_xpm_memory/xpm_memory_base_inst/gen_wr_a.gen_word_narrow.mem_reg_0_31_70_83
  global lutram RAM32M16 vit_system_i/smartconnect_ddr/inst/s00_nodes/s00_ar_node/inst/inst_mi_handler/gen_normal_area.inst_fifo_node_payld/gen_xpm_memory_fifo.inst_fifo/gen_mem_rep[0].inst_xpm_memory/xpm_memory_base_inst/gen_wr_a.gen_word_narrow.mem_reg_0_31_84_97
  global lutram RAM32M16 vit_system_i/smartconnect_ddr/inst/s00_nodes/s00_ar_node/inst/inst_mi_handler/gen_normal_area.inst_fifo_node_payld/gen_xpm_memory_fifo.inst_fifo/gen_mem_rep[0].inst_xpm_memory/xpm_memory_base_inst/gen_wr_a.gen_word_narrow.mem_reg_0_31_98_111
  global lutram RAMD32 vit_system_i/smartconnect_ddr/inst/s00_nodes/s00_ar_node/inst/inst_mi_handler/gen_normal_area.inst_fifo_node_payld/gen_xpm_memory_fifo.inst_fifo/gen_mem_rep[0].inst_xpm_memory/xpm_memory_base_inst/gen_wr_a.gen_word_narrow.mem_reg_0_31_0_13/RAMA
  global lutram RAMD32 vit_system_i/smartconnect_ddr/inst/s00_nodes/s00_ar_node/inst/inst_mi_handler/gen_normal_area.inst_fifo_node_payld/gen_xpm_memory_fifo.inst_fifo/gen_mem_rep[0].inst_xpm_memory/xpm_memory_base_inst/gen_wr_a.gen_word_narrow.mem_reg_0_31_0_13/RAMA_D1
  global lutram RAMD32 vit_system_i/smartconnect_ddr/inst/s00_nodes/s00_ar_node/inst/inst_mi_handler/gen_normal_area.inst_fifo_node_payld/gen_xpm_memory_fifo.inst_fifo/gen_mem_rep[0].inst_xpm_memory/xpm_memory_base_inst/gen_wr_a.gen_word_narrow.mem_reg_0_31_0_13/RAMB
  global lutram RAMD32 vit_system_i/smartconnect_ddr/inst/s00_nodes/s00_ar_node/inst/inst_mi_handler/gen_normal_area.inst_fifo_node_payld/gen_xpm_memory_fifo.inst_fifo/gen_mem_rep[0].inst_xpm_memory/xpm_memory_base_inst/gen_wr_a.gen_word_narrow.mem_reg_0_31_0_13/RAMB_D1
  global lutram RAMD32 vit_system_i/smartconnect_ddr/inst/s00_nodes/s00_ar_node/inst/inst_mi_handler/gen_normal_area.inst_fifo_node_payld/gen_xpm_memory_fifo.inst_fifo/gen_mem_rep[0].inst_xpm_memory/xpm_memory_base_inst/gen_wr_a.gen_word_narrow.mem_reg_0_31_0_13/RAMC
  global lutram RAMD32 vit_system_i/smartconnect_ddr/inst/s00_nodes/s00_ar_node/inst/inst_mi_handler/gen_normal_area.inst_fifo_node_payld/gen_xpm_memory_fifo.inst_fifo/gen_mem_rep[0].inst_xpm_memory/xpm_memory_base_inst/gen_wr_a.gen_word_narrow.mem_reg_0_31_0_13/RAMC_D1
  global lutram RAMD32 vit_system_i/smartconnect_ddr/inst/s00_nodes/s00_ar_node/inst/inst_mi_handler/gen_normal_area.inst_fifo_node_payld/gen_xpm_memory_fifo.inst_fifo/gen_mem_rep[0].inst_xpm_memory/xpm_memory_base_inst/gen_wr_a.gen_word_narrow.mem_reg_0_31_0_13/RAMD
  global lutram RAMD32 vit_system_i/smartconnect_ddr/inst/s00_nodes/s00_ar_node/inst/inst_mi_handler/gen_normal_area.inst_fifo_node_payld/gen_xpm_memory_fifo.inst_fifo/gen_mem_rep[0].inst_xpm_memory/xpm_memory_base_inst/gen_wr_a.gen_word_narrow.mem_reg_0_31_0_13/RAMD_D1
  global lutram RAMD32 vit_system_i/smartconnect_ddr/inst/s00_nodes/s00_ar_node/inst/inst_mi_handler/gen_normal_area.inst_fifo_node_payld/gen_xpm_memory_fifo.inst_fifo/gen_mem_rep[0].inst_xpm_memory/xpm_memory_base_inst/gen_wr_a.gen_word_narrow.mem_reg_0_31_0_13/RAME
  global lutram RAMD32 vit_system_i/smartconnect_ddr/inst/s00_nodes/s00_ar_node/inst/inst_mi_handler/gen_normal_area.inst_fifo_node_payld/gen_xpm_memory_fifo.inst_fifo/gen_mem_rep[0].inst_xpm_memory/xpm_memory_base_inst/gen_wr_a.gen_word_narrow.mem_reg_0_31_0_13/RAME_D1
  global lutram RAMD32 vit_system_i/smartconnect_ddr/inst/s00_nodes/s00_ar_node/inst/inst_mi_handler/gen_normal_area.inst_fifo_node_payld/gen_xpm_memory_fifo.inst_fifo/gen_mem_rep[0].inst_xpm_memory/xpm_memory_base_inst/gen_wr_a.gen_word_narrow.mem_reg_0_31_0_13/RAMF
  global lutram RAMD32 vit_system_i/smartconnect_ddr/inst/s00_nodes/s00_ar_node/inst/inst_mi_handler/gen_normal_area.inst_fifo_node_payld/gen_xpm_memory_fifo.inst_fifo/gen_mem_rep[0].inst_xpm_memory/xpm_memory_base_inst/gen_wr_a.gen_word_narrow.mem_reg_0_31_0_13/RAMF_D1
  global lutram RAMD32 vit_system_i/smartconnect_ddr/inst/s00_nodes/s00_ar_node/inst/inst_mi_handler/gen_normal_area.inst_fifo_node_payld/gen_xpm_memory_fifo.inst_fifo/gen_mem_rep[0].inst_xpm_memory/xpm_memory_base_inst/gen_wr_a.gen_word_narrow.mem_reg_0_31_0_13/RAMG
  global lutram RAMD32 vit_system_i/smartconnect_ddr/inst/s00_nodes/s00_ar_node/inst/inst_mi_handler/gen_normal_area.inst_fifo_node_payld/gen_xpm_memory_fifo.inst_fifo/gen_mem_rep[0].inst_xpm_memory/xpm_memory_base_inst/gen_wr_a.gen_word_narrow.mem_reg_0_31_0_13/RAMG_D1
  global lutram RAMS32 vit_system_i/smartconnect_ddr/inst/s00_nodes/s00_ar_node/inst/inst_mi_handler/gen_normal_area.inst_fifo_node_payld/gen_xpm_memory_fifo.inst_fifo/gen_mem_rep[0].inst_xpm_memory/xpm_memory_base_inst/gen_wr_a.gen_word_narrow.mem_reg_0_31_0_13/RAMH
  global lutram RAMS32 vit_system_i/smartconnect_ddr/inst/s00_nodes/s00_ar_node/inst/inst_mi_handler/gen_normal_area.inst_fifo_node_payld/gen_xpm_memory_fifo.inst_fifo/gen_mem_rep[0].inst_xpm_memory/xpm_memory_base_inst/gen_wr_a.gen_word_narrow.mem_reg_0_31_0_13/RAMH_D1
  global lutram RAMD32 vit_system_i/smartconnect_ddr/inst/s00_nodes/s00_ar_node/inst/inst_mi_handler/gen_normal_area.inst_fifo_node_payld/gen_xpm_memory_fifo.inst_fifo/gen_mem_rep[0].inst_xpm_memory/xpm_memory_base_inst/gen_wr_a.gen_word_narrow.mem_reg_0_31_112_125/RAMA
  global lutram RAMD32 vit_system_i/smartconnect_ddr/inst/s00_nodes/s00_ar_node/inst/inst_mi_handler/gen_normal_area.inst_fifo_node_payld/gen_xpm_memory_fifo.inst_fifo/gen_mem_rep[0].inst_xpm_memory/xpm_memory_base_inst/gen_wr_a.gen_word_narrow.mem_reg_0_31_112_125/RAMA_D1
  global lutram RAMD32 vit_system_i/smartconnect_ddr/inst/s00_nodes/s00_ar_node/inst/inst_mi_handler/gen_normal_area.inst_fifo_node_payld/gen_xpm_memory_fifo.inst_fifo/gen_mem_rep[0].inst_xpm_memory/xpm_memory_base_inst/gen_wr_a.gen_word_narrow.mem_reg_0_31_112_125/RAMB
  global lutram RAMD32 vit_system_i/smartconnect_ddr/inst/s00_nodes/s00_ar_node/inst/inst_mi_handler/gen_normal_area.inst_fifo_node_payld/gen_xpm_memory_fifo.inst_fifo/gen_mem_rep[0].inst_xpm_memory/xpm_memory_base_inst/gen_wr_a.gen_word_narrow.mem_reg_0_31_112_125/RAMB_D1
  global lutram RAMD32 vit_system_i/smartconnect_ddr/inst/s00_nodes/s00_ar_node/inst/inst_mi_handler/gen_normal_area.inst_fifo_node_payld/gen_xpm_memory_fifo.inst_fifo/gen_mem_rep[0].inst_xpm_memory/xpm_memory_base_inst/gen_wr_a.gen_word_narrow.mem_reg_0_31_112_125/RAMC
  global lutram RAMD32 vit_system_i/smartconnect_ddr/inst/s00_nodes/s00_ar_node/inst/inst_mi_handler/gen_normal_area.inst_fifo_node_payld/gen_xpm_memory_fifo.inst_fifo/gen_mem_rep[0].inst_xpm_memory/xpm_memory_base_inst/gen_wr_a.gen_word_narrow.mem_reg_0_31_112_125/RAMC_D1
  global lutram RAMD32 vit_system_i/smartconnect_ddr/inst/s00_nodes/s00_ar_node/inst/inst_mi_handler/gen_normal_area.inst_fifo_node_payld/gen_xpm_memory_fifo.inst_fifo/gen_mem_rep[0].inst_xpm_memory/xpm_memory_base_inst/gen_wr_a.gen_word_narrow.mem_reg_0_31_112_125/RAMD
  global lutram RAMD32 vit_system_i/smartconnect_ddr/inst/s00_nodes/s00_ar_node/inst/inst_mi_handler/gen_normal_area.inst_fifo_node_payld/gen_xpm_memory_fifo.inst_fifo/gen_mem_rep[0].inst_xpm_memory/xpm_memory_base_inst/gen_wr_a.gen_word_narrow.mem_reg_0_31_112_125/RAMD_D1
  global lutram RAMD32 vit_system_i/smartconnect_ddr/inst/s00_nodes/s00_ar_node/inst/inst_mi_handler/gen_normal_area.inst_fifo_node_payld/gen_xpm_memory_fifo.inst_fifo/gen_mem_rep[0].inst_xpm_memory/xpm_memory_base_inst/gen_wr_a.gen_word_narrow.mem_reg_0_31_112_125/RAME
  global lutram RAMD32 vit_system_i/smartconnect_ddr/inst/s00_nodes/s00_ar_node/inst/inst_mi_handler/gen_normal_area.inst_fifo_node_payld/gen_xpm_memory_fifo.inst_fifo/gen_mem_rep[0].inst_xpm_memory/xpm_memory_base_inst/gen_wr_a.gen_word_narrow.mem_reg_0_31_112_125/RAME_D1
  global lutram RAMD32 vit_system_i/smartconnect_ddr/inst/s00_nodes/s00_ar_node/inst/inst_mi_handler/gen_normal_area.inst_fifo_node_payld/gen_xpm_memory_fifo.inst_fifo/gen_mem_rep[0].inst_xpm_memory/xpm_memory_base_inst/gen_wr_a.gen_word_narrow.mem_reg_0_31_112_125/RAMF
  global lutram RAMD32 vit_system_i/smartconnect_ddr/inst/s00_nodes/s00_ar_node/inst/inst_mi_handler/gen_normal_area.inst_fifo_node_payld/gen_xpm_memory_fifo.inst_fifo/gen_mem_rep[0].inst_xpm_memory/xpm_memory_base_inst/gen_wr_a.gen_word_narrow.mem_reg_0_31_112_125/RAMF_D1
  global lutram RAMD32 vit_system_i/smartconnect_ddr/inst/s00_nodes/s00_ar_node/inst/inst_mi_handler/gen_normal_area.inst_fifo_node_payld/gen_xpm_memory_fifo.inst_fifo/gen_mem_rep[0].inst_xpm_memory/xpm_memory_base_inst/gen_wr_a.gen_word_narrow.mem_reg_0_31_112_125/RAMG
  global lutram RAMD32 vit_system_i/smartconnect_ddr/inst/s00_nodes/s00_ar_node/inst/inst_mi_handler/gen_normal_area.inst_fifo_node_payld/gen_xpm_memory_fifo.inst_fifo/gen_mem_rep[0].inst_xpm_memory/xpm_memory_base_inst/gen_wr_a.gen_word_narrow.mem_reg_0_31_112_125/RAMG_D1
  global lutram RAMS32 vit_system_i/smartconnect_ddr/inst/s00_nodes/s00_ar_node/inst/inst_mi_handler/gen_normal_area.inst_fifo_node_payld/gen_xpm_memory_fifo.inst_fifo/gen_mem_rep[0].inst_xpm_memory/xpm_memory_base_inst/gen_wr_a.gen_word_narrow.mem_reg_0_31_112_125/RAMH
  global lutram RAMS32 vit_system_i/smartconnect_ddr/inst/s00_nodes/s00_ar_node/inst/inst_mi_handler/gen_normal_area.inst_fifo_node_payld/gen_xpm_memory_fifo.inst_fifo/gen_mem_rep[0].inst_xpm_memory/xpm_memory_base_inst/gen_wr_a.gen_word_narrow.mem_reg_0_31_112_125/RAMH_D1
  global lutram RAMD32 vit_system_i/smartconnect_ddr/inst/s00_nodes/s00_ar_node/inst/inst_mi_handler/gen_normal_area.inst_fifo_node_payld/gen_xpm_memory_fifo.inst_fifo/gen_mem_rep[0].inst_xpm_memory/xpm_memory_base_inst/gen_wr_a.gen_word_narrow.mem_reg_0_31_126_139/RAMA
  global lutram RAMD32 vit_system_i/smartconnect_ddr/inst/s00_nodes/s00_ar_node/inst/inst_mi_handler/gen_normal_area.inst_fifo_node_payld/gen_xpm_memory_fifo.inst_fifo/gen_mem_rep[0].inst_xpm_memory/xpm_memory_base_inst/gen_wr_a.gen_word_narrow.mem_reg_0_31_126_139/RAMA_D1
  global lutram RAMD32 vit_system_i/smartconnect_ddr/inst/s00_nodes/s00_ar_node/inst/inst_mi_handler/gen_normal_area.inst_fifo_node_payld/gen_xpm_memory_fifo.inst_fifo/gen_mem_rep[0].inst_xpm_memory/xpm_memory_base_inst/gen_wr_a.gen_word_narrow.mem_reg_0_31_126_139/RAMB
  global lutram RAMD32 vit_system_i/smartconnect_ddr/inst/s00_nodes/s00_ar_node/inst/inst_mi_handler/gen_normal_area.inst_fifo_node_payld/gen_xpm_memory_fifo.inst_fifo/gen_mem_rep[0].inst_xpm_memory/xpm_memory_base_inst/gen_wr_a.gen_word_narrow.mem_reg_0_31_126_139/RAMB_D1
  global lutram RAMD32 vit_system_i/smartconnect_ddr/inst/s00_nodes/s00_ar_node/inst/inst_mi_handler/gen_normal_area.inst_fifo_node_payld/gen_xpm_memory_fifo.inst_fifo/gen_mem_rep[0].inst_xpm_memory/xpm_memory_base_inst/gen_wr_a.gen_word_narrow.mem_reg_0_31_126_139/RAMC
  global lutram RAMD32 vit_system_i/smartconnect_ddr/inst/s00_nodes/s00_ar_node/inst/inst_mi_handler/gen_normal_area.inst_fifo_node_payld/gen_xpm_memory_fifo.inst_fifo/gen_mem_rep[0].inst_xpm_memory/xpm_memory_base_inst/gen_wr_a.gen_word_narrow.mem_reg_0_31_126_139/RAMC_D1
  global lutram RAMD32 vit_system_i/smartconnect_ddr/inst/s00_nodes/s00_ar_node/inst/inst_mi_handler/gen_normal_area.inst_fifo_node_payld/gen_xpm_memory_fifo.inst_fifo/gen_mem_rep[0].inst_xpm_memory/xpm_memory_base_inst/gen_wr_a.gen_word_narrow.mem_reg_0_31_126_139/RAMD
  global lutram RAMD32 vit_system_i/smartconnect_ddr/inst/s00_nodes/s00_ar_node/inst/inst_mi_handler/gen_normal_area.inst_fifo_node_payld/gen_xpm_memory_fifo.inst_fifo/gen_mem_rep[0].inst_xpm_memory/xpm_memory_base_inst/gen_wr_a.gen_word_narrow.mem_reg_0_31_126_139/RAMD_D1
  global lutram RAMD32 vit_system_i/smartconnect_ddr/inst/s00_nodes/s00_ar_node/inst/inst_mi_handler/gen_normal_area.inst_fifo_node_payld/gen_xpm_memory_fifo.inst_fifo/gen_mem_rep[0].inst_xpm_memory/xpm_memory_base_inst/gen_wr_a.gen_word_narrow.mem_reg_0_31_126_139/RAME
  global lutram RAMD32 vit_system_i/smartconnect_ddr/inst/s00_nodes/s00_ar_node/inst/inst_mi_handler/gen_normal_area.inst_fifo_node_payld/gen_xpm_memory_fifo.inst_fifo/gen_mem_rep[0].inst_xpm_memory/xpm_memory_base_inst/gen_wr_a.gen_word_narrow.mem_reg_0_31_126_139/RAME_D1
  global lutram RAMD32 vit_system_i/smartconnect_ddr/inst/s00_nodes/s00_ar_node/inst/inst_mi_handler/gen_normal_area.inst_fifo_node_payld/gen_xpm_memory_fifo.inst_fifo/gen_mem_rep[0].inst_xpm_memory/xpm_memory_base_inst/gen_wr_a.gen_word_narrow.mem_reg_0_31_126_139/RAMF
  global lutram RAMD32 vit_system_i/smartconnect_ddr/inst/s00_nodes/s00_ar_node/inst/inst_mi_handler/gen_normal_area.inst_fifo_node_payld/gen_xpm_memory_fifo.inst_fifo/gen_mem_rep[0].inst_xpm_memory/xpm_memory_base_inst/gen_wr_a.gen_word_narrow.mem_reg_0_31_126_139/RAMF_D1
  global lutram RAMD32 vit_system_i/smartconnect_ddr/inst/s00_nodes/s00_ar_node/inst/inst_mi_handler/gen_normal_area.inst_fifo_node_payld/gen_xpm_memory_fifo.inst_fifo/gen_mem_rep[0].inst_xpm_memory/xpm_memory_base_inst/gen_wr_a.gen_word_narrow.mem_reg_0_31_126_139/RAMG
  global lutram RAMD32 vit_system_i/smartconnect_ddr/inst/s00_nodes/s00_ar_node/inst/inst_mi_handler/gen_normal_area.inst_fifo_node_payld/gen_xpm_memory_fifo.inst_fifo/gen_mem_rep[0].inst_xpm_memory/xpm_memory_base_inst/gen_wr_a.gen_word_narrow.mem_reg_0_31_126_139/RAMG_D1
  global lutram RAMS32 vit_system_i/smartconnect_ddr/inst/s00_nodes/s00_ar_node/inst/inst_mi_handler/gen_normal_area.inst_fifo_node_payld/gen_xpm_memory_fifo.inst_fifo/gen_mem_rep[0].inst_xpm_memory/xpm_memory_base_inst/gen_wr_a.gen_word_narrow.mem_reg_0_31_126_139/RAMH
  global lutram RAMS32 vit_system_i/smartconnect_ddr/inst/s00_nodes/s00_ar_node/inst/inst_mi_handler/gen_normal_area.inst_fifo_node_payld/gen_xpm_memory_fifo.inst_fifo/gen_mem_rep[0].inst_xpm_memory/xpm_memory_base_inst/gen_wr_a.gen_word_narrow.mem_reg_0_31_126_139/RAMH_D1
  global lutram RAMD32 vit_system_i/smartconnect_ddr/inst/s00_nodes/s00_ar_node/inst/inst_mi_handler/gen_normal_area.inst_fifo_node_payld/gen_xpm_memory_fifo.inst_fifo/gen_mem_rep[0].inst_xpm_memory/xpm_memory_base_inst/gen_wr_a.gen_word_narrow.mem_reg_0_31_140_153/RAMA
  global lutram RAMD32 vit_system_i/smartconnect_ddr/inst/s00_nodes/s00_ar_node/inst/inst_mi_handler/gen_normal_area.inst_fifo_node_payld/gen_xpm_memory_fifo.inst_fifo/gen_mem_rep[0].inst_xpm_memory/xpm_memory_base_inst/gen_wr_a.gen_word_narrow.mem_reg_0_31_140_153/RAMA_D1
  global lutram RAMD32 vit_system_i/smartconnect_ddr/inst/s00_nodes/s00_ar_node/inst/inst_mi_handler/gen_normal_area.inst_fifo_node_payld/gen_xpm_memory_fifo.inst_fifo/gen_mem_rep[0].inst_xpm_memory/xpm_memory_base_inst/gen_wr_a.gen_word_narrow.mem_reg_0_31_140_153/RAMB
  global lutram RAMD32 vit_system_i/smartconnect_ddr/inst/s00_nodes/s00_ar_node/inst/inst_mi_handler/gen_normal_area.inst_fifo_node_payld/gen_xpm_memory_fifo.inst_fifo/gen_mem_rep[0].inst_xpm_memory/xpm_memory_base_inst/gen_wr_a.gen_word_narrow.mem_reg_0_31_140_153/RAMB_D1
  global lutram RAMD32 vit_system_i/smartconnect_ddr/inst/s00_nodes/s00_ar_node/inst/inst_mi_handler/gen_normal_area.inst_fifo_node_payld/gen_xpm_memory_fifo.inst_fifo/gen_mem_rep[0].inst_xpm_memory/xpm_memory_base_inst/gen_wr_a.gen_word_narrow.mem_reg_0_31_140_153/RAMC
  global lutram RAMD32 vit_system_i/smartconnect_ddr/inst/s00_nodes/s00_ar_node/inst/inst_mi_handler/gen_normal_area.inst_fifo_node_payld/gen_xpm_memory_fifo.inst_fifo/gen_mem_rep[0].inst_xpm_memory/xpm_memory_base_inst/gen_wr_a.gen_word_narrow.mem_reg_0_31_140_153/RAMC_D1
  global lutram RAMD32 vit_system_i/smartconnect_ddr/inst/s00_nodes/s00_ar_node/inst/inst_mi_handler/gen_normal_area.inst_fifo_node_payld/gen_xpm_memory_fifo.inst_fifo/gen_mem_rep[0].inst_xpm_memory/xpm_memory_base_inst/gen_wr_a.gen_word_narrow.mem_reg_0_31_140_153/RAMD
  global lutram RAMD32 vit_system_i/smartconnect_ddr/inst/s00_nodes/s00_ar_node/inst/inst_mi_handler/gen_normal_area.inst_fifo_node_payld/gen_xpm_memory_fifo.inst_fifo/gen_mem_rep[0].inst_xpm_memory/xpm_memory_base_inst/gen_wr_a.gen_word_narrow.mem_reg_0_31_140_153/RAMD_D1
  global lutram RAMD32 vit_system_i/smartconnect_ddr/inst/s00_nodes/s00_ar_node/inst/inst_mi_handler/gen_normal_area.inst_fifo_node_payld/gen_xpm_memory_fifo.inst_fifo/gen_mem_rep[0].inst_xpm_memory/xpm_memory_base_inst/gen_wr_a.gen_word_narrow.mem_reg_0_31_140_153/RAME
  global lutram RAMD32 vit_system_i/smartconnect_ddr/inst/s00_nodes/s00_ar_node/inst/inst_mi_handler/gen_normal_area.inst_fifo_node_payld/gen_xpm_memory_fifo.inst_fifo/gen_mem_rep[0].inst_xpm_memory/xpm_memory_base_inst/gen_wr_a.gen_word_narrow.mem_reg_0_31_140_153/RAME_D1
  global lutram RAMD32 vit_system_i/smartconnect_ddr/inst/s00_nodes/s00_ar_node/inst/inst_mi_handler/gen_normal_area.inst_fifo_node_payld/gen_xpm_memory_fifo.inst_fifo/gen_mem_rep[0].inst_xpm_memory/xpm_memory_base_inst/gen_wr_a.gen_word_narrow.mem_reg_0_31_140_153/RAMF
  global lutram RAMD32 vit_system_i/smartconnect_ddr/inst/s00_nodes/s00_ar_node/inst/inst_mi_handler/gen_normal_area.inst_fifo_node_payld/gen_xpm_memory_fifo.inst_fifo/gen_mem_rep[0].inst_xpm_memory/xpm_memory_base_inst/gen_wr_a.gen_word_narrow.mem_reg_0_31_140_153/RAMF_D1
  global lutram RAMD32 vit_system_i/smartconnect_ddr/inst/s00_nodes/s00_ar_node/inst/inst_mi_handler/gen_normal_area.inst_fifo_node_payld/gen_xpm_memory_fifo.inst_fifo/gen_mem_rep[0].inst_xpm_memory/xpm_memory_base_inst/gen_wr_a.gen_word_narrow.mem_reg_0_31_140_153/RAMG
  global lutram RAMD32 vit_system_i/smartconnect_ddr/inst/s00_nodes/s00_ar_node/inst/inst_mi_handler/gen_normal_area.inst_fifo_node_payld/gen_xpm_memory_fifo.inst_fifo/gen_mem_rep[0].inst_xpm_memory/xpm_memory_base_inst/gen_wr_a.gen_word_narrow.mem_reg_0_31_140_153/RAMG_D1
  global lutram RAMS32 vit_system_i/smartconnect_ddr/inst/s00_nodes/s00_ar_node/inst/inst_mi_handler/gen_normal_area.inst_fifo_node_payld/gen_xpm_memory_fifo.inst_fifo/gen_mem_rep[0].inst_xpm_memory/xpm_memory_base_inst/gen_wr_a.gen_word_narrow.mem_reg_0_31_140_153/RAMH
  global lutram RAMS32 vit_system_i/smartconnect_ddr/inst/s00_nodes/s00_ar_node/inst/inst_mi_handler/gen_normal_area.inst_fifo_node_payld/gen_xpm_memory_fifo.inst_fifo/gen_mem_rep[0].inst_xpm_memory/xpm_memory_base_inst/gen_wr_a.gen_word_narrow.mem_reg_0_31_140_153/RAMH_D1
  global lutram RAMD32 vit_system_i/smartconnect_ddr/inst/s00_nodes/s00_ar_node/inst/inst_mi_handler/gen_normal_area.inst_fifo_node_payld/gen_xpm_memory_fifo.inst_fifo/gen_mem_rep[0].inst_xpm_memory/xpm_memory_base_inst/gen_wr_a.gen_word_narrow.mem_reg_0_31_70_83/RAMA
  global lutram RAMD32 vit_system_i/smartconnect_ddr/inst/s00_nodes/s00_ar_node/inst/inst_mi_handler/gen_normal_area.inst_fifo_node_payld/gen_xpm_memory_fifo.inst_fifo/gen_mem_rep[0].inst_xpm_memory/xpm_memory_base_inst/gen_wr_a.gen_word_narrow.mem_reg_0_31_70_83/RAMA_D1
  global lutram RAMD32 vit_system_i/smartconnect_ddr/inst/s00_nodes/s00_ar_node/inst/inst_mi_handler/gen_normal_area.inst_fifo_node_payld/gen_xpm_memory_fifo.inst_fifo/gen_mem_rep[0].inst_xpm_memory/xpm_memory_base_inst/gen_wr_a.gen_word_narrow.mem_reg_0_31_70_83/RAMB
  global lutram RAMD32 vit_system_i/smartconnect_ddr/inst/s00_nodes/s00_ar_node/inst/inst_mi_handler/gen_normal_area.inst_fifo_node_payld/gen_xpm_memory_fifo.inst_fifo/gen_mem_rep[0].inst_xpm_memory/xpm_memory_base_inst/gen_wr_a.gen_word_narrow.mem_reg_0_31_70_83/RAMB_D1
  global lutram RAMD32 vit_system_i/smartconnect_ddr/inst/s00_nodes/s00_ar_node/inst/inst_mi_handler/gen_normal_area.inst_fifo_node_payld/gen_xpm_memory_fifo.inst_fifo/gen_mem_rep[0].inst_xpm_memory/xpm_memory_base_inst/gen_wr_a.gen_word_narrow.mem_reg_0_31_70_83/RAMC
  global lutram RAMD32 vit_system_i/smartconnect_ddr/inst/s00_nodes/s00_ar_node/inst/inst_mi_handler/gen_normal_area.inst_fifo_node_payld/gen_xpm_memory_fifo.inst_fifo/gen_mem_rep[0].inst_xpm_memory/xpm_memory_base_inst/gen_wr_a.gen_word_narrow.mem_reg_0_31_70_83/RAMC_D1
  global lutram RAMD32 vit_system_i/smartconnect_ddr/inst/s00_nodes/s00_ar_node/inst/inst_mi_handler/gen_normal_area.inst_fifo_node_payld/gen_xpm_memory_fifo.inst_fifo/gen_mem_rep[0].inst_xpm_memory/xpm_memory_base_inst/gen_wr_a.gen_word_narrow.mem_reg_0_31_70_83/RAMD
  global lutram RAMD32 vit_system_i/smartconnect_ddr/inst/s00_nodes/s00_ar_node/inst/inst_mi_handler/gen_normal_area.inst_fifo_node_payld/gen_xpm_memory_fifo.inst_fifo/gen_mem_rep[0].inst_xpm_memory/xpm_memory_base_inst/gen_wr_a.gen_word_narrow.mem_reg_0_31_70_83/RAMD_D1
  global lutram RAMD32 vit_system_i/smartconnect_ddr/inst/s00_nodes/s00_ar_node/inst/inst_mi_handler/gen_normal_area.inst_fifo_node_payld/gen_xpm_memory_fifo.inst_fifo/gen_mem_rep[0].inst_xpm_memory/xpm_memory_base_inst/gen_wr_a.gen_word_narrow.mem_reg_0_31_70_83/RAME
  global lutram RAMD32 vit_system_i/smartconnect_ddr/inst/s00_nodes/s00_ar_node/inst/inst_mi_handler/gen_normal_area.inst_fifo_node_payld/gen_xpm_memory_fifo.inst_fifo/gen_mem_rep[0].inst_xpm_memory/xpm_memory_base_inst/gen_wr_a.gen_word_narrow.mem_reg_0_31_70_83/RAME_D1
  global lutram RAMD32 vit_system_i/smartconnect_ddr/inst/s00_nodes/s00_ar_node/inst/inst_mi_handler/gen_normal_area.inst_fifo_node_payld/gen_xpm_memory_fifo.inst_fifo/gen_mem_rep[0].inst_xpm_memory/xpm_memory_base_inst/gen_wr_a.gen_word_narrow.mem_reg_0_31_70_83/RAMF
  global lutram RAMD32 vit_system_i/smartconnect_ddr/inst/s00_nodes/s00_ar_node/inst/inst_mi_handler/gen_normal_area.inst_fifo_node_payld/gen_xpm_memory_fifo.inst_fifo/gen_mem_rep[0].inst_xpm_memory/xpm_memory_base_inst/gen_wr_a.gen_word_narrow.mem_reg_0_31_70_83/RAMF_D1
  global lutram RAMD32 vit_system_i/smartconnect_ddr/inst/s00_nodes/s00_ar_node/inst/inst_mi_handler/gen_normal_area.inst_fifo_node_payld/gen_xpm_memory_fifo.inst_fifo/gen_mem_rep[0].inst_xpm_memory/xpm_memory_base_inst/gen_wr_a.gen_word_narrow.mem_reg_0_31_70_83/RAMG
  global lutram RAMD32 vit_system_i/smartconnect_ddr/inst/s00_nodes/s00_ar_node/inst/inst_mi_handler/gen_normal_area.inst_fifo_node_payld/gen_xpm_memory_fifo.inst_fifo/gen_mem_rep[0].inst_xpm_memory/xpm_memory_base_inst/gen_wr_a.gen_word_narrow.mem_reg_0_31_70_83/RAMG_D1
  global lutram RAMS32 vit_system_i/smartconnect_ddr/inst/s00_nodes/s00_ar_node/inst/inst_mi_handler/gen_normal_area.inst_fifo_node_payld/gen_xpm_memory_fifo.inst_fifo/gen_mem_rep[0].inst_xpm_memory/xpm_memory_base_inst/gen_wr_a.gen_word_narrow.mem_reg_0_31_70_83/RAMH
  global lutram RAMS32 vit_system_i/smartconnect_ddr/inst/s00_nodes/s00_ar_node/inst/inst_mi_handler/gen_normal_area.inst_fifo_node_payld/gen_xpm_memory_fifo.inst_fifo/gen_mem_rep[0].inst_xpm_memory/xpm_memory_base_inst/gen_wr_a.gen_word_narrow.mem_reg_0_31_70_83/RAMH_D1
  global lutram RAMD32 vit_system_i/smartconnect_ddr/inst/s00_nodes/s00_ar_node/inst/inst_mi_handler/gen_normal_area.inst_fifo_node_payld/gen_xpm_memory_fifo.inst_fifo/gen_mem_rep[0].inst_xpm_memory/xpm_memory_base_inst/gen_wr_a.gen_word_narrow.mem_reg_0_31_84_97/RAMA
  global lutram RAMD32 vit_system_i/smartconnect_ddr/inst/s00_nodes/s00_ar_node/inst/inst_mi_handler/gen_normal_area.inst_fifo_node_payld/gen_xpm_memory_fifo.inst_fifo/gen_mem_rep[0].inst_xpm_memory/xpm_memory_base_inst/gen_wr_a.gen_word_narrow.mem_reg_0_31_84_97/RAMA_D1
  global lutram RAMD32 vit_system_i/smartconnect_ddr/inst/s00_nodes/s00_ar_node/inst/inst_mi_handler/gen_normal_area.inst_fifo_node_payld/gen_xpm_memory_fifo.inst_fifo/gen_mem_rep[0].inst_xpm_memory/xpm_memory_base_inst/gen_wr_a.gen_word_narrow.mem_reg_0_31_84_97/RAMB
  global lutram RAMD32 vit_system_i/smartconnect_ddr/inst/s00_nodes/s00_ar_node/inst/inst_mi_handler/gen_normal_area.inst_fifo_node_payld/gen_xpm_memory_fifo.inst_fifo/gen_mem_rep[0].inst_xpm_memory/xpm_memory_base_inst/gen_wr_a.gen_word_narrow.mem_reg_0_31_84_97/RAMB_D1
  global lutram RAMD32 vit_system_i/smartconnect_ddr/inst/s00_nodes/s00_ar_node/inst/inst_mi_handler/gen_normal_area.inst_fifo_node_payld/gen_xpm_memory_fifo.inst_fifo/gen_mem_rep[0].inst_xpm_memory/xpm_memory_base_inst/gen_wr_a.gen_word_narrow.mem_reg_0_31_84_97/RAMC
  global lutram RAMD32 vit_system_i/smartconnect_ddr/inst/s00_nodes/s00_ar_node/inst/inst_mi_handler/gen_normal_area.inst_fifo_node_payld/gen_xpm_memory_fifo.inst_fifo/gen_mem_rep[0].inst_xpm_memory/xpm_memory_base_inst/gen_wr_a.gen_word_narrow.mem_reg_0_31_84_97/RAMC_D1
  global lutram RAMD32 vit_system_i/smartconnect_ddr/inst/s00_nodes/s00_ar_node/inst/inst_mi_handler/gen_normal_area.inst_fifo_node_payld/gen_xpm_memory_fifo.inst_fifo/gen_mem_rep[0].inst_xpm_memory/xpm_memory_base_inst/gen_wr_a.gen_word_narrow.mem_reg_0_31_84_97/RAMD
  global lutram RAMD32 vit_system_i/smartconnect_ddr/inst/s00_nodes/s00_ar_node/inst/inst_mi_handler/gen_normal_area.inst_fifo_node_payld/gen_xpm_memory_fifo.inst_fifo/gen_mem_rep[0].inst_xpm_memory/xpm_memory_base_inst/gen_wr_a.gen_word_narrow.mem_reg_0_31_84_97/RAMD_D1
  global lutram RAMD32 vit_system_i/smartconnect_ddr/inst/s00_nodes/s00_ar_node/inst/inst_mi_handler/gen_normal_area.inst_fifo_node_payld/gen_xpm_memory_fifo.inst_fifo/gen_mem_rep[0].inst_xpm_memory/xpm_memory_base_inst/gen_wr_a.gen_word_narrow.mem_reg_0_31_84_97/RAME
  global lutram RAMD32 vit_system_i/smartconnect_ddr/inst/s00_nodes/s00_ar_node/inst/inst_mi_handler/gen_normal_area.inst_fifo_node_payld/gen_xpm_memory_fifo.inst_fifo/gen_mem_rep[0].inst_xpm_memory/xpm_memory_base_inst/gen_wr_a.gen_word_narrow.mem_reg_0_31_84_97/RAME_D1
  global lutram RAMD32 vit_system_i/smartconnect_ddr/inst/s00_nodes/s00_ar_node/inst/inst_mi_handler/gen_normal_area.inst_fifo_node_payld/gen_xpm_memory_fifo.inst_fifo/gen_mem_rep[0].inst_xpm_memory/xpm_memory_base_inst/gen_wr_a.gen_word_narrow.mem_reg_0_31_84_97/RAMF
  global lutram RAMD32 vit_system_i/smartconnect_ddr/inst/s00_nodes/s00_ar_node/inst/inst_mi_handler/gen_normal_area.inst_fifo_node_payld/gen_xpm_memory_fifo.inst_fifo/gen_mem_rep[0].inst_xpm_memory/xpm_memory_base_inst/gen_wr_a.gen_word_narrow.mem_reg_0_31_84_97/RAMF_D1
  global lutram RAMD32 vit_system_i/smartconnect_ddr/inst/s00_nodes/s00_ar_node/inst/inst_mi_handler/gen_normal_area.inst_fifo_node_payld/gen_xpm_memory_fifo.inst_fifo/gen_mem_rep[0].inst_xpm_memory/xpm_memory_base_inst/gen_wr_a.gen_word_narrow.mem_reg_0_31_84_97/RAMG
  global lutram RAMD32 vit_system_i/smartconnect_ddr/inst/s00_nodes/s00_ar_node/inst/inst_mi_handler/gen_normal_area.inst_fifo_node_payld/gen_xpm_memory_fifo.inst_fifo/gen_mem_rep[0].inst_xpm_memory/xpm_memory_base_inst/gen_wr_a.gen_word_narrow.mem_reg_0_31_84_97/RAMG_D1
  global lutram RAMS32 vit_system_i/smartconnect_ddr/inst/s00_nodes/s00_ar_node/inst/inst_mi_handler/gen_normal_area.inst_fifo_node_payld/gen_xpm_memory_fifo.inst_fifo/gen_mem_rep[0].inst_xpm_memory/xpm_memory_base_inst/gen_wr_a.gen_word_narrow.mem_reg_0_31_84_97/RAMH
  global lutram RAMS32 vit_system_i/smartconnect_ddr/inst/s00_nodes/s00_ar_node/inst/inst_mi_handler/gen_normal_area.inst_fifo_node_payld/gen_xpm_memory_fifo.inst_fifo/gen_mem_rep[0].inst_xpm_memory/xpm_memory_base_inst/gen_wr_a.gen_word_narrow.mem_reg_0_31_84_97/RAMH_D1
  global lutram RAMD32 vit_system_i/smartconnect_ddr/inst/s00_nodes/s00_ar_node/inst/inst_mi_handler/gen_normal_area.inst_fifo_node_payld/gen_xpm_memory_fifo.inst_fifo/gen_mem_rep[0].inst_xpm_memory/xpm_memory_base_inst/gen_wr_a.gen_word_narrow.mem_reg_0_31_98_111/RAMA
  global lutram RAMD32 vit_system_i/smartconnect_ddr/inst/s00_nodes/s00_ar_node/inst/inst_mi_handler/gen_normal_area.inst_fifo_node_payld/gen_xpm_memory_fifo.inst_fifo/gen_mem_rep[0].inst_xpm_memory/xpm_memory_base_inst/gen_wr_a.gen_word_narrow.mem_reg_0_31_98_111/RAMA_D1
  global lutram RAMD32 vit_system_i/smartconnect_ddr/inst/s00_nodes/s00_ar_node/inst/inst_mi_handler/gen_normal_area.inst_fifo_node_payld/gen_xpm_memory_fifo.inst_fifo/gen_mem_rep[0].inst_xpm_memory/xpm_memory_base_inst/gen_wr_a.gen_word_narrow.mem_reg_0_31_98_111/RAMB
  global lutram RAMD32 vit_system_i/smartconnect_ddr/inst/s00_nodes/s00_ar_node/inst/inst_mi_handler/gen_normal_area.inst_fifo_node_payld/gen_xpm_memory_fifo.inst_fifo/gen_mem_rep[0].inst_xpm_memory/xpm_memory_base_inst/gen_wr_a.gen_word_narrow.mem_reg_0_31_98_111/RAMB_D1
  global lutram RAMD32 vit_system_i/smartconnect_ddr/inst/s00_nodes/s00_ar_node/inst/inst_mi_handler/gen_normal_area.inst_fifo_node_payld/gen_xpm_memory_fifo.inst_fifo/gen_mem_rep[0].inst_xpm_memory/xpm_memory_base_inst/gen_wr_a.gen_word_narrow.mem_reg_0_31_98_111/RAMC
  global lutram RAMD32 vit_system_i/smartconnect_ddr/inst/s00_nodes/s00_ar_node/inst/inst_mi_handler/gen_normal_area.inst_fifo_node_payld/gen_xpm_memory_fifo.inst_fifo/gen_mem_rep[0].inst_xpm_memory/xpm_memory_base_inst/gen_wr_a.gen_word_narrow.mem_reg_0_31_98_111/RAMC_D1
  global lutram RAMD32 vit_system_i/smartconnect_ddr/inst/s00_nodes/s00_ar_node/inst/inst_mi_handler/gen_normal_area.inst_fifo_node_payld/gen_xpm_memory_fifo.inst_fifo/gen_mem_rep[0].inst_xpm_memory/xpm_memory_base_inst/gen_wr_a.gen_word_narrow.mem_reg_0_31_98_111/RAMD
  global lutram RAMD32 vit_system_i/smartconnect_ddr/inst/s00_nodes/s00_ar_node/inst/inst_mi_handler/gen_normal_area.inst_fifo_node_payld/gen_xpm_memory_fifo.inst_fifo/gen_mem_rep[0].inst_xpm_memory/xpm_memory_base_inst/gen_wr_a.gen_word_narrow.mem_reg_0_31_98_111/RAMD_D1
  global lutram RAMD32 vit_system_i/smartconnect_ddr/inst/s00_nodes/s00_ar_node/inst/inst_mi_handler/gen_normal_area.inst_fifo_node_payld/gen_xpm_memory_fifo.inst_fifo/gen_mem_rep[0].inst_xpm_memory/xpm_memory_base_inst/gen_wr_a.gen_word_narrow.mem_reg_0_31_98_111/RAME
  global lutram RAMD32 vit_system_i/smartconnect_ddr/inst/s00_nodes/s00_ar_node/inst/inst_mi_handler/gen_normal_area.inst_fifo_node_payld/gen_xpm_memory_fifo.inst_fifo/gen_mem_rep[0].inst_xpm_memory/xpm_memory_base_inst/gen_wr_a.gen_word_narrow.mem_reg_0_31_98_111/RAME_D1
  global lutram RAMD32 vit_system_i/smartconnect_ddr/inst/s00_nodes/s00_ar_node/inst/inst_mi_handler/gen_normal_area.inst_fifo_node_payld/gen_xpm_memory_fifo.inst_fifo/gen_mem_rep[0].inst_xpm_memory/xpm_memory_base_inst/gen_wr_a.gen_word_narrow.mem_reg_0_31_98_111/RAMF
  global lutram RAMD32 vit_system_i/smartconnect_ddr/inst/s00_nodes/s00_ar_node/inst/inst_mi_handler/gen_normal_area.inst_fifo_node_payld/gen_xpm_memory_fifo.inst_fifo/gen_mem_rep[0].inst_xpm_memory/xpm_memory_base_inst/gen_wr_a.gen_word_narrow.mem_reg_0_31_98_111/RAMF_D1
  global lutram RAMD32 vit_system_i/smartconnect_ddr/inst/s00_nodes/s00_ar_node/inst/inst_mi_handler/gen_normal_area.inst_fifo_node_payld/gen_xpm_memory_fifo.inst_fifo/gen_mem_rep[0].inst_xpm_memory/xpm_memory_base_inst/gen_wr_a.gen_word_narrow.mem_reg_0_31_98_111/RAMG
  global lutram RAMD32 vit_system_i/smartconnect_ddr/inst/s00_nodes/s00_ar_node/inst/inst_mi_handler/gen_normal_area.inst_fifo_node_payld/gen_xpm_memory_fifo.inst_fifo/gen_mem_rep[0].inst_xpm_memory/xpm_memory_base_inst/gen_wr_a.gen_word_narrow.mem_reg_0_31_98_111/RAMG_D1
  global lutram RAMS32 vit_system_i/smartconnect_ddr/inst/s00_nodes/s00_ar_node/inst/inst_mi_handler/gen_normal_area.inst_fifo_node_payld/gen_xpm_memory_fifo.inst_fifo/gen_mem_rep[0].inst_xpm_memory/xpm_memory_base_inst/gen_wr_a.gen_word_narrow.mem_reg_0_31_98_111/RAMH
  global lutram RAMS32 vit_system_i/smartconnect_ddr/inst/s00_nodes/s00_ar_node/inst/inst_mi_handler/gen_normal_area.inst_fifo_node_payld/gen_xpm_memory_fifo.inst_fifo/gen_mem_rep[0].inst_xpm_memory/xpm_memory_base_inst/gen_wr_a.gen_word_narrow.mem_reg_0_31_98_111/RAMH_D1
  global lutram RAM32M16 vit_system_i/smartconnect_ddr/inst/s00_nodes/s00_aw_node/inst/inst_mi_handler/gen_normal_area.inst_fifo_node_payld/gen_xpm_memory_fifo.inst_fifo/gen_mem_rep[0].inst_xpm_memory/xpm_memory_base_inst/gen_wr_a.gen_word_narrow.mem_reg_0_31_0_13
  global lutram RAM32M16 vit_system_i/smartconnect_ddr/inst/s00_nodes/s00_aw_node/inst/inst_mi_handler/gen_normal_area.inst_fifo_node_payld/gen_xpm_memory_fifo.inst_fifo/gen_mem_rep[0].inst_xpm_memory/xpm_memory_base_inst/gen_wr_a.gen_word_narrow.mem_reg_0_31_112_125
  global lutram RAM32M16 vit_system_i/smartconnect_ddr/inst/s00_nodes/s00_aw_node/inst/inst_mi_handler/gen_normal_area.inst_fifo_node_payld/gen_xpm_memory_fifo.inst_fifo/gen_mem_rep[0].inst_xpm_memory/xpm_memory_base_inst/gen_wr_a.gen_word_narrow.mem_reg_0_31_126_139
  global lutram RAM32M16 vit_system_i/smartconnect_ddr/inst/s00_nodes/s00_aw_node/inst/inst_mi_handler/gen_normal_area.inst_fifo_node_payld/gen_xpm_memory_fifo.inst_fifo/gen_mem_rep[0].inst_xpm_memory/xpm_memory_base_inst/gen_wr_a.gen_word_narrow.mem_reg_0_31_140_153
  global lutram RAM32M16 vit_system_i/smartconnect_ddr/inst/s00_nodes/s00_aw_node/inst/inst_mi_handler/gen_normal_area.inst_fifo_node_payld/gen_xpm_memory_fifo.inst_fifo/gen_mem_rep[0].inst_xpm_memory/xpm_memory_base_inst/gen_wr_a.gen_word_narrow.mem_reg_0_31_70_83
  global lutram RAM32M16 vit_system_i/smartconnect_ddr/inst/s00_nodes/s00_aw_node/inst/inst_mi_handler/gen_normal_area.inst_fifo_node_payld/gen_xpm_memory_fifo.inst_fifo/gen_mem_rep[0].inst_xpm_memory/xpm_memory_base_inst/gen_wr_a.gen_word_narrow.mem_reg_0_31_84_97
  global lutram RAM32M16 vit_system_i/smartconnect_ddr/inst/s00_nodes/s00_aw_node/inst/inst_mi_handler/gen_normal_area.inst_fifo_node_payld/gen_xpm_memory_fifo.inst_fifo/gen_mem_rep[0].inst_xpm_memory/xpm_memory_base_inst/gen_wr_a.gen_word_narrow.mem_reg_0_31_98_111
  global lutram RAMD32 vit_system_i/smartconnect_ddr/inst/s00_nodes/s00_aw_node/inst/inst_mi_handler/gen_normal_area.inst_fifo_node_payld/gen_xpm_memory_fifo.inst_fifo/gen_mem_rep[0].inst_xpm_memory/xpm_memory_base_inst/gen_wr_a.gen_word_narrow.mem_reg_0_31_0_13/RAMA
  global lutram RAMD32 vit_system_i/smartconnect_ddr/inst/s00_nodes/s00_aw_node/inst/inst_mi_handler/gen_normal_area.inst_fifo_node_payld/gen_xpm_memory_fifo.inst_fifo/gen_mem_rep[0].inst_xpm_memory/xpm_memory_base_inst/gen_wr_a.gen_word_narrow.mem_reg_0_31_0_13/RAMA_D1
  global lutram RAMD32 vit_system_i/smartconnect_ddr/inst/s00_nodes/s00_aw_node/inst/inst_mi_handler/gen_normal_area.inst_fifo_node_payld/gen_xpm_memory_fifo.inst_fifo/gen_mem_rep[0].inst_xpm_memory/xpm_memory_base_inst/gen_wr_a.gen_word_narrow.mem_reg_0_31_0_13/RAMB
  global lutram RAMD32 vit_system_i/smartconnect_ddr/inst/s00_nodes/s00_aw_node/inst/inst_mi_handler/gen_normal_area.inst_fifo_node_payld/gen_xpm_memory_fifo.inst_fifo/gen_mem_rep[0].inst_xpm_memory/xpm_memory_base_inst/gen_wr_a.gen_word_narrow.mem_reg_0_31_0_13/RAMB_D1
  global lutram RAMD32 vit_system_i/smartconnect_ddr/inst/s00_nodes/s00_aw_node/inst/inst_mi_handler/gen_normal_area.inst_fifo_node_payld/gen_xpm_memory_fifo.inst_fifo/gen_mem_rep[0].inst_xpm_memory/xpm_memory_base_inst/gen_wr_a.gen_word_narrow.mem_reg_0_31_0_13/RAMC
  global lutram RAMD32 vit_system_i/smartconnect_ddr/inst/s00_nodes/s00_aw_node/inst/inst_mi_handler/gen_normal_area.inst_fifo_node_payld/gen_xpm_memory_fifo.inst_fifo/gen_mem_rep[0].inst_xpm_memory/xpm_memory_base_inst/gen_wr_a.gen_word_narrow.mem_reg_0_31_0_13/RAMC_D1
  global lutram RAMD32 vit_system_i/smartconnect_ddr/inst/s00_nodes/s00_aw_node/inst/inst_mi_handler/gen_normal_area.inst_fifo_node_payld/gen_xpm_memory_fifo.inst_fifo/gen_mem_rep[0].inst_xpm_memory/xpm_memory_base_inst/gen_wr_a.gen_word_narrow.mem_reg_0_31_0_13/RAMD
  global lutram RAMD32 vit_system_i/smartconnect_ddr/inst/s00_nodes/s00_aw_node/inst/inst_mi_handler/gen_normal_area.inst_fifo_node_payld/gen_xpm_memory_fifo.inst_fifo/gen_mem_rep[0].inst_xpm_memory/xpm_memory_base_inst/gen_wr_a.gen_word_narrow.mem_reg_0_31_0_13/RAMD_D1
  global lutram RAMD32 vit_system_i/smartconnect_ddr/inst/s00_nodes/s00_aw_node/inst/inst_mi_handler/gen_normal_area.inst_fifo_node_payld/gen_xpm_memory_fifo.inst_fifo/gen_mem_rep[0].inst_xpm_memory/xpm_memory_base_inst/gen_wr_a.gen_word_narrow.mem_reg_0_31_0_13/RAME
  global lutram RAMD32 vit_system_i/smartconnect_ddr/inst/s00_nodes/s00_aw_node/inst/inst_mi_handler/gen_normal_area.inst_fifo_node_payld/gen_xpm_memory_fifo.inst_fifo/gen_mem_rep[0].inst_xpm_memory/xpm_memory_base_inst/gen_wr_a.gen_word_narrow.mem_reg_0_31_0_13/RAME_D1
  global lutram RAMD32 vit_system_i/smartconnect_ddr/inst/s00_nodes/s00_aw_node/inst/inst_mi_handler/gen_normal_area.inst_fifo_node_payld/gen_xpm_memory_fifo.inst_fifo/gen_mem_rep[0].inst_xpm_memory/xpm_memory_base_inst/gen_wr_a.gen_word_narrow.mem_reg_0_31_0_13/RAMF
  global lutram RAMD32 vit_system_i/smartconnect_ddr/inst/s00_nodes/s00_aw_node/inst/inst_mi_handler/gen_normal_area.inst_fifo_node_payld/gen_xpm_memory_fifo.inst_fifo/gen_mem_rep[0].inst_xpm_memory/xpm_memory_base_inst/gen_wr_a.gen_word_narrow.mem_reg_0_31_0_13/RAMF_D1
  global lutram RAMD32 vit_system_i/smartconnect_ddr/inst/s00_nodes/s00_aw_node/inst/inst_mi_handler/gen_normal_area.inst_fifo_node_payld/gen_xpm_memory_fifo.inst_fifo/gen_mem_rep[0].inst_xpm_memory/xpm_memory_base_inst/gen_wr_a.gen_word_narrow.mem_reg_0_31_0_13/RAMG
  global lutram RAMD32 vit_system_i/smartconnect_ddr/inst/s00_nodes/s00_aw_node/inst/inst_mi_handler/gen_normal_area.inst_fifo_node_payld/gen_xpm_memory_fifo.inst_fifo/gen_mem_rep[0].inst_xpm_memory/xpm_memory_base_inst/gen_wr_a.gen_word_narrow.mem_reg_0_31_0_13/RAMG_D1
  global lutram RAMS32 vit_system_i/smartconnect_ddr/inst/s00_nodes/s00_aw_node/inst/inst_mi_handler/gen_normal_area.inst_fifo_node_payld/gen_xpm_memory_fifo.inst_fifo/gen_mem_rep[0].inst_xpm_memory/xpm_memory_base_inst/gen_wr_a.gen_word_narrow.mem_reg_0_31_0_13/RAMH
  global lutram RAMS32 vit_system_i/smartconnect_ddr/inst/s00_nodes/s00_aw_node/inst/inst_mi_handler/gen_normal_area.inst_fifo_node_payld/gen_xpm_memory_fifo.inst_fifo/gen_mem_rep[0].inst_xpm_memory/xpm_memory_base_inst/gen_wr_a.gen_word_narrow.mem_reg_0_31_0_13/RAMH_D1
  global lutram RAMD32 vit_system_i/smartconnect_ddr/inst/s00_nodes/s00_aw_node/inst/inst_mi_handler/gen_normal_area.inst_fifo_node_payld/gen_xpm_memory_fifo.inst_fifo/gen_mem_rep[0].inst_xpm_memory/xpm_memory_base_inst/gen_wr_a.gen_word_narrow.mem_reg_0_31_112_125/RAMA
  global lutram RAMD32 vit_system_i/smartconnect_ddr/inst/s00_nodes/s00_aw_node/inst/inst_mi_handler/gen_normal_area.inst_fifo_node_payld/gen_xpm_memory_fifo.inst_fifo/gen_mem_rep[0].inst_xpm_memory/xpm_memory_base_inst/gen_wr_a.gen_word_narrow.mem_reg_0_31_112_125/RAMA_D1
  global lutram RAMD32 vit_system_i/smartconnect_ddr/inst/s00_nodes/s00_aw_node/inst/inst_mi_handler/gen_normal_area.inst_fifo_node_payld/gen_xpm_memory_fifo.inst_fifo/gen_mem_rep[0].inst_xpm_memory/xpm_memory_base_inst/gen_wr_a.gen_word_narrow.mem_reg_0_31_112_125/RAMB
  global lutram RAMD32 vit_system_i/smartconnect_ddr/inst/s00_nodes/s00_aw_node/inst/inst_mi_handler/gen_normal_area.inst_fifo_node_payld/gen_xpm_memory_fifo.inst_fifo/gen_mem_rep[0].inst_xpm_memory/xpm_memory_base_inst/gen_wr_a.gen_word_narrow.mem_reg_0_31_112_125/RAMB_D1
  global lutram RAMD32 vit_system_i/smartconnect_ddr/inst/s00_nodes/s00_aw_node/inst/inst_mi_handler/gen_normal_area.inst_fifo_node_payld/gen_xpm_memory_fifo.inst_fifo/gen_mem_rep[0].inst_xpm_memory/xpm_memory_base_inst/gen_wr_a.gen_word_narrow.mem_reg_0_31_112_125/RAMC
  global lutram RAMD32 vit_system_i/smartconnect_ddr/inst/s00_nodes/s00_aw_node/inst/inst_mi_handler/gen_normal_area.inst_fifo_node_payld/gen_xpm_memory_fifo.inst_fifo/gen_mem_rep[0].inst_xpm_memory/xpm_memory_base_inst/gen_wr_a.gen_word_narrow.mem_reg_0_31_112_125/RAMC_D1
  global lutram RAMD32 vit_system_i/smartconnect_ddr/inst/s00_nodes/s00_aw_node/inst/inst_mi_handler/gen_normal_area.inst_fifo_node_payld/gen_xpm_memory_fifo.inst_fifo/gen_mem_rep[0].inst_xpm_memory/xpm_memory_base_inst/gen_wr_a.gen_word_narrow.mem_reg_0_31_112_125/RAMD
  global lutram RAMD32 vit_system_i/smartconnect_ddr/inst/s00_nodes/s00_aw_node/inst/inst_mi_handler/gen_normal_area.inst_fifo_node_payld/gen_xpm_memory_fifo.inst_fifo/gen_mem_rep[0].inst_xpm_memory/xpm_memory_base_inst/gen_wr_a.gen_word_narrow.mem_reg_0_31_112_125/RAMD_D1
  global lutram RAMD32 vit_system_i/smartconnect_ddr/inst/s00_nodes/s00_aw_node/inst/inst_mi_handler/gen_normal_area.inst_fifo_node_payld/gen_xpm_memory_fifo.inst_fifo/gen_mem_rep[0].inst_xpm_memory/xpm_memory_base_inst/gen_wr_a.gen_word_narrow.mem_reg_0_31_112_125/RAME
  global lutram RAMD32 vit_system_i/smartconnect_ddr/inst/s00_nodes/s00_aw_node/inst/inst_mi_handler/gen_normal_area.inst_fifo_node_payld/gen_xpm_memory_fifo.inst_fifo/gen_mem_rep[0].inst_xpm_memory/xpm_memory_base_inst/gen_wr_a.gen_word_narrow.mem_reg_0_31_112_125/RAME_D1
  global lutram RAMD32 vit_system_i/smartconnect_ddr/inst/s00_nodes/s00_aw_node/inst/inst_mi_handler/gen_normal_area.inst_fifo_node_payld/gen_xpm_memory_fifo.inst_fifo/gen_mem_rep[0].inst_xpm_memory/xpm_memory_base_inst/gen_wr_a.gen_word_narrow.mem_reg_0_31_112_125/RAMF
  global lutram RAMD32 vit_system_i/smartconnect_ddr/inst/s00_nodes/s00_aw_node/inst/inst_mi_handler/gen_normal_area.inst_fifo_node_payld/gen_xpm_memory_fifo.inst_fifo/gen_mem_rep[0].inst_xpm_memory/xpm_memory_base_inst/gen_wr_a.gen_word_narrow.mem_reg_0_31_112_125/RAMF_D1
  global lutram RAMD32 vit_system_i/smartconnect_ddr/inst/s00_nodes/s00_aw_node/inst/inst_mi_handler/gen_normal_area.inst_fifo_node_payld/gen_xpm_memory_fifo.inst_fifo/gen_mem_rep[0].inst_xpm_memory/xpm_memory_base_inst/gen_wr_a.gen_word_narrow.mem_reg_0_31_112_125/RAMG
  global lutram RAMD32 vit_system_i/smartconnect_ddr/inst/s00_nodes/s00_aw_node/inst/inst_mi_handler/gen_normal_area.inst_fifo_node_payld/gen_xpm_memory_fifo.inst_fifo/gen_mem_rep[0].inst_xpm_memory/xpm_memory_base_inst/gen_wr_a.gen_word_narrow.mem_reg_0_31_112_125/RAMG_D1
  global lutram RAMS32 vit_system_i/smartconnect_ddr/inst/s00_nodes/s00_aw_node/inst/inst_mi_handler/gen_normal_area.inst_fifo_node_payld/gen_xpm_memory_fifo.inst_fifo/gen_mem_rep[0].inst_xpm_memory/xpm_memory_base_inst/gen_wr_a.gen_word_narrow.mem_reg_0_31_112_125/RAMH
  global lutram RAMS32 vit_system_i/smartconnect_ddr/inst/s00_nodes/s00_aw_node/inst/inst_mi_handler/gen_normal_area.inst_fifo_node_payld/gen_xpm_memory_fifo.inst_fifo/gen_mem_rep[0].inst_xpm_memory/xpm_memory_base_inst/gen_wr_a.gen_word_narrow.mem_reg_0_31_112_125/RAMH_D1
  global lutram RAMD32 vit_system_i/smartconnect_ddr/inst/s00_nodes/s00_aw_node/inst/inst_mi_handler/gen_normal_area.inst_fifo_node_payld/gen_xpm_memory_fifo.inst_fifo/gen_mem_rep[0].inst_xpm_memory/xpm_memory_base_inst/gen_wr_a.gen_word_narrow.mem_reg_0_31_126_139/RAMA
  global lutram RAMD32 vit_system_i/smartconnect_ddr/inst/s00_nodes/s00_aw_node/inst/inst_mi_handler/gen_normal_area.inst_fifo_node_payld/gen_xpm_memory_fifo.inst_fifo/gen_mem_rep[0].inst_xpm_memory/xpm_memory_base_inst/gen_wr_a.gen_word_narrow.mem_reg_0_31_126_139/RAMA_D1
  global lutram RAMD32 vit_system_i/smartconnect_ddr/inst/s00_nodes/s00_aw_node/inst/inst_mi_handler/gen_normal_area.inst_fifo_node_payld/gen_xpm_memory_fifo.inst_fifo/gen_mem_rep[0].inst_xpm_memory/xpm_memory_base_inst/gen_wr_a.gen_word_narrow.mem_reg_0_31_126_139/RAMB
  global lutram RAMD32 vit_system_i/smartconnect_ddr/inst/s00_nodes/s00_aw_node/inst/inst_mi_handler/gen_normal_area.inst_fifo_node_payld/gen_xpm_memory_fifo.inst_fifo/gen_mem_rep[0].inst_xpm_memory/xpm_memory_base_inst/gen_wr_a.gen_word_narrow.mem_reg_0_31_126_139/RAMB_D1
  global lutram RAMD32 vit_system_i/smartconnect_ddr/inst/s00_nodes/s00_aw_node/inst/inst_mi_handler/gen_normal_area.inst_fifo_node_payld/gen_xpm_memory_fifo.inst_fifo/gen_mem_rep[0].inst_xpm_memory/xpm_memory_base_inst/gen_wr_a.gen_word_narrow.mem_reg_0_31_126_139/RAMC
  global lutram RAMD32 vit_system_i/smartconnect_ddr/inst/s00_nodes/s00_aw_node/inst/inst_mi_handler/gen_normal_area.inst_fifo_node_payld/gen_xpm_memory_fifo.inst_fifo/gen_mem_rep[0].inst_xpm_memory/xpm_memory_base_inst/gen_wr_a.gen_word_narrow.mem_reg_0_31_126_139/RAMC_D1
  global lutram RAMD32 vit_system_i/smartconnect_ddr/inst/s00_nodes/s00_aw_node/inst/inst_mi_handler/gen_normal_area.inst_fifo_node_payld/gen_xpm_memory_fifo.inst_fifo/gen_mem_rep[0].inst_xpm_memory/xpm_memory_base_inst/gen_wr_a.gen_word_narrow.mem_reg_0_31_126_139/RAMD
  global lutram RAMD32 vit_system_i/smartconnect_ddr/inst/s00_nodes/s00_aw_node/inst/inst_mi_handler/gen_normal_area.inst_fifo_node_payld/gen_xpm_memory_fifo.inst_fifo/gen_mem_rep[0].inst_xpm_memory/xpm_memory_base_inst/gen_wr_a.gen_word_narrow.mem_reg_0_31_126_139/RAMD_D1
  global lutram RAMD32 vit_system_i/smartconnect_ddr/inst/s00_nodes/s00_aw_node/inst/inst_mi_handler/gen_normal_area.inst_fifo_node_payld/gen_xpm_memory_fifo.inst_fifo/gen_mem_rep[0].inst_xpm_memory/xpm_memory_base_inst/gen_wr_a.gen_word_narrow.mem_reg_0_31_126_139/RAME
  global lutram RAMD32 vit_system_i/smartconnect_ddr/inst/s00_nodes/s00_aw_node/inst/inst_mi_handler/gen_normal_area.inst_fifo_node_payld/gen_xpm_memory_fifo.inst_fifo/gen_mem_rep[0].inst_xpm_memory/xpm_memory_base_inst/gen_wr_a.gen_word_narrow.mem_reg_0_31_126_139/RAME_D1
  global lutram RAMD32 vit_system_i/smartconnect_ddr/inst/s00_nodes/s00_aw_node/inst/inst_mi_handler/gen_normal_area.inst_fifo_node_payld/gen_xpm_memory_fifo.inst_fifo/gen_mem_rep[0].inst_xpm_memory/xpm_memory_base_inst/gen_wr_a.gen_word_narrow.mem_reg_0_31_126_139/RAMF
  global lutram RAMD32 vit_system_i/smartconnect_ddr/inst/s00_nodes/s00_aw_node/inst/inst_mi_handler/gen_normal_area.inst_fifo_node_payld/gen_xpm_memory_fifo.inst_fifo/gen_mem_rep[0].inst_xpm_memory/xpm_memory_base_inst/gen_wr_a.gen_word_narrow.mem_reg_0_31_126_139/RAMF_D1
  global lutram RAMD32 vit_system_i/smartconnect_ddr/inst/s00_nodes/s00_aw_node/inst/inst_mi_handler/gen_normal_area.inst_fifo_node_payld/gen_xpm_memory_fifo.inst_fifo/gen_mem_rep[0].inst_xpm_memory/xpm_memory_base_inst/gen_wr_a.gen_word_narrow.mem_reg_0_31_126_139/RAMG
  global lutram RAMD32 vit_system_i/smartconnect_ddr/inst/s00_nodes/s00_aw_node/inst/inst_mi_handler/gen_normal_area.inst_fifo_node_payld/gen_xpm_memory_fifo.inst_fifo/gen_mem_rep[0].inst_xpm_memory/xpm_memory_base_inst/gen_wr_a.gen_word_narrow.mem_reg_0_31_126_139/RAMG_D1
  global lutram RAMS32 vit_system_i/smartconnect_ddr/inst/s00_nodes/s00_aw_node/inst/inst_mi_handler/gen_normal_area.inst_fifo_node_payld/gen_xpm_memory_fifo.inst_fifo/gen_mem_rep[0].inst_xpm_memory/xpm_memory_base_inst/gen_wr_a.gen_word_narrow.mem_reg_0_31_126_139/RAMH
  global lutram RAMS32 vit_system_i/smartconnect_ddr/inst/s00_nodes/s00_aw_node/inst/inst_mi_handler/gen_normal_area.inst_fifo_node_payld/gen_xpm_memory_fifo.inst_fifo/gen_mem_rep[0].inst_xpm_memory/xpm_memory_base_inst/gen_wr_a.gen_word_narrow.mem_reg_0_31_126_139/RAMH_D1
  global lutram RAMD32 vit_system_i/smartconnect_ddr/inst/s00_nodes/s00_aw_node/inst/inst_mi_handler/gen_normal_area.inst_fifo_node_payld/gen_xpm_memory_fifo.inst_fifo/gen_mem_rep[0].inst_xpm_memory/xpm_memory_base_inst/gen_wr_a.gen_word_narrow.mem_reg_0_31_140_153/RAMA
  global lutram RAMD32 vit_system_i/smartconnect_ddr/inst/s00_nodes/s00_aw_node/inst/inst_mi_handler/gen_normal_area.inst_fifo_node_payld/gen_xpm_memory_fifo.inst_fifo/gen_mem_rep[0].inst_xpm_memory/xpm_memory_base_inst/gen_wr_a.gen_word_narrow.mem_reg_0_31_140_153/RAMA_D1
  global lutram RAMD32 vit_system_i/smartconnect_ddr/inst/s00_nodes/s00_aw_node/inst/inst_mi_handler/gen_normal_area.inst_fifo_node_payld/gen_xpm_memory_fifo.inst_fifo/gen_mem_rep[0].inst_xpm_memory/xpm_memory_base_inst/gen_wr_a.gen_word_narrow.mem_reg_0_31_140_153/RAMB
  global lutram RAMD32 vit_system_i/smartconnect_ddr/inst/s00_nodes/s00_aw_node/inst/inst_mi_handler/gen_normal_area.inst_fifo_node_payld/gen_xpm_memory_fifo.inst_fifo/gen_mem_rep[0].inst_xpm_memory/xpm_memory_base_inst/gen_wr_a.gen_word_narrow.mem_reg_0_31_140_153/RAMB_D1
  global lutram RAMD32 vit_system_i/smartconnect_ddr/inst/s00_nodes/s00_aw_node/inst/inst_mi_handler/gen_normal_area.inst_fifo_node_payld/gen_xpm_memory_fifo.inst_fifo/gen_mem_rep[0].inst_xpm_memory/xpm_memory_base_inst/gen_wr_a.gen_word_narrow.mem_reg_0_31_140_153/RAMC
  global lutram RAMD32 vit_system_i/smartconnect_ddr/inst/s00_nodes/s00_aw_node/inst/inst_mi_handler/gen_normal_area.inst_fifo_node_payld/gen_xpm_memory_fifo.inst_fifo/gen_mem_rep[0].inst_xpm_memory/xpm_memory_base_inst/gen_wr_a.gen_word_narrow.mem_reg_0_31_140_153/RAMC_D1
  global lutram RAMD32 vit_system_i/smartconnect_ddr/inst/s00_nodes/s00_aw_node/inst/inst_mi_handler/gen_normal_area.inst_fifo_node_payld/gen_xpm_memory_fifo.inst_fifo/gen_mem_rep[0].inst_xpm_memory/xpm_memory_base_inst/gen_wr_a.gen_word_narrow.mem_reg_0_31_140_153/RAMD
  global lutram RAMD32 vit_system_i/smartconnect_ddr/inst/s00_nodes/s00_aw_node/inst/inst_mi_handler/gen_normal_area.inst_fifo_node_payld/gen_xpm_memory_fifo.inst_fifo/gen_mem_rep[0].inst_xpm_memory/xpm_memory_base_inst/gen_wr_a.gen_word_narrow.mem_reg_0_31_140_153/RAMD_D1
  global lutram RAMD32 vit_system_i/smartconnect_ddr/inst/s00_nodes/s00_aw_node/inst/inst_mi_handler/gen_normal_area.inst_fifo_node_payld/gen_xpm_memory_fifo.inst_fifo/gen_mem_rep[0].inst_xpm_memory/xpm_memory_base_inst/gen_wr_a.gen_word_narrow.mem_reg_0_31_140_153/RAME
  global lutram RAMD32 vit_system_i/smartconnect_ddr/inst/s00_nodes/s00_aw_node/inst/inst_mi_handler/gen_normal_area.inst_fifo_node_payld/gen_xpm_memory_fifo.inst_fifo/gen_mem_rep[0].inst_xpm_memory/xpm_memory_base_inst/gen_wr_a.gen_word_narrow.mem_reg_0_31_140_153/RAME_D1
  global lutram RAMD32 vit_system_i/smartconnect_ddr/inst/s00_nodes/s00_aw_node/inst/inst_mi_handler/gen_normal_area.inst_fifo_node_payld/gen_xpm_memory_fifo.inst_fifo/gen_mem_rep[0].inst_xpm_memory/xpm_memory_base_inst/gen_wr_a.gen_word_narrow.mem_reg_0_31_140_153/RAMF
  global lutram RAMD32 vit_system_i/smartconnect_ddr/inst/s00_nodes/s00_aw_node/inst/inst_mi_handler/gen_normal_area.inst_fifo_node_payld/gen_xpm_memory_fifo.inst_fifo/gen_mem_rep[0].inst_xpm_memory/xpm_memory_base_inst/gen_wr_a.gen_word_narrow.mem_reg_0_31_140_153/RAMF_D1
  global lutram RAMD32 vit_system_i/smartconnect_ddr/inst/s00_nodes/s00_aw_node/inst/inst_mi_handler/gen_normal_area.inst_fifo_node_payld/gen_xpm_memory_fifo.inst_fifo/gen_mem_rep[0].inst_xpm_memory/xpm_memory_base_inst/gen_wr_a.gen_word_narrow.mem_reg_0_31_140_153/RAMG
  global lutram RAMD32 vit_system_i/smartconnect_ddr/inst/s00_nodes/s00_aw_node/inst/inst_mi_handler/gen_normal_area.inst_fifo_node_payld/gen_xpm_memory_fifo.inst_fifo/gen_mem_rep[0].inst_xpm_memory/xpm_memory_base_inst/gen_wr_a.gen_word_narrow.mem_reg_0_31_140_153/RAMG_D1
  global lutram RAMS32 vit_system_i/smartconnect_ddr/inst/s00_nodes/s00_aw_node/inst/inst_mi_handler/gen_normal_area.inst_fifo_node_payld/gen_xpm_memory_fifo.inst_fifo/gen_mem_rep[0].inst_xpm_memory/xpm_memory_base_inst/gen_wr_a.gen_word_narrow.mem_reg_0_31_140_153/RAMH
  global lutram RAMS32 vit_system_i/smartconnect_ddr/inst/s00_nodes/s00_aw_node/inst/inst_mi_handler/gen_normal_area.inst_fifo_node_payld/gen_xpm_memory_fifo.inst_fifo/gen_mem_rep[0].inst_xpm_memory/xpm_memory_base_inst/gen_wr_a.gen_word_narrow.mem_reg_0_31_140_153/RAMH_D1
  global lutram RAMD32 vit_system_i/smartconnect_ddr/inst/s00_nodes/s00_aw_node/inst/inst_mi_handler/gen_normal_area.inst_fifo_node_payld/gen_xpm_memory_fifo.inst_fifo/gen_mem_rep[0].inst_xpm_memory/xpm_memory_base_inst/gen_wr_a.gen_word_narrow.mem_reg_0_31_70_83/RAMA
  global lutram RAMD32 vit_system_i/smartconnect_ddr/inst/s00_nodes/s00_aw_node/inst/inst_mi_handler/gen_normal_area.inst_fifo_node_payld/gen_xpm_memory_fifo.inst_fifo/gen_mem_rep[0].inst_xpm_memory/xpm_memory_base_inst/gen_wr_a.gen_word_narrow.mem_reg_0_31_70_83/RAMA_D1
  global lutram RAMD32 vit_system_i/smartconnect_ddr/inst/s00_nodes/s00_aw_node/inst/inst_mi_handler/gen_normal_area.inst_fifo_node_payld/gen_xpm_memory_fifo.inst_fifo/gen_mem_rep[0].inst_xpm_memory/xpm_memory_base_inst/gen_wr_a.gen_word_narrow.mem_reg_0_31_70_83/RAMB
  global lutram RAMD32 vit_system_i/smartconnect_ddr/inst/s00_nodes/s00_aw_node/inst/inst_mi_handler/gen_normal_area.inst_fifo_node_payld/gen_xpm_memory_fifo.inst_fifo/gen_mem_rep[0].inst_xpm_memory/xpm_memory_base_inst/gen_wr_a.gen_word_narrow.mem_reg_0_31_70_83/RAMB_D1
  global lutram RAMD32 vit_system_i/smartconnect_ddr/inst/s00_nodes/s00_aw_node/inst/inst_mi_handler/gen_normal_area.inst_fifo_node_payld/gen_xpm_memory_fifo.inst_fifo/gen_mem_rep[0].inst_xpm_memory/xpm_memory_base_inst/gen_wr_a.gen_word_narrow.mem_reg_0_31_70_83/RAMC
  global lutram RAMD32 vit_system_i/smartconnect_ddr/inst/s00_nodes/s00_aw_node/inst/inst_mi_handler/gen_normal_area.inst_fifo_node_payld/gen_xpm_memory_fifo.inst_fifo/gen_mem_rep[0].inst_xpm_memory/xpm_memory_base_inst/gen_wr_a.gen_word_narrow.mem_reg_0_31_70_83/RAMC_D1
  global lutram RAMD32 vit_system_i/smartconnect_ddr/inst/s00_nodes/s00_aw_node/inst/inst_mi_handler/gen_normal_area.inst_fifo_node_payld/gen_xpm_memory_fifo.inst_fifo/gen_mem_rep[0].inst_xpm_memory/xpm_memory_base_inst/gen_wr_a.gen_word_narrow.mem_reg_0_31_70_83/RAMD
  global lutram RAMD32 vit_system_i/smartconnect_ddr/inst/s00_nodes/s00_aw_node/inst/inst_mi_handler/gen_normal_area.inst_fifo_node_payld/gen_xpm_memory_fifo.inst_fifo/gen_mem_rep[0].inst_xpm_memory/xpm_memory_base_inst/gen_wr_a.gen_word_narrow.mem_reg_0_31_70_83/RAMD_D1
  global lutram RAMD32 vit_system_i/smartconnect_ddr/inst/s00_nodes/s00_aw_node/inst/inst_mi_handler/gen_normal_area.inst_fifo_node_payld/gen_xpm_memory_fifo.inst_fifo/gen_mem_rep[0].inst_xpm_memory/xpm_memory_base_inst/gen_wr_a.gen_word_narrow.mem_reg_0_31_70_83/RAME
  global lutram RAMD32 vit_system_i/smartconnect_ddr/inst/s00_nodes/s00_aw_node/inst/inst_mi_handler/gen_normal_area.inst_fifo_node_payld/gen_xpm_memory_fifo.inst_fifo/gen_mem_rep[0].inst_xpm_memory/xpm_memory_base_inst/gen_wr_a.gen_word_narrow.mem_reg_0_31_70_83/RAME_D1
  global lutram RAMD32 vit_system_i/smartconnect_ddr/inst/s00_nodes/s00_aw_node/inst/inst_mi_handler/gen_normal_area.inst_fifo_node_payld/gen_xpm_memory_fifo.inst_fifo/gen_mem_rep[0].inst_xpm_memory/xpm_memory_base_inst/gen_wr_a.gen_word_narrow.mem_reg_0_31_70_83/RAMF
  global lutram RAMD32 vit_system_i/smartconnect_ddr/inst/s00_nodes/s00_aw_node/inst/inst_mi_handler/gen_normal_area.inst_fifo_node_payld/gen_xpm_memory_fifo.inst_fifo/gen_mem_rep[0].inst_xpm_memory/xpm_memory_base_inst/gen_wr_a.gen_word_narrow.mem_reg_0_31_70_83/RAMF_D1
  global lutram RAMD32 vit_system_i/smartconnect_ddr/inst/s00_nodes/s00_aw_node/inst/inst_mi_handler/gen_normal_area.inst_fifo_node_payld/gen_xpm_memory_fifo.inst_fifo/gen_mem_rep[0].inst_xpm_memory/xpm_memory_base_inst/gen_wr_a.gen_word_narrow.mem_reg_0_31_70_83/RAMG
  global lutram RAMD32 vit_system_i/smartconnect_ddr/inst/s00_nodes/s00_aw_node/inst/inst_mi_handler/gen_normal_area.inst_fifo_node_payld/gen_xpm_memory_fifo.inst_fifo/gen_mem_rep[0].inst_xpm_memory/xpm_memory_base_inst/gen_wr_a.gen_word_narrow.mem_reg_0_31_70_83/RAMG_D1
  global lutram RAMS32 vit_system_i/smartconnect_ddr/inst/s00_nodes/s00_aw_node/inst/inst_mi_handler/gen_normal_area.inst_fifo_node_payld/gen_xpm_memory_fifo.inst_fifo/gen_mem_rep[0].inst_xpm_memory/xpm_memory_base_inst/gen_wr_a.gen_word_narrow.mem_reg_0_31_70_83/RAMH
  global lutram RAMS32 vit_system_i/smartconnect_ddr/inst/s00_nodes/s00_aw_node/inst/inst_mi_handler/gen_normal_area.inst_fifo_node_payld/gen_xpm_memory_fifo.inst_fifo/gen_mem_rep[0].inst_xpm_memory/xpm_memory_base_inst/gen_wr_a.gen_word_narrow.mem_reg_0_31_70_83/RAMH_D1
  global lutram RAMD32 vit_system_i/smartconnect_ddr/inst/s00_nodes/s00_aw_node/inst/inst_mi_handler/gen_normal_area.inst_fifo_node_payld/gen_xpm_memory_fifo.inst_fifo/gen_mem_rep[0].inst_xpm_memory/xpm_memory_base_inst/gen_wr_a.gen_word_narrow.mem_reg_0_31_84_97/RAMA
  global lutram RAMD32 vit_system_i/smartconnect_ddr/inst/s00_nodes/s00_aw_node/inst/inst_mi_handler/gen_normal_area.inst_fifo_node_payld/gen_xpm_memory_fifo.inst_fifo/gen_mem_rep[0].inst_xpm_memory/xpm_memory_base_inst/gen_wr_a.gen_word_narrow.mem_reg_0_31_84_97/RAMA_D1
  global lutram RAMD32 vit_system_i/smartconnect_ddr/inst/s00_nodes/s00_aw_node/inst/inst_mi_handler/gen_normal_area.inst_fifo_node_payld/gen_xpm_memory_fifo.inst_fifo/gen_mem_rep[0].inst_xpm_memory/xpm_memory_base_inst/gen_wr_a.gen_word_narrow.mem_reg_0_31_84_97/RAMB
  global lutram RAMD32 vit_system_i/smartconnect_ddr/inst/s00_nodes/s00_aw_node/inst/inst_mi_handler/gen_normal_area.inst_fifo_node_payld/gen_xpm_memory_fifo.inst_fifo/gen_mem_rep[0].inst_xpm_memory/xpm_memory_base_inst/gen_wr_a.gen_word_narrow.mem_reg_0_31_84_97/RAMB_D1
  global lutram RAMD32 vit_system_i/smartconnect_ddr/inst/s00_nodes/s00_aw_node/inst/inst_mi_handler/gen_normal_area.inst_fifo_node_payld/gen_xpm_memory_fifo.inst_fifo/gen_mem_rep[0].inst_xpm_memory/xpm_memory_base_inst/gen_wr_a.gen_word_narrow.mem_reg_0_31_84_97/RAMC
  global lutram RAMD32 vit_system_i/smartconnect_ddr/inst/s00_nodes/s00_aw_node/inst/inst_mi_handler/gen_normal_area.inst_fifo_node_payld/gen_xpm_memory_fifo.inst_fifo/gen_mem_rep[0].inst_xpm_memory/xpm_memory_base_inst/gen_wr_a.gen_word_narrow.mem_reg_0_31_84_97/RAMC_D1
  global lutram RAMD32 vit_system_i/smartconnect_ddr/inst/s00_nodes/s00_aw_node/inst/inst_mi_handler/gen_normal_area.inst_fifo_node_payld/gen_xpm_memory_fifo.inst_fifo/gen_mem_rep[0].inst_xpm_memory/xpm_memory_base_inst/gen_wr_a.gen_word_narrow.mem_reg_0_31_84_97/RAMD
  global lutram RAMD32 vit_system_i/smartconnect_ddr/inst/s00_nodes/s00_aw_node/inst/inst_mi_handler/gen_normal_area.inst_fifo_node_payld/gen_xpm_memory_fifo.inst_fifo/gen_mem_rep[0].inst_xpm_memory/xpm_memory_base_inst/gen_wr_a.gen_word_narrow.mem_reg_0_31_84_97/RAMD_D1
  global lutram RAMD32 vit_system_i/smartconnect_ddr/inst/s00_nodes/s00_aw_node/inst/inst_mi_handler/gen_normal_area.inst_fifo_node_payld/gen_xpm_memory_fifo.inst_fifo/gen_mem_rep[0].inst_xpm_memory/xpm_memory_base_inst/gen_wr_a.gen_word_narrow.mem_reg_0_31_84_97/RAME
  global lutram RAMD32 vit_system_i/smartconnect_ddr/inst/s00_nodes/s00_aw_node/inst/inst_mi_handler/gen_normal_area.inst_fifo_node_payld/gen_xpm_memory_fifo.inst_fifo/gen_mem_rep[0].inst_xpm_memory/xpm_memory_base_inst/gen_wr_a.gen_word_narrow.mem_reg_0_31_84_97/RAME_D1
  global lutram RAMD32 vit_system_i/smartconnect_ddr/inst/s00_nodes/s00_aw_node/inst/inst_mi_handler/gen_normal_area.inst_fifo_node_payld/gen_xpm_memory_fifo.inst_fifo/gen_mem_rep[0].inst_xpm_memory/xpm_memory_base_inst/gen_wr_a.gen_word_narrow.mem_reg_0_31_84_97/RAMF
  global lutram RAMD32 vit_system_i/smartconnect_ddr/inst/s00_nodes/s00_aw_node/inst/inst_mi_handler/gen_normal_area.inst_fifo_node_payld/gen_xpm_memory_fifo.inst_fifo/gen_mem_rep[0].inst_xpm_memory/xpm_memory_base_inst/gen_wr_a.gen_word_narrow.mem_reg_0_31_84_97/RAMF_D1
  global lutram RAMD32 vit_system_i/smartconnect_ddr/inst/s00_nodes/s00_aw_node/inst/inst_mi_handler/gen_normal_area.inst_fifo_node_payld/gen_xpm_memory_fifo.inst_fifo/gen_mem_rep[0].inst_xpm_memory/xpm_memory_base_inst/gen_wr_a.gen_word_narrow.mem_reg_0_31_84_97/RAMG
  global lutram RAMD32 vit_system_i/smartconnect_ddr/inst/s00_nodes/s00_aw_node/inst/inst_mi_handler/gen_normal_area.inst_fifo_node_payld/gen_xpm_memory_fifo.inst_fifo/gen_mem_rep[0].inst_xpm_memory/xpm_memory_base_inst/gen_wr_a.gen_word_narrow.mem_reg_0_31_84_97/RAMG_D1
  global lutram RAMS32 vit_system_i/smartconnect_ddr/inst/s00_nodes/s00_aw_node/inst/inst_mi_handler/gen_normal_area.inst_fifo_node_payld/gen_xpm_memory_fifo.inst_fifo/gen_mem_rep[0].inst_xpm_memory/xpm_memory_base_inst/gen_wr_a.gen_word_narrow.mem_reg_0_31_84_97/RAMH
  global lutram RAMS32 vit_system_i/smartconnect_ddr/inst/s00_nodes/s00_aw_node/inst/inst_mi_handler/gen_normal_area.inst_fifo_node_payld/gen_xpm_memory_fifo.inst_fifo/gen_mem_rep[0].inst_xpm_memory/xpm_memory_base_inst/gen_wr_a.gen_word_narrow.mem_reg_0_31_84_97/RAMH_D1
  global lutram RAMD32 vit_system_i/smartconnect_ddr/inst/s00_nodes/s00_aw_node/inst/inst_mi_handler/gen_normal_area.inst_fifo_node_payld/gen_xpm_memory_fifo.inst_fifo/gen_mem_rep[0].inst_xpm_memory/xpm_memory_base_inst/gen_wr_a.gen_word_narrow.mem_reg_0_31_98_111/RAMA
  global lutram RAMD32 vit_system_i/smartconnect_ddr/inst/s00_nodes/s00_aw_node/inst/inst_mi_handler/gen_normal_area.inst_fifo_node_payld/gen_xpm_memory_fifo.inst_fifo/gen_mem_rep[0].inst_xpm_memory/xpm_memory_base_inst/gen_wr_a.gen_word_narrow.mem_reg_0_31_98_111/RAMA_D1
  global lutram RAMD32 vit_system_i/smartconnect_ddr/inst/s00_nodes/s00_aw_node/inst/inst_mi_handler/gen_normal_area.inst_fifo_node_payld/gen_xpm_memory_fifo.inst_fifo/gen_mem_rep[0].inst_xpm_memory/xpm_memory_base_inst/gen_wr_a.gen_word_narrow.mem_reg_0_31_98_111/RAMB
  global lutram RAMD32 vit_system_i/smartconnect_ddr/inst/s00_nodes/s00_aw_node/inst/inst_mi_handler/gen_normal_area.inst_fifo_node_payld/gen_xpm_memory_fifo.inst_fifo/gen_mem_rep[0].inst_xpm_memory/xpm_memory_base_inst/gen_wr_a.gen_word_narrow.mem_reg_0_31_98_111/RAMB_D1
  global lutram RAMD32 vit_system_i/smartconnect_ddr/inst/s00_nodes/s00_aw_node/inst/inst_mi_handler/gen_normal_area.inst_fifo_node_payld/gen_xpm_memory_fifo.inst_fifo/gen_mem_rep[0].inst_xpm_memory/xpm_memory_base_inst/gen_wr_a.gen_word_narrow.mem_reg_0_31_98_111/RAMC
  global lutram RAMD32 vit_system_i/smartconnect_ddr/inst/s00_nodes/s00_aw_node/inst/inst_mi_handler/gen_normal_area.inst_fifo_node_payld/gen_xpm_memory_fifo.inst_fifo/gen_mem_rep[0].inst_xpm_memory/xpm_memory_base_inst/gen_wr_a.gen_word_narrow.mem_reg_0_31_98_111/RAMC_D1
  global lutram RAMD32 vit_system_i/smartconnect_ddr/inst/s00_nodes/s00_aw_node/inst/inst_mi_handler/gen_normal_area.inst_fifo_node_payld/gen_xpm_memory_fifo.inst_fifo/gen_mem_rep[0].inst_xpm_memory/xpm_memory_base_inst/gen_wr_a.gen_word_narrow.mem_reg_0_31_98_111/RAMD
  global lutram RAMD32 vit_system_i/smartconnect_ddr/inst/s00_nodes/s00_aw_node/inst/inst_mi_handler/gen_normal_area.inst_fifo_node_payld/gen_xpm_memory_fifo.inst_fifo/gen_mem_rep[0].inst_xpm_memory/xpm_memory_base_inst/gen_wr_a.gen_word_narrow.mem_reg_0_31_98_111/RAMD_D1
  global lutram RAMD32 vit_system_i/smartconnect_ddr/inst/s00_nodes/s00_aw_node/inst/inst_mi_handler/gen_normal_area.inst_fifo_node_payld/gen_xpm_memory_fifo.inst_fifo/gen_mem_rep[0].inst_xpm_memory/xpm_memory_base_inst/gen_wr_a.gen_word_narrow.mem_reg_0_31_98_111/RAME
  global lutram RAMD32 vit_system_i/smartconnect_ddr/inst/s00_nodes/s00_aw_node/inst/inst_mi_handler/gen_normal_area.inst_fifo_node_payld/gen_xpm_memory_fifo.inst_fifo/gen_mem_rep[0].inst_xpm_memory/xpm_memory_base_inst/gen_wr_a.gen_word_narrow.mem_reg_0_31_98_111/RAME_D1
  global lutram RAMD32 vit_system_i/smartconnect_ddr/inst/s00_nodes/s00_aw_node/inst/inst_mi_handler/gen_normal_area.inst_fifo_node_payld/gen_xpm_memory_fifo.inst_fifo/gen_mem_rep[0].inst_xpm_memory/xpm_memory_base_inst/gen_wr_a.gen_word_narrow.mem_reg_0_31_98_111/RAMF
  global lutram RAMD32 vit_system_i/smartconnect_ddr/inst/s00_nodes/s00_aw_node/inst/inst_mi_handler/gen_normal_area.inst_fifo_node_payld/gen_xpm_memory_fifo.inst_fifo/gen_mem_rep[0].inst_xpm_memory/xpm_memory_base_inst/gen_wr_a.gen_word_narrow.mem_reg_0_31_98_111/RAMF_D1
  global lutram RAMD32 vit_system_i/smartconnect_ddr/inst/s00_nodes/s00_aw_node/inst/inst_mi_handler/gen_normal_area.inst_fifo_node_payld/gen_xpm_memory_fifo.inst_fifo/gen_mem_rep[0].inst_xpm_memory/xpm_memory_base_inst/gen_wr_a.gen_word_narrow.mem_reg_0_31_98_111/RAMG
  global lutram RAMD32 vit_system_i/smartconnect_ddr/inst/s00_nodes/s00_aw_node/inst/inst_mi_handler/gen_normal_area.inst_fifo_node_payld/gen_xpm_memory_fifo.inst_fifo/gen_mem_rep[0].inst_xpm_memory/xpm_memory_base_inst/gen_wr_a.gen_word_narrow.mem_reg_0_31_98_111/RAMG_D1
  global lutram RAMS32 vit_system_i/smartconnect_ddr/inst/s00_nodes/s00_aw_node/inst/inst_mi_handler/gen_normal_area.inst_fifo_node_payld/gen_xpm_memory_fifo.inst_fifo/gen_mem_rep[0].inst_xpm_memory/xpm_memory_base_inst/gen_wr_a.gen_word_narrow.mem_reg_0_31_98_111/RAMH
  global lutram RAMS32 vit_system_i/smartconnect_ddr/inst/s00_nodes/s00_aw_node/inst/inst_mi_handler/gen_normal_area.inst_fifo_node_payld/gen_xpm_memory_fifo.inst_fifo/gen_mem_rep[0].inst_xpm_memory/xpm_memory_base_inst/gen_wr_a.gen_word_narrow.mem_reg_0_31_98_111/RAMH_D1
  global lutram RAM32M16 vit_system_i/smartconnect_ddr/inst/s00_nodes/s00_b_node/inst/inst_mi_handler/gen_normal_area.inst_fifo_node_payld/gen_xpm_memory_fifo.inst_fifo/gen_mem_rep[0].inst_xpm_memory/xpm_memory_base_inst/gen_wr_a.gen_word_narrow.mem_reg_0_31_0_13
  global lutram RAMD32 vit_system_i/smartconnect_ddr/inst/s00_nodes/s00_b_node/inst/inst_mi_handler/gen_normal_area.inst_fifo_node_payld/gen_xpm_memory_fifo.inst_fifo/gen_mem_rep[0].inst_xpm_memory/xpm_memory_base_inst/gen_wr_a.gen_word_narrow.mem_reg_0_31_0_13/RAMA
  global lutram RAMD32 vit_system_i/smartconnect_ddr/inst/s00_nodes/s00_b_node/inst/inst_mi_handler/gen_normal_area.inst_fifo_node_payld/gen_xpm_memory_fifo.inst_fifo/gen_mem_rep[0].inst_xpm_memory/xpm_memory_base_inst/gen_wr_a.gen_word_narrow.mem_reg_0_31_0_13/RAMA_D1
  global lutram RAMD32 vit_system_i/smartconnect_ddr/inst/s00_nodes/s00_b_node/inst/inst_mi_handler/gen_normal_area.inst_fifo_node_payld/gen_xpm_memory_fifo.inst_fifo/gen_mem_rep[0].inst_xpm_memory/xpm_memory_base_inst/gen_wr_a.gen_word_narrow.mem_reg_0_31_0_13/RAMB
  global lutram RAMD32 vit_system_i/smartconnect_ddr/inst/s00_nodes/s00_b_node/inst/inst_mi_handler/gen_normal_area.inst_fifo_node_payld/gen_xpm_memory_fifo.inst_fifo/gen_mem_rep[0].inst_xpm_memory/xpm_memory_base_inst/gen_wr_a.gen_word_narrow.mem_reg_0_31_0_13/RAMB_D1
  global lutram RAMD32 vit_system_i/smartconnect_ddr/inst/s00_nodes/s00_b_node/inst/inst_mi_handler/gen_normal_area.inst_fifo_node_payld/gen_xpm_memory_fifo.inst_fifo/gen_mem_rep[0].inst_xpm_memory/xpm_memory_base_inst/gen_wr_a.gen_word_narrow.mem_reg_0_31_0_13/RAMC
  global lutram RAMD32 vit_system_i/smartconnect_ddr/inst/s00_nodes/s00_b_node/inst/inst_mi_handler/gen_normal_area.inst_fifo_node_payld/gen_xpm_memory_fifo.inst_fifo/gen_mem_rep[0].inst_xpm_memory/xpm_memory_base_inst/gen_wr_a.gen_word_narrow.mem_reg_0_31_0_13/RAMC_D1
  global lutram RAMD32 vit_system_i/smartconnect_ddr/inst/s00_nodes/s00_b_node/inst/inst_mi_handler/gen_normal_area.inst_fifo_node_payld/gen_xpm_memory_fifo.inst_fifo/gen_mem_rep[0].inst_xpm_memory/xpm_memory_base_inst/gen_wr_a.gen_word_narrow.mem_reg_0_31_0_13/RAMD
  global lutram RAMD32 vit_system_i/smartconnect_ddr/inst/s00_nodes/s00_b_node/inst/inst_mi_handler/gen_normal_area.inst_fifo_node_payld/gen_xpm_memory_fifo.inst_fifo/gen_mem_rep[0].inst_xpm_memory/xpm_memory_base_inst/gen_wr_a.gen_word_narrow.mem_reg_0_31_0_13/RAMD_D1
  global lutram RAMD32 vit_system_i/smartconnect_ddr/inst/s00_nodes/s00_b_node/inst/inst_mi_handler/gen_normal_area.inst_fifo_node_payld/gen_xpm_memory_fifo.inst_fifo/gen_mem_rep[0].inst_xpm_memory/xpm_memory_base_inst/gen_wr_a.gen_word_narrow.mem_reg_0_31_0_13/RAME
  global lutram RAMD32 vit_system_i/smartconnect_ddr/inst/s00_nodes/s00_b_node/inst/inst_mi_handler/gen_normal_area.inst_fifo_node_payld/gen_xpm_memory_fifo.inst_fifo/gen_mem_rep[0].inst_xpm_memory/xpm_memory_base_inst/gen_wr_a.gen_word_narrow.mem_reg_0_31_0_13/RAME_D1
  global lutram RAMD32 vit_system_i/smartconnect_ddr/inst/s00_nodes/s00_b_node/inst/inst_mi_handler/gen_normal_area.inst_fifo_node_payld/gen_xpm_memory_fifo.inst_fifo/gen_mem_rep[0].inst_xpm_memory/xpm_memory_base_inst/gen_wr_a.gen_word_narrow.mem_reg_0_31_0_13/RAMF
  global lutram RAMD32 vit_system_i/smartconnect_ddr/inst/s00_nodes/s00_b_node/inst/inst_mi_handler/gen_normal_area.inst_fifo_node_payld/gen_xpm_memory_fifo.inst_fifo/gen_mem_rep[0].inst_xpm_memory/xpm_memory_base_inst/gen_wr_a.gen_word_narrow.mem_reg_0_31_0_13/RAMF_D1
  global lutram RAMD32 vit_system_i/smartconnect_ddr/inst/s00_nodes/s00_b_node/inst/inst_mi_handler/gen_normal_area.inst_fifo_node_payld/gen_xpm_memory_fifo.inst_fifo/gen_mem_rep[0].inst_xpm_memory/xpm_memory_base_inst/gen_wr_a.gen_word_narrow.mem_reg_0_31_0_13/RAMG
  global lutram RAMD32 vit_system_i/smartconnect_ddr/inst/s00_nodes/s00_b_node/inst/inst_mi_handler/gen_normal_area.inst_fifo_node_payld/gen_xpm_memory_fifo.inst_fifo/gen_mem_rep[0].inst_xpm_memory/xpm_memory_base_inst/gen_wr_a.gen_word_narrow.mem_reg_0_31_0_13/RAMG_D1
  global lutram RAMS32 vit_system_i/smartconnect_ddr/inst/s00_nodes/s00_b_node/inst/inst_mi_handler/gen_normal_area.inst_fifo_node_payld/gen_xpm_memory_fifo.inst_fifo/gen_mem_rep[0].inst_xpm_memory/xpm_memory_base_inst/gen_wr_a.gen_word_narrow.mem_reg_0_31_0_13/RAMH
  global lutram RAMS32 vit_system_i/smartconnect_ddr/inst/s00_nodes/s00_b_node/inst/inst_mi_handler/gen_normal_area.inst_fifo_node_payld/gen_xpm_memory_fifo.inst_fifo/gen_mem_rep[0].inst_xpm_memory/xpm_memory_base_inst/gen_wr_a.gen_word_narrow.mem_reg_0_31_0_13/RAMH_D1
  global lutram RAM32M16 vit_system_i/smartconnect_ddr/inst/s00_nodes/s00_r_node/inst/inst_mi_handler/gen_normal_area.inst_fifo_node_payld/gen_xpm_memory_fifo.inst_fifo/gen_mem_rep[0].inst_xpm_memory/xpm_memory_base_inst/gen_wr_a.gen_word_narrow.mem_reg_0_31_112_125
  global lutram RAM32M16 vit_system_i/smartconnect_ddr/inst/s00_nodes/s00_r_node/inst/inst_mi_handler/gen_normal_area.inst_fifo_node_payld/gen_xpm_memory_fifo.inst_fifo/gen_mem_rep[0].inst_xpm_memory/xpm_memory_base_inst/gen_wr_a.gen_word_narrow.mem_reg_0_31_126_139
  global lutram RAM32M16 vit_system_i/smartconnect_ddr/inst/s00_nodes/s00_r_node/inst/inst_mi_handler/gen_normal_area.inst_fifo_node_payld/gen_xpm_memory_fifo.inst_fifo/gen_mem_rep[0].inst_xpm_memory/xpm_memory_base_inst/gen_wr_a.gen_word_narrow.mem_reg_0_31_140_153
  global lutram RAM32M16 vit_system_i/smartconnect_ddr/inst/s00_nodes/s00_r_node/inst/inst_mi_handler/gen_normal_area.inst_fifo_node_payld/gen_xpm_memory_fifo.inst_fifo/gen_mem_rep[0].inst_xpm_memory/xpm_memory_base_inst/gen_wr_a.gen_word_narrow.mem_reg_0_31_14_27
  global lutram RAM32M16 vit_system_i/smartconnect_ddr/inst/s00_nodes/s00_r_node/inst/inst_mi_handler/gen_normal_area.inst_fifo_node_payld/gen_xpm_memory_fifo.inst_fifo/gen_mem_rep[0].inst_xpm_memory/xpm_memory_base_inst/gen_wr_a.gen_word_narrow.mem_reg_0_31_28_41
  global lutram RAM32M16 vit_system_i/smartconnect_ddr/inst/s00_nodes/s00_r_node/inst/inst_mi_handler/gen_normal_area.inst_fifo_node_payld/gen_xpm_memory_fifo.inst_fifo/gen_mem_rep[0].inst_xpm_memory/xpm_memory_base_inst/gen_wr_a.gen_word_narrow.mem_reg_0_31_42_55
  global lutram RAM32M16 vit_system_i/smartconnect_ddr/inst/s00_nodes/s00_r_node/inst/inst_mi_handler/gen_normal_area.inst_fifo_node_payld/gen_xpm_memory_fifo.inst_fifo/gen_mem_rep[0].inst_xpm_memory/xpm_memory_base_inst/gen_wr_a.gen_word_narrow.mem_reg_0_31_56_69
  global lutram RAM32M16 vit_system_i/smartconnect_ddr/inst/s00_nodes/s00_r_node/inst/inst_mi_handler/gen_normal_area.inst_fifo_node_payld/gen_xpm_memory_fifo.inst_fifo/gen_mem_rep[0].inst_xpm_memory/xpm_memory_base_inst/gen_wr_a.gen_word_narrow.mem_reg_0_31_70_83
  global lutram RAM32M16 vit_system_i/smartconnect_ddr/inst/s00_nodes/s00_r_node/inst/inst_mi_handler/gen_normal_area.inst_fifo_node_payld/gen_xpm_memory_fifo.inst_fifo/gen_mem_rep[0].inst_xpm_memory/xpm_memory_base_inst/gen_wr_a.gen_word_narrow.mem_reg_0_31_84_97
  global lutram RAM32M16 vit_system_i/smartconnect_ddr/inst/s00_nodes/s00_r_node/inst/inst_mi_handler/gen_normal_area.inst_fifo_node_payld/gen_xpm_memory_fifo.inst_fifo/gen_mem_rep[0].inst_xpm_memory/xpm_memory_base_inst/gen_wr_a.gen_word_narrow.mem_reg_0_31_98_111
  global lutram RAMD32 vit_system_i/smartconnect_ddr/inst/s00_nodes/s00_r_node/inst/inst_mi_handler/gen_normal_area.inst_fifo_node_payld/gen_xpm_memory_fifo.inst_fifo/gen_mem_rep[0].inst_xpm_memory/xpm_memory_base_inst/gen_wr_a.gen_word_narrow.mem_reg_0_31_112_125/RAMA
  global lutram RAMD32 vit_system_i/smartconnect_ddr/inst/s00_nodes/s00_r_node/inst/inst_mi_handler/gen_normal_area.inst_fifo_node_payld/gen_xpm_memory_fifo.inst_fifo/gen_mem_rep[0].inst_xpm_memory/xpm_memory_base_inst/gen_wr_a.gen_word_narrow.mem_reg_0_31_112_125/RAMA_D1
  global lutram RAMD32 vit_system_i/smartconnect_ddr/inst/s00_nodes/s00_r_node/inst/inst_mi_handler/gen_normal_area.inst_fifo_node_payld/gen_xpm_memory_fifo.inst_fifo/gen_mem_rep[0].inst_xpm_memory/xpm_memory_base_inst/gen_wr_a.gen_word_narrow.mem_reg_0_31_112_125/RAMB
  global lutram RAMD32 vit_system_i/smartconnect_ddr/inst/s00_nodes/s00_r_node/inst/inst_mi_handler/gen_normal_area.inst_fifo_node_payld/gen_xpm_memory_fifo.inst_fifo/gen_mem_rep[0].inst_xpm_memory/xpm_memory_base_inst/gen_wr_a.gen_word_narrow.mem_reg_0_31_112_125/RAMB_D1
  global lutram RAMD32 vit_system_i/smartconnect_ddr/inst/s00_nodes/s00_r_node/inst/inst_mi_handler/gen_normal_area.inst_fifo_node_payld/gen_xpm_memory_fifo.inst_fifo/gen_mem_rep[0].inst_xpm_memory/xpm_memory_base_inst/gen_wr_a.gen_word_narrow.mem_reg_0_31_112_125/RAMC
  global lutram RAMD32 vit_system_i/smartconnect_ddr/inst/s00_nodes/s00_r_node/inst/inst_mi_handler/gen_normal_area.inst_fifo_node_payld/gen_xpm_memory_fifo.inst_fifo/gen_mem_rep[0].inst_xpm_memory/xpm_memory_base_inst/gen_wr_a.gen_word_narrow.mem_reg_0_31_112_125/RAMC_D1
  global lutram RAMD32 vit_system_i/smartconnect_ddr/inst/s00_nodes/s00_r_node/inst/inst_mi_handler/gen_normal_area.inst_fifo_node_payld/gen_xpm_memory_fifo.inst_fifo/gen_mem_rep[0].inst_xpm_memory/xpm_memory_base_inst/gen_wr_a.gen_word_narrow.mem_reg_0_31_112_125/RAMD
  global lutram RAMD32 vit_system_i/smartconnect_ddr/inst/s00_nodes/s00_r_node/inst/inst_mi_handler/gen_normal_area.inst_fifo_node_payld/gen_xpm_memory_fifo.inst_fifo/gen_mem_rep[0].inst_xpm_memory/xpm_memory_base_inst/gen_wr_a.gen_word_narrow.mem_reg_0_31_112_125/RAMD_D1
  global lutram RAMD32 vit_system_i/smartconnect_ddr/inst/s00_nodes/s00_r_node/inst/inst_mi_handler/gen_normal_area.inst_fifo_node_payld/gen_xpm_memory_fifo.inst_fifo/gen_mem_rep[0].inst_xpm_memory/xpm_memory_base_inst/gen_wr_a.gen_word_narrow.mem_reg_0_31_112_125/RAME
  global lutram RAMD32 vit_system_i/smartconnect_ddr/inst/s00_nodes/s00_r_node/inst/inst_mi_handler/gen_normal_area.inst_fifo_node_payld/gen_xpm_memory_fifo.inst_fifo/gen_mem_rep[0].inst_xpm_memory/xpm_memory_base_inst/gen_wr_a.gen_word_narrow.mem_reg_0_31_112_125/RAME_D1
  global lutram RAMD32 vit_system_i/smartconnect_ddr/inst/s00_nodes/s00_r_node/inst/inst_mi_handler/gen_normal_area.inst_fifo_node_payld/gen_xpm_memory_fifo.inst_fifo/gen_mem_rep[0].inst_xpm_memory/xpm_memory_base_inst/gen_wr_a.gen_word_narrow.mem_reg_0_31_112_125/RAMF
  global lutram RAMD32 vit_system_i/smartconnect_ddr/inst/s00_nodes/s00_r_node/inst/inst_mi_handler/gen_normal_area.inst_fifo_node_payld/gen_xpm_memory_fifo.inst_fifo/gen_mem_rep[0].inst_xpm_memory/xpm_memory_base_inst/gen_wr_a.gen_word_narrow.mem_reg_0_31_112_125/RAMF_D1
  global lutram RAMD32 vit_system_i/smartconnect_ddr/inst/s00_nodes/s00_r_node/inst/inst_mi_handler/gen_normal_area.inst_fifo_node_payld/gen_xpm_memory_fifo.inst_fifo/gen_mem_rep[0].inst_xpm_memory/xpm_memory_base_inst/gen_wr_a.gen_word_narrow.mem_reg_0_31_112_125/RAMG
  global lutram RAMD32 vit_system_i/smartconnect_ddr/inst/s00_nodes/s00_r_node/inst/inst_mi_handler/gen_normal_area.inst_fifo_node_payld/gen_xpm_memory_fifo.inst_fifo/gen_mem_rep[0].inst_xpm_memory/xpm_memory_base_inst/gen_wr_a.gen_word_narrow.mem_reg_0_31_112_125/RAMG_D1
  global lutram RAMS32 vit_system_i/smartconnect_ddr/inst/s00_nodes/s00_r_node/inst/inst_mi_handler/gen_normal_area.inst_fifo_node_payld/gen_xpm_memory_fifo.inst_fifo/gen_mem_rep[0].inst_xpm_memory/xpm_memory_base_inst/gen_wr_a.gen_word_narrow.mem_reg_0_31_112_125/RAMH
  global lutram RAMS32 vit_system_i/smartconnect_ddr/inst/s00_nodes/s00_r_node/inst/inst_mi_handler/gen_normal_area.inst_fifo_node_payld/gen_xpm_memory_fifo.inst_fifo/gen_mem_rep[0].inst_xpm_memory/xpm_memory_base_inst/gen_wr_a.gen_word_narrow.mem_reg_0_31_112_125/RAMH_D1
  global lutram RAMD32 vit_system_i/smartconnect_ddr/inst/s00_nodes/s00_r_node/inst/inst_mi_handler/gen_normal_area.inst_fifo_node_payld/gen_xpm_memory_fifo.inst_fifo/gen_mem_rep[0].inst_xpm_memory/xpm_memory_base_inst/gen_wr_a.gen_word_narrow.mem_reg_0_31_126_139/RAMA
  global lutram RAMD32 vit_system_i/smartconnect_ddr/inst/s00_nodes/s00_r_node/inst/inst_mi_handler/gen_normal_area.inst_fifo_node_payld/gen_xpm_memory_fifo.inst_fifo/gen_mem_rep[0].inst_xpm_memory/xpm_memory_base_inst/gen_wr_a.gen_word_narrow.mem_reg_0_31_126_139/RAMA_D1
  global lutram RAMD32 vit_system_i/smartconnect_ddr/inst/s00_nodes/s00_r_node/inst/inst_mi_handler/gen_normal_area.inst_fifo_node_payld/gen_xpm_memory_fifo.inst_fifo/gen_mem_rep[0].inst_xpm_memory/xpm_memory_base_inst/gen_wr_a.gen_word_narrow.mem_reg_0_31_126_139/RAMB
  global lutram RAMD32 vit_system_i/smartconnect_ddr/inst/s00_nodes/s00_r_node/inst/inst_mi_handler/gen_normal_area.inst_fifo_node_payld/gen_xpm_memory_fifo.inst_fifo/gen_mem_rep[0].inst_xpm_memory/xpm_memory_base_inst/gen_wr_a.gen_word_narrow.mem_reg_0_31_126_139/RAMB_D1
  global lutram RAMD32 vit_system_i/smartconnect_ddr/inst/s00_nodes/s00_r_node/inst/inst_mi_handler/gen_normal_area.inst_fifo_node_payld/gen_xpm_memory_fifo.inst_fifo/gen_mem_rep[0].inst_xpm_memory/xpm_memory_base_inst/gen_wr_a.gen_word_narrow.mem_reg_0_31_126_139/RAMC
  global lutram RAMD32 vit_system_i/smartconnect_ddr/inst/s00_nodes/s00_r_node/inst/inst_mi_handler/gen_normal_area.inst_fifo_node_payld/gen_xpm_memory_fifo.inst_fifo/gen_mem_rep[0].inst_xpm_memory/xpm_memory_base_inst/gen_wr_a.gen_word_narrow.mem_reg_0_31_126_139/RAMC_D1
  global lutram RAMD32 vit_system_i/smartconnect_ddr/inst/s00_nodes/s00_r_node/inst/inst_mi_handler/gen_normal_area.inst_fifo_node_payld/gen_xpm_memory_fifo.inst_fifo/gen_mem_rep[0].inst_xpm_memory/xpm_memory_base_inst/gen_wr_a.gen_word_narrow.mem_reg_0_31_126_139/RAMD
  global lutram RAMD32 vit_system_i/smartconnect_ddr/inst/s00_nodes/s00_r_node/inst/inst_mi_handler/gen_normal_area.inst_fifo_node_payld/gen_xpm_memory_fifo.inst_fifo/gen_mem_rep[0].inst_xpm_memory/xpm_memory_base_inst/gen_wr_a.gen_word_narrow.mem_reg_0_31_126_139/RAMD_D1
  global lutram RAMD32 vit_system_i/smartconnect_ddr/inst/s00_nodes/s00_r_node/inst/inst_mi_handler/gen_normal_area.inst_fifo_node_payld/gen_xpm_memory_fifo.inst_fifo/gen_mem_rep[0].inst_xpm_memory/xpm_memory_base_inst/gen_wr_a.gen_word_narrow.mem_reg_0_31_126_139/RAME
  global lutram RAMD32 vit_system_i/smartconnect_ddr/inst/s00_nodes/s00_r_node/inst/inst_mi_handler/gen_normal_area.inst_fifo_node_payld/gen_xpm_memory_fifo.inst_fifo/gen_mem_rep[0].inst_xpm_memory/xpm_memory_base_inst/gen_wr_a.gen_word_narrow.mem_reg_0_31_126_139/RAME_D1
  global lutram RAMD32 vit_system_i/smartconnect_ddr/inst/s00_nodes/s00_r_node/inst/inst_mi_handler/gen_normal_area.inst_fifo_node_payld/gen_xpm_memory_fifo.inst_fifo/gen_mem_rep[0].inst_xpm_memory/xpm_memory_base_inst/gen_wr_a.gen_word_narrow.mem_reg_0_31_126_139/RAMF
  global lutram RAMD32 vit_system_i/smartconnect_ddr/inst/s00_nodes/s00_r_node/inst/inst_mi_handler/gen_normal_area.inst_fifo_node_payld/gen_xpm_memory_fifo.inst_fifo/gen_mem_rep[0].inst_xpm_memory/xpm_memory_base_inst/gen_wr_a.gen_word_narrow.mem_reg_0_31_126_139/RAMF_D1
  global lutram RAMD32 vit_system_i/smartconnect_ddr/inst/s00_nodes/s00_r_node/inst/inst_mi_handler/gen_normal_area.inst_fifo_node_payld/gen_xpm_memory_fifo.inst_fifo/gen_mem_rep[0].inst_xpm_memory/xpm_memory_base_inst/gen_wr_a.gen_word_narrow.mem_reg_0_31_126_139/RAMG
  global lutram RAMD32 vit_system_i/smartconnect_ddr/inst/s00_nodes/s00_r_node/inst/inst_mi_handler/gen_normal_area.inst_fifo_node_payld/gen_xpm_memory_fifo.inst_fifo/gen_mem_rep[0].inst_xpm_memory/xpm_memory_base_inst/gen_wr_a.gen_word_narrow.mem_reg_0_31_126_139/RAMG_D1
  global lutram RAMS32 vit_system_i/smartconnect_ddr/inst/s00_nodes/s00_r_node/inst/inst_mi_handler/gen_normal_area.inst_fifo_node_payld/gen_xpm_memory_fifo.inst_fifo/gen_mem_rep[0].inst_xpm_memory/xpm_memory_base_inst/gen_wr_a.gen_word_narrow.mem_reg_0_31_126_139/RAMH
  global lutram RAMS32 vit_system_i/smartconnect_ddr/inst/s00_nodes/s00_r_node/inst/inst_mi_handler/gen_normal_area.inst_fifo_node_payld/gen_xpm_memory_fifo.inst_fifo/gen_mem_rep[0].inst_xpm_memory/xpm_memory_base_inst/gen_wr_a.gen_word_narrow.mem_reg_0_31_126_139/RAMH_D1
  global lutram RAMD32 vit_system_i/smartconnect_ddr/inst/s00_nodes/s00_r_node/inst/inst_mi_handler/gen_normal_area.inst_fifo_node_payld/gen_xpm_memory_fifo.inst_fifo/gen_mem_rep[0].inst_xpm_memory/xpm_memory_base_inst/gen_wr_a.gen_word_narrow.mem_reg_0_31_140_153/RAMA
  global lutram RAMD32 vit_system_i/smartconnect_ddr/inst/s00_nodes/s00_r_node/inst/inst_mi_handler/gen_normal_area.inst_fifo_node_payld/gen_xpm_memory_fifo.inst_fifo/gen_mem_rep[0].inst_xpm_memory/xpm_memory_base_inst/gen_wr_a.gen_word_narrow.mem_reg_0_31_140_153/RAMA_D1
  global lutram RAMD32 vit_system_i/smartconnect_ddr/inst/s00_nodes/s00_r_node/inst/inst_mi_handler/gen_normal_area.inst_fifo_node_payld/gen_xpm_memory_fifo.inst_fifo/gen_mem_rep[0].inst_xpm_memory/xpm_memory_base_inst/gen_wr_a.gen_word_narrow.mem_reg_0_31_140_153/RAMB
  global lutram RAMD32 vit_system_i/smartconnect_ddr/inst/s00_nodes/s00_r_node/inst/inst_mi_handler/gen_normal_area.inst_fifo_node_payld/gen_xpm_memory_fifo.inst_fifo/gen_mem_rep[0].inst_xpm_memory/xpm_memory_base_inst/gen_wr_a.gen_word_narrow.mem_reg_0_31_140_153/RAMB_D1
  global lutram RAMD32 vit_system_i/smartconnect_ddr/inst/s00_nodes/s00_r_node/inst/inst_mi_handler/gen_normal_area.inst_fifo_node_payld/gen_xpm_memory_fifo.inst_fifo/gen_mem_rep[0].inst_xpm_memory/xpm_memory_base_inst/gen_wr_a.gen_word_narrow.mem_reg_0_31_140_153/RAMC
  global lutram RAMD32 vit_system_i/smartconnect_ddr/inst/s00_nodes/s00_r_node/inst/inst_mi_handler/gen_normal_area.inst_fifo_node_payld/gen_xpm_memory_fifo.inst_fifo/gen_mem_rep[0].inst_xpm_memory/xpm_memory_base_inst/gen_wr_a.gen_word_narrow.mem_reg_0_31_140_153/RAMC_D1
  global lutram RAMD32 vit_system_i/smartconnect_ddr/inst/s00_nodes/s00_r_node/inst/inst_mi_handler/gen_normal_area.inst_fifo_node_payld/gen_xpm_memory_fifo.inst_fifo/gen_mem_rep[0].inst_xpm_memory/xpm_memory_base_inst/gen_wr_a.gen_word_narrow.mem_reg_0_31_140_153/RAMD
  global lutram RAMD32 vit_system_i/smartconnect_ddr/inst/s00_nodes/s00_r_node/inst/inst_mi_handler/gen_normal_area.inst_fifo_node_payld/gen_xpm_memory_fifo.inst_fifo/gen_mem_rep[0].inst_xpm_memory/xpm_memory_base_inst/gen_wr_a.gen_word_narrow.mem_reg_0_31_140_153/RAMD_D1
  global lutram RAMD32 vit_system_i/smartconnect_ddr/inst/s00_nodes/s00_r_node/inst/inst_mi_handler/gen_normal_area.inst_fifo_node_payld/gen_xpm_memory_fifo.inst_fifo/gen_mem_rep[0].inst_xpm_memory/xpm_memory_base_inst/gen_wr_a.gen_word_narrow.mem_reg_0_31_140_153/RAME
  global lutram RAMD32 vit_system_i/smartconnect_ddr/inst/s00_nodes/s00_r_node/inst/inst_mi_handler/gen_normal_area.inst_fifo_node_payld/gen_xpm_memory_fifo.inst_fifo/gen_mem_rep[0].inst_xpm_memory/xpm_memory_base_inst/gen_wr_a.gen_word_narrow.mem_reg_0_31_140_153/RAME_D1
  global lutram RAMD32 vit_system_i/smartconnect_ddr/inst/s00_nodes/s00_r_node/inst/inst_mi_handler/gen_normal_area.inst_fifo_node_payld/gen_xpm_memory_fifo.inst_fifo/gen_mem_rep[0].inst_xpm_memory/xpm_memory_base_inst/gen_wr_a.gen_word_narrow.mem_reg_0_31_140_153/RAMF
  global lutram RAMD32 vit_system_i/smartconnect_ddr/inst/s00_nodes/s00_r_node/inst/inst_mi_handler/gen_normal_area.inst_fifo_node_payld/gen_xpm_memory_fifo.inst_fifo/gen_mem_rep[0].inst_xpm_memory/xpm_memory_base_inst/gen_wr_a.gen_word_narrow.mem_reg_0_31_140_153/RAMF_D1
  global lutram RAMD32 vit_system_i/smartconnect_ddr/inst/s00_nodes/s00_r_node/inst/inst_mi_handler/gen_normal_area.inst_fifo_node_payld/gen_xpm_memory_fifo.inst_fifo/gen_mem_rep[0].inst_xpm_memory/xpm_memory_base_inst/gen_wr_a.gen_word_narrow.mem_reg_0_31_140_153/RAMG
  global lutram RAMD32 vit_system_i/smartconnect_ddr/inst/s00_nodes/s00_r_node/inst/inst_mi_handler/gen_normal_area.inst_fifo_node_payld/gen_xpm_memory_fifo.inst_fifo/gen_mem_rep[0].inst_xpm_memory/xpm_memory_base_inst/gen_wr_a.gen_word_narrow.mem_reg_0_31_140_153/RAMG_D1
  global lutram RAMS32 vit_system_i/smartconnect_ddr/inst/s00_nodes/s00_r_node/inst/inst_mi_handler/gen_normal_area.inst_fifo_node_payld/gen_xpm_memory_fifo.inst_fifo/gen_mem_rep[0].inst_xpm_memory/xpm_memory_base_inst/gen_wr_a.gen_word_narrow.mem_reg_0_31_140_153/RAMH
  global lutram RAMS32 vit_system_i/smartconnect_ddr/inst/s00_nodes/s00_r_node/inst/inst_mi_handler/gen_normal_area.inst_fifo_node_payld/gen_xpm_memory_fifo.inst_fifo/gen_mem_rep[0].inst_xpm_memory/xpm_memory_base_inst/gen_wr_a.gen_word_narrow.mem_reg_0_31_140_153/RAMH_D1
  global lutram RAMD32 vit_system_i/smartconnect_ddr/inst/s00_nodes/s00_r_node/inst/inst_mi_handler/gen_normal_area.inst_fifo_node_payld/gen_xpm_memory_fifo.inst_fifo/gen_mem_rep[0].inst_xpm_memory/xpm_memory_base_inst/gen_wr_a.gen_word_narrow.mem_reg_0_31_14_27/RAMA
  global lutram RAMD32 vit_system_i/smartconnect_ddr/inst/s00_nodes/s00_r_node/inst/inst_mi_handler/gen_normal_area.inst_fifo_node_payld/gen_xpm_memory_fifo.inst_fifo/gen_mem_rep[0].inst_xpm_memory/xpm_memory_base_inst/gen_wr_a.gen_word_narrow.mem_reg_0_31_14_27/RAMA_D1
  global lutram RAMD32 vit_system_i/smartconnect_ddr/inst/s00_nodes/s00_r_node/inst/inst_mi_handler/gen_normal_area.inst_fifo_node_payld/gen_xpm_memory_fifo.inst_fifo/gen_mem_rep[0].inst_xpm_memory/xpm_memory_base_inst/gen_wr_a.gen_word_narrow.mem_reg_0_31_14_27/RAMB
  global lutram RAMD32 vit_system_i/smartconnect_ddr/inst/s00_nodes/s00_r_node/inst/inst_mi_handler/gen_normal_area.inst_fifo_node_payld/gen_xpm_memory_fifo.inst_fifo/gen_mem_rep[0].inst_xpm_memory/xpm_memory_base_inst/gen_wr_a.gen_word_narrow.mem_reg_0_31_14_27/RAMB_D1
  global lutram RAMD32 vit_system_i/smartconnect_ddr/inst/s00_nodes/s00_r_node/inst/inst_mi_handler/gen_normal_area.inst_fifo_node_payld/gen_xpm_memory_fifo.inst_fifo/gen_mem_rep[0].inst_xpm_memory/xpm_memory_base_inst/gen_wr_a.gen_word_narrow.mem_reg_0_31_14_27/RAMC
  global lutram RAMD32 vit_system_i/smartconnect_ddr/inst/s00_nodes/s00_r_node/inst/inst_mi_handler/gen_normal_area.inst_fifo_node_payld/gen_xpm_memory_fifo.inst_fifo/gen_mem_rep[0].inst_xpm_memory/xpm_memory_base_inst/gen_wr_a.gen_word_narrow.mem_reg_0_31_14_27/RAMC_D1
  global lutram RAMD32 vit_system_i/smartconnect_ddr/inst/s00_nodes/s00_r_node/inst/inst_mi_handler/gen_normal_area.inst_fifo_node_payld/gen_xpm_memory_fifo.inst_fifo/gen_mem_rep[0].inst_xpm_memory/xpm_memory_base_inst/gen_wr_a.gen_word_narrow.mem_reg_0_31_14_27/RAMD
  global lutram RAMD32 vit_system_i/smartconnect_ddr/inst/s00_nodes/s00_r_node/inst/inst_mi_handler/gen_normal_area.inst_fifo_node_payld/gen_xpm_memory_fifo.inst_fifo/gen_mem_rep[0].inst_xpm_memory/xpm_memory_base_inst/gen_wr_a.gen_word_narrow.mem_reg_0_31_14_27/RAMD_D1
  global lutram RAMD32 vit_system_i/smartconnect_ddr/inst/s00_nodes/s00_r_node/inst/inst_mi_handler/gen_normal_area.inst_fifo_node_payld/gen_xpm_memory_fifo.inst_fifo/gen_mem_rep[0].inst_xpm_memory/xpm_memory_base_inst/gen_wr_a.gen_word_narrow.mem_reg_0_31_14_27/RAME
  global lutram RAMD32 vit_system_i/smartconnect_ddr/inst/s00_nodes/s00_r_node/inst/inst_mi_handler/gen_normal_area.inst_fifo_node_payld/gen_xpm_memory_fifo.inst_fifo/gen_mem_rep[0].inst_xpm_memory/xpm_memory_base_inst/gen_wr_a.gen_word_narrow.mem_reg_0_31_14_27/RAME_D1
  global lutram RAMD32 vit_system_i/smartconnect_ddr/inst/s00_nodes/s00_r_node/inst/inst_mi_handler/gen_normal_area.inst_fifo_node_payld/gen_xpm_memory_fifo.inst_fifo/gen_mem_rep[0].inst_xpm_memory/xpm_memory_base_inst/gen_wr_a.gen_word_narrow.mem_reg_0_31_14_27/RAMF
  global lutram RAMD32 vit_system_i/smartconnect_ddr/inst/s00_nodes/s00_r_node/inst/inst_mi_handler/gen_normal_area.inst_fifo_node_payld/gen_xpm_memory_fifo.inst_fifo/gen_mem_rep[0].inst_xpm_memory/xpm_memory_base_inst/gen_wr_a.gen_word_narrow.mem_reg_0_31_14_27/RAMF_D1
  global lutram RAMD32 vit_system_i/smartconnect_ddr/inst/s00_nodes/s00_r_node/inst/inst_mi_handler/gen_normal_area.inst_fifo_node_payld/gen_xpm_memory_fifo.inst_fifo/gen_mem_rep[0].inst_xpm_memory/xpm_memory_base_inst/gen_wr_a.gen_word_narrow.mem_reg_0_31_14_27/RAMG
  global lutram RAMD32 vit_system_i/smartconnect_ddr/inst/s00_nodes/s00_r_node/inst/inst_mi_handler/gen_normal_area.inst_fifo_node_payld/gen_xpm_memory_fifo.inst_fifo/gen_mem_rep[0].inst_xpm_memory/xpm_memory_base_inst/gen_wr_a.gen_word_narrow.mem_reg_0_31_14_27/RAMG_D1
  global lutram RAMS32 vit_system_i/smartconnect_ddr/inst/s00_nodes/s00_r_node/inst/inst_mi_handler/gen_normal_area.inst_fifo_node_payld/gen_xpm_memory_fifo.inst_fifo/gen_mem_rep[0].inst_xpm_memory/xpm_memory_base_inst/gen_wr_a.gen_word_narrow.mem_reg_0_31_14_27/RAMH
  global lutram RAMS32 vit_system_i/smartconnect_ddr/inst/s00_nodes/s00_r_node/inst/inst_mi_handler/gen_normal_area.inst_fifo_node_payld/gen_xpm_memory_fifo.inst_fifo/gen_mem_rep[0].inst_xpm_memory/xpm_memory_base_inst/gen_wr_a.gen_word_narrow.mem_reg_0_31_14_27/RAMH_D1
  global lutram RAMD32 vit_system_i/smartconnect_ddr/inst/s00_nodes/s00_r_node/inst/inst_mi_handler/gen_normal_area.inst_fifo_node_payld/gen_xpm_memory_fifo.inst_fifo/gen_mem_rep[0].inst_xpm_memory/xpm_memory_base_inst/gen_wr_a.gen_word_narrow.mem_reg_0_31_28_41/RAMA
  global lutram RAMD32 vit_system_i/smartconnect_ddr/inst/s00_nodes/s00_r_node/inst/inst_mi_handler/gen_normal_area.inst_fifo_node_payld/gen_xpm_memory_fifo.inst_fifo/gen_mem_rep[0].inst_xpm_memory/xpm_memory_base_inst/gen_wr_a.gen_word_narrow.mem_reg_0_31_28_41/RAMA_D1
  global lutram RAMD32 vit_system_i/smartconnect_ddr/inst/s00_nodes/s00_r_node/inst/inst_mi_handler/gen_normal_area.inst_fifo_node_payld/gen_xpm_memory_fifo.inst_fifo/gen_mem_rep[0].inst_xpm_memory/xpm_memory_base_inst/gen_wr_a.gen_word_narrow.mem_reg_0_31_28_41/RAMB
  global lutram RAMD32 vit_system_i/smartconnect_ddr/inst/s00_nodes/s00_r_node/inst/inst_mi_handler/gen_normal_area.inst_fifo_node_payld/gen_xpm_memory_fifo.inst_fifo/gen_mem_rep[0].inst_xpm_memory/xpm_memory_base_inst/gen_wr_a.gen_word_narrow.mem_reg_0_31_28_41/RAMB_D1
  global lutram RAMD32 vit_system_i/smartconnect_ddr/inst/s00_nodes/s00_r_node/inst/inst_mi_handler/gen_normal_area.inst_fifo_node_payld/gen_xpm_memory_fifo.inst_fifo/gen_mem_rep[0].inst_xpm_memory/xpm_memory_base_inst/gen_wr_a.gen_word_narrow.mem_reg_0_31_28_41/RAMC
  global lutram RAMD32 vit_system_i/smartconnect_ddr/inst/s00_nodes/s00_r_node/inst/inst_mi_handler/gen_normal_area.inst_fifo_node_payld/gen_xpm_memory_fifo.inst_fifo/gen_mem_rep[0].inst_xpm_memory/xpm_memory_base_inst/gen_wr_a.gen_word_narrow.mem_reg_0_31_28_41/RAMC_D1
  global lutram RAMD32 vit_system_i/smartconnect_ddr/inst/s00_nodes/s00_r_node/inst/inst_mi_handler/gen_normal_area.inst_fifo_node_payld/gen_xpm_memory_fifo.inst_fifo/gen_mem_rep[0].inst_xpm_memory/xpm_memory_base_inst/gen_wr_a.gen_word_narrow.mem_reg_0_31_28_41/RAMD
  global lutram RAMD32 vit_system_i/smartconnect_ddr/inst/s00_nodes/s00_r_node/inst/inst_mi_handler/gen_normal_area.inst_fifo_node_payld/gen_xpm_memory_fifo.inst_fifo/gen_mem_rep[0].inst_xpm_memory/xpm_memory_base_inst/gen_wr_a.gen_word_narrow.mem_reg_0_31_28_41/RAMD_D1
  global lutram RAMD32 vit_system_i/smartconnect_ddr/inst/s00_nodes/s00_r_node/inst/inst_mi_handler/gen_normal_area.inst_fifo_node_payld/gen_xpm_memory_fifo.inst_fifo/gen_mem_rep[0].inst_xpm_memory/xpm_memory_base_inst/gen_wr_a.gen_word_narrow.mem_reg_0_31_28_41/RAME
  global lutram RAMD32 vit_system_i/smartconnect_ddr/inst/s00_nodes/s00_r_node/inst/inst_mi_handler/gen_normal_area.inst_fifo_node_payld/gen_xpm_memory_fifo.inst_fifo/gen_mem_rep[0].inst_xpm_memory/xpm_memory_base_inst/gen_wr_a.gen_word_narrow.mem_reg_0_31_28_41/RAME_D1
  global lutram RAMD32 vit_system_i/smartconnect_ddr/inst/s00_nodes/s00_r_node/inst/inst_mi_handler/gen_normal_area.inst_fifo_node_payld/gen_xpm_memory_fifo.inst_fifo/gen_mem_rep[0].inst_xpm_memory/xpm_memory_base_inst/gen_wr_a.gen_word_narrow.mem_reg_0_31_28_41/RAMF
  global lutram RAMD32 vit_system_i/smartconnect_ddr/inst/s00_nodes/s00_r_node/inst/inst_mi_handler/gen_normal_area.inst_fifo_node_payld/gen_xpm_memory_fifo.inst_fifo/gen_mem_rep[0].inst_xpm_memory/xpm_memory_base_inst/gen_wr_a.gen_word_narrow.mem_reg_0_31_28_41/RAMF_D1
  global lutram RAMD32 vit_system_i/smartconnect_ddr/inst/s00_nodes/s00_r_node/inst/inst_mi_handler/gen_normal_area.inst_fifo_node_payld/gen_xpm_memory_fifo.inst_fifo/gen_mem_rep[0].inst_xpm_memory/xpm_memory_base_inst/gen_wr_a.gen_word_narrow.mem_reg_0_31_28_41/RAMG
  global lutram RAMD32 vit_system_i/smartconnect_ddr/inst/s00_nodes/s00_r_node/inst/inst_mi_handler/gen_normal_area.inst_fifo_node_payld/gen_xpm_memory_fifo.inst_fifo/gen_mem_rep[0].inst_xpm_memory/xpm_memory_base_inst/gen_wr_a.gen_word_narrow.mem_reg_0_31_28_41/RAMG_D1
  global lutram RAMS32 vit_system_i/smartconnect_ddr/inst/s00_nodes/s00_r_node/inst/inst_mi_handler/gen_normal_area.inst_fifo_node_payld/gen_xpm_memory_fifo.inst_fifo/gen_mem_rep[0].inst_xpm_memory/xpm_memory_base_inst/gen_wr_a.gen_word_narrow.mem_reg_0_31_28_41/RAMH
  global lutram RAMS32 vit_system_i/smartconnect_ddr/inst/s00_nodes/s00_r_node/inst/inst_mi_handler/gen_normal_area.inst_fifo_node_payld/gen_xpm_memory_fifo.inst_fifo/gen_mem_rep[0].inst_xpm_memory/xpm_memory_base_inst/gen_wr_a.gen_word_narrow.mem_reg_0_31_28_41/RAMH_D1
  global lutram RAMD32 vit_system_i/smartconnect_ddr/inst/s00_nodes/s00_r_node/inst/inst_mi_handler/gen_normal_area.inst_fifo_node_payld/gen_xpm_memory_fifo.inst_fifo/gen_mem_rep[0].inst_xpm_memory/xpm_memory_base_inst/gen_wr_a.gen_word_narrow.mem_reg_0_31_42_55/RAMA
  global lutram RAMD32 vit_system_i/smartconnect_ddr/inst/s00_nodes/s00_r_node/inst/inst_mi_handler/gen_normal_area.inst_fifo_node_payld/gen_xpm_memory_fifo.inst_fifo/gen_mem_rep[0].inst_xpm_memory/xpm_memory_base_inst/gen_wr_a.gen_word_narrow.mem_reg_0_31_42_55/RAMA_D1
  global lutram RAMD32 vit_system_i/smartconnect_ddr/inst/s00_nodes/s00_r_node/inst/inst_mi_handler/gen_normal_area.inst_fifo_node_payld/gen_xpm_memory_fifo.inst_fifo/gen_mem_rep[0].inst_xpm_memory/xpm_memory_base_inst/gen_wr_a.gen_word_narrow.mem_reg_0_31_42_55/RAMB
  global lutram RAMD32 vit_system_i/smartconnect_ddr/inst/s00_nodes/s00_r_node/inst/inst_mi_handler/gen_normal_area.inst_fifo_node_payld/gen_xpm_memory_fifo.inst_fifo/gen_mem_rep[0].inst_xpm_memory/xpm_memory_base_inst/gen_wr_a.gen_word_narrow.mem_reg_0_31_42_55/RAMB_D1
  global lutram RAMD32 vit_system_i/smartconnect_ddr/inst/s00_nodes/s00_r_node/inst/inst_mi_handler/gen_normal_area.inst_fifo_node_payld/gen_xpm_memory_fifo.inst_fifo/gen_mem_rep[0].inst_xpm_memory/xpm_memory_base_inst/gen_wr_a.gen_word_narrow.mem_reg_0_31_42_55/RAMC
  global lutram RAMD32 vit_system_i/smartconnect_ddr/inst/s00_nodes/s00_r_node/inst/inst_mi_handler/gen_normal_area.inst_fifo_node_payld/gen_xpm_memory_fifo.inst_fifo/gen_mem_rep[0].inst_xpm_memory/xpm_memory_base_inst/gen_wr_a.gen_word_narrow.mem_reg_0_31_42_55/RAMC_D1
  global lutram RAMD32 vit_system_i/smartconnect_ddr/inst/s00_nodes/s00_r_node/inst/inst_mi_handler/gen_normal_area.inst_fifo_node_payld/gen_xpm_memory_fifo.inst_fifo/gen_mem_rep[0].inst_xpm_memory/xpm_memory_base_inst/gen_wr_a.gen_word_narrow.mem_reg_0_31_42_55/RAMD
  global lutram RAMD32 vit_system_i/smartconnect_ddr/inst/s00_nodes/s00_r_node/inst/inst_mi_handler/gen_normal_area.inst_fifo_node_payld/gen_xpm_memory_fifo.inst_fifo/gen_mem_rep[0].inst_xpm_memory/xpm_memory_base_inst/gen_wr_a.gen_word_narrow.mem_reg_0_31_42_55/RAMD_D1
  global lutram RAMD32 vit_system_i/smartconnect_ddr/inst/s00_nodes/s00_r_node/inst/inst_mi_handler/gen_normal_area.inst_fifo_node_payld/gen_xpm_memory_fifo.inst_fifo/gen_mem_rep[0].inst_xpm_memory/xpm_memory_base_inst/gen_wr_a.gen_word_narrow.mem_reg_0_31_42_55/RAME
  global lutram RAMD32 vit_system_i/smartconnect_ddr/inst/s00_nodes/s00_r_node/inst/inst_mi_handler/gen_normal_area.inst_fifo_node_payld/gen_xpm_memory_fifo.inst_fifo/gen_mem_rep[0].inst_xpm_memory/xpm_memory_base_inst/gen_wr_a.gen_word_narrow.mem_reg_0_31_42_55/RAME_D1
  global lutram RAMD32 vit_system_i/smartconnect_ddr/inst/s00_nodes/s00_r_node/inst/inst_mi_handler/gen_normal_area.inst_fifo_node_payld/gen_xpm_memory_fifo.inst_fifo/gen_mem_rep[0].inst_xpm_memory/xpm_memory_base_inst/gen_wr_a.gen_word_narrow.mem_reg_0_31_42_55/RAMF
  global lutram RAMD32 vit_system_i/smartconnect_ddr/inst/s00_nodes/s00_r_node/inst/inst_mi_handler/gen_normal_area.inst_fifo_node_payld/gen_xpm_memory_fifo.inst_fifo/gen_mem_rep[0].inst_xpm_memory/xpm_memory_base_inst/gen_wr_a.gen_word_narrow.mem_reg_0_31_42_55/RAMF_D1
  global lutram RAMD32 vit_system_i/smartconnect_ddr/inst/s00_nodes/s00_r_node/inst/inst_mi_handler/gen_normal_area.inst_fifo_node_payld/gen_xpm_memory_fifo.inst_fifo/gen_mem_rep[0].inst_xpm_memory/xpm_memory_base_inst/gen_wr_a.gen_word_narrow.mem_reg_0_31_42_55/RAMG
  global lutram RAMD32 vit_system_i/smartconnect_ddr/inst/s00_nodes/s00_r_node/inst/inst_mi_handler/gen_normal_area.inst_fifo_node_payld/gen_xpm_memory_fifo.inst_fifo/gen_mem_rep[0].inst_xpm_memory/xpm_memory_base_inst/gen_wr_a.gen_word_narrow.mem_reg_0_31_42_55/RAMG_D1
  global lutram RAMS32 vit_system_i/smartconnect_ddr/inst/s00_nodes/s00_r_node/inst/inst_mi_handler/gen_normal_area.inst_fifo_node_payld/gen_xpm_memory_fifo.inst_fifo/gen_mem_rep[0].inst_xpm_memory/xpm_memory_base_inst/gen_wr_a.gen_word_narrow.mem_reg_0_31_42_55/RAMH
  global lutram RAMS32 vit_system_i/smartconnect_ddr/inst/s00_nodes/s00_r_node/inst/inst_mi_handler/gen_normal_area.inst_fifo_node_payld/gen_xpm_memory_fifo.inst_fifo/gen_mem_rep[0].inst_xpm_memory/xpm_memory_base_inst/gen_wr_a.gen_word_narrow.mem_reg_0_31_42_55/RAMH_D1
  global lutram RAMD32 vit_system_i/smartconnect_ddr/inst/s00_nodes/s00_r_node/inst/inst_mi_handler/gen_normal_area.inst_fifo_node_payld/gen_xpm_memory_fifo.inst_fifo/gen_mem_rep[0].inst_xpm_memory/xpm_memory_base_inst/gen_wr_a.gen_word_narrow.mem_reg_0_31_56_69/RAMA
  global lutram RAMD32 vit_system_i/smartconnect_ddr/inst/s00_nodes/s00_r_node/inst/inst_mi_handler/gen_normal_area.inst_fifo_node_payld/gen_xpm_memory_fifo.inst_fifo/gen_mem_rep[0].inst_xpm_memory/xpm_memory_base_inst/gen_wr_a.gen_word_narrow.mem_reg_0_31_56_69/RAMA_D1
  global lutram RAMD32 vit_system_i/smartconnect_ddr/inst/s00_nodes/s00_r_node/inst/inst_mi_handler/gen_normal_area.inst_fifo_node_payld/gen_xpm_memory_fifo.inst_fifo/gen_mem_rep[0].inst_xpm_memory/xpm_memory_base_inst/gen_wr_a.gen_word_narrow.mem_reg_0_31_56_69/RAMB
  global lutram RAMD32 vit_system_i/smartconnect_ddr/inst/s00_nodes/s00_r_node/inst/inst_mi_handler/gen_normal_area.inst_fifo_node_payld/gen_xpm_memory_fifo.inst_fifo/gen_mem_rep[0].inst_xpm_memory/xpm_memory_base_inst/gen_wr_a.gen_word_narrow.mem_reg_0_31_56_69/RAMB_D1
  global lutram RAMD32 vit_system_i/smartconnect_ddr/inst/s00_nodes/s00_r_node/inst/inst_mi_handler/gen_normal_area.inst_fifo_node_payld/gen_xpm_memory_fifo.inst_fifo/gen_mem_rep[0].inst_xpm_memory/xpm_memory_base_inst/gen_wr_a.gen_word_narrow.mem_reg_0_31_56_69/RAMC
  global lutram RAMD32 vit_system_i/smartconnect_ddr/inst/s00_nodes/s00_r_node/inst/inst_mi_handler/gen_normal_area.inst_fifo_node_payld/gen_xpm_memory_fifo.inst_fifo/gen_mem_rep[0].inst_xpm_memory/xpm_memory_base_inst/gen_wr_a.gen_word_narrow.mem_reg_0_31_56_69/RAMC_D1
  global lutram RAMD32 vit_system_i/smartconnect_ddr/inst/s00_nodes/s00_r_node/inst/inst_mi_handler/gen_normal_area.inst_fifo_node_payld/gen_xpm_memory_fifo.inst_fifo/gen_mem_rep[0].inst_xpm_memory/xpm_memory_base_inst/gen_wr_a.gen_word_narrow.mem_reg_0_31_56_69/RAMD
  global lutram RAMD32 vit_system_i/smartconnect_ddr/inst/s00_nodes/s00_r_node/inst/inst_mi_handler/gen_normal_area.inst_fifo_node_payld/gen_xpm_memory_fifo.inst_fifo/gen_mem_rep[0].inst_xpm_memory/xpm_memory_base_inst/gen_wr_a.gen_word_narrow.mem_reg_0_31_56_69/RAMD_D1
  global lutram RAMD32 vit_system_i/smartconnect_ddr/inst/s00_nodes/s00_r_node/inst/inst_mi_handler/gen_normal_area.inst_fifo_node_payld/gen_xpm_memory_fifo.inst_fifo/gen_mem_rep[0].inst_xpm_memory/xpm_memory_base_inst/gen_wr_a.gen_word_narrow.mem_reg_0_31_56_69/RAME
  global lutram RAMD32 vit_system_i/smartconnect_ddr/inst/s00_nodes/s00_r_node/inst/inst_mi_handler/gen_normal_area.inst_fifo_node_payld/gen_xpm_memory_fifo.inst_fifo/gen_mem_rep[0].inst_xpm_memory/xpm_memory_base_inst/gen_wr_a.gen_word_narrow.mem_reg_0_31_56_69/RAME_D1
  global lutram RAMD32 vit_system_i/smartconnect_ddr/inst/s00_nodes/s00_r_node/inst/inst_mi_handler/gen_normal_area.inst_fifo_node_payld/gen_xpm_memory_fifo.inst_fifo/gen_mem_rep[0].inst_xpm_memory/xpm_memory_base_inst/gen_wr_a.gen_word_narrow.mem_reg_0_31_56_69/RAMF
  global lutram RAMD32 vit_system_i/smartconnect_ddr/inst/s00_nodes/s00_r_node/inst/inst_mi_handler/gen_normal_area.inst_fifo_node_payld/gen_xpm_memory_fifo.inst_fifo/gen_mem_rep[0].inst_xpm_memory/xpm_memory_base_inst/gen_wr_a.gen_word_narrow.mem_reg_0_31_56_69/RAMF_D1
  global lutram RAMD32 vit_system_i/smartconnect_ddr/inst/s00_nodes/s00_r_node/inst/inst_mi_handler/gen_normal_area.inst_fifo_node_payld/gen_xpm_memory_fifo.inst_fifo/gen_mem_rep[0].inst_xpm_memory/xpm_memory_base_inst/gen_wr_a.gen_word_narrow.mem_reg_0_31_56_69/RAMG
  global lutram RAMD32 vit_system_i/smartconnect_ddr/inst/s00_nodes/s00_r_node/inst/inst_mi_handler/gen_normal_area.inst_fifo_node_payld/gen_xpm_memory_fifo.inst_fifo/gen_mem_rep[0].inst_xpm_memory/xpm_memory_base_inst/gen_wr_a.gen_word_narrow.mem_reg_0_31_56_69/RAMG_D1
  global lutram RAMS32 vit_system_i/smartconnect_ddr/inst/s00_nodes/s00_r_node/inst/inst_mi_handler/gen_normal_area.inst_fifo_node_payld/gen_xpm_memory_fifo.inst_fifo/gen_mem_rep[0].inst_xpm_memory/xpm_memory_base_inst/gen_wr_a.gen_word_narrow.mem_reg_0_31_56_69/RAMH
  global lutram RAMS32 vit_system_i/smartconnect_ddr/inst/s00_nodes/s00_r_node/inst/inst_mi_handler/gen_normal_area.inst_fifo_node_payld/gen_xpm_memory_fifo.inst_fifo/gen_mem_rep[0].inst_xpm_memory/xpm_memory_base_inst/gen_wr_a.gen_word_narrow.mem_reg_0_31_56_69/RAMH_D1
  global lutram RAMD32 vit_system_i/smartconnect_ddr/inst/s00_nodes/s00_r_node/inst/inst_mi_handler/gen_normal_area.inst_fifo_node_payld/gen_xpm_memory_fifo.inst_fifo/gen_mem_rep[0].inst_xpm_memory/xpm_memory_base_inst/gen_wr_a.gen_word_narrow.mem_reg_0_31_70_83/RAMA
  global lutram RAMD32 vit_system_i/smartconnect_ddr/inst/s00_nodes/s00_r_node/inst/inst_mi_handler/gen_normal_area.inst_fifo_node_payld/gen_xpm_memory_fifo.inst_fifo/gen_mem_rep[0].inst_xpm_memory/xpm_memory_base_inst/gen_wr_a.gen_word_narrow.mem_reg_0_31_70_83/RAMA_D1
  global lutram RAMD32 vit_system_i/smartconnect_ddr/inst/s00_nodes/s00_r_node/inst/inst_mi_handler/gen_normal_area.inst_fifo_node_payld/gen_xpm_memory_fifo.inst_fifo/gen_mem_rep[0].inst_xpm_memory/xpm_memory_base_inst/gen_wr_a.gen_word_narrow.mem_reg_0_31_70_83/RAMB
  global lutram RAMD32 vit_system_i/smartconnect_ddr/inst/s00_nodes/s00_r_node/inst/inst_mi_handler/gen_normal_area.inst_fifo_node_payld/gen_xpm_memory_fifo.inst_fifo/gen_mem_rep[0].inst_xpm_memory/xpm_memory_base_inst/gen_wr_a.gen_word_narrow.mem_reg_0_31_70_83/RAMB_D1
  global lutram RAMD32 vit_system_i/smartconnect_ddr/inst/s00_nodes/s00_r_node/inst/inst_mi_handler/gen_normal_area.inst_fifo_node_payld/gen_xpm_memory_fifo.inst_fifo/gen_mem_rep[0].inst_xpm_memory/xpm_memory_base_inst/gen_wr_a.gen_word_narrow.mem_reg_0_31_70_83/RAMC
  global lutram RAMD32 vit_system_i/smartconnect_ddr/inst/s00_nodes/s00_r_node/inst/inst_mi_handler/gen_normal_area.inst_fifo_node_payld/gen_xpm_memory_fifo.inst_fifo/gen_mem_rep[0].inst_xpm_memory/xpm_memory_base_inst/gen_wr_a.gen_word_narrow.mem_reg_0_31_70_83/RAMC_D1
  global lutram RAMD32 vit_system_i/smartconnect_ddr/inst/s00_nodes/s00_r_node/inst/inst_mi_handler/gen_normal_area.inst_fifo_node_payld/gen_xpm_memory_fifo.inst_fifo/gen_mem_rep[0].inst_xpm_memory/xpm_memory_base_inst/gen_wr_a.gen_word_narrow.mem_reg_0_31_70_83/RAMD
  global lutram RAMD32 vit_system_i/smartconnect_ddr/inst/s00_nodes/s00_r_node/inst/inst_mi_handler/gen_normal_area.inst_fifo_node_payld/gen_xpm_memory_fifo.inst_fifo/gen_mem_rep[0].inst_xpm_memory/xpm_memory_base_inst/gen_wr_a.gen_word_narrow.mem_reg_0_31_70_83/RAMD_D1
  global lutram RAMD32 vit_system_i/smartconnect_ddr/inst/s00_nodes/s00_r_node/inst/inst_mi_handler/gen_normal_area.inst_fifo_node_payld/gen_xpm_memory_fifo.inst_fifo/gen_mem_rep[0].inst_xpm_memory/xpm_memory_base_inst/gen_wr_a.gen_word_narrow.mem_reg_0_31_70_83/RAME
  global lutram RAMD32 vit_system_i/smartconnect_ddr/inst/s00_nodes/s00_r_node/inst/inst_mi_handler/gen_normal_area.inst_fifo_node_payld/gen_xpm_memory_fifo.inst_fifo/gen_mem_rep[0].inst_xpm_memory/xpm_memory_base_inst/gen_wr_a.gen_word_narrow.mem_reg_0_31_70_83/RAME_D1
  global lutram RAMD32 vit_system_i/smartconnect_ddr/inst/s00_nodes/s00_r_node/inst/inst_mi_handler/gen_normal_area.inst_fifo_node_payld/gen_xpm_memory_fifo.inst_fifo/gen_mem_rep[0].inst_xpm_memory/xpm_memory_base_inst/gen_wr_a.gen_word_narrow.mem_reg_0_31_70_83/RAMF
  global lutram RAMD32 vit_system_i/smartconnect_ddr/inst/s00_nodes/s00_r_node/inst/inst_mi_handler/gen_normal_area.inst_fifo_node_payld/gen_xpm_memory_fifo.inst_fifo/gen_mem_rep[0].inst_xpm_memory/xpm_memory_base_inst/gen_wr_a.gen_word_narrow.mem_reg_0_31_70_83/RAMF_D1
  global lutram RAMD32 vit_system_i/smartconnect_ddr/inst/s00_nodes/s00_r_node/inst/inst_mi_handler/gen_normal_area.inst_fifo_node_payld/gen_xpm_memory_fifo.inst_fifo/gen_mem_rep[0].inst_xpm_memory/xpm_memory_base_inst/gen_wr_a.gen_word_narrow.mem_reg_0_31_70_83/RAMG
  global lutram RAMD32 vit_system_i/smartconnect_ddr/inst/s00_nodes/s00_r_node/inst/inst_mi_handler/gen_normal_area.inst_fifo_node_payld/gen_xpm_memory_fifo.inst_fifo/gen_mem_rep[0].inst_xpm_memory/xpm_memory_base_inst/gen_wr_a.gen_word_narrow.mem_reg_0_31_70_83/RAMG_D1
  global lutram RAMS32 vit_system_i/smartconnect_ddr/inst/s00_nodes/s00_r_node/inst/inst_mi_handler/gen_normal_area.inst_fifo_node_payld/gen_xpm_memory_fifo.inst_fifo/gen_mem_rep[0].inst_xpm_memory/xpm_memory_base_inst/gen_wr_a.gen_word_narrow.mem_reg_0_31_70_83/RAMH
  global lutram RAMS32 vit_system_i/smartconnect_ddr/inst/s00_nodes/s00_r_node/inst/inst_mi_handler/gen_normal_area.inst_fifo_node_payld/gen_xpm_memory_fifo.inst_fifo/gen_mem_rep[0].inst_xpm_memory/xpm_memory_base_inst/gen_wr_a.gen_word_narrow.mem_reg_0_31_70_83/RAMH_D1
  global lutram RAMD32 vit_system_i/smartconnect_ddr/inst/s00_nodes/s00_r_node/inst/inst_mi_handler/gen_normal_area.inst_fifo_node_payld/gen_xpm_memory_fifo.inst_fifo/gen_mem_rep[0].inst_xpm_memory/xpm_memory_base_inst/gen_wr_a.gen_word_narrow.mem_reg_0_31_84_97/RAMA
  global lutram RAMD32 vit_system_i/smartconnect_ddr/inst/s00_nodes/s00_r_node/inst/inst_mi_handler/gen_normal_area.inst_fifo_node_payld/gen_xpm_memory_fifo.inst_fifo/gen_mem_rep[0].inst_xpm_memory/xpm_memory_base_inst/gen_wr_a.gen_word_narrow.mem_reg_0_31_84_97/RAMA_D1
  global lutram RAMD32 vit_system_i/smartconnect_ddr/inst/s00_nodes/s00_r_node/inst/inst_mi_handler/gen_normal_area.inst_fifo_node_payld/gen_xpm_memory_fifo.inst_fifo/gen_mem_rep[0].inst_xpm_memory/xpm_memory_base_inst/gen_wr_a.gen_word_narrow.mem_reg_0_31_84_97/RAMB
  global lutram RAMD32 vit_system_i/smartconnect_ddr/inst/s00_nodes/s00_r_node/inst/inst_mi_handler/gen_normal_area.inst_fifo_node_payld/gen_xpm_memory_fifo.inst_fifo/gen_mem_rep[0].inst_xpm_memory/xpm_memory_base_inst/gen_wr_a.gen_word_narrow.mem_reg_0_31_84_97/RAMB_D1
  global lutram RAMD32 vit_system_i/smartconnect_ddr/inst/s00_nodes/s00_r_node/inst/inst_mi_handler/gen_normal_area.inst_fifo_node_payld/gen_xpm_memory_fifo.inst_fifo/gen_mem_rep[0].inst_xpm_memory/xpm_memory_base_inst/gen_wr_a.gen_word_narrow.mem_reg_0_31_84_97/RAMC
  global lutram RAMD32 vit_system_i/smartconnect_ddr/inst/s00_nodes/s00_r_node/inst/inst_mi_handler/gen_normal_area.inst_fifo_node_payld/gen_xpm_memory_fifo.inst_fifo/gen_mem_rep[0].inst_xpm_memory/xpm_memory_base_inst/gen_wr_a.gen_word_narrow.mem_reg_0_31_84_97/RAMC_D1
  global lutram RAMD32 vit_system_i/smartconnect_ddr/inst/s00_nodes/s00_r_node/inst/inst_mi_handler/gen_normal_area.inst_fifo_node_payld/gen_xpm_memory_fifo.inst_fifo/gen_mem_rep[0].inst_xpm_memory/xpm_memory_base_inst/gen_wr_a.gen_word_narrow.mem_reg_0_31_84_97/RAMD
  global lutram RAMD32 vit_system_i/smartconnect_ddr/inst/s00_nodes/s00_r_node/inst/inst_mi_handler/gen_normal_area.inst_fifo_node_payld/gen_xpm_memory_fifo.inst_fifo/gen_mem_rep[0].inst_xpm_memory/xpm_memory_base_inst/gen_wr_a.gen_word_narrow.mem_reg_0_31_84_97/RAMD_D1
  global lutram RAMD32 vit_system_i/smartconnect_ddr/inst/s00_nodes/s00_r_node/inst/inst_mi_handler/gen_normal_area.inst_fifo_node_payld/gen_xpm_memory_fifo.inst_fifo/gen_mem_rep[0].inst_xpm_memory/xpm_memory_base_inst/gen_wr_a.gen_word_narrow.mem_reg_0_31_84_97/RAME
  global lutram RAMD32 vit_system_i/smartconnect_ddr/inst/s00_nodes/s00_r_node/inst/inst_mi_handler/gen_normal_area.inst_fifo_node_payld/gen_xpm_memory_fifo.inst_fifo/gen_mem_rep[0].inst_xpm_memory/xpm_memory_base_inst/gen_wr_a.gen_word_narrow.mem_reg_0_31_84_97/RAME_D1
  global lutram RAMD32 vit_system_i/smartconnect_ddr/inst/s00_nodes/s00_r_node/inst/inst_mi_handler/gen_normal_area.inst_fifo_node_payld/gen_xpm_memory_fifo.inst_fifo/gen_mem_rep[0].inst_xpm_memory/xpm_memory_base_inst/gen_wr_a.gen_word_narrow.mem_reg_0_31_84_97/RAMF
  global lutram RAMD32 vit_system_i/smartconnect_ddr/inst/s00_nodes/s00_r_node/inst/inst_mi_handler/gen_normal_area.inst_fifo_node_payld/gen_xpm_memory_fifo.inst_fifo/gen_mem_rep[0].inst_xpm_memory/xpm_memory_base_inst/gen_wr_a.gen_word_narrow.mem_reg_0_31_84_97/RAMF_D1
  global lutram RAMD32 vit_system_i/smartconnect_ddr/inst/s00_nodes/s00_r_node/inst/inst_mi_handler/gen_normal_area.inst_fifo_node_payld/gen_xpm_memory_fifo.inst_fifo/gen_mem_rep[0].inst_xpm_memory/xpm_memory_base_inst/gen_wr_a.gen_word_narrow.mem_reg_0_31_84_97/RAMG
  global lutram RAMD32 vit_system_i/smartconnect_ddr/inst/s00_nodes/s00_r_node/inst/inst_mi_handler/gen_normal_area.inst_fifo_node_payld/gen_xpm_memory_fifo.inst_fifo/gen_mem_rep[0].inst_xpm_memory/xpm_memory_base_inst/gen_wr_a.gen_word_narrow.mem_reg_0_31_84_97/RAMG_D1
  global lutram RAMS32 vit_system_i/smartconnect_ddr/inst/s00_nodes/s00_r_node/inst/inst_mi_handler/gen_normal_area.inst_fifo_node_payld/gen_xpm_memory_fifo.inst_fifo/gen_mem_rep[0].inst_xpm_memory/xpm_memory_base_inst/gen_wr_a.gen_word_narrow.mem_reg_0_31_84_97/RAMH
  global lutram RAMS32 vit_system_i/smartconnect_ddr/inst/s00_nodes/s00_r_node/inst/inst_mi_handler/gen_normal_area.inst_fifo_node_payld/gen_xpm_memory_fifo.inst_fifo/gen_mem_rep[0].inst_xpm_memory/xpm_memory_base_inst/gen_wr_a.gen_word_narrow.mem_reg_0_31_84_97/RAMH_D1
  global lutram RAMD32 vit_system_i/smartconnect_ddr/inst/s00_nodes/s00_r_node/inst/inst_mi_handler/gen_normal_area.inst_fifo_node_payld/gen_xpm_memory_fifo.inst_fifo/gen_mem_rep[0].inst_xpm_memory/xpm_memory_base_inst/gen_wr_a.gen_word_narrow.mem_reg_0_31_98_111/RAMA
  global lutram RAMD32 vit_system_i/smartconnect_ddr/inst/s00_nodes/s00_r_node/inst/inst_mi_handler/gen_normal_area.inst_fifo_node_payld/gen_xpm_memory_fifo.inst_fifo/gen_mem_rep[0].inst_xpm_memory/xpm_memory_base_inst/gen_wr_a.gen_word_narrow.mem_reg_0_31_98_111/RAMA_D1
  global lutram RAMD32 vit_system_i/smartconnect_ddr/inst/s00_nodes/s00_r_node/inst/inst_mi_handler/gen_normal_area.inst_fifo_node_payld/gen_xpm_memory_fifo.inst_fifo/gen_mem_rep[0].inst_xpm_memory/xpm_memory_base_inst/gen_wr_a.gen_word_narrow.mem_reg_0_31_98_111/RAMB
  global lutram RAMD32 vit_system_i/smartconnect_ddr/inst/s00_nodes/s00_r_node/inst/inst_mi_handler/gen_normal_area.inst_fifo_node_payld/gen_xpm_memory_fifo.inst_fifo/gen_mem_rep[0].inst_xpm_memory/xpm_memory_base_inst/gen_wr_a.gen_word_narrow.mem_reg_0_31_98_111/RAMB_D1
  global lutram RAMD32 vit_system_i/smartconnect_ddr/inst/s00_nodes/s00_r_node/inst/inst_mi_handler/gen_normal_area.inst_fifo_node_payld/gen_xpm_memory_fifo.inst_fifo/gen_mem_rep[0].inst_xpm_memory/xpm_memory_base_inst/gen_wr_a.gen_word_narrow.mem_reg_0_31_98_111/RAMC
  global lutram RAMD32 vit_system_i/smartconnect_ddr/inst/s00_nodes/s00_r_node/inst/inst_mi_handler/gen_normal_area.inst_fifo_node_payld/gen_xpm_memory_fifo.inst_fifo/gen_mem_rep[0].inst_xpm_memory/xpm_memory_base_inst/gen_wr_a.gen_word_narrow.mem_reg_0_31_98_111/RAMC_D1
  global lutram RAMD32 vit_system_i/smartconnect_ddr/inst/s00_nodes/s00_r_node/inst/inst_mi_handler/gen_normal_area.inst_fifo_node_payld/gen_xpm_memory_fifo.inst_fifo/gen_mem_rep[0].inst_xpm_memory/xpm_memory_base_inst/gen_wr_a.gen_word_narrow.mem_reg_0_31_98_111/RAMD
  global lutram RAMD32 vit_system_i/smartconnect_ddr/inst/s00_nodes/s00_r_node/inst/inst_mi_handler/gen_normal_area.inst_fifo_node_payld/gen_xpm_memory_fifo.inst_fifo/gen_mem_rep[0].inst_xpm_memory/xpm_memory_base_inst/gen_wr_a.gen_word_narrow.mem_reg_0_31_98_111/RAMD_D1
  global lutram RAMD32 vit_system_i/smartconnect_ddr/inst/s00_nodes/s00_r_node/inst/inst_mi_handler/gen_normal_area.inst_fifo_node_payld/gen_xpm_memory_fifo.inst_fifo/gen_mem_rep[0].inst_xpm_memory/xpm_memory_base_inst/gen_wr_a.gen_word_narrow.mem_reg_0_31_98_111/RAME
  global lutram RAMD32 vit_system_i/smartconnect_ddr/inst/s00_nodes/s00_r_node/inst/inst_mi_handler/gen_normal_area.inst_fifo_node_payld/gen_xpm_memory_fifo.inst_fifo/gen_mem_rep[0].inst_xpm_memory/xpm_memory_base_inst/gen_wr_a.gen_word_narrow.mem_reg_0_31_98_111/RAME_D1
  global lutram RAMD32 vit_system_i/smartconnect_ddr/inst/s00_nodes/s00_r_node/inst/inst_mi_handler/gen_normal_area.inst_fifo_node_payld/gen_xpm_memory_fifo.inst_fifo/gen_mem_rep[0].inst_xpm_memory/xpm_memory_base_inst/gen_wr_a.gen_word_narrow.mem_reg_0_31_98_111/RAMF
  global lutram RAMD32 vit_system_i/smartconnect_ddr/inst/s00_nodes/s00_r_node/inst/inst_mi_handler/gen_normal_area.inst_fifo_node_payld/gen_xpm_memory_fifo.inst_fifo/gen_mem_rep[0].inst_xpm_memory/xpm_memory_base_inst/gen_wr_a.gen_word_narrow.mem_reg_0_31_98_111/RAMF_D1
  global lutram RAMD32 vit_system_i/smartconnect_ddr/inst/s00_nodes/s00_r_node/inst/inst_mi_handler/gen_normal_area.inst_fifo_node_payld/gen_xpm_memory_fifo.inst_fifo/gen_mem_rep[0].inst_xpm_memory/xpm_memory_base_inst/gen_wr_a.gen_word_narrow.mem_reg_0_31_98_111/RAMG
  global lutram RAMD32 vit_system_i/smartconnect_ddr/inst/s00_nodes/s00_r_node/inst/inst_mi_handler/gen_normal_area.inst_fifo_node_payld/gen_xpm_memory_fifo.inst_fifo/gen_mem_rep[0].inst_xpm_memory/xpm_memory_base_inst/gen_wr_a.gen_word_narrow.mem_reg_0_31_98_111/RAMG_D1
  global lutram RAMS32 vit_system_i/smartconnect_ddr/inst/s00_nodes/s00_r_node/inst/inst_mi_handler/gen_normal_area.inst_fifo_node_payld/gen_xpm_memory_fifo.inst_fifo/gen_mem_rep[0].inst_xpm_memory/xpm_memory_base_inst/gen_wr_a.gen_word_narrow.mem_reg_0_31_98_111/RAMH
  global lutram RAMS32 vit_system_i/smartconnect_ddr/inst/s00_nodes/s00_r_node/inst/inst_mi_handler/gen_normal_area.inst_fifo_node_payld/gen_xpm_memory_fifo.inst_fifo/gen_mem_rep[0].inst_xpm_memory/xpm_memory_base_inst/gen_wr_a.gen_word_narrow.mem_reg_0_31_98_111/RAMH_D1
  global lutram RAM32M16 vit_system_i/smartconnect_ddr/inst/s00_nodes/s00_w_node/inst/inst_mi_handler/gen_normal_area.inst_fifo_node_payld/gen_xpm_memory_fifo.inst_fifo/gen_mem_rep[0].inst_xpm_memory/xpm_memory_base_inst/gen_wr_a.gen_word_narrow.mem_reg_0_31_112_125
  global lutram RAM32M16 vit_system_i/smartconnect_ddr/inst/s00_nodes/s00_w_node/inst/inst_mi_handler/gen_normal_area.inst_fifo_node_payld/gen_xpm_memory_fifo.inst_fifo/gen_mem_rep[0].inst_xpm_memory/xpm_memory_base_inst/gen_wr_a.gen_word_narrow.mem_reg_0_31_126_139
  global lutram RAM32M16 vit_system_i/smartconnect_ddr/inst/s00_nodes/s00_w_node/inst/inst_mi_handler/gen_normal_area.inst_fifo_node_payld/gen_xpm_memory_fifo.inst_fifo/gen_mem_rep[0].inst_xpm_memory/xpm_memory_base_inst/gen_wr_a.gen_word_narrow.mem_reg_0_31_140_153
  global lutram RAM32M16 vit_system_i/smartconnect_ddr/inst/s00_nodes/s00_w_node/inst/inst_mi_handler/gen_normal_area.inst_fifo_node_payld/gen_xpm_memory_fifo.inst_fifo/gen_mem_rep[0].inst_xpm_memory/xpm_memory_base_inst/gen_wr_a.gen_word_narrow.mem_reg_0_31_14_27
  global lutram RAM32M16 vit_system_i/smartconnect_ddr/inst/s00_nodes/s00_w_node/inst/inst_mi_handler/gen_normal_area.inst_fifo_node_payld/gen_xpm_memory_fifo.inst_fifo/gen_mem_rep[0].inst_xpm_memory/xpm_memory_base_inst/gen_wr_a.gen_word_narrow.mem_reg_0_31_154_167
  global lutram RAM32M16 vit_system_i/smartconnect_ddr/inst/s00_nodes/s00_w_node/inst/inst_mi_handler/gen_normal_area.inst_fifo_node_payld/gen_xpm_memory_fifo.inst_fifo/gen_mem_rep[0].inst_xpm_memory/xpm_memory_base_inst/gen_wr_a.gen_word_narrow.mem_reg_0_31_28_41
  global lutram RAM32M16 vit_system_i/smartconnect_ddr/inst/s00_nodes/s00_w_node/inst/inst_mi_handler/gen_normal_area.inst_fifo_node_payld/gen_xpm_memory_fifo.inst_fifo/gen_mem_rep[0].inst_xpm_memory/xpm_memory_base_inst/gen_wr_a.gen_word_narrow.mem_reg_0_31_42_55
  global lutram RAM32M16 vit_system_i/smartconnect_ddr/inst/s00_nodes/s00_w_node/inst/inst_mi_handler/gen_normal_area.inst_fifo_node_payld/gen_xpm_memory_fifo.inst_fifo/gen_mem_rep[0].inst_xpm_memory/xpm_memory_base_inst/gen_wr_a.gen_word_narrow.mem_reg_0_31_56_69
  global lutram RAM32M16 vit_system_i/smartconnect_ddr/inst/s00_nodes/s00_w_node/inst/inst_mi_handler/gen_normal_area.inst_fifo_node_payld/gen_xpm_memory_fifo.inst_fifo/gen_mem_rep[0].inst_xpm_memory/xpm_memory_base_inst/gen_wr_a.gen_word_narrow.mem_reg_0_31_70_83
  global lutram RAM32M16 vit_system_i/smartconnect_ddr/inst/s00_nodes/s00_w_node/inst/inst_mi_handler/gen_normal_area.inst_fifo_node_payld/gen_xpm_memory_fifo.inst_fifo/gen_mem_rep[0].inst_xpm_memory/xpm_memory_base_inst/gen_wr_a.gen_word_narrow.mem_reg_0_31_84_97
  global lutram RAM32M16 vit_system_i/smartconnect_ddr/inst/s00_nodes/s00_w_node/inst/inst_mi_handler/gen_normal_area.inst_fifo_node_payld/gen_xpm_memory_fifo.inst_fifo/gen_mem_rep[0].inst_xpm_memory/xpm_memory_base_inst/gen_wr_a.gen_word_narrow.mem_reg_0_31_98_111
  global lutram RAMD32 vit_system_i/smartconnect_ddr/inst/s00_nodes/s00_w_node/inst/inst_mi_handler/gen_normal_area.inst_fifo_node_payld/gen_xpm_memory_fifo.inst_fifo/gen_mem_rep[0].inst_xpm_memory/xpm_memory_base_inst/gen_wr_a.gen_word_narrow.mem_reg_0_31_112_125/RAMA
  global lutram RAMD32 vit_system_i/smartconnect_ddr/inst/s00_nodes/s00_w_node/inst/inst_mi_handler/gen_normal_area.inst_fifo_node_payld/gen_xpm_memory_fifo.inst_fifo/gen_mem_rep[0].inst_xpm_memory/xpm_memory_base_inst/gen_wr_a.gen_word_narrow.mem_reg_0_31_112_125/RAMA_D1
  global lutram RAMD32 vit_system_i/smartconnect_ddr/inst/s00_nodes/s00_w_node/inst/inst_mi_handler/gen_normal_area.inst_fifo_node_payld/gen_xpm_memory_fifo.inst_fifo/gen_mem_rep[0].inst_xpm_memory/xpm_memory_base_inst/gen_wr_a.gen_word_narrow.mem_reg_0_31_112_125/RAMB
  global lutram RAMD32 vit_system_i/smartconnect_ddr/inst/s00_nodes/s00_w_node/inst/inst_mi_handler/gen_normal_area.inst_fifo_node_payld/gen_xpm_memory_fifo.inst_fifo/gen_mem_rep[0].inst_xpm_memory/xpm_memory_base_inst/gen_wr_a.gen_word_narrow.mem_reg_0_31_112_125/RAMB_D1
  global lutram RAMD32 vit_system_i/smartconnect_ddr/inst/s00_nodes/s00_w_node/inst/inst_mi_handler/gen_normal_area.inst_fifo_node_payld/gen_xpm_memory_fifo.inst_fifo/gen_mem_rep[0].inst_xpm_memory/xpm_memory_base_inst/gen_wr_a.gen_word_narrow.mem_reg_0_31_112_125/RAMC
  global lutram RAMD32 vit_system_i/smartconnect_ddr/inst/s00_nodes/s00_w_node/inst/inst_mi_handler/gen_normal_area.inst_fifo_node_payld/gen_xpm_memory_fifo.inst_fifo/gen_mem_rep[0].inst_xpm_memory/xpm_memory_base_inst/gen_wr_a.gen_word_narrow.mem_reg_0_31_112_125/RAMC_D1
  global lutram RAMD32 vit_system_i/smartconnect_ddr/inst/s00_nodes/s00_w_node/inst/inst_mi_handler/gen_normal_area.inst_fifo_node_payld/gen_xpm_memory_fifo.inst_fifo/gen_mem_rep[0].inst_xpm_memory/xpm_memory_base_inst/gen_wr_a.gen_word_narrow.mem_reg_0_31_112_125/RAMD
  global lutram RAMD32 vit_system_i/smartconnect_ddr/inst/s00_nodes/s00_w_node/inst/inst_mi_handler/gen_normal_area.inst_fifo_node_payld/gen_xpm_memory_fifo.inst_fifo/gen_mem_rep[0].inst_xpm_memory/xpm_memory_base_inst/gen_wr_a.gen_word_narrow.mem_reg_0_31_112_125/RAMD_D1
  global lutram RAMD32 vit_system_i/smartconnect_ddr/inst/s00_nodes/s00_w_node/inst/inst_mi_handler/gen_normal_area.inst_fifo_node_payld/gen_xpm_memory_fifo.inst_fifo/gen_mem_rep[0].inst_xpm_memory/xpm_memory_base_inst/gen_wr_a.gen_word_narrow.mem_reg_0_31_112_125/RAME
  global lutram RAMD32 vit_system_i/smartconnect_ddr/inst/s00_nodes/s00_w_node/inst/inst_mi_handler/gen_normal_area.inst_fifo_node_payld/gen_xpm_memory_fifo.inst_fifo/gen_mem_rep[0].inst_xpm_memory/xpm_memory_base_inst/gen_wr_a.gen_word_narrow.mem_reg_0_31_112_125/RAME_D1
  global lutram RAMD32 vit_system_i/smartconnect_ddr/inst/s00_nodes/s00_w_node/inst/inst_mi_handler/gen_normal_area.inst_fifo_node_payld/gen_xpm_memory_fifo.inst_fifo/gen_mem_rep[0].inst_xpm_memory/xpm_memory_base_inst/gen_wr_a.gen_word_narrow.mem_reg_0_31_112_125/RAMF
  global lutram RAMD32 vit_system_i/smartconnect_ddr/inst/s00_nodes/s00_w_node/inst/inst_mi_handler/gen_normal_area.inst_fifo_node_payld/gen_xpm_memory_fifo.inst_fifo/gen_mem_rep[0].inst_xpm_memory/xpm_memory_base_inst/gen_wr_a.gen_word_narrow.mem_reg_0_31_112_125/RAMF_D1
  global lutram RAMD32 vit_system_i/smartconnect_ddr/inst/s00_nodes/s00_w_node/inst/inst_mi_handler/gen_normal_area.inst_fifo_node_payld/gen_xpm_memory_fifo.inst_fifo/gen_mem_rep[0].inst_xpm_memory/xpm_memory_base_inst/gen_wr_a.gen_word_narrow.mem_reg_0_31_112_125/RAMG
  global lutram RAMD32 vit_system_i/smartconnect_ddr/inst/s00_nodes/s00_w_node/inst/inst_mi_handler/gen_normal_area.inst_fifo_node_payld/gen_xpm_memory_fifo.inst_fifo/gen_mem_rep[0].inst_xpm_memory/xpm_memory_base_inst/gen_wr_a.gen_word_narrow.mem_reg_0_31_112_125/RAMG_D1
  global lutram RAMS32 vit_system_i/smartconnect_ddr/inst/s00_nodes/s00_w_node/inst/inst_mi_handler/gen_normal_area.inst_fifo_node_payld/gen_xpm_memory_fifo.inst_fifo/gen_mem_rep[0].inst_xpm_memory/xpm_memory_base_inst/gen_wr_a.gen_word_narrow.mem_reg_0_31_112_125/RAMH
  global lutram RAMS32 vit_system_i/smartconnect_ddr/inst/s00_nodes/s00_w_node/inst/inst_mi_handler/gen_normal_area.inst_fifo_node_payld/gen_xpm_memory_fifo.inst_fifo/gen_mem_rep[0].inst_xpm_memory/xpm_memory_base_inst/gen_wr_a.gen_word_narrow.mem_reg_0_31_112_125/RAMH_D1
  global lutram RAMD32 vit_system_i/smartconnect_ddr/inst/s00_nodes/s00_w_node/inst/inst_mi_handler/gen_normal_area.inst_fifo_node_payld/gen_xpm_memory_fifo.inst_fifo/gen_mem_rep[0].inst_xpm_memory/xpm_memory_base_inst/gen_wr_a.gen_word_narrow.mem_reg_0_31_126_139/RAMA
  global lutram RAMD32 vit_system_i/smartconnect_ddr/inst/s00_nodes/s00_w_node/inst/inst_mi_handler/gen_normal_area.inst_fifo_node_payld/gen_xpm_memory_fifo.inst_fifo/gen_mem_rep[0].inst_xpm_memory/xpm_memory_base_inst/gen_wr_a.gen_word_narrow.mem_reg_0_31_126_139/RAMA_D1
  global lutram RAMD32 vit_system_i/smartconnect_ddr/inst/s00_nodes/s00_w_node/inst/inst_mi_handler/gen_normal_area.inst_fifo_node_payld/gen_xpm_memory_fifo.inst_fifo/gen_mem_rep[0].inst_xpm_memory/xpm_memory_base_inst/gen_wr_a.gen_word_narrow.mem_reg_0_31_126_139/RAMB
  global lutram RAMD32 vit_system_i/smartconnect_ddr/inst/s00_nodes/s00_w_node/inst/inst_mi_handler/gen_normal_area.inst_fifo_node_payld/gen_xpm_memory_fifo.inst_fifo/gen_mem_rep[0].inst_xpm_memory/xpm_memory_base_inst/gen_wr_a.gen_word_narrow.mem_reg_0_31_126_139/RAMB_D1
  global lutram RAMD32 vit_system_i/smartconnect_ddr/inst/s00_nodes/s00_w_node/inst/inst_mi_handler/gen_normal_area.inst_fifo_node_payld/gen_xpm_memory_fifo.inst_fifo/gen_mem_rep[0].inst_xpm_memory/xpm_memory_base_inst/gen_wr_a.gen_word_narrow.mem_reg_0_31_126_139/RAMC
  global lutram RAMD32 vit_system_i/smartconnect_ddr/inst/s00_nodes/s00_w_node/inst/inst_mi_handler/gen_normal_area.inst_fifo_node_payld/gen_xpm_memory_fifo.inst_fifo/gen_mem_rep[0].inst_xpm_memory/xpm_memory_base_inst/gen_wr_a.gen_word_narrow.mem_reg_0_31_126_139/RAMC_D1
  global lutram RAMD32 vit_system_i/smartconnect_ddr/inst/s00_nodes/s00_w_node/inst/inst_mi_handler/gen_normal_area.inst_fifo_node_payld/gen_xpm_memory_fifo.inst_fifo/gen_mem_rep[0].inst_xpm_memory/xpm_memory_base_inst/gen_wr_a.gen_word_narrow.mem_reg_0_31_126_139/RAMD
  global lutram RAMD32 vit_system_i/smartconnect_ddr/inst/s00_nodes/s00_w_node/inst/inst_mi_handler/gen_normal_area.inst_fifo_node_payld/gen_xpm_memory_fifo.inst_fifo/gen_mem_rep[0].inst_xpm_memory/xpm_memory_base_inst/gen_wr_a.gen_word_narrow.mem_reg_0_31_126_139/RAMD_D1
  global lutram RAMD32 vit_system_i/smartconnect_ddr/inst/s00_nodes/s00_w_node/inst/inst_mi_handler/gen_normal_area.inst_fifo_node_payld/gen_xpm_memory_fifo.inst_fifo/gen_mem_rep[0].inst_xpm_memory/xpm_memory_base_inst/gen_wr_a.gen_word_narrow.mem_reg_0_31_126_139/RAME
  global lutram RAMD32 vit_system_i/smartconnect_ddr/inst/s00_nodes/s00_w_node/inst/inst_mi_handler/gen_normal_area.inst_fifo_node_payld/gen_xpm_memory_fifo.inst_fifo/gen_mem_rep[0].inst_xpm_memory/xpm_memory_base_inst/gen_wr_a.gen_word_narrow.mem_reg_0_31_126_139/RAME_D1
  global lutram RAMD32 vit_system_i/smartconnect_ddr/inst/s00_nodes/s00_w_node/inst/inst_mi_handler/gen_normal_area.inst_fifo_node_payld/gen_xpm_memory_fifo.inst_fifo/gen_mem_rep[0].inst_xpm_memory/xpm_memory_base_inst/gen_wr_a.gen_word_narrow.mem_reg_0_31_126_139/RAMF
  global lutram RAMD32 vit_system_i/smartconnect_ddr/inst/s00_nodes/s00_w_node/inst/inst_mi_handler/gen_normal_area.inst_fifo_node_payld/gen_xpm_memory_fifo.inst_fifo/gen_mem_rep[0].inst_xpm_memory/xpm_memory_base_inst/gen_wr_a.gen_word_narrow.mem_reg_0_31_126_139/RAMF_D1
  global lutram RAMD32 vit_system_i/smartconnect_ddr/inst/s00_nodes/s00_w_node/inst/inst_mi_handler/gen_normal_area.inst_fifo_node_payld/gen_xpm_memory_fifo.inst_fifo/gen_mem_rep[0].inst_xpm_memory/xpm_memory_base_inst/gen_wr_a.gen_word_narrow.mem_reg_0_31_126_139/RAMG
  global lutram RAMD32 vit_system_i/smartconnect_ddr/inst/s00_nodes/s00_w_node/inst/inst_mi_handler/gen_normal_area.inst_fifo_node_payld/gen_xpm_memory_fifo.inst_fifo/gen_mem_rep[0].inst_xpm_memory/xpm_memory_base_inst/gen_wr_a.gen_word_narrow.mem_reg_0_31_126_139/RAMG_D1
  global lutram RAMS32 vit_system_i/smartconnect_ddr/inst/s00_nodes/s00_w_node/inst/inst_mi_handler/gen_normal_area.inst_fifo_node_payld/gen_xpm_memory_fifo.inst_fifo/gen_mem_rep[0].inst_xpm_memory/xpm_memory_base_inst/gen_wr_a.gen_word_narrow.mem_reg_0_31_126_139/RAMH
  global lutram RAMS32 vit_system_i/smartconnect_ddr/inst/s00_nodes/s00_w_node/inst/inst_mi_handler/gen_normal_area.inst_fifo_node_payld/gen_xpm_memory_fifo.inst_fifo/gen_mem_rep[0].inst_xpm_memory/xpm_memory_base_inst/gen_wr_a.gen_word_narrow.mem_reg_0_31_126_139/RAMH_D1
  global lutram RAMD32 vit_system_i/smartconnect_ddr/inst/s00_nodes/s00_w_node/inst/inst_mi_handler/gen_normal_area.inst_fifo_node_payld/gen_xpm_memory_fifo.inst_fifo/gen_mem_rep[0].inst_xpm_memory/xpm_memory_base_inst/gen_wr_a.gen_word_narrow.mem_reg_0_31_140_153/RAMA
  global lutram RAMD32 vit_system_i/smartconnect_ddr/inst/s00_nodes/s00_w_node/inst/inst_mi_handler/gen_normal_area.inst_fifo_node_payld/gen_xpm_memory_fifo.inst_fifo/gen_mem_rep[0].inst_xpm_memory/xpm_memory_base_inst/gen_wr_a.gen_word_narrow.mem_reg_0_31_140_153/RAMA_D1
  global lutram RAMD32 vit_system_i/smartconnect_ddr/inst/s00_nodes/s00_w_node/inst/inst_mi_handler/gen_normal_area.inst_fifo_node_payld/gen_xpm_memory_fifo.inst_fifo/gen_mem_rep[0].inst_xpm_memory/xpm_memory_base_inst/gen_wr_a.gen_word_narrow.mem_reg_0_31_140_153/RAMB
  global lutram RAMD32 vit_system_i/smartconnect_ddr/inst/s00_nodes/s00_w_node/inst/inst_mi_handler/gen_normal_area.inst_fifo_node_payld/gen_xpm_memory_fifo.inst_fifo/gen_mem_rep[0].inst_xpm_memory/xpm_memory_base_inst/gen_wr_a.gen_word_narrow.mem_reg_0_31_140_153/RAMB_D1
  global lutram RAMD32 vit_system_i/smartconnect_ddr/inst/s00_nodes/s00_w_node/inst/inst_mi_handler/gen_normal_area.inst_fifo_node_payld/gen_xpm_memory_fifo.inst_fifo/gen_mem_rep[0].inst_xpm_memory/xpm_memory_base_inst/gen_wr_a.gen_word_narrow.mem_reg_0_31_140_153/RAMC
  global lutram RAMD32 vit_system_i/smartconnect_ddr/inst/s00_nodes/s00_w_node/inst/inst_mi_handler/gen_normal_area.inst_fifo_node_payld/gen_xpm_memory_fifo.inst_fifo/gen_mem_rep[0].inst_xpm_memory/xpm_memory_base_inst/gen_wr_a.gen_word_narrow.mem_reg_0_31_140_153/RAMC_D1
  global lutram RAMD32 vit_system_i/smartconnect_ddr/inst/s00_nodes/s00_w_node/inst/inst_mi_handler/gen_normal_area.inst_fifo_node_payld/gen_xpm_memory_fifo.inst_fifo/gen_mem_rep[0].inst_xpm_memory/xpm_memory_base_inst/gen_wr_a.gen_word_narrow.mem_reg_0_31_140_153/RAMD
  global lutram RAMD32 vit_system_i/smartconnect_ddr/inst/s00_nodes/s00_w_node/inst/inst_mi_handler/gen_normal_area.inst_fifo_node_payld/gen_xpm_memory_fifo.inst_fifo/gen_mem_rep[0].inst_xpm_memory/xpm_memory_base_inst/gen_wr_a.gen_word_narrow.mem_reg_0_31_140_153/RAMD_D1
  global lutram RAMD32 vit_system_i/smartconnect_ddr/inst/s00_nodes/s00_w_node/inst/inst_mi_handler/gen_normal_area.inst_fifo_node_payld/gen_xpm_memory_fifo.inst_fifo/gen_mem_rep[0].inst_xpm_memory/xpm_memory_base_inst/gen_wr_a.gen_word_narrow.mem_reg_0_31_140_153/RAME
  global lutram RAMD32 vit_system_i/smartconnect_ddr/inst/s00_nodes/s00_w_node/inst/inst_mi_handler/gen_normal_area.inst_fifo_node_payld/gen_xpm_memory_fifo.inst_fifo/gen_mem_rep[0].inst_xpm_memory/xpm_memory_base_inst/gen_wr_a.gen_word_narrow.mem_reg_0_31_140_153/RAME_D1
  global lutram RAMD32 vit_system_i/smartconnect_ddr/inst/s00_nodes/s00_w_node/inst/inst_mi_handler/gen_normal_area.inst_fifo_node_payld/gen_xpm_memory_fifo.inst_fifo/gen_mem_rep[0].inst_xpm_memory/xpm_memory_base_inst/gen_wr_a.gen_word_narrow.mem_reg_0_31_140_153/RAMF
  global lutram RAMD32 vit_system_i/smartconnect_ddr/inst/s00_nodes/s00_w_node/inst/inst_mi_handler/gen_normal_area.inst_fifo_node_payld/gen_xpm_memory_fifo.inst_fifo/gen_mem_rep[0].inst_xpm_memory/xpm_memory_base_inst/gen_wr_a.gen_word_narrow.mem_reg_0_31_140_153/RAMF_D1
  global lutram RAMD32 vit_system_i/smartconnect_ddr/inst/s00_nodes/s00_w_node/inst/inst_mi_handler/gen_normal_area.inst_fifo_node_payld/gen_xpm_memory_fifo.inst_fifo/gen_mem_rep[0].inst_xpm_memory/xpm_memory_base_inst/gen_wr_a.gen_word_narrow.mem_reg_0_31_140_153/RAMG
  global lutram RAMD32 vit_system_i/smartconnect_ddr/inst/s00_nodes/s00_w_node/inst/inst_mi_handler/gen_normal_area.inst_fifo_node_payld/gen_xpm_memory_fifo.inst_fifo/gen_mem_rep[0].inst_xpm_memory/xpm_memory_base_inst/gen_wr_a.gen_word_narrow.mem_reg_0_31_140_153/RAMG_D1
  global lutram RAMS32 vit_system_i/smartconnect_ddr/inst/s00_nodes/s00_w_node/inst/inst_mi_handler/gen_normal_area.inst_fifo_node_payld/gen_xpm_memory_fifo.inst_fifo/gen_mem_rep[0].inst_xpm_memory/xpm_memory_base_inst/gen_wr_a.gen_word_narrow.mem_reg_0_31_140_153/RAMH
  global lutram RAMS32 vit_system_i/smartconnect_ddr/inst/s00_nodes/s00_w_node/inst/inst_mi_handler/gen_normal_area.inst_fifo_node_payld/gen_xpm_memory_fifo.inst_fifo/gen_mem_rep[0].inst_xpm_memory/xpm_memory_base_inst/gen_wr_a.gen_word_narrow.mem_reg_0_31_140_153/RAMH_D1
  global lutram RAMD32 vit_system_i/smartconnect_ddr/inst/s00_nodes/s00_w_node/inst/inst_mi_handler/gen_normal_area.inst_fifo_node_payld/gen_xpm_memory_fifo.inst_fifo/gen_mem_rep[0].inst_xpm_memory/xpm_memory_base_inst/gen_wr_a.gen_word_narrow.mem_reg_0_31_14_27/RAMA
  global lutram RAMD32 vit_system_i/smartconnect_ddr/inst/s00_nodes/s00_w_node/inst/inst_mi_handler/gen_normal_area.inst_fifo_node_payld/gen_xpm_memory_fifo.inst_fifo/gen_mem_rep[0].inst_xpm_memory/xpm_memory_base_inst/gen_wr_a.gen_word_narrow.mem_reg_0_31_14_27/RAMA_D1
  global lutram RAMD32 vit_system_i/smartconnect_ddr/inst/s00_nodes/s00_w_node/inst/inst_mi_handler/gen_normal_area.inst_fifo_node_payld/gen_xpm_memory_fifo.inst_fifo/gen_mem_rep[0].inst_xpm_memory/xpm_memory_base_inst/gen_wr_a.gen_word_narrow.mem_reg_0_31_14_27/RAMB
  global lutram RAMD32 vit_system_i/smartconnect_ddr/inst/s00_nodes/s00_w_node/inst/inst_mi_handler/gen_normal_area.inst_fifo_node_payld/gen_xpm_memory_fifo.inst_fifo/gen_mem_rep[0].inst_xpm_memory/xpm_memory_base_inst/gen_wr_a.gen_word_narrow.mem_reg_0_31_14_27/RAMB_D1
  global lutram RAMD32 vit_system_i/smartconnect_ddr/inst/s00_nodes/s00_w_node/inst/inst_mi_handler/gen_normal_area.inst_fifo_node_payld/gen_xpm_memory_fifo.inst_fifo/gen_mem_rep[0].inst_xpm_memory/xpm_memory_base_inst/gen_wr_a.gen_word_narrow.mem_reg_0_31_14_27/RAMC
  global lutram RAMD32 vit_system_i/smartconnect_ddr/inst/s00_nodes/s00_w_node/inst/inst_mi_handler/gen_normal_area.inst_fifo_node_payld/gen_xpm_memory_fifo.inst_fifo/gen_mem_rep[0].inst_xpm_memory/xpm_memory_base_inst/gen_wr_a.gen_word_narrow.mem_reg_0_31_14_27/RAMC_D1
  global lutram RAMD32 vit_system_i/smartconnect_ddr/inst/s00_nodes/s00_w_node/inst/inst_mi_handler/gen_normal_area.inst_fifo_node_payld/gen_xpm_memory_fifo.inst_fifo/gen_mem_rep[0].inst_xpm_memory/xpm_memory_base_inst/gen_wr_a.gen_word_narrow.mem_reg_0_31_14_27/RAMD
  global lutram RAMD32 vit_system_i/smartconnect_ddr/inst/s00_nodes/s00_w_node/inst/inst_mi_handler/gen_normal_area.inst_fifo_node_payld/gen_xpm_memory_fifo.inst_fifo/gen_mem_rep[0].inst_xpm_memory/xpm_memory_base_inst/gen_wr_a.gen_word_narrow.mem_reg_0_31_14_27/RAMD_D1
  global lutram RAMD32 vit_system_i/smartconnect_ddr/inst/s00_nodes/s00_w_node/inst/inst_mi_handler/gen_normal_area.inst_fifo_node_payld/gen_xpm_memory_fifo.inst_fifo/gen_mem_rep[0].inst_xpm_memory/xpm_memory_base_inst/gen_wr_a.gen_word_narrow.mem_reg_0_31_14_27/RAME
  global lutram RAMD32 vit_system_i/smartconnect_ddr/inst/s00_nodes/s00_w_node/inst/inst_mi_handler/gen_normal_area.inst_fifo_node_payld/gen_xpm_memory_fifo.inst_fifo/gen_mem_rep[0].inst_xpm_memory/xpm_memory_base_inst/gen_wr_a.gen_word_narrow.mem_reg_0_31_14_27/RAME_D1
  global lutram RAMD32 vit_system_i/smartconnect_ddr/inst/s00_nodes/s00_w_node/inst/inst_mi_handler/gen_normal_area.inst_fifo_node_payld/gen_xpm_memory_fifo.inst_fifo/gen_mem_rep[0].inst_xpm_memory/xpm_memory_base_inst/gen_wr_a.gen_word_narrow.mem_reg_0_31_14_27/RAMF
  global lutram RAMD32 vit_system_i/smartconnect_ddr/inst/s00_nodes/s00_w_node/inst/inst_mi_handler/gen_normal_area.inst_fifo_node_payld/gen_xpm_memory_fifo.inst_fifo/gen_mem_rep[0].inst_xpm_memory/xpm_memory_base_inst/gen_wr_a.gen_word_narrow.mem_reg_0_31_14_27/RAMF_D1
  global lutram RAMD32 vit_system_i/smartconnect_ddr/inst/s00_nodes/s00_w_node/inst/inst_mi_handler/gen_normal_area.inst_fifo_node_payld/gen_xpm_memory_fifo.inst_fifo/gen_mem_rep[0].inst_xpm_memory/xpm_memory_base_inst/gen_wr_a.gen_word_narrow.mem_reg_0_31_14_27/RAMG
  global lutram RAMD32 vit_system_i/smartconnect_ddr/inst/s00_nodes/s00_w_node/inst/inst_mi_handler/gen_normal_area.inst_fifo_node_payld/gen_xpm_memory_fifo.inst_fifo/gen_mem_rep[0].inst_xpm_memory/xpm_memory_base_inst/gen_wr_a.gen_word_narrow.mem_reg_0_31_14_27/RAMG_D1
  global lutram RAMS32 vit_system_i/smartconnect_ddr/inst/s00_nodes/s00_w_node/inst/inst_mi_handler/gen_normal_area.inst_fifo_node_payld/gen_xpm_memory_fifo.inst_fifo/gen_mem_rep[0].inst_xpm_memory/xpm_memory_base_inst/gen_wr_a.gen_word_narrow.mem_reg_0_31_14_27/RAMH
  global lutram RAMS32 vit_system_i/smartconnect_ddr/inst/s00_nodes/s00_w_node/inst/inst_mi_handler/gen_normal_area.inst_fifo_node_payld/gen_xpm_memory_fifo.inst_fifo/gen_mem_rep[0].inst_xpm_memory/xpm_memory_base_inst/gen_wr_a.gen_word_narrow.mem_reg_0_31_14_27/RAMH_D1
  global lutram RAMD32 vit_system_i/smartconnect_ddr/inst/s00_nodes/s00_w_node/inst/inst_mi_handler/gen_normal_area.inst_fifo_node_payld/gen_xpm_memory_fifo.inst_fifo/gen_mem_rep[0].inst_xpm_memory/xpm_memory_base_inst/gen_wr_a.gen_word_narrow.mem_reg_0_31_154_167/RAMA
  global lutram RAMD32 vit_system_i/smartconnect_ddr/inst/s00_nodes/s00_w_node/inst/inst_mi_handler/gen_normal_area.inst_fifo_node_payld/gen_xpm_memory_fifo.inst_fifo/gen_mem_rep[0].inst_xpm_memory/xpm_memory_base_inst/gen_wr_a.gen_word_narrow.mem_reg_0_31_154_167/RAMA_D1
  global lutram RAMD32 vit_system_i/smartconnect_ddr/inst/s00_nodes/s00_w_node/inst/inst_mi_handler/gen_normal_area.inst_fifo_node_payld/gen_xpm_memory_fifo.inst_fifo/gen_mem_rep[0].inst_xpm_memory/xpm_memory_base_inst/gen_wr_a.gen_word_narrow.mem_reg_0_31_154_167/RAMB
  global lutram RAMD32 vit_system_i/smartconnect_ddr/inst/s00_nodes/s00_w_node/inst/inst_mi_handler/gen_normal_area.inst_fifo_node_payld/gen_xpm_memory_fifo.inst_fifo/gen_mem_rep[0].inst_xpm_memory/xpm_memory_base_inst/gen_wr_a.gen_word_narrow.mem_reg_0_31_154_167/RAMB_D1
  global lutram RAMD32 vit_system_i/smartconnect_ddr/inst/s00_nodes/s00_w_node/inst/inst_mi_handler/gen_normal_area.inst_fifo_node_payld/gen_xpm_memory_fifo.inst_fifo/gen_mem_rep[0].inst_xpm_memory/xpm_memory_base_inst/gen_wr_a.gen_word_narrow.mem_reg_0_31_154_167/RAMC
  global lutram RAMD32 vit_system_i/smartconnect_ddr/inst/s00_nodes/s00_w_node/inst/inst_mi_handler/gen_normal_area.inst_fifo_node_payld/gen_xpm_memory_fifo.inst_fifo/gen_mem_rep[0].inst_xpm_memory/xpm_memory_base_inst/gen_wr_a.gen_word_narrow.mem_reg_0_31_154_167/RAMC_D1
  global lutram RAMD32 vit_system_i/smartconnect_ddr/inst/s00_nodes/s00_w_node/inst/inst_mi_handler/gen_normal_area.inst_fifo_node_payld/gen_xpm_memory_fifo.inst_fifo/gen_mem_rep[0].inst_xpm_memory/xpm_memory_base_inst/gen_wr_a.gen_word_narrow.mem_reg_0_31_154_167/RAMD
  global lutram RAMD32 vit_system_i/smartconnect_ddr/inst/s00_nodes/s00_w_node/inst/inst_mi_handler/gen_normal_area.inst_fifo_node_payld/gen_xpm_memory_fifo.inst_fifo/gen_mem_rep[0].inst_xpm_memory/xpm_memory_base_inst/gen_wr_a.gen_word_narrow.mem_reg_0_31_154_167/RAMD_D1
  global lutram RAMD32 vit_system_i/smartconnect_ddr/inst/s00_nodes/s00_w_node/inst/inst_mi_handler/gen_normal_area.inst_fifo_node_payld/gen_xpm_memory_fifo.inst_fifo/gen_mem_rep[0].inst_xpm_memory/xpm_memory_base_inst/gen_wr_a.gen_word_narrow.mem_reg_0_31_154_167/RAME
  global lutram RAMD32 vit_system_i/smartconnect_ddr/inst/s00_nodes/s00_w_node/inst/inst_mi_handler/gen_normal_area.inst_fifo_node_payld/gen_xpm_memory_fifo.inst_fifo/gen_mem_rep[0].inst_xpm_memory/xpm_memory_base_inst/gen_wr_a.gen_word_narrow.mem_reg_0_31_154_167/RAME_D1
  global lutram RAMD32 vit_system_i/smartconnect_ddr/inst/s00_nodes/s00_w_node/inst/inst_mi_handler/gen_normal_area.inst_fifo_node_payld/gen_xpm_memory_fifo.inst_fifo/gen_mem_rep[0].inst_xpm_memory/xpm_memory_base_inst/gen_wr_a.gen_word_narrow.mem_reg_0_31_154_167/RAMF
  global lutram RAMD32 vit_system_i/smartconnect_ddr/inst/s00_nodes/s00_w_node/inst/inst_mi_handler/gen_normal_area.inst_fifo_node_payld/gen_xpm_memory_fifo.inst_fifo/gen_mem_rep[0].inst_xpm_memory/xpm_memory_base_inst/gen_wr_a.gen_word_narrow.mem_reg_0_31_154_167/RAMF_D1
  global lutram RAMD32 vit_system_i/smartconnect_ddr/inst/s00_nodes/s00_w_node/inst/inst_mi_handler/gen_normal_area.inst_fifo_node_payld/gen_xpm_memory_fifo.inst_fifo/gen_mem_rep[0].inst_xpm_memory/xpm_memory_base_inst/gen_wr_a.gen_word_narrow.mem_reg_0_31_154_167/RAMG
  global lutram RAMD32 vit_system_i/smartconnect_ddr/inst/s00_nodes/s00_w_node/inst/inst_mi_handler/gen_normal_area.inst_fifo_node_payld/gen_xpm_memory_fifo.inst_fifo/gen_mem_rep[0].inst_xpm_memory/xpm_memory_base_inst/gen_wr_a.gen_word_narrow.mem_reg_0_31_154_167/RAMG_D1
  global lutram RAMS32 vit_system_i/smartconnect_ddr/inst/s00_nodes/s00_w_node/inst/inst_mi_handler/gen_normal_area.inst_fifo_node_payld/gen_xpm_memory_fifo.inst_fifo/gen_mem_rep[0].inst_xpm_memory/xpm_memory_base_inst/gen_wr_a.gen_word_narrow.mem_reg_0_31_154_167/RAMH
  global lutram RAMS32 vit_system_i/smartconnect_ddr/inst/s00_nodes/s00_w_node/inst/inst_mi_handler/gen_normal_area.inst_fifo_node_payld/gen_xpm_memory_fifo.inst_fifo/gen_mem_rep[0].inst_xpm_memory/xpm_memory_base_inst/gen_wr_a.gen_word_narrow.mem_reg_0_31_154_167/RAMH_D1
  global lutram RAMD32 vit_system_i/smartconnect_ddr/inst/s00_nodes/s00_w_node/inst/inst_mi_handler/gen_normal_area.inst_fifo_node_payld/gen_xpm_memory_fifo.inst_fifo/gen_mem_rep[0].inst_xpm_memory/xpm_memory_base_inst/gen_wr_a.gen_word_narrow.mem_reg_0_31_28_41/RAMA
  global lutram RAMD32 vit_system_i/smartconnect_ddr/inst/s00_nodes/s00_w_node/inst/inst_mi_handler/gen_normal_area.inst_fifo_node_payld/gen_xpm_memory_fifo.inst_fifo/gen_mem_rep[0].inst_xpm_memory/xpm_memory_base_inst/gen_wr_a.gen_word_narrow.mem_reg_0_31_28_41/RAMA_D1
  global lutram RAMD32 vit_system_i/smartconnect_ddr/inst/s00_nodes/s00_w_node/inst/inst_mi_handler/gen_normal_area.inst_fifo_node_payld/gen_xpm_memory_fifo.inst_fifo/gen_mem_rep[0].inst_xpm_memory/xpm_memory_base_inst/gen_wr_a.gen_word_narrow.mem_reg_0_31_28_41/RAMB
  global lutram RAMD32 vit_system_i/smartconnect_ddr/inst/s00_nodes/s00_w_node/inst/inst_mi_handler/gen_normal_area.inst_fifo_node_payld/gen_xpm_memory_fifo.inst_fifo/gen_mem_rep[0].inst_xpm_memory/xpm_memory_base_inst/gen_wr_a.gen_word_narrow.mem_reg_0_31_28_41/RAMB_D1
  global lutram RAMD32 vit_system_i/smartconnect_ddr/inst/s00_nodes/s00_w_node/inst/inst_mi_handler/gen_normal_area.inst_fifo_node_payld/gen_xpm_memory_fifo.inst_fifo/gen_mem_rep[0].inst_xpm_memory/xpm_memory_base_inst/gen_wr_a.gen_word_narrow.mem_reg_0_31_28_41/RAMC
  global lutram RAMD32 vit_system_i/smartconnect_ddr/inst/s00_nodes/s00_w_node/inst/inst_mi_handler/gen_normal_area.inst_fifo_node_payld/gen_xpm_memory_fifo.inst_fifo/gen_mem_rep[0].inst_xpm_memory/xpm_memory_base_inst/gen_wr_a.gen_word_narrow.mem_reg_0_31_28_41/RAMC_D1
  global lutram RAMD32 vit_system_i/smartconnect_ddr/inst/s00_nodes/s00_w_node/inst/inst_mi_handler/gen_normal_area.inst_fifo_node_payld/gen_xpm_memory_fifo.inst_fifo/gen_mem_rep[0].inst_xpm_memory/xpm_memory_base_inst/gen_wr_a.gen_word_narrow.mem_reg_0_31_28_41/RAMD
  global lutram RAMD32 vit_system_i/smartconnect_ddr/inst/s00_nodes/s00_w_node/inst/inst_mi_handler/gen_normal_area.inst_fifo_node_payld/gen_xpm_memory_fifo.inst_fifo/gen_mem_rep[0].inst_xpm_memory/xpm_memory_base_inst/gen_wr_a.gen_word_narrow.mem_reg_0_31_28_41/RAMD_D1
  global lutram RAMD32 vit_system_i/smartconnect_ddr/inst/s00_nodes/s00_w_node/inst/inst_mi_handler/gen_normal_area.inst_fifo_node_payld/gen_xpm_memory_fifo.inst_fifo/gen_mem_rep[0].inst_xpm_memory/xpm_memory_base_inst/gen_wr_a.gen_word_narrow.mem_reg_0_31_28_41/RAME
  global lutram RAMD32 vit_system_i/smartconnect_ddr/inst/s00_nodes/s00_w_node/inst/inst_mi_handler/gen_normal_area.inst_fifo_node_payld/gen_xpm_memory_fifo.inst_fifo/gen_mem_rep[0].inst_xpm_memory/xpm_memory_base_inst/gen_wr_a.gen_word_narrow.mem_reg_0_31_28_41/RAME_D1
  global lutram RAMD32 vit_system_i/smartconnect_ddr/inst/s00_nodes/s00_w_node/inst/inst_mi_handler/gen_normal_area.inst_fifo_node_payld/gen_xpm_memory_fifo.inst_fifo/gen_mem_rep[0].inst_xpm_memory/xpm_memory_base_inst/gen_wr_a.gen_word_narrow.mem_reg_0_31_28_41/RAMF
  global lutram RAMD32 vit_system_i/smartconnect_ddr/inst/s00_nodes/s00_w_node/inst/inst_mi_handler/gen_normal_area.inst_fifo_node_payld/gen_xpm_memory_fifo.inst_fifo/gen_mem_rep[0].inst_xpm_memory/xpm_memory_base_inst/gen_wr_a.gen_word_narrow.mem_reg_0_31_28_41/RAMF_D1
  global lutram RAMD32 vit_system_i/smartconnect_ddr/inst/s00_nodes/s00_w_node/inst/inst_mi_handler/gen_normal_area.inst_fifo_node_payld/gen_xpm_memory_fifo.inst_fifo/gen_mem_rep[0].inst_xpm_memory/xpm_memory_base_inst/gen_wr_a.gen_word_narrow.mem_reg_0_31_28_41/RAMG
  global lutram RAMD32 vit_system_i/smartconnect_ddr/inst/s00_nodes/s00_w_node/inst/inst_mi_handler/gen_normal_area.inst_fifo_node_payld/gen_xpm_memory_fifo.inst_fifo/gen_mem_rep[0].inst_xpm_memory/xpm_memory_base_inst/gen_wr_a.gen_word_narrow.mem_reg_0_31_28_41/RAMG_D1
  global lutram RAMS32 vit_system_i/smartconnect_ddr/inst/s00_nodes/s00_w_node/inst/inst_mi_handler/gen_normal_area.inst_fifo_node_payld/gen_xpm_memory_fifo.inst_fifo/gen_mem_rep[0].inst_xpm_memory/xpm_memory_base_inst/gen_wr_a.gen_word_narrow.mem_reg_0_31_28_41/RAMH
  global lutram RAMS32 vit_system_i/smartconnect_ddr/inst/s00_nodes/s00_w_node/inst/inst_mi_handler/gen_normal_area.inst_fifo_node_payld/gen_xpm_memory_fifo.inst_fifo/gen_mem_rep[0].inst_xpm_memory/xpm_memory_base_inst/gen_wr_a.gen_word_narrow.mem_reg_0_31_28_41/RAMH_D1
  global lutram RAMD32 vit_system_i/smartconnect_ddr/inst/s00_nodes/s00_w_node/inst/inst_mi_handler/gen_normal_area.inst_fifo_node_payld/gen_xpm_memory_fifo.inst_fifo/gen_mem_rep[0].inst_xpm_memory/xpm_memory_base_inst/gen_wr_a.gen_word_narrow.mem_reg_0_31_42_55/RAMA
  global lutram RAMD32 vit_system_i/smartconnect_ddr/inst/s00_nodes/s00_w_node/inst/inst_mi_handler/gen_normal_area.inst_fifo_node_payld/gen_xpm_memory_fifo.inst_fifo/gen_mem_rep[0].inst_xpm_memory/xpm_memory_base_inst/gen_wr_a.gen_word_narrow.mem_reg_0_31_42_55/RAMA_D1
  global lutram RAMD32 vit_system_i/smartconnect_ddr/inst/s00_nodes/s00_w_node/inst/inst_mi_handler/gen_normal_area.inst_fifo_node_payld/gen_xpm_memory_fifo.inst_fifo/gen_mem_rep[0].inst_xpm_memory/xpm_memory_base_inst/gen_wr_a.gen_word_narrow.mem_reg_0_31_42_55/RAMB
  global lutram RAMD32 vit_system_i/smartconnect_ddr/inst/s00_nodes/s00_w_node/inst/inst_mi_handler/gen_normal_area.inst_fifo_node_payld/gen_xpm_memory_fifo.inst_fifo/gen_mem_rep[0].inst_xpm_memory/xpm_memory_base_inst/gen_wr_a.gen_word_narrow.mem_reg_0_31_42_55/RAMB_D1
  global lutram RAMD32 vit_system_i/smartconnect_ddr/inst/s00_nodes/s00_w_node/inst/inst_mi_handler/gen_normal_area.inst_fifo_node_payld/gen_xpm_memory_fifo.inst_fifo/gen_mem_rep[0].inst_xpm_memory/xpm_memory_base_inst/gen_wr_a.gen_word_narrow.mem_reg_0_31_42_55/RAMC
  global lutram RAMD32 vit_system_i/smartconnect_ddr/inst/s00_nodes/s00_w_node/inst/inst_mi_handler/gen_normal_area.inst_fifo_node_payld/gen_xpm_memory_fifo.inst_fifo/gen_mem_rep[0].inst_xpm_memory/xpm_memory_base_inst/gen_wr_a.gen_word_narrow.mem_reg_0_31_42_55/RAMC_D1
  global lutram RAMD32 vit_system_i/smartconnect_ddr/inst/s00_nodes/s00_w_node/inst/inst_mi_handler/gen_normal_area.inst_fifo_node_payld/gen_xpm_memory_fifo.inst_fifo/gen_mem_rep[0].inst_xpm_memory/xpm_memory_base_inst/gen_wr_a.gen_word_narrow.mem_reg_0_31_42_55/RAMD
  global lutram RAMD32 vit_system_i/smartconnect_ddr/inst/s00_nodes/s00_w_node/inst/inst_mi_handler/gen_normal_area.inst_fifo_node_payld/gen_xpm_memory_fifo.inst_fifo/gen_mem_rep[0].inst_xpm_memory/xpm_memory_base_inst/gen_wr_a.gen_word_narrow.mem_reg_0_31_42_55/RAMD_D1
  global lutram RAMD32 vit_system_i/smartconnect_ddr/inst/s00_nodes/s00_w_node/inst/inst_mi_handler/gen_normal_area.inst_fifo_node_payld/gen_xpm_memory_fifo.inst_fifo/gen_mem_rep[0].inst_xpm_memory/xpm_memory_base_inst/gen_wr_a.gen_word_narrow.mem_reg_0_31_42_55/RAME
  global lutram RAMD32 vit_system_i/smartconnect_ddr/inst/s00_nodes/s00_w_node/inst/inst_mi_handler/gen_normal_area.inst_fifo_node_payld/gen_xpm_memory_fifo.inst_fifo/gen_mem_rep[0].inst_xpm_memory/xpm_memory_base_inst/gen_wr_a.gen_word_narrow.mem_reg_0_31_42_55/RAME_D1
  global lutram RAMD32 vit_system_i/smartconnect_ddr/inst/s00_nodes/s00_w_node/inst/inst_mi_handler/gen_normal_area.inst_fifo_node_payld/gen_xpm_memory_fifo.inst_fifo/gen_mem_rep[0].inst_xpm_memory/xpm_memory_base_inst/gen_wr_a.gen_word_narrow.mem_reg_0_31_42_55/RAMF
  global lutram RAMD32 vit_system_i/smartconnect_ddr/inst/s00_nodes/s00_w_node/inst/inst_mi_handler/gen_normal_area.inst_fifo_node_payld/gen_xpm_memory_fifo.inst_fifo/gen_mem_rep[0].inst_xpm_memory/xpm_memory_base_inst/gen_wr_a.gen_word_narrow.mem_reg_0_31_42_55/RAMF_D1
  global lutram RAMD32 vit_system_i/smartconnect_ddr/inst/s00_nodes/s00_w_node/inst/inst_mi_handler/gen_normal_area.inst_fifo_node_payld/gen_xpm_memory_fifo.inst_fifo/gen_mem_rep[0].inst_xpm_memory/xpm_memory_base_inst/gen_wr_a.gen_word_narrow.mem_reg_0_31_42_55/RAMG
  global lutram RAMD32 vit_system_i/smartconnect_ddr/inst/s00_nodes/s00_w_node/inst/inst_mi_handler/gen_normal_area.inst_fifo_node_payld/gen_xpm_memory_fifo.inst_fifo/gen_mem_rep[0].inst_xpm_memory/xpm_memory_base_inst/gen_wr_a.gen_word_narrow.mem_reg_0_31_42_55/RAMG_D1
  global lutram RAMS32 vit_system_i/smartconnect_ddr/inst/s00_nodes/s00_w_node/inst/inst_mi_handler/gen_normal_area.inst_fifo_node_payld/gen_xpm_memory_fifo.inst_fifo/gen_mem_rep[0].inst_xpm_memory/xpm_memory_base_inst/gen_wr_a.gen_word_narrow.mem_reg_0_31_42_55/RAMH
  global lutram RAMS32 vit_system_i/smartconnect_ddr/inst/s00_nodes/s00_w_node/inst/inst_mi_handler/gen_normal_area.inst_fifo_node_payld/gen_xpm_memory_fifo.inst_fifo/gen_mem_rep[0].inst_xpm_memory/xpm_memory_base_inst/gen_wr_a.gen_word_narrow.mem_reg_0_31_42_55/RAMH_D1
  global lutram RAMD32 vit_system_i/smartconnect_ddr/inst/s00_nodes/s00_w_node/inst/inst_mi_handler/gen_normal_area.inst_fifo_node_payld/gen_xpm_memory_fifo.inst_fifo/gen_mem_rep[0].inst_xpm_memory/xpm_memory_base_inst/gen_wr_a.gen_word_narrow.mem_reg_0_31_56_69/RAMA
  global lutram RAMD32 vit_system_i/smartconnect_ddr/inst/s00_nodes/s00_w_node/inst/inst_mi_handler/gen_normal_area.inst_fifo_node_payld/gen_xpm_memory_fifo.inst_fifo/gen_mem_rep[0].inst_xpm_memory/xpm_memory_base_inst/gen_wr_a.gen_word_narrow.mem_reg_0_31_56_69/RAMA_D1
  global lutram RAMD32 vit_system_i/smartconnect_ddr/inst/s00_nodes/s00_w_node/inst/inst_mi_handler/gen_normal_area.inst_fifo_node_payld/gen_xpm_memory_fifo.inst_fifo/gen_mem_rep[0].inst_xpm_memory/xpm_memory_base_inst/gen_wr_a.gen_word_narrow.mem_reg_0_31_56_69/RAMB
  global lutram RAMD32 vit_system_i/smartconnect_ddr/inst/s00_nodes/s00_w_node/inst/inst_mi_handler/gen_normal_area.inst_fifo_node_payld/gen_xpm_memory_fifo.inst_fifo/gen_mem_rep[0].inst_xpm_memory/xpm_memory_base_inst/gen_wr_a.gen_word_narrow.mem_reg_0_31_56_69/RAMB_D1
  global lutram RAMD32 vit_system_i/smartconnect_ddr/inst/s00_nodes/s00_w_node/inst/inst_mi_handler/gen_normal_area.inst_fifo_node_payld/gen_xpm_memory_fifo.inst_fifo/gen_mem_rep[0].inst_xpm_memory/xpm_memory_base_inst/gen_wr_a.gen_word_narrow.mem_reg_0_31_56_69/RAMC
  global lutram RAMD32 vit_system_i/smartconnect_ddr/inst/s00_nodes/s00_w_node/inst/inst_mi_handler/gen_normal_area.inst_fifo_node_payld/gen_xpm_memory_fifo.inst_fifo/gen_mem_rep[0].inst_xpm_memory/xpm_memory_base_inst/gen_wr_a.gen_word_narrow.mem_reg_0_31_56_69/RAMC_D1
  global lutram RAMD32 vit_system_i/smartconnect_ddr/inst/s00_nodes/s00_w_node/inst/inst_mi_handler/gen_normal_area.inst_fifo_node_payld/gen_xpm_memory_fifo.inst_fifo/gen_mem_rep[0].inst_xpm_memory/xpm_memory_base_inst/gen_wr_a.gen_word_narrow.mem_reg_0_31_56_69/RAMD
  global lutram RAMD32 vit_system_i/smartconnect_ddr/inst/s00_nodes/s00_w_node/inst/inst_mi_handler/gen_normal_area.inst_fifo_node_payld/gen_xpm_memory_fifo.inst_fifo/gen_mem_rep[0].inst_xpm_memory/xpm_memory_base_inst/gen_wr_a.gen_word_narrow.mem_reg_0_31_56_69/RAMD_D1
  global lutram RAMD32 vit_system_i/smartconnect_ddr/inst/s00_nodes/s00_w_node/inst/inst_mi_handler/gen_normal_area.inst_fifo_node_payld/gen_xpm_memory_fifo.inst_fifo/gen_mem_rep[0].inst_xpm_memory/xpm_memory_base_inst/gen_wr_a.gen_word_narrow.mem_reg_0_31_56_69/RAME
  global lutram RAMD32 vit_system_i/smartconnect_ddr/inst/s00_nodes/s00_w_node/inst/inst_mi_handler/gen_normal_area.inst_fifo_node_payld/gen_xpm_memory_fifo.inst_fifo/gen_mem_rep[0].inst_xpm_memory/xpm_memory_base_inst/gen_wr_a.gen_word_narrow.mem_reg_0_31_56_69/RAME_D1
  global lutram RAMD32 vit_system_i/smartconnect_ddr/inst/s00_nodes/s00_w_node/inst/inst_mi_handler/gen_normal_area.inst_fifo_node_payld/gen_xpm_memory_fifo.inst_fifo/gen_mem_rep[0].inst_xpm_memory/xpm_memory_base_inst/gen_wr_a.gen_word_narrow.mem_reg_0_31_56_69/RAMF
  global lutram RAMD32 vit_system_i/smartconnect_ddr/inst/s00_nodes/s00_w_node/inst/inst_mi_handler/gen_normal_area.inst_fifo_node_payld/gen_xpm_memory_fifo.inst_fifo/gen_mem_rep[0].inst_xpm_memory/xpm_memory_base_inst/gen_wr_a.gen_word_narrow.mem_reg_0_31_56_69/RAMF_D1
  global lutram RAMD32 vit_system_i/smartconnect_ddr/inst/s00_nodes/s00_w_node/inst/inst_mi_handler/gen_normal_area.inst_fifo_node_payld/gen_xpm_memory_fifo.inst_fifo/gen_mem_rep[0].inst_xpm_memory/xpm_memory_base_inst/gen_wr_a.gen_word_narrow.mem_reg_0_31_56_69/RAMG
  global lutram RAMD32 vit_system_i/smartconnect_ddr/inst/s00_nodes/s00_w_node/inst/inst_mi_handler/gen_normal_area.inst_fifo_node_payld/gen_xpm_memory_fifo.inst_fifo/gen_mem_rep[0].inst_xpm_memory/xpm_memory_base_inst/gen_wr_a.gen_word_narrow.mem_reg_0_31_56_69/RAMG_D1
  global lutram RAMS32 vit_system_i/smartconnect_ddr/inst/s00_nodes/s00_w_node/inst/inst_mi_handler/gen_normal_area.inst_fifo_node_payld/gen_xpm_memory_fifo.inst_fifo/gen_mem_rep[0].inst_xpm_memory/xpm_memory_base_inst/gen_wr_a.gen_word_narrow.mem_reg_0_31_56_69/RAMH
  global lutram RAMS32 vit_system_i/smartconnect_ddr/inst/s00_nodes/s00_w_node/inst/inst_mi_handler/gen_normal_area.inst_fifo_node_payld/gen_xpm_memory_fifo.inst_fifo/gen_mem_rep[0].inst_xpm_memory/xpm_memory_base_inst/gen_wr_a.gen_word_narrow.mem_reg_0_31_56_69/RAMH_D1
  global lutram RAMD32 vit_system_i/smartconnect_ddr/inst/s00_nodes/s00_w_node/inst/inst_mi_handler/gen_normal_area.inst_fifo_node_payld/gen_xpm_memory_fifo.inst_fifo/gen_mem_rep[0].inst_xpm_memory/xpm_memory_base_inst/gen_wr_a.gen_word_narrow.mem_reg_0_31_70_83/RAMA
  global lutram RAMD32 vit_system_i/smartconnect_ddr/inst/s00_nodes/s00_w_node/inst/inst_mi_handler/gen_normal_area.inst_fifo_node_payld/gen_xpm_memory_fifo.inst_fifo/gen_mem_rep[0].inst_xpm_memory/xpm_memory_base_inst/gen_wr_a.gen_word_narrow.mem_reg_0_31_70_83/RAMA_D1
  global lutram RAMD32 vit_system_i/smartconnect_ddr/inst/s00_nodes/s00_w_node/inst/inst_mi_handler/gen_normal_area.inst_fifo_node_payld/gen_xpm_memory_fifo.inst_fifo/gen_mem_rep[0].inst_xpm_memory/xpm_memory_base_inst/gen_wr_a.gen_word_narrow.mem_reg_0_31_70_83/RAMB
  global lutram RAMD32 vit_system_i/smartconnect_ddr/inst/s00_nodes/s00_w_node/inst/inst_mi_handler/gen_normal_area.inst_fifo_node_payld/gen_xpm_memory_fifo.inst_fifo/gen_mem_rep[0].inst_xpm_memory/xpm_memory_base_inst/gen_wr_a.gen_word_narrow.mem_reg_0_31_70_83/RAMB_D1
  global lutram RAMD32 vit_system_i/smartconnect_ddr/inst/s00_nodes/s00_w_node/inst/inst_mi_handler/gen_normal_area.inst_fifo_node_payld/gen_xpm_memory_fifo.inst_fifo/gen_mem_rep[0].inst_xpm_memory/xpm_memory_base_inst/gen_wr_a.gen_word_narrow.mem_reg_0_31_70_83/RAMC
  global lutram RAMD32 vit_system_i/smartconnect_ddr/inst/s00_nodes/s00_w_node/inst/inst_mi_handler/gen_normal_area.inst_fifo_node_payld/gen_xpm_memory_fifo.inst_fifo/gen_mem_rep[0].inst_xpm_memory/xpm_memory_base_inst/gen_wr_a.gen_word_narrow.mem_reg_0_31_70_83/RAMC_D1
  global lutram RAMD32 vit_system_i/smartconnect_ddr/inst/s00_nodes/s00_w_node/inst/inst_mi_handler/gen_normal_area.inst_fifo_node_payld/gen_xpm_memory_fifo.inst_fifo/gen_mem_rep[0].inst_xpm_memory/xpm_memory_base_inst/gen_wr_a.gen_word_narrow.mem_reg_0_31_70_83/RAMD
  global lutram RAMD32 vit_system_i/smartconnect_ddr/inst/s00_nodes/s00_w_node/inst/inst_mi_handler/gen_normal_area.inst_fifo_node_payld/gen_xpm_memory_fifo.inst_fifo/gen_mem_rep[0].inst_xpm_memory/xpm_memory_base_inst/gen_wr_a.gen_word_narrow.mem_reg_0_31_70_83/RAMD_D1
  global lutram RAMD32 vit_system_i/smartconnect_ddr/inst/s00_nodes/s00_w_node/inst/inst_mi_handler/gen_normal_area.inst_fifo_node_payld/gen_xpm_memory_fifo.inst_fifo/gen_mem_rep[0].inst_xpm_memory/xpm_memory_base_inst/gen_wr_a.gen_word_narrow.mem_reg_0_31_70_83/RAME
  global lutram RAMD32 vit_system_i/smartconnect_ddr/inst/s00_nodes/s00_w_node/inst/inst_mi_handler/gen_normal_area.inst_fifo_node_payld/gen_xpm_memory_fifo.inst_fifo/gen_mem_rep[0].inst_xpm_memory/xpm_memory_base_inst/gen_wr_a.gen_word_narrow.mem_reg_0_31_70_83/RAME_D1
  global lutram RAMD32 vit_system_i/smartconnect_ddr/inst/s00_nodes/s00_w_node/inst/inst_mi_handler/gen_normal_area.inst_fifo_node_payld/gen_xpm_memory_fifo.inst_fifo/gen_mem_rep[0].inst_xpm_memory/xpm_memory_base_inst/gen_wr_a.gen_word_narrow.mem_reg_0_31_70_83/RAMF
  global lutram RAMD32 vit_system_i/smartconnect_ddr/inst/s00_nodes/s00_w_node/inst/inst_mi_handler/gen_normal_area.inst_fifo_node_payld/gen_xpm_memory_fifo.inst_fifo/gen_mem_rep[0].inst_xpm_memory/xpm_memory_base_inst/gen_wr_a.gen_word_narrow.mem_reg_0_31_70_83/RAMF_D1
  global lutram RAMD32 vit_system_i/smartconnect_ddr/inst/s00_nodes/s00_w_node/inst/inst_mi_handler/gen_normal_area.inst_fifo_node_payld/gen_xpm_memory_fifo.inst_fifo/gen_mem_rep[0].inst_xpm_memory/xpm_memory_base_inst/gen_wr_a.gen_word_narrow.mem_reg_0_31_70_83/RAMG
  global lutram RAMD32 vit_system_i/smartconnect_ddr/inst/s00_nodes/s00_w_node/inst/inst_mi_handler/gen_normal_area.inst_fifo_node_payld/gen_xpm_memory_fifo.inst_fifo/gen_mem_rep[0].inst_xpm_memory/xpm_memory_base_inst/gen_wr_a.gen_word_narrow.mem_reg_0_31_70_83/RAMG_D1
  global lutram RAMS32 vit_system_i/smartconnect_ddr/inst/s00_nodes/s00_w_node/inst/inst_mi_handler/gen_normal_area.inst_fifo_node_payld/gen_xpm_memory_fifo.inst_fifo/gen_mem_rep[0].inst_xpm_memory/xpm_memory_base_inst/gen_wr_a.gen_word_narrow.mem_reg_0_31_70_83/RAMH
  global lutram RAMS32 vit_system_i/smartconnect_ddr/inst/s00_nodes/s00_w_node/inst/inst_mi_handler/gen_normal_area.inst_fifo_node_payld/gen_xpm_memory_fifo.inst_fifo/gen_mem_rep[0].inst_xpm_memory/xpm_memory_base_inst/gen_wr_a.gen_word_narrow.mem_reg_0_31_70_83/RAMH_D1
  global lutram RAMD32 vit_system_i/smartconnect_ddr/inst/s00_nodes/s00_w_node/inst/inst_mi_handler/gen_normal_area.inst_fifo_node_payld/gen_xpm_memory_fifo.inst_fifo/gen_mem_rep[0].inst_xpm_memory/xpm_memory_base_inst/gen_wr_a.gen_word_narrow.mem_reg_0_31_84_97/RAMA
  global lutram RAMD32 vit_system_i/smartconnect_ddr/inst/s00_nodes/s00_w_node/inst/inst_mi_handler/gen_normal_area.inst_fifo_node_payld/gen_xpm_memory_fifo.inst_fifo/gen_mem_rep[0].inst_xpm_memory/xpm_memory_base_inst/gen_wr_a.gen_word_narrow.mem_reg_0_31_84_97/RAMA_D1
  global lutram RAMD32 vit_system_i/smartconnect_ddr/inst/s00_nodes/s00_w_node/inst/inst_mi_handler/gen_normal_area.inst_fifo_node_payld/gen_xpm_memory_fifo.inst_fifo/gen_mem_rep[0].inst_xpm_memory/xpm_memory_base_inst/gen_wr_a.gen_word_narrow.mem_reg_0_31_84_97/RAMB
  global lutram RAMD32 vit_system_i/smartconnect_ddr/inst/s00_nodes/s00_w_node/inst/inst_mi_handler/gen_normal_area.inst_fifo_node_payld/gen_xpm_memory_fifo.inst_fifo/gen_mem_rep[0].inst_xpm_memory/xpm_memory_base_inst/gen_wr_a.gen_word_narrow.mem_reg_0_31_84_97/RAMB_D1
  global lutram RAMD32 vit_system_i/smartconnect_ddr/inst/s00_nodes/s00_w_node/inst/inst_mi_handler/gen_normal_area.inst_fifo_node_payld/gen_xpm_memory_fifo.inst_fifo/gen_mem_rep[0].inst_xpm_memory/xpm_memory_base_inst/gen_wr_a.gen_word_narrow.mem_reg_0_31_84_97/RAMC
  global lutram RAMD32 vit_system_i/smartconnect_ddr/inst/s00_nodes/s00_w_node/inst/inst_mi_handler/gen_normal_area.inst_fifo_node_payld/gen_xpm_memory_fifo.inst_fifo/gen_mem_rep[0].inst_xpm_memory/xpm_memory_base_inst/gen_wr_a.gen_word_narrow.mem_reg_0_31_84_97/RAMC_D1
  global lutram RAMD32 vit_system_i/smartconnect_ddr/inst/s00_nodes/s00_w_node/inst/inst_mi_handler/gen_normal_area.inst_fifo_node_payld/gen_xpm_memory_fifo.inst_fifo/gen_mem_rep[0].inst_xpm_memory/xpm_memory_base_inst/gen_wr_a.gen_word_narrow.mem_reg_0_31_84_97/RAMD
  global lutram RAMD32 vit_system_i/smartconnect_ddr/inst/s00_nodes/s00_w_node/inst/inst_mi_handler/gen_normal_area.inst_fifo_node_payld/gen_xpm_memory_fifo.inst_fifo/gen_mem_rep[0].inst_xpm_memory/xpm_memory_base_inst/gen_wr_a.gen_word_narrow.mem_reg_0_31_84_97/RAMD_D1
  global lutram RAMD32 vit_system_i/smartconnect_ddr/inst/s00_nodes/s00_w_node/inst/inst_mi_handler/gen_normal_area.inst_fifo_node_payld/gen_xpm_memory_fifo.inst_fifo/gen_mem_rep[0].inst_xpm_memory/xpm_memory_base_inst/gen_wr_a.gen_word_narrow.mem_reg_0_31_84_97/RAME
  global lutram RAMD32 vit_system_i/smartconnect_ddr/inst/s00_nodes/s00_w_node/inst/inst_mi_handler/gen_normal_area.inst_fifo_node_payld/gen_xpm_memory_fifo.inst_fifo/gen_mem_rep[0].inst_xpm_memory/xpm_memory_base_inst/gen_wr_a.gen_word_narrow.mem_reg_0_31_84_97/RAME_D1
  global lutram RAMD32 vit_system_i/smartconnect_ddr/inst/s00_nodes/s00_w_node/inst/inst_mi_handler/gen_normal_area.inst_fifo_node_payld/gen_xpm_memory_fifo.inst_fifo/gen_mem_rep[0].inst_xpm_memory/xpm_memory_base_inst/gen_wr_a.gen_word_narrow.mem_reg_0_31_84_97/RAMF
  global lutram RAMD32 vit_system_i/smartconnect_ddr/inst/s00_nodes/s00_w_node/inst/inst_mi_handler/gen_normal_area.inst_fifo_node_payld/gen_xpm_memory_fifo.inst_fifo/gen_mem_rep[0].inst_xpm_memory/xpm_memory_base_inst/gen_wr_a.gen_word_narrow.mem_reg_0_31_84_97/RAMF_D1
  global lutram RAMD32 vit_system_i/smartconnect_ddr/inst/s00_nodes/s00_w_node/inst/inst_mi_handler/gen_normal_area.inst_fifo_node_payld/gen_xpm_memory_fifo.inst_fifo/gen_mem_rep[0].inst_xpm_memory/xpm_memory_base_inst/gen_wr_a.gen_word_narrow.mem_reg_0_31_84_97/RAMG
  global lutram RAMD32 vit_system_i/smartconnect_ddr/inst/s00_nodes/s00_w_node/inst/inst_mi_handler/gen_normal_area.inst_fifo_node_payld/gen_xpm_memory_fifo.inst_fifo/gen_mem_rep[0].inst_xpm_memory/xpm_memory_base_inst/gen_wr_a.gen_word_narrow.mem_reg_0_31_84_97/RAMG_D1
  global lutram RAMS32 vit_system_i/smartconnect_ddr/inst/s00_nodes/s00_w_node/inst/inst_mi_handler/gen_normal_area.inst_fifo_node_payld/gen_xpm_memory_fifo.inst_fifo/gen_mem_rep[0].inst_xpm_memory/xpm_memory_base_inst/gen_wr_a.gen_word_narrow.mem_reg_0_31_84_97/RAMH
  global lutram RAMS32 vit_system_i/smartconnect_ddr/inst/s00_nodes/s00_w_node/inst/inst_mi_handler/gen_normal_area.inst_fifo_node_payld/gen_xpm_memory_fifo.inst_fifo/gen_mem_rep[0].inst_xpm_memory/xpm_memory_base_inst/gen_wr_a.gen_word_narrow.mem_reg_0_31_84_97/RAMH_D1
  global lutram RAMD32 vit_system_i/smartconnect_ddr/inst/s00_nodes/s00_w_node/inst/inst_mi_handler/gen_normal_area.inst_fifo_node_payld/gen_xpm_memory_fifo.inst_fifo/gen_mem_rep[0].inst_xpm_memory/xpm_memory_base_inst/gen_wr_a.gen_word_narrow.mem_reg_0_31_98_111/RAMA
  global lutram RAMD32 vit_system_i/smartconnect_ddr/inst/s00_nodes/s00_w_node/inst/inst_mi_handler/gen_normal_area.inst_fifo_node_payld/gen_xpm_memory_fifo.inst_fifo/gen_mem_rep[0].inst_xpm_memory/xpm_memory_base_inst/gen_wr_a.gen_word_narrow.mem_reg_0_31_98_111/RAMA_D1
  global lutram RAMD32 vit_system_i/smartconnect_ddr/inst/s00_nodes/s00_w_node/inst/inst_mi_handler/gen_normal_area.inst_fifo_node_payld/gen_xpm_memory_fifo.inst_fifo/gen_mem_rep[0].inst_xpm_memory/xpm_memory_base_inst/gen_wr_a.gen_word_narrow.mem_reg_0_31_98_111/RAMB
  global lutram RAMD32 vit_system_i/smartconnect_ddr/inst/s00_nodes/s00_w_node/inst/inst_mi_handler/gen_normal_area.inst_fifo_node_payld/gen_xpm_memory_fifo.inst_fifo/gen_mem_rep[0].inst_xpm_memory/xpm_memory_base_inst/gen_wr_a.gen_word_narrow.mem_reg_0_31_98_111/RAMB_D1
  global lutram RAMD32 vit_system_i/smartconnect_ddr/inst/s00_nodes/s00_w_node/inst/inst_mi_handler/gen_normal_area.inst_fifo_node_payld/gen_xpm_memory_fifo.inst_fifo/gen_mem_rep[0].inst_xpm_memory/xpm_memory_base_inst/gen_wr_a.gen_word_narrow.mem_reg_0_31_98_111/RAMC
  global lutram RAMD32 vit_system_i/smartconnect_ddr/inst/s00_nodes/s00_w_node/inst/inst_mi_handler/gen_normal_area.inst_fifo_node_payld/gen_xpm_memory_fifo.inst_fifo/gen_mem_rep[0].inst_xpm_memory/xpm_memory_base_inst/gen_wr_a.gen_word_narrow.mem_reg_0_31_98_111/RAMC_D1
  global lutram RAMD32 vit_system_i/smartconnect_ddr/inst/s00_nodes/s00_w_node/inst/inst_mi_handler/gen_normal_area.inst_fifo_node_payld/gen_xpm_memory_fifo.inst_fifo/gen_mem_rep[0].inst_xpm_memory/xpm_memory_base_inst/gen_wr_a.gen_word_narrow.mem_reg_0_31_98_111/RAMD
  global lutram RAMD32 vit_system_i/smartconnect_ddr/inst/s00_nodes/s00_w_node/inst/inst_mi_handler/gen_normal_area.inst_fifo_node_payld/gen_xpm_memory_fifo.inst_fifo/gen_mem_rep[0].inst_xpm_memory/xpm_memory_base_inst/gen_wr_a.gen_word_narrow.mem_reg_0_31_98_111/RAMD_D1
  global lutram RAMD32 vit_system_i/smartconnect_ddr/inst/s00_nodes/s00_w_node/inst/inst_mi_handler/gen_normal_area.inst_fifo_node_payld/gen_xpm_memory_fifo.inst_fifo/gen_mem_rep[0].inst_xpm_memory/xpm_memory_base_inst/gen_wr_a.gen_word_narrow.mem_reg_0_31_98_111/RAME
  global lutram RAMD32 vit_system_i/smartconnect_ddr/inst/s00_nodes/s00_w_node/inst/inst_mi_handler/gen_normal_area.inst_fifo_node_payld/gen_xpm_memory_fifo.inst_fifo/gen_mem_rep[0].inst_xpm_memory/xpm_memory_base_inst/gen_wr_a.gen_word_narrow.mem_reg_0_31_98_111/RAME_D1
  global lutram RAMD32 vit_system_i/smartconnect_ddr/inst/s00_nodes/s00_w_node/inst/inst_mi_handler/gen_normal_area.inst_fifo_node_payld/gen_xpm_memory_fifo.inst_fifo/gen_mem_rep[0].inst_xpm_memory/xpm_memory_base_inst/gen_wr_a.gen_word_narrow.mem_reg_0_31_98_111/RAMF
  global lutram RAMD32 vit_system_i/smartconnect_ddr/inst/s00_nodes/s00_w_node/inst/inst_mi_handler/gen_normal_area.inst_fifo_node_payld/gen_xpm_memory_fifo.inst_fifo/gen_mem_rep[0].inst_xpm_memory/xpm_memory_base_inst/gen_wr_a.gen_word_narrow.mem_reg_0_31_98_111/RAMF_D1
  global lutram RAMD32 vit_system_i/smartconnect_ddr/inst/s00_nodes/s00_w_node/inst/inst_mi_handler/gen_normal_area.inst_fifo_node_payld/gen_xpm_memory_fifo.inst_fifo/gen_mem_rep[0].inst_xpm_memory/xpm_memory_base_inst/gen_wr_a.gen_word_narrow.mem_reg_0_31_98_111/RAMG
  global lutram RAMD32 vit_system_i/smartconnect_ddr/inst/s00_nodes/s00_w_node/inst/inst_mi_handler/gen_normal_area.inst_fifo_node_payld/gen_xpm_memory_fifo.inst_fifo/gen_mem_rep[0].inst_xpm_memory/xpm_memory_base_inst/gen_wr_a.gen_word_narrow.mem_reg_0_31_98_111/RAMG_D1
  global lutram RAMS32 vit_system_i/smartconnect_ddr/inst/s00_nodes/s00_w_node/inst/inst_mi_handler/gen_normal_area.inst_fifo_node_payld/gen_xpm_memory_fifo.inst_fifo/gen_mem_rep[0].inst_xpm_memory/xpm_memory_base_inst/gen_wr_a.gen_word_narrow.mem_reg_0_31_98_111/RAMH
  global lutram RAMS32 vit_system_i/smartconnect_ddr/inst/s00_nodes/s00_w_node/inst/inst_mi_handler/gen_normal_area.inst_fifo_node_payld/gen_xpm_memory_fifo.inst_fifo/gen_mem_rep[0].inst_xpm_memory/xpm_memory_base_inst/gen_wr_a.gen_word_narrow.mem_reg_0_31_98_111/RAMH_D1
  global lutram RAM32M16 vit_system_i/vit_phase_e_axi_0/inst/u_core/u_npu/u_engine/u_gemm/gen_fp16.u_fp16/u_result_fifo/entry_memory_reg_0_1_0_13
  global lutram RAM32M16 vit_system_i/vit_phase_e_axi_0/inst/u_core/u_npu/u_engine/u_gemm/gen_fp16.u_fp16/u_result_fifo/entry_memory_reg_0_1_112_125
  global lutram RAM32M16 vit_system_i/vit_phase_e_axi_0/inst/u_core/u_npu/u_engine/u_gemm/gen_fp16.u_fp16/u_result_fifo/entry_memory_reg_0_1_126_139
  global lutram RAM32M16 vit_system_i/vit_phase_e_axi_0/inst/u_core/u_npu/u_engine/u_gemm/gen_fp16.u_fp16/u_result_fifo/entry_memory_reg_0_1_140_153
  global lutram RAM32M16 vit_system_i/vit_phase_e_axi_0/inst/u_core/u_npu/u_engine/u_gemm/gen_fp16.u_fp16/u_result_fifo/entry_memory_reg_0_1_14_27
  global lutram RAM32M16 vit_system_i/vit_phase_e_axi_0/inst/u_core/u_npu/u_engine/u_gemm/gen_fp16.u_fp16/u_result_fifo/entry_memory_reg_0_1_154_167
  global lutram RAM32M16 vit_system_i/vit_phase_e_axi_0/inst/u_core/u_npu/u_engine/u_gemm/gen_fp16.u_fp16/u_result_fifo/entry_memory_reg_0_1_168_181
  global lutram RAM32M16 vit_system_i/vit_phase_e_axi_0/inst/u_core/u_npu/u_engine/u_gemm/gen_fp16.u_fp16/u_result_fifo/entry_memory_reg_0_1_182_195
  global lutram RAM32M16 vit_system_i/vit_phase_e_axi_0/inst/u_core/u_npu/u_engine/u_gemm/gen_fp16.u_fp16/u_result_fifo/entry_memory_reg_0_1_196_209
  global lutram RAM32M16 vit_system_i/vit_phase_e_axi_0/inst/u_core/u_npu/u_engine/u_gemm/gen_fp16.u_fp16/u_result_fifo/entry_memory_reg_0_1_210_223
  global lutram RAM32M16 vit_system_i/vit_phase_e_axi_0/inst/u_core/u_npu/u_engine/u_gemm/gen_fp16.u_fp16/u_result_fifo/entry_memory_reg_0_1_224_237
  global lutram RAM32M16 vit_system_i/vit_phase_e_axi_0/inst/u_core/u_npu/u_engine/u_gemm/gen_fp16.u_fp16/u_result_fifo/entry_memory_reg_0_1_238_251
  global lutram RAM32M16 vit_system_i/vit_phase_e_axi_0/inst/u_core/u_npu/u_engine/u_gemm/gen_fp16.u_fp16/u_result_fifo/entry_memory_reg_0_1_252_265
  global lutram RAM32M16 vit_system_i/vit_phase_e_axi_0/inst/u_core/u_npu/u_engine/u_gemm/gen_fp16.u_fp16/u_result_fifo/entry_memory_reg_0_1_266_279
  global lutram RAM32M16 vit_system_i/vit_phase_e_axi_0/inst/u_core/u_npu/u_engine/u_gemm/gen_fp16.u_fp16/u_result_fifo/entry_memory_reg_0_1_280_293
  global lutram RAM32M16 vit_system_i/vit_phase_e_axi_0/inst/u_core/u_npu/u_engine/u_gemm/gen_fp16.u_fp16/u_result_fifo/entry_memory_reg_0_1_28_41
  global lutram RAM32M16 vit_system_i/vit_phase_e_axi_0/inst/u_core/u_npu/u_engine/u_gemm/gen_fp16.u_fp16/u_result_fifo/entry_memory_reg_0_1_294_307
  global lutram RAM32M16 vit_system_i/vit_phase_e_axi_0/inst/u_core/u_npu/u_engine/u_gemm/gen_fp16.u_fp16/u_result_fifo/entry_memory_reg_0_1_308_321
  global lutram RAM32M16 vit_system_i/vit_phase_e_axi_0/inst/u_core/u_npu/u_engine/u_gemm/gen_fp16.u_fp16/u_result_fifo/entry_memory_reg_0_1_322_335
  global lutram RAM32M16 vit_system_i/vit_phase_e_axi_0/inst/u_core/u_npu/u_engine/u_gemm/gen_fp16.u_fp16/u_result_fifo/entry_memory_reg_0_1_336_349
  global lutram RAM32M16 vit_system_i/vit_phase_e_axi_0/inst/u_core/u_npu/u_engine/u_gemm/gen_fp16.u_fp16/u_result_fifo/entry_memory_reg_0_1_350_363
  global lutram RAM32M16 vit_system_i/vit_phase_e_axi_0/inst/u_core/u_npu/u_engine/u_gemm/gen_fp16.u_fp16/u_result_fifo/entry_memory_reg_0_1_364_377
  global lutram RAM32M16 vit_system_i/vit_phase_e_axi_0/inst/u_core/u_npu/u_engine/u_gemm/gen_fp16.u_fp16/u_result_fifo/entry_memory_reg_0_1_378_391
  global lutram RAM32M16 vit_system_i/vit_phase_e_axi_0/inst/u_core/u_npu/u_engine/u_gemm/gen_fp16.u_fp16/u_result_fifo/entry_memory_reg_0_1_392_405
  global lutram RAM32M16 vit_system_i/vit_phase_e_axi_0/inst/u_core/u_npu/u_engine/u_gemm/gen_fp16.u_fp16/u_result_fifo/entry_memory_reg_0_1_406_419
  global lutram RAM32M16 vit_system_i/vit_phase_e_axi_0/inst/u_core/u_npu/u_engine/u_gemm/gen_fp16.u_fp16/u_result_fifo/entry_memory_reg_0_1_420_433
  global lutram RAM32M16 vit_system_i/vit_phase_e_axi_0/inst/u_core/u_npu/u_engine/u_gemm/gen_fp16.u_fp16/u_result_fifo/entry_memory_reg_0_1_42_55
  global lutram RAM32M16 vit_system_i/vit_phase_e_axi_0/inst/u_core/u_npu/u_engine/u_gemm/gen_fp16.u_fp16/u_result_fifo/entry_memory_reg_0_1_434_447
  global lutram RAM32M16 vit_system_i/vit_phase_e_axi_0/inst/u_core/u_npu/u_engine/u_gemm/gen_fp16.u_fp16/u_result_fifo/entry_memory_reg_0_1_448_461
  global lutram RAM32M16 vit_system_i/vit_phase_e_axi_0/inst/u_core/u_npu/u_engine/u_gemm/gen_fp16.u_fp16/u_result_fifo/entry_memory_reg_0_1_462_475
  global lutram RAM32M16 vit_system_i/vit_phase_e_axi_0/inst/u_core/u_npu/u_engine/u_gemm/gen_fp16.u_fp16/u_result_fifo/entry_memory_reg_0_1_476_489
  global lutram RAM32M16 vit_system_i/vit_phase_e_axi_0/inst/u_core/u_npu/u_engine/u_gemm/gen_fp16.u_fp16/u_result_fifo/entry_memory_reg_0_1_490_503
  global lutram RAM32M16 vit_system_i/vit_phase_e_axi_0/inst/u_core/u_npu/u_engine/u_gemm/gen_fp16.u_fp16/u_result_fifo/entry_memory_reg_0_1_504_517
  global lutram RAM32M16 vit_system_i/vit_phase_e_axi_0/inst/u_core/u_npu/u_engine/u_gemm/gen_fp16.u_fp16/u_result_fifo/entry_memory_reg_0_1_518_531
  global lutram RAM32M16 vit_system_i/vit_phase_e_axi_0/inst/u_core/u_npu/u_engine/u_gemm/gen_fp16.u_fp16/u_result_fifo/entry_memory_reg_0_1_532_545
  global lutram RAM32M16 vit_system_i/vit_phase_e_axi_0/inst/u_core/u_npu/u_engine/u_gemm/gen_fp16.u_fp16/u_result_fifo/entry_memory_reg_0_1_546_559
  global lutram RAM32M16 vit_system_i/vit_phase_e_axi_0/inst/u_core/u_npu/u_engine/u_gemm/gen_fp16.u_fp16/u_result_fifo/entry_memory_reg_0_1_560_573
  global lutram RAM32M16 vit_system_i/vit_phase_e_axi_0/inst/u_core/u_npu/u_engine/u_gemm/gen_fp16.u_fp16/u_result_fifo/entry_memory_reg_0_1_56_69
  global lutram RAM32M16 vit_system_i/vit_phase_e_axi_0/inst/u_core/u_npu/u_engine/u_gemm/gen_fp16.u_fp16/u_result_fifo/entry_memory_reg_0_1_574_587
  global lutram RAM32M16 vit_system_i/vit_phase_e_axi_0/inst/u_core/u_npu/u_engine/u_gemm/gen_fp16.u_fp16/u_result_fifo/entry_memory_reg_0_1_588_601
  global lutram RAM32M16 vit_system_i/vit_phase_e_axi_0/inst/u_core/u_npu/u_engine/u_gemm/gen_fp16.u_fp16/u_result_fifo/entry_memory_reg_0_1_602_615
  global lutram RAM32M16 vit_system_i/vit_phase_e_axi_0/inst/u_core/u_npu/u_engine/u_gemm/gen_fp16.u_fp16/u_result_fifo/entry_memory_reg_0_1_616_629
  global lutram RAM32M16 vit_system_i/vit_phase_e_axi_0/inst/u_core/u_npu/u_engine/u_gemm/gen_fp16.u_fp16/u_result_fifo/entry_memory_reg_0_1_630_643
  global lutram RAM32M16 vit_system_i/vit_phase_e_axi_0/inst/u_core/u_npu/u_engine/u_gemm/gen_fp16.u_fp16/u_result_fifo/entry_memory_reg_0_1_644_657
  global lutram RAM32M16 vit_system_i/vit_phase_e_axi_0/inst/u_core/u_npu/u_engine/u_gemm/gen_fp16.u_fp16/u_result_fifo/entry_memory_reg_0_1_658_671
  global lutram RAM32M16 vit_system_i/vit_phase_e_axi_0/inst/u_core/u_npu/u_engine/u_gemm/gen_fp16.u_fp16/u_result_fifo/entry_memory_reg_0_1_672_685
  global lutram RAM32M vit_system_i/vit_phase_e_axi_0/inst/u_core/u_npu/u_engine/u_gemm/gen_fp16.u_fp16/u_result_fifo/entry_memory_reg_0_1_686_691
  global lutram RAM32M16 vit_system_i/vit_phase_e_axi_0/inst/u_core/u_npu/u_engine/u_gemm/gen_fp16.u_fp16/u_result_fifo/entry_memory_reg_0_1_70_83
  global lutram RAM32M16 vit_system_i/vit_phase_e_axi_0/inst/u_core/u_npu/u_engine/u_gemm/gen_fp16.u_fp16/u_result_fifo/entry_memory_reg_0_1_84_97
  global lutram RAM32M16 vit_system_i/vit_phase_e_axi_0/inst/u_core/u_npu/u_engine/u_gemm/gen_fp16.u_fp16/u_result_fifo/entry_memory_reg_0_1_98_111
  global lutram RAMD32 vit_system_i/vit_phase_e_axi_0/inst/u_core/u_npu/u_engine/u_gemm/gen_fp16.u_fp16/u_result_fifo/entry_memory_reg_0_1_0_13/RAMA
  global lutram RAMD32 vit_system_i/vit_phase_e_axi_0/inst/u_core/u_npu/u_engine/u_gemm/gen_fp16.u_fp16/u_result_fifo/entry_memory_reg_0_1_0_13/RAMA_D1
  global lutram RAMD32 vit_system_i/vit_phase_e_axi_0/inst/u_core/u_npu/u_engine/u_gemm/gen_fp16.u_fp16/u_result_fifo/entry_memory_reg_0_1_0_13/RAMB
  global lutram RAMD32 vit_system_i/vit_phase_e_axi_0/inst/u_core/u_npu/u_engine/u_gemm/gen_fp16.u_fp16/u_result_fifo/entry_memory_reg_0_1_0_13/RAMB_D1
  global lutram RAMD32 vit_system_i/vit_phase_e_axi_0/inst/u_core/u_npu/u_engine/u_gemm/gen_fp16.u_fp16/u_result_fifo/entry_memory_reg_0_1_0_13/RAMC
  global lutram RAMD32 vit_system_i/vit_phase_e_axi_0/inst/u_core/u_npu/u_engine/u_gemm/gen_fp16.u_fp16/u_result_fifo/entry_memory_reg_0_1_0_13/RAMC_D1
  global lutram RAMD32 vit_system_i/vit_phase_e_axi_0/inst/u_core/u_npu/u_engine/u_gemm/gen_fp16.u_fp16/u_result_fifo/entry_memory_reg_0_1_0_13/RAMD
  global lutram RAMD32 vit_system_i/vit_phase_e_axi_0/inst/u_core/u_npu/u_engine/u_gemm/gen_fp16.u_fp16/u_result_fifo/entry_memory_reg_0_1_0_13/RAMD_D1
  global lutram RAMD32 vit_system_i/vit_phase_e_axi_0/inst/u_core/u_npu/u_engine/u_gemm/gen_fp16.u_fp16/u_result_fifo/entry_memory_reg_0_1_0_13/RAME
  global lutram RAMD32 vit_system_i/vit_phase_e_axi_0/inst/u_core/u_npu/u_engine/u_gemm/gen_fp16.u_fp16/u_result_fifo/entry_memory_reg_0_1_0_13/RAME_D1
  global lutram RAMD32 vit_system_i/vit_phase_e_axi_0/inst/u_core/u_npu/u_engine/u_gemm/gen_fp16.u_fp16/u_result_fifo/entry_memory_reg_0_1_0_13/RAMF
  global lutram RAMD32 vit_system_i/vit_phase_e_axi_0/inst/u_core/u_npu/u_engine/u_gemm/gen_fp16.u_fp16/u_result_fifo/entry_memory_reg_0_1_0_13/RAMF_D1
  global lutram RAMD32 vit_system_i/vit_phase_e_axi_0/inst/u_core/u_npu/u_engine/u_gemm/gen_fp16.u_fp16/u_result_fifo/entry_memory_reg_0_1_0_13/RAMG
  global lutram RAMD32 vit_system_i/vit_phase_e_axi_0/inst/u_core/u_npu/u_engine/u_gemm/gen_fp16.u_fp16/u_result_fifo/entry_memory_reg_0_1_0_13/RAMG_D1
  global lutram RAMS32 vit_system_i/vit_phase_e_axi_0/inst/u_core/u_npu/u_engine/u_gemm/gen_fp16.u_fp16/u_result_fifo/entry_memory_reg_0_1_0_13/RAMH
  global lutram RAMS32 vit_system_i/vit_phase_e_axi_0/inst/u_core/u_npu/u_engine/u_gemm/gen_fp16.u_fp16/u_result_fifo/entry_memory_reg_0_1_0_13/RAMH_D1
  global lutram RAMD32 vit_system_i/vit_phase_e_axi_0/inst/u_core/u_npu/u_engine/u_gemm/gen_fp16.u_fp16/u_result_fifo/entry_memory_reg_0_1_112_125/RAMA
  global lutram RAMD32 vit_system_i/vit_phase_e_axi_0/inst/u_core/u_npu/u_engine/u_gemm/gen_fp16.u_fp16/u_result_fifo/entry_memory_reg_0_1_112_125/RAMA_D1
  global lutram RAMD32 vit_system_i/vit_phase_e_axi_0/inst/u_core/u_npu/u_engine/u_gemm/gen_fp16.u_fp16/u_result_fifo/entry_memory_reg_0_1_112_125/RAMB
  global lutram RAMD32 vit_system_i/vit_phase_e_axi_0/inst/u_core/u_npu/u_engine/u_gemm/gen_fp16.u_fp16/u_result_fifo/entry_memory_reg_0_1_112_125/RAMB_D1
  global lutram RAMD32 vit_system_i/vit_phase_e_axi_0/inst/u_core/u_npu/u_engine/u_gemm/gen_fp16.u_fp16/u_result_fifo/entry_memory_reg_0_1_112_125/RAMC
  global lutram RAMD32 vit_system_i/vit_phase_e_axi_0/inst/u_core/u_npu/u_engine/u_gemm/gen_fp16.u_fp16/u_result_fifo/entry_memory_reg_0_1_112_125/RAMC_D1
  global lutram RAMD32 vit_system_i/vit_phase_e_axi_0/inst/u_core/u_npu/u_engine/u_gemm/gen_fp16.u_fp16/u_result_fifo/entry_memory_reg_0_1_112_125/RAMD
  global lutram RAMD32 vit_system_i/vit_phase_e_axi_0/inst/u_core/u_npu/u_engine/u_gemm/gen_fp16.u_fp16/u_result_fifo/entry_memory_reg_0_1_112_125/RAMD_D1
  global lutram RAMD32 vit_system_i/vit_phase_e_axi_0/inst/u_core/u_npu/u_engine/u_gemm/gen_fp16.u_fp16/u_result_fifo/entry_memory_reg_0_1_112_125/RAME
  global lutram RAMD32 vit_system_i/vit_phase_e_axi_0/inst/u_core/u_npu/u_engine/u_gemm/gen_fp16.u_fp16/u_result_fifo/entry_memory_reg_0_1_112_125/RAME_D1
  global lutram RAMD32 vit_system_i/vit_phase_e_axi_0/inst/u_core/u_npu/u_engine/u_gemm/gen_fp16.u_fp16/u_result_fifo/entry_memory_reg_0_1_112_125/RAMF
  global lutram RAMD32 vit_system_i/vit_phase_e_axi_0/inst/u_core/u_npu/u_engine/u_gemm/gen_fp16.u_fp16/u_result_fifo/entry_memory_reg_0_1_112_125/RAMF_D1
  global lutram RAMD32 vit_system_i/vit_phase_e_axi_0/inst/u_core/u_npu/u_engine/u_gemm/gen_fp16.u_fp16/u_result_fifo/entry_memory_reg_0_1_112_125/RAMG
  global lutram RAMD32 vit_system_i/vit_phase_e_axi_0/inst/u_core/u_npu/u_engine/u_gemm/gen_fp16.u_fp16/u_result_fifo/entry_memory_reg_0_1_112_125/RAMG_D1
  global lutram RAMS32 vit_system_i/vit_phase_e_axi_0/inst/u_core/u_npu/u_engine/u_gemm/gen_fp16.u_fp16/u_result_fifo/entry_memory_reg_0_1_112_125/RAMH
  global lutram RAMS32 vit_system_i/vit_phase_e_axi_0/inst/u_core/u_npu/u_engine/u_gemm/gen_fp16.u_fp16/u_result_fifo/entry_memory_reg_0_1_112_125/RAMH_D1
  global lutram RAMD32 vit_system_i/vit_phase_e_axi_0/inst/u_core/u_npu/u_engine/u_gemm/gen_fp16.u_fp16/u_result_fifo/entry_memory_reg_0_1_126_139/RAMA
  global lutram RAMD32 vit_system_i/vit_phase_e_axi_0/inst/u_core/u_npu/u_engine/u_gemm/gen_fp16.u_fp16/u_result_fifo/entry_memory_reg_0_1_126_139/RAMA_D1
  global lutram RAMD32 vit_system_i/vit_phase_e_axi_0/inst/u_core/u_npu/u_engine/u_gemm/gen_fp16.u_fp16/u_result_fifo/entry_memory_reg_0_1_126_139/RAMB
  global lutram RAMD32 vit_system_i/vit_phase_e_axi_0/inst/u_core/u_npu/u_engine/u_gemm/gen_fp16.u_fp16/u_result_fifo/entry_memory_reg_0_1_126_139/RAMB_D1
  global lutram RAMD32 vit_system_i/vit_phase_e_axi_0/inst/u_core/u_npu/u_engine/u_gemm/gen_fp16.u_fp16/u_result_fifo/entry_memory_reg_0_1_126_139/RAMC
  global lutram RAMD32 vit_system_i/vit_phase_e_axi_0/inst/u_core/u_npu/u_engine/u_gemm/gen_fp16.u_fp16/u_result_fifo/entry_memory_reg_0_1_126_139/RAMC_D1
  global lutram RAMD32 vit_system_i/vit_phase_e_axi_0/inst/u_core/u_npu/u_engine/u_gemm/gen_fp16.u_fp16/u_result_fifo/entry_memory_reg_0_1_126_139/RAMD
  global lutram RAMD32 vit_system_i/vit_phase_e_axi_0/inst/u_core/u_npu/u_engine/u_gemm/gen_fp16.u_fp16/u_result_fifo/entry_memory_reg_0_1_126_139/RAMD_D1
  global lutram RAMD32 vit_system_i/vit_phase_e_axi_0/inst/u_core/u_npu/u_engine/u_gemm/gen_fp16.u_fp16/u_result_fifo/entry_memory_reg_0_1_126_139/RAME
  global lutram RAMD32 vit_system_i/vit_phase_e_axi_0/inst/u_core/u_npu/u_engine/u_gemm/gen_fp16.u_fp16/u_result_fifo/entry_memory_reg_0_1_126_139/RAME_D1
  global lutram RAMD32 vit_system_i/vit_phase_e_axi_0/inst/u_core/u_npu/u_engine/u_gemm/gen_fp16.u_fp16/u_result_fifo/entry_memory_reg_0_1_126_139/RAMF
  global lutram RAMD32 vit_system_i/vit_phase_e_axi_0/inst/u_core/u_npu/u_engine/u_gemm/gen_fp16.u_fp16/u_result_fifo/entry_memory_reg_0_1_126_139/RAMF_D1
  global lutram RAMD32 vit_system_i/vit_phase_e_axi_0/inst/u_core/u_npu/u_engine/u_gemm/gen_fp16.u_fp16/u_result_fifo/entry_memory_reg_0_1_126_139/RAMG
  global lutram RAMD32 vit_system_i/vit_phase_e_axi_0/inst/u_core/u_npu/u_engine/u_gemm/gen_fp16.u_fp16/u_result_fifo/entry_memory_reg_0_1_126_139/RAMG_D1
  global lutram RAMS32 vit_system_i/vit_phase_e_axi_0/inst/u_core/u_npu/u_engine/u_gemm/gen_fp16.u_fp16/u_result_fifo/entry_memory_reg_0_1_126_139/RAMH
  global lutram RAMS32 vit_system_i/vit_phase_e_axi_0/inst/u_core/u_npu/u_engine/u_gemm/gen_fp16.u_fp16/u_result_fifo/entry_memory_reg_0_1_126_139/RAMH_D1
  global lutram RAMD32 vit_system_i/vit_phase_e_axi_0/inst/u_core/u_npu/u_engine/u_gemm/gen_fp16.u_fp16/u_result_fifo/entry_memory_reg_0_1_140_153/RAMA
  global lutram RAMD32 vit_system_i/vit_phase_e_axi_0/inst/u_core/u_npu/u_engine/u_gemm/gen_fp16.u_fp16/u_result_fifo/entry_memory_reg_0_1_140_153/RAMA_D1
  global lutram RAMD32 vit_system_i/vit_phase_e_axi_0/inst/u_core/u_npu/u_engine/u_gemm/gen_fp16.u_fp16/u_result_fifo/entry_memory_reg_0_1_140_153/RAMB
  global lutram RAMD32 vit_system_i/vit_phase_e_axi_0/inst/u_core/u_npu/u_engine/u_gemm/gen_fp16.u_fp16/u_result_fifo/entry_memory_reg_0_1_140_153/RAMB_D1
  global lutram RAMD32 vit_system_i/vit_phase_e_axi_0/inst/u_core/u_npu/u_engine/u_gemm/gen_fp16.u_fp16/u_result_fifo/entry_memory_reg_0_1_140_153/RAMC
  global lutram RAMD32 vit_system_i/vit_phase_e_axi_0/inst/u_core/u_npu/u_engine/u_gemm/gen_fp16.u_fp16/u_result_fifo/entry_memory_reg_0_1_140_153/RAMC_D1
  global lutram RAMD32 vit_system_i/vit_phase_e_axi_0/inst/u_core/u_npu/u_engine/u_gemm/gen_fp16.u_fp16/u_result_fifo/entry_memory_reg_0_1_140_153/RAMD
  global lutram RAMD32 vit_system_i/vit_phase_e_axi_0/inst/u_core/u_npu/u_engine/u_gemm/gen_fp16.u_fp16/u_result_fifo/entry_memory_reg_0_1_140_153/RAMD_D1
  global lutram RAMD32 vit_system_i/vit_phase_e_axi_0/inst/u_core/u_npu/u_engine/u_gemm/gen_fp16.u_fp16/u_result_fifo/entry_memory_reg_0_1_140_153/RAME
  global lutram RAMD32 vit_system_i/vit_phase_e_axi_0/inst/u_core/u_npu/u_engine/u_gemm/gen_fp16.u_fp16/u_result_fifo/entry_memory_reg_0_1_140_153/RAME_D1
  global lutram RAMD32 vit_system_i/vit_phase_e_axi_0/inst/u_core/u_npu/u_engine/u_gemm/gen_fp16.u_fp16/u_result_fifo/entry_memory_reg_0_1_140_153/RAMF
  global lutram RAMD32 vit_system_i/vit_phase_e_axi_0/inst/u_core/u_npu/u_engine/u_gemm/gen_fp16.u_fp16/u_result_fifo/entry_memory_reg_0_1_140_153/RAMF_D1
  global lutram RAMD32 vit_system_i/vit_phase_e_axi_0/inst/u_core/u_npu/u_engine/u_gemm/gen_fp16.u_fp16/u_result_fifo/entry_memory_reg_0_1_140_153/RAMG
  global lutram RAMD32 vit_system_i/vit_phase_e_axi_0/inst/u_core/u_npu/u_engine/u_gemm/gen_fp16.u_fp16/u_result_fifo/entry_memory_reg_0_1_140_153/RAMG_D1
  global lutram RAMS32 vit_system_i/vit_phase_e_axi_0/inst/u_core/u_npu/u_engine/u_gemm/gen_fp16.u_fp16/u_result_fifo/entry_memory_reg_0_1_140_153/RAMH
  global lutram RAMS32 vit_system_i/vit_phase_e_axi_0/inst/u_core/u_npu/u_engine/u_gemm/gen_fp16.u_fp16/u_result_fifo/entry_memory_reg_0_1_140_153/RAMH_D1
  global lutram RAMD32 vit_system_i/vit_phase_e_axi_0/inst/u_core/u_npu/u_engine/u_gemm/gen_fp16.u_fp16/u_result_fifo/entry_memory_reg_0_1_14_27/RAMA
  global lutram RAMD32 vit_system_i/vit_phase_e_axi_0/inst/u_core/u_npu/u_engine/u_gemm/gen_fp16.u_fp16/u_result_fifo/entry_memory_reg_0_1_14_27/RAMA_D1
  global lutram RAMD32 vit_system_i/vit_phase_e_axi_0/inst/u_core/u_npu/u_engine/u_gemm/gen_fp16.u_fp16/u_result_fifo/entry_memory_reg_0_1_14_27/RAMB
  global lutram RAMD32 vit_system_i/vit_phase_e_axi_0/inst/u_core/u_npu/u_engine/u_gemm/gen_fp16.u_fp16/u_result_fifo/entry_memory_reg_0_1_14_27/RAMB_D1
  global lutram RAMD32 vit_system_i/vit_phase_e_axi_0/inst/u_core/u_npu/u_engine/u_gemm/gen_fp16.u_fp16/u_result_fifo/entry_memory_reg_0_1_14_27/RAMC
  global lutram RAMD32 vit_system_i/vit_phase_e_axi_0/inst/u_core/u_npu/u_engine/u_gemm/gen_fp16.u_fp16/u_result_fifo/entry_memory_reg_0_1_14_27/RAMC_D1
  global lutram RAMD32 vit_system_i/vit_phase_e_axi_0/inst/u_core/u_npu/u_engine/u_gemm/gen_fp16.u_fp16/u_result_fifo/entry_memory_reg_0_1_14_27/RAMD
  global lutram RAMD32 vit_system_i/vit_phase_e_axi_0/inst/u_core/u_npu/u_engine/u_gemm/gen_fp16.u_fp16/u_result_fifo/entry_memory_reg_0_1_14_27/RAMD_D1
  global lutram RAMD32 vit_system_i/vit_phase_e_axi_0/inst/u_core/u_npu/u_engine/u_gemm/gen_fp16.u_fp16/u_result_fifo/entry_memory_reg_0_1_14_27/RAME
  global lutram RAMD32 vit_system_i/vit_phase_e_axi_0/inst/u_core/u_npu/u_engine/u_gemm/gen_fp16.u_fp16/u_result_fifo/entry_memory_reg_0_1_14_27/RAME_D1
  global lutram RAMD32 vit_system_i/vit_phase_e_axi_0/inst/u_core/u_npu/u_engine/u_gemm/gen_fp16.u_fp16/u_result_fifo/entry_memory_reg_0_1_14_27/RAMF
  global lutram RAMD32 vit_system_i/vit_phase_e_axi_0/inst/u_core/u_npu/u_engine/u_gemm/gen_fp16.u_fp16/u_result_fifo/entry_memory_reg_0_1_14_27/RAMF_D1
  global lutram RAMD32 vit_system_i/vit_phase_e_axi_0/inst/u_core/u_npu/u_engine/u_gemm/gen_fp16.u_fp16/u_result_fifo/entry_memory_reg_0_1_14_27/RAMG
  global lutram RAMD32 vit_system_i/vit_phase_e_axi_0/inst/u_core/u_npu/u_engine/u_gemm/gen_fp16.u_fp16/u_result_fifo/entry_memory_reg_0_1_14_27/RAMG_D1
  global lutram RAMS32 vit_system_i/vit_phase_e_axi_0/inst/u_core/u_npu/u_engine/u_gemm/gen_fp16.u_fp16/u_result_fifo/entry_memory_reg_0_1_14_27/RAMH
  global lutram RAMS32 vit_system_i/vit_phase_e_axi_0/inst/u_core/u_npu/u_engine/u_gemm/gen_fp16.u_fp16/u_result_fifo/entry_memory_reg_0_1_14_27/RAMH_D1
  global lutram RAMD32 vit_system_i/vit_phase_e_axi_0/inst/u_core/u_npu/u_engine/u_gemm/gen_fp16.u_fp16/u_result_fifo/entry_memory_reg_0_1_154_167/RAMA
  global lutram RAMD32 vit_system_i/vit_phase_e_axi_0/inst/u_core/u_npu/u_engine/u_gemm/gen_fp16.u_fp16/u_result_fifo/entry_memory_reg_0_1_154_167/RAMA_D1
  global lutram RAMD32 vit_system_i/vit_phase_e_axi_0/inst/u_core/u_npu/u_engine/u_gemm/gen_fp16.u_fp16/u_result_fifo/entry_memory_reg_0_1_154_167/RAMB
  global lutram RAMD32 vit_system_i/vit_phase_e_axi_0/inst/u_core/u_npu/u_engine/u_gemm/gen_fp16.u_fp16/u_result_fifo/entry_memory_reg_0_1_154_167/RAMB_D1
  global lutram RAMD32 vit_system_i/vit_phase_e_axi_0/inst/u_core/u_npu/u_engine/u_gemm/gen_fp16.u_fp16/u_result_fifo/entry_memory_reg_0_1_154_167/RAMC
  global lutram RAMD32 vit_system_i/vit_phase_e_axi_0/inst/u_core/u_npu/u_engine/u_gemm/gen_fp16.u_fp16/u_result_fifo/entry_memory_reg_0_1_154_167/RAMC_D1
  global lutram RAMD32 vit_system_i/vit_phase_e_axi_0/inst/u_core/u_npu/u_engine/u_gemm/gen_fp16.u_fp16/u_result_fifo/entry_memory_reg_0_1_154_167/RAMD
  global lutram RAMD32 vit_system_i/vit_phase_e_axi_0/inst/u_core/u_npu/u_engine/u_gemm/gen_fp16.u_fp16/u_result_fifo/entry_memory_reg_0_1_154_167/RAMD_D1
  global lutram RAMD32 vit_system_i/vit_phase_e_axi_0/inst/u_core/u_npu/u_engine/u_gemm/gen_fp16.u_fp16/u_result_fifo/entry_memory_reg_0_1_154_167/RAME
  global lutram RAMD32 vit_system_i/vit_phase_e_axi_0/inst/u_core/u_npu/u_engine/u_gemm/gen_fp16.u_fp16/u_result_fifo/entry_memory_reg_0_1_154_167/RAME_D1
  global lutram RAMD32 vit_system_i/vit_phase_e_axi_0/inst/u_core/u_npu/u_engine/u_gemm/gen_fp16.u_fp16/u_result_fifo/entry_memory_reg_0_1_154_167/RAMF
  global lutram RAMD32 vit_system_i/vit_phase_e_axi_0/inst/u_core/u_npu/u_engine/u_gemm/gen_fp16.u_fp16/u_result_fifo/entry_memory_reg_0_1_154_167/RAMF_D1
  global lutram RAMD32 vit_system_i/vit_phase_e_axi_0/inst/u_core/u_npu/u_engine/u_gemm/gen_fp16.u_fp16/u_result_fifo/entry_memory_reg_0_1_154_167/RAMG
  global lutram RAMD32 vit_system_i/vit_phase_e_axi_0/inst/u_core/u_npu/u_engine/u_gemm/gen_fp16.u_fp16/u_result_fifo/entry_memory_reg_0_1_154_167/RAMG_D1
  global lutram RAMS32 vit_system_i/vit_phase_e_axi_0/inst/u_core/u_npu/u_engine/u_gemm/gen_fp16.u_fp16/u_result_fifo/entry_memory_reg_0_1_154_167/RAMH
  global lutram RAMS32 vit_system_i/vit_phase_e_axi_0/inst/u_core/u_npu/u_engine/u_gemm/gen_fp16.u_fp16/u_result_fifo/entry_memory_reg_0_1_154_167/RAMH_D1
  global lutram RAMD32 vit_system_i/vit_phase_e_axi_0/inst/u_core/u_npu/u_engine/u_gemm/gen_fp16.u_fp16/u_result_fifo/entry_memory_reg_0_1_168_181/RAMA
  global lutram RAMD32 vit_system_i/vit_phase_e_axi_0/inst/u_core/u_npu/u_engine/u_gemm/gen_fp16.u_fp16/u_result_fifo/entry_memory_reg_0_1_168_181/RAMA_D1
  global lutram RAMD32 vit_system_i/vit_phase_e_axi_0/inst/u_core/u_npu/u_engine/u_gemm/gen_fp16.u_fp16/u_result_fifo/entry_memory_reg_0_1_168_181/RAMB
  global lutram RAMD32 vit_system_i/vit_phase_e_axi_0/inst/u_core/u_npu/u_engine/u_gemm/gen_fp16.u_fp16/u_result_fifo/entry_memory_reg_0_1_168_181/RAMB_D1
  global lutram RAMD32 vit_system_i/vit_phase_e_axi_0/inst/u_core/u_npu/u_engine/u_gemm/gen_fp16.u_fp16/u_result_fifo/entry_memory_reg_0_1_168_181/RAMC
  global lutram RAMD32 vit_system_i/vit_phase_e_axi_0/inst/u_core/u_npu/u_engine/u_gemm/gen_fp16.u_fp16/u_result_fifo/entry_memory_reg_0_1_168_181/RAMC_D1
  global lutram RAMD32 vit_system_i/vit_phase_e_axi_0/inst/u_core/u_npu/u_engine/u_gemm/gen_fp16.u_fp16/u_result_fifo/entry_memory_reg_0_1_168_181/RAMD
  global lutram RAMD32 vit_system_i/vit_phase_e_axi_0/inst/u_core/u_npu/u_engine/u_gemm/gen_fp16.u_fp16/u_result_fifo/entry_memory_reg_0_1_168_181/RAMD_D1
  global lutram RAMD32 vit_system_i/vit_phase_e_axi_0/inst/u_core/u_npu/u_engine/u_gemm/gen_fp16.u_fp16/u_result_fifo/entry_memory_reg_0_1_168_181/RAME
  global lutram RAMD32 vit_system_i/vit_phase_e_axi_0/inst/u_core/u_npu/u_engine/u_gemm/gen_fp16.u_fp16/u_result_fifo/entry_memory_reg_0_1_168_181/RAME_D1
  global lutram RAMD32 vit_system_i/vit_phase_e_axi_0/inst/u_core/u_npu/u_engine/u_gemm/gen_fp16.u_fp16/u_result_fifo/entry_memory_reg_0_1_168_181/RAMF
  global lutram RAMD32 vit_system_i/vit_phase_e_axi_0/inst/u_core/u_npu/u_engine/u_gemm/gen_fp16.u_fp16/u_result_fifo/entry_memory_reg_0_1_168_181/RAMF_D1
  global lutram RAMD32 vit_system_i/vit_phase_e_axi_0/inst/u_core/u_npu/u_engine/u_gemm/gen_fp16.u_fp16/u_result_fifo/entry_memory_reg_0_1_168_181/RAMG
  global lutram RAMD32 vit_system_i/vit_phase_e_axi_0/inst/u_core/u_npu/u_engine/u_gemm/gen_fp16.u_fp16/u_result_fifo/entry_memory_reg_0_1_168_181/RAMG_D1
  global lutram RAMS32 vit_system_i/vit_phase_e_axi_0/inst/u_core/u_npu/u_engine/u_gemm/gen_fp16.u_fp16/u_result_fifo/entry_memory_reg_0_1_168_181/RAMH
  global lutram RAMS32 vit_system_i/vit_phase_e_axi_0/inst/u_core/u_npu/u_engine/u_gemm/gen_fp16.u_fp16/u_result_fifo/entry_memory_reg_0_1_168_181/RAMH_D1
  global lutram RAMD32 vit_system_i/vit_phase_e_axi_0/inst/u_core/u_npu/u_engine/u_gemm/gen_fp16.u_fp16/u_result_fifo/entry_memory_reg_0_1_182_195/RAMA
  global lutram RAMD32 vit_system_i/vit_phase_e_axi_0/inst/u_core/u_npu/u_engine/u_gemm/gen_fp16.u_fp16/u_result_fifo/entry_memory_reg_0_1_182_195/RAMA_D1
  global lutram RAMD32 vit_system_i/vit_phase_e_axi_0/inst/u_core/u_npu/u_engine/u_gemm/gen_fp16.u_fp16/u_result_fifo/entry_memory_reg_0_1_182_195/RAMB
  global lutram RAMD32 vit_system_i/vit_phase_e_axi_0/inst/u_core/u_npu/u_engine/u_gemm/gen_fp16.u_fp16/u_result_fifo/entry_memory_reg_0_1_182_195/RAMB_D1
  global lutram RAMD32 vit_system_i/vit_phase_e_axi_0/inst/u_core/u_npu/u_engine/u_gemm/gen_fp16.u_fp16/u_result_fifo/entry_memory_reg_0_1_182_195/RAMC
  global lutram RAMD32 vit_system_i/vit_phase_e_axi_0/inst/u_core/u_npu/u_engine/u_gemm/gen_fp16.u_fp16/u_result_fifo/entry_memory_reg_0_1_182_195/RAMC_D1
  global lutram RAMD32 vit_system_i/vit_phase_e_axi_0/inst/u_core/u_npu/u_engine/u_gemm/gen_fp16.u_fp16/u_result_fifo/entry_memory_reg_0_1_182_195/RAMD
  global lutram RAMD32 vit_system_i/vit_phase_e_axi_0/inst/u_core/u_npu/u_engine/u_gemm/gen_fp16.u_fp16/u_result_fifo/entry_memory_reg_0_1_182_195/RAMD_D1
  global lutram RAMD32 vit_system_i/vit_phase_e_axi_0/inst/u_core/u_npu/u_engine/u_gemm/gen_fp16.u_fp16/u_result_fifo/entry_memory_reg_0_1_182_195/RAME
  global lutram RAMD32 vit_system_i/vit_phase_e_axi_0/inst/u_core/u_npu/u_engine/u_gemm/gen_fp16.u_fp16/u_result_fifo/entry_memory_reg_0_1_182_195/RAME_D1
  global lutram RAMD32 vit_system_i/vit_phase_e_axi_0/inst/u_core/u_npu/u_engine/u_gemm/gen_fp16.u_fp16/u_result_fifo/entry_memory_reg_0_1_182_195/RAMF
  global lutram RAMD32 vit_system_i/vit_phase_e_axi_0/inst/u_core/u_npu/u_engine/u_gemm/gen_fp16.u_fp16/u_result_fifo/entry_memory_reg_0_1_182_195/RAMF_D1
  global lutram RAMD32 vit_system_i/vit_phase_e_axi_0/inst/u_core/u_npu/u_engine/u_gemm/gen_fp16.u_fp16/u_result_fifo/entry_memory_reg_0_1_182_195/RAMG
  global lutram RAMD32 vit_system_i/vit_phase_e_axi_0/inst/u_core/u_npu/u_engine/u_gemm/gen_fp16.u_fp16/u_result_fifo/entry_memory_reg_0_1_182_195/RAMG_D1
  global lutram RAMS32 vit_system_i/vit_phase_e_axi_0/inst/u_core/u_npu/u_engine/u_gemm/gen_fp16.u_fp16/u_result_fifo/entry_memory_reg_0_1_182_195/RAMH
  global lutram RAMS32 vit_system_i/vit_phase_e_axi_0/inst/u_core/u_npu/u_engine/u_gemm/gen_fp16.u_fp16/u_result_fifo/entry_memory_reg_0_1_182_195/RAMH_D1
  global lutram RAMD32 vit_system_i/vit_phase_e_axi_0/inst/u_core/u_npu/u_engine/u_gemm/gen_fp16.u_fp16/u_result_fifo/entry_memory_reg_0_1_196_209/RAMA
  global lutram RAMD32 vit_system_i/vit_phase_e_axi_0/inst/u_core/u_npu/u_engine/u_gemm/gen_fp16.u_fp16/u_result_fifo/entry_memory_reg_0_1_196_209/RAMA_D1
  global lutram RAMD32 vit_system_i/vit_phase_e_axi_0/inst/u_core/u_npu/u_engine/u_gemm/gen_fp16.u_fp16/u_result_fifo/entry_memory_reg_0_1_196_209/RAMB
  global lutram RAMD32 vit_system_i/vit_phase_e_axi_0/inst/u_core/u_npu/u_engine/u_gemm/gen_fp16.u_fp16/u_result_fifo/entry_memory_reg_0_1_196_209/RAMB_D1
  global lutram RAMD32 vit_system_i/vit_phase_e_axi_0/inst/u_core/u_npu/u_engine/u_gemm/gen_fp16.u_fp16/u_result_fifo/entry_memory_reg_0_1_196_209/RAMC
  global lutram RAMD32 vit_system_i/vit_phase_e_axi_0/inst/u_core/u_npu/u_engine/u_gemm/gen_fp16.u_fp16/u_result_fifo/entry_memory_reg_0_1_196_209/RAMC_D1
  global lutram RAMD32 vit_system_i/vit_phase_e_axi_0/inst/u_core/u_npu/u_engine/u_gemm/gen_fp16.u_fp16/u_result_fifo/entry_memory_reg_0_1_196_209/RAMD
  global lutram RAMD32 vit_system_i/vit_phase_e_axi_0/inst/u_core/u_npu/u_engine/u_gemm/gen_fp16.u_fp16/u_result_fifo/entry_memory_reg_0_1_196_209/RAMD_D1
  global lutram RAMD32 vit_system_i/vit_phase_e_axi_0/inst/u_core/u_npu/u_engine/u_gemm/gen_fp16.u_fp16/u_result_fifo/entry_memory_reg_0_1_196_209/RAME
  global lutram RAMD32 vit_system_i/vit_phase_e_axi_0/inst/u_core/u_npu/u_engine/u_gemm/gen_fp16.u_fp16/u_result_fifo/entry_memory_reg_0_1_196_209/RAME_D1
  global lutram RAMD32 vit_system_i/vit_phase_e_axi_0/inst/u_core/u_npu/u_engine/u_gemm/gen_fp16.u_fp16/u_result_fifo/entry_memory_reg_0_1_196_209/RAMF
  global lutram RAMD32 vit_system_i/vit_phase_e_axi_0/inst/u_core/u_npu/u_engine/u_gemm/gen_fp16.u_fp16/u_result_fifo/entry_memory_reg_0_1_196_209/RAMF_D1
  global lutram RAMD32 vit_system_i/vit_phase_e_axi_0/inst/u_core/u_npu/u_engine/u_gemm/gen_fp16.u_fp16/u_result_fifo/entry_memory_reg_0_1_196_209/RAMG
  global lutram RAMD32 vit_system_i/vit_phase_e_axi_0/inst/u_core/u_npu/u_engine/u_gemm/gen_fp16.u_fp16/u_result_fifo/entry_memory_reg_0_1_196_209/RAMG_D1
  global lutram RAMS32 vit_system_i/vit_phase_e_axi_0/inst/u_core/u_npu/u_engine/u_gemm/gen_fp16.u_fp16/u_result_fifo/entry_memory_reg_0_1_196_209/RAMH
  global lutram RAMS32 vit_system_i/vit_phase_e_axi_0/inst/u_core/u_npu/u_engine/u_gemm/gen_fp16.u_fp16/u_result_fifo/entry_memory_reg_0_1_196_209/RAMH_D1
  global lutram RAMD32 vit_system_i/vit_phase_e_axi_0/inst/u_core/u_npu/u_engine/u_gemm/gen_fp16.u_fp16/u_result_fifo/entry_memory_reg_0_1_210_223/RAMA
  global lutram RAMD32 vit_system_i/vit_phase_e_axi_0/inst/u_core/u_npu/u_engine/u_gemm/gen_fp16.u_fp16/u_result_fifo/entry_memory_reg_0_1_210_223/RAMA_D1
  global lutram RAMD32 vit_system_i/vit_phase_e_axi_0/inst/u_core/u_npu/u_engine/u_gemm/gen_fp16.u_fp16/u_result_fifo/entry_memory_reg_0_1_210_223/RAMB
  global lutram RAMD32 vit_system_i/vit_phase_e_axi_0/inst/u_core/u_npu/u_engine/u_gemm/gen_fp16.u_fp16/u_result_fifo/entry_memory_reg_0_1_210_223/RAMB_D1
  global lutram RAMD32 vit_system_i/vit_phase_e_axi_0/inst/u_core/u_npu/u_engine/u_gemm/gen_fp16.u_fp16/u_result_fifo/entry_memory_reg_0_1_210_223/RAMC
  global lutram RAMD32 vit_system_i/vit_phase_e_axi_0/inst/u_core/u_npu/u_engine/u_gemm/gen_fp16.u_fp16/u_result_fifo/entry_memory_reg_0_1_210_223/RAMC_D1
  global lutram RAMD32 vit_system_i/vit_phase_e_axi_0/inst/u_core/u_npu/u_engine/u_gemm/gen_fp16.u_fp16/u_result_fifo/entry_memory_reg_0_1_210_223/RAMD
  global lutram RAMD32 vit_system_i/vit_phase_e_axi_0/inst/u_core/u_npu/u_engine/u_gemm/gen_fp16.u_fp16/u_result_fifo/entry_memory_reg_0_1_210_223/RAMD_D1
  global lutram RAMD32 vit_system_i/vit_phase_e_axi_0/inst/u_core/u_npu/u_engine/u_gemm/gen_fp16.u_fp16/u_result_fifo/entry_memory_reg_0_1_210_223/RAME
  global lutram RAMD32 vit_system_i/vit_phase_e_axi_0/inst/u_core/u_npu/u_engine/u_gemm/gen_fp16.u_fp16/u_result_fifo/entry_memory_reg_0_1_210_223/RAME_D1
  global lutram RAMD32 vit_system_i/vit_phase_e_axi_0/inst/u_core/u_npu/u_engine/u_gemm/gen_fp16.u_fp16/u_result_fifo/entry_memory_reg_0_1_210_223/RAMF
  global lutram RAMD32 vit_system_i/vit_phase_e_axi_0/inst/u_core/u_npu/u_engine/u_gemm/gen_fp16.u_fp16/u_result_fifo/entry_memory_reg_0_1_210_223/RAMF_D1
  global lutram RAMD32 vit_system_i/vit_phase_e_axi_0/inst/u_core/u_npu/u_engine/u_gemm/gen_fp16.u_fp16/u_result_fifo/entry_memory_reg_0_1_210_223/RAMG
  global lutram RAMD32 vit_system_i/vit_phase_e_axi_0/inst/u_core/u_npu/u_engine/u_gemm/gen_fp16.u_fp16/u_result_fifo/entry_memory_reg_0_1_210_223/RAMG_D1
  global lutram RAMS32 vit_system_i/vit_phase_e_axi_0/inst/u_core/u_npu/u_engine/u_gemm/gen_fp16.u_fp16/u_result_fifo/entry_memory_reg_0_1_210_223/RAMH
  global lutram RAMS32 vit_system_i/vit_phase_e_axi_0/inst/u_core/u_npu/u_engine/u_gemm/gen_fp16.u_fp16/u_result_fifo/entry_memory_reg_0_1_210_223/RAMH_D1
  global lutram RAMD32 vit_system_i/vit_phase_e_axi_0/inst/u_core/u_npu/u_engine/u_gemm/gen_fp16.u_fp16/u_result_fifo/entry_memory_reg_0_1_224_237/RAMA
  global lutram RAMD32 vit_system_i/vit_phase_e_axi_0/inst/u_core/u_npu/u_engine/u_gemm/gen_fp16.u_fp16/u_result_fifo/entry_memory_reg_0_1_224_237/RAMA_D1
  global lutram RAMD32 vit_system_i/vit_phase_e_axi_0/inst/u_core/u_npu/u_engine/u_gemm/gen_fp16.u_fp16/u_result_fifo/entry_memory_reg_0_1_224_237/RAMB
  global lutram RAMD32 vit_system_i/vit_phase_e_axi_0/inst/u_core/u_npu/u_engine/u_gemm/gen_fp16.u_fp16/u_result_fifo/entry_memory_reg_0_1_224_237/RAMB_D1
  global lutram RAMD32 vit_system_i/vit_phase_e_axi_0/inst/u_core/u_npu/u_engine/u_gemm/gen_fp16.u_fp16/u_result_fifo/entry_memory_reg_0_1_224_237/RAMC
  global lutram RAMD32 vit_system_i/vit_phase_e_axi_0/inst/u_core/u_npu/u_engine/u_gemm/gen_fp16.u_fp16/u_result_fifo/entry_memory_reg_0_1_224_237/RAMC_D1
  global lutram RAMD32 vit_system_i/vit_phase_e_axi_0/inst/u_core/u_npu/u_engine/u_gemm/gen_fp16.u_fp16/u_result_fifo/entry_memory_reg_0_1_224_237/RAMD
  global lutram RAMD32 vit_system_i/vit_phase_e_axi_0/inst/u_core/u_npu/u_engine/u_gemm/gen_fp16.u_fp16/u_result_fifo/entry_memory_reg_0_1_224_237/RAMD_D1
  global lutram RAMD32 vit_system_i/vit_phase_e_axi_0/inst/u_core/u_npu/u_engine/u_gemm/gen_fp16.u_fp16/u_result_fifo/entry_memory_reg_0_1_224_237/RAME
  global lutram RAMD32 vit_system_i/vit_phase_e_axi_0/inst/u_core/u_npu/u_engine/u_gemm/gen_fp16.u_fp16/u_result_fifo/entry_memory_reg_0_1_224_237/RAME_D1
  global lutram RAMD32 vit_system_i/vit_phase_e_axi_0/inst/u_core/u_npu/u_engine/u_gemm/gen_fp16.u_fp16/u_result_fifo/entry_memory_reg_0_1_224_237/RAMF
  global lutram RAMD32 vit_system_i/vit_phase_e_axi_0/inst/u_core/u_npu/u_engine/u_gemm/gen_fp16.u_fp16/u_result_fifo/entry_memory_reg_0_1_224_237/RAMF_D1
  global lutram RAMD32 vit_system_i/vit_phase_e_axi_0/inst/u_core/u_npu/u_engine/u_gemm/gen_fp16.u_fp16/u_result_fifo/entry_memory_reg_0_1_224_237/RAMG
  global lutram RAMD32 vit_system_i/vit_phase_e_axi_0/inst/u_core/u_npu/u_engine/u_gemm/gen_fp16.u_fp16/u_result_fifo/entry_memory_reg_0_1_224_237/RAMG_D1
  global lutram RAMS32 vit_system_i/vit_phase_e_axi_0/inst/u_core/u_npu/u_engine/u_gemm/gen_fp16.u_fp16/u_result_fifo/entry_memory_reg_0_1_224_237/RAMH
  global lutram RAMS32 vit_system_i/vit_phase_e_axi_0/inst/u_core/u_npu/u_engine/u_gemm/gen_fp16.u_fp16/u_result_fifo/entry_memory_reg_0_1_224_237/RAMH_D1
  global lutram RAMD32 vit_system_i/vit_phase_e_axi_0/inst/u_core/u_npu/u_engine/u_gemm/gen_fp16.u_fp16/u_result_fifo/entry_memory_reg_0_1_238_251/RAMA
  global lutram RAMD32 vit_system_i/vit_phase_e_axi_0/inst/u_core/u_npu/u_engine/u_gemm/gen_fp16.u_fp16/u_result_fifo/entry_memory_reg_0_1_238_251/RAMA_D1
  global lutram RAMD32 vit_system_i/vit_phase_e_axi_0/inst/u_core/u_npu/u_engine/u_gemm/gen_fp16.u_fp16/u_result_fifo/entry_memory_reg_0_1_238_251/RAMB
  global lutram RAMD32 vit_system_i/vit_phase_e_axi_0/inst/u_core/u_npu/u_engine/u_gemm/gen_fp16.u_fp16/u_result_fifo/entry_memory_reg_0_1_238_251/RAMB_D1
  global lutram RAMD32 vit_system_i/vit_phase_e_axi_0/inst/u_core/u_npu/u_engine/u_gemm/gen_fp16.u_fp16/u_result_fifo/entry_memory_reg_0_1_238_251/RAMC
  global lutram RAMD32 vit_system_i/vit_phase_e_axi_0/inst/u_core/u_npu/u_engine/u_gemm/gen_fp16.u_fp16/u_result_fifo/entry_memory_reg_0_1_238_251/RAMC_D1
  global lutram RAMD32 vit_system_i/vit_phase_e_axi_0/inst/u_core/u_npu/u_engine/u_gemm/gen_fp16.u_fp16/u_result_fifo/entry_memory_reg_0_1_238_251/RAMD
  global lutram RAMD32 vit_system_i/vit_phase_e_axi_0/inst/u_core/u_npu/u_engine/u_gemm/gen_fp16.u_fp16/u_result_fifo/entry_memory_reg_0_1_238_251/RAMD_D1
  global lutram RAMD32 vit_system_i/vit_phase_e_axi_0/inst/u_core/u_npu/u_engine/u_gemm/gen_fp16.u_fp16/u_result_fifo/entry_memory_reg_0_1_238_251/RAME
  global lutram RAMD32 vit_system_i/vit_phase_e_axi_0/inst/u_core/u_npu/u_engine/u_gemm/gen_fp16.u_fp16/u_result_fifo/entry_memory_reg_0_1_238_251/RAME_D1
  global lutram RAMD32 vit_system_i/vit_phase_e_axi_0/inst/u_core/u_npu/u_engine/u_gemm/gen_fp16.u_fp16/u_result_fifo/entry_memory_reg_0_1_238_251/RAMF
  global lutram RAMD32 vit_system_i/vit_phase_e_axi_0/inst/u_core/u_npu/u_engine/u_gemm/gen_fp16.u_fp16/u_result_fifo/entry_memory_reg_0_1_238_251/RAMF_D1
  global lutram RAMD32 vit_system_i/vit_phase_e_axi_0/inst/u_core/u_npu/u_engine/u_gemm/gen_fp16.u_fp16/u_result_fifo/entry_memory_reg_0_1_238_251/RAMG
  global lutram RAMD32 vit_system_i/vit_phase_e_axi_0/inst/u_core/u_npu/u_engine/u_gemm/gen_fp16.u_fp16/u_result_fifo/entry_memory_reg_0_1_238_251/RAMG_D1
  global lutram RAMS32 vit_system_i/vit_phase_e_axi_0/inst/u_core/u_npu/u_engine/u_gemm/gen_fp16.u_fp16/u_result_fifo/entry_memory_reg_0_1_238_251/RAMH
  global lutram RAMS32 vit_system_i/vit_phase_e_axi_0/inst/u_core/u_npu/u_engine/u_gemm/gen_fp16.u_fp16/u_result_fifo/entry_memory_reg_0_1_238_251/RAMH_D1
  global lutram RAMD32 vit_system_i/vit_phase_e_axi_0/inst/u_core/u_npu/u_engine/u_gemm/gen_fp16.u_fp16/u_result_fifo/entry_memory_reg_0_1_252_265/RAMA
  global lutram RAMD32 vit_system_i/vit_phase_e_axi_0/inst/u_core/u_npu/u_engine/u_gemm/gen_fp16.u_fp16/u_result_fifo/entry_memory_reg_0_1_252_265/RAMA_D1
  global lutram RAMD32 vit_system_i/vit_phase_e_axi_0/inst/u_core/u_npu/u_engine/u_gemm/gen_fp16.u_fp16/u_result_fifo/entry_memory_reg_0_1_252_265/RAMB
  global lutram RAMD32 vit_system_i/vit_phase_e_axi_0/inst/u_core/u_npu/u_engine/u_gemm/gen_fp16.u_fp16/u_result_fifo/entry_memory_reg_0_1_252_265/RAMB_D1
  global lutram RAMD32 vit_system_i/vit_phase_e_axi_0/inst/u_core/u_npu/u_engine/u_gemm/gen_fp16.u_fp16/u_result_fifo/entry_memory_reg_0_1_252_265/RAMC
  global lutram RAMD32 vit_system_i/vit_phase_e_axi_0/inst/u_core/u_npu/u_engine/u_gemm/gen_fp16.u_fp16/u_result_fifo/entry_memory_reg_0_1_252_265/RAMC_D1
  global lutram RAMD32 vit_system_i/vit_phase_e_axi_0/inst/u_core/u_npu/u_engine/u_gemm/gen_fp16.u_fp16/u_result_fifo/entry_memory_reg_0_1_252_265/RAMD
  global lutram RAMD32 vit_system_i/vit_phase_e_axi_0/inst/u_core/u_npu/u_engine/u_gemm/gen_fp16.u_fp16/u_result_fifo/entry_memory_reg_0_1_252_265/RAMD_D1
  global lutram RAMD32 vit_system_i/vit_phase_e_axi_0/inst/u_core/u_npu/u_engine/u_gemm/gen_fp16.u_fp16/u_result_fifo/entry_memory_reg_0_1_252_265/RAME
  global lutram RAMD32 vit_system_i/vit_phase_e_axi_0/inst/u_core/u_npu/u_engine/u_gemm/gen_fp16.u_fp16/u_result_fifo/entry_memory_reg_0_1_252_265/RAME_D1
  global lutram RAMD32 vit_system_i/vit_phase_e_axi_0/inst/u_core/u_npu/u_engine/u_gemm/gen_fp16.u_fp16/u_result_fifo/entry_memory_reg_0_1_252_265/RAMF
  global lutram RAMD32 vit_system_i/vit_phase_e_axi_0/inst/u_core/u_npu/u_engine/u_gemm/gen_fp16.u_fp16/u_result_fifo/entry_memory_reg_0_1_252_265/RAMF_D1
  global lutram RAMD32 vit_system_i/vit_phase_e_axi_0/inst/u_core/u_npu/u_engine/u_gemm/gen_fp16.u_fp16/u_result_fifo/entry_memory_reg_0_1_252_265/RAMG
  global lutram RAMD32 vit_system_i/vit_phase_e_axi_0/inst/u_core/u_npu/u_engine/u_gemm/gen_fp16.u_fp16/u_result_fifo/entry_memory_reg_0_1_252_265/RAMG_D1
  global lutram RAMS32 vit_system_i/vit_phase_e_axi_0/inst/u_core/u_npu/u_engine/u_gemm/gen_fp16.u_fp16/u_result_fifo/entry_memory_reg_0_1_252_265/RAMH
  global lutram RAMS32 vit_system_i/vit_phase_e_axi_0/inst/u_core/u_npu/u_engine/u_gemm/gen_fp16.u_fp16/u_result_fifo/entry_memory_reg_0_1_252_265/RAMH_D1
  global lutram RAMD32 vit_system_i/vit_phase_e_axi_0/inst/u_core/u_npu/u_engine/u_gemm/gen_fp16.u_fp16/u_result_fifo/entry_memory_reg_0_1_266_279/RAMA
  global lutram RAMD32 vit_system_i/vit_phase_e_axi_0/inst/u_core/u_npu/u_engine/u_gemm/gen_fp16.u_fp16/u_result_fifo/entry_memory_reg_0_1_266_279/RAMA_D1
  global lutram RAMD32 vit_system_i/vit_phase_e_axi_0/inst/u_core/u_npu/u_engine/u_gemm/gen_fp16.u_fp16/u_result_fifo/entry_memory_reg_0_1_266_279/RAMB
  global lutram RAMD32 vit_system_i/vit_phase_e_axi_0/inst/u_core/u_npu/u_engine/u_gemm/gen_fp16.u_fp16/u_result_fifo/entry_memory_reg_0_1_266_279/RAMB_D1
  global lutram RAMD32 vit_system_i/vit_phase_e_axi_0/inst/u_core/u_npu/u_engine/u_gemm/gen_fp16.u_fp16/u_result_fifo/entry_memory_reg_0_1_266_279/RAMC
  global lutram RAMD32 vit_system_i/vit_phase_e_axi_0/inst/u_core/u_npu/u_engine/u_gemm/gen_fp16.u_fp16/u_result_fifo/entry_memory_reg_0_1_266_279/RAMC_D1
  global lutram RAMD32 vit_system_i/vit_phase_e_axi_0/inst/u_core/u_npu/u_engine/u_gemm/gen_fp16.u_fp16/u_result_fifo/entry_memory_reg_0_1_266_279/RAMD
  global lutram RAMD32 vit_system_i/vit_phase_e_axi_0/inst/u_core/u_npu/u_engine/u_gemm/gen_fp16.u_fp16/u_result_fifo/entry_memory_reg_0_1_266_279/RAMD_D1
  global lutram RAMD32 vit_system_i/vit_phase_e_axi_0/inst/u_core/u_npu/u_engine/u_gemm/gen_fp16.u_fp16/u_result_fifo/entry_memory_reg_0_1_266_279/RAME
  global lutram RAMD32 vit_system_i/vit_phase_e_axi_0/inst/u_core/u_npu/u_engine/u_gemm/gen_fp16.u_fp16/u_result_fifo/entry_memory_reg_0_1_266_279/RAME_D1
  global lutram RAMD32 vit_system_i/vit_phase_e_axi_0/inst/u_core/u_npu/u_engine/u_gemm/gen_fp16.u_fp16/u_result_fifo/entry_memory_reg_0_1_266_279/RAMF
  global lutram RAMD32 vit_system_i/vit_phase_e_axi_0/inst/u_core/u_npu/u_engine/u_gemm/gen_fp16.u_fp16/u_result_fifo/entry_memory_reg_0_1_266_279/RAMF_D1
  global lutram RAMD32 vit_system_i/vit_phase_e_axi_0/inst/u_core/u_npu/u_engine/u_gemm/gen_fp16.u_fp16/u_result_fifo/entry_memory_reg_0_1_266_279/RAMG
  global lutram RAMD32 vit_system_i/vit_phase_e_axi_0/inst/u_core/u_npu/u_engine/u_gemm/gen_fp16.u_fp16/u_result_fifo/entry_memory_reg_0_1_266_279/RAMG_D1
  global lutram RAMS32 vit_system_i/vit_phase_e_axi_0/inst/u_core/u_npu/u_engine/u_gemm/gen_fp16.u_fp16/u_result_fifo/entry_memory_reg_0_1_266_279/RAMH
  global lutram RAMS32 vit_system_i/vit_phase_e_axi_0/inst/u_core/u_npu/u_engine/u_gemm/gen_fp16.u_fp16/u_result_fifo/entry_memory_reg_0_1_266_279/RAMH_D1
  global lutram RAMD32 vit_system_i/vit_phase_e_axi_0/inst/u_core/u_npu/u_engine/u_gemm/gen_fp16.u_fp16/u_result_fifo/entry_memory_reg_0_1_280_293/RAMA
  global lutram RAMD32 vit_system_i/vit_phase_e_axi_0/inst/u_core/u_npu/u_engine/u_gemm/gen_fp16.u_fp16/u_result_fifo/entry_memory_reg_0_1_280_293/RAMA_D1
  global lutram RAMD32 vit_system_i/vit_phase_e_axi_0/inst/u_core/u_npu/u_engine/u_gemm/gen_fp16.u_fp16/u_result_fifo/entry_memory_reg_0_1_280_293/RAMB
  global lutram RAMD32 vit_system_i/vit_phase_e_axi_0/inst/u_core/u_npu/u_engine/u_gemm/gen_fp16.u_fp16/u_result_fifo/entry_memory_reg_0_1_280_293/RAMB_D1
  global lutram RAMD32 vit_system_i/vit_phase_e_axi_0/inst/u_core/u_npu/u_engine/u_gemm/gen_fp16.u_fp16/u_result_fifo/entry_memory_reg_0_1_280_293/RAMC
  global lutram RAMD32 vit_system_i/vit_phase_e_axi_0/inst/u_core/u_npu/u_engine/u_gemm/gen_fp16.u_fp16/u_result_fifo/entry_memory_reg_0_1_280_293/RAMC_D1
  global lutram RAMD32 vit_system_i/vit_phase_e_axi_0/inst/u_core/u_npu/u_engine/u_gemm/gen_fp16.u_fp16/u_result_fifo/entry_memory_reg_0_1_280_293/RAMD
  global lutram RAMD32 vit_system_i/vit_phase_e_axi_0/inst/u_core/u_npu/u_engine/u_gemm/gen_fp16.u_fp16/u_result_fifo/entry_memory_reg_0_1_280_293/RAMD_D1
  global lutram RAMD32 vit_system_i/vit_phase_e_axi_0/inst/u_core/u_npu/u_engine/u_gemm/gen_fp16.u_fp16/u_result_fifo/entry_memory_reg_0_1_280_293/RAME
  global lutram RAMD32 vit_system_i/vit_phase_e_axi_0/inst/u_core/u_npu/u_engine/u_gemm/gen_fp16.u_fp16/u_result_fifo/entry_memory_reg_0_1_280_293/RAME_D1
  global lutram RAMD32 vit_system_i/vit_phase_e_axi_0/inst/u_core/u_npu/u_engine/u_gemm/gen_fp16.u_fp16/u_result_fifo/entry_memory_reg_0_1_280_293/RAMF
  global lutram RAMD32 vit_system_i/vit_phase_e_axi_0/inst/u_core/u_npu/u_engine/u_gemm/gen_fp16.u_fp16/u_result_fifo/entry_memory_reg_0_1_280_293/RAMF_D1
  global lutram RAMD32 vit_system_i/vit_phase_e_axi_0/inst/u_core/u_npu/u_engine/u_gemm/gen_fp16.u_fp16/u_result_fifo/entry_memory_reg_0_1_280_293/RAMG
  global lutram RAMD32 vit_system_i/vit_phase_e_axi_0/inst/u_core/u_npu/u_engine/u_gemm/gen_fp16.u_fp16/u_result_fifo/entry_memory_reg_0_1_280_293/RAMG_D1
  global lutram RAMS32 vit_system_i/vit_phase_e_axi_0/inst/u_core/u_npu/u_engine/u_gemm/gen_fp16.u_fp16/u_result_fifo/entry_memory_reg_0_1_280_293/RAMH
  global lutram RAMS32 vit_system_i/vit_phase_e_axi_0/inst/u_core/u_npu/u_engine/u_gemm/gen_fp16.u_fp16/u_result_fifo/entry_memory_reg_0_1_280_293/RAMH_D1
  global lutram RAMD32 vit_system_i/vit_phase_e_axi_0/inst/u_core/u_npu/u_engine/u_gemm/gen_fp16.u_fp16/u_result_fifo/entry_memory_reg_0_1_28_41/RAMA
  global lutram RAMD32 vit_system_i/vit_phase_e_axi_0/inst/u_core/u_npu/u_engine/u_gemm/gen_fp16.u_fp16/u_result_fifo/entry_memory_reg_0_1_28_41/RAMA_D1
  global lutram RAMD32 vit_system_i/vit_phase_e_axi_0/inst/u_core/u_npu/u_engine/u_gemm/gen_fp16.u_fp16/u_result_fifo/entry_memory_reg_0_1_28_41/RAMB
  global lutram RAMD32 vit_system_i/vit_phase_e_axi_0/inst/u_core/u_npu/u_engine/u_gemm/gen_fp16.u_fp16/u_result_fifo/entry_memory_reg_0_1_28_41/RAMB_D1
  global lutram RAMD32 vit_system_i/vit_phase_e_axi_0/inst/u_core/u_npu/u_engine/u_gemm/gen_fp16.u_fp16/u_result_fifo/entry_memory_reg_0_1_28_41/RAMC
  global lutram RAMD32 vit_system_i/vit_phase_e_axi_0/inst/u_core/u_npu/u_engine/u_gemm/gen_fp16.u_fp16/u_result_fifo/entry_memory_reg_0_1_28_41/RAMC_D1
  global lutram RAMD32 vit_system_i/vit_phase_e_axi_0/inst/u_core/u_npu/u_engine/u_gemm/gen_fp16.u_fp16/u_result_fifo/entry_memory_reg_0_1_28_41/RAMD
  global lutram RAMD32 vit_system_i/vit_phase_e_axi_0/inst/u_core/u_npu/u_engine/u_gemm/gen_fp16.u_fp16/u_result_fifo/entry_memory_reg_0_1_28_41/RAMD_D1
  global lutram RAMD32 vit_system_i/vit_phase_e_axi_0/inst/u_core/u_npu/u_engine/u_gemm/gen_fp16.u_fp16/u_result_fifo/entry_memory_reg_0_1_28_41/RAME
  global lutram RAMD32 vit_system_i/vit_phase_e_axi_0/inst/u_core/u_npu/u_engine/u_gemm/gen_fp16.u_fp16/u_result_fifo/entry_memory_reg_0_1_28_41/RAME_D1
  global lutram RAMD32 vit_system_i/vit_phase_e_axi_0/inst/u_core/u_npu/u_engine/u_gemm/gen_fp16.u_fp16/u_result_fifo/entry_memory_reg_0_1_28_41/RAMF
  global lutram RAMD32 vit_system_i/vit_phase_e_axi_0/inst/u_core/u_npu/u_engine/u_gemm/gen_fp16.u_fp16/u_result_fifo/entry_memory_reg_0_1_28_41/RAMF_D1
  global lutram RAMD32 vit_system_i/vit_phase_e_axi_0/inst/u_core/u_npu/u_engine/u_gemm/gen_fp16.u_fp16/u_result_fifo/entry_memory_reg_0_1_28_41/RAMG
  global lutram RAMD32 vit_system_i/vit_phase_e_axi_0/inst/u_core/u_npu/u_engine/u_gemm/gen_fp16.u_fp16/u_result_fifo/entry_memory_reg_0_1_28_41/RAMG_D1
  global lutram RAMS32 vit_system_i/vit_phase_e_axi_0/inst/u_core/u_npu/u_engine/u_gemm/gen_fp16.u_fp16/u_result_fifo/entry_memory_reg_0_1_28_41/RAMH
  global lutram RAMS32 vit_system_i/vit_phase_e_axi_0/inst/u_core/u_npu/u_engine/u_gemm/gen_fp16.u_fp16/u_result_fifo/entry_memory_reg_0_1_28_41/RAMH_D1
  global lutram RAMD32 vit_system_i/vit_phase_e_axi_0/inst/u_core/u_npu/u_engine/u_gemm/gen_fp16.u_fp16/u_result_fifo/entry_memory_reg_0_1_294_307/RAMA
  global lutram RAMD32 vit_system_i/vit_phase_e_axi_0/inst/u_core/u_npu/u_engine/u_gemm/gen_fp16.u_fp16/u_result_fifo/entry_memory_reg_0_1_294_307/RAMA_D1
  global lutram RAMD32 vit_system_i/vit_phase_e_axi_0/inst/u_core/u_npu/u_engine/u_gemm/gen_fp16.u_fp16/u_result_fifo/entry_memory_reg_0_1_294_307/RAMB
  global lutram RAMD32 vit_system_i/vit_phase_e_axi_0/inst/u_core/u_npu/u_engine/u_gemm/gen_fp16.u_fp16/u_result_fifo/entry_memory_reg_0_1_294_307/RAMB_D1
  global lutram RAMD32 vit_system_i/vit_phase_e_axi_0/inst/u_core/u_npu/u_engine/u_gemm/gen_fp16.u_fp16/u_result_fifo/entry_memory_reg_0_1_294_307/RAMC
  global lutram RAMD32 vit_system_i/vit_phase_e_axi_0/inst/u_core/u_npu/u_engine/u_gemm/gen_fp16.u_fp16/u_result_fifo/entry_memory_reg_0_1_294_307/RAMC_D1
  global lutram RAMD32 vit_system_i/vit_phase_e_axi_0/inst/u_core/u_npu/u_engine/u_gemm/gen_fp16.u_fp16/u_result_fifo/entry_memory_reg_0_1_294_307/RAMD
  global lutram RAMD32 vit_system_i/vit_phase_e_axi_0/inst/u_core/u_npu/u_engine/u_gemm/gen_fp16.u_fp16/u_result_fifo/entry_memory_reg_0_1_294_307/RAMD_D1
  global lutram RAMD32 vit_system_i/vit_phase_e_axi_0/inst/u_core/u_npu/u_engine/u_gemm/gen_fp16.u_fp16/u_result_fifo/entry_memory_reg_0_1_294_307/RAME
  global lutram RAMD32 vit_system_i/vit_phase_e_axi_0/inst/u_core/u_npu/u_engine/u_gemm/gen_fp16.u_fp16/u_result_fifo/entry_memory_reg_0_1_294_307/RAME_D1
  global lutram RAMD32 vit_system_i/vit_phase_e_axi_0/inst/u_core/u_npu/u_engine/u_gemm/gen_fp16.u_fp16/u_result_fifo/entry_memory_reg_0_1_294_307/RAMF
  global lutram RAMD32 vit_system_i/vit_phase_e_axi_0/inst/u_core/u_npu/u_engine/u_gemm/gen_fp16.u_fp16/u_result_fifo/entry_memory_reg_0_1_294_307/RAMF_D1
  global lutram RAMD32 vit_system_i/vit_phase_e_axi_0/inst/u_core/u_npu/u_engine/u_gemm/gen_fp16.u_fp16/u_result_fifo/entry_memory_reg_0_1_294_307/RAMG
  global lutram RAMD32 vit_system_i/vit_phase_e_axi_0/inst/u_core/u_npu/u_engine/u_gemm/gen_fp16.u_fp16/u_result_fifo/entry_memory_reg_0_1_294_307/RAMG_D1
  global lutram RAMS32 vit_system_i/vit_phase_e_axi_0/inst/u_core/u_npu/u_engine/u_gemm/gen_fp16.u_fp16/u_result_fifo/entry_memory_reg_0_1_294_307/RAMH
  global lutram RAMS32 vit_system_i/vit_phase_e_axi_0/inst/u_core/u_npu/u_engine/u_gemm/gen_fp16.u_fp16/u_result_fifo/entry_memory_reg_0_1_294_307/RAMH_D1
  global lutram RAMD32 vit_system_i/vit_phase_e_axi_0/inst/u_core/u_npu/u_engine/u_gemm/gen_fp16.u_fp16/u_result_fifo/entry_memory_reg_0_1_308_321/RAMA
  global lutram RAMD32 vit_system_i/vit_phase_e_axi_0/inst/u_core/u_npu/u_engine/u_gemm/gen_fp16.u_fp16/u_result_fifo/entry_memory_reg_0_1_308_321/RAMA_D1
  global lutram RAMD32 vit_system_i/vit_phase_e_axi_0/inst/u_core/u_npu/u_engine/u_gemm/gen_fp16.u_fp16/u_result_fifo/entry_memory_reg_0_1_308_321/RAMB
  global lutram RAMD32 vit_system_i/vit_phase_e_axi_0/inst/u_core/u_npu/u_engine/u_gemm/gen_fp16.u_fp16/u_result_fifo/entry_memory_reg_0_1_308_321/RAMB_D1
  global lutram RAMD32 vit_system_i/vit_phase_e_axi_0/inst/u_core/u_npu/u_engine/u_gemm/gen_fp16.u_fp16/u_result_fifo/entry_memory_reg_0_1_308_321/RAMC
  global lutram RAMD32 vit_system_i/vit_phase_e_axi_0/inst/u_core/u_npu/u_engine/u_gemm/gen_fp16.u_fp16/u_result_fifo/entry_memory_reg_0_1_308_321/RAMC_D1
  global lutram RAMD32 vit_system_i/vit_phase_e_axi_0/inst/u_core/u_npu/u_engine/u_gemm/gen_fp16.u_fp16/u_result_fifo/entry_memory_reg_0_1_308_321/RAMD
  global lutram RAMD32 vit_system_i/vit_phase_e_axi_0/inst/u_core/u_npu/u_engine/u_gemm/gen_fp16.u_fp16/u_result_fifo/entry_memory_reg_0_1_308_321/RAMD_D1
  global lutram RAMD32 vit_system_i/vit_phase_e_axi_0/inst/u_core/u_npu/u_engine/u_gemm/gen_fp16.u_fp16/u_result_fifo/entry_memory_reg_0_1_308_321/RAME
  global lutram RAMD32 vit_system_i/vit_phase_e_axi_0/inst/u_core/u_npu/u_engine/u_gemm/gen_fp16.u_fp16/u_result_fifo/entry_memory_reg_0_1_308_321/RAME_D1
  global lutram RAMD32 vit_system_i/vit_phase_e_axi_0/inst/u_core/u_npu/u_engine/u_gemm/gen_fp16.u_fp16/u_result_fifo/entry_memory_reg_0_1_308_321/RAMF
  global lutram RAMD32 vit_system_i/vit_phase_e_axi_0/inst/u_core/u_npu/u_engine/u_gemm/gen_fp16.u_fp16/u_result_fifo/entry_memory_reg_0_1_308_321/RAMF_D1
  global lutram RAMD32 vit_system_i/vit_phase_e_axi_0/inst/u_core/u_npu/u_engine/u_gemm/gen_fp16.u_fp16/u_result_fifo/entry_memory_reg_0_1_308_321/RAMG
  global lutram RAMD32 vit_system_i/vit_phase_e_axi_0/inst/u_core/u_npu/u_engine/u_gemm/gen_fp16.u_fp16/u_result_fifo/entry_memory_reg_0_1_308_321/RAMG_D1
  global lutram RAMS32 vit_system_i/vit_phase_e_axi_0/inst/u_core/u_npu/u_engine/u_gemm/gen_fp16.u_fp16/u_result_fifo/entry_memory_reg_0_1_308_321/RAMH
  global lutram RAMS32 vit_system_i/vit_phase_e_axi_0/inst/u_core/u_npu/u_engine/u_gemm/gen_fp16.u_fp16/u_result_fifo/entry_memory_reg_0_1_308_321/RAMH_D1
  global lutram RAMD32 vit_system_i/vit_phase_e_axi_0/inst/u_core/u_npu/u_engine/u_gemm/gen_fp16.u_fp16/u_result_fifo/entry_memory_reg_0_1_322_335/RAMA
  global lutram RAMD32 vit_system_i/vit_phase_e_axi_0/inst/u_core/u_npu/u_engine/u_gemm/gen_fp16.u_fp16/u_result_fifo/entry_memory_reg_0_1_322_335/RAMA_D1
  global lutram RAMD32 vit_system_i/vit_phase_e_axi_0/inst/u_core/u_npu/u_engine/u_gemm/gen_fp16.u_fp16/u_result_fifo/entry_memory_reg_0_1_322_335/RAMB
  global lutram RAMD32 vit_system_i/vit_phase_e_axi_0/inst/u_core/u_npu/u_engine/u_gemm/gen_fp16.u_fp16/u_result_fifo/entry_memory_reg_0_1_322_335/RAMB_D1
  global lutram RAMD32 vit_system_i/vit_phase_e_axi_0/inst/u_core/u_npu/u_engine/u_gemm/gen_fp16.u_fp16/u_result_fifo/entry_memory_reg_0_1_322_335/RAMC
  global lutram RAMD32 vit_system_i/vit_phase_e_axi_0/inst/u_core/u_npu/u_engine/u_gemm/gen_fp16.u_fp16/u_result_fifo/entry_memory_reg_0_1_322_335/RAMC_D1
  global lutram RAMD32 vit_system_i/vit_phase_e_axi_0/inst/u_core/u_npu/u_engine/u_gemm/gen_fp16.u_fp16/u_result_fifo/entry_memory_reg_0_1_322_335/RAMD
  global lutram RAMD32 vit_system_i/vit_phase_e_axi_0/inst/u_core/u_npu/u_engine/u_gemm/gen_fp16.u_fp16/u_result_fifo/entry_memory_reg_0_1_322_335/RAMD_D1
  global lutram RAMD32 vit_system_i/vit_phase_e_axi_0/inst/u_core/u_npu/u_engine/u_gemm/gen_fp16.u_fp16/u_result_fifo/entry_memory_reg_0_1_322_335/RAME
  global lutram RAMD32 vit_system_i/vit_phase_e_axi_0/inst/u_core/u_npu/u_engine/u_gemm/gen_fp16.u_fp16/u_result_fifo/entry_memory_reg_0_1_322_335/RAME_D1
  global lutram RAMD32 vit_system_i/vit_phase_e_axi_0/inst/u_core/u_npu/u_engine/u_gemm/gen_fp16.u_fp16/u_result_fifo/entry_memory_reg_0_1_322_335/RAMF
  global lutram RAMD32 vit_system_i/vit_phase_e_axi_0/inst/u_core/u_npu/u_engine/u_gemm/gen_fp16.u_fp16/u_result_fifo/entry_memory_reg_0_1_322_335/RAMF_D1
  global lutram RAMD32 vit_system_i/vit_phase_e_axi_0/inst/u_core/u_npu/u_engine/u_gemm/gen_fp16.u_fp16/u_result_fifo/entry_memory_reg_0_1_322_335/RAMG
  global lutram RAMD32 vit_system_i/vit_phase_e_axi_0/inst/u_core/u_npu/u_engine/u_gemm/gen_fp16.u_fp16/u_result_fifo/entry_memory_reg_0_1_322_335/RAMG_D1
  global lutram RAMS32 vit_system_i/vit_phase_e_axi_0/inst/u_core/u_npu/u_engine/u_gemm/gen_fp16.u_fp16/u_result_fifo/entry_memory_reg_0_1_322_335/RAMH
  global lutram RAMS32 vit_system_i/vit_phase_e_axi_0/inst/u_core/u_npu/u_engine/u_gemm/gen_fp16.u_fp16/u_result_fifo/entry_memory_reg_0_1_322_335/RAMH_D1
  global lutram RAMD32 vit_system_i/vit_phase_e_axi_0/inst/u_core/u_npu/u_engine/u_gemm/gen_fp16.u_fp16/u_result_fifo/entry_memory_reg_0_1_336_349/RAMA
  global lutram RAMD32 vit_system_i/vit_phase_e_axi_0/inst/u_core/u_npu/u_engine/u_gemm/gen_fp16.u_fp16/u_result_fifo/entry_memory_reg_0_1_336_349/RAMA_D1
  global lutram RAMD32 vit_system_i/vit_phase_e_axi_0/inst/u_core/u_npu/u_engine/u_gemm/gen_fp16.u_fp16/u_result_fifo/entry_memory_reg_0_1_336_349/RAMB
  global lutram RAMD32 vit_system_i/vit_phase_e_axi_0/inst/u_core/u_npu/u_engine/u_gemm/gen_fp16.u_fp16/u_result_fifo/entry_memory_reg_0_1_336_349/RAMB_D1
  global lutram RAMD32 vit_system_i/vit_phase_e_axi_0/inst/u_core/u_npu/u_engine/u_gemm/gen_fp16.u_fp16/u_result_fifo/entry_memory_reg_0_1_336_349/RAMC
  global lutram RAMD32 vit_system_i/vit_phase_e_axi_0/inst/u_core/u_npu/u_engine/u_gemm/gen_fp16.u_fp16/u_result_fifo/entry_memory_reg_0_1_336_349/RAMC_D1
  global lutram RAMD32 vit_system_i/vit_phase_e_axi_0/inst/u_core/u_npu/u_engine/u_gemm/gen_fp16.u_fp16/u_result_fifo/entry_memory_reg_0_1_336_349/RAMD
  global lutram RAMD32 vit_system_i/vit_phase_e_axi_0/inst/u_core/u_npu/u_engine/u_gemm/gen_fp16.u_fp16/u_result_fifo/entry_memory_reg_0_1_336_349/RAMD_D1
  global lutram RAMD32 vit_system_i/vit_phase_e_axi_0/inst/u_core/u_npu/u_engine/u_gemm/gen_fp16.u_fp16/u_result_fifo/entry_memory_reg_0_1_336_349/RAME
  global lutram RAMD32 vit_system_i/vit_phase_e_axi_0/inst/u_core/u_npu/u_engine/u_gemm/gen_fp16.u_fp16/u_result_fifo/entry_memory_reg_0_1_336_349/RAME_D1
  global lutram RAMD32 vit_system_i/vit_phase_e_axi_0/inst/u_core/u_npu/u_engine/u_gemm/gen_fp16.u_fp16/u_result_fifo/entry_memory_reg_0_1_336_349/RAMF
  global lutram RAMD32 vit_system_i/vit_phase_e_axi_0/inst/u_core/u_npu/u_engine/u_gemm/gen_fp16.u_fp16/u_result_fifo/entry_memory_reg_0_1_336_349/RAMF_D1
  global lutram RAMD32 vit_system_i/vit_phase_e_axi_0/inst/u_core/u_npu/u_engine/u_gemm/gen_fp16.u_fp16/u_result_fifo/entry_memory_reg_0_1_336_349/RAMG
  global lutram RAMD32 vit_system_i/vit_phase_e_axi_0/inst/u_core/u_npu/u_engine/u_gemm/gen_fp16.u_fp16/u_result_fifo/entry_memory_reg_0_1_336_349/RAMG_D1
  global lutram RAMS32 vit_system_i/vit_phase_e_axi_0/inst/u_core/u_npu/u_engine/u_gemm/gen_fp16.u_fp16/u_result_fifo/entry_memory_reg_0_1_336_349/RAMH
  global lutram RAMS32 vit_system_i/vit_phase_e_axi_0/inst/u_core/u_npu/u_engine/u_gemm/gen_fp16.u_fp16/u_result_fifo/entry_memory_reg_0_1_336_349/RAMH_D1
  global lutram RAMD32 vit_system_i/vit_phase_e_axi_0/inst/u_core/u_npu/u_engine/u_gemm/gen_fp16.u_fp16/u_result_fifo/entry_memory_reg_0_1_350_363/RAMA
  global lutram RAMD32 vit_system_i/vit_phase_e_axi_0/inst/u_core/u_npu/u_engine/u_gemm/gen_fp16.u_fp16/u_result_fifo/entry_memory_reg_0_1_350_363/RAMA_D1
  global lutram RAMD32 vit_system_i/vit_phase_e_axi_0/inst/u_core/u_npu/u_engine/u_gemm/gen_fp16.u_fp16/u_result_fifo/entry_memory_reg_0_1_350_363/RAMB
  global lutram RAMD32 vit_system_i/vit_phase_e_axi_0/inst/u_core/u_npu/u_engine/u_gemm/gen_fp16.u_fp16/u_result_fifo/entry_memory_reg_0_1_350_363/RAMB_D1
  global lutram RAMD32 vit_system_i/vit_phase_e_axi_0/inst/u_core/u_npu/u_engine/u_gemm/gen_fp16.u_fp16/u_result_fifo/entry_memory_reg_0_1_350_363/RAMC
  global lutram RAMD32 vit_system_i/vit_phase_e_axi_0/inst/u_core/u_npu/u_engine/u_gemm/gen_fp16.u_fp16/u_result_fifo/entry_memory_reg_0_1_350_363/RAMC_D1
  global lutram RAMD32 vit_system_i/vit_phase_e_axi_0/inst/u_core/u_npu/u_engine/u_gemm/gen_fp16.u_fp16/u_result_fifo/entry_memory_reg_0_1_350_363/RAMD
  global lutram RAMD32 vit_system_i/vit_phase_e_axi_0/inst/u_core/u_npu/u_engine/u_gemm/gen_fp16.u_fp16/u_result_fifo/entry_memory_reg_0_1_350_363/RAMD_D1
  global lutram RAMD32 vit_system_i/vit_phase_e_axi_0/inst/u_core/u_npu/u_engine/u_gemm/gen_fp16.u_fp16/u_result_fifo/entry_memory_reg_0_1_350_363/RAME
  global lutram RAMD32 vit_system_i/vit_phase_e_axi_0/inst/u_core/u_npu/u_engine/u_gemm/gen_fp16.u_fp16/u_result_fifo/entry_memory_reg_0_1_350_363/RAME_D1
  global lutram RAMD32 vit_system_i/vit_phase_e_axi_0/inst/u_core/u_npu/u_engine/u_gemm/gen_fp16.u_fp16/u_result_fifo/entry_memory_reg_0_1_350_363/RAMF
  global lutram RAMD32 vit_system_i/vit_phase_e_axi_0/inst/u_core/u_npu/u_engine/u_gemm/gen_fp16.u_fp16/u_result_fifo/entry_memory_reg_0_1_350_363/RAMF_D1
  global lutram RAMD32 vit_system_i/vit_phase_e_axi_0/inst/u_core/u_npu/u_engine/u_gemm/gen_fp16.u_fp16/u_result_fifo/entry_memory_reg_0_1_350_363/RAMG
  global lutram RAMD32 vit_system_i/vit_phase_e_axi_0/inst/u_core/u_npu/u_engine/u_gemm/gen_fp16.u_fp16/u_result_fifo/entry_memory_reg_0_1_350_363/RAMG_D1
  global lutram RAMS32 vit_system_i/vit_phase_e_axi_0/inst/u_core/u_npu/u_engine/u_gemm/gen_fp16.u_fp16/u_result_fifo/entry_memory_reg_0_1_350_363/RAMH
  global lutram RAMS32 vit_system_i/vit_phase_e_axi_0/inst/u_core/u_npu/u_engine/u_gemm/gen_fp16.u_fp16/u_result_fifo/entry_memory_reg_0_1_350_363/RAMH_D1
  global lutram RAMD32 vit_system_i/vit_phase_e_axi_0/inst/u_core/u_npu/u_engine/u_gemm/gen_fp16.u_fp16/u_result_fifo/entry_memory_reg_0_1_364_377/RAMA
  global lutram RAMD32 vit_system_i/vit_phase_e_axi_0/inst/u_core/u_npu/u_engine/u_gemm/gen_fp16.u_fp16/u_result_fifo/entry_memory_reg_0_1_364_377/RAMA_D1
  global lutram RAMD32 vit_system_i/vit_phase_e_axi_0/inst/u_core/u_npu/u_engine/u_gemm/gen_fp16.u_fp16/u_result_fifo/entry_memory_reg_0_1_364_377/RAMB
  global lutram RAMD32 vit_system_i/vit_phase_e_axi_0/inst/u_core/u_npu/u_engine/u_gemm/gen_fp16.u_fp16/u_result_fifo/entry_memory_reg_0_1_364_377/RAMB_D1
  global lutram RAMD32 vit_system_i/vit_phase_e_axi_0/inst/u_core/u_npu/u_engine/u_gemm/gen_fp16.u_fp16/u_result_fifo/entry_memory_reg_0_1_364_377/RAMC
  global lutram RAMD32 vit_system_i/vit_phase_e_axi_0/inst/u_core/u_npu/u_engine/u_gemm/gen_fp16.u_fp16/u_result_fifo/entry_memory_reg_0_1_364_377/RAMC_D1
  global lutram RAMD32 vit_system_i/vit_phase_e_axi_0/inst/u_core/u_npu/u_engine/u_gemm/gen_fp16.u_fp16/u_result_fifo/entry_memory_reg_0_1_364_377/RAMD
  global lutram RAMD32 vit_system_i/vit_phase_e_axi_0/inst/u_core/u_npu/u_engine/u_gemm/gen_fp16.u_fp16/u_result_fifo/entry_memory_reg_0_1_364_377/RAMD_D1
  global lutram RAMD32 vit_system_i/vit_phase_e_axi_0/inst/u_core/u_npu/u_engine/u_gemm/gen_fp16.u_fp16/u_result_fifo/entry_memory_reg_0_1_364_377/RAME
  global lutram RAMD32 vit_system_i/vit_phase_e_axi_0/inst/u_core/u_npu/u_engine/u_gemm/gen_fp16.u_fp16/u_result_fifo/entry_memory_reg_0_1_364_377/RAME_D1
  global lutram RAMD32 vit_system_i/vit_phase_e_axi_0/inst/u_core/u_npu/u_engine/u_gemm/gen_fp16.u_fp16/u_result_fifo/entry_memory_reg_0_1_364_377/RAMF
  global lutram RAMD32 vit_system_i/vit_phase_e_axi_0/inst/u_core/u_npu/u_engine/u_gemm/gen_fp16.u_fp16/u_result_fifo/entry_memory_reg_0_1_364_377/RAMF_D1
  global lutram RAMD32 vit_system_i/vit_phase_e_axi_0/inst/u_core/u_npu/u_engine/u_gemm/gen_fp16.u_fp16/u_result_fifo/entry_memory_reg_0_1_364_377/RAMG
  global lutram RAMD32 vit_system_i/vit_phase_e_axi_0/inst/u_core/u_npu/u_engine/u_gemm/gen_fp16.u_fp16/u_result_fifo/entry_memory_reg_0_1_364_377/RAMG_D1
  global lutram RAMS32 vit_system_i/vit_phase_e_axi_0/inst/u_core/u_npu/u_engine/u_gemm/gen_fp16.u_fp16/u_result_fifo/entry_memory_reg_0_1_364_377/RAMH
  global lutram RAMS32 vit_system_i/vit_phase_e_axi_0/inst/u_core/u_npu/u_engine/u_gemm/gen_fp16.u_fp16/u_result_fifo/entry_memory_reg_0_1_364_377/RAMH_D1
  global lutram RAMD32 vit_system_i/vit_phase_e_axi_0/inst/u_core/u_npu/u_engine/u_gemm/gen_fp16.u_fp16/u_result_fifo/entry_memory_reg_0_1_378_391/RAMA
  global lutram RAMD32 vit_system_i/vit_phase_e_axi_0/inst/u_core/u_npu/u_engine/u_gemm/gen_fp16.u_fp16/u_result_fifo/entry_memory_reg_0_1_378_391/RAMA_D1
  global lutram RAMD32 vit_system_i/vit_phase_e_axi_0/inst/u_core/u_npu/u_engine/u_gemm/gen_fp16.u_fp16/u_result_fifo/entry_memory_reg_0_1_378_391/RAMB
  global lutram RAMD32 vit_system_i/vit_phase_e_axi_0/inst/u_core/u_npu/u_engine/u_gemm/gen_fp16.u_fp16/u_result_fifo/entry_memory_reg_0_1_378_391/RAMB_D1
  global lutram RAMD32 vit_system_i/vit_phase_e_axi_0/inst/u_core/u_npu/u_engine/u_gemm/gen_fp16.u_fp16/u_result_fifo/entry_memory_reg_0_1_378_391/RAMC
  global lutram RAMD32 vit_system_i/vit_phase_e_axi_0/inst/u_core/u_npu/u_engine/u_gemm/gen_fp16.u_fp16/u_result_fifo/entry_memory_reg_0_1_378_391/RAMC_D1
  global lutram RAMD32 vit_system_i/vit_phase_e_axi_0/inst/u_core/u_npu/u_engine/u_gemm/gen_fp16.u_fp16/u_result_fifo/entry_memory_reg_0_1_378_391/RAMD
  global lutram RAMD32 vit_system_i/vit_phase_e_axi_0/inst/u_core/u_npu/u_engine/u_gemm/gen_fp16.u_fp16/u_result_fifo/entry_memory_reg_0_1_378_391/RAMD_D1
  global lutram RAMD32 vit_system_i/vit_phase_e_axi_0/inst/u_core/u_npu/u_engine/u_gemm/gen_fp16.u_fp16/u_result_fifo/entry_memory_reg_0_1_378_391/RAME
  global lutram RAMD32 vit_system_i/vit_phase_e_axi_0/inst/u_core/u_npu/u_engine/u_gemm/gen_fp16.u_fp16/u_result_fifo/entry_memory_reg_0_1_378_391/RAME_D1
  global lutram RAMD32 vit_system_i/vit_phase_e_axi_0/inst/u_core/u_npu/u_engine/u_gemm/gen_fp16.u_fp16/u_result_fifo/entry_memory_reg_0_1_378_391/RAMF
  global lutram RAMD32 vit_system_i/vit_phase_e_axi_0/inst/u_core/u_npu/u_engine/u_gemm/gen_fp16.u_fp16/u_result_fifo/entry_memory_reg_0_1_378_391/RAMF_D1
  global lutram RAMD32 vit_system_i/vit_phase_e_axi_0/inst/u_core/u_npu/u_engine/u_gemm/gen_fp16.u_fp16/u_result_fifo/entry_memory_reg_0_1_378_391/RAMG
  global lutram RAMD32 vit_system_i/vit_phase_e_axi_0/inst/u_core/u_npu/u_engine/u_gemm/gen_fp16.u_fp16/u_result_fifo/entry_memory_reg_0_1_378_391/RAMG_D1
  global lutram RAMS32 vit_system_i/vit_phase_e_axi_0/inst/u_core/u_npu/u_engine/u_gemm/gen_fp16.u_fp16/u_result_fifo/entry_memory_reg_0_1_378_391/RAMH
  global lutram RAMS32 vit_system_i/vit_phase_e_axi_0/inst/u_core/u_npu/u_engine/u_gemm/gen_fp16.u_fp16/u_result_fifo/entry_memory_reg_0_1_378_391/RAMH_D1
  global lutram RAMD32 vit_system_i/vit_phase_e_axi_0/inst/u_core/u_npu/u_engine/u_gemm/gen_fp16.u_fp16/u_result_fifo/entry_memory_reg_0_1_392_405/RAMA
  global lutram RAMD32 vit_system_i/vit_phase_e_axi_0/inst/u_core/u_npu/u_engine/u_gemm/gen_fp16.u_fp16/u_result_fifo/entry_memory_reg_0_1_392_405/RAMA_D1
  global lutram RAMD32 vit_system_i/vit_phase_e_axi_0/inst/u_core/u_npu/u_engine/u_gemm/gen_fp16.u_fp16/u_result_fifo/entry_memory_reg_0_1_392_405/RAMB
  global lutram RAMD32 vit_system_i/vit_phase_e_axi_0/inst/u_core/u_npu/u_engine/u_gemm/gen_fp16.u_fp16/u_result_fifo/entry_memory_reg_0_1_392_405/RAMB_D1
  global lutram RAMD32 vit_system_i/vit_phase_e_axi_0/inst/u_core/u_npu/u_engine/u_gemm/gen_fp16.u_fp16/u_result_fifo/entry_memory_reg_0_1_392_405/RAMC
  global lutram RAMD32 vit_system_i/vit_phase_e_axi_0/inst/u_core/u_npu/u_engine/u_gemm/gen_fp16.u_fp16/u_result_fifo/entry_memory_reg_0_1_392_405/RAMC_D1
  global lutram RAMD32 vit_system_i/vit_phase_e_axi_0/inst/u_core/u_npu/u_engine/u_gemm/gen_fp16.u_fp16/u_result_fifo/entry_memory_reg_0_1_392_405/RAMD
  global lutram RAMD32 vit_system_i/vit_phase_e_axi_0/inst/u_core/u_npu/u_engine/u_gemm/gen_fp16.u_fp16/u_result_fifo/entry_memory_reg_0_1_392_405/RAMD_D1
  global lutram RAMD32 vit_system_i/vit_phase_e_axi_0/inst/u_core/u_npu/u_engine/u_gemm/gen_fp16.u_fp16/u_result_fifo/entry_memory_reg_0_1_392_405/RAME
  global lutram RAMD32 vit_system_i/vit_phase_e_axi_0/inst/u_core/u_npu/u_engine/u_gemm/gen_fp16.u_fp16/u_result_fifo/entry_memory_reg_0_1_392_405/RAME_D1
  global lutram RAMD32 vit_system_i/vit_phase_e_axi_0/inst/u_core/u_npu/u_engine/u_gemm/gen_fp16.u_fp16/u_result_fifo/entry_memory_reg_0_1_392_405/RAMF
  global lutram RAMD32 vit_system_i/vit_phase_e_axi_0/inst/u_core/u_npu/u_engine/u_gemm/gen_fp16.u_fp16/u_result_fifo/entry_memory_reg_0_1_392_405/RAMF_D1
  global lutram RAMD32 vit_system_i/vit_phase_e_axi_0/inst/u_core/u_npu/u_engine/u_gemm/gen_fp16.u_fp16/u_result_fifo/entry_memory_reg_0_1_392_405/RAMG
  global lutram RAMD32 vit_system_i/vit_phase_e_axi_0/inst/u_core/u_npu/u_engine/u_gemm/gen_fp16.u_fp16/u_result_fifo/entry_memory_reg_0_1_392_405/RAMG_D1
  global lutram RAMS32 vit_system_i/vit_phase_e_axi_0/inst/u_core/u_npu/u_engine/u_gemm/gen_fp16.u_fp16/u_result_fifo/entry_memory_reg_0_1_392_405/RAMH
  global lutram RAMS32 vit_system_i/vit_phase_e_axi_0/inst/u_core/u_npu/u_engine/u_gemm/gen_fp16.u_fp16/u_result_fifo/entry_memory_reg_0_1_392_405/RAMH_D1
  global lutram RAMD32 vit_system_i/vit_phase_e_axi_0/inst/u_core/u_npu/u_engine/u_gemm/gen_fp16.u_fp16/u_result_fifo/entry_memory_reg_0_1_406_419/RAMA
  global lutram RAMD32 vit_system_i/vit_phase_e_axi_0/inst/u_core/u_npu/u_engine/u_gemm/gen_fp16.u_fp16/u_result_fifo/entry_memory_reg_0_1_406_419/RAMA_D1
  global lutram RAMD32 vit_system_i/vit_phase_e_axi_0/inst/u_core/u_npu/u_engine/u_gemm/gen_fp16.u_fp16/u_result_fifo/entry_memory_reg_0_1_406_419/RAMB
  global lutram RAMD32 vit_system_i/vit_phase_e_axi_0/inst/u_core/u_npu/u_engine/u_gemm/gen_fp16.u_fp16/u_result_fifo/entry_memory_reg_0_1_406_419/RAMB_D1
  global lutram RAMD32 vit_system_i/vit_phase_e_axi_0/inst/u_core/u_npu/u_engine/u_gemm/gen_fp16.u_fp16/u_result_fifo/entry_memory_reg_0_1_406_419/RAMC
  global lutram RAMD32 vit_system_i/vit_phase_e_axi_0/inst/u_core/u_npu/u_engine/u_gemm/gen_fp16.u_fp16/u_result_fifo/entry_memory_reg_0_1_406_419/RAMC_D1
  global lutram RAMD32 vit_system_i/vit_phase_e_axi_0/inst/u_core/u_npu/u_engine/u_gemm/gen_fp16.u_fp16/u_result_fifo/entry_memory_reg_0_1_406_419/RAMD
  global lutram RAMD32 vit_system_i/vit_phase_e_axi_0/inst/u_core/u_npu/u_engine/u_gemm/gen_fp16.u_fp16/u_result_fifo/entry_memory_reg_0_1_406_419/RAMD_D1
  global lutram RAMD32 vit_system_i/vit_phase_e_axi_0/inst/u_core/u_npu/u_engine/u_gemm/gen_fp16.u_fp16/u_result_fifo/entry_memory_reg_0_1_406_419/RAME
  global lutram RAMD32 vit_system_i/vit_phase_e_axi_0/inst/u_core/u_npu/u_engine/u_gemm/gen_fp16.u_fp16/u_result_fifo/entry_memory_reg_0_1_406_419/RAME_D1
  global lutram RAMD32 vit_system_i/vit_phase_e_axi_0/inst/u_core/u_npu/u_engine/u_gemm/gen_fp16.u_fp16/u_result_fifo/entry_memory_reg_0_1_406_419/RAMF
  global lutram RAMD32 vit_system_i/vit_phase_e_axi_0/inst/u_core/u_npu/u_engine/u_gemm/gen_fp16.u_fp16/u_result_fifo/entry_memory_reg_0_1_406_419/RAMF_D1
  global lutram RAMD32 vit_system_i/vit_phase_e_axi_0/inst/u_core/u_npu/u_engine/u_gemm/gen_fp16.u_fp16/u_result_fifo/entry_memory_reg_0_1_406_419/RAMG
  global lutram RAMD32 vit_system_i/vit_phase_e_axi_0/inst/u_core/u_npu/u_engine/u_gemm/gen_fp16.u_fp16/u_result_fifo/entry_memory_reg_0_1_406_419/RAMG_D1
  global lutram RAMS32 vit_system_i/vit_phase_e_axi_0/inst/u_core/u_npu/u_engine/u_gemm/gen_fp16.u_fp16/u_result_fifo/entry_memory_reg_0_1_406_419/RAMH
  global lutram RAMS32 vit_system_i/vit_phase_e_axi_0/inst/u_core/u_npu/u_engine/u_gemm/gen_fp16.u_fp16/u_result_fifo/entry_memory_reg_0_1_406_419/RAMH_D1
  global lutram RAMD32 vit_system_i/vit_phase_e_axi_0/inst/u_core/u_npu/u_engine/u_gemm/gen_fp16.u_fp16/u_result_fifo/entry_memory_reg_0_1_420_433/RAMA
  global lutram RAMD32 vit_system_i/vit_phase_e_axi_0/inst/u_core/u_npu/u_engine/u_gemm/gen_fp16.u_fp16/u_result_fifo/entry_memory_reg_0_1_420_433/RAMA_D1
  global lutram RAMD32 vit_system_i/vit_phase_e_axi_0/inst/u_core/u_npu/u_engine/u_gemm/gen_fp16.u_fp16/u_result_fifo/entry_memory_reg_0_1_420_433/RAMB
  global lutram RAMD32 vit_system_i/vit_phase_e_axi_0/inst/u_core/u_npu/u_engine/u_gemm/gen_fp16.u_fp16/u_result_fifo/entry_memory_reg_0_1_420_433/RAMB_D1
  global lutram RAMD32 vit_system_i/vit_phase_e_axi_0/inst/u_core/u_npu/u_engine/u_gemm/gen_fp16.u_fp16/u_result_fifo/entry_memory_reg_0_1_420_433/RAMC
  global lutram RAMD32 vit_system_i/vit_phase_e_axi_0/inst/u_core/u_npu/u_engine/u_gemm/gen_fp16.u_fp16/u_result_fifo/entry_memory_reg_0_1_420_433/RAMC_D1
  global lutram RAMD32 vit_system_i/vit_phase_e_axi_0/inst/u_core/u_npu/u_engine/u_gemm/gen_fp16.u_fp16/u_result_fifo/entry_memory_reg_0_1_420_433/RAMD
  global lutram RAMD32 vit_system_i/vit_phase_e_axi_0/inst/u_core/u_npu/u_engine/u_gemm/gen_fp16.u_fp16/u_result_fifo/entry_memory_reg_0_1_420_433/RAMD_D1
  global lutram RAMD32 vit_system_i/vit_phase_e_axi_0/inst/u_core/u_npu/u_engine/u_gemm/gen_fp16.u_fp16/u_result_fifo/entry_memory_reg_0_1_420_433/RAME
  global lutram RAMD32 vit_system_i/vit_phase_e_axi_0/inst/u_core/u_npu/u_engine/u_gemm/gen_fp16.u_fp16/u_result_fifo/entry_memory_reg_0_1_420_433/RAME_D1
  global lutram RAMD32 vit_system_i/vit_phase_e_axi_0/inst/u_core/u_npu/u_engine/u_gemm/gen_fp16.u_fp16/u_result_fifo/entry_memory_reg_0_1_420_433/RAMF
  global lutram RAMD32 vit_system_i/vit_phase_e_axi_0/inst/u_core/u_npu/u_engine/u_gemm/gen_fp16.u_fp16/u_result_fifo/entry_memory_reg_0_1_420_433/RAMF_D1
  global lutram RAMD32 vit_system_i/vit_phase_e_axi_0/inst/u_core/u_npu/u_engine/u_gemm/gen_fp16.u_fp16/u_result_fifo/entry_memory_reg_0_1_420_433/RAMG
  global lutram RAMD32 vit_system_i/vit_phase_e_axi_0/inst/u_core/u_npu/u_engine/u_gemm/gen_fp16.u_fp16/u_result_fifo/entry_memory_reg_0_1_420_433/RAMG_D1
  global lutram RAMS32 vit_system_i/vit_phase_e_axi_0/inst/u_core/u_npu/u_engine/u_gemm/gen_fp16.u_fp16/u_result_fifo/entry_memory_reg_0_1_420_433/RAMH
  global lutram RAMS32 vit_system_i/vit_phase_e_axi_0/inst/u_core/u_npu/u_engine/u_gemm/gen_fp16.u_fp16/u_result_fifo/entry_memory_reg_0_1_420_433/RAMH_D1
  global lutram RAMD32 vit_system_i/vit_phase_e_axi_0/inst/u_core/u_npu/u_engine/u_gemm/gen_fp16.u_fp16/u_result_fifo/entry_memory_reg_0_1_42_55/RAMA
  global lutram RAMD32 vit_system_i/vit_phase_e_axi_0/inst/u_core/u_npu/u_engine/u_gemm/gen_fp16.u_fp16/u_result_fifo/entry_memory_reg_0_1_42_55/RAMA_D1
  global lutram RAMD32 vit_system_i/vit_phase_e_axi_0/inst/u_core/u_npu/u_engine/u_gemm/gen_fp16.u_fp16/u_result_fifo/entry_memory_reg_0_1_42_55/RAMB
  global lutram RAMD32 vit_system_i/vit_phase_e_axi_0/inst/u_core/u_npu/u_engine/u_gemm/gen_fp16.u_fp16/u_result_fifo/entry_memory_reg_0_1_42_55/RAMB_D1
  global lutram RAMD32 vit_system_i/vit_phase_e_axi_0/inst/u_core/u_npu/u_engine/u_gemm/gen_fp16.u_fp16/u_result_fifo/entry_memory_reg_0_1_42_55/RAMC
  global lutram RAMD32 vit_system_i/vit_phase_e_axi_0/inst/u_core/u_npu/u_engine/u_gemm/gen_fp16.u_fp16/u_result_fifo/entry_memory_reg_0_1_42_55/RAMC_D1
  global lutram RAMD32 vit_system_i/vit_phase_e_axi_0/inst/u_core/u_npu/u_engine/u_gemm/gen_fp16.u_fp16/u_result_fifo/entry_memory_reg_0_1_42_55/RAMD
  global lutram RAMD32 vit_system_i/vit_phase_e_axi_0/inst/u_core/u_npu/u_engine/u_gemm/gen_fp16.u_fp16/u_result_fifo/entry_memory_reg_0_1_42_55/RAMD_D1
  global lutram RAMD32 vit_system_i/vit_phase_e_axi_0/inst/u_core/u_npu/u_engine/u_gemm/gen_fp16.u_fp16/u_result_fifo/entry_memory_reg_0_1_42_55/RAME
  global lutram RAMD32 vit_system_i/vit_phase_e_axi_0/inst/u_core/u_npu/u_engine/u_gemm/gen_fp16.u_fp16/u_result_fifo/entry_memory_reg_0_1_42_55/RAME_D1
  global lutram RAMD32 vit_system_i/vit_phase_e_axi_0/inst/u_core/u_npu/u_engine/u_gemm/gen_fp16.u_fp16/u_result_fifo/entry_memory_reg_0_1_42_55/RAMF
  global lutram RAMD32 vit_system_i/vit_phase_e_axi_0/inst/u_core/u_npu/u_engine/u_gemm/gen_fp16.u_fp16/u_result_fifo/entry_memory_reg_0_1_42_55/RAMF_D1
  global lutram RAMD32 vit_system_i/vit_phase_e_axi_0/inst/u_core/u_npu/u_engine/u_gemm/gen_fp16.u_fp16/u_result_fifo/entry_memory_reg_0_1_42_55/RAMG
  global lutram RAMD32 vit_system_i/vit_phase_e_axi_0/inst/u_core/u_npu/u_engine/u_gemm/gen_fp16.u_fp16/u_result_fifo/entry_memory_reg_0_1_42_55/RAMG_D1
  global lutram RAMS32 vit_system_i/vit_phase_e_axi_0/inst/u_core/u_npu/u_engine/u_gemm/gen_fp16.u_fp16/u_result_fifo/entry_memory_reg_0_1_42_55/RAMH
  global lutram RAMS32 vit_system_i/vit_phase_e_axi_0/inst/u_core/u_npu/u_engine/u_gemm/gen_fp16.u_fp16/u_result_fifo/entry_memory_reg_0_1_42_55/RAMH_D1
  global lutram RAMD32 vit_system_i/vit_phase_e_axi_0/inst/u_core/u_npu/u_engine/u_gemm/gen_fp16.u_fp16/u_result_fifo/entry_memory_reg_0_1_434_447/RAMA
  global lutram RAMD32 vit_system_i/vit_phase_e_axi_0/inst/u_core/u_npu/u_engine/u_gemm/gen_fp16.u_fp16/u_result_fifo/entry_memory_reg_0_1_434_447/RAMA_D1
  global lutram RAMD32 vit_system_i/vit_phase_e_axi_0/inst/u_core/u_npu/u_engine/u_gemm/gen_fp16.u_fp16/u_result_fifo/entry_memory_reg_0_1_434_447/RAMB
  global lutram RAMD32 vit_system_i/vit_phase_e_axi_0/inst/u_core/u_npu/u_engine/u_gemm/gen_fp16.u_fp16/u_result_fifo/entry_memory_reg_0_1_434_447/RAMB_D1
  global lutram RAMD32 vit_system_i/vit_phase_e_axi_0/inst/u_core/u_npu/u_engine/u_gemm/gen_fp16.u_fp16/u_result_fifo/entry_memory_reg_0_1_434_447/RAMC
  global lutram RAMD32 vit_system_i/vit_phase_e_axi_0/inst/u_core/u_npu/u_engine/u_gemm/gen_fp16.u_fp16/u_result_fifo/entry_memory_reg_0_1_434_447/RAMC_D1
  global lutram RAMD32 vit_system_i/vit_phase_e_axi_0/inst/u_core/u_npu/u_engine/u_gemm/gen_fp16.u_fp16/u_result_fifo/entry_memory_reg_0_1_434_447/RAMD
  global lutram RAMD32 vit_system_i/vit_phase_e_axi_0/inst/u_core/u_npu/u_engine/u_gemm/gen_fp16.u_fp16/u_result_fifo/entry_memory_reg_0_1_434_447/RAMD_D1
  global lutram RAMD32 vit_system_i/vit_phase_e_axi_0/inst/u_core/u_npu/u_engine/u_gemm/gen_fp16.u_fp16/u_result_fifo/entry_memory_reg_0_1_434_447/RAME
  global lutram RAMD32 vit_system_i/vit_phase_e_axi_0/inst/u_core/u_npu/u_engine/u_gemm/gen_fp16.u_fp16/u_result_fifo/entry_memory_reg_0_1_434_447/RAME_D1
  global lutram RAMD32 vit_system_i/vit_phase_e_axi_0/inst/u_core/u_npu/u_engine/u_gemm/gen_fp16.u_fp16/u_result_fifo/entry_memory_reg_0_1_434_447/RAMF
  global lutram RAMD32 vit_system_i/vit_phase_e_axi_0/inst/u_core/u_npu/u_engine/u_gemm/gen_fp16.u_fp16/u_result_fifo/entry_memory_reg_0_1_434_447/RAMF_D1
  global lutram RAMD32 vit_system_i/vit_phase_e_axi_0/inst/u_core/u_npu/u_engine/u_gemm/gen_fp16.u_fp16/u_result_fifo/entry_memory_reg_0_1_434_447/RAMG
  global lutram RAMD32 vit_system_i/vit_phase_e_axi_0/inst/u_core/u_npu/u_engine/u_gemm/gen_fp16.u_fp16/u_result_fifo/entry_memory_reg_0_1_434_447/RAMG_D1
  global lutram RAMS32 vit_system_i/vit_phase_e_axi_0/inst/u_core/u_npu/u_engine/u_gemm/gen_fp16.u_fp16/u_result_fifo/entry_memory_reg_0_1_434_447/RAMH
  global lutram RAMS32 vit_system_i/vit_phase_e_axi_0/inst/u_core/u_npu/u_engine/u_gemm/gen_fp16.u_fp16/u_result_fifo/entry_memory_reg_0_1_434_447/RAMH_D1
  global lutram RAMD32 vit_system_i/vit_phase_e_axi_0/inst/u_core/u_npu/u_engine/u_gemm/gen_fp16.u_fp16/u_result_fifo/entry_memory_reg_0_1_448_461/RAMA
  global lutram RAMD32 vit_system_i/vit_phase_e_axi_0/inst/u_core/u_npu/u_engine/u_gemm/gen_fp16.u_fp16/u_result_fifo/entry_memory_reg_0_1_448_461/RAMA_D1
  global lutram RAMD32 vit_system_i/vit_phase_e_axi_0/inst/u_core/u_npu/u_engine/u_gemm/gen_fp16.u_fp16/u_result_fifo/entry_memory_reg_0_1_448_461/RAMB
  global lutram RAMD32 vit_system_i/vit_phase_e_axi_0/inst/u_core/u_npu/u_engine/u_gemm/gen_fp16.u_fp16/u_result_fifo/entry_memory_reg_0_1_448_461/RAMB_D1
  global lutram RAMD32 vit_system_i/vit_phase_e_axi_0/inst/u_core/u_npu/u_engine/u_gemm/gen_fp16.u_fp16/u_result_fifo/entry_memory_reg_0_1_448_461/RAMC
  global lutram RAMD32 vit_system_i/vit_phase_e_axi_0/inst/u_core/u_npu/u_engine/u_gemm/gen_fp16.u_fp16/u_result_fifo/entry_memory_reg_0_1_448_461/RAMC_D1
  global lutram RAMD32 vit_system_i/vit_phase_e_axi_0/inst/u_core/u_npu/u_engine/u_gemm/gen_fp16.u_fp16/u_result_fifo/entry_memory_reg_0_1_448_461/RAMD
  global lutram RAMD32 vit_system_i/vit_phase_e_axi_0/inst/u_core/u_npu/u_engine/u_gemm/gen_fp16.u_fp16/u_result_fifo/entry_memory_reg_0_1_448_461/RAMD_D1
  global lutram RAMD32 vit_system_i/vit_phase_e_axi_0/inst/u_core/u_npu/u_engine/u_gemm/gen_fp16.u_fp16/u_result_fifo/entry_memory_reg_0_1_448_461/RAME
  global lutram RAMD32 vit_system_i/vit_phase_e_axi_0/inst/u_core/u_npu/u_engine/u_gemm/gen_fp16.u_fp16/u_result_fifo/entry_memory_reg_0_1_448_461/RAME_D1
  global lutram RAMD32 vit_system_i/vit_phase_e_axi_0/inst/u_core/u_npu/u_engine/u_gemm/gen_fp16.u_fp16/u_result_fifo/entry_memory_reg_0_1_448_461/RAMF
  global lutram RAMD32 vit_system_i/vit_phase_e_axi_0/inst/u_core/u_npu/u_engine/u_gemm/gen_fp16.u_fp16/u_result_fifo/entry_memory_reg_0_1_448_461/RAMF_D1
  global lutram RAMD32 vit_system_i/vit_phase_e_axi_0/inst/u_core/u_npu/u_engine/u_gemm/gen_fp16.u_fp16/u_result_fifo/entry_memory_reg_0_1_448_461/RAMG
  global lutram RAMD32 vit_system_i/vit_phase_e_axi_0/inst/u_core/u_npu/u_engine/u_gemm/gen_fp16.u_fp16/u_result_fifo/entry_memory_reg_0_1_448_461/RAMG_D1
  global lutram RAMS32 vit_system_i/vit_phase_e_axi_0/inst/u_core/u_npu/u_engine/u_gemm/gen_fp16.u_fp16/u_result_fifo/entry_memory_reg_0_1_448_461/RAMH
  global lutram RAMS32 vit_system_i/vit_phase_e_axi_0/inst/u_core/u_npu/u_engine/u_gemm/gen_fp16.u_fp16/u_result_fifo/entry_memory_reg_0_1_448_461/RAMH_D1
  global lutram RAMD32 vit_system_i/vit_phase_e_axi_0/inst/u_core/u_npu/u_engine/u_gemm/gen_fp16.u_fp16/u_result_fifo/entry_memory_reg_0_1_462_475/RAMA
  global lutram RAMD32 vit_system_i/vit_phase_e_axi_0/inst/u_core/u_npu/u_engine/u_gemm/gen_fp16.u_fp16/u_result_fifo/entry_memory_reg_0_1_462_475/RAMA_D1
  global lutram RAMD32 vit_system_i/vit_phase_e_axi_0/inst/u_core/u_npu/u_engine/u_gemm/gen_fp16.u_fp16/u_result_fifo/entry_memory_reg_0_1_462_475/RAMB
  global lutram RAMD32 vit_system_i/vit_phase_e_axi_0/inst/u_core/u_npu/u_engine/u_gemm/gen_fp16.u_fp16/u_result_fifo/entry_memory_reg_0_1_462_475/RAMB_D1
  global lutram RAMD32 vit_system_i/vit_phase_e_axi_0/inst/u_core/u_npu/u_engine/u_gemm/gen_fp16.u_fp16/u_result_fifo/entry_memory_reg_0_1_462_475/RAMC
  global lutram RAMD32 vit_system_i/vit_phase_e_axi_0/inst/u_core/u_npu/u_engine/u_gemm/gen_fp16.u_fp16/u_result_fifo/entry_memory_reg_0_1_462_475/RAMC_D1
  global lutram RAMD32 vit_system_i/vit_phase_e_axi_0/inst/u_core/u_npu/u_engine/u_gemm/gen_fp16.u_fp16/u_result_fifo/entry_memory_reg_0_1_462_475/RAMD
  global lutram RAMD32 vit_system_i/vit_phase_e_axi_0/inst/u_core/u_npu/u_engine/u_gemm/gen_fp16.u_fp16/u_result_fifo/entry_memory_reg_0_1_462_475/RAMD_D1
  global lutram RAMD32 vit_system_i/vit_phase_e_axi_0/inst/u_core/u_npu/u_engine/u_gemm/gen_fp16.u_fp16/u_result_fifo/entry_memory_reg_0_1_462_475/RAME
  global lutram RAMD32 vit_system_i/vit_phase_e_axi_0/inst/u_core/u_npu/u_engine/u_gemm/gen_fp16.u_fp16/u_result_fifo/entry_memory_reg_0_1_462_475/RAME_D1
  global lutram RAMD32 vit_system_i/vit_phase_e_axi_0/inst/u_core/u_npu/u_engine/u_gemm/gen_fp16.u_fp16/u_result_fifo/entry_memory_reg_0_1_462_475/RAMF
  global lutram RAMD32 vit_system_i/vit_phase_e_axi_0/inst/u_core/u_npu/u_engine/u_gemm/gen_fp16.u_fp16/u_result_fifo/entry_memory_reg_0_1_462_475/RAMF_D1
  global lutram RAMD32 vit_system_i/vit_phase_e_axi_0/inst/u_core/u_npu/u_engine/u_gemm/gen_fp16.u_fp16/u_result_fifo/entry_memory_reg_0_1_462_475/RAMG
  global lutram RAMD32 vit_system_i/vit_phase_e_axi_0/inst/u_core/u_npu/u_engine/u_gemm/gen_fp16.u_fp16/u_result_fifo/entry_memory_reg_0_1_462_475/RAMG_D1
  global lutram RAMS32 vit_system_i/vit_phase_e_axi_0/inst/u_core/u_npu/u_engine/u_gemm/gen_fp16.u_fp16/u_result_fifo/entry_memory_reg_0_1_462_475/RAMH
  global lutram RAMS32 vit_system_i/vit_phase_e_axi_0/inst/u_core/u_npu/u_engine/u_gemm/gen_fp16.u_fp16/u_result_fifo/entry_memory_reg_0_1_462_475/RAMH_D1
  global lutram RAMD32 vit_system_i/vit_phase_e_axi_0/inst/u_core/u_npu/u_engine/u_gemm/gen_fp16.u_fp16/u_result_fifo/entry_memory_reg_0_1_476_489/RAMA
  global lutram RAMD32 vit_system_i/vit_phase_e_axi_0/inst/u_core/u_npu/u_engine/u_gemm/gen_fp16.u_fp16/u_result_fifo/entry_memory_reg_0_1_476_489/RAMA_D1
  global lutram RAMD32 vit_system_i/vit_phase_e_axi_0/inst/u_core/u_npu/u_engine/u_gemm/gen_fp16.u_fp16/u_result_fifo/entry_memory_reg_0_1_476_489/RAMB
  global lutram RAMD32 vit_system_i/vit_phase_e_axi_0/inst/u_core/u_npu/u_engine/u_gemm/gen_fp16.u_fp16/u_result_fifo/entry_memory_reg_0_1_476_489/RAMB_D1
  global lutram RAMD32 vit_system_i/vit_phase_e_axi_0/inst/u_core/u_npu/u_engine/u_gemm/gen_fp16.u_fp16/u_result_fifo/entry_memory_reg_0_1_476_489/RAMC
  global lutram RAMD32 vit_system_i/vit_phase_e_axi_0/inst/u_core/u_npu/u_engine/u_gemm/gen_fp16.u_fp16/u_result_fifo/entry_memory_reg_0_1_476_489/RAMC_D1
  global lutram RAMD32 vit_system_i/vit_phase_e_axi_0/inst/u_core/u_npu/u_engine/u_gemm/gen_fp16.u_fp16/u_result_fifo/entry_memory_reg_0_1_476_489/RAMD
  global lutram RAMD32 vit_system_i/vit_phase_e_axi_0/inst/u_core/u_npu/u_engine/u_gemm/gen_fp16.u_fp16/u_result_fifo/entry_memory_reg_0_1_476_489/RAMD_D1
  global lutram RAMD32 vit_system_i/vit_phase_e_axi_0/inst/u_core/u_npu/u_engine/u_gemm/gen_fp16.u_fp16/u_result_fifo/entry_memory_reg_0_1_476_489/RAME
  global lutram RAMD32 vit_system_i/vit_phase_e_axi_0/inst/u_core/u_npu/u_engine/u_gemm/gen_fp16.u_fp16/u_result_fifo/entry_memory_reg_0_1_476_489/RAME_D1
  global lutram RAMD32 vit_system_i/vit_phase_e_axi_0/inst/u_core/u_npu/u_engine/u_gemm/gen_fp16.u_fp16/u_result_fifo/entry_memory_reg_0_1_476_489/RAMF
  global lutram RAMD32 vit_system_i/vit_phase_e_axi_0/inst/u_core/u_npu/u_engine/u_gemm/gen_fp16.u_fp16/u_result_fifo/entry_memory_reg_0_1_476_489/RAMF_D1
  global lutram RAMD32 vit_system_i/vit_phase_e_axi_0/inst/u_core/u_npu/u_engine/u_gemm/gen_fp16.u_fp16/u_result_fifo/entry_memory_reg_0_1_476_489/RAMG
  global lutram RAMD32 vit_system_i/vit_phase_e_axi_0/inst/u_core/u_npu/u_engine/u_gemm/gen_fp16.u_fp16/u_result_fifo/entry_memory_reg_0_1_476_489/RAMG_D1
  global lutram RAMS32 vit_system_i/vit_phase_e_axi_0/inst/u_core/u_npu/u_engine/u_gemm/gen_fp16.u_fp16/u_result_fifo/entry_memory_reg_0_1_476_489/RAMH
  global lutram RAMS32 vit_system_i/vit_phase_e_axi_0/inst/u_core/u_npu/u_engine/u_gemm/gen_fp16.u_fp16/u_result_fifo/entry_memory_reg_0_1_476_489/RAMH_D1
  global lutram RAMD32 vit_system_i/vit_phase_e_axi_0/inst/u_core/u_npu/u_engine/u_gemm/gen_fp16.u_fp16/u_result_fifo/entry_memory_reg_0_1_490_503/RAMA
  global lutram RAMD32 vit_system_i/vit_phase_e_axi_0/inst/u_core/u_npu/u_engine/u_gemm/gen_fp16.u_fp16/u_result_fifo/entry_memory_reg_0_1_490_503/RAMA_D1
  global lutram RAMD32 vit_system_i/vit_phase_e_axi_0/inst/u_core/u_npu/u_engine/u_gemm/gen_fp16.u_fp16/u_result_fifo/entry_memory_reg_0_1_490_503/RAMB
  global lutram RAMD32 vit_system_i/vit_phase_e_axi_0/inst/u_core/u_npu/u_engine/u_gemm/gen_fp16.u_fp16/u_result_fifo/entry_memory_reg_0_1_490_503/RAMB_D1
  global lutram RAMD32 vit_system_i/vit_phase_e_axi_0/inst/u_core/u_npu/u_engine/u_gemm/gen_fp16.u_fp16/u_result_fifo/entry_memory_reg_0_1_490_503/RAMC
  global lutram RAMD32 vit_system_i/vit_phase_e_axi_0/inst/u_core/u_npu/u_engine/u_gemm/gen_fp16.u_fp16/u_result_fifo/entry_memory_reg_0_1_490_503/RAMC_D1
  global lutram RAMD32 vit_system_i/vit_phase_e_axi_0/inst/u_core/u_npu/u_engine/u_gemm/gen_fp16.u_fp16/u_result_fifo/entry_memory_reg_0_1_490_503/RAMD
  global lutram RAMD32 vit_system_i/vit_phase_e_axi_0/inst/u_core/u_npu/u_engine/u_gemm/gen_fp16.u_fp16/u_result_fifo/entry_memory_reg_0_1_490_503/RAMD_D1
  global lutram RAMD32 vit_system_i/vit_phase_e_axi_0/inst/u_core/u_npu/u_engine/u_gemm/gen_fp16.u_fp16/u_result_fifo/entry_memory_reg_0_1_490_503/RAME
  global lutram RAMD32 vit_system_i/vit_phase_e_axi_0/inst/u_core/u_npu/u_engine/u_gemm/gen_fp16.u_fp16/u_result_fifo/entry_memory_reg_0_1_490_503/RAME_D1
  global lutram RAMD32 vit_system_i/vit_phase_e_axi_0/inst/u_core/u_npu/u_engine/u_gemm/gen_fp16.u_fp16/u_result_fifo/entry_memory_reg_0_1_490_503/RAMF
  global lutram RAMD32 vit_system_i/vit_phase_e_axi_0/inst/u_core/u_npu/u_engine/u_gemm/gen_fp16.u_fp16/u_result_fifo/entry_memory_reg_0_1_490_503/RAMF_D1
  global lutram RAMD32 vit_system_i/vit_phase_e_axi_0/inst/u_core/u_npu/u_engine/u_gemm/gen_fp16.u_fp16/u_result_fifo/entry_memory_reg_0_1_490_503/RAMG
  global lutram RAMD32 vit_system_i/vit_phase_e_axi_0/inst/u_core/u_npu/u_engine/u_gemm/gen_fp16.u_fp16/u_result_fifo/entry_memory_reg_0_1_490_503/RAMG_D1
  global lutram RAMS32 vit_system_i/vit_phase_e_axi_0/inst/u_core/u_npu/u_engine/u_gemm/gen_fp16.u_fp16/u_result_fifo/entry_memory_reg_0_1_490_503/RAMH
  global lutram RAMS32 vit_system_i/vit_phase_e_axi_0/inst/u_core/u_npu/u_engine/u_gemm/gen_fp16.u_fp16/u_result_fifo/entry_memory_reg_0_1_490_503/RAMH_D1
  global lutram RAMD32 vit_system_i/vit_phase_e_axi_0/inst/u_core/u_npu/u_engine/u_gemm/gen_fp16.u_fp16/u_result_fifo/entry_memory_reg_0_1_504_517/RAMA
  global lutram RAMD32 vit_system_i/vit_phase_e_axi_0/inst/u_core/u_npu/u_engine/u_gemm/gen_fp16.u_fp16/u_result_fifo/entry_memory_reg_0_1_504_517/RAMA_D1
  global lutram RAMD32 vit_system_i/vit_phase_e_axi_0/inst/u_core/u_npu/u_engine/u_gemm/gen_fp16.u_fp16/u_result_fifo/entry_memory_reg_0_1_504_517/RAMB
  global lutram RAMD32 vit_system_i/vit_phase_e_axi_0/inst/u_core/u_npu/u_engine/u_gemm/gen_fp16.u_fp16/u_result_fifo/entry_memory_reg_0_1_504_517/RAMB_D1
  global lutram RAMD32 vit_system_i/vit_phase_e_axi_0/inst/u_core/u_npu/u_engine/u_gemm/gen_fp16.u_fp16/u_result_fifo/entry_memory_reg_0_1_504_517/RAMC
  global lutram RAMD32 vit_system_i/vit_phase_e_axi_0/inst/u_core/u_npu/u_engine/u_gemm/gen_fp16.u_fp16/u_result_fifo/entry_memory_reg_0_1_504_517/RAMC_D1
  global lutram RAMD32 vit_system_i/vit_phase_e_axi_0/inst/u_core/u_npu/u_engine/u_gemm/gen_fp16.u_fp16/u_result_fifo/entry_memory_reg_0_1_504_517/RAMD
  global lutram RAMD32 vit_system_i/vit_phase_e_axi_0/inst/u_core/u_npu/u_engine/u_gemm/gen_fp16.u_fp16/u_result_fifo/entry_memory_reg_0_1_504_517/RAMD_D1
  global lutram RAMD32 vit_system_i/vit_phase_e_axi_0/inst/u_core/u_npu/u_engine/u_gemm/gen_fp16.u_fp16/u_result_fifo/entry_memory_reg_0_1_504_517/RAME
  global lutram RAMD32 vit_system_i/vit_phase_e_axi_0/inst/u_core/u_npu/u_engine/u_gemm/gen_fp16.u_fp16/u_result_fifo/entry_memory_reg_0_1_504_517/RAME_D1
  global lutram RAMD32 vit_system_i/vit_phase_e_axi_0/inst/u_core/u_npu/u_engine/u_gemm/gen_fp16.u_fp16/u_result_fifo/entry_memory_reg_0_1_504_517/RAMF
  global lutram RAMD32 vit_system_i/vit_phase_e_axi_0/inst/u_core/u_npu/u_engine/u_gemm/gen_fp16.u_fp16/u_result_fifo/entry_memory_reg_0_1_504_517/RAMF_D1
  global lutram RAMD32 vit_system_i/vit_phase_e_axi_0/inst/u_core/u_npu/u_engine/u_gemm/gen_fp16.u_fp16/u_result_fifo/entry_memory_reg_0_1_504_517/RAMG
  global lutram RAMD32 vit_system_i/vit_phase_e_axi_0/inst/u_core/u_npu/u_engine/u_gemm/gen_fp16.u_fp16/u_result_fifo/entry_memory_reg_0_1_504_517/RAMG_D1
  global lutram RAMS32 vit_system_i/vit_phase_e_axi_0/inst/u_core/u_npu/u_engine/u_gemm/gen_fp16.u_fp16/u_result_fifo/entry_memory_reg_0_1_504_517/RAMH
  global lutram RAMS32 vit_system_i/vit_phase_e_axi_0/inst/u_core/u_npu/u_engine/u_gemm/gen_fp16.u_fp16/u_result_fifo/entry_memory_reg_0_1_504_517/RAMH_D1
  global lutram RAMD32 vit_system_i/vit_phase_e_axi_0/inst/u_core/u_npu/u_engine/u_gemm/gen_fp16.u_fp16/u_result_fifo/entry_memory_reg_0_1_518_531/RAMA
  global lutram RAMD32 vit_system_i/vit_phase_e_axi_0/inst/u_core/u_npu/u_engine/u_gemm/gen_fp16.u_fp16/u_result_fifo/entry_memory_reg_0_1_518_531/RAMA_D1
  global lutram RAMD32 vit_system_i/vit_phase_e_axi_0/inst/u_core/u_npu/u_engine/u_gemm/gen_fp16.u_fp16/u_result_fifo/entry_memory_reg_0_1_518_531/RAMB
  global lutram RAMD32 vit_system_i/vit_phase_e_axi_0/inst/u_core/u_npu/u_engine/u_gemm/gen_fp16.u_fp16/u_result_fifo/entry_memory_reg_0_1_518_531/RAMB_D1
  global lutram RAMD32 vit_system_i/vit_phase_e_axi_0/inst/u_core/u_npu/u_engine/u_gemm/gen_fp16.u_fp16/u_result_fifo/entry_memory_reg_0_1_518_531/RAMC
  global lutram RAMD32 vit_system_i/vit_phase_e_axi_0/inst/u_core/u_npu/u_engine/u_gemm/gen_fp16.u_fp16/u_result_fifo/entry_memory_reg_0_1_518_531/RAMC_D1
  global lutram RAMD32 vit_system_i/vit_phase_e_axi_0/inst/u_core/u_npu/u_engine/u_gemm/gen_fp16.u_fp16/u_result_fifo/entry_memory_reg_0_1_518_531/RAMD
  global lutram RAMD32 vit_system_i/vit_phase_e_axi_0/inst/u_core/u_npu/u_engine/u_gemm/gen_fp16.u_fp16/u_result_fifo/entry_memory_reg_0_1_518_531/RAMD_D1
  global lutram RAMD32 vit_system_i/vit_phase_e_axi_0/inst/u_core/u_npu/u_engine/u_gemm/gen_fp16.u_fp16/u_result_fifo/entry_memory_reg_0_1_518_531/RAME
  global lutram RAMD32 vit_system_i/vit_phase_e_axi_0/inst/u_core/u_npu/u_engine/u_gemm/gen_fp16.u_fp16/u_result_fifo/entry_memory_reg_0_1_518_531/RAME_D1
  global lutram RAMD32 vit_system_i/vit_phase_e_axi_0/inst/u_core/u_npu/u_engine/u_gemm/gen_fp16.u_fp16/u_result_fifo/entry_memory_reg_0_1_518_531/RAMF
  global lutram RAMD32 vit_system_i/vit_phase_e_axi_0/inst/u_core/u_npu/u_engine/u_gemm/gen_fp16.u_fp16/u_result_fifo/entry_memory_reg_0_1_518_531/RAMF_D1
  global lutram RAMD32 vit_system_i/vit_phase_e_axi_0/inst/u_core/u_npu/u_engine/u_gemm/gen_fp16.u_fp16/u_result_fifo/entry_memory_reg_0_1_518_531/RAMG
  global lutram RAMD32 vit_system_i/vit_phase_e_axi_0/inst/u_core/u_npu/u_engine/u_gemm/gen_fp16.u_fp16/u_result_fifo/entry_memory_reg_0_1_518_531/RAMG_D1
  global lutram RAMS32 vit_system_i/vit_phase_e_axi_0/inst/u_core/u_npu/u_engine/u_gemm/gen_fp16.u_fp16/u_result_fifo/entry_memory_reg_0_1_518_531/RAMH
  global lutram RAMS32 vit_system_i/vit_phase_e_axi_0/inst/u_core/u_npu/u_engine/u_gemm/gen_fp16.u_fp16/u_result_fifo/entry_memory_reg_0_1_518_531/RAMH_D1
  global lutram RAMD32 vit_system_i/vit_phase_e_axi_0/inst/u_core/u_npu/u_engine/u_gemm/gen_fp16.u_fp16/u_result_fifo/entry_memory_reg_0_1_532_545/RAMA
  global lutram RAMD32 vit_system_i/vit_phase_e_axi_0/inst/u_core/u_npu/u_engine/u_gemm/gen_fp16.u_fp16/u_result_fifo/entry_memory_reg_0_1_532_545/RAMA_D1
  global lutram RAMD32 vit_system_i/vit_phase_e_axi_0/inst/u_core/u_npu/u_engine/u_gemm/gen_fp16.u_fp16/u_result_fifo/entry_memory_reg_0_1_532_545/RAMB
  global lutram RAMD32 vit_system_i/vit_phase_e_axi_0/inst/u_core/u_npu/u_engine/u_gemm/gen_fp16.u_fp16/u_result_fifo/entry_memory_reg_0_1_532_545/RAMB_D1
  global lutram RAMD32 vit_system_i/vit_phase_e_axi_0/inst/u_core/u_npu/u_engine/u_gemm/gen_fp16.u_fp16/u_result_fifo/entry_memory_reg_0_1_532_545/RAMC
  global lutram RAMD32 vit_system_i/vit_phase_e_axi_0/inst/u_core/u_npu/u_engine/u_gemm/gen_fp16.u_fp16/u_result_fifo/entry_memory_reg_0_1_532_545/RAMC_D1
  global lutram RAMD32 vit_system_i/vit_phase_e_axi_0/inst/u_core/u_npu/u_engine/u_gemm/gen_fp16.u_fp16/u_result_fifo/entry_memory_reg_0_1_532_545/RAMD
  global lutram RAMD32 vit_system_i/vit_phase_e_axi_0/inst/u_core/u_npu/u_engine/u_gemm/gen_fp16.u_fp16/u_result_fifo/entry_memory_reg_0_1_532_545/RAMD_D1
  global lutram RAMD32 vit_system_i/vit_phase_e_axi_0/inst/u_core/u_npu/u_engine/u_gemm/gen_fp16.u_fp16/u_result_fifo/entry_memory_reg_0_1_532_545/RAME
  global lutram RAMD32 vit_system_i/vit_phase_e_axi_0/inst/u_core/u_npu/u_engine/u_gemm/gen_fp16.u_fp16/u_result_fifo/entry_memory_reg_0_1_532_545/RAME_D1
  global lutram RAMD32 vit_system_i/vit_phase_e_axi_0/inst/u_core/u_npu/u_engine/u_gemm/gen_fp16.u_fp16/u_result_fifo/entry_memory_reg_0_1_532_545/RAMF
  global lutram RAMD32 vit_system_i/vit_phase_e_axi_0/inst/u_core/u_npu/u_engine/u_gemm/gen_fp16.u_fp16/u_result_fifo/entry_memory_reg_0_1_532_545/RAMF_D1
  global lutram RAMD32 vit_system_i/vit_phase_e_axi_0/inst/u_core/u_npu/u_engine/u_gemm/gen_fp16.u_fp16/u_result_fifo/entry_memory_reg_0_1_532_545/RAMG
  global lutram RAMD32 vit_system_i/vit_phase_e_axi_0/inst/u_core/u_npu/u_engine/u_gemm/gen_fp16.u_fp16/u_result_fifo/entry_memory_reg_0_1_532_545/RAMG_D1
  global lutram RAMS32 vit_system_i/vit_phase_e_axi_0/inst/u_core/u_npu/u_engine/u_gemm/gen_fp16.u_fp16/u_result_fifo/entry_memory_reg_0_1_532_545/RAMH
  global lutram RAMS32 vit_system_i/vit_phase_e_axi_0/inst/u_core/u_npu/u_engine/u_gemm/gen_fp16.u_fp16/u_result_fifo/entry_memory_reg_0_1_532_545/RAMH_D1
  global lutram RAMD32 vit_system_i/vit_phase_e_axi_0/inst/u_core/u_npu/u_engine/u_gemm/gen_fp16.u_fp16/u_result_fifo/entry_memory_reg_0_1_546_559/RAMA
  global lutram RAMD32 vit_system_i/vit_phase_e_axi_0/inst/u_core/u_npu/u_engine/u_gemm/gen_fp16.u_fp16/u_result_fifo/entry_memory_reg_0_1_546_559/RAMA_D1
  global lutram RAMD32 vit_system_i/vit_phase_e_axi_0/inst/u_core/u_npu/u_engine/u_gemm/gen_fp16.u_fp16/u_result_fifo/entry_memory_reg_0_1_546_559/RAMB
  global lutram RAMD32 vit_system_i/vit_phase_e_axi_0/inst/u_core/u_npu/u_engine/u_gemm/gen_fp16.u_fp16/u_result_fifo/entry_memory_reg_0_1_546_559/RAMB_D1
  global lutram RAMD32 vit_system_i/vit_phase_e_axi_0/inst/u_core/u_npu/u_engine/u_gemm/gen_fp16.u_fp16/u_result_fifo/entry_memory_reg_0_1_546_559/RAMC
  global lutram RAMD32 vit_system_i/vit_phase_e_axi_0/inst/u_core/u_npu/u_engine/u_gemm/gen_fp16.u_fp16/u_result_fifo/entry_memory_reg_0_1_546_559/RAMC_D1
  global lutram RAMD32 vit_system_i/vit_phase_e_axi_0/inst/u_core/u_npu/u_engine/u_gemm/gen_fp16.u_fp16/u_result_fifo/entry_memory_reg_0_1_546_559/RAMD
  global lutram RAMD32 vit_system_i/vit_phase_e_axi_0/inst/u_core/u_npu/u_engine/u_gemm/gen_fp16.u_fp16/u_result_fifo/entry_memory_reg_0_1_546_559/RAMD_D1
  global lutram RAMD32 vit_system_i/vit_phase_e_axi_0/inst/u_core/u_npu/u_engine/u_gemm/gen_fp16.u_fp16/u_result_fifo/entry_memory_reg_0_1_546_559/RAME
  global lutram RAMD32 vit_system_i/vit_phase_e_axi_0/inst/u_core/u_npu/u_engine/u_gemm/gen_fp16.u_fp16/u_result_fifo/entry_memory_reg_0_1_546_559/RAME_D1
  global lutram RAMD32 vit_system_i/vit_phase_e_axi_0/inst/u_core/u_npu/u_engine/u_gemm/gen_fp16.u_fp16/u_result_fifo/entry_memory_reg_0_1_546_559/RAMF
  global lutram RAMD32 vit_system_i/vit_phase_e_axi_0/inst/u_core/u_npu/u_engine/u_gemm/gen_fp16.u_fp16/u_result_fifo/entry_memory_reg_0_1_546_559/RAMF_D1
  global lutram RAMD32 vit_system_i/vit_phase_e_axi_0/inst/u_core/u_npu/u_engine/u_gemm/gen_fp16.u_fp16/u_result_fifo/entry_memory_reg_0_1_546_559/RAMG
  global lutram RAMD32 vit_system_i/vit_phase_e_axi_0/inst/u_core/u_npu/u_engine/u_gemm/gen_fp16.u_fp16/u_result_fifo/entry_memory_reg_0_1_546_559/RAMG_D1
  global lutram RAMS32 vit_system_i/vit_phase_e_axi_0/inst/u_core/u_npu/u_engine/u_gemm/gen_fp16.u_fp16/u_result_fifo/entry_memory_reg_0_1_546_559/RAMH
  global lutram RAMS32 vit_system_i/vit_phase_e_axi_0/inst/u_core/u_npu/u_engine/u_gemm/gen_fp16.u_fp16/u_result_fifo/entry_memory_reg_0_1_546_559/RAMH_D1
  global lutram RAMD32 vit_system_i/vit_phase_e_axi_0/inst/u_core/u_npu/u_engine/u_gemm/gen_fp16.u_fp16/u_result_fifo/entry_memory_reg_0_1_560_573/RAMA
  global lutram RAMD32 vit_system_i/vit_phase_e_axi_0/inst/u_core/u_npu/u_engine/u_gemm/gen_fp16.u_fp16/u_result_fifo/entry_memory_reg_0_1_560_573/RAMA_D1
  global lutram RAMD32 vit_system_i/vit_phase_e_axi_0/inst/u_core/u_npu/u_engine/u_gemm/gen_fp16.u_fp16/u_result_fifo/entry_memory_reg_0_1_560_573/RAMB
  global lutram RAMD32 vit_system_i/vit_phase_e_axi_0/inst/u_core/u_npu/u_engine/u_gemm/gen_fp16.u_fp16/u_result_fifo/entry_memory_reg_0_1_560_573/RAMB_D1
  global lutram RAMD32 vit_system_i/vit_phase_e_axi_0/inst/u_core/u_npu/u_engine/u_gemm/gen_fp16.u_fp16/u_result_fifo/entry_memory_reg_0_1_560_573/RAMC
  global lutram RAMD32 vit_system_i/vit_phase_e_axi_0/inst/u_core/u_npu/u_engine/u_gemm/gen_fp16.u_fp16/u_result_fifo/entry_memory_reg_0_1_560_573/RAMC_D1
  global lutram RAMD32 vit_system_i/vit_phase_e_axi_0/inst/u_core/u_npu/u_engine/u_gemm/gen_fp16.u_fp16/u_result_fifo/entry_memory_reg_0_1_560_573/RAMD
  global lutram RAMD32 vit_system_i/vit_phase_e_axi_0/inst/u_core/u_npu/u_engine/u_gemm/gen_fp16.u_fp16/u_result_fifo/entry_memory_reg_0_1_560_573/RAMD_D1
  global lutram RAMD32 vit_system_i/vit_phase_e_axi_0/inst/u_core/u_npu/u_engine/u_gemm/gen_fp16.u_fp16/u_result_fifo/entry_memory_reg_0_1_560_573/RAME
  global lutram RAMD32 vit_system_i/vit_phase_e_axi_0/inst/u_core/u_npu/u_engine/u_gemm/gen_fp16.u_fp16/u_result_fifo/entry_memory_reg_0_1_560_573/RAME_D1
  global lutram RAMD32 vit_system_i/vit_phase_e_axi_0/inst/u_core/u_npu/u_engine/u_gemm/gen_fp16.u_fp16/u_result_fifo/entry_memory_reg_0_1_560_573/RAMF
  global lutram RAMD32 vit_system_i/vit_phase_e_axi_0/inst/u_core/u_npu/u_engine/u_gemm/gen_fp16.u_fp16/u_result_fifo/entry_memory_reg_0_1_560_573/RAMF_D1
  global lutram RAMD32 vit_system_i/vit_phase_e_axi_0/inst/u_core/u_npu/u_engine/u_gemm/gen_fp16.u_fp16/u_result_fifo/entry_memory_reg_0_1_560_573/RAMG
  global lutram RAMD32 vit_system_i/vit_phase_e_axi_0/inst/u_core/u_npu/u_engine/u_gemm/gen_fp16.u_fp16/u_result_fifo/entry_memory_reg_0_1_560_573/RAMG_D1
  global lutram RAMS32 vit_system_i/vit_phase_e_axi_0/inst/u_core/u_npu/u_engine/u_gemm/gen_fp16.u_fp16/u_result_fifo/entry_memory_reg_0_1_560_573/RAMH
  global lutram RAMS32 vit_system_i/vit_phase_e_axi_0/inst/u_core/u_npu/u_engine/u_gemm/gen_fp16.u_fp16/u_result_fifo/entry_memory_reg_0_1_560_573/RAMH_D1
  global lutram RAMD32 vit_system_i/vit_phase_e_axi_0/inst/u_core/u_npu/u_engine/u_gemm/gen_fp16.u_fp16/u_result_fifo/entry_memory_reg_0_1_56_69/RAMA
  global lutram RAMD32 vit_system_i/vit_phase_e_axi_0/inst/u_core/u_npu/u_engine/u_gemm/gen_fp16.u_fp16/u_result_fifo/entry_memory_reg_0_1_56_69/RAMA_D1
  global lutram RAMD32 vit_system_i/vit_phase_e_axi_0/inst/u_core/u_npu/u_engine/u_gemm/gen_fp16.u_fp16/u_result_fifo/entry_memory_reg_0_1_56_69/RAMB
  global lutram RAMD32 vit_system_i/vit_phase_e_axi_0/inst/u_core/u_npu/u_engine/u_gemm/gen_fp16.u_fp16/u_result_fifo/entry_memory_reg_0_1_56_69/RAMB_D1
  global lutram RAMD32 vit_system_i/vit_phase_e_axi_0/inst/u_core/u_npu/u_engine/u_gemm/gen_fp16.u_fp16/u_result_fifo/entry_memory_reg_0_1_56_69/RAMC
  global lutram RAMD32 vit_system_i/vit_phase_e_axi_0/inst/u_core/u_npu/u_engine/u_gemm/gen_fp16.u_fp16/u_result_fifo/entry_memory_reg_0_1_56_69/RAMC_D1
  global lutram RAMD32 vit_system_i/vit_phase_e_axi_0/inst/u_core/u_npu/u_engine/u_gemm/gen_fp16.u_fp16/u_result_fifo/entry_memory_reg_0_1_56_69/RAMD
  global lutram RAMD32 vit_system_i/vit_phase_e_axi_0/inst/u_core/u_npu/u_engine/u_gemm/gen_fp16.u_fp16/u_result_fifo/entry_memory_reg_0_1_56_69/RAMD_D1
  global lutram RAMD32 vit_system_i/vit_phase_e_axi_0/inst/u_core/u_npu/u_engine/u_gemm/gen_fp16.u_fp16/u_result_fifo/entry_memory_reg_0_1_56_69/RAME
  global lutram RAMD32 vit_system_i/vit_phase_e_axi_0/inst/u_core/u_npu/u_engine/u_gemm/gen_fp16.u_fp16/u_result_fifo/entry_memory_reg_0_1_56_69/RAME_D1
  global lutram RAMD32 vit_system_i/vit_phase_e_axi_0/inst/u_core/u_npu/u_engine/u_gemm/gen_fp16.u_fp16/u_result_fifo/entry_memory_reg_0_1_56_69/RAMF
  global lutram RAMD32 vit_system_i/vit_phase_e_axi_0/inst/u_core/u_npu/u_engine/u_gemm/gen_fp16.u_fp16/u_result_fifo/entry_memory_reg_0_1_56_69/RAMF_D1
  global lutram RAMD32 vit_system_i/vit_phase_e_axi_0/inst/u_core/u_npu/u_engine/u_gemm/gen_fp16.u_fp16/u_result_fifo/entry_memory_reg_0_1_56_69/RAMG
  global lutram RAMD32 vit_system_i/vit_phase_e_axi_0/inst/u_core/u_npu/u_engine/u_gemm/gen_fp16.u_fp16/u_result_fifo/entry_memory_reg_0_1_56_69/RAMG_D1
  global lutram RAMS32 vit_system_i/vit_phase_e_axi_0/inst/u_core/u_npu/u_engine/u_gemm/gen_fp16.u_fp16/u_result_fifo/entry_memory_reg_0_1_56_69/RAMH
  global lutram RAMS32 vit_system_i/vit_phase_e_axi_0/inst/u_core/u_npu/u_engine/u_gemm/gen_fp16.u_fp16/u_result_fifo/entry_memory_reg_0_1_56_69/RAMH_D1
  global lutram RAMD32 vit_system_i/vit_phase_e_axi_0/inst/u_core/u_npu/u_engine/u_gemm/gen_fp16.u_fp16/u_result_fifo/entry_memory_reg_0_1_574_587/RAMA
  global lutram RAMD32 vit_system_i/vit_phase_e_axi_0/inst/u_core/u_npu/u_engine/u_gemm/gen_fp16.u_fp16/u_result_fifo/entry_memory_reg_0_1_574_587/RAMA_D1
  global lutram RAMD32 vit_system_i/vit_phase_e_axi_0/inst/u_core/u_npu/u_engine/u_gemm/gen_fp16.u_fp16/u_result_fifo/entry_memory_reg_0_1_574_587/RAMB
  global lutram RAMD32 vit_system_i/vit_phase_e_axi_0/inst/u_core/u_npu/u_engine/u_gemm/gen_fp16.u_fp16/u_result_fifo/entry_memory_reg_0_1_574_587/RAMB_D1
  global lutram RAMD32 vit_system_i/vit_phase_e_axi_0/inst/u_core/u_npu/u_engine/u_gemm/gen_fp16.u_fp16/u_result_fifo/entry_memory_reg_0_1_574_587/RAMC
  global lutram RAMD32 vit_system_i/vit_phase_e_axi_0/inst/u_core/u_npu/u_engine/u_gemm/gen_fp16.u_fp16/u_result_fifo/entry_memory_reg_0_1_574_587/RAMC_D1
  global lutram RAMD32 vit_system_i/vit_phase_e_axi_0/inst/u_core/u_npu/u_engine/u_gemm/gen_fp16.u_fp16/u_result_fifo/entry_memory_reg_0_1_574_587/RAMD
  global lutram RAMD32 vit_system_i/vit_phase_e_axi_0/inst/u_core/u_npu/u_engine/u_gemm/gen_fp16.u_fp16/u_result_fifo/entry_memory_reg_0_1_574_587/RAMD_D1
  global lutram RAMD32 vit_system_i/vit_phase_e_axi_0/inst/u_core/u_npu/u_engine/u_gemm/gen_fp16.u_fp16/u_result_fifo/entry_memory_reg_0_1_574_587/RAME
  global lutram RAMD32 vit_system_i/vit_phase_e_axi_0/inst/u_core/u_npu/u_engine/u_gemm/gen_fp16.u_fp16/u_result_fifo/entry_memory_reg_0_1_574_587/RAME_D1
  global lutram RAMD32 vit_system_i/vit_phase_e_axi_0/inst/u_core/u_npu/u_engine/u_gemm/gen_fp16.u_fp16/u_result_fifo/entry_memory_reg_0_1_574_587/RAMF
  global lutram RAMD32 vit_system_i/vit_phase_e_axi_0/inst/u_core/u_npu/u_engine/u_gemm/gen_fp16.u_fp16/u_result_fifo/entry_memory_reg_0_1_574_587/RAMF_D1
  global lutram RAMD32 vit_system_i/vit_phase_e_axi_0/inst/u_core/u_npu/u_engine/u_gemm/gen_fp16.u_fp16/u_result_fifo/entry_memory_reg_0_1_574_587/RAMG
  global lutram RAMD32 vit_system_i/vit_phase_e_axi_0/inst/u_core/u_npu/u_engine/u_gemm/gen_fp16.u_fp16/u_result_fifo/entry_memory_reg_0_1_574_587/RAMG_D1
  global lutram RAMS32 vit_system_i/vit_phase_e_axi_0/inst/u_core/u_npu/u_engine/u_gemm/gen_fp16.u_fp16/u_result_fifo/entry_memory_reg_0_1_574_587/RAMH
  global lutram RAMS32 vit_system_i/vit_phase_e_axi_0/inst/u_core/u_npu/u_engine/u_gemm/gen_fp16.u_fp16/u_result_fifo/entry_memory_reg_0_1_574_587/RAMH_D1
  global lutram RAMD32 vit_system_i/vit_phase_e_axi_0/inst/u_core/u_npu/u_engine/u_gemm/gen_fp16.u_fp16/u_result_fifo/entry_memory_reg_0_1_588_601/RAMA
  global lutram RAMD32 vit_system_i/vit_phase_e_axi_0/inst/u_core/u_npu/u_engine/u_gemm/gen_fp16.u_fp16/u_result_fifo/entry_memory_reg_0_1_588_601/RAMA_D1
  global lutram RAMD32 vit_system_i/vit_phase_e_axi_0/inst/u_core/u_npu/u_engine/u_gemm/gen_fp16.u_fp16/u_result_fifo/entry_memory_reg_0_1_588_601/RAMB
  global lutram RAMD32 vit_system_i/vit_phase_e_axi_0/inst/u_core/u_npu/u_engine/u_gemm/gen_fp16.u_fp16/u_result_fifo/entry_memory_reg_0_1_588_601/RAMB_D1
  global lutram RAMD32 vit_system_i/vit_phase_e_axi_0/inst/u_core/u_npu/u_engine/u_gemm/gen_fp16.u_fp16/u_result_fifo/entry_memory_reg_0_1_588_601/RAMC
  global lutram RAMD32 vit_system_i/vit_phase_e_axi_0/inst/u_core/u_npu/u_engine/u_gemm/gen_fp16.u_fp16/u_result_fifo/entry_memory_reg_0_1_588_601/RAMC_D1
  global lutram RAMD32 vit_system_i/vit_phase_e_axi_0/inst/u_core/u_npu/u_engine/u_gemm/gen_fp16.u_fp16/u_result_fifo/entry_memory_reg_0_1_588_601/RAMD
  global lutram RAMD32 vit_system_i/vit_phase_e_axi_0/inst/u_core/u_npu/u_engine/u_gemm/gen_fp16.u_fp16/u_result_fifo/entry_memory_reg_0_1_588_601/RAMD_D1
  global lutram RAMD32 vit_system_i/vit_phase_e_axi_0/inst/u_core/u_npu/u_engine/u_gemm/gen_fp16.u_fp16/u_result_fifo/entry_memory_reg_0_1_588_601/RAME
  global lutram RAMD32 vit_system_i/vit_phase_e_axi_0/inst/u_core/u_npu/u_engine/u_gemm/gen_fp16.u_fp16/u_result_fifo/entry_memory_reg_0_1_588_601/RAME_D1
  global lutram RAMD32 vit_system_i/vit_phase_e_axi_0/inst/u_core/u_npu/u_engine/u_gemm/gen_fp16.u_fp16/u_result_fifo/entry_memory_reg_0_1_588_601/RAMF
  global lutram RAMD32 vit_system_i/vit_phase_e_axi_0/inst/u_core/u_npu/u_engine/u_gemm/gen_fp16.u_fp16/u_result_fifo/entry_memory_reg_0_1_588_601/RAMF_D1
  global lutram RAMD32 vit_system_i/vit_phase_e_axi_0/inst/u_core/u_npu/u_engine/u_gemm/gen_fp16.u_fp16/u_result_fifo/entry_memory_reg_0_1_588_601/RAMG
  global lutram RAMD32 vit_system_i/vit_phase_e_axi_0/inst/u_core/u_npu/u_engine/u_gemm/gen_fp16.u_fp16/u_result_fifo/entry_memory_reg_0_1_588_601/RAMG_D1
  global lutram RAMS32 vit_system_i/vit_phase_e_axi_0/inst/u_core/u_npu/u_engine/u_gemm/gen_fp16.u_fp16/u_result_fifo/entry_memory_reg_0_1_588_601/RAMH
  global lutram RAMS32 vit_system_i/vit_phase_e_axi_0/inst/u_core/u_npu/u_engine/u_gemm/gen_fp16.u_fp16/u_result_fifo/entry_memory_reg_0_1_588_601/RAMH_D1
  global lutram RAMD32 vit_system_i/vit_phase_e_axi_0/inst/u_core/u_npu/u_engine/u_gemm/gen_fp16.u_fp16/u_result_fifo/entry_memory_reg_0_1_602_615/RAMA
  global lutram RAMD32 vit_system_i/vit_phase_e_axi_0/inst/u_core/u_npu/u_engine/u_gemm/gen_fp16.u_fp16/u_result_fifo/entry_memory_reg_0_1_602_615/RAMA_D1
  global lutram RAMD32 vit_system_i/vit_phase_e_axi_0/inst/u_core/u_npu/u_engine/u_gemm/gen_fp16.u_fp16/u_result_fifo/entry_memory_reg_0_1_602_615/RAMB
  global lutram RAMD32 vit_system_i/vit_phase_e_axi_0/inst/u_core/u_npu/u_engine/u_gemm/gen_fp16.u_fp16/u_result_fifo/entry_memory_reg_0_1_602_615/RAMB_D1
  global lutram RAMD32 vit_system_i/vit_phase_e_axi_0/inst/u_core/u_npu/u_engine/u_gemm/gen_fp16.u_fp16/u_result_fifo/entry_memory_reg_0_1_602_615/RAMC
  global lutram RAMD32 vit_system_i/vit_phase_e_axi_0/inst/u_core/u_npu/u_engine/u_gemm/gen_fp16.u_fp16/u_result_fifo/entry_memory_reg_0_1_602_615/RAMC_D1
  global lutram RAMD32 vit_system_i/vit_phase_e_axi_0/inst/u_core/u_npu/u_engine/u_gemm/gen_fp16.u_fp16/u_result_fifo/entry_memory_reg_0_1_602_615/RAMD
  global lutram RAMD32 vit_system_i/vit_phase_e_axi_0/inst/u_core/u_npu/u_engine/u_gemm/gen_fp16.u_fp16/u_result_fifo/entry_memory_reg_0_1_602_615/RAMD_D1
  global lutram RAMD32 vit_system_i/vit_phase_e_axi_0/inst/u_core/u_npu/u_engine/u_gemm/gen_fp16.u_fp16/u_result_fifo/entry_memory_reg_0_1_602_615/RAME
  global lutram RAMD32 vit_system_i/vit_phase_e_axi_0/inst/u_core/u_npu/u_engine/u_gemm/gen_fp16.u_fp16/u_result_fifo/entry_memory_reg_0_1_602_615/RAME_D1
  global lutram RAMD32 vit_system_i/vit_phase_e_axi_0/inst/u_core/u_npu/u_engine/u_gemm/gen_fp16.u_fp16/u_result_fifo/entry_memory_reg_0_1_602_615/RAMF
  global lutram RAMD32 vit_system_i/vit_phase_e_axi_0/inst/u_core/u_npu/u_engine/u_gemm/gen_fp16.u_fp16/u_result_fifo/entry_memory_reg_0_1_602_615/RAMF_D1
  global lutram RAMD32 vit_system_i/vit_phase_e_axi_0/inst/u_core/u_npu/u_engine/u_gemm/gen_fp16.u_fp16/u_result_fifo/entry_memory_reg_0_1_602_615/RAMG
  global lutram RAMD32 vit_system_i/vit_phase_e_axi_0/inst/u_core/u_npu/u_engine/u_gemm/gen_fp16.u_fp16/u_result_fifo/entry_memory_reg_0_1_602_615/RAMG_D1
  global lutram RAMS32 vit_system_i/vit_phase_e_axi_0/inst/u_core/u_npu/u_engine/u_gemm/gen_fp16.u_fp16/u_result_fifo/entry_memory_reg_0_1_602_615/RAMH
  global lutram RAMS32 vit_system_i/vit_phase_e_axi_0/inst/u_core/u_npu/u_engine/u_gemm/gen_fp16.u_fp16/u_result_fifo/entry_memory_reg_0_1_602_615/RAMH_D1
  global lutram RAMD32 vit_system_i/vit_phase_e_axi_0/inst/u_core/u_npu/u_engine/u_gemm/gen_fp16.u_fp16/u_result_fifo/entry_memory_reg_0_1_616_629/RAMA
  global lutram RAMD32 vit_system_i/vit_phase_e_axi_0/inst/u_core/u_npu/u_engine/u_gemm/gen_fp16.u_fp16/u_result_fifo/entry_memory_reg_0_1_616_629/RAMA_D1
  global lutram RAMD32 vit_system_i/vit_phase_e_axi_0/inst/u_core/u_npu/u_engine/u_gemm/gen_fp16.u_fp16/u_result_fifo/entry_memory_reg_0_1_616_629/RAMB
  global lutram RAMD32 vit_system_i/vit_phase_e_axi_0/inst/u_core/u_npu/u_engine/u_gemm/gen_fp16.u_fp16/u_result_fifo/entry_memory_reg_0_1_616_629/RAMB_D1
  global lutram RAMD32 vit_system_i/vit_phase_e_axi_0/inst/u_core/u_npu/u_engine/u_gemm/gen_fp16.u_fp16/u_result_fifo/entry_memory_reg_0_1_616_629/RAMC
  global lutram RAMD32 vit_system_i/vit_phase_e_axi_0/inst/u_core/u_npu/u_engine/u_gemm/gen_fp16.u_fp16/u_result_fifo/entry_memory_reg_0_1_616_629/RAMC_D1
  global lutram RAMD32 vit_system_i/vit_phase_e_axi_0/inst/u_core/u_npu/u_engine/u_gemm/gen_fp16.u_fp16/u_result_fifo/entry_memory_reg_0_1_616_629/RAMD
  global lutram RAMD32 vit_system_i/vit_phase_e_axi_0/inst/u_core/u_npu/u_engine/u_gemm/gen_fp16.u_fp16/u_result_fifo/entry_memory_reg_0_1_616_629/RAMD_D1
  global lutram RAMD32 vit_system_i/vit_phase_e_axi_0/inst/u_core/u_npu/u_engine/u_gemm/gen_fp16.u_fp16/u_result_fifo/entry_memory_reg_0_1_616_629/RAME
  global lutram RAMD32 vit_system_i/vit_phase_e_axi_0/inst/u_core/u_npu/u_engine/u_gemm/gen_fp16.u_fp16/u_result_fifo/entry_memory_reg_0_1_616_629/RAME_D1
  global lutram RAMD32 vit_system_i/vit_phase_e_axi_0/inst/u_core/u_npu/u_engine/u_gemm/gen_fp16.u_fp16/u_result_fifo/entry_memory_reg_0_1_616_629/RAMF
  global lutram RAMD32 vit_system_i/vit_phase_e_axi_0/inst/u_core/u_npu/u_engine/u_gemm/gen_fp16.u_fp16/u_result_fifo/entry_memory_reg_0_1_616_629/RAMF_D1
  global lutram RAMD32 vit_system_i/vit_phase_e_axi_0/inst/u_core/u_npu/u_engine/u_gemm/gen_fp16.u_fp16/u_result_fifo/entry_memory_reg_0_1_616_629/RAMG
  global lutram RAMD32 vit_system_i/vit_phase_e_axi_0/inst/u_core/u_npu/u_engine/u_gemm/gen_fp16.u_fp16/u_result_fifo/entry_memory_reg_0_1_616_629/RAMG_D1
  global lutram RAMS32 vit_system_i/vit_phase_e_axi_0/inst/u_core/u_npu/u_engine/u_gemm/gen_fp16.u_fp16/u_result_fifo/entry_memory_reg_0_1_616_629/RAMH
  global lutram RAMS32 vit_system_i/vit_phase_e_axi_0/inst/u_core/u_npu/u_engine/u_gemm/gen_fp16.u_fp16/u_result_fifo/entry_memory_reg_0_1_616_629/RAMH_D1
  global lutram RAMD32 vit_system_i/vit_phase_e_axi_0/inst/u_core/u_npu/u_engine/u_gemm/gen_fp16.u_fp16/u_result_fifo/entry_memory_reg_0_1_630_643/RAMA
  global lutram RAMD32 vit_system_i/vit_phase_e_axi_0/inst/u_core/u_npu/u_engine/u_gemm/gen_fp16.u_fp16/u_result_fifo/entry_memory_reg_0_1_630_643/RAMA_D1
  global lutram RAMD32 vit_system_i/vit_phase_e_axi_0/inst/u_core/u_npu/u_engine/u_gemm/gen_fp16.u_fp16/u_result_fifo/entry_memory_reg_0_1_630_643/RAMB
  global lutram RAMD32 vit_system_i/vit_phase_e_axi_0/inst/u_core/u_npu/u_engine/u_gemm/gen_fp16.u_fp16/u_result_fifo/entry_memory_reg_0_1_630_643/RAMB_D1
  global lutram RAMD32 vit_system_i/vit_phase_e_axi_0/inst/u_core/u_npu/u_engine/u_gemm/gen_fp16.u_fp16/u_result_fifo/entry_memory_reg_0_1_630_643/RAMC
  global lutram RAMD32 vit_system_i/vit_phase_e_axi_0/inst/u_core/u_npu/u_engine/u_gemm/gen_fp16.u_fp16/u_result_fifo/entry_memory_reg_0_1_630_643/RAMC_D1
  global lutram RAMD32 vit_system_i/vit_phase_e_axi_0/inst/u_core/u_npu/u_engine/u_gemm/gen_fp16.u_fp16/u_result_fifo/entry_memory_reg_0_1_630_643/RAMD
  global lutram RAMD32 vit_system_i/vit_phase_e_axi_0/inst/u_core/u_npu/u_engine/u_gemm/gen_fp16.u_fp16/u_result_fifo/entry_memory_reg_0_1_630_643/RAMD_D1
  global lutram RAMD32 vit_system_i/vit_phase_e_axi_0/inst/u_core/u_npu/u_engine/u_gemm/gen_fp16.u_fp16/u_result_fifo/entry_memory_reg_0_1_630_643/RAME
  global lutram RAMD32 vit_system_i/vit_phase_e_axi_0/inst/u_core/u_npu/u_engine/u_gemm/gen_fp16.u_fp16/u_result_fifo/entry_memory_reg_0_1_630_643/RAME_D1
  global lutram RAMD32 vit_system_i/vit_phase_e_axi_0/inst/u_core/u_npu/u_engine/u_gemm/gen_fp16.u_fp16/u_result_fifo/entry_memory_reg_0_1_630_643/RAMF
  global lutram RAMD32 vit_system_i/vit_phase_e_axi_0/inst/u_core/u_npu/u_engine/u_gemm/gen_fp16.u_fp16/u_result_fifo/entry_memory_reg_0_1_630_643/RAMF_D1
  global lutram RAMD32 vit_system_i/vit_phase_e_axi_0/inst/u_core/u_npu/u_engine/u_gemm/gen_fp16.u_fp16/u_result_fifo/entry_memory_reg_0_1_630_643/RAMG
  global lutram RAMD32 vit_system_i/vit_phase_e_axi_0/inst/u_core/u_npu/u_engine/u_gemm/gen_fp16.u_fp16/u_result_fifo/entry_memory_reg_0_1_630_643/RAMG_D1
  global lutram RAMS32 vit_system_i/vit_phase_e_axi_0/inst/u_core/u_npu/u_engine/u_gemm/gen_fp16.u_fp16/u_result_fifo/entry_memory_reg_0_1_630_643/RAMH
  global lutram RAMS32 vit_system_i/vit_phase_e_axi_0/inst/u_core/u_npu/u_engine/u_gemm/gen_fp16.u_fp16/u_result_fifo/entry_memory_reg_0_1_630_643/RAMH_D1
  global lutram RAMD32 vit_system_i/vit_phase_e_axi_0/inst/u_core/u_npu/u_engine/u_gemm/gen_fp16.u_fp16/u_result_fifo/entry_memory_reg_0_1_644_657/RAMA
  global lutram RAMD32 vit_system_i/vit_phase_e_axi_0/inst/u_core/u_npu/u_engine/u_gemm/gen_fp16.u_fp16/u_result_fifo/entry_memory_reg_0_1_644_657/RAMA_D1
  global lutram RAMD32 vit_system_i/vit_phase_e_axi_0/inst/u_core/u_npu/u_engine/u_gemm/gen_fp16.u_fp16/u_result_fifo/entry_memory_reg_0_1_644_657/RAMB
  global lutram RAMD32 vit_system_i/vit_phase_e_axi_0/inst/u_core/u_npu/u_engine/u_gemm/gen_fp16.u_fp16/u_result_fifo/entry_memory_reg_0_1_644_657/RAMB_D1
  global lutram RAMD32 vit_system_i/vit_phase_e_axi_0/inst/u_core/u_npu/u_engine/u_gemm/gen_fp16.u_fp16/u_result_fifo/entry_memory_reg_0_1_644_657/RAMC
  global lutram RAMD32 vit_system_i/vit_phase_e_axi_0/inst/u_core/u_npu/u_engine/u_gemm/gen_fp16.u_fp16/u_result_fifo/entry_memory_reg_0_1_644_657/RAMC_D1
  global lutram RAMD32 vit_system_i/vit_phase_e_axi_0/inst/u_core/u_npu/u_engine/u_gemm/gen_fp16.u_fp16/u_result_fifo/entry_memory_reg_0_1_644_657/RAMD
  global lutram RAMD32 vit_system_i/vit_phase_e_axi_0/inst/u_core/u_npu/u_engine/u_gemm/gen_fp16.u_fp16/u_result_fifo/entry_memory_reg_0_1_644_657/RAMD_D1
  global lutram RAMD32 vit_system_i/vit_phase_e_axi_0/inst/u_core/u_npu/u_engine/u_gemm/gen_fp16.u_fp16/u_result_fifo/entry_memory_reg_0_1_644_657/RAME
  global lutram RAMD32 vit_system_i/vit_phase_e_axi_0/inst/u_core/u_npu/u_engine/u_gemm/gen_fp16.u_fp16/u_result_fifo/entry_memory_reg_0_1_644_657/RAME_D1
  global lutram RAMD32 vit_system_i/vit_phase_e_axi_0/inst/u_core/u_npu/u_engine/u_gemm/gen_fp16.u_fp16/u_result_fifo/entry_memory_reg_0_1_644_657/RAMF
  global lutram RAMD32 vit_system_i/vit_phase_e_axi_0/inst/u_core/u_npu/u_engine/u_gemm/gen_fp16.u_fp16/u_result_fifo/entry_memory_reg_0_1_644_657/RAMF_D1
  global lutram RAMD32 vit_system_i/vit_phase_e_axi_0/inst/u_core/u_npu/u_engine/u_gemm/gen_fp16.u_fp16/u_result_fifo/entry_memory_reg_0_1_644_657/RAMG
  global lutram RAMD32 vit_system_i/vit_phase_e_axi_0/inst/u_core/u_npu/u_engine/u_gemm/gen_fp16.u_fp16/u_result_fifo/entry_memory_reg_0_1_644_657/RAMG_D1
  global lutram RAMS32 vit_system_i/vit_phase_e_axi_0/inst/u_core/u_npu/u_engine/u_gemm/gen_fp16.u_fp16/u_result_fifo/entry_memory_reg_0_1_644_657/RAMH
  global lutram RAMS32 vit_system_i/vit_phase_e_axi_0/inst/u_core/u_npu/u_engine/u_gemm/gen_fp16.u_fp16/u_result_fifo/entry_memory_reg_0_1_644_657/RAMH_D1
  global lutram RAMD32 vit_system_i/vit_phase_e_axi_0/inst/u_core/u_npu/u_engine/u_gemm/gen_fp16.u_fp16/u_result_fifo/entry_memory_reg_0_1_658_671/RAMA
  global lutram RAMD32 vit_system_i/vit_phase_e_axi_0/inst/u_core/u_npu/u_engine/u_gemm/gen_fp16.u_fp16/u_result_fifo/entry_memory_reg_0_1_658_671/RAMA_D1
  global lutram RAMD32 vit_system_i/vit_phase_e_axi_0/inst/u_core/u_npu/u_engine/u_gemm/gen_fp16.u_fp16/u_result_fifo/entry_memory_reg_0_1_658_671/RAMB
  global lutram RAMD32 vit_system_i/vit_phase_e_axi_0/inst/u_core/u_npu/u_engine/u_gemm/gen_fp16.u_fp16/u_result_fifo/entry_memory_reg_0_1_658_671/RAMB_D1
  global lutram RAMD32 vit_system_i/vit_phase_e_axi_0/inst/u_core/u_npu/u_engine/u_gemm/gen_fp16.u_fp16/u_result_fifo/entry_memory_reg_0_1_658_671/RAMC
  global lutram RAMD32 vit_system_i/vit_phase_e_axi_0/inst/u_core/u_npu/u_engine/u_gemm/gen_fp16.u_fp16/u_result_fifo/entry_memory_reg_0_1_658_671/RAMC_D1
  global lutram RAMD32 vit_system_i/vit_phase_e_axi_0/inst/u_core/u_npu/u_engine/u_gemm/gen_fp16.u_fp16/u_result_fifo/entry_memory_reg_0_1_658_671/RAMD
  global lutram RAMD32 vit_system_i/vit_phase_e_axi_0/inst/u_core/u_npu/u_engine/u_gemm/gen_fp16.u_fp16/u_result_fifo/entry_memory_reg_0_1_658_671/RAMD_D1
  global lutram RAMD32 vit_system_i/vit_phase_e_axi_0/inst/u_core/u_npu/u_engine/u_gemm/gen_fp16.u_fp16/u_result_fifo/entry_memory_reg_0_1_658_671/RAME
  global lutram RAMD32 vit_system_i/vit_phase_e_axi_0/inst/u_core/u_npu/u_engine/u_gemm/gen_fp16.u_fp16/u_result_fifo/entry_memory_reg_0_1_658_671/RAME_D1
  global lutram RAMD32 vit_system_i/vit_phase_e_axi_0/inst/u_core/u_npu/u_engine/u_gemm/gen_fp16.u_fp16/u_result_fifo/entry_memory_reg_0_1_658_671/RAMF
  global lutram RAMD32 vit_system_i/vit_phase_e_axi_0/inst/u_core/u_npu/u_engine/u_gemm/gen_fp16.u_fp16/u_result_fifo/entry_memory_reg_0_1_658_671/RAMF_D1
  global lutram RAMD32 vit_system_i/vit_phase_e_axi_0/inst/u_core/u_npu/u_engine/u_gemm/gen_fp16.u_fp16/u_result_fifo/entry_memory_reg_0_1_658_671/RAMG
  global lutram RAMD32 vit_system_i/vit_phase_e_axi_0/inst/u_core/u_npu/u_engine/u_gemm/gen_fp16.u_fp16/u_result_fifo/entry_memory_reg_0_1_658_671/RAMG_D1
  global lutram RAMS32 vit_system_i/vit_phase_e_axi_0/inst/u_core/u_npu/u_engine/u_gemm/gen_fp16.u_fp16/u_result_fifo/entry_memory_reg_0_1_658_671/RAMH
  global lutram RAMS32 vit_system_i/vit_phase_e_axi_0/inst/u_core/u_npu/u_engine/u_gemm/gen_fp16.u_fp16/u_result_fifo/entry_memory_reg_0_1_658_671/RAMH_D1
  global lutram RAMD32 vit_system_i/vit_phase_e_axi_0/inst/u_core/u_npu/u_engine/u_gemm/gen_fp16.u_fp16/u_result_fifo/entry_memory_reg_0_1_672_685/RAMA
  global lutram RAMD32 vit_system_i/vit_phase_e_axi_0/inst/u_core/u_npu/u_engine/u_gemm/gen_fp16.u_fp16/u_result_fifo/entry_memory_reg_0_1_672_685/RAMA_D1
  global lutram RAMD32 vit_system_i/vit_phase_e_axi_0/inst/u_core/u_npu/u_engine/u_gemm/gen_fp16.u_fp16/u_result_fifo/entry_memory_reg_0_1_672_685/RAMB
  global lutram RAMD32 vit_system_i/vit_phase_e_axi_0/inst/u_core/u_npu/u_engine/u_gemm/gen_fp16.u_fp16/u_result_fifo/entry_memory_reg_0_1_672_685/RAMB_D1
  global lutram RAMD32 vit_system_i/vit_phase_e_axi_0/inst/u_core/u_npu/u_engine/u_gemm/gen_fp16.u_fp16/u_result_fifo/entry_memory_reg_0_1_672_685/RAMC
  global lutram RAMD32 vit_system_i/vit_phase_e_axi_0/inst/u_core/u_npu/u_engine/u_gemm/gen_fp16.u_fp16/u_result_fifo/entry_memory_reg_0_1_672_685/RAMC_D1
  global lutram RAMD32 vit_system_i/vit_phase_e_axi_0/inst/u_core/u_npu/u_engine/u_gemm/gen_fp16.u_fp16/u_result_fifo/entry_memory_reg_0_1_672_685/RAMD
  global lutram RAMD32 vit_system_i/vit_phase_e_axi_0/inst/u_core/u_npu/u_engine/u_gemm/gen_fp16.u_fp16/u_result_fifo/entry_memory_reg_0_1_672_685/RAMD_D1
  global lutram RAMD32 vit_system_i/vit_phase_e_axi_0/inst/u_core/u_npu/u_engine/u_gemm/gen_fp16.u_fp16/u_result_fifo/entry_memory_reg_0_1_672_685/RAME
  global lutram RAMD32 vit_system_i/vit_phase_e_axi_0/inst/u_core/u_npu/u_engine/u_gemm/gen_fp16.u_fp16/u_result_fifo/entry_memory_reg_0_1_672_685/RAME_D1
  global lutram RAMD32 vit_system_i/vit_phase_e_axi_0/inst/u_core/u_npu/u_engine/u_gemm/gen_fp16.u_fp16/u_result_fifo/entry_memory_reg_0_1_672_685/RAMF
  global lutram RAMD32 vit_system_i/vit_phase_e_axi_0/inst/u_core/u_npu/u_engine/u_gemm/gen_fp16.u_fp16/u_result_fifo/entry_memory_reg_0_1_672_685/RAMF_D1
  global lutram RAMD32 vit_system_i/vit_phase_e_axi_0/inst/u_core/u_npu/u_engine/u_gemm/gen_fp16.u_fp16/u_result_fifo/entry_memory_reg_0_1_672_685/RAMG
  global lutram RAMD32 vit_system_i/vit_phase_e_axi_0/inst/u_core/u_npu/u_engine/u_gemm/gen_fp16.u_fp16/u_result_fifo/entry_memory_reg_0_1_672_685/RAMG_D1
  global lutram RAMS32 vit_system_i/vit_phase_e_axi_0/inst/u_core/u_npu/u_engine/u_gemm/gen_fp16.u_fp16/u_result_fifo/entry_memory_reg_0_1_672_685/RAMH
  global lutram RAMS32 vit_system_i/vit_phase_e_axi_0/inst/u_core/u_npu/u_engine/u_gemm/gen_fp16.u_fp16/u_result_fifo/entry_memory_reg_0_1_672_685/RAMH_D1
  global lutram RAMD32 vit_system_i/vit_phase_e_axi_0/inst/u_core/u_npu/u_engine/u_gemm/gen_fp16.u_fp16/u_result_fifo/entry_memory_reg_0_1_686_691/RAMA
  global lutram RAMD32 vit_system_i/vit_phase_e_axi_0/inst/u_core/u_npu/u_engine/u_gemm/gen_fp16.u_fp16/u_result_fifo/entry_memory_reg_0_1_686_691/RAMA_D1
  global lutram RAMD32 vit_system_i/vit_phase_e_axi_0/inst/u_core/u_npu/u_engine/u_gemm/gen_fp16.u_fp16/u_result_fifo/entry_memory_reg_0_1_686_691/RAMB
  global lutram RAMD32 vit_system_i/vit_phase_e_axi_0/inst/u_core/u_npu/u_engine/u_gemm/gen_fp16.u_fp16/u_result_fifo/entry_memory_reg_0_1_686_691/RAMB_D1
  global lutram RAMD32 vit_system_i/vit_phase_e_axi_0/inst/u_core/u_npu/u_engine/u_gemm/gen_fp16.u_fp16/u_result_fifo/entry_memory_reg_0_1_686_691/RAMC
  global lutram RAMD32 vit_system_i/vit_phase_e_axi_0/inst/u_core/u_npu/u_engine/u_gemm/gen_fp16.u_fp16/u_result_fifo/entry_memory_reg_0_1_686_691/RAMC_D1
  global lutram RAMS32 vit_system_i/vit_phase_e_axi_0/inst/u_core/u_npu/u_engine/u_gemm/gen_fp16.u_fp16/u_result_fifo/entry_memory_reg_0_1_686_691/RAMD
  global lutram RAMS32 vit_system_i/vit_phase_e_axi_0/inst/u_core/u_npu/u_engine/u_gemm/gen_fp16.u_fp16/u_result_fifo/entry_memory_reg_0_1_686_691/RAMD_D1
  global lutram RAMD32 vit_system_i/vit_phase_e_axi_0/inst/u_core/u_npu/u_engine/u_gemm/gen_fp16.u_fp16/u_result_fifo/entry_memory_reg_0_1_70_83/RAMA
  global lutram RAMD32 vit_system_i/vit_phase_e_axi_0/inst/u_core/u_npu/u_engine/u_gemm/gen_fp16.u_fp16/u_result_fifo/entry_memory_reg_0_1_70_83/RAMA_D1
  global lutram RAMD32 vit_system_i/vit_phase_e_axi_0/inst/u_core/u_npu/u_engine/u_gemm/gen_fp16.u_fp16/u_result_fifo/entry_memory_reg_0_1_70_83/RAMB
  global lutram RAMD32 vit_system_i/vit_phase_e_axi_0/inst/u_core/u_npu/u_engine/u_gemm/gen_fp16.u_fp16/u_result_fifo/entry_memory_reg_0_1_70_83/RAMB_D1
  global lutram RAMD32 vit_system_i/vit_phase_e_axi_0/inst/u_core/u_npu/u_engine/u_gemm/gen_fp16.u_fp16/u_result_fifo/entry_memory_reg_0_1_70_83/RAMC
  global lutram RAMD32 vit_system_i/vit_phase_e_axi_0/inst/u_core/u_npu/u_engine/u_gemm/gen_fp16.u_fp16/u_result_fifo/entry_memory_reg_0_1_70_83/RAMC_D1
  global lutram RAMD32 vit_system_i/vit_phase_e_axi_0/inst/u_core/u_npu/u_engine/u_gemm/gen_fp16.u_fp16/u_result_fifo/entry_memory_reg_0_1_70_83/RAMD
  global lutram RAMD32 vit_system_i/vit_phase_e_axi_0/inst/u_core/u_npu/u_engine/u_gemm/gen_fp16.u_fp16/u_result_fifo/entry_memory_reg_0_1_70_83/RAMD_D1
  global lutram RAMD32 vit_system_i/vit_phase_e_axi_0/inst/u_core/u_npu/u_engine/u_gemm/gen_fp16.u_fp16/u_result_fifo/entry_memory_reg_0_1_70_83/RAME
  global lutram RAMD32 vit_system_i/vit_phase_e_axi_0/inst/u_core/u_npu/u_engine/u_gemm/gen_fp16.u_fp16/u_result_fifo/entry_memory_reg_0_1_70_83/RAME_D1
  global lutram RAMD32 vit_system_i/vit_phase_e_axi_0/inst/u_core/u_npu/u_engine/u_gemm/gen_fp16.u_fp16/u_result_fifo/entry_memory_reg_0_1_70_83/RAMF
  global lutram RAMD32 vit_system_i/vit_phase_e_axi_0/inst/u_core/u_npu/u_engine/u_gemm/gen_fp16.u_fp16/u_result_fifo/entry_memory_reg_0_1_70_83/RAMF_D1
  global lutram RAMD32 vit_system_i/vit_phase_e_axi_0/inst/u_core/u_npu/u_engine/u_gemm/gen_fp16.u_fp16/u_result_fifo/entry_memory_reg_0_1_70_83/RAMG
  global lutram RAMD32 vit_system_i/vit_phase_e_axi_0/inst/u_core/u_npu/u_engine/u_gemm/gen_fp16.u_fp16/u_result_fifo/entry_memory_reg_0_1_70_83/RAMG_D1
  global lutram RAMS32 vit_system_i/vit_phase_e_axi_0/inst/u_core/u_npu/u_engine/u_gemm/gen_fp16.u_fp16/u_result_fifo/entry_memory_reg_0_1_70_83/RAMH
  global lutram RAMS32 vit_system_i/vit_phase_e_axi_0/inst/u_core/u_npu/u_engine/u_gemm/gen_fp16.u_fp16/u_result_fifo/entry_memory_reg_0_1_70_83/RAMH_D1
  global lutram RAMD32 vit_system_i/vit_phase_e_axi_0/inst/u_core/u_npu/u_engine/u_gemm/gen_fp16.u_fp16/u_result_fifo/entry_memory_reg_0_1_84_97/RAMA
  global lutram RAMD32 vit_system_i/vit_phase_e_axi_0/inst/u_core/u_npu/u_engine/u_gemm/gen_fp16.u_fp16/u_result_fifo/entry_memory_reg_0_1_84_97/RAMA_D1
  global lutram RAMD32 vit_system_i/vit_phase_e_axi_0/inst/u_core/u_npu/u_engine/u_gemm/gen_fp16.u_fp16/u_result_fifo/entry_memory_reg_0_1_84_97/RAMB
  global lutram RAMD32 vit_system_i/vit_phase_e_axi_0/inst/u_core/u_npu/u_engine/u_gemm/gen_fp16.u_fp16/u_result_fifo/entry_memory_reg_0_1_84_97/RAMB_D1
  global lutram RAMD32 vit_system_i/vit_phase_e_axi_0/inst/u_core/u_npu/u_engine/u_gemm/gen_fp16.u_fp16/u_result_fifo/entry_memory_reg_0_1_84_97/RAMC
  global lutram RAMD32 vit_system_i/vit_phase_e_axi_0/inst/u_core/u_npu/u_engine/u_gemm/gen_fp16.u_fp16/u_result_fifo/entry_memory_reg_0_1_84_97/RAMC_D1
  global lutram RAMD32 vit_system_i/vit_phase_e_axi_0/inst/u_core/u_npu/u_engine/u_gemm/gen_fp16.u_fp16/u_result_fifo/entry_memory_reg_0_1_84_97/RAMD
  global lutram RAMD32 vit_system_i/vit_phase_e_axi_0/inst/u_core/u_npu/u_engine/u_gemm/gen_fp16.u_fp16/u_result_fifo/entry_memory_reg_0_1_84_97/RAMD_D1
  global lutram RAMD32 vit_system_i/vit_phase_e_axi_0/inst/u_core/u_npu/u_engine/u_gemm/gen_fp16.u_fp16/u_result_fifo/entry_memory_reg_0_1_84_97/RAME
  global lutram RAMD32 vit_system_i/vit_phase_e_axi_0/inst/u_core/u_npu/u_engine/u_gemm/gen_fp16.u_fp16/u_result_fifo/entry_memory_reg_0_1_84_97/RAME_D1
  global lutram RAMD32 vit_system_i/vit_phase_e_axi_0/inst/u_core/u_npu/u_engine/u_gemm/gen_fp16.u_fp16/u_result_fifo/entry_memory_reg_0_1_84_97/RAMF
  global lutram RAMD32 vit_system_i/vit_phase_e_axi_0/inst/u_core/u_npu/u_engine/u_gemm/gen_fp16.u_fp16/u_result_fifo/entry_memory_reg_0_1_84_97/RAMF_D1
  global lutram RAMD32 vit_system_i/vit_phase_e_axi_0/inst/u_core/u_npu/u_engine/u_gemm/gen_fp16.u_fp16/u_result_fifo/entry_memory_reg_0_1_84_97/RAMG
  global lutram RAMD32 vit_system_i/vit_phase_e_axi_0/inst/u_core/u_npu/u_engine/u_gemm/gen_fp16.u_fp16/u_result_fifo/entry_memory_reg_0_1_84_97/RAMG_D1
  global lutram RAMS32 vit_system_i/vit_phase_e_axi_0/inst/u_core/u_npu/u_engine/u_gemm/gen_fp16.u_fp16/u_result_fifo/entry_memory_reg_0_1_84_97/RAMH
  global lutram RAMS32 vit_system_i/vit_phase_e_axi_0/inst/u_core/u_npu/u_engine/u_gemm/gen_fp16.u_fp16/u_result_fifo/entry_memory_reg_0_1_84_97/RAMH_D1
  global lutram RAMD32 vit_system_i/vit_phase_e_axi_0/inst/u_core/u_npu/u_engine/u_gemm/gen_fp16.u_fp16/u_result_fifo/entry_memory_reg_0_1_98_111/RAMA
  global lutram RAMD32 vit_system_i/vit_phase_e_axi_0/inst/u_core/u_npu/u_engine/u_gemm/gen_fp16.u_fp16/u_result_fifo/entry_memory_reg_0_1_98_111/RAMA_D1
  global lutram RAMD32 vit_system_i/vit_phase_e_axi_0/inst/u_core/u_npu/u_engine/u_gemm/gen_fp16.u_fp16/u_result_fifo/entry_memory_reg_0_1_98_111/RAMB
  global lutram RAMD32 vit_system_i/vit_phase_e_axi_0/inst/u_core/u_npu/u_engine/u_gemm/gen_fp16.u_fp16/u_result_fifo/entry_memory_reg_0_1_98_111/RAMB_D1
  global lutram RAMD32 vit_system_i/vit_phase_e_axi_0/inst/u_core/u_npu/u_engine/u_gemm/gen_fp16.u_fp16/u_result_fifo/entry_memory_reg_0_1_98_111/RAMC
  global lutram RAMD32 vit_system_i/vit_phase_e_axi_0/inst/u_core/u_npu/u_engine/u_gemm/gen_fp16.u_fp16/u_result_fifo/entry_memory_reg_0_1_98_111/RAMC_D1
  global lutram RAMD32 vit_system_i/vit_phase_e_axi_0/inst/u_core/u_npu/u_engine/u_gemm/gen_fp16.u_fp16/u_result_fifo/entry_memory_reg_0_1_98_111/RAMD
  global lutram RAMD32 vit_system_i/vit_phase_e_axi_0/inst/u_core/u_npu/u_engine/u_gemm/gen_fp16.u_fp16/u_result_fifo/entry_memory_reg_0_1_98_111/RAMD_D1
  global lutram RAMD32 vit_system_i/vit_phase_e_axi_0/inst/u_core/u_npu/u_engine/u_gemm/gen_fp16.u_fp16/u_result_fifo/entry_memory_reg_0_1_98_111/RAME
  global lutram RAMD32 vit_system_i/vit_phase_e_axi_0/inst/u_core/u_npu/u_engine/u_gemm/gen_fp16.u_fp16/u_result_fifo/entry_memory_reg_0_1_98_111/RAME_D1
  global lutram RAMD32 vit_system_i/vit_phase_e_axi_0/inst/u_core/u_npu/u_engine/u_gemm/gen_fp16.u_fp16/u_result_fifo/entry_memory_reg_0_1_98_111/RAMF
  global lutram RAMD32 vit_system_i/vit_phase_e_axi_0/inst/u_core/u_npu/u_engine/u_gemm/gen_fp16.u_fp16/u_result_fifo/entry_memory_reg_0_1_98_111/RAMF_D1
  global lutram RAMD32 vit_system_i/vit_phase_e_axi_0/inst/u_core/u_npu/u_engine/u_gemm/gen_fp16.u_fp16/u_result_fifo/entry_memory_reg_0_1_98_111/RAMG
  global lutram RAMD32 vit_system_i/vit_phase_e_axi_0/inst/u_core/u_npu/u_engine/u_gemm/gen_fp16.u_fp16/u_result_fifo/entry_memory_reg_0_1_98_111/RAMG_D1
  global lutram RAMS32 vit_system_i/vit_phase_e_axi_0/inst/u_core/u_npu/u_engine/u_gemm/gen_fp16.u_fp16/u_result_fifo/entry_memory_reg_0_1_98_111/RAMH
  global lutram RAMS32 vit_system_i/vit_phase_e_axi_0/inst/u_core/u_npu/u_engine/u_gemm/gen_fp16.u_fp16/u_result_fifo/entry_memory_reg_0_1_98_111/RAMH_D1
  global lutram RAM64M8 vit_system_i/vit_phase_e_axi_0/inst/u_core/u_profile_counters/trace_memory_reg_0_63_0_6
  global lutram RAM64M8 vit_system_i/vit_phase_e_axi_0/inst/u_core/u_profile_counters/trace_memory_reg_0_63_14_20
  global lutram RAM64M8 vit_system_i/vit_phase_e_axi_0/inst/u_core/u_profile_counters/trace_memory_reg_0_63_21_27
  global lutram RAM64M8 vit_system_i/vit_phase_e_axi_0/inst/u_core/u_profile_counters/trace_memory_reg_0_63_28_34
  global lutram RAM64M8 vit_system_i/vit_phase_e_axi_0/inst/u_core/u_profile_counters/trace_memory_reg_0_63_35_41
  global lutram RAM64M8 vit_system_i/vit_phase_e_axi_0/inst/u_core/u_profile_counters/trace_memory_reg_0_63_42_48
  global lutram RAM64M8 vit_system_i/vit_phase_e_axi_0/inst/u_core/u_profile_counters/trace_memory_reg_0_63_49_55
  global lutram RAM64M8 vit_system_i/vit_phase_e_axi_0/inst/u_core/u_profile_counters/trace_memory_reg_0_63_56_62
  global lutram RAM64M8 vit_system_i/vit_phase_e_axi_0/inst/u_core/u_profile_counters/trace_memory_reg_0_63_63_69
  global lutram RAM64M8 vit_system_i/vit_phase_e_axi_0/inst/u_core/u_profile_counters/trace_memory_reg_0_63_70_76
  global lutram RAM64M8 vit_system_i/vit_phase_e_axi_0/inst/u_core/u_profile_counters/trace_memory_reg_0_63_77_83
  global lutram RAM64M8 vit_system_i/vit_phase_e_axi_0/inst/u_core/u_profile_counters/trace_memory_reg_0_63_7_13
  global lutram RAM64M8 vit_system_i/vit_phase_e_axi_0/inst/u_core/u_profile_counters/trace_memory_reg_0_63_84_90
  global lutram RAM64M8 vit_system_i/vit_phase_e_axi_0/inst/u_core/u_profile_counters/trace_memory_reg_128_191_0_6
  global lutram RAM64M8 vit_system_i/vit_phase_e_axi_0/inst/u_core/u_profile_counters/trace_memory_reg_128_191_14_20
  global lutram RAM64M8 vit_system_i/vit_phase_e_axi_0/inst/u_core/u_profile_counters/trace_memory_reg_128_191_21_27
  global lutram RAM64M8 vit_system_i/vit_phase_e_axi_0/inst/u_core/u_profile_counters/trace_memory_reg_128_191_28_34
  global lutram RAM64M8 vit_system_i/vit_phase_e_axi_0/inst/u_core/u_profile_counters/trace_memory_reg_128_191_35_41
  global lutram RAM64M8 vit_system_i/vit_phase_e_axi_0/inst/u_core/u_profile_counters/trace_memory_reg_128_191_42_48
  global lutram RAM64M8 vit_system_i/vit_phase_e_axi_0/inst/u_core/u_profile_counters/trace_memory_reg_128_191_49_55
  global lutram RAM64M8 vit_system_i/vit_phase_e_axi_0/inst/u_core/u_profile_counters/trace_memory_reg_128_191_56_62
  global lutram RAM64M8 vit_system_i/vit_phase_e_axi_0/inst/u_core/u_profile_counters/trace_memory_reg_128_191_63_69
  global lutram RAM64M8 vit_system_i/vit_phase_e_axi_0/inst/u_core/u_profile_counters/trace_memory_reg_128_191_70_76
  global lutram RAM64M8 vit_system_i/vit_phase_e_axi_0/inst/u_core/u_profile_counters/trace_memory_reg_128_191_77_83
  global lutram RAM64M8 vit_system_i/vit_phase_e_axi_0/inst/u_core/u_profile_counters/trace_memory_reg_128_191_7_13
  global lutram RAM64M8 vit_system_i/vit_phase_e_axi_0/inst/u_core/u_profile_counters/trace_memory_reg_128_191_84_90
  global lutram RAM64M8 vit_system_i/vit_phase_e_axi_0/inst/u_core/u_profile_counters/trace_memory_reg_192_255_0_6
  global lutram RAM64M8 vit_system_i/vit_phase_e_axi_0/inst/u_core/u_profile_counters/trace_memory_reg_192_255_14_20
  global lutram RAM64M8 vit_system_i/vit_phase_e_axi_0/inst/u_core/u_profile_counters/trace_memory_reg_192_255_21_27
  global lutram RAM64M8 vit_system_i/vit_phase_e_axi_0/inst/u_core/u_profile_counters/trace_memory_reg_192_255_28_34
  global lutram RAM64M8 vit_system_i/vit_phase_e_axi_0/inst/u_core/u_profile_counters/trace_memory_reg_192_255_35_41
  global lutram RAM64M8 vit_system_i/vit_phase_e_axi_0/inst/u_core/u_profile_counters/trace_memory_reg_192_255_42_48
  global lutram RAM64M8 vit_system_i/vit_phase_e_axi_0/inst/u_core/u_profile_counters/trace_memory_reg_192_255_49_55
  global lutram RAM64M8 vit_system_i/vit_phase_e_axi_0/inst/u_core/u_profile_counters/trace_memory_reg_192_255_56_62
  global lutram RAM64M8 vit_system_i/vit_phase_e_axi_0/inst/u_core/u_profile_counters/trace_memory_reg_192_255_63_69
  global lutram RAM64M8 vit_system_i/vit_phase_e_axi_0/inst/u_core/u_profile_counters/trace_memory_reg_192_255_70_76
  global lutram RAM64M8 vit_system_i/vit_phase_e_axi_0/inst/u_core/u_profile_counters/trace_memory_reg_192_255_77_83
  global lutram RAM64M8 vit_system_i/vit_phase_e_axi_0/inst/u_core/u_profile_counters/trace_memory_reg_192_255_7_13
  global lutram RAM64M8 vit_system_i/vit_phase_e_axi_0/inst/u_core/u_profile_counters/trace_memory_reg_192_255_84_90
  global lutram RAM64M8 vit_system_i/vit_phase_e_axi_0/inst/u_core/u_profile_counters/trace_memory_reg_64_127_0_6
  global lutram RAM64M8 vit_system_i/vit_phase_e_axi_0/inst/u_core/u_profile_counters/trace_memory_reg_64_127_14_20
  global lutram RAM64M8 vit_system_i/vit_phase_e_axi_0/inst/u_core/u_profile_counters/trace_memory_reg_64_127_21_27
  global lutram RAM64M8 vit_system_i/vit_phase_e_axi_0/inst/u_core/u_profile_counters/trace_memory_reg_64_127_28_34
  global lutram RAM64M8 vit_system_i/vit_phase_e_axi_0/inst/u_core/u_profile_counters/trace_memory_reg_64_127_35_41
  global lutram RAM64M8 vit_system_i/vit_phase_e_axi_0/inst/u_core/u_profile_counters/trace_memory_reg_64_127_42_48
  global lutram RAM64M8 vit_system_i/vit_phase_e_axi_0/inst/u_core/u_profile_counters/trace_memory_reg_64_127_49_55
  global lutram RAM64M8 vit_system_i/vit_phase_e_axi_0/inst/u_core/u_profile_counters/trace_memory_reg_64_127_56_62
  global lutram RAM64M8 vit_system_i/vit_phase_e_axi_0/inst/u_core/u_profile_counters/trace_memory_reg_64_127_63_69
  global lutram RAM64M8 vit_system_i/vit_phase_e_axi_0/inst/u_core/u_profile_counters/trace_memory_reg_64_127_70_76
  global lutram RAM64M8 vit_system_i/vit_phase_e_axi_0/inst/u_core/u_profile_counters/trace_memory_reg_64_127_77_83
  global lutram RAM64M8 vit_system_i/vit_phase_e_axi_0/inst/u_core/u_profile_counters/trace_memory_reg_64_127_7_13
  global lutram RAM64M8 vit_system_i/vit_phase_e_axi_0/inst/u_core/u_profile_counters/trace_memory_reg_64_127_84_90
  global lutram RAMD64E vit_system_i/vit_phase_e_axi_0/inst/u_core/u_profile_counters/trace_memory_reg_0_63_0_6/RAMA
  global lutram RAMD64E vit_system_i/vit_phase_e_axi_0/inst/u_core/u_profile_counters/trace_memory_reg_0_63_0_6/RAMB
  global lutram RAMD64E vit_system_i/vit_phase_e_axi_0/inst/u_core/u_profile_counters/trace_memory_reg_0_63_0_6/RAMC
  global lutram RAMD64E vit_system_i/vit_phase_e_axi_0/inst/u_core/u_profile_counters/trace_memory_reg_0_63_0_6/RAMD
  global lutram RAMD64E vit_system_i/vit_phase_e_axi_0/inst/u_core/u_profile_counters/trace_memory_reg_0_63_0_6/RAME
  global lutram RAMD64E vit_system_i/vit_phase_e_axi_0/inst/u_core/u_profile_counters/trace_memory_reg_0_63_0_6/RAMF
  global lutram RAMD64E vit_system_i/vit_phase_e_axi_0/inst/u_core/u_profile_counters/trace_memory_reg_0_63_0_6/RAMG
  global lutram RAMD64E vit_system_i/vit_phase_e_axi_0/inst/u_core/u_profile_counters/trace_memory_reg_0_63_0_6/RAMH
  global lutram RAMD64E vit_system_i/vit_phase_e_axi_0/inst/u_core/u_profile_counters/trace_memory_reg_0_63_14_20/RAMA
  global lutram RAMD64E vit_system_i/vit_phase_e_axi_0/inst/u_core/u_profile_counters/trace_memory_reg_0_63_14_20/RAMB
  global lutram RAMD64E vit_system_i/vit_phase_e_axi_0/inst/u_core/u_profile_counters/trace_memory_reg_0_63_14_20/RAMC
  global lutram RAMD64E vit_system_i/vit_phase_e_axi_0/inst/u_core/u_profile_counters/trace_memory_reg_0_63_14_20/RAMD
  global lutram RAMD64E vit_system_i/vit_phase_e_axi_0/inst/u_core/u_profile_counters/trace_memory_reg_0_63_14_20/RAME
  global lutram RAMD64E vit_system_i/vit_phase_e_axi_0/inst/u_core/u_profile_counters/trace_memory_reg_0_63_14_20/RAMF
  global lutram RAMD64E vit_system_i/vit_phase_e_axi_0/inst/u_core/u_profile_counters/trace_memory_reg_0_63_14_20/RAMG
  global lutram RAMD64E vit_system_i/vit_phase_e_axi_0/inst/u_core/u_profile_counters/trace_memory_reg_0_63_14_20/RAMH
  global lutram RAMD64E vit_system_i/vit_phase_e_axi_0/inst/u_core/u_profile_counters/trace_memory_reg_0_63_21_27/RAMA
  global lutram RAMD64E vit_system_i/vit_phase_e_axi_0/inst/u_core/u_profile_counters/trace_memory_reg_0_63_21_27/RAMB
  global lutram RAMD64E vit_system_i/vit_phase_e_axi_0/inst/u_core/u_profile_counters/trace_memory_reg_0_63_21_27/RAMC
  global lutram RAMD64E vit_system_i/vit_phase_e_axi_0/inst/u_core/u_profile_counters/trace_memory_reg_0_63_21_27/RAMD
  global lutram RAMD64E vit_system_i/vit_phase_e_axi_0/inst/u_core/u_profile_counters/trace_memory_reg_0_63_21_27/RAME
  global lutram RAMD64E vit_system_i/vit_phase_e_axi_0/inst/u_core/u_profile_counters/trace_memory_reg_0_63_21_27/RAMF
  global lutram RAMD64E vit_system_i/vit_phase_e_axi_0/inst/u_core/u_profile_counters/trace_memory_reg_0_63_21_27/RAMG
  global lutram RAMD64E vit_system_i/vit_phase_e_axi_0/inst/u_core/u_profile_counters/trace_memory_reg_0_63_21_27/RAMH
  global lutram RAMD64E vit_system_i/vit_phase_e_axi_0/inst/u_core/u_profile_counters/trace_memory_reg_0_63_28_34/RAMA
  global lutram RAMD64E vit_system_i/vit_phase_e_axi_0/inst/u_core/u_profile_counters/trace_memory_reg_0_63_28_34/RAMB
  global lutram RAMD64E vit_system_i/vit_phase_e_axi_0/inst/u_core/u_profile_counters/trace_memory_reg_0_63_28_34/RAMC
  global lutram RAMD64E vit_system_i/vit_phase_e_axi_0/inst/u_core/u_profile_counters/trace_memory_reg_0_63_28_34/RAMD
  global lutram RAMD64E vit_system_i/vit_phase_e_axi_0/inst/u_core/u_profile_counters/trace_memory_reg_0_63_28_34/RAME
  global lutram RAMD64E vit_system_i/vit_phase_e_axi_0/inst/u_core/u_profile_counters/trace_memory_reg_0_63_28_34/RAMF
  global lutram RAMD64E vit_system_i/vit_phase_e_axi_0/inst/u_core/u_profile_counters/trace_memory_reg_0_63_28_34/RAMG
  global lutram RAMD64E vit_system_i/vit_phase_e_axi_0/inst/u_core/u_profile_counters/trace_memory_reg_0_63_28_34/RAMH
  global lutram RAMD64E vit_system_i/vit_phase_e_axi_0/inst/u_core/u_profile_counters/trace_memory_reg_0_63_35_41/RAMA
  global lutram RAMD64E vit_system_i/vit_phase_e_axi_0/inst/u_core/u_profile_counters/trace_memory_reg_0_63_35_41/RAMB
  global lutram RAMD64E vit_system_i/vit_phase_e_axi_0/inst/u_core/u_profile_counters/trace_memory_reg_0_63_35_41/RAMC
  global lutram RAMD64E vit_system_i/vit_phase_e_axi_0/inst/u_core/u_profile_counters/trace_memory_reg_0_63_35_41/RAMD
  global lutram RAMD64E vit_system_i/vit_phase_e_axi_0/inst/u_core/u_profile_counters/trace_memory_reg_0_63_35_41/RAME
  global lutram RAMD64E vit_system_i/vit_phase_e_axi_0/inst/u_core/u_profile_counters/trace_memory_reg_0_63_35_41/RAMF
  global lutram RAMD64E vit_system_i/vit_phase_e_axi_0/inst/u_core/u_profile_counters/trace_memory_reg_0_63_35_41/RAMG
  global lutram RAMD64E vit_system_i/vit_phase_e_axi_0/inst/u_core/u_profile_counters/trace_memory_reg_0_63_35_41/RAMH
  global lutram RAMD64E vit_system_i/vit_phase_e_axi_0/inst/u_core/u_profile_counters/trace_memory_reg_0_63_42_48/RAMA
  global lutram RAMD64E vit_system_i/vit_phase_e_axi_0/inst/u_core/u_profile_counters/trace_memory_reg_0_63_42_48/RAMB
  global lutram RAMD64E vit_system_i/vit_phase_e_axi_0/inst/u_core/u_profile_counters/trace_memory_reg_0_63_42_48/RAMC
  global lutram RAMD64E vit_system_i/vit_phase_e_axi_0/inst/u_core/u_profile_counters/trace_memory_reg_0_63_42_48/RAMD
  global lutram RAMD64E vit_system_i/vit_phase_e_axi_0/inst/u_core/u_profile_counters/trace_memory_reg_0_63_42_48/RAME
  global lutram RAMD64E vit_system_i/vit_phase_e_axi_0/inst/u_core/u_profile_counters/trace_memory_reg_0_63_42_48/RAMF
  global lutram RAMD64E vit_system_i/vit_phase_e_axi_0/inst/u_core/u_profile_counters/trace_memory_reg_0_63_42_48/RAMG
  global lutram RAMD64E vit_system_i/vit_phase_e_axi_0/inst/u_core/u_profile_counters/trace_memory_reg_0_63_42_48/RAMH
  global lutram RAMD64E vit_system_i/vit_phase_e_axi_0/inst/u_core/u_profile_counters/trace_memory_reg_0_63_49_55/RAMA
  global lutram RAMD64E vit_system_i/vit_phase_e_axi_0/inst/u_core/u_profile_counters/trace_memory_reg_0_63_49_55/RAMB
  global lutram RAMD64E vit_system_i/vit_phase_e_axi_0/inst/u_core/u_profile_counters/trace_memory_reg_0_63_49_55/RAMC
  global lutram RAMD64E vit_system_i/vit_phase_e_axi_0/inst/u_core/u_profile_counters/trace_memory_reg_0_63_49_55/RAMD
  global lutram RAMD64E vit_system_i/vit_phase_e_axi_0/inst/u_core/u_profile_counters/trace_memory_reg_0_63_49_55/RAME
  global lutram RAMD64E vit_system_i/vit_phase_e_axi_0/inst/u_core/u_profile_counters/trace_memory_reg_0_63_49_55/RAMF
  global lutram RAMD64E vit_system_i/vit_phase_e_axi_0/inst/u_core/u_profile_counters/trace_memory_reg_0_63_49_55/RAMG
  global lutram RAMD64E vit_system_i/vit_phase_e_axi_0/inst/u_core/u_profile_counters/trace_memory_reg_0_63_49_55/RAMH
  global lutram RAMD64E vit_system_i/vit_phase_e_axi_0/inst/u_core/u_profile_counters/trace_memory_reg_0_63_56_62/RAMA
  global lutram RAMD64E vit_system_i/vit_phase_e_axi_0/inst/u_core/u_profile_counters/trace_memory_reg_0_63_56_62/RAMB
  global lutram RAMD64E vit_system_i/vit_phase_e_axi_0/inst/u_core/u_profile_counters/trace_memory_reg_0_63_56_62/RAMC
  global lutram RAMD64E vit_system_i/vit_phase_e_axi_0/inst/u_core/u_profile_counters/trace_memory_reg_0_63_56_62/RAMD
  global lutram RAMD64E vit_system_i/vit_phase_e_axi_0/inst/u_core/u_profile_counters/trace_memory_reg_0_63_56_62/RAME
  global lutram RAMD64E vit_system_i/vit_phase_e_axi_0/inst/u_core/u_profile_counters/trace_memory_reg_0_63_56_62/RAMF
  global lutram RAMD64E vit_system_i/vit_phase_e_axi_0/inst/u_core/u_profile_counters/trace_memory_reg_0_63_56_62/RAMG
  global lutram RAMD64E vit_system_i/vit_phase_e_axi_0/inst/u_core/u_profile_counters/trace_memory_reg_0_63_56_62/RAMH
  global lutram RAMD64E vit_system_i/vit_phase_e_axi_0/inst/u_core/u_profile_counters/trace_memory_reg_0_63_63_69/RAMA
  global lutram RAMD64E vit_system_i/vit_phase_e_axi_0/inst/u_core/u_profile_counters/trace_memory_reg_0_63_63_69/RAMB
  global lutram RAMD64E vit_system_i/vit_phase_e_axi_0/inst/u_core/u_profile_counters/trace_memory_reg_0_63_63_69/RAMC
  global lutram RAMD64E vit_system_i/vit_phase_e_axi_0/inst/u_core/u_profile_counters/trace_memory_reg_0_63_63_69/RAMD
  global lutram RAMD64E vit_system_i/vit_phase_e_axi_0/inst/u_core/u_profile_counters/trace_memory_reg_0_63_63_69/RAME
  global lutram RAMD64E vit_system_i/vit_phase_e_axi_0/inst/u_core/u_profile_counters/trace_memory_reg_0_63_63_69/RAMF
  global lutram RAMD64E vit_system_i/vit_phase_e_axi_0/inst/u_core/u_profile_counters/trace_memory_reg_0_63_63_69/RAMG
  global lutram RAMD64E vit_system_i/vit_phase_e_axi_0/inst/u_core/u_profile_counters/trace_memory_reg_0_63_63_69/RAMH
  global lutram RAMD64E vit_system_i/vit_phase_e_axi_0/inst/u_core/u_profile_counters/trace_memory_reg_0_63_70_76/RAMA
  global lutram RAMD64E vit_system_i/vit_phase_e_axi_0/inst/u_core/u_profile_counters/trace_memory_reg_0_63_70_76/RAMB
  global lutram RAMD64E vit_system_i/vit_phase_e_axi_0/inst/u_core/u_profile_counters/trace_memory_reg_0_63_70_76/RAMC
  global lutram RAMD64E vit_system_i/vit_phase_e_axi_0/inst/u_core/u_profile_counters/trace_memory_reg_0_63_70_76/RAMD
  global lutram RAMD64E vit_system_i/vit_phase_e_axi_0/inst/u_core/u_profile_counters/trace_memory_reg_0_63_70_76/RAME
  global lutram RAMD64E vit_system_i/vit_phase_e_axi_0/inst/u_core/u_profile_counters/trace_memory_reg_0_63_70_76/RAMF
  global lutram RAMD64E vit_system_i/vit_phase_e_axi_0/inst/u_core/u_profile_counters/trace_memory_reg_0_63_70_76/RAMG
  global lutram RAMD64E vit_system_i/vit_phase_e_axi_0/inst/u_core/u_profile_counters/trace_memory_reg_0_63_70_76/RAMH
  global lutram RAMD64E vit_system_i/vit_phase_e_axi_0/inst/u_core/u_profile_counters/trace_memory_reg_0_63_77_83/RAMA
  global lutram RAMD64E vit_system_i/vit_phase_e_axi_0/inst/u_core/u_profile_counters/trace_memory_reg_0_63_77_83/RAMB
  global lutram RAMD64E vit_system_i/vit_phase_e_axi_0/inst/u_core/u_profile_counters/trace_memory_reg_0_63_77_83/RAMC
  global lutram RAMD64E vit_system_i/vit_phase_e_axi_0/inst/u_core/u_profile_counters/trace_memory_reg_0_63_77_83/RAMD
  global lutram RAMD64E vit_system_i/vit_phase_e_axi_0/inst/u_core/u_profile_counters/trace_memory_reg_0_63_77_83/RAME
  global lutram RAMD64E vit_system_i/vit_phase_e_axi_0/inst/u_core/u_profile_counters/trace_memory_reg_0_63_77_83/RAMF
  global lutram RAMD64E vit_system_i/vit_phase_e_axi_0/inst/u_core/u_profile_counters/trace_memory_reg_0_63_77_83/RAMG
  global lutram RAMD64E vit_system_i/vit_phase_e_axi_0/inst/u_core/u_profile_counters/trace_memory_reg_0_63_77_83/RAMH
  global lutram RAMD64E vit_system_i/vit_phase_e_axi_0/inst/u_core/u_profile_counters/trace_memory_reg_0_63_7_13/RAMA
  global lutram RAMD64E vit_system_i/vit_phase_e_axi_0/inst/u_core/u_profile_counters/trace_memory_reg_0_63_7_13/RAMB
  global lutram RAMD64E vit_system_i/vit_phase_e_axi_0/inst/u_core/u_profile_counters/trace_memory_reg_0_63_7_13/RAMC
  global lutram RAMD64E vit_system_i/vit_phase_e_axi_0/inst/u_core/u_profile_counters/trace_memory_reg_0_63_7_13/RAMD
  global lutram RAMD64E vit_system_i/vit_phase_e_axi_0/inst/u_core/u_profile_counters/trace_memory_reg_0_63_7_13/RAME
  global lutram RAMD64E vit_system_i/vit_phase_e_axi_0/inst/u_core/u_profile_counters/trace_memory_reg_0_63_7_13/RAMF
  global lutram RAMD64E vit_system_i/vit_phase_e_axi_0/inst/u_core/u_profile_counters/trace_memory_reg_0_63_7_13/RAMG
  global lutram RAMD64E vit_system_i/vit_phase_e_axi_0/inst/u_core/u_profile_counters/trace_memory_reg_0_63_7_13/RAMH
  global lutram RAMD64E vit_system_i/vit_phase_e_axi_0/inst/u_core/u_profile_counters/trace_memory_reg_0_63_84_90/RAMA
  global lutram RAMD64E vit_system_i/vit_phase_e_axi_0/inst/u_core/u_profile_counters/trace_memory_reg_0_63_84_90/RAMB
  global lutram RAMD64E vit_system_i/vit_phase_e_axi_0/inst/u_core/u_profile_counters/trace_memory_reg_0_63_84_90/RAMC
  global lutram RAMD64E vit_system_i/vit_phase_e_axi_0/inst/u_core/u_profile_counters/trace_memory_reg_0_63_84_90/RAMD
  global lutram RAMD64E vit_system_i/vit_phase_e_axi_0/inst/u_core/u_profile_counters/trace_memory_reg_0_63_84_90/RAME
  global lutram RAMD64E vit_system_i/vit_phase_e_axi_0/inst/u_core/u_profile_counters/trace_memory_reg_0_63_84_90/RAMF
  global lutram RAMD64E vit_system_i/vit_phase_e_axi_0/inst/u_core/u_profile_counters/trace_memory_reg_0_63_84_90/RAMG
  global lutram RAMD64E vit_system_i/vit_phase_e_axi_0/inst/u_core/u_profile_counters/trace_memory_reg_0_63_84_90/RAMH
  global lutram RAMD64E vit_system_i/vit_phase_e_axi_0/inst/u_core/u_profile_counters/trace_memory_reg_128_191_0_6/RAMA
  global lutram RAMD64E vit_system_i/vit_phase_e_axi_0/inst/u_core/u_profile_counters/trace_memory_reg_128_191_0_6/RAMB
  global lutram RAMD64E vit_system_i/vit_phase_e_axi_0/inst/u_core/u_profile_counters/trace_memory_reg_128_191_0_6/RAMC
  global lutram RAMD64E vit_system_i/vit_phase_e_axi_0/inst/u_core/u_profile_counters/trace_memory_reg_128_191_0_6/RAMD
  global lutram RAMD64E vit_system_i/vit_phase_e_axi_0/inst/u_core/u_profile_counters/trace_memory_reg_128_191_0_6/RAME
  global lutram RAMD64E vit_system_i/vit_phase_e_axi_0/inst/u_core/u_profile_counters/trace_memory_reg_128_191_0_6/RAMF
  global lutram RAMD64E vit_system_i/vit_phase_e_axi_0/inst/u_core/u_profile_counters/trace_memory_reg_128_191_0_6/RAMG
  global lutram RAMD64E vit_system_i/vit_phase_e_axi_0/inst/u_core/u_profile_counters/trace_memory_reg_128_191_0_6/RAMH
  global lutram RAMD64E vit_system_i/vit_phase_e_axi_0/inst/u_core/u_profile_counters/trace_memory_reg_128_191_14_20/RAMA
  global lutram RAMD64E vit_system_i/vit_phase_e_axi_0/inst/u_core/u_profile_counters/trace_memory_reg_128_191_14_20/RAMB
  global lutram RAMD64E vit_system_i/vit_phase_e_axi_0/inst/u_core/u_profile_counters/trace_memory_reg_128_191_14_20/RAMC
  global lutram RAMD64E vit_system_i/vit_phase_e_axi_0/inst/u_core/u_profile_counters/trace_memory_reg_128_191_14_20/RAMD
  global lutram RAMD64E vit_system_i/vit_phase_e_axi_0/inst/u_core/u_profile_counters/trace_memory_reg_128_191_14_20/RAME
  global lutram RAMD64E vit_system_i/vit_phase_e_axi_0/inst/u_core/u_profile_counters/trace_memory_reg_128_191_14_20/RAMF
  global lutram RAMD64E vit_system_i/vit_phase_e_axi_0/inst/u_core/u_profile_counters/trace_memory_reg_128_191_14_20/RAMG
  global lutram RAMD64E vit_system_i/vit_phase_e_axi_0/inst/u_core/u_profile_counters/trace_memory_reg_128_191_14_20/RAMH
  global lutram RAMD64E vit_system_i/vit_phase_e_axi_0/inst/u_core/u_profile_counters/trace_memory_reg_128_191_21_27/RAMA
  global lutram RAMD64E vit_system_i/vit_phase_e_axi_0/inst/u_core/u_profile_counters/trace_memory_reg_128_191_21_27/RAMB
  global lutram RAMD64E vit_system_i/vit_phase_e_axi_0/inst/u_core/u_profile_counters/trace_memory_reg_128_191_21_27/RAMC
  global lutram RAMD64E vit_system_i/vit_phase_e_axi_0/inst/u_core/u_profile_counters/trace_memory_reg_128_191_21_27/RAMD
  global lutram RAMD64E vit_system_i/vit_phase_e_axi_0/inst/u_core/u_profile_counters/trace_memory_reg_128_191_21_27/RAME
  global lutram RAMD64E vit_system_i/vit_phase_e_axi_0/inst/u_core/u_profile_counters/trace_memory_reg_128_191_21_27/RAMF
  global lutram RAMD64E vit_system_i/vit_phase_e_axi_0/inst/u_core/u_profile_counters/trace_memory_reg_128_191_21_27/RAMG
  global lutram RAMD64E vit_system_i/vit_phase_e_axi_0/inst/u_core/u_profile_counters/trace_memory_reg_128_191_21_27/RAMH
  global lutram RAMD64E vit_system_i/vit_phase_e_axi_0/inst/u_core/u_profile_counters/trace_memory_reg_128_191_28_34/RAMA
  global lutram RAMD64E vit_system_i/vit_phase_e_axi_0/inst/u_core/u_profile_counters/trace_memory_reg_128_191_28_34/RAMB
  global lutram RAMD64E vit_system_i/vit_phase_e_axi_0/inst/u_core/u_profile_counters/trace_memory_reg_128_191_28_34/RAMC
  global lutram RAMD64E vit_system_i/vit_phase_e_axi_0/inst/u_core/u_profile_counters/trace_memory_reg_128_191_28_34/RAMD
  global lutram RAMD64E vit_system_i/vit_phase_e_axi_0/inst/u_core/u_profile_counters/trace_memory_reg_128_191_28_34/RAME
  global lutram RAMD64E vit_system_i/vit_phase_e_axi_0/inst/u_core/u_profile_counters/trace_memory_reg_128_191_28_34/RAMF
  global lutram RAMD64E vit_system_i/vit_phase_e_axi_0/inst/u_core/u_profile_counters/trace_memory_reg_128_191_28_34/RAMG
  global lutram RAMD64E vit_system_i/vit_phase_e_axi_0/inst/u_core/u_profile_counters/trace_memory_reg_128_191_28_34/RAMH
  global lutram RAMD64E vit_system_i/vit_phase_e_axi_0/inst/u_core/u_profile_counters/trace_memory_reg_128_191_35_41/RAMA
  global lutram RAMD64E vit_system_i/vit_phase_e_axi_0/inst/u_core/u_profile_counters/trace_memory_reg_128_191_35_41/RAMB
  global lutram RAMD64E vit_system_i/vit_phase_e_axi_0/inst/u_core/u_profile_counters/trace_memory_reg_128_191_35_41/RAMC
  global lutram RAMD64E vit_system_i/vit_phase_e_axi_0/inst/u_core/u_profile_counters/trace_memory_reg_128_191_35_41/RAMD
  global lutram RAMD64E vit_system_i/vit_phase_e_axi_0/inst/u_core/u_profile_counters/trace_memory_reg_128_191_35_41/RAME
  global lutram RAMD64E vit_system_i/vit_phase_e_axi_0/inst/u_core/u_profile_counters/trace_memory_reg_128_191_35_41/RAMF
  global lutram RAMD64E vit_system_i/vit_phase_e_axi_0/inst/u_core/u_profile_counters/trace_memory_reg_128_191_35_41/RAMG
  global lutram RAMD64E vit_system_i/vit_phase_e_axi_0/inst/u_core/u_profile_counters/trace_memory_reg_128_191_35_41/RAMH
  global lutram RAMD64E vit_system_i/vit_phase_e_axi_0/inst/u_core/u_profile_counters/trace_memory_reg_128_191_42_48/RAMA
  global lutram RAMD64E vit_system_i/vit_phase_e_axi_0/inst/u_core/u_profile_counters/trace_memory_reg_128_191_42_48/RAMB
  global lutram RAMD64E vit_system_i/vit_phase_e_axi_0/inst/u_core/u_profile_counters/trace_memory_reg_128_191_42_48/RAMC
  global lutram RAMD64E vit_system_i/vit_phase_e_axi_0/inst/u_core/u_profile_counters/trace_memory_reg_128_191_42_48/RAMD
  global lutram RAMD64E vit_system_i/vit_phase_e_axi_0/inst/u_core/u_profile_counters/trace_memory_reg_128_191_42_48/RAME
  global lutram RAMD64E vit_system_i/vit_phase_e_axi_0/inst/u_core/u_profile_counters/trace_memory_reg_128_191_42_48/RAMF
  global lutram RAMD64E vit_system_i/vit_phase_e_axi_0/inst/u_core/u_profile_counters/trace_memory_reg_128_191_42_48/RAMG
  global lutram RAMD64E vit_system_i/vit_phase_e_axi_0/inst/u_core/u_profile_counters/trace_memory_reg_128_191_42_48/RAMH
  global lutram RAMD64E vit_system_i/vit_phase_e_axi_0/inst/u_core/u_profile_counters/trace_memory_reg_128_191_49_55/RAMA
  global lutram RAMD64E vit_system_i/vit_phase_e_axi_0/inst/u_core/u_profile_counters/trace_memory_reg_128_191_49_55/RAMB
  global lutram RAMD64E vit_system_i/vit_phase_e_axi_0/inst/u_core/u_profile_counters/trace_memory_reg_128_191_49_55/RAMC
  global lutram RAMD64E vit_system_i/vit_phase_e_axi_0/inst/u_core/u_profile_counters/trace_memory_reg_128_191_49_55/RAMD
  global lutram RAMD64E vit_system_i/vit_phase_e_axi_0/inst/u_core/u_profile_counters/trace_memory_reg_128_191_49_55/RAME
  global lutram RAMD64E vit_system_i/vit_phase_e_axi_0/inst/u_core/u_profile_counters/trace_memory_reg_128_191_49_55/RAMF
  global lutram RAMD64E vit_system_i/vit_phase_e_axi_0/inst/u_core/u_profile_counters/trace_memory_reg_128_191_49_55/RAMG
  global lutram RAMD64E vit_system_i/vit_phase_e_axi_0/inst/u_core/u_profile_counters/trace_memory_reg_128_191_49_55/RAMH
  global lutram RAMD64E vit_system_i/vit_phase_e_axi_0/inst/u_core/u_profile_counters/trace_memory_reg_128_191_56_62/RAMA
  global lutram RAMD64E vit_system_i/vit_phase_e_axi_0/inst/u_core/u_profile_counters/trace_memory_reg_128_191_56_62/RAMB
  global lutram RAMD64E vit_system_i/vit_phase_e_axi_0/inst/u_core/u_profile_counters/trace_memory_reg_128_191_56_62/RAMC
  global lutram RAMD64E vit_system_i/vit_phase_e_axi_0/inst/u_core/u_profile_counters/trace_memory_reg_128_191_56_62/RAMD
  global lutram RAMD64E vit_system_i/vit_phase_e_axi_0/inst/u_core/u_profile_counters/trace_memory_reg_128_191_56_62/RAME
  global lutram RAMD64E vit_system_i/vit_phase_e_axi_0/inst/u_core/u_profile_counters/trace_memory_reg_128_191_56_62/RAMF
  global lutram RAMD64E vit_system_i/vit_phase_e_axi_0/inst/u_core/u_profile_counters/trace_memory_reg_128_191_56_62/RAMG
  global lutram RAMD64E vit_system_i/vit_phase_e_axi_0/inst/u_core/u_profile_counters/trace_memory_reg_128_191_56_62/RAMH
  global lutram RAMD64E vit_system_i/vit_phase_e_axi_0/inst/u_core/u_profile_counters/trace_memory_reg_128_191_63_69/RAMA
  global lutram RAMD64E vit_system_i/vit_phase_e_axi_0/inst/u_core/u_profile_counters/trace_memory_reg_128_191_63_69/RAMB
  global lutram RAMD64E vit_system_i/vit_phase_e_axi_0/inst/u_core/u_profile_counters/trace_memory_reg_128_191_63_69/RAMC
  global lutram RAMD64E vit_system_i/vit_phase_e_axi_0/inst/u_core/u_profile_counters/trace_memory_reg_128_191_63_69/RAMD
  global lutram RAMD64E vit_system_i/vit_phase_e_axi_0/inst/u_core/u_profile_counters/trace_memory_reg_128_191_63_69/RAME
  global lutram RAMD64E vit_system_i/vit_phase_e_axi_0/inst/u_core/u_profile_counters/trace_memory_reg_128_191_63_69/RAMF
  global lutram RAMD64E vit_system_i/vit_phase_e_axi_0/inst/u_core/u_profile_counters/trace_memory_reg_128_191_63_69/RAMG
  global lutram RAMD64E vit_system_i/vit_phase_e_axi_0/inst/u_core/u_profile_counters/trace_memory_reg_128_191_63_69/RAMH
  global lutram RAMD64E vit_system_i/vit_phase_e_axi_0/inst/u_core/u_profile_counters/trace_memory_reg_128_191_70_76/RAMA
  global lutram RAMD64E vit_system_i/vit_phase_e_axi_0/inst/u_core/u_profile_counters/trace_memory_reg_128_191_70_76/RAMB
  global lutram RAMD64E vit_system_i/vit_phase_e_axi_0/inst/u_core/u_profile_counters/trace_memory_reg_128_191_70_76/RAMC
  global lutram RAMD64E vit_system_i/vit_phase_e_axi_0/inst/u_core/u_profile_counters/trace_memory_reg_128_191_70_76/RAMD
  global lutram RAMD64E vit_system_i/vit_phase_e_axi_0/inst/u_core/u_profile_counters/trace_memory_reg_128_191_70_76/RAME
  global lutram RAMD64E vit_system_i/vit_phase_e_axi_0/inst/u_core/u_profile_counters/trace_memory_reg_128_191_70_76/RAMF
  global lutram RAMD64E vit_system_i/vit_phase_e_axi_0/inst/u_core/u_profile_counters/trace_memory_reg_128_191_70_76/RAMG
  global lutram RAMD64E vit_system_i/vit_phase_e_axi_0/inst/u_core/u_profile_counters/trace_memory_reg_128_191_70_76/RAMH
  global lutram RAMD64E vit_system_i/vit_phase_e_axi_0/inst/u_core/u_profile_counters/trace_memory_reg_128_191_77_83/RAMA
  global lutram RAMD64E vit_system_i/vit_phase_e_axi_0/inst/u_core/u_profile_counters/trace_memory_reg_128_191_77_83/RAMB
  global lutram RAMD64E vit_system_i/vit_phase_e_axi_0/inst/u_core/u_profile_counters/trace_memory_reg_128_191_77_83/RAMC
  global lutram RAMD64E vit_system_i/vit_phase_e_axi_0/inst/u_core/u_profile_counters/trace_memory_reg_128_191_77_83/RAMD
  global lutram RAMD64E vit_system_i/vit_phase_e_axi_0/inst/u_core/u_profile_counters/trace_memory_reg_128_191_77_83/RAME
  global lutram RAMD64E vit_system_i/vit_phase_e_axi_0/inst/u_core/u_profile_counters/trace_memory_reg_128_191_77_83/RAMF
  global lutram RAMD64E vit_system_i/vit_phase_e_axi_0/inst/u_core/u_profile_counters/trace_memory_reg_128_191_77_83/RAMG
  global lutram RAMD64E vit_system_i/vit_phase_e_axi_0/inst/u_core/u_profile_counters/trace_memory_reg_128_191_77_83/RAMH
  global lutram RAMD64E vit_system_i/vit_phase_e_axi_0/inst/u_core/u_profile_counters/trace_memory_reg_128_191_7_13/RAMA
  global lutram RAMD64E vit_system_i/vit_phase_e_axi_0/inst/u_core/u_profile_counters/trace_memory_reg_128_191_7_13/RAMB
  global lutram RAMD64E vit_system_i/vit_phase_e_axi_0/inst/u_core/u_profile_counters/trace_memory_reg_128_191_7_13/RAMC
  global lutram RAMD64E vit_system_i/vit_phase_e_axi_0/inst/u_core/u_profile_counters/trace_memory_reg_128_191_7_13/RAMD
  global lutram RAMD64E vit_system_i/vit_phase_e_axi_0/inst/u_core/u_profile_counters/trace_memory_reg_128_191_7_13/RAME
  global lutram RAMD64E vit_system_i/vit_phase_e_axi_0/inst/u_core/u_profile_counters/trace_memory_reg_128_191_7_13/RAMF
  global lutram RAMD64E vit_system_i/vit_phase_e_axi_0/inst/u_core/u_profile_counters/trace_memory_reg_128_191_7_13/RAMG
  global lutram RAMD64E vit_system_i/vit_phase_e_axi_0/inst/u_core/u_profile_counters/trace_memory_reg_128_191_7_13/RAMH
  global lutram RAMD64E vit_system_i/vit_phase_e_axi_0/inst/u_core/u_profile_counters/trace_memory_reg_128_191_84_90/RAMA
  global lutram RAMD64E vit_system_i/vit_phase_e_axi_0/inst/u_core/u_profile_counters/trace_memory_reg_128_191_84_90/RAMB
  global lutram RAMD64E vit_system_i/vit_phase_e_axi_0/inst/u_core/u_profile_counters/trace_memory_reg_128_191_84_90/RAMC
  global lutram RAMD64E vit_system_i/vit_phase_e_axi_0/inst/u_core/u_profile_counters/trace_memory_reg_128_191_84_90/RAMD
  global lutram RAMD64E vit_system_i/vit_phase_e_axi_0/inst/u_core/u_profile_counters/trace_memory_reg_128_191_84_90/RAME
  global lutram RAMD64E vit_system_i/vit_phase_e_axi_0/inst/u_core/u_profile_counters/trace_memory_reg_128_191_84_90/RAMF
  global lutram RAMD64E vit_system_i/vit_phase_e_axi_0/inst/u_core/u_profile_counters/trace_memory_reg_128_191_84_90/RAMG
  global lutram RAMD64E vit_system_i/vit_phase_e_axi_0/inst/u_core/u_profile_counters/trace_memory_reg_128_191_84_90/RAMH
  global lutram RAMD64E vit_system_i/vit_phase_e_axi_0/inst/u_core/u_profile_counters/trace_memory_reg_192_255_0_6/RAMA
  global lutram RAMD64E vit_system_i/vit_phase_e_axi_0/inst/u_core/u_profile_counters/trace_memory_reg_192_255_0_6/RAMB
  global lutram RAMD64E vit_system_i/vit_phase_e_axi_0/inst/u_core/u_profile_counters/trace_memory_reg_192_255_0_6/RAMC
  global lutram RAMD64E vit_system_i/vit_phase_e_axi_0/inst/u_core/u_profile_counters/trace_memory_reg_192_255_0_6/RAMD
  global lutram RAMD64E vit_system_i/vit_phase_e_axi_0/inst/u_core/u_profile_counters/trace_memory_reg_192_255_0_6/RAME
  global lutram RAMD64E vit_system_i/vit_phase_e_axi_0/inst/u_core/u_profile_counters/trace_memory_reg_192_255_0_6/RAMF
  global lutram RAMD64E vit_system_i/vit_phase_e_axi_0/inst/u_core/u_profile_counters/trace_memory_reg_192_255_0_6/RAMG
  global lutram RAMD64E vit_system_i/vit_phase_e_axi_0/inst/u_core/u_profile_counters/trace_memory_reg_192_255_0_6/RAMH
  global lutram RAMD64E vit_system_i/vit_phase_e_axi_0/inst/u_core/u_profile_counters/trace_memory_reg_192_255_14_20/RAMA
  global lutram RAMD64E vit_system_i/vit_phase_e_axi_0/inst/u_core/u_profile_counters/trace_memory_reg_192_255_14_20/RAMB
  global lutram RAMD64E vit_system_i/vit_phase_e_axi_0/inst/u_core/u_profile_counters/trace_memory_reg_192_255_14_20/RAMC
  global lutram RAMD64E vit_system_i/vit_phase_e_axi_0/inst/u_core/u_profile_counters/trace_memory_reg_192_255_14_20/RAMD
  global lutram RAMD64E vit_system_i/vit_phase_e_axi_0/inst/u_core/u_profile_counters/trace_memory_reg_192_255_14_20/RAME
  global lutram RAMD64E vit_system_i/vit_phase_e_axi_0/inst/u_core/u_profile_counters/trace_memory_reg_192_255_14_20/RAMF
  global lutram RAMD64E vit_system_i/vit_phase_e_axi_0/inst/u_core/u_profile_counters/trace_memory_reg_192_255_14_20/RAMG
  global lutram RAMD64E vit_system_i/vit_phase_e_axi_0/inst/u_core/u_profile_counters/trace_memory_reg_192_255_14_20/RAMH
  global lutram RAMD64E vit_system_i/vit_phase_e_axi_0/inst/u_core/u_profile_counters/trace_memory_reg_192_255_21_27/RAMA
  global lutram RAMD64E vit_system_i/vit_phase_e_axi_0/inst/u_core/u_profile_counters/trace_memory_reg_192_255_21_27/RAMB
  global lutram RAMD64E vit_system_i/vit_phase_e_axi_0/inst/u_core/u_profile_counters/trace_memory_reg_192_255_21_27/RAMC
  global lutram RAMD64E vit_system_i/vit_phase_e_axi_0/inst/u_core/u_profile_counters/trace_memory_reg_192_255_21_27/RAMD
  global lutram RAMD64E vit_system_i/vit_phase_e_axi_0/inst/u_core/u_profile_counters/trace_memory_reg_192_255_21_27/RAME
  global lutram RAMD64E vit_system_i/vit_phase_e_axi_0/inst/u_core/u_profile_counters/trace_memory_reg_192_255_21_27/RAMF
  global lutram RAMD64E vit_system_i/vit_phase_e_axi_0/inst/u_core/u_profile_counters/trace_memory_reg_192_255_21_27/RAMG
  global lutram RAMD64E vit_system_i/vit_phase_e_axi_0/inst/u_core/u_profile_counters/trace_memory_reg_192_255_21_27/RAMH
  global lutram RAMD64E vit_system_i/vit_phase_e_axi_0/inst/u_core/u_profile_counters/trace_memory_reg_192_255_28_34/RAMA
  global lutram RAMD64E vit_system_i/vit_phase_e_axi_0/inst/u_core/u_profile_counters/trace_memory_reg_192_255_28_34/RAMB
  global lutram RAMD64E vit_system_i/vit_phase_e_axi_0/inst/u_core/u_profile_counters/trace_memory_reg_192_255_28_34/RAMC
  global lutram RAMD64E vit_system_i/vit_phase_e_axi_0/inst/u_core/u_profile_counters/trace_memory_reg_192_255_28_34/RAMD
  global lutram RAMD64E vit_system_i/vit_phase_e_axi_0/inst/u_core/u_profile_counters/trace_memory_reg_192_255_28_34/RAME
  global lutram RAMD64E vit_system_i/vit_phase_e_axi_0/inst/u_core/u_profile_counters/trace_memory_reg_192_255_28_34/RAMF
  global lutram RAMD64E vit_system_i/vit_phase_e_axi_0/inst/u_core/u_profile_counters/trace_memory_reg_192_255_28_34/RAMG
  global lutram RAMD64E vit_system_i/vit_phase_e_axi_0/inst/u_core/u_profile_counters/trace_memory_reg_192_255_28_34/RAMH
  global lutram RAMD64E vit_system_i/vit_phase_e_axi_0/inst/u_core/u_profile_counters/trace_memory_reg_192_255_35_41/RAMA
  global lutram RAMD64E vit_system_i/vit_phase_e_axi_0/inst/u_core/u_profile_counters/trace_memory_reg_192_255_35_41/RAMB
  global lutram RAMD64E vit_system_i/vit_phase_e_axi_0/inst/u_core/u_profile_counters/trace_memory_reg_192_255_35_41/RAMC
  global lutram RAMD64E vit_system_i/vit_phase_e_axi_0/inst/u_core/u_profile_counters/trace_memory_reg_192_255_35_41/RAMD
  global lutram RAMD64E vit_system_i/vit_phase_e_axi_0/inst/u_core/u_profile_counters/trace_memory_reg_192_255_35_41/RAME
  global lutram RAMD64E vit_system_i/vit_phase_e_axi_0/inst/u_core/u_profile_counters/trace_memory_reg_192_255_35_41/RAMF
  global lutram RAMD64E vit_system_i/vit_phase_e_axi_0/inst/u_core/u_profile_counters/trace_memory_reg_192_255_35_41/RAMG
  global lutram RAMD64E vit_system_i/vit_phase_e_axi_0/inst/u_core/u_profile_counters/trace_memory_reg_192_255_35_41/RAMH
  global lutram RAMD64E vit_system_i/vit_phase_e_axi_0/inst/u_core/u_profile_counters/trace_memory_reg_192_255_42_48/RAMA
  global lutram RAMD64E vit_system_i/vit_phase_e_axi_0/inst/u_core/u_profile_counters/trace_memory_reg_192_255_42_48/RAMB
  global lutram RAMD64E vit_system_i/vit_phase_e_axi_0/inst/u_core/u_profile_counters/trace_memory_reg_192_255_42_48/RAMC
  global lutram RAMD64E vit_system_i/vit_phase_e_axi_0/inst/u_core/u_profile_counters/trace_memory_reg_192_255_42_48/RAMD
  global lutram RAMD64E vit_system_i/vit_phase_e_axi_0/inst/u_core/u_profile_counters/trace_memory_reg_192_255_42_48/RAME
  global lutram RAMD64E vit_system_i/vit_phase_e_axi_0/inst/u_core/u_profile_counters/trace_memory_reg_192_255_42_48/RAMF
  global lutram RAMD64E vit_system_i/vit_phase_e_axi_0/inst/u_core/u_profile_counters/trace_memory_reg_192_255_42_48/RAMG
  global lutram RAMD64E vit_system_i/vit_phase_e_axi_0/inst/u_core/u_profile_counters/trace_memory_reg_192_255_42_48/RAMH
  global lutram RAMD64E vit_system_i/vit_phase_e_axi_0/inst/u_core/u_profile_counters/trace_memory_reg_192_255_49_55/RAMA
  global lutram RAMD64E vit_system_i/vit_phase_e_axi_0/inst/u_core/u_profile_counters/trace_memory_reg_192_255_49_55/RAMB
  global lutram RAMD64E vit_system_i/vit_phase_e_axi_0/inst/u_core/u_profile_counters/trace_memory_reg_192_255_49_55/RAMC
  global lutram RAMD64E vit_system_i/vit_phase_e_axi_0/inst/u_core/u_profile_counters/trace_memory_reg_192_255_49_55/RAMD
  global lutram RAMD64E vit_system_i/vit_phase_e_axi_0/inst/u_core/u_profile_counters/trace_memory_reg_192_255_49_55/RAME
  global lutram RAMD64E vit_system_i/vit_phase_e_axi_0/inst/u_core/u_profile_counters/trace_memory_reg_192_255_49_55/RAMF
  global lutram RAMD64E vit_system_i/vit_phase_e_axi_0/inst/u_core/u_profile_counters/trace_memory_reg_192_255_49_55/RAMG
  global lutram RAMD64E vit_system_i/vit_phase_e_axi_0/inst/u_core/u_profile_counters/trace_memory_reg_192_255_49_55/RAMH
  global lutram RAMD64E vit_system_i/vit_phase_e_axi_0/inst/u_core/u_profile_counters/trace_memory_reg_192_255_56_62/RAMA
  global lutram RAMD64E vit_system_i/vit_phase_e_axi_0/inst/u_core/u_profile_counters/trace_memory_reg_192_255_56_62/RAMB
  global lutram RAMD64E vit_system_i/vit_phase_e_axi_0/inst/u_core/u_profile_counters/trace_memory_reg_192_255_56_62/RAMC
  global lutram RAMD64E vit_system_i/vit_phase_e_axi_0/inst/u_core/u_profile_counters/trace_memory_reg_192_255_56_62/RAMD
  global lutram RAMD64E vit_system_i/vit_phase_e_axi_0/inst/u_core/u_profile_counters/trace_memory_reg_192_255_56_62/RAME
  global lutram RAMD64E vit_system_i/vit_phase_e_axi_0/inst/u_core/u_profile_counters/trace_memory_reg_192_255_56_62/RAMF
  global lutram RAMD64E vit_system_i/vit_phase_e_axi_0/inst/u_core/u_profile_counters/trace_memory_reg_192_255_56_62/RAMG
  global lutram RAMD64E vit_system_i/vit_phase_e_axi_0/inst/u_core/u_profile_counters/trace_memory_reg_192_255_56_62/RAMH
  global lutram RAMD64E vit_system_i/vit_phase_e_axi_0/inst/u_core/u_profile_counters/trace_memory_reg_192_255_63_69/RAMA
  global lutram RAMD64E vit_system_i/vit_phase_e_axi_0/inst/u_core/u_profile_counters/trace_memory_reg_192_255_63_69/RAMB
  global lutram RAMD64E vit_system_i/vit_phase_e_axi_0/inst/u_core/u_profile_counters/trace_memory_reg_192_255_63_69/RAMC
  global lutram RAMD64E vit_system_i/vit_phase_e_axi_0/inst/u_core/u_profile_counters/trace_memory_reg_192_255_63_69/RAMD
  global lutram RAMD64E vit_system_i/vit_phase_e_axi_0/inst/u_core/u_profile_counters/trace_memory_reg_192_255_63_69/RAME
  global lutram RAMD64E vit_system_i/vit_phase_e_axi_0/inst/u_core/u_profile_counters/trace_memory_reg_192_255_63_69/RAMF
  global lutram RAMD64E vit_system_i/vit_phase_e_axi_0/inst/u_core/u_profile_counters/trace_memory_reg_192_255_63_69/RAMG
  global lutram RAMD64E vit_system_i/vit_phase_e_axi_0/inst/u_core/u_profile_counters/trace_memory_reg_192_255_63_69/RAMH
  global lutram RAMD64E vit_system_i/vit_phase_e_axi_0/inst/u_core/u_profile_counters/trace_memory_reg_192_255_70_76/RAMA
  global lutram RAMD64E vit_system_i/vit_phase_e_axi_0/inst/u_core/u_profile_counters/trace_memory_reg_192_255_70_76/RAMB
  global lutram RAMD64E vit_system_i/vit_phase_e_axi_0/inst/u_core/u_profile_counters/trace_memory_reg_192_255_70_76/RAMC
  global lutram RAMD64E vit_system_i/vit_phase_e_axi_0/inst/u_core/u_profile_counters/trace_memory_reg_192_255_70_76/RAMD
  global lutram RAMD64E vit_system_i/vit_phase_e_axi_0/inst/u_core/u_profile_counters/trace_memory_reg_192_255_70_76/RAME
  global lutram RAMD64E vit_system_i/vit_phase_e_axi_0/inst/u_core/u_profile_counters/trace_memory_reg_192_255_70_76/RAMF
  global lutram RAMD64E vit_system_i/vit_phase_e_axi_0/inst/u_core/u_profile_counters/trace_memory_reg_192_255_70_76/RAMG
  global lutram RAMD64E vit_system_i/vit_phase_e_axi_0/inst/u_core/u_profile_counters/trace_memory_reg_192_255_70_76/RAMH
  global lutram RAMD64E vit_system_i/vit_phase_e_axi_0/inst/u_core/u_profile_counters/trace_memory_reg_192_255_77_83/RAMA
  global lutram RAMD64E vit_system_i/vit_phase_e_axi_0/inst/u_core/u_profile_counters/trace_memory_reg_192_255_77_83/RAMB
  global lutram RAMD64E vit_system_i/vit_phase_e_axi_0/inst/u_core/u_profile_counters/trace_memory_reg_192_255_77_83/RAMC
  global lutram RAMD64E vit_system_i/vit_phase_e_axi_0/inst/u_core/u_profile_counters/trace_memory_reg_192_255_77_83/RAMD
  global lutram RAMD64E vit_system_i/vit_phase_e_axi_0/inst/u_core/u_profile_counters/trace_memory_reg_192_255_77_83/RAME
  global lutram RAMD64E vit_system_i/vit_phase_e_axi_0/inst/u_core/u_profile_counters/trace_memory_reg_192_255_77_83/RAMF
  global lutram RAMD64E vit_system_i/vit_phase_e_axi_0/inst/u_core/u_profile_counters/trace_memory_reg_192_255_77_83/RAMG
  global lutram RAMD64E vit_system_i/vit_phase_e_axi_0/inst/u_core/u_profile_counters/trace_memory_reg_192_255_77_83/RAMH
  global lutram RAMD64E vit_system_i/vit_phase_e_axi_0/inst/u_core/u_profile_counters/trace_memory_reg_192_255_7_13/RAMA
  global lutram RAMD64E vit_system_i/vit_phase_e_axi_0/inst/u_core/u_profile_counters/trace_memory_reg_192_255_7_13/RAMB
  global lutram RAMD64E vit_system_i/vit_phase_e_axi_0/inst/u_core/u_profile_counters/trace_memory_reg_192_255_7_13/RAMC
  global lutram RAMD64E vit_system_i/vit_phase_e_axi_0/inst/u_core/u_profile_counters/trace_memory_reg_192_255_7_13/RAMD
  global lutram RAMD64E vit_system_i/vit_phase_e_axi_0/inst/u_core/u_profile_counters/trace_memory_reg_192_255_7_13/RAME
  global lutram RAMD64E vit_system_i/vit_phase_e_axi_0/inst/u_core/u_profile_counters/trace_memory_reg_192_255_7_13/RAMF
  global lutram RAMD64E vit_system_i/vit_phase_e_axi_0/inst/u_core/u_profile_counters/trace_memory_reg_192_255_7_13/RAMG
  global lutram RAMD64E vit_system_i/vit_phase_e_axi_0/inst/u_core/u_profile_counters/trace_memory_reg_192_255_7_13/RAMH
  global lutram RAMD64E vit_system_i/vit_phase_e_axi_0/inst/u_core/u_profile_counters/trace_memory_reg_192_255_84_90/RAMA
  global lutram RAMD64E vit_system_i/vit_phase_e_axi_0/inst/u_core/u_profile_counters/trace_memory_reg_192_255_84_90/RAMB
  global lutram RAMD64E vit_system_i/vit_phase_e_axi_0/inst/u_core/u_profile_counters/trace_memory_reg_192_255_84_90/RAMC
  global lutram RAMD64E vit_system_i/vit_phase_e_axi_0/inst/u_core/u_profile_counters/trace_memory_reg_192_255_84_90/RAMD
  global lutram RAMD64E vit_system_i/vit_phase_e_axi_0/inst/u_core/u_profile_counters/trace_memory_reg_192_255_84_90/RAME
  global lutram RAMD64E vit_system_i/vit_phase_e_axi_0/inst/u_core/u_profile_counters/trace_memory_reg_192_255_84_90/RAMF
  global lutram RAMD64E vit_system_i/vit_phase_e_axi_0/inst/u_core/u_profile_counters/trace_memory_reg_192_255_84_90/RAMG
  global lutram RAMD64E vit_system_i/vit_phase_e_axi_0/inst/u_core/u_profile_counters/trace_memory_reg_192_255_84_90/RAMH
  global lutram RAMD64E vit_system_i/vit_phase_e_axi_0/inst/u_core/u_profile_counters/trace_memory_reg_64_127_0_6/RAMA
  global lutram RAMD64E vit_system_i/vit_phase_e_axi_0/inst/u_core/u_profile_counters/trace_memory_reg_64_127_0_6/RAMB
  global lutram RAMD64E vit_system_i/vit_phase_e_axi_0/inst/u_core/u_profile_counters/trace_memory_reg_64_127_0_6/RAMC
  global lutram RAMD64E vit_system_i/vit_phase_e_axi_0/inst/u_core/u_profile_counters/trace_memory_reg_64_127_0_6/RAMD
  global lutram RAMD64E vit_system_i/vit_phase_e_axi_0/inst/u_core/u_profile_counters/trace_memory_reg_64_127_0_6/RAME
  global lutram RAMD64E vit_system_i/vit_phase_e_axi_0/inst/u_core/u_profile_counters/trace_memory_reg_64_127_0_6/RAMF
  global lutram RAMD64E vit_system_i/vit_phase_e_axi_0/inst/u_core/u_profile_counters/trace_memory_reg_64_127_0_6/RAMG
  global lutram RAMD64E vit_system_i/vit_phase_e_axi_0/inst/u_core/u_profile_counters/trace_memory_reg_64_127_0_6/RAMH
  global lutram RAMD64E vit_system_i/vit_phase_e_axi_0/inst/u_core/u_profile_counters/trace_memory_reg_64_127_14_20/RAMA
  global lutram RAMD64E vit_system_i/vit_phase_e_axi_0/inst/u_core/u_profile_counters/trace_memory_reg_64_127_14_20/RAMB
  global lutram RAMD64E vit_system_i/vit_phase_e_axi_0/inst/u_core/u_profile_counters/trace_memory_reg_64_127_14_20/RAMC
  global lutram RAMD64E vit_system_i/vit_phase_e_axi_0/inst/u_core/u_profile_counters/trace_memory_reg_64_127_14_20/RAMD
  global lutram RAMD64E vit_system_i/vit_phase_e_axi_0/inst/u_core/u_profile_counters/trace_memory_reg_64_127_14_20/RAME
  global lutram RAMD64E vit_system_i/vit_phase_e_axi_0/inst/u_core/u_profile_counters/trace_memory_reg_64_127_14_20/RAMF
  global lutram RAMD64E vit_system_i/vit_phase_e_axi_0/inst/u_core/u_profile_counters/trace_memory_reg_64_127_14_20/RAMG
  global lutram RAMD64E vit_system_i/vit_phase_e_axi_0/inst/u_core/u_profile_counters/trace_memory_reg_64_127_14_20/RAMH
  global lutram RAMD64E vit_system_i/vit_phase_e_axi_0/inst/u_core/u_profile_counters/trace_memory_reg_64_127_21_27/RAMA
  global lutram RAMD64E vit_system_i/vit_phase_e_axi_0/inst/u_core/u_profile_counters/trace_memory_reg_64_127_21_27/RAMB
  global lutram RAMD64E vit_system_i/vit_phase_e_axi_0/inst/u_core/u_profile_counters/trace_memory_reg_64_127_21_27/RAMC
  global lutram RAMD64E vit_system_i/vit_phase_e_axi_0/inst/u_core/u_profile_counters/trace_memory_reg_64_127_21_27/RAMD
  global lutram RAMD64E vit_system_i/vit_phase_e_axi_0/inst/u_core/u_profile_counters/trace_memory_reg_64_127_21_27/RAME
  global lutram RAMD64E vit_system_i/vit_phase_e_axi_0/inst/u_core/u_profile_counters/trace_memory_reg_64_127_21_27/RAMF
  global lutram RAMD64E vit_system_i/vit_phase_e_axi_0/inst/u_core/u_profile_counters/trace_memory_reg_64_127_21_27/RAMG
  global lutram RAMD64E vit_system_i/vit_phase_e_axi_0/inst/u_core/u_profile_counters/trace_memory_reg_64_127_21_27/RAMH
  global lutram RAMD64E vit_system_i/vit_phase_e_axi_0/inst/u_core/u_profile_counters/trace_memory_reg_64_127_28_34/RAMA
  global lutram RAMD64E vit_system_i/vit_phase_e_axi_0/inst/u_core/u_profile_counters/trace_memory_reg_64_127_28_34/RAMB
  global lutram RAMD64E vit_system_i/vit_phase_e_axi_0/inst/u_core/u_profile_counters/trace_memory_reg_64_127_28_34/RAMC
  global lutram RAMD64E vit_system_i/vit_phase_e_axi_0/inst/u_core/u_profile_counters/trace_memory_reg_64_127_28_34/RAMD
  global lutram RAMD64E vit_system_i/vit_phase_e_axi_0/inst/u_core/u_profile_counters/trace_memory_reg_64_127_28_34/RAME
  global lutram RAMD64E vit_system_i/vit_phase_e_axi_0/inst/u_core/u_profile_counters/trace_memory_reg_64_127_28_34/RAMF
  global lutram RAMD64E vit_system_i/vit_phase_e_axi_0/inst/u_core/u_profile_counters/trace_memory_reg_64_127_28_34/RAMG
  global lutram RAMD64E vit_system_i/vit_phase_e_axi_0/inst/u_core/u_profile_counters/trace_memory_reg_64_127_28_34/RAMH
  global lutram RAMD64E vit_system_i/vit_phase_e_axi_0/inst/u_core/u_profile_counters/trace_memory_reg_64_127_35_41/RAMA
  global lutram RAMD64E vit_system_i/vit_phase_e_axi_0/inst/u_core/u_profile_counters/trace_memory_reg_64_127_35_41/RAMB
  global lutram RAMD64E vit_system_i/vit_phase_e_axi_0/inst/u_core/u_profile_counters/trace_memory_reg_64_127_35_41/RAMC
  global lutram RAMD64E vit_system_i/vit_phase_e_axi_0/inst/u_core/u_profile_counters/trace_memory_reg_64_127_35_41/RAMD
  global lutram RAMD64E vit_system_i/vit_phase_e_axi_0/inst/u_core/u_profile_counters/trace_memory_reg_64_127_35_41/RAME
  global lutram RAMD64E vit_system_i/vit_phase_e_axi_0/inst/u_core/u_profile_counters/trace_memory_reg_64_127_35_41/RAMF
  global lutram RAMD64E vit_system_i/vit_phase_e_axi_0/inst/u_core/u_profile_counters/trace_memory_reg_64_127_35_41/RAMG
  global lutram RAMD64E vit_system_i/vit_phase_e_axi_0/inst/u_core/u_profile_counters/trace_memory_reg_64_127_35_41/RAMH
  global lutram RAMD64E vit_system_i/vit_phase_e_axi_0/inst/u_core/u_profile_counters/trace_memory_reg_64_127_42_48/RAMA
  global lutram RAMD64E vit_system_i/vit_phase_e_axi_0/inst/u_core/u_profile_counters/trace_memory_reg_64_127_42_48/RAMB
  global lutram RAMD64E vit_system_i/vit_phase_e_axi_0/inst/u_core/u_profile_counters/trace_memory_reg_64_127_42_48/RAMC
  global lutram RAMD64E vit_system_i/vit_phase_e_axi_0/inst/u_core/u_profile_counters/trace_memory_reg_64_127_42_48/RAMD
  global lutram RAMD64E vit_system_i/vit_phase_e_axi_0/inst/u_core/u_profile_counters/trace_memory_reg_64_127_42_48/RAME
  global lutram RAMD64E vit_system_i/vit_phase_e_axi_0/inst/u_core/u_profile_counters/trace_memory_reg_64_127_42_48/RAMF
  global lutram RAMD64E vit_system_i/vit_phase_e_axi_0/inst/u_core/u_profile_counters/trace_memory_reg_64_127_42_48/RAMG
  global lutram RAMD64E vit_system_i/vit_phase_e_axi_0/inst/u_core/u_profile_counters/trace_memory_reg_64_127_42_48/RAMH
  global lutram RAMD64E vit_system_i/vit_phase_e_axi_0/inst/u_core/u_profile_counters/trace_memory_reg_64_127_49_55/RAMA
  global lutram RAMD64E vit_system_i/vit_phase_e_axi_0/inst/u_core/u_profile_counters/trace_memory_reg_64_127_49_55/RAMB
  global lutram RAMD64E vit_system_i/vit_phase_e_axi_0/inst/u_core/u_profile_counters/trace_memory_reg_64_127_49_55/RAMC
  global lutram RAMD64E vit_system_i/vit_phase_e_axi_0/inst/u_core/u_profile_counters/trace_memory_reg_64_127_49_55/RAMD
  global lutram RAMD64E vit_system_i/vit_phase_e_axi_0/inst/u_core/u_profile_counters/trace_memory_reg_64_127_49_55/RAME
  global lutram RAMD64E vit_system_i/vit_phase_e_axi_0/inst/u_core/u_profile_counters/trace_memory_reg_64_127_49_55/RAMF
  global lutram RAMD64E vit_system_i/vit_phase_e_axi_0/inst/u_core/u_profile_counters/trace_memory_reg_64_127_49_55/RAMG
  global lutram RAMD64E vit_system_i/vit_phase_e_axi_0/inst/u_core/u_profile_counters/trace_memory_reg_64_127_49_55/RAMH
  global lutram RAMD64E vit_system_i/vit_phase_e_axi_0/inst/u_core/u_profile_counters/trace_memory_reg_64_127_56_62/RAMA
  global lutram RAMD64E vit_system_i/vit_phase_e_axi_0/inst/u_core/u_profile_counters/trace_memory_reg_64_127_56_62/RAMB
  global lutram RAMD64E vit_system_i/vit_phase_e_axi_0/inst/u_core/u_profile_counters/trace_memory_reg_64_127_56_62/RAMC
  global lutram RAMD64E vit_system_i/vit_phase_e_axi_0/inst/u_core/u_profile_counters/trace_memory_reg_64_127_56_62/RAMD
  global lutram RAMD64E vit_system_i/vit_phase_e_axi_0/inst/u_core/u_profile_counters/trace_memory_reg_64_127_56_62/RAME
  global lutram RAMD64E vit_system_i/vit_phase_e_axi_0/inst/u_core/u_profile_counters/trace_memory_reg_64_127_56_62/RAMF
  global lutram RAMD64E vit_system_i/vit_phase_e_axi_0/inst/u_core/u_profile_counters/trace_memory_reg_64_127_56_62/RAMG
  global lutram RAMD64E vit_system_i/vit_phase_e_axi_0/inst/u_core/u_profile_counters/trace_memory_reg_64_127_56_62/RAMH
  global lutram RAMD64E vit_system_i/vit_phase_e_axi_0/inst/u_core/u_profile_counters/trace_memory_reg_64_127_63_69/RAMA
  global lutram RAMD64E vit_system_i/vit_phase_e_axi_0/inst/u_core/u_profile_counters/trace_memory_reg_64_127_63_69/RAMB
  global lutram RAMD64E vit_system_i/vit_phase_e_axi_0/inst/u_core/u_profile_counters/trace_memory_reg_64_127_63_69/RAMC
  global lutram RAMD64E vit_system_i/vit_phase_e_axi_0/inst/u_core/u_profile_counters/trace_memory_reg_64_127_63_69/RAMD
  global lutram RAMD64E vit_system_i/vit_phase_e_axi_0/inst/u_core/u_profile_counters/trace_memory_reg_64_127_63_69/RAME
  global lutram RAMD64E vit_system_i/vit_phase_e_axi_0/inst/u_core/u_profile_counters/trace_memory_reg_64_127_63_69/RAMF
  global lutram RAMD64E vit_system_i/vit_phase_e_axi_0/inst/u_core/u_profile_counters/trace_memory_reg_64_127_63_69/RAMG
  global lutram RAMD64E vit_system_i/vit_phase_e_axi_0/inst/u_core/u_profile_counters/trace_memory_reg_64_127_63_69/RAMH
  global lutram RAMD64E vit_system_i/vit_phase_e_axi_0/inst/u_core/u_profile_counters/trace_memory_reg_64_127_70_76/RAMA
  global lutram RAMD64E vit_system_i/vit_phase_e_axi_0/inst/u_core/u_profile_counters/trace_memory_reg_64_127_70_76/RAMB
  global lutram RAMD64E vit_system_i/vit_phase_e_axi_0/inst/u_core/u_profile_counters/trace_memory_reg_64_127_70_76/RAMC
  global lutram RAMD64E vit_system_i/vit_phase_e_axi_0/inst/u_core/u_profile_counters/trace_memory_reg_64_127_70_76/RAMD
  global lutram RAMD64E vit_system_i/vit_phase_e_axi_0/inst/u_core/u_profile_counters/trace_memory_reg_64_127_70_76/RAME
  global lutram RAMD64E vit_system_i/vit_phase_e_axi_0/inst/u_core/u_profile_counters/trace_memory_reg_64_127_70_76/RAMF
  global lutram RAMD64E vit_system_i/vit_phase_e_axi_0/inst/u_core/u_profile_counters/trace_memory_reg_64_127_70_76/RAMG
  global lutram RAMD64E vit_system_i/vit_phase_e_axi_0/inst/u_core/u_profile_counters/trace_memory_reg_64_127_70_76/RAMH
  global lutram RAMD64E vit_system_i/vit_phase_e_axi_0/inst/u_core/u_profile_counters/trace_memory_reg_64_127_77_83/RAMA
  global lutram RAMD64E vit_system_i/vit_phase_e_axi_0/inst/u_core/u_profile_counters/trace_memory_reg_64_127_77_83/RAMB
  global lutram RAMD64E vit_system_i/vit_phase_e_axi_0/inst/u_core/u_profile_counters/trace_memory_reg_64_127_77_83/RAMC
  global lutram RAMD64E vit_system_i/vit_phase_e_axi_0/inst/u_core/u_profile_counters/trace_memory_reg_64_127_77_83/RAMD
  global lutram RAMD64E vit_system_i/vit_phase_e_axi_0/inst/u_core/u_profile_counters/trace_memory_reg_64_127_77_83/RAME
  global lutram RAMD64E vit_system_i/vit_phase_e_axi_0/inst/u_core/u_profile_counters/trace_memory_reg_64_127_77_83/RAMF
  global lutram RAMD64E vit_system_i/vit_phase_e_axi_0/inst/u_core/u_profile_counters/trace_memory_reg_64_127_77_83/RAMG
  global lutram RAMD64E vit_system_i/vit_phase_e_axi_0/inst/u_core/u_profile_counters/trace_memory_reg_64_127_77_83/RAMH
  global lutram RAMD64E vit_system_i/vit_phase_e_axi_0/inst/u_core/u_profile_counters/trace_memory_reg_64_127_7_13/RAMA
  global lutram RAMD64E vit_system_i/vit_phase_e_axi_0/inst/u_core/u_profile_counters/trace_memory_reg_64_127_7_13/RAMB
  global lutram RAMD64E vit_system_i/vit_phase_e_axi_0/inst/u_core/u_profile_counters/trace_memory_reg_64_127_7_13/RAMC
  global lutram RAMD64E vit_system_i/vit_phase_e_axi_0/inst/u_core/u_profile_counters/trace_memory_reg_64_127_7_13/RAMD
  global lutram RAMD64E vit_system_i/vit_phase_e_axi_0/inst/u_core/u_profile_counters/trace_memory_reg_64_127_7_13/RAME
  global lutram RAMD64E vit_system_i/vit_phase_e_axi_0/inst/u_core/u_profile_counters/trace_memory_reg_64_127_7_13/RAMF
  global lutram RAMD64E vit_system_i/vit_phase_e_axi_0/inst/u_core/u_profile_counters/trace_memory_reg_64_127_7_13/RAMG
  global lutram RAMD64E vit_system_i/vit_phase_e_axi_0/inst/u_core/u_profile_counters/trace_memory_reg_64_127_7_13/RAMH
  global lutram RAMD64E vit_system_i/vit_phase_e_axi_0/inst/u_core/u_profile_counters/trace_memory_reg_64_127_84_90/RAMA
  global lutram RAMD64E vit_system_i/vit_phase_e_axi_0/inst/u_core/u_profile_counters/trace_memory_reg_64_127_84_90/RAMB
  global lutram RAMD64E vit_system_i/vit_phase_e_axi_0/inst/u_core/u_profile_counters/trace_memory_reg_64_127_84_90/RAMC
  global lutram RAMD64E vit_system_i/vit_phase_e_axi_0/inst/u_core/u_profile_counters/trace_memory_reg_64_127_84_90/RAMD
  global lutram RAMD64E vit_system_i/vit_phase_e_axi_0/inst/u_core/u_profile_counters/trace_memory_reg_64_127_84_90/RAME
  global lutram RAMD64E vit_system_i/vit_phase_e_axi_0/inst/u_core/u_profile_counters/trace_memory_reg_64_127_84_90/RAMF
  global lutram RAMD64E vit_system_i/vit_phase_e_axi_0/inst/u_core/u_profile_counters/trace_memory_reg_64_127_84_90/RAMG
  global lutram RAMD64E vit_system_i/vit_phase_e_axi_0/inst/u_core/u_profile_counters/trace_memory_reg_64_127_84_90/RAMH
M8_RAM_HIERARCHY PASS stage=board_post_route total_ramb36=41 activation=32 bias=4 layernorm=3 softmax=1 layer_param=1 ramb18=0 uram=0 layernorm_lutram=0 softmax_lutram=0
