Copyright 1986-2022 Xilinx, Inc. All Rights Reserved. Copyright 2022-2023 Advanced Micro Devices, Inc. All Rights Reserved.
--------------------------------------------------------------------------------------------------------------------------------------------------------------------------------------------------------------------------------------------------------------------------------
| Tool Version : Vivado v.2023.2 (lin64) Build 4029153 Fri Oct 13 20:13:54 MDT 2023
| Date         : Sun Aug  9 03:49:15 2026
| Host         : ubuntu running 64-bit Ubuntu 24.04.4 LTS
| Command      : report_utilization -hierarchical -hierarchical_depth 16 -file /home/s23520579/Vivado_project/vit_m8_board_candidate_67c18532_workspace_20260809/vivado_server_307_perf_v1_m8_nongemm_nodsp_2023_2/VIT_googlebase_rtl/reports/board_post_synth_hierarchical.rpt
| Design       : vit_system_wrapper
| Device       : xczu5ev-sfvc784-1-e
| Speed File   : -1
| Design State : Synthesized
--------------------------------------------------------------------------------------------------------------------------------------------------------------------------------------------------------------------------------------------------------------------------------

Utilization Design Information

Table of Contents
-----------------
1. Utilization by Hierarchy

1. Utilization by Hierarchy
---------------------------

+-------------------------------------------------------------------------------------------------------+------------------------------------------------------------------------------------+------------+------------+---------+------+-------+--------+--------+------+------------+
|                                                Instance                                               |                                       Module                                       | Total LUTs | Logic LUTs | LUTRAMs | SRLs |  FFs  | RAMB36 | RAMB18 | URAM | DSP Blocks |
+-------------------------------------------------------------------------------------------------------+------------------------------------------------------------------------------------+------------+------------+---------+------+-------+--------+--------+------+------------+
| vit_system_wrapper                                                                                    |                                                                              (top) |     103620 |     102164 |    1100 |  356 | 64463 |     41 |      0 |    0 |          0 |
|   vit_system_i                                                                                        |                                                                         vit_system |     103620 |     102164 |    1100 |  356 | 64463 |     41 |      0 |    0 |          0 |
|     (vit_system_i)                                                                                    |                                                                         vit_system |          0 |          0 |       0 |    0 |     0 |      0 |      0 |    0 |          0 |
|     const_one                                                                                         |                                                             vit_system_const_one_0 |          0 |          0 |       0 |    0 |     0 |      0 |      0 |    0 |          0 |
|       inst                                                                                            |                                                       xlconstant_v1_1_8_xlconstant |          0 |          0 |       0 |    0 |     0 |      0 |      0 |    0 |          0 |
|     const_zero                                                                                        |                                                            vit_system_const_zero_0 |          0 |          0 |       0 |    0 |     0 |      0 |      0 |    0 |          0 |
|       inst                                                                                            |                                       xlconstant_v1_1_8_xlconstant__parameterized0 |          0 |          0 |       0 |    0 |     0 |      0 |      0 |    0 |          0 |
|     proc_sys_reset_0                                                                                  |                                                      vit_system_proc_sys_reset_0_0 |         19 |         18 |       0 |    1 |    40 |      0 |      0 |    0 |          0 |
|       U0                                                                                              |                                       vit_system_proc_sys_reset_0_0_proc_sys_reset |         19 |         18 |       0 |    1 |    40 |      0 |      0 |    0 |          0 |
|         (U0)                                                                                          |                                       vit_system_proc_sys_reset_0_0_proc_sys_reset |          0 |          0 |       0 |    0 |     5 |      0 |      0 |    0 |          0 |
|         EXT_LPF                                                                                       |                                                  vit_system_proc_sys_reset_0_0_lpf |          6 |          5 |       0 |    1 |    17 |      0 |      0 |    0 |          0 |
|           (EXT_LPF)                                                                                   |                                                  vit_system_proc_sys_reset_0_0_lpf |          2 |          1 |       0 |    1 |     9 |      0 |      0 |    0 |          0 |
|           ACTIVE_LOW_AUX.ACT_LO_AUX                                                                   |                                             vit_system_proc_sys_reset_0_0_cdc_sync |          2 |          2 |       0 |    0 |     4 |      0 |      0 |    0 |          0 |
|           ACTIVE_LOW_EXT.ACT_LO_EXT                                                                   |                                           vit_system_proc_sys_reset_0_0_cdc_sync_0 |          2 |          2 |       0 |    0 |     4 |      0 |      0 |    0 |          0 |
|         SEQ                                                                                           |                                         vit_system_proc_sys_reset_0_0_sequence_psr |         13 |         13 |       0 |    0 |    18 |      0 |      0 |    0 |          0 |
|           (SEQ)                                                                                       |                                         vit_system_proc_sys_reset_0_0_sequence_psr |          8 |          8 |       0 |    0 |    12 |      0 |      0 |    0 |          0 |
|           SEQ_COUNTER                                                                                 |                                              vit_system_proc_sys_reset_0_0_upcnt_n |          5 |          5 |       0 |    0 |     6 |      0 |      0 |    0 |          0 |
|     smartconnect_control                                                                              |                                                  vit_system_smartconnect_control_0 |        452 |        451 |       0 |    1 |   646 |      0 |      0 |    0 |          0 |
|       (smartconnect_control)                                                                          |                                                  vit_system_smartconnect_control_0 |          0 |          0 |       0 |    0 |     0 |      0 |      0 |    0 |          0 |
|       inst                                                                                            |                                          vit_system_smartconnect_control_0_bd_875e |        452 |        451 |       0 |    1 |   646 |      0 |      0 |    0 |          0 |
|         clk_map                                                                                       |                              vit_system_smartconnect_control_0_clk_map_imp_18MZM80 |         13 |         12 |       0 |    1 |    22 |      0 |      0 |    0 |          0 |
|           psr_aclk                                                                                    |                               vit_system_smartconnect_control_0_bd_875e_psr_aclk_0 |         13 |         12 |       0 |    1 |    22 |      0 |      0 |    0 |          0 |
|             U0                                                                                        |                                   vit_system_smartconnect_control_0_proc_sys_reset |         13 |         12 |       0 |    1 |    22 |      0 |      0 |    0 |          0 |
|               (U0)                                                                                    |                                   vit_system_smartconnect_control_0_proc_sys_reset |          0 |          0 |       0 |    0 |     1 |      0 |      0 |    0 |          0 |
|               EXT_LPF                                                                                 |                                              vit_system_smartconnect_control_0_lpf |          3 |          2 |       0 |    1 |     6 |      0 |      0 |    0 |          0 |
|                 (EXT_LPF)                                                                             |                                              vit_system_smartconnect_control_0_lpf |          2 |          1 |       0 |    1 |     2 |      0 |      0 |    0 |          0 |
|                 ACTIVE_LOW_AUX.ACT_LO_AUX                                                             |                                         vit_system_smartconnect_control_0_cdc_sync |          1 |          1 |       0 |    0 |     4 |      0 |      0 |    0 |          0 |
|               SEQ                                                                                     |                                     vit_system_smartconnect_control_0_sequence_psr |         10 |         10 |       0 |    0 |    15 |      0 |      0 |    0 |          0 |
|                 (SEQ)                                                                                 |                                     vit_system_smartconnect_control_0_sequence_psr |          5 |          5 |       0 |    0 |     9 |      0 |      0 |    0 |          0 |
|                 SEQ_COUNTER                                                                           |                                          vit_system_smartconnect_control_0_upcnt_n |          5 |          5 |       0 |    0 |     6 |      0 |      0 |    0 |          0 |
|         m00_exit_pipeline                                                                             |                     vit_system_smartconnect_control_0_m00_exit_pipeline_imp_OI28PN |          9 |          9 |       0 |    0 |     9 |      0 |      0 |    0 |          0 |
|           m00_exit                                                                                    |                                   vit_system_smartconnect_control_0_bd_875e_m00e_0 |          9 |          9 |       0 |    0 |     9 |      0 |      0 |    0 |          0 |
|             (m00_exit)                                                                                |                                   vit_system_smartconnect_control_0_bd_875e_m00e_0 |          0 |          0 |       0 |    0 |     0 |      0 |      0 |    0 |          0 |
|             inst                                                                                      |                              vit_system_smartconnect_control_0_sc_exit_v1_0_14_top |          9 |          9 |       0 |    0 |     9 |      0 |      0 |    0 |          0 |
|               (inst)                                                                                  |                              vit_system_smartconnect_control_0_sc_exit_v1_0_14_top |          2 |          2 |       0 |    0 |     2 |      0 |      0 |    0 |          0 |
|               exit_inst                                                                               |                             vit_system_smartconnect_control_0_sc_exit_v1_0_14_exit |          6 |          6 |       0 |    0 |     4 |      0 |      0 |    0 |          0 |
|               xpm_cdc_async_rst_inst                                                                  |                             vit_system_smartconnect_control_0_xpm_cdc_async_rst__1 |          1 |          1 |       0 |    0 |     3 |      0 |      0 |    0 |          0 |
|         m00_sc2axi                                                                                    |                                 vit_system_smartconnect_control_0_bd_875e_m00s2a_0 |          0 |          0 |       0 |    0 |     0 |      0 |      0 |    0 |          0 |
|           (m00_sc2axi)                                                                                |                                 vit_system_smartconnect_control_0_bd_875e_m00s2a_0 |          0 |          0 |       0 |    0 |     0 |      0 |      0 |    0 |          0 |
|           inst                                                                                        |                             vit_system_smartconnect_control_0_sc_sc2axi_v1_0_9_top |          0 |          0 |       0 |    0 |     0 |      0 |      0 |    0 |          0 |
|         s00_axi2sc                                                                                    |                                 vit_system_smartconnect_control_0_bd_875e_s00a2s_0 |          0 |          0 |       0 |    0 |     0 |      0 |      0 |    0 |          0 |
|           (s00_axi2sc)                                                                                |                                 vit_system_smartconnect_control_0_bd_875e_s00a2s_0 |          0 |          0 |       0 |    0 |     0 |      0 |      0 |    0 |          0 |
|           inst                                                                                        |                             vit_system_smartconnect_control_0_sc_axi2sc_v1_0_9_top |          0 |          0 |       0 |    0 |     0 |      0 |      0 |    0 |          0 |
|         s00_entry_pipeline                                                                            |                   vit_system_smartconnect_control_0_s00_entry_pipeline_imp_1OVKP08 |        370 |        370 |       0 |    0 |   448 |      0 |      0 |    0 |          0 |
|           s00_mmu                                                                                     |                                 vit_system_smartconnect_control_0_bd_875e_s00mmu_0 |        184 |        184 |       0 |    0 |   227 |      0 |      0 |    0 |          0 |
|             (s00_mmu)                                                                                 |                                 vit_system_smartconnect_control_0_bd_875e_s00mmu_0 |          0 |          0 |       0 |    0 |     0 |      0 |      0 |    0 |          0 |
|             inst                                                                                      |                               vit_system_smartconnect_control_0_sc_mmu_v1_0_12_top |        184 |        184 |       0 |    0 |   227 |      0 |      0 |    0 |          0 |
|               (inst)                                                                                  |                               vit_system_smartconnect_control_0_sc_mmu_v1_0_12_top |         27 |         27 |       0 |    0 |    15 |      0 |      0 |    0 |          0 |
|               ar_reg_stall                                                                            |     vit_system_smartconnect_control_0_sc_util_v1_0_4_axi_reg_stall__parameterized0 |         47 |         47 |       0 |    0 |    88 |      0 |      0 |    0 |          0 |
|               aw_reg_stall                                                                            |   vit_system_smartconnect_control_0_sc_util_v1_0_4_axi_reg_stall__parameterized0_9 |         42 |         42 |       0 |    0 |    72 |      0 |      0 |    0 |          0 |
|               gen_endpoint.decerr_slave_inst                                                          |                      vit_system_smartconnect_control_0_sc_mmu_v1_0_12_decerr_slave |         67 |         67 |       0 |    0 |    49 |      0 |      0 |    0 |          0 |
|               xpm_cdc_async_rst_inst                                                                  |                             vit_system_smartconnect_control_0_xpm_cdc_async_rst__2 |          1 |          1 |       0 |    0 |     3 |      0 |      0 |    0 |          0 |
|           s00_si_converter                                                                            |                                 vit_system_smartconnect_control_0_bd_875e_s00sic_0 |        176 |        176 |       0 |    0 |   181 |      0 |      0 |    0 |          0 |
|             (s00_si_converter)                                                                        |                                 vit_system_smartconnect_control_0_bd_875e_s00sic_0 |          0 |          0 |       0 |    0 |     0 |      0 |      0 |    0 |          0 |
|             inst                                                                                      |                      vit_system_smartconnect_control_0_sc_si_converter_v1_0_12_top |        176 |        176 |       0 |    0 |   181 |      0 |      0 |    0 |          0 |
|               (inst)                                                                                  |                      vit_system_smartconnect_control_0_sc_si_converter_v1_0_12_top |          1 |          1 |       0 |    0 |     1 |      0 |      0 |    0 |          0 |
|               gen_axilite_conv.axilite_conv_inst                                                      |             vit_system_smartconnect_control_0_sc_si_converter_v1_0_12_axilite_conv |        174 |        174 |       0 |    0 |   177 |      0 |      0 |    0 |          0 |
|               xpm_cdc_async_rst_inst                                                                  |                             vit_system_smartconnect_control_0_xpm_cdc_async_rst__3 |          1 |          1 |       0 |    0 |     3 |      0 |      0 |    0 |          0 |
|           s00_transaction_regulator                                                                   |                                  vit_system_smartconnect_control_0_bd_875e_s00tr_0 |         10 |         10 |       0 |    0 |    40 |      0 |      0 |    0 |          0 |
|             (s00_transaction_regulator)                                                               |                                  vit_system_smartconnect_control_0_bd_875e_s00tr_0 |          0 |          0 |       0 |    0 |     0 |      0 |      0 |    0 |          0 |
|             inst                                                                                      |             vit_system_smartconnect_control_0_sc_transaction_regulator_v1_0_10_top |         10 |         10 |       0 |    0 |    40 |      0 |      0 |    0 |          0 |
|               (inst)                                                                                  |             vit_system_smartconnect_control_0_sc_transaction_regulator_v1_0_10_top |          1 |          1 |       0 |    0 |     1 |      0 |      0 |    0 |          0 |
|               gen_endpoint.gen_r_singleorder.r_singleorder                                            |     vit_system_smartconnect_control_0_sc_transaction_regulator_v1_0_10_singleorder |          5 |          5 |       0 |    0 |    18 |      0 |      0 |    0 |          0 |
|               gen_endpoint.gen_w_singleorder.w_singleorder                                            |   vit_system_smartconnect_control_0_sc_transaction_regulator_v1_0_10_singleorder_8 |          3 |          3 |       0 |    0 |    18 |      0 |      0 |    0 |          0 |
|               xpm_cdc_async_rst_inst                                                                  |                             vit_system_smartconnect_control_0_xpm_cdc_async_rst__4 |          1 |          1 |       0 |    0 |     3 |      0 |      0 |    0 |          0 |
|         s00_nodes                                                                                     |                            vit_system_smartconnect_control_0_s00_nodes_imp_1LEDGN6 |         60 |         60 |       0 |    0 |   167 |      0 |      0 |    0 |          0 |
|           s00_ar_node                                                                                 |                                   vit_system_smartconnect_control_0_bd_875e_sarn_0 |         12 |         12 |       0 |    0 |    28 |      0 |      0 |    0 |          0 |
|             (s00_ar_node)                                                                             |                                   vit_system_smartconnect_control_0_bd_875e_sarn_0 |          0 |          0 |       0 |    0 |     0 |      0 |      0 |    0 |          0 |
|             inst                                                                                      |                              vit_system_smartconnect_control_0_sc_node_v1_0_15_top |         12 |         12 |       0 |    0 |    28 |      0 |      0 |    0 |          0 |
|               (inst)                                                                                  |                              vit_system_smartconnect_control_0_sc_node_v1_0_15_top |          3 |          3 |       0 |    0 |     1 |      0 |      0 |    0 |          0 |
|               inst_mi_handler                                                                         |                       vit_system_smartconnect_control_0_sc_node_v1_0_15_mi_handler |          7 |          7 |       0 |    0 |    21 |      0 |      0 |    0 |          0 |
|                 (inst_mi_handler)                                                                     |                       vit_system_smartconnect_control_0_sc_node_v1_0_15_mi_handler |          0 |          0 |       0 |    0 |     2 |      0 |      0 |    0 |          0 |
|                 gen_normal_area.inst_fifo_node_payld                                                  |                           vit_system_smartconnect_control_0_sc_node_v1_0_15_fifo_5 |          7 |          7 |       0 |    0 |    19 |      0 |      0 |    0 |          0 |
|                   gen_reg_fifo.inst_reg_fifo                                                          |                       vit_system_smartconnect_control_0_sc_node_v1_0_15_reg_fifo_6 |          7 |          7 |       0 |    0 |    19 |      0 |      0 |    0 |          0 |
|                     (gen_reg_fifo.inst_reg_fifo)                                                      |                       vit_system_smartconnect_control_0_sc_node_v1_0_15_reg_fifo_6 |          3 |          3 |       0 |    0 |    17 |      0 |      0 |    0 |          0 |
|                     gen_single_rank.inst_cntr                                                         |                         vit_system_smartconnect_control_0_sc_util_v1_0_4_counter_7 |          4 |          4 |       0 |    0 |     2 |      0 |      0 |    0 |          0 |
|               m_sc_xpm_cdc_async_rst_inst                                                             |                             vit_system_smartconnect_control_0_xpm_cdc_async_rst__6 |          1 |          1 |       0 |    0 |     3 |      0 |      0 |    0 |          0 |
|               s_sc_xpm_cdc_async_rst_inst                                                             |                             vit_system_smartconnect_control_0_xpm_cdc_async_rst__5 |          1 |          1 |       0 |    0 |     3 |      0 |      0 |    0 |          0 |
|           s00_aw_node                                                                                 |                                   vit_system_smartconnect_control_0_bd_875e_sawn_0 |         12 |         12 |       0 |    0 |    28 |      0 |      0 |    0 |          0 |
|             (s00_aw_node)                                                                             |                                   vit_system_smartconnect_control_0_bd_875e_sawn_0 |          0 |          0 |       0 |    0 |     0 |      0 |      0 |    0 |          0 |
|             inst                                                                                      |              vit_system_smartconnect_control_0_sc_node_v1_0_15_top__parameterized0 |         12 |         12 |       0 |    0 |    28 |      0 |      0 |    0 |          0 |
|               (inst)                                                                                  |              vit_system_smartconnect_control_0_sc_node_v1_0_15_top__parameterized0 |          3 |          3 |       0 |    0 |     1 |      0 |      0 |    0 |          0 |
|               inst_mi_handler                                                                         |       vit_system_smartconnect_control_0_sc_node_v1_0_15_mi_handler__parameterized0 |          7 |          7 |       0 |    0 |    21 |      0 |      0 |    0 |          0 |
|                 (inst_mi_handler)                                                                     |       vit_system_smartconnect_control_0_sc_node_v1_0_15_mi_handler__parameterized0 |          0 |          0 |       0 |    0 |     2 |      0 |      0 |    0 |          0 |
|                 gen_normal_area.inst_fifo_node_payld                                                  |                             vit_system_smartconnect_control_0_sc_node_v1_0_15_fifo |          7 |          7 |       0 |    0 |    19 |      0 |      0 |    0 |          0 |
|                   gen_reg_fifo.inst_reg_fifo                                                          |                         vit_system_smartconnect_control_0_sc_node_v1_0_15_reg_fifo |          7 |          7 |       0 |    0 |    19 |      0 |      0 |    0 |          0 |
|                     (gen_reg_fifo.inst_reg_fifo)                                                      |                         vit_system_smartconnect_control_0_sc_node_v1_0_15_reg_fifo |          3 |          3 |       0 |    0 |    17 |      0 |      0 |    0 |          0 |
|                     gen_single_rank.inst_cntr                                                         |                         vit_system_smartconnect_control_0_sc_util_v1_0_4_counter_4 |          4 |          4 |       0 |    0 |     2 |      0 |      0 |    0 |          0 |
|               m_sc_xpm_cdc_async_rst_inst                                                             |                             vit_system_smartconnect_control_0_xpm_cdc_async_rst__8 |          1 |          1 |       0 |    0 |     3 |      0 |      0 |    0 |          0 |
|               s_sc_xpm_cdc_async_rst_inst                                                             |                             vit_system_smartconnect_control_0_xpm_cdc_async_rst__7 |          1 |          1 |       0 |    0 |     3 |      0 |      0 |    0 |          0 |
|           s00_b_node                                                                                  |                                    vit_system_smartconnect_control_0_bd_875e_sbn_0 |         12 |         12 |       0 |    0 |    15 |      0 |      0 |    0 |          0 |
|             (s00_b_node)                                                                              |                                    vit_system_smartconnect_control_0_bd_875e_sbn_0 |          0 |          0 |       0 |    0 |     0 |      0 |      0 |    0 |          0 |
|             inst                                                                                      |              vit_system_smartconnect_control_0_sc_node_v1_0_15_top__parameterized1 |         12 |         12 |       0 |    0 |    15 |      0 |      0 |    0 |          0 |
|               (inst)                                                                                  |              vit_system_smartconnect_control_0_sc_node_v1_0_15_top__parameterized1 |          3 |          3 |       0 |    0 |     1 |      0 |      0 |    0 |          0 |
|               inst_mi_handler                                                                         |       vit_system_smartconnect_control_0_sc_node_v1_0_15_mi_handler__parameterized1 |          7 |          7 |       0 |    0 |     8 |      0 |      0 |    0 |          0 |
|                 (inst_mi_handler)                                                                     |       vit_system_smartconnect_control_0_sc_node_v1_0_15_mi_handler__parameterized1 |          0 |          0 |       0 |    0 |     2 |      0 |      0 |    0 |          0 |
|                 gen_normal_area.inst_fifo_node_payld                                                  |             vit_system_smartconnect_control_0_sc_node_v1_0_15_fifo__parameterized0 |          7 |          7 |       0 |    0 |     6 |      0 |      0 |    0 |          0 |
|                   gen_reg_fifo.inst_reg_fifo                                                          |         vit_system_smartconnect_control_0_sc_node_v1_0_15_reg_fifo__parameterized0 |          7 |          7 |       0 |    0 |     6 |      0 |      0 |    0 |          0 |
|                     (gen_reg_fifo.inst_reg_fifo)                                                      |         vit_system_smartconnect_control_0_sc_node_v1_0_15_reg_fifo__parameterized0 |          3 |          3 |       0 |    0 |     4 |      0 |      0 |    0 |          0 |
|                     gen_single_rank.inst_cntr                                                         |                         vit_system_smartconnect_control_0_sc_util_v1_0_4_counter_3 |          4 |          4 |       0 |    0 |     2 |      0 |      0 |    0 |          0 |
|               m_sc_xpm_cdc_async_rst_inst                                                             |                            vit_system_smartconnect_control_0_xpm_cdc_async_rst__10 |          1 |          1 |       0 |    0 |     3 |      0 |      0 |    0 |          0 |
|               s_sc_xpm_cdc_async_rst_inst                                                             |                             vit_system_smartconnect_control_0_xpm_cdc_async_rst__9 |          1 |          1 |       0 |    0 |     3 |      0 |      0 |    0 |          0 |
|           s00_r_node                                                                                  |                                    vit_system_smartconnect_control_0_bd_875e_srn_0 |         12 |         12 |       0 |    0 |    47 |      0 |      0 |    0 |          0 |
|             (s00_r_node)                                                                              |                                    vit_system_smartconnect_control_0_bd_875e_srn_0 |          0 |          0 |       0 |    0 |     0 |      0 |      0 |    0 |          0 |
|             inst                                                                                      |              vit_system_smartconnect_control_0_sc_node_v1_0_15_top__parameterized2 |         12 |         12 |       0 |    0 |    47 |      0 |      0 |    0 |          0 |
|               (inst)                                                                                  |              vit_system_smartconnect_control_0_sc_node_v1_0_15_top__parameterized2 |          3 |          3 |       0 |    0 |     1 |      0 |      0 |    0 |          0 |
|               inst_mi_handler                                                                         |       vit_system_smartconnect_control_0_sc_node_v1_0_15_mi_handler__parameterized2 |          7 |          7 |       0 |    0 |    40 |      0 |      0 |    0 |          0 |
|                 (inst_mi_handler)                                                                     |       vit_system_smartconnect_control_0_sc_node_v1_0_15_mi_handler__parameterized2 |          0 |          0 |       0 |    0 |     2 |      0 |      0 |    0 |          0 |
|                 gen_normal_area.inst_fifo_node_payld                                                  |           vit_system_smartconnect_control_0_sc_node_v1_0_15_fifo__parameterized1_0 |          7 |          7 |       0 |    0 |    38 |      0 |      0 |    0 |          0 |
|                   gen_reg_fifo.inst_reg_fifo                                                          |       vit_system_smartconnect_control_0_sc_node_v1_0_15_reg_fifo__parameterized1_1 |          7 |          7 |       0 |    0 |    38 |      0 |      0 |    0 |          0 |
|                     (gen_reg_fifo.inst_reg_fifo)                                                      |       vit_system_smartconnect_control_0_sc_node_v1_0_15_reg_fifo__parameterized1_1 |          3 |          3 |       0 |    0 |    36 |      0 |      0 |    0 |          0 |
|                     gen_single_rank.inst_cntr                                                         |                         vit_system_smartconnect_control_0_sc_util_v1_0_4_counter_2 |          4 |          4 |       0 |    0 |     2 |      0 |      0 |    0 |          0 |
|               m_sc_xpm_cdc_async_rst_inst                                                             |                            vit_system_smartconnect_control_0_xpm_cdc_async_rst__12 |          1 |          1 |       0 |    0 |     3 |      0 |      0 |    0 |          0 |
|               s_sc_xpm_cdc_async_rst_inst                                                             |                            vit_system_smartconnect_control_0_xpm_cdc_async_rst__11 |          1 |          1 |       0 |    0 |     3 |      0 |      0 |    0 |          0 |
|           s00_w_node                                                                                  |                                    vit_system_smartconnect_control_0_bd_875e_swn_0 |         12 |         12 |       0 |    0 |    49 |      0 |      0 |    0 |          0 |
|             (s00_w_node)                                                                              |                                    vit_system_smartconnect_control_0_bd_875e_swn_0 |          0 |          0 |       0 |    0 |     0 |      0 |      0 |    0 |          0 |
|             inst                                                                                      |              vit_system_smartconnect_control_0_sc_node_v1_0_15_top__parameterized3 |         12 |         12 |       0 |    0 |    49 |      0 |      0 |    0 |          0 |
|               (inst)                                                                                  |              vit_system_smartconnect_control_0_sc_node_v1_0_15_top__parameterized3 |          3 |          3 |       0 |    0 |     1 |      0 |      0 |    0 |          0 |
|               inst_mi_handler                                                                         |       vit_system_smartconnect_control_0_sc_node_v1_0_15_mi_handler__parameterized3 |          7 |          7 |       0 |    0 |    42 |      0 |      0 |    0 |          0 |
|                 (inst_mi_handler)                                                                     |       vit_system_smartconnect_control_0_sc_node_v1_0_15_mi_handler__parameterized3 |          0 |          0 |       0 |    0 |     2 |      0 |      0 |    0 |          0 |
|                 gen_normal_area.inst_fifo_node_payld                                                  |             vit_system_smartconnect_control_0_sc_node_v1_0_15_fifo__parameterized1 |          7 |          7 |       0 |    0 |    40 |      0 |      0 |    0 |          0 |
|                   gen_reg_fifo.inst_reg_fifo                                                          |         vit_system_smartconnect_control_0_sc_node_v1_0_15_reg_fifo__parameterized1 |          7 |          7 |       0 |    0 |    40 |      0 |      0 |    0 |          0 |
|                     (gen_reg_fifo.inst_reg_fifo)                                                      |         vit_system_smartconnect_control_0_sc_node_v1_0_15_reg_fifo__parameterized1 |          3 |          3 |       0 |    0 |    38 |      0 |      0 |    0 |          0 |
|                     gen_single_rank.inst_cntr                                                         |                           vit_system_smartconnect_control_0_sc_util_v1_0_4_counter |          4 |          4 |       0 |    0 |     2 |      0 |      0 |    0 |          0 |
|               m_sc_xpm_cdc_async_rst_inst                                                             |                                vit_system_smartconnect_control_0_xpm_cdc_async_rst |          1 |          1 |       0 |    0 |     3 |      0 |      0 |    0 |          0 |
|               s_sc_xpm_cdc_async_rst_inst                                                             |                            vit_system_smartconnect_control_0_xpm_cdc_async_rst__13 |          1 |          1 |       0 |    0 |     3 |      0 |      0 |    0 |          0 |
|     smartconnect_ddr                                                                                  |                                                      vit_system_smartconnect_ddr_0 |       2275 |       1633 |     288 |  354 |  2572 |      0 |      0 |    0 |          0 |
|       (smartconnect_ddr)                                                                              |                                                      vit_system_smartconnect_ddr_0 |          0 |          0 |       0 |    0 |     0 |      0 |      0 |    0 |          0 |
|       inst                                                                                            |                                              vit_system_smartconnect_ddr_0_bd_819f |       2275 |       1633 |     288 |  354 |  2572 |      0 |      0 |    0 |          0 |
|         (inst)                                                                                        |                                              vit_system_smartconnect_ddr_0_bd_819f |          0 |          0 |       0 |    0 |     0 |      0 |      0 |    0 |          0 |
|         clk_map                                                                                       |                                  vit_system_smartconnect_ddr_0_clk_map_imp_14GHB9G |         13 |         12 |       0 |    1 |    22 |      0 |      0 |    0 |          0 |
|           psr_aclk                                                                                    |                                   vit_system_smartconnect_ddr_0_bd_819f_psr_aclk_0 |         13 |         12 |       0 |    1 |    22 |      0 |      0 |    0 |          0 |
|             U0                                                                                        |                                       vit_system_smartconnect_ddr_0_proc_sys_reset |         13 |         12 |       0 |    1 |    22 |      0 |      0 |    0 |          0 |
|               (U0)                                                                                    |                                       vit_system_smartconnect_ddr_0_proc_sys_reset |          0 |          0 |       0 |    0 |     1 |      0 |      0 |    0 |          0 |
|               EXT_LPF                                                                                 |                                                  vit_system_smartconnect_ddr_0_lpf |          3 |          2 |       0 |    1 |     6 |      0 |      0 |    0 |          0 |
|                 (EXT_LPF)                                                                             |                                                  vit_system_smartconnect_ddr_0_lpf |          2 |          1 |       0 |    1 |     2 |      0 |      0 |    0 |          0 |
|                 ACTIVE_LOW_AUX.ACT_LO_AUX                                                             |                                             vit_system_smartconnect_ddr_0_cdc_sync |          1 |          1 |       0 |    0 |     4 |      0 |      0 |    0 |          0 |
|               SEQ                                                                                     |                                         vit_system_smartconnect_ddr_0_sequence_psr |         10 |         10 |       0 |    0 |    15 |      0 |      0 |    0 |          0 |
|                 (SEQ)                                                                                 |                                         vit_system_smartconnect_ddr_0_sequence_psr |          5 |          5 |       0 |    0 |     9 |      0 |      0 |    0 |          0 |
|                 SEQ_COUNTER                                                                           |                                              vit_system_smartconnect_ddr_0_upcnt_n |          5 |          5 |       0 |    0 |     6 |      0 |      0 |    0 |          0 |
|         m00_exit_pipeline                                                                             |                         vit_system_smartconnect_ddr_0_m00_exit_pipeline_imp_T9RZBZ |         66 |         59 |       0 |    7 |    29 |      0 |      0 |    0 |          0 |
|           m00_exit                                                                                    |                                       vit_system_smartconnect_ddr_0_bd_819f_m00e_0 |         66 |         59 |       0 |    7 |    29 |      0 |      0 |    0 |          0 |
|             (m00_exit)                                                                                |                                       vit_system_smartconnect_ddr_0_bd_819f_m00e_0 |          0 |          0 |       0 |    0 |     0 |      0 |      0 |    0 |          0 |
|             inst                                                                                      |                                  vit_system_smartconnect_ddr_0_sc_exit_v1_0_14_top |         66 |         59 |       0 |    7 |    29 |      0 |      0 |    0 |          0 |
|               (inst)                                                                                  |                                  vit_system_smartconnect_ddr_0_sc_exit_v1_0_14_top |         16 |         16 |       0 |    0 |     2 |      0 |      0 |    0 |          0 |
|               exit_inst                                                                               |                                 vit_system_smartconnect_ddr_0_sc_exit_v1_0_14_exit |         49 |         42 |       0 |    7 |    24 |      0 |      0 |    0 |          0 |
|                 (exit_inst)                                                                           |                                 vit_system_smartconnect_ddr_0_sc_exit_v1_0_14_exit |          1 |          1 |       0 |    0 |     1 |      0 |      0 |    0 |          0 |
|                 gen_r_cmd_fifo.r_cmd_fifo                                                             |                     vit_system_smartconnect_ddr_0_sc_util_v1_0_4_axic_reg_srl_fifo |         28 |         23 |       0 |    5 |    13 |      0 |      0 |    0 |          0 |
|                   (gen_r_cmd_fifo.r_cmd_fifo)                                                         |                     vit_system_smartconnect_ddr_0_sc_util_v1_0_4_axic_reg_srl_fifo |         17 |         17 |       0 |    0 |    13 |      0 |      0 |    0 |          0 |
|                   gen_srls[14].srl_nx1                                                                |                           vit_system_smartconnect_ddr_0_sc_util_v1_0_4_srl_rtl_367 |          2 |          1 |       0 |    1 |     0 |      0 |      0 |    0 |          0 |
|                   gen_srls[15].srl_nx1                                                                |                           vit_system_smartconnect_ddr_0_sc_util_v1_0_4_srl_rtl_368 |          2 |          1 |       0 |    1 |     0 |      0 |      0 |    0 |          0 |
|                   gen_srls[16].srl_nx1                                                                |                           vit_system_smartconnect_ddr_0_sc_util_v1_0_4_srl_rtl_369 |          3 |          2 |       0 |    1 |     0 |      0 |      0 |    0 |          0 |
|                   gen_srls[1].srl_nx1                                                                 |                           vit_system_smartconnect_ddr_0_sc_util_v1_0_4_srl_rtl_370 |          2 |          1 |       0 |    1 |     0 |      0 |      0 |    0 |          0 |
|                   gen_srls[8].srl_nx1                                                                 |                           vit_system_smartconnect_ddr_0_sc_util_v1_0_4_srl_rtl_371 |          2 |          1 |       0 |    1 |     0 |      0 |      0 |    0 |          0 |
|                 gen_w_cmd_fifo.w_cmd_fifo                                                             |     vit_system_smartconnect_ddr_0_sc_util_v1_0_4_axic_reg_srl_fifo__parameterized0 |         20 |         18 |       0 |    2 |    10 |      0 |      0 |    0 |          0 |
|                   (gen_w_cmd_fifo.w_cmd_fifo)                                                         |     vit_system_smartconnect_ddr_0_sc_util_v1_0_4_axic_reg_srl_fifo__parameterized0 |         15 |         15 |       0 |    0 |    10 |      0 |      0 |    0 |          0 |
|                   gen_srls[1].srl_nx1                                                                 |                           vit_system_smartconnect_ddr_0_sc_util_v1_0_4_srl_rtl_365 |          2 |          1 |       0 |    1 |     0 |      0 |      0 |    0 |          0 |
|                   gen_srls[2].srl_nx1                                                                 |                           vit_system_smartconnect_ddr_0_sc_util_v1_0_4_srl_rtl_366 |          3 |          2 |       0 |    1 |     0 |      0 |      0 |    0 |          0 |
|               xpm_cdc_async_rst_inst                                                                  |                                    vit_system_smartconnect_ddr_0_xpm_cdc_async_rst |          1 |          1 |       0 |    0 |     3 |      0 |      0 |    0 |          0 |
|         m00_sc2axi                                                                                    |                                     vit_system_smartconnect_ddr_0_bd_819f_m00s2a_0 |          0 |          0 |       0 |    0 |     0 |      0 |      0 |    0 |          0 |
|           (m00_sc2axi)                                                                                |                                     vit_system_smartconnect_ddr_0_bd_819f_m00s2a_0 |          0 |          0 |       0 |    0 |     0 |      0 |      0 |    0 |          0 |
|           inst                                                                                        |                                 vit_system_smartconnect_ddr_0_sc_sc2axi_v1_0_9_top |          0 |          0 |       0 |    0 |     0 |      0 |      0 |    0 |          0 |
|         s00_axi2sc                                                                                    |                                     vit_system_smartconnect_ddr_0_bd_819f_s00a2s_0 |          0 |          0 |       0 |    0 |     0 |      0 |      0 |    0 |          0 |
|           (s00_axi2sc)                                                                                |                                     vit_system_smartconnect_ddr_0_bd_819f_s00a2s_0 |          0 |          0 |       0 |    0 |     0 |      0 |      0 |    0 |          0 |
|           inst                                                                                        |                                 vit_system_smartconnect_ddr_0_sc_axi2sc_v1_0_9_top |          0 |          0 |       0 |    0 |     0 |      0 |      0 |    0 |          0 |
|         s00_entry_pipeline                                                                            |                       vit_system_smartconnect_ddr_0_s00_entry_pipeline_imp_1T0QW0S |       1689 |       1343 |       0 |  346 |  1938 |      0 |      0 |    0 |          0 |
|           s00_mmu                                                                                     |                                     vit_system_smartconnect_ddr_0_bd_819f_s00mmu_0 |        232 |        232 |       0 |    0 |   322 |      0 |      0 |    0 |          0 |
|             (s00_mmu)                                                                                 |                                     vit_system_smartconnect_ddr_0_bd_819f_s00mmu_0 |          0 |          0 |       0 |    0 |     0 |      0 |      0 |    0 |          0 |
|             inst                                                                                      |                                   vit_system_smartconnect_ddr_0_sc_mmu_v1_0_12_top |        232 |        232 |       0 |    0 |   322 |      0 |      0 |    0 |          0 |
|               (inst)                                                                                  |                                   vit_system_smartconnect_ddr_0_sc_mmu_v1_0_12_top |         87 |         87 |       0 |    0 |    28 |      0 |      0 |    0 |          0 |
|               ar_reg_stall                                                                            |     vit_system_smartconnect_ddr_0_sc_util_v1_0_4_axi_reg_stall__parameterized0_363 |         57 |         57 |       0 |    0 |   136 |      0 |      0 |    0 |          0 |
|               aw_reg_stall                                                                            |     vit_system_smartconnect_ddr_0_sc_util_v1_0_4_axi_reg_stall__parameterized0_364 |         54 |         54 |       0 |    0 |   136 |      0 |      0 |    0 |          0 |
|               gen_endpoint.decerr_slave_inst                                                          |                          vit_system_smartconnect_ddr_0_sc_mmu_v1_0_12_decerr_slave |         33 |         33 |       0 |    0 |    19 |      0 |      0 |    0 |          0 |
|               xpm_cdc_async_rst_inst                                                                  |                                 vit_system_smartconnect_ddr_0_xpm_cdc_async_rst__3 |          1 |          1 |       0 |    0 |     3 |      0 |      0 |    0 |          0 |
|           s00_si_converter                                                                            |                                     vit_system_smartconnect_ddr_0_bd_819f_s00sic_0 |       1327 |        983 |       0 |  344 |  1278 |      0 |      0 |    0 |          0 |
|             (s00_si_converter)                                                                        |                                     vit_system_smartconnect_ddr_0_bd_819f_s00sic_0 |          0 |          0 |       0 |    0 |     0 |      0 |      0 |    0 |          0 |
|             inst                                                                                      |                          vit_system_smartconnect_ddr_0_sc_si_converter_v1_0_12_top |       1327 |        983 |       0 |  344 |  1278 |      0 |      0 |    0 |          0 |
|               (inst)                                                                                  |                          vit_system_smartconnect_ddr_0_sc_si_converter_v1_0_12_top |          1 |          1 |       0 |    0 |     1 |      0 |      0 |    0 |          0 |
|               converter.wrap_narrow_inst                                                              |                  vit_system_smartconnect_ddr_0_sc_si_converter_v1_0_12_wrap_narrow |       1306 |        965 |       0 |  341 |  1262 |      0 |      0 |    0 |          0 |
|                 (converter.wrap_narrow_inst)                                                          |                  vit_system_smartconnect_ddr_0_sc_si_converter_v1_0_12_wrap_narrow |        170 |        170 |       0 |    0 |   496 |      0 |      0 |    0 |          0 |
|                 ar_reg_slice                                                                          |      vit_system_smartconnect_ddr_0_sc_util_v1_0_4_axi_reg_stall__parameterized0_20 |        127 |        127 |       0 |    0 |   162 |      0 |      0 |    0 |          0 |
|                 aw_reg_slice                                                                          |      vit_system_smartconnect_ddr_0_sc_util_v1_0_4_axi_reg_stall__parameterized0_21 |        121 |        121 |       0 |    0 |   162 |      0 |      0 |    0 |          0 |
|                 gen_thread_loop[0].r_cmd_fifo                                                         |     vit_system_smartconnect_ddr_0_sc_util_v1_0_4_axic_reg_srl_fifo__parameterized2 |         92 |         69 |       0 |   23 |    31 |      0 |      0 |    0 |          0 |
|                   (gen_thread_loop[0].r_cmd_fifo)                                                     |     vit_system_smartconnect_ddr_0_sc_util_v1_0_4_axic_reg_srl_fifo__parameterized2 |         39 |         39 |       0 |    0 |    31 |      0 |      0 |    0 |          0 |
|                   gen_srls[0].srl_nx1                                                                 |                           vit_system_smartconnect_ddr_0_sc_util_v1_0_4_srl_rtl_340 |          2 |          1 |       0 |    1 |     0 |      0 |      0 |    0 |          0 |
|                   gen_srls[10].srl_nx1                                                                |                           vit_system_smartconnect_ddr_0_sc_util_v1_0_4_srl_rtl_341 |          2 |          1 |       0 |    1 |     0 |      0 |      0 |    0 |          0 |
|                   gen_srls[11].srl_nx1                                                                |                           vit_system_smartconnect_ddr_0_sc_util_v1_0_4_srl_rtl_342 |          2 |          1 |       0 |    1 |     0 |      0 |      0 |    0 |          0 |
|                   gen_srls[12].srl_nx1                                                                |                           vit_system_smartconnect_ddr_0_sc_util_v1_0_4_srl_rtl_343 |          2 |          1 |       0 |    1 |     0 |      0 |      0 |    0 |          0 |
|                   gen_srls[13].srl_nx1                                                                |                           vit_system_smartconnect_ddr_0_sc_util_v1_0_4_srl_rtl_344 |          2 |          1 |       0 |    1 |     0 |      0 |      0 |    0 |          0 |
|                   gen_srls[14].srl_nx1                                                                |                           vit_system_smartconnect_ddr_0_sc_util_v1_0_4_srl_rtl_345 |          2 |          1 |       0 |    1 |     0 |      0 |      0 |    0 |          0 |
|                   gen_srls[15].srl_nx1                                                                |                           vit_system_smartconnect_ddr_0_sc_util_v1_0_4_srl_rtl_346 |          2 |          1 |       0 |    1 |     0 |      0 |      0 |    0 |          0 |
|                   gen_srls[16].srl_nx1                                                                |                           vit_system_smartconnect_ddr_0_sc_util_v1_0_4_srl_rtl_347 |          2 |          1 |       0 |    1 |     0 |      0 |      0 |    0 |          0 |
|                   gen_srls[17].srl_nx1                                                                |                           vit_system_smartconnect_ddr_0_sc_util_v1_0_4_srl_rtl_348 |          2 |          1 |       0 |    1 |     0 |      0 |      0 |    0 |          0 |
|                   gen_srls[18].srl_nx1                                                                |                           vit_system_smartconnect_ddr_0_sc_util_v1_0_4_srl_rtl_349 |          3 |          2 |       0 |    1 |     0 |      0 |      0 |    0 |          0 |
|                   gen_srls[19].srl_nx1                                                                |                           vit_system_smartconnect_ddr_0_sc_util_v1_0_4_srl_rtl_350 |          4 |          3 |       0 |    1 |     0 |      0 |      0 |    0 |          0 |
|                   gen_srls[1].srl_nx1                                                                 |                           vit_system_smartconnect_ddr_0_sc_util_v1_0_4_srl_rtl_351 |          2 |          1 |       0 |    1 |     0 |      0 |      0 |    0 |          0 |
|                   gen_srls[20].srl_nx1                                                                |                           vit_system_smartconnect_ddr_0_sc_util_v1_0_4_srl_rtl_352 |          3 |          2 |       0 |    1 |     0 |      0 |      0 |    0 |          0 |
|                   gen_srls[21].srl_nx1                                                                |                           vit_system_smartconnect_ddr_0_sc_util_v1_0_4_srl_rtl_353 |          3 |          2 |       0 |    1 |     0 |      0 |      0 |    0 |          0 |
|                   gen_srls[22].srl_nx1                                                                |                           vit_system_smartconnect_ddr_0_sc_util_v1_0_4_srl_rtl_354 |          4 |          3 |       0 |    1 |     0 |      0 |      0 |    0 |          0 |
|                   gen_srls[2].srl_nx1                                                                 |                           vit_system_smartconnect_ddr_0_sc_util_v1_0_4_srl_rtl_355 |          2 |          1 |       0 |    1 |     0 |      0 |      0 |    0 |          0 |
|                   gen_srls[3].srl_nx1                                                                 |                           vit_system_smartconnect_ddr_0_sc_util_v1_0_4_srl_rtl_356 |          2 |          1 |       0 |    1 |     0 |      0 |      0 |    0 |          0 |
|                   gen_srls[4].srl_nx1                                                                 |                           vit_system_smartconnect_ddr_0_sc_util_v1_0_4_srl_rtl_357 |          2 |          1 |       0 |    1 |     0 |      0 |      0 |    0 |          0 |
|                   gen_srls[5].srl_nx1                                                                 |                           vit_system_smartconnect_ddr_0_sc_util_v1_0_4_srl_rtl_358 |          2 |          1 |       0 |    1 |     0 |      0 |      0 |    0 |          0 |
|                   gen_srls[6].srl_nx1                                                                 |                           vit_system_smartconnect_ddr_0_sc_util_v1_0_4_srl_rtl_359 |          2 |          1 |       0 |    1 |     0 |      0 |      0 |    0 |          0 |
|                   gen_srls[7].srl_nx1                                                                 |                           vit_system_smartconnect_ddr_0_sc_util_v1_0_4_srl_rtl_360 |          2 |          1 |       0 |    1 |     0 |      0 |      0 |    0 |          0 |
|                   gen_srls[8].srl_nx1                                                                 |                           vit_system_smartconnect_ddr_0_sc_util_v1_0_4_srl_rtl_361 |          2 |          1 |       0 |    1 |     0 |      0 |      0 |    0 |          0 |
|                   gen_srls[9].srl_nx1                                                                 |                           vit_system_smartconnect_ddr_0_sc_util_v1_0_4_srl_rtl_362 |          2 |          1 |       0 |    1 |     0 |      0 |      0 |    0 |          0 |
|                 gen_thread_loop[0].r_payld_fifo                                                       |                  vit_system_smartconnect_ddr_0_sc_si_converter_v1_0_12_offset_fifo |        311 |        169 |       0 |  142 |   184 |      0 |      0 |    0 |          0 |
|                   (gen_thread_loop[0].r_payld_fifo)                                                   |                  vit_system_smartconnect_ddr_0_sc_si_converter_v1_0_12_offset_fifo |        101 |        101 |       0 |    0 |   164 |      0 |      0 |    0 |          0 |
|                   cmd_fifo                                                                            | vit_system_smartconnect_ddr_0_sc_util_v1_0_4_axic_reg_srl_fifo__parameterized3_197 |         74 |         62 |       0 |   12 |    20 |      0 |      0 |    0 |          0 |
|                     (cmd_fifo)                                                                        | vit_system_smartconnect_ddr_0_sc_util_v1_0_4_axic_reg_srl_fifo__parameterized3_197 |         43 |         43 |       0 |    0 |    20 |      0 |      0 |    0 |          0 |
|                     gen_srls[0].srl_nx1                                                               |                           vit_system_smartconnect_ddr_0_sc_util_v1_0_4_srl_rtl_328 |          2 |          1 |       0 |    1 |     0 |      0 |      0 |    0 |          0 |
|                     gen_srls[10].srl_nx1                                                              |                           vit_system_smartconnect_ddr_0_sc_util_v1_0_4_srl_rtl_329 |          3 |          2 |       0 |    1 |     0 |      0 |      0 |    0 |          0 |
|                     gen_srls[11].srl_nx1                                                              |                           vit_system_smartconnect_ddr_0_sc_util_v1_0_4_srl_rtl_330 |          4 |          3 |       0 |    1 |     0 |      0 |      0 |    0 |          0 |
|                     gen_srls[1].srl_nx1                                                               |                           vit_system_smartconnect_ddr_0_sc_util_v1_0_4_srl_rtl_331 |          2 |          1 |       0 |    1 |     0 |      0 |      0 |    0 |          0 |
|                     gen_srls[2].srl_nx1                                                               |                           vit_system_smartconnect_ddr_0_sc_util_v1_0_4_srl_rtl_332 |          2 |          1 |       0 |    1 |     0 |      0 |      0 |    0 |          0 |
|                     gen_srls[3].srl_nx1                                                               |                           vit_system_smartconnect_ddr_0_sc_util_v1_0_4_srl_rtl_333 |          2 |          1 |       0 |    1 |     0 |      0 |      0 |    0 |          0 |
|                     gen_srls[4].srl_nx1                                                               |                           vit_system_smartconnect_ddr_0_sc_util_v1_0_4_srl_rtl_334 |          2 |          1 |       0 |    1 |     0 |      0 |      0 |    0 |          0 |
|                     gen_srls[5].srl_nx1                                                               |                           vit_system_smartconnect_ddr_0_sc_util_v1_0_4_srl_rtl_335 |          2 |          1 |       0 |    1 |     0 |      0 |      0 |    0 |          0 |
|                     gen_srls[6].srl_nx1                                                               |                           vit_system_smartconnect_ddr_0_sc_util_v1_0_4_srl_rtl_336 |          2 |          1 |       0 |    1 |     0 |      0 |      0 |    0 |          0 |
|                     gen_srls[7].srl_nx1                                                               |                           vit_system_smartconnect_ddr_0_sc_util_v1_0_4_srl_rtl_337 |          4 |          3 |       0 |    1 |     0 |      0 |      0 |    0 |          0 |
|                     gen_srls[8].srl_nx1                                                               |                           vit_system_smartconnect_ddr_0_sc_util_v1_0_4_srl_rtl_338 |          3 |          2 |       0 |    1 |     0 |      0 |      0 |    0 |          0 |
|                     gen_srls[9].srl_nx1                                                               |                           vit_system_smartconnect_ddr_0_sc_util_v1_0_4_srl_rtl_339 |          3 |          2 |       0 |    1 |     0 |      0 |      0 |    0 |          0 |
|                   gen_srls[100].srl_nx1                                                               |           vit_system_smartconnect_ddr_0_sc_util_v1_0_4_srl_rtl__parameterized0_198 |          1 |          0 |       0 |    1 |     0 |      0 |      0 |    0 |          0 |
|                   gen_srls[101].srl_nx1                                                               |           vit_system_smartconnect_ddr_0_sc_util_v1_0_4_srl_rtl__parameterized0_199 |          1 |          0 |       0 |    1 |     0 |      0 |      0 |    0 |          0 |
|                   gen_srls[102].srl_nx1                                                               |           vit_system_smartconnect_ddr_0_sc_util_v1_0_4_srl_rtl__parameterized0_200 |          1 |          0 |       0 |    1 |     0 |      0 |      0 |    0 |          0 |
|                   gen_srls[103].srl_nx1                                                               |           vit_system_smartconnect_ddr_0_sc_util_v1_0_4_srl_rtl__parameterized0_201 |          1 |          0 |       0 |    1 |     0 |      0 |      0 |    0 |          0 |
|                   gen_srls[104].srl_nx1                                                               |           vit_system_smartconnect_ddr_0_sc_util_v1_0_4_srl_rtl__parameterized0_202 |          1 |          0 |       0 |    1 |     0 |      0 |      0 |    0 |          0 |
|                   gen_srls[105].srl_nx1                                                               |           vit_system_smartconnect_ddr_0_sc_util_v1_0_4_srl_rtl__parameterized0_203 |          1 |          0 |       0 |    1 |     0 |      0 |      0 |    0 |          0 |
|                   gen_srls[106].srl_nx1                                                               |           vit_system_smartconnect_ddr_0_sc_util_v1_0_4_srl_rtl__parameterized0_204 |          1 |          0 |       0 |    1 |     0 |      0 |      0 |    0 |          0 |
|                   gen_srls[107].srl_nx1                                                               |           vit_system_smartconnect_ddr_0_sc_util_v1_0_4_srl_rtl__parameterized0_205 |          1 |          0 |       0 |    1 |     0 |      0 |      0 |    0 |          0 |
|                   gen_srls[108].srl_nx1                                                               |           vit_system_smartconnect_ddr_0_sc_util_v1_0_4_srl_rtl__parameterized0_206 |          1 |          0 |       0 |    1 |     0 |      0 |      0 |    0 |          0 |
|                   gen_srls[109].srl_nx1                                                               |           vit_system_smartconnect_ddr_0_sc_util_v1_0_4_srl_rtl__parameterized0_207 |          1 |          0 |       0 |    1 |     0 |      0 |      0 |    0 |          0 |
|                   gen_srls[110].srl_nx1                                                               |           vit_system_smartconnect_ddr_0_sc_util_v1_0_4_srl_rtl__parameterized0_208 |          1 |          0 |       0 |    1 |     0 |      0 |      0 |    0 |          0 |
|                   gen_srls[111].srl_nx1                                                               |           vit_system_smartconnect_ddr_0_sc_util_v1_0_4_srl_rtl__parameterized0_209 |          1 |          0 |       0 |    1 |     0 |      0 |      0 |    0 |          0 |
|                   gen_srls[112].srl_nx1                                                               |           vit_system_smartconnect_ddr_0_sc_util_v1_0_4_srl_rtl__parameterized0_210 |          1 |          0 |       0 |    1 |     0 |      0 |      0 |    0 |          0 |
|                   gen_srls[113].srl_nx1                                                               |           vit_system_smartconnect_ddr_0_sc_util_v1_0_4_srl_rtl__parameterized0_211 |          1 |          0 |       0 |    1 |     0 |      0 |      0 |    0 |          0 |
|                   gen_srls[114].srl_nx1                                                               |           vit_system_smartconnect_ddr_0_sc_util_v1_0_4_srl_rtl__parameterized0_212 |          1 |          0 |       0 |    1 |     0 |      0 |      0 |    0 |          0 |
|                   gen_srls[115].srl_nx1                                                               |           vit_system_smartconnect_ddr_0_sc_util_v1_0_4_srl_rtl__parameterized0_213 |          1 |          0 |       0 |    1 |     0 |      0 |      0 |    0 |          0 |
|                   gen_srls[116].srl_nx1                                                               |           vit_system_smartconnect_ddr_0_sc_util_v1_0_4_srl_rtl__parameterized0_214 |          1 |          0 |       0 |    1 |     0 |      0 |      0 |    0 |          0 |
|                   gen_srls[117].srl_nx1                                                               |           vit_system_smartconnect_ddr_0_sc_util_v1_0_4_srl_rtl__parameterized0_215 |          1 |          0 |       0 |    1 |     0 |      0 |      0 |    0 |          0 |
|                   gen_srls[118].srl_nx1                                                               |           vit_system_smartconnect_ddr_0_sc_util_v1_0_4_srl_rtl__parameterized0_216 |          1 |          0 |       0 |    1 |     0 |      0 |      0 |    0 |          0 |
|                   gen_srls[119].srl_nx1                                                               |           vit_system_smartconnect_ddr_0_sc_util_v1_0_4_srl_rtl__parameterized0_217 |          1 |          0 |       0 |    1 |     0 |      0 |      0 |    0 |          0 |
|                   gen_srls[120].srl_nx1                                                               |           vit_system_smartconnect_ddr_0_sc_util_v1_0_4_srl_rtl__parameterized0_218 |          1 |          0 |       0 |    1 |     0 |      0 |      0 |    0 |          0 |
|                   gen_srls[121].srl_nx1                                                               |           vit_system_smartconnect_ddr_0_sc_util_v1_0_4_srl_rtl__parameterized0_219 |          1 |          0 |       0 |    1 |     0 |      0 |      0 |    0 |          0 |
|                   gen_srls[122].srl_nx1                                                               |           vit_system_smartconnect_ddr_0_sc_util_v1_0_4_srl_rtl__parameterized0_220 |          1 |          0 |       0 |    1 |     0 |      0 |      0 |    0 |          0 |
|                   gen_srls[123].srl_nx1                                                               |           vit_system_smartconnect_ddr_0_sc_util_v1_0_4_srl_rtl__parameterized0_221 |          1 |          0 |       0 |    1 |     0 |      0 |      0 |    0 |          0 |
|                   gen_srls[124].srl_nx1                                                               |           vit_system_smartconnect_ddr_0_sc_util_v1_0_4_srl_rtl__parameterized0_222 |          1 |          0 |       0 |    1 |     0 |      0 |      0 |    0 |          0 |
|                   gen_srls[125].srl_nx1                                                               |           vit_system_smartconnect_ddr_0_sc_util_v1_0_4_srl_rtl__parameterized0_223 |          1 |          0 |       0 |    1 |     0 |      0 |      0 |    0 |          0 |
|                   gen_srls[126].srl_nx1                                                               |           vit_system_smartconnect_ddr_0_sc_util_v1_0_4_srl_rtl__parameterized0_224 |          1 |          0 |       0 |    1 |     0 |      0 |      0 |    0 |          0 |
|                   gen_srls[127].srl_nx1                                                               |           vit_system_smartconnect_ddr_0_sc_util_v1_0_4_srl_rtl__parameterized0_225 |          1 |          0 |       0 |    1 |     0 |      0 |      0 |    0 |          0 |
|                   gen_srls[128].srl_nx1                                                               |           vit_system_smartconnect_ddr_0_sc_util_v1_0_4_srl_rtl__parameterized0_226 |          1 |          0 |       0 |    1 |     0 |      0 |      0 |    0 |          0 |
|                   gen_srls[129].srl_nx1                                                               |           vit_system_smartconnect_ddr_0_sc_util_v1_0_4_srl_rtl__parameterized0_227 |          1 |          0 |       0 |    1 |     0 |      0 |      0 |    0 |          0 |
|                   gen_srls[130].srl_nx1                                                               |           vit_system_smartconnect_ddr_0_sc_util_v1_0_4_srl_rtl__parameterized0_228 |          1 |          0 |       0 |    1 |     0 |      0 |      0 |    0 |          0 |
|                   gen_srls[131].srl_nx1                                                               |           vit_system_smartconnect_ddr_0_sc_util_v1_0_4_srl_rtl__parameterized0_229 |          1 |          0 |       0 |    1 |     0 |      0 |      0 |    0 |          0 |
|                   gen_srls[132].srl_nx1                                                               |           vit_system_smartconnect_ddr_0_sc_util_v1_0_4_srl_rtl__parameterized0_230 |          1 |          0 |       0 |    1 |     0 |      0 |      0 |    0 |          0 |
|                   gen_srls[133].srl_nx1                                                               |           vit_system_smartconnect_ddr_0_sc_util_v1_0_4_srl_rtl__parameterized0_231 |          1 |          0 |       0 |    1 |     0 |      0 |      0 |    0 |          0 |
|                   gen_srls[134].srl_nx1                                                               |           vit_system_smartconnect_ddr_0_sc_util_v1_0_4_srl_rtl__parameterized0_232 |          1 |          0 |       0 |    1 |     0 |      0 |      0 |    0 |          0 |
|                   gen_srls[135].srl_nx1                                                               |           vit_system_smartconnect_ddr_0_sc_util_v1_0_4_srl_rtl__parameterized0_233 |          1 |          0 |       0 |    1 |     0 |      0 |      0 |    0 |          0 |
|                   gen_srls[136].srl_nx1                                                               |           vit_system_smartconnect_ddr_0_sc_util_v1_0_4_srl_rtl__parameterized0_234 |          1 |          0 |       0 |    1 |     0 |      0 |      0 |    0 |          0 |
|                   gen_srls[137].srl_nx1                                                               |           vit_system_smartconnect_ddr_0_sc_util_v1_0_4_srl_rtl__parameterized0_235 |          1 |          0 |       0 |    1 |     0 |      0 |      0 |    0 |          0 |
|                   gen_srls[138].srl_nx1                                                               |           vit_system_smartconnect_ddr_0_sc_util_v1_0_4_srl_rtl__parameterized0_236 |          1 |          0 |       0 |    1 |     0 |      0 |      0 |    0 |          0 |
|                   gen_srls[139].srl_nx1                                                               |           vit_system_smartconnect_ddr_0_sc_util_v1_0_4_srl_rtl__parameterized0_237 |          1 |          0 |       0 |    1 |     0 |      0 |      0 |    0 |          0 |
|                   gen_srls[140].srl_nx1                                                               |           vit_system_smartconnect_ddr_0_sc_util_v1_0_4_srl_rtl__parameterized0_238 |          1 |          0 |       0 |    1 |     0 |      0 |      0 |    0 |          0 |
|                   gen_srls[141].srl_nx1                                                               |           vit_system_smartconnect_ddr_0_sc_util_v1_0_4_srl_rtl__parameterized0_239 |          1 |          0 |       0 |    1 |     0 |      0 |      0 |    0 |          0 |
|                   gen_srls[142].srl_nx1                                                               |           vit_system_smartconnect_ddr_0_sc_util_v1_0_4_srl_rtl__parameterized0_240 |          1 |          0 |       0 |    1 |     0 |      0 |      0 |    0 |          0 |
|                   gen_srls[143].srl_nx1                                                               |           vit_system_smartconnect_ddr_0_sc_util_v1_0_4_srl_rtl__parameterized0_241 |          1 |          0 |       0 |    1 |     0 |      0 |      0 |    0 |          0 |
|                   gen_srls[146].srl_nx1                                                               |           vit_system_smartconnect_ddr_0_sc_util_v1_0_4_srl_rtl__parameterized0_242 |          1 |          0 |       0 |    1 |     0 |      0 |      0 |    0 |          0 |
|                   gen_srls[147].srl_nx1                                                               |           vit_system_smartconnect_ddr_0_sc_util_v1_0_4_srl_rtl__parameterized0_243 |          6 |          5 |       0 |    1 |     0 |      0 |      0 |    0 |          0 |
|                   gen_srls[16].srl_nx1                                                                |           vit_system_smartconnect_ddr_0_sc_util_v1_0_4_srl_rtl__parameterized0_244 |          2 |          1 |       0 |    1 |     0 |      0 |      0 |    0 |          0 |
|                   gen_srls[17].srl_nx1                                                                |           vit_system_smartconnect_ddr_0_sc_util_v1_0_4_srl_rtl__parameterized0_245 |          1 |          0 |       0 |    1 |     0 |      0 |      0 |    0 |          0 |
|                   gen_srls[18].srl_nx1                                                                |           vit_system_smartconnect_ddr_0_sc_util_v1_0_4_srl_rtl__parameterized0_246 |          1 |          0 |       0 |    1 |     0 |      0 |      0 |    0 |          0 |
|                   gen_srls[19].srl_nx1                                                                |           vit_system_smartconnect_ddr_0_sc_util_v1_0_4_srl_rtl__parameterized0_247 |          1 |          0 |       0 |    1 |     0 |      0 |      0 |    0 |          0 |
|                   gen_srls[20].srl_nx1                                                                |           vit_system_smartconnect_ddr_0_sc_util_v1_0_4_srl_rtl__parameterized0_248 |          1 |          0 |       0 |    1 |     0 |      0 |      0 |    0 |          0 |
|                   gen_srls[21].srl_nx1                                                                |           vit_system_smartconnect_ddr_0_sc_util_v1_0_4_srl_rtl__parameterized0_249 |          1 |          0 |       0 |    1 |     0 |      0 |      0 |    0 |          0 |
|                   gen_srls[22].srl_nx1                                                                |           vit_system_smartconnect_ddr_0_sc_util_v1_0_4_srl_rtl__parameterized0_250 |          1 |          0 |       0 |    1 |     0 |      0 |      0 |    0 |          0 |
|                   gen_srls[23].srl_nx1                                                                |           vit_system_smartconnect_ddr_0_sc_util_v1_0_4_srl_rtl__parameterized0_251 |          1 |          0 |       0 |    1 |     0 |      0 |      0 |    0 |          0 |
|                   gen_srls[24].srl_nx1                                                                |           vit_system_smartconnect_ddr_0_sc_util_v1_0_4_srl_rtl__parameterized0_252 |          1 |          0 |       0 |    1 |     0 |      0 |      0 |    0 |          0 |
|                   gen_srls[25].srl_nx1                                                                |           vit_system_smartconnect_ddr_0_sc_util_v1_0_4_srl_rtl__parameterized0_253 |          1 |          0 |       0 |    1 |     0 |      0 |      0 |    0 |          0 |
|                   gen_srls[26].srl_nx1                                                                |           vit_system_smartconnect_ddr_0_sc_util_v1_0_4_srl_rtl__parameterized0_254 |          1 |          0 |       0 |    1 |     0 |      0 |      0 |    0 |          0 |
|                   gen_srls[27].srl_nx1                                                                |           vit_system_smartconnect_ddr_0_sc_util_v1_0_4_srl_rtl__parameterized0_255 |          1 |          0 |       0 |    1 |     0 |      0 |      0 |    0 |          0 |
|                   gen_srls[28].srl_nx1                                                                |           vit_system_smartconnect_ddr_0_sc_util_v1_0_4_srl_rtl__parameterized0_256 |          1 |          0 |       0 |    1 |     0 |      0 |      0 |    0 |          0 |
|                   gen_srls[29].srl_nx1                                                                |           vit_system_smartconnect_ddr_0_sc_util_v1_0_4_srl_rtl__parameterized0_257 |          1 |          0 |       0 |    1 |     0 |      0 |      0 |    0 |          0 |
|                   gen_srls[30].srl_nx1                                                                |           vit_system_smartconnect_ddr_0_sc_util_v1_0_4_srl_rtl__parameterized0_258 |          1 |          0 |       0 |    1 |     0 |      0 |      0 |    0 |          0 |
|                   gen_srls[31].srl_nx1                                                                |           vit_system_smartconnect_ddr_0_sc_util_v1_0_4_srl_rtl__parameterized0_259 |          1 |          0 |       0 |    1 |     0 |      0 |      0 |    0 |          0 |
|                   gen_srls[32].srl_nx1                                                                |           vit_system_smartconnect_ddr_0_sc_util_v1_0_4_srl_rtl__parameterized0_260 |          1 |          0 |       0 |    1 |     0 |      0 |      0 |    0 |          0 |
|                   gen_srls[33].srl_nx1                                                                |           vit_system_smartconnect_ddr_0_sc_util_v1_0_4_srl_rtl__parameterized0_261 |          1 |          0 |       0 |    1 |     0 |      0 |      0 |    0 |          0 |
|                   gen_srls[34].srl_nx1                                                                |           vit_system_smartconnect_ddr_0_sc_util_v1_0_4_srl_rtl__parameterized0_262 |          1 |          0 |       0 |    1 |     0 |      0 |      0 |    0 |          0 |
|                   gen_srls[35].srl_nx1                                                                |           vit_system_smartconnect_ddr_0_sc_util_v1_0_4_srl_rtl__parameterized0_263 |          1 |          0 |       0 |    1 |     0 |      0 |      0 |    0 |          0 |
|                   gen_srls[36].srl_nx1                                                                |           vit_system_smartconnect_ddr_0_sc_util_v1_0_4_srl_rtl__parameterized0_264 |          1 |          0 |       0 |    1 |     0 |      0 |      0 |    0 |          0 |
|                   gen_srls[37].srl_nx1                                                                |           vit_system_smartconnect_ddr_0_sc_util_v1_0_4_srl_rtl__parameterized0_265 |          1 |          0 |       0 |    1 |     0 |      0 |      0 |    0 |          0 |
|                   gen_srls[38].srl_nx1                                                                |           vit_system_smartconnect_ddr_0_sc_util_v1_0_4_srl_rtl__parameterized0_266 |          1 |          0 |       0 |    1 |     0 |      0 |      0 |    0 |          0 |
|                   gen_srls[39].srl_nx1                                                                |           vit_system_smartconnect_ddr_0_sc_util_v1_0_4_srl_rtl__parameterized0_267 |          1 |          0 |       0 |    1 |     0 |      0 |      0 |    0 |          0 |
|                   gen_srls[40].srl_nx1                                                                |           vit_system_smartconnect_ddr_0_sc_util_v1_0_4_srl_rtl__parameterized0_268 |          1 |          0 |       0 |    1 |     0 |      0 |      0 |    0 |          0 |
|                   gen_srls[41].srl_nx1                                                                |           vit_system_smartconnect_ddr_0_sc_util_v1_0_4_srl_rtl__parameterized0_269 |          1 |          0 |       0 |    1 |     0 |      0 |      0 |    0 |          0 |
|                   gen_srls[42].srl_nx1                                                                |           vit_system_smartconnect_ddr_0_sc_util_v1_0_4_srl_rtl__parameterized0_270 |          1 |          0 |       0 |    1 |     0 |      0 |      0 |    0 |          0 |
|                   gen_srls[43].srl_nx1                                                                |           vit_system_smartconnect_ddr_0_sc_util_v1_0_4_srl_rtl__parameterized0_271 |          1 |          0 |       0 |    1 |     0 |      0 |      0 |    0 |          0 |
|                   gen_srls[44].srl_nx1                                                                |           vit_system_smartconnect_ddr_0_sc_util_v1_0_4_srl_rtl__parameterized0_272 |          1 |          0 |       0 |    1 |     0 |      0 |      0 |    0 |          0 |
|                   gen_srls[45].srl_nx1                                                                |           vit_system_smartconnect_ddr_0_sc_util_v1_0_4_srl_rtl__parameterized0_273 |          1 |          0 |       0 |    1 |     0 |      0 |      0 |    0 |          0 |
|                   gen_srls[46].srl_nx1                                                                |           vit_system_smartconnect_ddr_0_sc_util_v1_0_4_srl_rtl__parameterized0_274 |          1 |          0 |       0 |    1 |     0 |      0 |      0 |    0 |          0 |
|                   gen_srls[47].srl_nx1                                                                |           vit_system_smartconnect_ddr_0_sc_util_v1_0_4_srl_rtl__parameterized0_275 |          1 |          0 |       0 |    1 |     0 |      0 |      0 |    0 |          0 |
|                   gen_srls[48].srl_nx1                                                                |           vit_system_smartconnect_ddr_0_sc_util_v1_0_4_srl_rtl__parameterized0_276 |          1 |          0 |       0 |    1 |     0 |      0 |      0 |    0 |          0 |
|                   gen_srls[49].srl_nx1                                                                |           vit_system_smartconnect_ddr_0_sc_util_v1_0_4_srl_rtl__parameterized0_277 |          1 |          0 |       0 |    1 |     0 |      0 |      0 |    0 |          0 |
|                   gen_srls[50].srl_nx1                                                                |           vit_system_smartconnect_ddr_0_sc_util_v1_0_4_srl_rtl__parameterized0_278 |          1 |          0 |       0 |    1 |     0 |      0 |      0 |    0 |          0 |
|                   gen_srls[51].srl_nx1                                                                |           vit_system_smartconnect_ddr_0_sc_util_v1_0_4_srl_rtl__parameterized0_279 |          1 |          0 |       0 |    1 |     0 |      0 |      0 |    0 |          0 |
|                   gen_srls[52].srl_nx1                                                                |           vit_system_smartconnect_ddr_0_sc_util_v1_0_4_srl_rtl__parameterized0_280 |          1 |          0 |       0 |    1 |     0 |      0 |      0 |    0 |          0 |
|                   gen_srls[53].srl_nx1                                                                |           vit_system_smartconnect_ddr_0_sc_util_v1_0_4_srl_rtl__parameterized0_281 |          1 |          0 |       0 |    1 |     0 |      0 |      0 |    0 |          0 |
|                   gen_srls[54].srl_nx1                                                                |           vit_system_smartconnect_ddr_0_sc_util_v1_0_4_srl_rtl__parameterized0_282 |          1 |          0 |       0 |    1 |     0 |      0 |      0 |    0 |          0 |
|                   gen_srls[55].srl_nx1                                                                |           vit_system_smartconnect_ddr_0_sc_util_v1_0_4_srl_rtl__parameterized0_283 |          1 |          0 |       0 |    1 |     0 |      0 |      0 |    0 |          0 |
|                   gen_srls[56].srl_nx1                                                                |           vit_system_smartconnect_ddr_0_sc_util_v1_0_4_srl_rtl__parameterized0_284 |          1 |          0 |       0 |    1 |     0 |      0 |      0 |    0 |          0 |
|                   gen_srls[57].srl_nx1                                                                |           vit_system_smartconnect_ddr_0_sc_util_v1_0_4_srl_rtl__parameterized0_285 |          1 |          0 |       0 |    1 |     0 |      0 |      0 |    0 |          0 |
|                   gen_srls[58].srl_nx1                                                                |           vit_system_smartconnect_ddr_0_sc_util_v1_0_4_srl_rtl__parameterized0_286 |          1 |          0 |       0 |    1 |     0 |      0 |      0 |    0 |          0 |
|                   gen_srls[59].srl_nx1                                                                |           vit_system_smartconnect_ddr_0_sc_util_v1_0_4_srl_rtl__parameterized0_287 |          1 |          0 |       0 |    1 |     0 |      0 |      0 |    0 |          0 |
|                   gen_srls[60].srl_nx1                                                                |           vit_system_smartconnect_ddr_0_sc_util_v1_0_4_srl_rtl__parameterized0_288 |          1 |          0 |       0 |    1 |     0 |      0 |      0 |    0 |          0 |
|                   gen_srls[61].srl_nx1                                                                |           vit_system_smartconnect_ddr_0_sc_util_v1_0_4_srl_rtl__parameterized0_289 |          1 |          0 |       0 |    1 |     0 |      0 |      0 |    0 |          0 |
|                   gen_srls[62].srl_nx1                                                                |           vit_system_smartconnect_ddr_0_sc_util_v1_0_4_srl_rtl__parameterized0_290 |          1 |          0 |       0 |    1 |     0 |      0 |      0 |    0 |          0 |
|                   gen_srls[63].srl_nx1                                                                |           vit_system_smartconnect_ddr_0_sc_util_v1_0_4_srl_rtl__parameterized0_291 |          1 |          0 |       0 |    1 |     0 |      0 |      0 |    0 |          0 |
|                   gen_srls[64].srl_nx1                                                                |           vit_system_smartconnect_ddr_0_sc_util_v1_0_4_srl_rtl__parameterized0_292 |          1 |          0 |       0 |    1 |     0 |      0 |      0 |    0 |          0 |
|                   gen_srls[65].srl_nx1                                                                |           vit_system_smartconnect_ddr_0_sc_util_v1_0_4_srl_rtl__parameterized0_293 |          1 |          0 |       0 |    1 |     0 |      0 |      0 |    0 |          0 |
|                   gen_srls[66].srl_nx1                                                                |           vit_system_smartconnect_ddr_0_sc_util_v1_0_4_srl_rtl__parameterized0_294 |          1 |          0 |       0 |    1 |     0 |      0 |      0 |    0 |          0 |
|                   gen_srls[67].srl_nx1                                                                |           vit_system_smartconnect_ddr_0_sc_util_v1_0_4_srl_rtl__parameterized0_295 |          1 |          0 |       0 |    1 |     0 |      0 |      0 |    0 |          0 |
|                   gen_srls[68].srl_nx1                                                                |           vit_system_smartconnect_ddr_0_sc_util_v1_0_4_srl_rtl__parameterized0_296 |          1 |          0 |       0 |    1 |     0 |      0 |      0 |    0 |          0 |
|                   gen_srls[69].srl_nx1                                                                |           vit_system_smartconnect_ddr_0_sc_util_v1_0_4_srl_rtl__parameterized0_297 |          1 |          0 |       0 |    1 |     0 |      0 |      0 |    0 |          0 |
|                   gen_srls[70].srl_nx1                                                                |           vit_system_smartconnect_ddr_0_sc_util_v1_0_4_srl_rtl__parameterized0_298 |          1 |          0 |       0 |    1 |     0 |      0 |      0 |    0 |          0 |
|                   gen_srls[71].srl_nx1                                                                |           vit_system_smartconnect_ddr_0_sc_util_v1_0_4_srl_rtl__parameterized0_299 |          1 |          0 |       0 |    1 |     0 |      0 |      0 |    0 |          0 |
|                   gen_srls[72].srl_nx1                                                                |           vit_system_smartconnect_ddr_0_sc_util_v1_0_4_srl_rtl__parameterized0_300 |          1 |          0 |       0 |    1 |     0 |      0 |      0 |    0 |          0 |
|                   gen_srls[73].srl_nx1                                                                |           vit_system_smartconnect_ddr_0_sc_util_v1_0_4_srl_rtl__parameterized0_301 |          1 |          0 |       0 |    1 |     0 |      0 |      0 |    0 |          0 |
|                   gen_srls[74].srl_nx1                                                                |           vit_system_smartconnect_ddr_0_sc_util_v1_0_4_srl_rtl__parameterized0_302 |          1 |          0 |       0 |    1 |     0 |      0 |      0 |    0 |          0 |
|                   gen_srls[75].srl_nx1                                                                |           vit_system_smartconnect_ddr_0_sc_util_v1_0_4_srl_rtl__parameterized0_303 |          1 |          0 |       0 |    1 |     0 |      0 |      0 |    0 |          0 |
|                   gen_srls[76].srl_nx1                                                                |           vit_system_smartconnect_ddr_0_sc_util_v1_0_4_srl_rtl__parameterized0_304 |          1 |          0 |       0 |    1 |     0 |      0 |      0 |    0 |          0 |
|                   gen_srls[77].srl_nx1                                                                |           vit_system_smartconnect_ddr_0_sc_util_v1_0_4_srl_rtl__parameterized0_305 |          1 |          0 |       0 |    1 |     0 |      0 |      0 |    0 |          0 |
|                   gen_srls[78].srl_nx1                                                                |           vit_system_smartconnect_ddr_0_sc_util_v1_0_4_srl_rtl__parameterized0_306 |          1 |          0 |       0 |    1 |     0 |      0 |      0 |    0 |          0 |
|                   gen_srls[79].srl_nx1                                                                |           vit_system_smartconnect_ddr_0_sc_util_v1_0_4_srl_rtl__parameterized0_307 |          1 |          0 |       0 |    1 |     0 |      0 |      0 |    0 |          0 |
|                   gen_srls[80].srl_nx1                                                                |           vit_system_smartconnect_ddr_0_sc_util_v1_0_4_srl_rtl__parameterized0_308 |          1 |          0 |       0 |    1 |     0 |      0 |      0 |    0 |          0 |
|                   gen_srls[81].srl_nx1                                                                |           vit_system_smartconnect_ddr_0_sc_util_v1_0_4_srl_rtl__parameterized0_309 |          1 |          0 |       0 |    1 |     0 |      0 |      0 |    0 |          0 |
|                   gen_srls[82].srl_nx1                                                                |           vit_system_smartconnect_ddr_0_sc_util_v1_0_4_srl_rtl__parameterized0_310 |          1 |          0 |       0 |    1 |     0 |      0 |      0 |    0 |          0 |
|                   gen_srls[83].srl_nx1                                                                |           vit_system_smartconnect_ddr_0_sc_util_v1_0_4_srl_rtl__parameterized0_311 |          1 |          0 |       0 |    1 |     0 |      0 |      0 |    0 |          0 |
|                   gen_srls[84].srl_nx1                                                                |           vit_system_smartconnect_ddr_0_sc_util_v1_0_4_srl_rtl__parameterized0_312 |          1 |          0 |       0 |    1 |     0 |      0 |      0 |    0 |          0 |
|                   gen_srls[85].srl_nx1                                                                |           vit_system_smartconnect_ddr_0_sc_util_v1_0_4_srl_rtl__parameterized0_313 |          1 |          0 |       0 |    1 |     0 |      0 |      0 |    0 |          0 |
|                   gen_srls[86].srl_nx1                                                                |           vit_system_smartconnect_ddr_0_sc_util_v1_0_4_srl_rtl__parameterized0_314 |          1 |          0 |       0 |    1 |     0 |      0 |      0 |    0 |          0 |
|                   gen_srls[87].srl_nx1                                                                |           vit_system_smartconnect_ddr_0_sc_util_v1_0_4_srl_rtl__parameterized0_315 |          1 |          0 |       0 |    1 |     0 |      0 |      0 |    0 |          0 |
|                   gen_srls[88].srl_nx1                                                                |           vit_system_smartconnect_ddr_0_sc_util_v1_0_4_srl_rtl__parameterized0_316 |          1 |          0 |       0 |    1 |     0 |      0 |      0 |    0 |          0 |
|                   gen_srls[89].srl_nx1                                                                |           vit_system_smartconnect_ddr_0_sc_util_v1_0_4_srl_rtl__parameterized0_317 |          1 |          0 |       0 |    1 |     0 |      0 |      0 |    0 |          0 |
|                   gen_srls[90].srl_nx1                                                                |           vit_system_smartconnect_ddr_0_sc_util_v1_0_4_srl_rtl__parameterized0_318 |          1 |          0 |       0 |    1 |     0 |      0 |      0 |    0 |          0 |
|                   gen_srls[91].srl_nx1                                                                |           vit_system_smartconnect_ddr_0_sc_util_v1_0_4_srl_rtl__parameterized0_319 |          1 |          0 |       0 |    1 |     0 |      0 |      0 |    0 |          0 |
|                   gen_srls[92].srl_nx1                                                                |           vit_system_smartconnect_ddr_0_sc_util_v1_0_4_srl_rtl__parameterized0_320 |          1 |          0 |       0 |    1 |     0 |      0 |      0 |    0 |          0 |
|                   gen_srls[93].srl_nx1                                                                |           vit_system_smartconnect_ddr_0_sc_util_v1_0_4_srl_rtl__parameterized0_321 |          1 |          0 |       0 |    1 |     0 |      0 |      0 |    0 |          0 |
|                   gen_srls[94].srl_nx1                                                                |           vit_system_smartconnect_ddr_0_sc_util_v1_0_4_srl_rtl__parameterized0_322 |          1 |          0 |       0 |    1 |     0 |      0 |      0 |    0 |          0 |
|                   gen_srls[95].srl_nx1                                                                |           vit_system_smartconnect_ddr_0_sc_util_v1_0_4_srl_rtl__parameterized0_323 |          1 |          0 |       0 |    1 |     0 |      0 |      0 |    0 |          0 |
|                   gen_srls[96].srl_nx1                                                                |           vit_system_smartconnect_ddr_0_sc_util_v1_0_4_srl_rtl__parameterized0_324 |          1 |          0 |       0 |    1 |     0 |      0 |      0 |    0 |          0 |
|                   gen_srls[97].srl_nx1                                                                |           vit_system_smartconnect_ddr_0_sc_util_v1_0_4_srl_rtl__parameterized0_325 |          1 |          0 |       0 |    1 |     0 |      0 |      0 |    0 |          0 |
|                   gen_srls[98].srl_nx1                                                                |           vit_system_smartconnect_ddr_0_sc_util_v1_0_4_srl_rtl__parameterized0_326 |          1 |          0 |       0 |    1 |     0 |      0 |      0 |    0 |          0 |
|                   gen_srls[99].srl_nx1                                                                |           vit_system_smartconnect_ddr_0_sc_util_v1_0_4_srl_rtl__parameterized0_327 |          1 |          0 |       0 |    1 |     0 |      0 |      0 |    0 |          0 |
|                 w_cmd_fifo                                                                            |     vit_system_smartconnect_ddr_0_sc_util_v1_0_4_axic_reg_srl_fifo__parameterized4 |        189 |        169 |       0 |   20 |    28 |      0 |      0 |    0 |          0 |
|                   (w_cmd_fifo)                                                                        |     vit_system_smartconnect_ddr_0_sc_util_v1_0_4_axic_reg_srl_fifo__parameterized4 |        136 |        136 |       0 |    0 |    28 |      0 |      0 |    0 |          0 |
|                   gen_srls[0].srl_nx1                                                                 |                           vit_system_smartconnect_ddr_0_sc_util_v1_0_4_srl_rtl_177 |          2 |          1 |       0 |    1 |     0 |      0 |      0 |    0 |          0 |
|                   gen_srls[10].srl_nx1                                                                |                           vit_system_smartconnect_ddr_0_sc_util_v1_0_4_srl_rtl_178 |          2 |          1 |       0 |    1 |     0 |      0 |      0 |    0 |          0 |
|                   gen_srls[11].srl_nx1                                                                |                           vit_system_smartconnect_ddr_0_sc_util_v1_0_4_srl_rtl_179 |          2 |          1 |       0 |    1 |     0 |      0 |      0 |    0 |          0 |
|                   gen_srls[12].srl_nx1                                                                |                           vit_system_smartconnect_ddr_0_sc_util_v1_0_4_srl_rtl_180 |          4 |          3 |       0 |    1 |     0 |      0 |      0 |    0 |          0 |
|                   gen_srls[13].srl_nx1                                                                |                           vit_system_smartconnect_ddr_0_sc_util_v1_0_4_srl_rtl_181 |          3 |          2 |       0 |    1 |     0 |      0 |      0 |    0 |          0 |
|                   gen_srls[14].srl_nx1                                                                |                           vit_system_smartconnect_ddr_0_sc_util_v1_0_4_srl_rtl_182 |          4 |          3 |       0 |    1 |     0 |      0 |      0 |    0 |          0 |
|                   gen_srls[15].srl_nx1                                                                |                           vit_system_smartconnect_ddr_0_sc_util_v1_0_4_srl_rtl_183 |          5 |          4 |       0 |    1 |     0 |      0 |      0 |    0 |          0 |
|                   gen_srls[16].srl_nx1                                                                |                           vit_system_smartconnect_ddr_0_sc_util_v1_0_4_srl_rtl_184 |          4 |          3 |       0 |    1 |     0 |      0 |      0 |    0 |          0 |
|                   gen_srls[17].srl_nx1                                                                |                           vit_system_smartconnect_ddr_0_sc_util_v1_0_4_srl_rtl_185 |          3 |          2 |       0 |    1 |     0 |      0 |      0 |    0 |          0 |
|                   gen_srls[18].srl_nx1                                                                |                           vit_system_smartconnect_ddr_0_sc_util_v1_0_4_srl_rtl_186 |          3 |          2 |       0 |    1 |     0 |      0 |      0 |    0 |          0 |
|                   gen_srls[19].srl_nx1                                                                |                           vit_system_smartconnect_ddr_0_sc_util_v1_0_4_srl_rtl_187 |          3 |          2 |       0 |    1 |     0 |      0 |      0 |    0 |          0 |
|                   gen_srls[1].srl_nx1                                                                 |                           vit_system_smartconnect_ddr_0_sc_util_v1_0_4_srl_rtl_188 |          2 |          1 |       0 |    1 |     0 |      0 |      0 |    0 |          0 |
|                   gen_srls[2].srl_nx1                                                                 |                           vit_system_smartconnect_ddr_0_sc_util_v1_0_4_srl_rtl_189 |          2 |          1 |       0 |    1 |     0 |      0 |      0 |    0 |          0 |
|                   gen_srls[3].srl_nx1                                                                 |                           vit_system_smartconnect_ddr_0_sc_util_v1_0_4_srl_rtl_190 |          2 |          1 |       0 |    1 |     0 |      0 |      0 |    0 |          0 |
|                   gen_srls[4].srl_nx1                                                                 |                           vit_system_smartconnect_ddr_0_sc_util_v1_0_4_srl_rtl_191 |          2 |          1 |       0 |    1 |     0 |      0 |      0 |    0 |          0 |
|                   gen_srls[5].srl_nx1                                                                 |                           vit_system_smartconnect_ddr_0_sc_util_v1_0_4_srl_rtl_192 |          2 |          1 |       0 |    1 |     0 |      0 |      0 |    0 |          0 |
|                   gen_srls[6].srl_nx1                                                                 |                           vit_system_smartconnect_ddr_0_sc_util_v1_0_4_srl_rtl_193 |          2 |          1 |       0 |    1 |     0 |      0 |      0 |    0 |          0 |
|                   gen_srls[7].srl_nx1                                                                 |                           vit_system_smartconnect_ddr_0_sc_util_v1_0_4_srl_rtl_194 |          2 |          1 |       0 |    1 |     0 |      0 |      0 |    0 |          0 |
|                   gen_srls[8].srl_nx1                                                                 |                           vit_system_smartconnect_ddr_0_sc_util_v1_0_4_srl_rtl_195 |          2 |          1 |       0 |    1 |     0 |      0 |      0 |    0 |          0 |
|                   gen_srls[9].srl_nx1                                                                 |                           vit_system_smartconnect_ddr_0_sc_util_v1_0_4_srl_rtl_196 |          2 |          1 |       0 |    1 |     0 |      0 |      0 |    0 |          0 |
|                 w_payld_fifo                                                                          |  vit_system_smartconnect_ddr_0_sc_si_converter_v1_0_12_offset_fifo__parameterized0 |        296 |        140 |       0 |  156 |   199 |      0 |      0 |    0 |          0 |
|                   (w_payld_fifo)                                                                      |  vit_system_smartconnect_ddr_0_sc_si_converter_v1_0_12_offset_fifo__parameterized0 |         52 |         52 |       0 |    0 |   179 |      0 |      0 |    0 |          0 |
|                   cmd_fifo                                                                            |     vit_system_smartconnect_ddr_0_sc_util_v1_0_4_axic_reg_srl_fifo__parameterized3 |         94 |         82 |       0 |   12 |    20 |      0 |      0 |    0 |          0 |
|                     (cmd_fifo)                                                                        |     vit_system_smartconnect_ddr_0_sc_util_v1_0_4_axic_reg_srl_fifo__parameterized3 |         42 |         42 |       0 |    0 |    20 |      0 |      0 |    0 |          0 |
|                     gen_srls[0].srl_nx1                                                               |                           vit_system_smartconnect_ddr_0_sc_util_v1_0_4_srl_rtl_165 |          2 |          1 |       0 |    1 |     0 |      0 |      0 |    0 |          0 |
|                     gen_srls[10].srl_nx1                                                              |                           vit_system_smartconnect_ddr_0_sc_util_v1_0_4_srl_rtl_166 |          6 |          5 |       0 |    1 |     0 |      0 |      0 |    0 |          0 |
|                     gen_srls[11].srl_nx1                                                              |                           vit_system_smartconnect_ddr_0_sc_util_v1_0_4_srl_rtl_167 |         11 |         10 |       0 |    1 |     0 |      0 |      0 |    0 |          0 |
|                     gen_srls[1].srl_nx1                                                               |                           vit_system_smartconnect_ddr_0_sc_util_v1_0_4_srl_rtl_168 |          2 |          1 |       0 |    1 |     0 |      0 |      0 |    0 |          0 |
|                     gen_srls[2].srl_nx1                                                               |                           vit_system_smartconnect_ddr_0_sc_util_v1_0_4_srl_rtl_169 |          2 |          1 |       0 |    1 |     0 |      0 |      0 |    0 |          0 |
|                     gen_srls[3].srl_nx1                                                               |                           vit_system_smartconnect_ddr_0_sc_util_v1_0_4_srl_rtl_170 |          2 |          1 |       0 |    1 |     0 |      0 |      0 |    0 |          0 |
|                     gen_srls[4].srl_nx1                                                               |                           vit_system_smartconnect_ddr_0_sc_util_v1_0_4_srl_rtl_171 |          3 |          2 |       0 |    1 |     0 |      0 |      0 |    0 |          0 |
|                     gen_srls[5].srl_nx1                                                               |                           vit_system_smartconnect_ddr_0_sc_util_v1_0_4_srl_rtl_172 |          3 |          2 |       0 |    1 |     0 |      0 |      0 |    0 |          0 |
|                     gen_srls[6].srl_nx1                                                               |                           vit_system_smartconnect_ddr_0_sc_util_v1_0_4_srl_rtl_173 |          4 |          3 |       0 |    1 |     0 |      0 |      0 |    0 |          0 |
|                     gen_srls[7].srl_nx1                                                               |                           vit_system_smartconnect_ddr_0_sc_util_v1_0_4_srl_rtl_174 |          3 |          2 |       0 |    1 |     0 |      0 |      0 |    0 |          0 |
|                     gen_srls[8].srl_nx1                                                               |                           vit_system_smartconnect_ddr_0_sc_util_v1_0_4_srl_rtl_175 |          9 |          8 |       0 |    1 |     0 |      0 |      0 |    0 |          0 |
|                     gen_srls[9].srl_nx1                                                               |                           vit_system_smartconnect_ddr_0_sc_util_v1_0_4_srl_rtl_176 |          5 |          4 |       0 |    1 |     0 |      0 |      0 |    0 |          0 |
|                   gen_srls[100].srl_nx1                                                               |               vit_system_smartconnect_ddr_0_sc_util_v1_0_4_srl_rtl__parameterized0 |          1 |          0 |       0 |    1 |     0 |      0 |      0 |    0 |          0 |
|                   gen_srls[101].srl_nx1                                                               |            vit_system_smartconnect_ddr_0_sc_util_v1_0_4_srl_rtl__parameterized0_22 |          1 |          0 |       0 |    1 |     0 |      0 |      0 |    0 |          0 |
|                   gen_srls[102].srl_nx1                                                               |            vit_system_smartconnect_ddr_0_sc_util_v1_0_4_srl_rtl__parameterized0_23 |          1 |          0 |       0 |    1 |     0 |      0 |      0 |    0 |          0 |
|                   gen_srls[103].srl_nx1                                                               |            vit_system_smartconnect_ddr_0_sc_util_v1_0_4_srl_rtl__parameterized0_24 |          1 |          0 |       0 |    1 |     0 |      0 |      0 |    0 |          0 |
|                   gen_srls[104].srl_nx1                                                               |            vit_system_smartconnect_ddr_0_sc_util_v1_0_4_srl_rtl__parameterized0_25 |          1 |          0 |       0 |    1 |     0 |      0 |      0 |    0 |          0 |
|                   gen_srls[105].srl_nx1                                                               |            vit_system_smartconnect_ddr_0_sc_util_v1_0_4_srl_rtl__parameterized0_26 |          1 |          0 |       0 |    1 |     0 |      0 |      0 |    0 |          0 |
|                   gen_srls[106].srl_nx1                                                               |            vit_system_smartconnect_ddr_0_sc_util_v1_0_4_srl_rtl__parameterized0_27 |          1 |          0 |       0 |    1 |     0 |      0 |      0 |    0 |          0 |
|                   gen_srls[107].srl_nx1                                                               |            vit_system_smartconnect_ddr_0_sc_util_v1_0_4_srl_rtl__parameterized0_28 |          1 |          0 |       0 |    1 |     0 |      0 |      0 |    0 |          0 |
|                   gen_srls[108].srl_nx1                                                               |            vit_system_smartconnect_ddr_0_sc_util_v1_0_4_srl_rtl__parameterized0_29 |          1 |          0 |       0 |    1 |     0 |      0 |      0 |    0 |          0 |
|                   gen_srls[109].srl_nx1                                                               |            vit_system_smartconnect_ddr_0_sc_util_v1_0_4_srl_rtl__parameterized0_30 |          1 |          0 |       0 |    1 |     0 |      0 |      0 |    0 |          0 |
|                   gen_srls[110].srl_nx1                                                               |            vit_system_smartconnect_ddr_0_sc_util_v1_0_4_srl_rtl__parameterized0_31 |          1 |          0 |       0 |    1 |     0 |      0 |      0 |    0 |          0 |
|                   gen_srls[111].srl_nx1                                                               |            vit_system_smartconnect_ddr_0_sc_util_v1_0_4_srl_rtl__parameterized0_32 |          1 |          0 |       0 |    1 |     0 |      0 |      0 |    0 |          0 |
|                   gen_srls[112].srl_nx1                                                               |            vit_system_smartconnect_ddr_0_sc_util_v1_0_4_srl_rtl__parameterized0_33 |          1 |          0 |       0 |    1 |     0 |      0 |      0 |    0 |          0 |
|                   gen_srls[113].srl_nx1                                                               |            vit_system_smartconnect_ddr_0_sc_util_v1_0_4_srl_rtl__parameterized0_34 |          1 |          0 |       0 |    1 |     0 |      0 |      0 |    0 |          0 |
|                   gen_srls[114].srl_nx1                                                               |            vit_system_smartconnect_ddr_0_sc_util_v1_0_4_srl_rtl__parameterized0_35 |          1 |          0 |       0 |    1 |     0 |      0 |      0 |    0 |          0 |
|                   gen_srls[115].srl_nx1                                                               |            vit_system_smartconnect_ddr_0_sc_util_v1_0_4_srl_rtl__parameterized0_36 |          1 |          0 |       0 |    1 |     0 |      0 |      0 |    0 |          0 |
|                   gen_srls[116].srl_nx1                                                               |            vit_system_smartconnect_ddr_0_sc_util_v1_0_4_srl_rtl__parameterized0_37 |          1 |          0 |       0 |    1 |     0 |      0 |      0 |    0 |          0 |
|                   gen_srls[117].srl_nx1                                                               |            vit_system_smartconnect_ddr_0_sc_util_v1_0_4_srl_rtl__parameterized0_38 |          1 |          0 |       0 |    1 |     0 |      0 |      0 |    0 |          0 |
|                   gen_srls[118].srl_nx1                                                               |            vit_system_smartconnect_ddr_0_sc_util_v1_0_4_srl_rtl__parameterized0_39 |          1 |          0 |       0 |    1 |     0 |      0 |      0 |    0 |          0 |
|                   gen_srls[119].srl_nx1                                                               |            vit_system_smartconnect_ddr_0_sc_util_v1_0_4_srl_rtl__parameterized0_40 |          1 |          0 |       0 |    1 |     0 |      0 |      0 |    0 |          0 |
|                   gen_srls[120].srl_nx1                                                               |            vit_system_smartconnect_ddr_0_sc_util_v1_0_4_srl_rtl__parameterized0_41 |          1 |          0 |       0 |    1 |     0 |      0 |      0 |    0 |          0 |
|                   gen_srls[121].srl_nx1                                                               |            vit_system_smartconnect_ddr_0_sc_util_v1_0_4_srl_rtl__parameterized0_42 |          1 |          0 |       0 |    1 |     0 |      0 |      0 |    0 |          0 |
|                   gen_srls[122].srl_nx1                                                               |            vit_system_smartconnect_ddr_0_sc_util_v1_0_4_srl_rtl__parameterized0_43 |          1 |          0 |       0 |    1 |     0 |      0 |      0 |    0 |          0 |
|                   gen_srls[123].srl_nx1                                                               |            vit_system_smartconnect_ddr_0_sc_util_v1_0_4_srl_rtl__parameterized0_44 |          1 |          0 |       0 |    1 |     0 |      0 |      0 |    0 |          0 |
|                   gen_srls[124].srl_nx1                                                               |            vit_system_smartconnect_ddr_0_sc_util_v1_0_4_srl_rtl__parameterized0_45 |          1 |          0 |       0 |    1 |     0 |      0 |      0 |    0 |          0 |
|                   gen_srls[125].srl_nx1                                                               |            vit_system_smartconnect_ddr_0_sc_util_v1_0_4_srl_rtl__parameterized0_46 |          1 |          0 |       0 |    1 |     0 |      0 |      0 |    0 |          0 |
|                   gen_srls[126].srl_nx1                                                               |            vit_system_smartconnect_ddr_0_sc_util_v1_0_4_srl_rtl__parameterized0_47 |          1 |          0 |       0 |    1 |     0 |      0 |      0 |    0 |          0 |
|                   gen_srls[127].srl_nx1                                                               |            vit_system_smartconnect_ddr_0_sc_util_v1_0_4_srl_rtl__parameterized0_48 |          1 |          0 |       0 |    1 |     0 |      0 |      0 |    0 |          0 |
|                   gen_srls[128].srl_nx1                                                               |            vit_system_smartconnect_ddr_0_sc_util_v1_0_4_srl_rtl__parameterized0_49 |          1 |          0 |       0 |    1 |     0 |      0 |      0 |    0 |          0 |
|                   gen_srls[129].srl_nx1                                                               |            vit_system_smartconnect_ddr_0_sc_util_v1_0_4_srl_rtl__parameterized0_50 |          1 |          0 |       0 |    1 |     0 |      0 |      0 |    0 |          0 |
|                   gen_srls[130].srl_nx1                                                               |            vit_system_smartconnect_ddr_0_sc_util_v1_0_4_srl_rtl__parameterized0_51 |          1 |          0 |       0 |    1 |     0 |      0 |      0 |    0 |          0 |
|                   gen_srls[131].srl_nx1                                                               |            vit_system_smartconnect_ddr_0_sc_util_v1_0_4_srl_rtl__parameterized0_52 |          1 |          0 |       0 |    1 |     0 |      0 |      0 |    0 |          0 |
|                   gen_srls[132].srl_nx1                                                               |            vit_system_smartconnect_ddr_0_sc_util_v1_0_4_srl_rtl__parameterized0_53 |          1 |          0 |       0 |    1 |     0 |      0 |      0 |    0 |          0 |
|                   gen_srls[133].srl_nx1                                                               |            vit_system_smartconnect_ddr_0_sc_util_v1_0_4_srl_rtl__parameterized0_54 |          1 |          0 |       0 |    1 |     0 |      0 |      0 |    0 |          0 |
|                   gen_srls[134].srl_nx1                                                               |            vit_system_smartconnect_ddr_0_sc_util_v1_0_4_srl_rtl__parameterized0_55 |          1 |          0 |       0 |    1 |     0 |      0 |      0 |    0 |          0 |
|                   gen_srls[135].srl_nx1                                                               |            vit_system_smartconnect_ddr_0_sc_util_v1_0_4_srl_rtl__parameterized0_56 |          1 |          0 |       0 |    1 |     0 |      0 |      0 |    0 |          0 |
|                   gen_srls[136].srl_nx1                                                               |            vit_system_smartconnect_ddr_0_sc_util_v1_0_4_srl_rtl__parameterized0_57 |          1 |          0 |       0 |    1 |     0 |      0 |      0 |    0 |          0 |
|                   gen_srls[137].srl_nx1                                                               |            vit_system_smartconnect_ddr_0_sc_util_v1_0_4_srl_rtl__parameterized0_58 |          1 |          0 |       0 |    1 |     0 |      0 |      0 |    0 |          0 |
|                   gen_srls[138].srl_nx1                                                               |            vit_system_smartconnect_ddr_0_sc_util_v1_0_4_srl_rtl__parameterized0_59 |          1 |          0 |       0 |    1 |     0 |      0 |      0 |    0 |          0 |
|                   gen_srls[139].srl_nx1                                                               |            vit_system_smartconnect_ddr_0_sc_util_v1_0_4_srl_rtl__parameterized0_60 |          1 |          0 |       0 |    1 |     0 |      0 |      0 |    0 |          0 |
|                   gen_srls[140].srl_nx1                                                               |            vit_system_smartconnect_ddr_0_sc_util_v1_0_4_srl_rtl__parameterized0_61 |          1 |          0 |       0 |    1 |     0 |      0 |      0 |    0 |          0 |
|                   gen_srls[141].srl_nx1                                                               |            vit_system_smartconnect_ddr_0_sc_util_v1_0_4_srl_rtl__parameterized0_62 |          1 |          0 |       0 |    1 |     0 |      0 |      0 |    0 |          0 |
|                   gen_srls[142].srl_nx1                                                               |            vit_system_smartconnect_ddr_0_sc_util_v1_0_4_srl_rtl__parameterized0_63 |          1 |          0 |       0 |    1 |     0 |      0 |      0 |    0 |          0 |
|                   gen_srls[143].srl_nx1                                                               |            vit_system_smartconnect_ddr_0_sc_util_v1_0_4_srl_rtl__parameterized0_64 |          1 |          0 |       0 |    1 |     0 |      0 |      0 |    0 |          0 |
|                   gen_srls[144].srl_nx1                                                               |            vit_system_smartconnect_ddr_0_sc_util_v1_0_4_srl_rtl__parameterized0_65 |          1 |          0 |       0 |    1 |     0 |      0 |      0 |    0 |          0 |
|                   gen_srls[145].srl_nx1                                                               |            vit_system_smartconnect_ddr_0_sc_util_v1_0_4_srl_rtl__parameterized0_66 |          1 |          0 |       0 |    1 |     0 |      0 |      0 |    0 |          0 |
|                   gen_srls[146].srl_nx1                                                               |            vit_system_smartconnect_ddr_0_sc_util_v1_0_4_srl_rtl__parameterized0_67 |          1 |          0 |       0 |    1 |     0 |      0 |      0 |    0 |          0 |
|                   gen_srls[147].srl_nx1                                                               |            vit_system_smartconnect_ddr_0_sc_util_v1_0_4_srl_rtl__parameterized0_68 |          1 |          0 |       0 |    1 |     0 |      0 |      0 |    0 |          0 |
|                   gen_srls[148].srl_nx1                                                               |            vit_system_smartconnect_ddr_0_sc_util_v1_0_4_srl_rtl__parameterized0_69 |          1 |          0 |       0 |    1 |     0 |      0 |      0 |    0 |          0 |
|                   gen_srls[149].srl_nx1                                                               |            vit_system_smartconnect_ddr_0_sc_util_v1_0_4_srl_rtl__parameterized0_70 |          1 |          0 |       0 |    1 |     0 |      0 |      0 |    0 |          0 |
|                   gen_srls[150].srl_nx1                                                               |            vit_system_smartconnect_ddr_0_sc_util_v1_0_4_srl_rtl__parameterized0_71 |          1 |          0 |       0 |    1 |     0 |      0 |      0 |    0 |          0 |
|                   gen_srls[151].srl_nx1                                                               |            vit_system_smartconnect_ddr_0_sc_util_v1_0_4_srl_rtl__parameterized0_72 |          1 |          0 |       0 |    1 |     0 |      0 |      0 |    0 |          0 |
|                   gen_srls[152].srl_nx1                                                               |            vit_system_smartconnect_ddr_0_sc_util_v1_0_4_srl_rtl__parameterized0_73 |          1 |          0 |       0 |    1 |     0 |      0 |      0 |    0 |          0 |
|                   gen_srls[153].srl_nx1                                                               |            vit_system_smartconnect_ddr_0_sc_util_v1_0_4_srl_rtl__parameterized0_74 |          1 |          0 |       0 |    1 |     0 |      0 |      0 |    0 |          0 |
|                   gen_srls[154].srl_nx1                                                               |            vit_system_smartconnect_ddr_0_sc_util_v1_0_4_srl_rtl__parameterized0_75 |          1 |          0 |       0 |    1 |     0 |      0 |      0 |    0 |          0 |
|                   gen_srls[155].srl_nx1                                                               |            vit_system_smartconnect_ddr_0_sc_util_v1_0_4_srl_rtl__parameterized0_76 |          1 |          0 |       0 |    1 |     0 |      0 |      0 |    0 |          0 |
|                   gen_srls[156].srl_nx1                                                               |            vit_system_smartconnect_ddr_0_sc_util_v1_0_4_srl_rtl__parameterized0_77 |          1 |          0 |       0 |    1 |     0 |      0 |      0 |    0 |          0 |
|                   gen_srls[157].srl_nx1                                                               |            vit_system_smartconnect_ddr_0_sc_util_v1_0_4_srl_rtl__parameterized0_78 |          1 |          0 |       0 |    1 |     0 |      0 |      0 |    0 |          0 |
|                   gen_srls[158].srl_nx1                                                               |            vit_system_smartconnect_ddr_0_sc_util_v1_0_4_srl_rtl__parameterized0_79 |          1 |          0 |       0 |    1 |     0 |      0 |      0 |    0 |          0 |
|                   gen_srls[159].srl_nx1                                                               |            vit_system_smartconnect_ddr_0_sc_util_v1_0_4_srl_rtl__parameterized0_80 |          1 |          0 |       0 |    1 |     0 |      0 |      0 |    0 |          0 |
|                   gen_srls[160].srl_nx1                                                               |            vit_system_smartconnect_ddr_0_sc_util_v1_0_4_srl_rtl__parameterized0_81 |          1 |          0 |       0 |    1 |     0 |      0 |      0 |    0 |          0 |
|                   gen_srls[161].srl_nx1                                                               |            vit_system_smartconnect_ddr_0_sc_util_v1_0_4_srl_rtl__parameterized0_82 |          1 |          0 |       0 |    1 |     0 |      0 |      0 |    0 |          0 |
|                   gen_srls[162].srl_nx1                                                               |            vit_system_smartconnect_ddr_0_sc_util_v1_0_4_srl_rtl__parameterized0_83 |          1 |          0 |       0 |    1 |     0 |      0 |      0 |    0 |          0 |
|                   gen_srls[163].srl_nx1                                                               |            vit_system_smartconnect_ddr_0_sc_util_v1_0_4_srl_rtl__parameterized0_84 |          1 |          0 |       0 |    1 |     0 |      0 |      0 |    0 |          0 |
|                   gen_srls[164].srl_nx1                                                               |            vit_system_smartconnect_ddr_0_sc_util_v1_0_4_srl_rtl__parameterized0_85 |          1 |          0 |       0 |    1 |     0 |      0 |      0 |    0 |          0 |
|                   gen_srls[165].srl_nx1                                                               |            vit_system_smartconnect_ddr_0_sc_util_v1_0_4_srl_rtl__parameterized0_86 |          1 |          0 |       0 |    1 |     0 |      0 |      0 |    0 |          0 |
|                   gen_srls[166].srl_nx1                                                               |            vit_system_smartconnect_ddr_0_sc_util_v1_0_4_srl_rtl__parameterized0_87 |          1 |          0 |       0 |    1 |     0 |      0 |      0 |    0 |          0 |
|                   gen_srls[167].srl_nx1                                                               |            vit_system_smartconnect_ddr_0_sc_util_v1_0_4_srl_rtl__parameterized0_88 |          1 |          0 |       0 |    1 |     0 |      0 |      0 |    0 |          0 |
|                   gen_srls[168].srl_nx1                                                               |            vit_system_smartconnect_ddr_0_sc_util_v1_0_4_srl_rtl__parameterized0_89 |          1 |          0 |       0 |    1 |     0 |      0 |      0 |    0 |          0 |
|                   gen_srls[169].srl_nx1                                                               |            vit_system_smartconnect_ddr_0_sc_util_v1_0_4_srl_rtl__parameterized0_90 |          1 |          0 |       0 |    1 |     0 |      0 |      0 |    0 |          0 |
|                   gen_srls[170].srl_nx1                                                               |            vit_system_smartconnect_ddr_0_sc_util_v1_0_4_srl_rtl__parameterized0_91 |          1 |          0 |       0 |    1 |     0 |      0 |      0 |    0 |          0 |
|                   gen_srls[171].srl_nx1                                                               |            vit_system_smartconnect_ddr_0_sc_util_v1_0_4_srl_rtl__parameterized0_92 |          1 |          0 |       0 |    1 |     0 |      0 |      0 |    0 |          0 |
|                   gen_srls[172].srl_nx1                                                               |            vit_system_smartconnect_ddr_0_sc_util_v1_0_4_srl_rtl__parameterized0_93 |          1 |          0 |       0 |    1 |     0 |      0 |      0 |    0 |          0 |
|                   gen_srls[173].srl_nx1                                                               |            vit_system_smartconnect_ddr_0_sc_util_v1_0_4_srl_rtl__parameterized0_94 |          1 |          0 |       0 |    1 |     0 |      0 |      0 |    0 |          0 |
|                   gen_srls[174].srl_nx1                                                               |            vit_system_smartconnect_ddr_0_sc_util_v1_0_4_srl_rtl__parameterized0_95 |          1 |          0 |       0 |    1 |     0 |      0 |      0 |    0 |          0 |
|                   gen_srls[175].srl_nx1                                                               |            vit_system_smartconnect_ddr_0_sc_util_v1_0_4_srl_rtl__parameterized0_96 |          1 |          0 |       0 |    1 |     0 |      0 |      0 |    0 |          0 |
|                   gen_srls[176].srl_nx1                                                               |            vit_system_smartconnect_ddr_0_sc_util_v1_0_4_srl_rtl__parameterized0_97 |          1 |          0 |       0 |    1 |     0 |      0 |      0 |    0 |          0 |
|                   gen_srls[177].srl_nx1                                                               |            vit_system_smartconnect_ddr_0_sc_util_v1_0_4_srl_rtl__parameterized0_98 |          1 |          0 |       0 |    1 |     0 |      0 |      0 |    0 |          0 |
|                   gen_srls[178].srl_nx1                                                               |            vit_system_smartconnect_ddr_0_sc_util_v1_0_4_srl_rtl__parameterized0_99 |          1 |          0 |       0 |    1 |     0 |      0 |      0 |    0 |          0 |
|                   gen_srls[179].srl_nx1                                                               |           vit_system_smartconnect_ddr_0_sc_util_v1_0_4_srl_rtl__parameterized0_100 |          1 |          0 |       0 |    1 |     0 |      0 |      0 |    0 |          0 |
|                   gen_srls[180].srl_nx1                                                               |           vit_system_smartconnect_ddr_0_sc_util_v1_0_4_srl_rtl__parameterized0_101 |          1 |          0 |       0 |    1 |     0 |      0 |      0 |    0 |          0 |
|                   gen_srls[181].srl_nx1                                                               |           vit_system_smartconnect_ddr_0_sc_util_v1_0_4_srl_rtl__parameterized0_102 |          1 |          0 |       0 |    1 |     0 |      0 |      0 |    0 |          0 |
|                   gen_srls[182].srl_nx1                                                               |           vit_system_smartconnect_ddr_0_sc_util_v1_0_4_srl_rtl__parameterized0_103 |          1 |          0 |       0 |    1 |     0 |      0 |      0 |    0 |          0 |
|                   gen_srls[183].srl_nx1                                                               |           vit_system_smartconnect_ddr_0_sc_util_v1_0_4_srl_rtl__parameterized0_104 |          1 |          0 |       0 |    1 |     0 |      0 |      0 |    0 |          0 |
|                   gen_srls[184].srl_nx1                                                               |           vit_system_smartconnect_ddr_0_sc_util_v1_0_4_srl_rtl__parameterized0_105 |          1 |          0 |       0 |    1 |     0 |      0 |      0 |    0 |          0 |
|                   gen_srls[185].srl_nx1                                                               |           vit_system_smartconnect_ddr_0_sc_util_v1_0_4_srl_rtl__parameterized0_106 |          1 |          0 |       0 |    1 |     0 |      0 |      0 |    0 |          0 |
|                   gen_srls[186].srl_nx1                                                               |           vit_system_smartconnect_ddr_0_sc_util_v1_0_4_srl_rtl__parameterized0_107 |          1 |          0 |       0 |    1 |     0 |      0 |      0 |    0 |          0 |
|                   gen_srls[187].srl_nx1                                                               |           vit_system_smartconnect_ddr_0_sc_util_v1_0_4_srl_rtl__parameterized0_108 |          1 |          0 |       0 |    1 |     0 |      0 |      0 |    0 |          0 |
|                   gen_srls[188].srl_nx1                                                               |           vit_system_smartconnect_ddr_0_sc_util_v1_0_4_srl_rtl__parameterized0_109 |          1 |          0 |       0 |    1 |     0 |      0 |      0 |    0 |          0 |
|                   gen_srls[189].srl_nx1                                                               |           vit_system_smartconnect_ddr_0_sc_util_v1_0_4_srl_rtl__parameterized0_110 |          1 |          0 |       0 |    1 |     0 |      0 |      0 |    0 |          0 |
|                   gen_srls[190].srl_nx1                                                               |           vit_system_smartconnect_ddr_0_sc_util_v1_0_4_srl_rtl__parameterized0_111 |          1 |          0 |       0 |    1 |     0 |      0 |      0 |    0 |          0 |
|                   gen_srls[191].srl_nx1                                                               |           vit_system_smartconnect_ddr_0_sc_util_v1_0_4_srl_rtl__parameterized0_112 |          1 |          0 |       0 |    1 |     0 |      0 |      0 |    0 |          0 |
|                   gen_srls[192].srl_nx1                                                               |           vit_system_smartconnect_ddr_0_sc_util_v1_0_4_srl_rtl__parameterized0_113 |          1 |          0 |       0 |    1 |     0 |      0 |      0 |    0 |          0 |
|                   gen_srls[193].srl_nx1                                                               |           vit_system_smartconnect_ddr_0_sc_util_v1_0_4_srl_rtl__parameterized0_114 |          1 |          0 |       0 |    1 |     0 |      0 |      0 |    0 |          0 |
|                   gen_srls[194].srl_nx1                                                               |           vit_system_smartconnect_ddr_0_sc_util_v1_0_4_srl_rtl__parameterized0_115 |          1 |          0 |       0 |    1 |     0 |      0 |      0 |    0 |          0 |
|                   gen_srls[195].srl_nx1                                                               |           vit_system_smartconnect_ddr_0_sc_util_v1_0_4_srl_rtl__parameterized0_116 |          1 |          0 |       0 |    1 |     0 |      0 |      0 |    0 |          0 |
|                   gen_srls[196].srl_nx1                                                               |           vit_system_smartconnect_ddr_0_sc_util_v1_0_4_srl_rtl__parameterized0_117 |          1 |          0 |       0 |    1 |     0 |      0 |      0 |    0 |          0 |
|                   gen_srls[197].srl_nx1                                                               |           vit_system_smartconnect_ddr_0_sc_util_v1_0_4_srl_rtl__parameterized0_118 |          1 |          0 |       0 |    1 |     0 |      0 |      0 |    0 |          0 |
|                   gen_srls[198].srl_nx1                                                               |           vit_system_smartconnect_ddr_0_sc_util_v1_0_4_srl_rtl__parameterized0_119 |          1 |          0 |       0 |    1 |     0 |      0 |      0 |    0 |          0 |
|                   gen_srls[199].srl_nx1                                                               |           vit_system_smartconnect_ddr_0_sc_util_v1_0_4_srl_rtl__parameterized0_120 |          1 |          0 |       0 |    1 |     0 |      0 |      0 |    0 |          0 |
|                   gen_srls[200].srl_nx1                                                               |           vit_system_smartconnect_ddr_0_sc_util_v1_0_4_srl_rtl__parameterized0_121 |          1 |          0 |       0 |    1 |     0 |      0 |      0 |    0 |          0 |
|                   gen_srls[201].srl_nx1                                                               |           vit_system_smartconnect_ddr_0_sc_util_v1_0_4_srl_rtl__parameterized0_122 |          1 |          0 |       0 |    1 |     0 |      0 |      0 |    0 |          0 |
|                   gen_srls[202].srl_nx1                                                               |           vit_system_smartconnect_ddr_0_sc_util_v1_0_4_srl_rtl__parameterized0_123 |          1 |          0 |       0 |    1 |     0 |      0 |      0 |    0 |          0 |
|                   gen_srls[203].srl_nx1                                                               |           vit_system_smartconnect_ddr_0_sc_util_v1_0_4_srl_rtl__parameterized0_124 |          1 |          0 |       0 |    1 |     0 |      0 |      0 |    0 |          0 |
|                   gen_srls[204].srl_nx1                                                               |           vit_system_smartconnect_ddr_0_sc_util_v1_0_4_srl_rtl__parameterized0_125 |          1 |          0 |       0 |    1 |     0 |      0 |      0 |    0 |          0 |
|                   gen_srls[205].srl_nx1                                                               |           vit_system_smartconnect_ddr_0_sc_util_v1_0_4_srl_rtl__parameterized0_126 |          1 |          0 |       0 |    1 |     0 |      0 |      0 |    0 |          0 |
|                   gen_srls[206].srl_nx1                                                               |           vit_system_smartconnect_ddr_0_sc_util_v1_0_4_srl_rtl__parameterized0_127 |          1 |          0 |       0 |    1 |     0 |      0 |      0 |    0 |          0 |
|                   gen_srls[207].srl_nx1                                                               |           vit_system_smartconnect_ddr_0_sc_util_v1_0_4_srl_rtl__parameterized0_128 |          1 |          0 |       0 |    1 |     0 |      0 |      0 |    0 |          0 |
|                   gen_srls[208].srl_nx1                                                               |           vit_system_smartconnect_ddr_0_sc_util_v1_0_4_srl_rtl__parameterized0_129 |          1 |          0 |       0 |    1 |     0 |      0 |      0 |    0 |          0 |
|                   gen_srls[209].srl_nx1                                                               |           vit_system_smartconnect_ddr_0_sc_util_v1_0_4_srl_rtl__parameterized0_130 |          1 |          0 |       0 |    1 |     0 |      0 |      0 |    0 |          0 |
|                   gen_srls[210].srl_nx1                                                               |           vit_system_smartconnect_ddr_0_sc_util_v1_0_4_srl_rtl__parameterized0_131 |          1 |          0 |       0 |    1 |     0 |      0 |      0 |    0 |          0 |
|                   gen_srls[211].srl_nx1                                                               |           vit_system_smartconnect_ddr_0_sc_util_v1_0_4_srl_rtl__parameterized0_132 |          1 |          0 |       0 |    1 |     0 |      0 |      0 |    0 |          0 |
|                   gen_srls[212].srl_nx1                                                               |           vit_system_smartconnect_ddr_0_sc_util_v1_0_4_srl_rtl__parameterized0_133 |          1 |          0 |       0 |    1 |     0 |      0 |      0 |    0 |          0 |
|                   gen_srls[213].srl_nx1                                                               |           vit_system_smartconnect_ddr_0_sc_util_v1_0_4_srl_rtl__parameterized0_134 |          1 |          0 |       0 |    1 |     0 |      0 |      0 |    0 |          0 |
|                   gen_srls[214].srl_nx1                                                               |           vit_system_smartconnect_ddr_0_sc_util_v1_0_4_srl_rtl__parameterized0_135 |          1 |          0 |       0 |    1 |     0 |      0 |      0 |    0 |          0 |
|                   gen_srls[215].srl_nx1                                                               |           vit_system_smartconnect_ddr_0_sc_util_v1_0_4_srl_rtl__parameterized0_136 |          1 |          0 |       0 |    1 |     0 |      0 |      0 |    0 |          0 |
|                   gen_srls[216].srl_nx1                                                               |           vit_system_smartconnect_ddr_0_sc_util_v1_0_4_srl_rtl__parameterized0_137 |          1 |          0 |       0 |    1 |     0 |      0 |      0 |    0 |          0 |
|                   gen_srls[217].srl_nx1                                                               |           vit_system_smartconnect_ddr_0_sc_util_v1_0_4_srl_rtl__parameterized0_138 |          1 |          0 |       0 |    1 |     0 |      0 |      0 |    0 |          0 |
|                   gen_srls[218].srl_nx1                                                               |           vit_system_smartconnect_ddr_0_sc_util_v1_0_4_srl_rtl__parameterized0_139 |          1 |          0 |       0 |    1 |     0 |      0 |      0 |    0 |          0 |
|                   gen_srls[219].srl_nx1                                                               |           vit_system_smartconnect_ddr_0_sc_util_v1_0_4_srl_rtl__parameterized0_140 |          1 |          0 |       0 |    1 |     0 |      0 |      0 |    0 |          0 |
|                   gen_srls[220].srl_nx1                                                               |           vit_system_smartconnect_ddr_0_sc_util_v1_0_4_srl_rtl__parameterized0_141 |          1 |          0 |       0 |    1 |     0 |      0 |      0 |    0 |          0 |
|                   gen_srls[221].srl_nx1                                                               |           vit_system_smartconnect_ddr_0_sc_util_v1_0_4_srl_rtl__parameterized0_142 |          1 |          0 |       0 |    1 |     0 |      0 |      0 |    0 |          0 |
|                   gen_srls[222].srl_nx1                                                               |           vit_system_smartconnect_ddr_0_sc_util_v1_0_4_srl_rtl__parameterized0_143 |          1 |          0 |       0 |    1 |     0 |      0 |      0 |    0 |          0 |
|                   gen_srls[223].srl_nx1                                                               |           vit_system_smartconnect_ddr_0_sc_util_v1_0_4_srl_rtl__parameterized0_144 |          6 |          5 |       0 |    1 |     0 |      0 |      0 |    0 |          0 |
|                   gen_srls[80].srl_nx1                                                                |           vit_system_smartconnect_ddr_0_sc_util_v1_0_4_srl_rtl__parameterized0_145 |          2 |          1 |       0 |    1 |     0 |      0 |      0 |    0 |          0 |
|                   gen_srls[81].srl_nx1                                                                |           vit_system_smartconnect_ddr_0_sc_util_v1_0_4_srl_rtl__parameterized0_146 |          1 |          0 |       0 |    1 |     0 |      0 |      0 |    0 |          0 |
|                   gen_srls[82].srl_nx1                                                                |           vit_system_smartconnect_ddr_0_sc_util_v1_0_4_srl_rtl__parameterized0_147 |          1 |          0 |       0 |    1 |     0 |      0 |      0 |    0 |          0 |
|                   gen_srls[83].srl_nx1                                                                |           vit_system_smartconnect_ddr_0_sc_util_v1_0_4_srl_rtl__parameterized0_148 |          1 |          0 |       0 |    1 |     0 |      0 |      0 |    0 |          0 |
|                   gen_srls[84].srl_nx1                                                                |           vit_system_smartconnect_ddr_0_sc_util_v1_0_4_srl_rtl__parameterized0_149 |          1 |          0 |       0 |    1 |     0 |      0 |      0 |    0 |          0 |
|                   gen_srls[85].srl_nx1                                                                |           vit_system_smartconnect_ddr_0_sc_util_v1_0_4_srl_rtl__parameterized0_150 |          1 |          0 |       0 |    1 |     0 |      0 |      0 |    0 |          0 |
|                   gen_srls[86].srl_nx1                                                                |           vit_system_smartconnect_ddr_0_sc_util_v1_0_4_srl_rtl__parameterized0_151 |          1 |          0 |       0 |    1 |     0 |      0 |      0 |    0 |          0 |
|                   gen_srls[87].srl_nx1                                                                |           vit_system_smartconnect_ddr_0_sc_util_v1_0_4_srl_rtl__parameterized0_152 |          1 |          0 |       0 |    1 |     0 |      0 |      0 |    0 |          0 |
|                   gen_srls[88].srl_nx1                                                                |           vit_system_smartconnect_ddr_0_sc_util_v1_0_4_srl_rtl__parameterized0_153 |          1 |          0 |       0 |    1 |     0 |      0 |      0 |    0 |          0 |
|                   gen_srls[89].srl_nx1                                                                |           vit_system_smartconnect_ddr_0_sc_util_v1_0_4_srl_rtl__parameterized0_154 |          1 |          0 |       0 |    1 |     0 |      0 |      0 |    0 |          0 |
|                   gen_srls[90].srl_nx1                                                                |           vit_system_smartconnect_ddr_0_sc_util_v1_0_4_srl_rtl__parameterized0_155 |          1 |          0 |       0 |    1 |     0 |      0 |      0 |    0 |          0 |
|                   gen_srls[91].srl_nx1                                                                |           vit_system_smartconnect_ddr_0_sc_util_v1_0_4_srl_rtl__parameterized0_156 |          1 |          0 |       0 |    1 |     0 |      0 |      0 |    0 |          0 |
|                   gen_srls[92].srl_nx1                                                                |           vit_system_smartconnect_ddr_0_sc_util_v1_0_4_srl_rtl__parameterized0_157 |          1 |          0 |       0 |    1 |     0 |      0 |      0 |    0 |          0 |
|                   gen_srls[93].srl_nx1                                                                |           vit_system_smartconnect_ddr_0_sc_util_v1_0_4_srl_rtl__parameterized0_158 |          1 |          0 |       0 |    1 |     0 |      0 |      0 |    0 |          0 |
|                   gen_srls[94].srl_nx1                                                                |           vit_system_smartconnect_ddr_0_sc_util_v1_0_4_srl_rtl__parameterized0_159 |          1 |          0 |       0 |    1 |     0 |      0 |      0 |    0 |          0 |
|                   gen_srls[95].srl_nx1                                                                |           vit_system_smartconnect_ddr_0_sc_util_v1_0_4_srl_rtl__parameterized0_160 |          1 |          0 |       0 |    1 |     0 |      0 |      0 |    0 |          0 |
|                   gen_srls[96].srl_nx1                                                                |           vit_system_smartconnect_ddr_0_sc_util_v1_0_4_srl_rtl__parameterized0_161 |          1 |          0 |       0 |    1 |     0 |      0 |      0 |    0 |          0 |
|                   gen_srls[97].srl_nx1                                                                |           vit_system_smartconnect_ddr_0_sc_util_v1_0_4_srl_rtl__parameterized0_162 |          1 |          0 |       0 |    1 |     0 |      0 |      0 |    0 |          0 |
|                   gen_srls[98].srl_nx1                                                                |           vit_system_smartconnect_ddr_0_sc_util_v1_0_4_srl_rtl__parameterized0_163 |          1 |          0 |       0 |    1 |     0 |      0 |      0 |    0 |          0 |
|                   gen_srls[99].srl_nx1                                                                |           vit_system_smartconnect_ddr_0_sc_util_v1_0_4_srl_rtl__parameterized0_164 |          1 |          0 |       0 |    1 |     0 |      0 |      0 |    0 |          0 |
|               gen_normal.splitter_inst                                                                |                     vit_system_smartconnect_ddr_0_sc_si_converter_v1_0_12_splitter |         19 |         16 |       0 |    3 |    12 |      0 |      0 |    0 |          0 |
|                 (gen_normal.splitter_inst)                                                            |                     vit_system_smartconnect_ddr_0_sc_si_converter_v1_0_12_splitter |          0 |          0 |       0 |    0 |     1 |      0 |      0 |    0 |          0 |
|                 gen_no_wsplitter.gen_endpoint_woffset.gen_wbypass_offset_fifo.wbypass_offset_fifo     |     vit_system_smartconnect_ddr_0_sc_util_v1_0_4_axic_reg_srl_fifo__parameterized1 |         19 |         16 |       0 |    3 |    11 |      0 |      0 |    0 |          0 |
|                   (gen_no_wsplitter.gen_endpoint_woffset.gen_wbypass_offset_fifo.wbypass_offset_fifo) |     vit_system_smartconnect_ddr_0_sc_util_v1_0_4_axic_reg_srl_fifo__parameterized1 |         12 |         12 |       0 |    0 |    11 |      0 |      0 |    0 |          0 |
|                   gen_srls[0].srl_nx1                                                                 |                            vit_system_smartconnect_ddr_0_sc_util_v1_0_4_srl_rtl_17 |          2 |          1 |       0 |    1 |     0 |      0 |      0 |    0 |          0 |
|                   gen_srls[6].srl_nx1                                                                 |                            vit_system_smartconnect_ddr_0_sc_util_v1_0_4_srl_rtl_18 |          2 |          1 |       0 |    1 |     0 |      0 |      0 |    0 |          0 |
|                   gen_srls[7].srl_nx1                                                                 |                            vit_system_smartconnect_ddr_0_sc_util_v1_0_4_srl_rtl_19 |          3 |          2 |       0 |    1 |     0 |      0 |      0 |    0 |          0 |
|               xpm_cdc_async_rst_inst                                                                  |                                 vit_system_smartconnect_ddr_0_xpm_cdc_async_rst__1 |          1 |          1 |       0 |    0 |     3 |      0 |      0 |    0 |          0 |
|           s00_transaction_regulator                                                                   |                                      vit_system_smartconnect_ddr_0_bd_819f_s00tr_0 |        130 |        128 |       0 |    2 |   338 |      0 |      0 |    0 |          0 |
|             (s00_transaction_regulator)                                                               |                                      vit_system_smartconnect_ddr_0_bd_819f_s00tr_0 |          0 |          0 |       0 |    0 |     0 |      0 |      0 |    0 |          0 |
|             inst                                                                                      |                 vit_system_smartconnect_ddr_0_sc_transaction_regulator_v1_0_10_top |        130 |        128 |       0 |    2 |   338 |      0 |      0 |    0 |          0 |
|               (inst)                                                                                  |                 vit_system_smartconnect_ddr_0_sc_transaction_regulator_v1_0_10_top |          1 |          1 |       0 |    0 |     1 |      0 |      0 |    0 |          0 |
|               gen_endpoint.gen_r_singleorder.r_singleorder                                            |         vit_system_smartconnect_ddr_0_sc_transaction_regulator_v1_0_10_singleorder |         64 |         63 |       0 |    1 |   167 |      0 |      0 |    0 |          0 |
|                 gen_cmd_reg.cmd_reg                                                                   |      vit_system_smartconnect_ddr_0_sc_util_v1_0_4_axi_reg_stall__parameterized0_14 |         47 |         47 |       0 |    0 |   158 |      0 |      0 |    0 |          0 |
|                 gen_id_fifo.singleorder_fifo                                                          |  vit_system_smartconnect_ddr_0_sc_util_v1_0_4_axic_reg_srl_fifo__parameterized5_15 |         17 |         16 |       0 |    1 |     9 |      0 |      0 |    0 |          0 |
|                   (gen_id_fifo.singleorder_fifo)                                                      |  vit_system_smartconnect_ddr_0_sc_util_v1_0_4_axic_reg_srl_fifo__parameterized5_15 |         14 |         14 |       0 |    0 |     9 |      0 |      0 |    0 |          0 |
|                   gen_srls[0].srl_nx1                                                                 |                            vit_system_smartconnect_ddr_0_sc_util_v1_0_4_srl_rtl_16 |          3 |          2 |       0 |    1 |     0 |      0 |      0 |    0 |          0 |
|               gen_endpoint.gen_w_singleorder.w_singleorder                                            |      vit_system_smartconnect_ddr_0_sc_transaction_regulator_v1_0_10_singleorder_13 |         64 |         63 |       0 |    1 |   167 |      0 |      0 |    0 |          0 |
|                 (gen_endpoint.gen_w_singleorder.w_singleorder)                                        |      vit_system_smartconnect_ddr_0_sc_transaction_regulator_v1_0_10_singleorder_13 |          1 |          1 |       0 |    0 |     0 |      0 |      0 |    0 |          0 |
|                 gen_cmd_reg.cmd_reg                                                                   |         vit_system_smartconnect_ddr_0_sc_util_v1_0_4_axi_reg_stall__parameterized0 |         47 |         47 |       0 |    0 |   158 |      0 |      0 |    0 |          0 |
|                 gen_id_fifo.singleorder_fifo                                                          |     vit_system_smartconnect_ddr_0_sc_util_v1_0_4_axic_reg_srl_fifo__parameterized5 |         16 |         15 |       0 |    1 |     9 |      0 |      0 |    0 |          0 |
|                   (gen_id_fifo.singleorder_fifo)                                                      |     vit_system_smartconnect_ddr_0_sc_util_v1_0_4_axic_reg_srl_fifo__parameterized5 |         13 |         13 |       0 |    0 |     9 |      0 |      0 |    0 |          0 |
|                   gen_srls[0].srl_nx1                                                                 |                               vit_system_smartconnect_ddr_0_sc_util_v1_0_4_srl_rtl |          3 |          2 |       0 |    1 |     0 |      0 |      0 |    0 |          0 |
|               xpm_cdc_async_rst_inst                                                                  |                                 vit_system_smartconnect_ddr_0_xpm_cdc_async_rst__2 |          1 |          1 |       0 |    0 |     3 |      0 |      0 |    0 |          0 |
|         s00_nodes                                                                                     |                                vit_system_smartconnect_ddr_0_s00_nodes_imp_1Z0GWP2 |        507 |        219 |     288 |    0 |   583 |      0 |      0 |    0 |          0 |
|           s00_ar_node                                                                                 |                                       vit_system_smartconnect_ddr_0_bd_819f_sarn_0 |         99 |         43 |      56 |    0 |   106 |      0 |      0 |    0 |          0 |
|             (s00_ar_node)                                                                             |                                       vit_system_smartconnect_ddr_0_bd_819f_sarn_0 |          0 |          0 |       0 |    0 |     0 |      0 |      0 |    0 |          0 |
|             inst                                                                                      |                                  vit_system_smartconnect_ddr_0_sc_node_v1_0_15_top |         99 |         43 |      56 |    0 |   106 |      0 |      0 |    0 |          0 |
|               (inst)                                                                                  |                                  vit_system_smartconnect_ddr_0_sc_node_v1_0_15_top |          3 |          3 |       0 |    0 |     1 |      0 |      0 |    0 |          0 |
|               inst_mi_handler                                                                         |                           vit_system_smartconnect_ddr_0_sc_node_v1_0_15_mi_handler |         93 |         37 |      56 |    0 |    98 |      0 |      0 |    0 |          0 |
|                 (inst_mi_handler)                                                                     |                           vit_system_smartconnect_ddr_0_sc_node_v1_0_15_mi_handler |          0 |          0 |       0 |    0 |     2 |      0 |      0 |    0 |          0 |
|                 gen_normal_area.inst_fifo_node_payld                                                  |                      vit_system_smartconnect_ddr_0_sc_node_v1_0_15_fifo__xdcDup__1 |         93 |         37 |      56 |    0 |    96 |      0 |      0 |    0 |          0 |
|                   gen_xpm_memory_fifo.inst_fifo                                                       |            vit_system_smartconnect_ddr_0_sc_util_v1_0_4_xpm_memory_fifo__xdcDup__1 |         93 |         37 |      56 |    0 |    96 |      0 |      0 |    0 |          0 |
|                     (gen_xpm_memory_fifo.inst_fifo)                                                   |            vit_system_smartconnect_ddr_0_sc_util_v1_0_4_xpm_memory_fifo__xdcDup__1 |          5 |          5 |       0 |    0 |     4 |      0 |      0 |    0 |          0 |
|                     gen_mem_rep[0].inst_rd_addrb                                                      |                            vit_system_smartconnect_ddr_0_sc_util_v1_0_4_counter_10 |          6 |          6 |       0 |    0 |     6 |      0 |      0 |    0 |          0 |
|                     gen_mem_rep[0].inst_wr_addra                                                      |                            vit_system_smartconnect_ddr_0_sc_util_v1_0_4_counter_11 |          5 |          5 |       0 |    0 |     6 |      0 |      0 |    0 |          0 |
|                     gen_mem_rep[0].inst_xpm_memory                                                    |                                    vit_system_smartconnect_ddr_0_xpm_memory_sdpram |         56 |          0 |      56 |    0 |    74 |      0 |      0 |    0 |          0 |
|                       (gen_mem_rep[0].inst_xpm_memory)                                                |                                    vit_system_smartconnect_ddr_0_xpm_memory_sdpram |          0 |          0 |       0 |    0 |     0 |      0 |      0 |    0 |          0 |
|                       xpm_memory_base_inst                                                            |                                      vit_system_smartconnect_ddr_0_xpm_memory_base |         56 |          0 |      56 |    0 |    74 |      0 |      0 |    0 |          0 |
|                     gen_wr.inst_wr_addra_p1                                                           |            vit_system_smartconnect_ddr_0_sc_util_v1_0_4_counter__parameterized0_12 |         21 |         21 |       0 |    0 |     6 |      0 |      0 |    0 |          0 |
|               inst_si_handler                                                                         |                           vit_system_smartconnect_ddr_0_sc_node_v1_0_15_si_handler |          1 |          1 |       0 |    0 |     1 |      0 |      0 |    0 |          0 |
|               m_sc_xpm_cdc_async_rst_inst                                                             |                                vit_system_smartconnect_ddr_0_xpm_cdc_async_rst__13 |          1 |          1 |       0 |    0 |     3 |      0 |      0 |    0 |          0 |
|               s_sc_xpm_cdc_async_rst_inst                                                             |                                vit_system_smartconnect_ddr_0_xpm_cdc_async_rst__12 |          1 |          1 |       0 |    0 |     3 |      0 |      0 |    0 |          0 |
|           s00_aw_node                                                                                 |                                       vit_system_smartconnect_ddr_0_bd_819f_sawn_0 |         99 |         43 |      56 |    0 |   104 |      0 |      0 |    0 |          0 |
|             (s00_aw_node)                                                                             |                                       vit_system_smartconnect_ddr_0_bd_819f_sawn_0 |          0 |          0 |       0 |    0 |     0 |      0 |      0 |    0 |          0 |
|             inst                                                                                      |                  vit_system_smartconnect_ddr_0_sc_node_v1_0_15_top__parameterized0 |         99 |         43 |      56 |    0 |   104 |      0 |      0 |    0 |          0 |
|               (inst)                                                                                  |                  vit_system_smartconnect_ddr_0_sc_node_v1_0_15_top__parameterized0 |          3 |          3 |       0 |    0 |     1 |      0 |      0 |    0 |          0 |
|               inst_mi_handler                                                                         |           vit_system_smartconnect_ddr_0_sc_node_v1_0_15_mi_handler__parameterized0 |         93 |         37 |      56 |    0 |    96 |      0 |      0 |    0 |          0 |
|                 (inst_mi_handler)                                                                     |           vit_system_smartconnect_ddr_0_sc_node_v1_0_15_mi_handler__parameterized0 |          0 |          0 |       0 |    0 |     2 |      0 |      0 |    0 |          0 |
|                 gen_normal_area.inst_fifo_node_payld                                                  |                      vit_system_smartconnect_ddr_0_sc_node_v1_0_15_fifo__xdcDup__2 |         93 |         37 |      56 |    0 |    94 |      0 |      0 |    0 |          0 |
|                   gen_xpm_memory_fifo.inst_fifo                                                       |            vit_system_smartconnect_ddr_0_sc_util_v1_0_4_xpm_memory_fifo__xdcDup__2 |         93 |         37 |      56 |    0 |    94 |      0 |      0 |    0 |          0 |
|                     (gen_xpm_memory_fifo.inst_fifo)                                                   |            vit_system_smartconnect_ddr_0_sc_util_v1_0_4_xpm_memory_fifo__xdcDup__2 |          5 |          5 |       0 |    0 |     4 |      0 |      0 |    0 |          0 |
|                     gen_mem_rep[0].inst_rd_addrb                                                      |                             vit_system_smartconnect_ddr_0_sc_util_v1_0_4_counter_7 |          6 |          6 |       0 |    0 |     6 |      0 |      0 |    0 |          0 |
|                     gen_mem_rep[0].inst_wr_addra                                                      |                             vit_system_smartconnect_ddr_0_sc_util_v1_0_4_counter_8 |          5 |          5 |       0 |    0 |     6 |      0 |      0 |    0 |          0 |
|                     gen_mem_rep[0].inst_xpm_memory                                                    |                                 vit_system_smartconnect_ddr_0_xpm_memory_sdpram__4 |         56 |          0 |      56 |    0 |    72 |      0 |      0 |    0 |          0 |
|                       (gen_mem_rep[0].inst_xpm_memory)                                                |                                 vit_system_smartconnect_ddr_0_xpm_memory_sdpram__4 |          0 |          0 |       0 |    0 |     0 |      0 |      0 |    0 |          0 |
|                       xpm_memory_base_inst                                                            |                                   vit_system_smartconnect_ddr_0_xpm_memory_base__4 |         56 |          0 |      56 |    0 |    72 |      0 |      0 |    0 |          0 |
|                     gen_wr.inst_wr_addra_p1                                                           |             vit_system_smartconnect_ddr_0_sc_util_v1_0_4_counter__parameterized0_9 |         21 |         21 |       0 |    0 |     6 |      0 |      0 |    0 |          0 |
|               inst_si_handler                                                                         |           vit_system_smartconnect_ddr_0_sc_node_v1_0_15_si_handler__parameterized0 |          1 |          1 |       0 |    0 |     1 |      0 |      0 |    0 |          0 |
|               m_sc_xpm_cdc_async_rst_inst                                                             |                                vit_system_smartconnect_ddr_0_xpm_cdc_async_rst__11 |          1 |          1 |       0 |    0 |     3 |      0 |      0 |    0 |          0 |
|               s_sc_xpm_cdc_async_rst_inst                                                             |                                vit_system_smartconnect_ddr_0_xpm_cdc_async_rst__10 |          1 |          1 |       0 |    0 |     3 |      0 |      0 |    0 |          0 |
|           s00_b_node                                                                                  |                                        vit_system_smartconnect_ddr_0_bd_819f_sbn_0 |         52 |         44 |       8 |    0 |    34 |      0 |      0 |    0 |          0 |
|             (s00_b_node)                                                                              |                                        vit_system_smartconnect_ddr_0_bd_819f_sbn_0 |          0 |          0 |       0 |    0 |     0 |      0 |      0 |    0 |          0 |
|             inst                                                                                      |                  vit_system_smartconnect_ddr_0_sc_node_v1_0_15_top__parameterized1 |         52 |         44 |       8 |    0 |    34 |      0 |      0 |    0 |          0 |
|               (inst)                                                                                  |                  vit_system_smartconnect_ddr_0_sc_node_v1_0_15_top__parameterized1 |          3 |          3 |       0 |    0 |     1 |      0 |      0 |    0 |          0 |
|               inst_mi_handler                                                                         |           vit_system_smartconnect_ddr_0_sc_node_v1_0_15_mi_handler__parameterized1 |         46 |         38 |       8 |    0 |    26 |      0 |      0 |    0 |          0 |
|                 (inst_mi_handler)                                                                     |           vit_system_smartconnect_ddr_0_sc_node_v1_0_15_mi_handler__parameterized1 |          0 |          0 |       0 |    0 |     2 |      0 |      0 |    0 |          0 |
|                 gen_normal_area.inst_fifo_node_payld                                                  |                 vit_system_smartconnect_ddr_0_sc_node_v1_0_15_fifo__parameterized0 |         46 |         38 |       8 |    0 |    24 |      0 |      0 |    0 |          0 |
|                   gen_xpm_memory_fifo.inst_fifo                                                       |       vit_system_smartconnect_ddr_0_sc_util_v1_0_4_xpm_memory_fifo__parameterized0 |         46 |         38 |       8 |    0 |    24 |      0 |      0 |    0 |          0 |
|                     (gen_xpm_memory_fifo.inst_fifo)                                                   |       vit_system_smartconnect_ddr_0_sc_util_v1_0_4_xpm_memory_fifo__parameterized0 |          6 |          6 |       0 |    0 |     4 |      0 |      0 |    0 |          0 |
|                     gen_mem_rep[0].inst_rd_addrb                                                      |                             vit_system_smartconnect_ddr_0_sc_util_v1_0_4_counter_4 |          6 |          6 |       0 |    0 |     6 |      0 |      0 |    0 |          0 |
|                     gen_mem_rep[0].inst_wr_addra                                                      |                             vit_system_smartconnect_ddr_0_sc_util_v1_0_4_counter_5 |          5 |          5 |       0 |    0 |     6 |      0 |      0 |    0 |          0 |
|                     gen_mem_rep[0].inst_xpm_memory                                                    |                    vit_system_smartconnect_ddr_0_xpm_memory_sdpram__parameterized0 |          8 |          0 |       8 |    0 |     2 |      0 |      0 |    0 |          0 |
|                       (gen_mem_rep[0].inst_xpm_memory)                                                |                    vit_system_smartconnect_ddr_0_xpm_memory_sdpram__parameterized0 |          0 |          0 |       0 |    0 |     0 |      0 |      0 |    0 |          0 |
|                       xpm_memory_base_inst                                                            |                      vit_system_smartconnect_ddr_0_xpm_memory_base__parameterized0 |          8 |          0 |       8 |    0 |     2 |      0 |      0 |    0 |          0 |
|                     gen_wr.inst_wr_addra_p1                                                           |             vit_system_smartconnect_ddr_0_sc_util_v1_0_4_counter__parameterized0_6 |         21 |         21 |       0 |    0 |     6 |      0 |      0 |    0 |          0 |
|               inst_si_handler                                                                         |           vit_system_smartconnect_ddr_0_sc_node_v1_0_15_si_handler__parameterized1 |          1 |          1 |       0 |    0 |     1 |      0 |      0 |    0 |          0 |
|               m_sc_xpm_cdc_async_rst_inst                                                             |                                 vit_system_smartconnect_ddr_0_xpm_cdc_async_rst__9 |          1 |          1 |       0 |    0 |     3 |      0 |      0 |    0 |          0 |
|               s_sc_xpm_cdc_async_rst_inst                                                             |                                 vit_system_smartconnect_ddr_0_xpm_cdc_async_rst__8 |          1 |          1 |       0 |    0 |     3 |      0 |      0 |    0 |          0 |
|           s00_r_node                                                                                  |                                        vit_system_smartconnect_ddr_0_bd_819f_srn_0 |        125 |         45 |      80 |    0 |   162 |      0 |      0 |    0 |          0 |
|             (s00_r_node)                                                                              |                                        vit_system_smartconnect_ddr_0_bd_819f_srn_0 |          0 |          0 |       0 |    0 |     0 |      0 |      0 |    0 |          0 |
|             inst                                                                                      |                  vit_system_smartconnect_ddr_0_sc_node_v1_0_15_top__parameterized2 |        125 |         45 |      80 |    0 |   162 |      0 |      0 |    0 |          0 |
|               (inst)                                                                                  |                  vit_system_smartconnect_ddr_0_sc_node_v1_0_15_top__parameterized2 |          3 |          3 |       0 |    0 |     1 |      0 |      0 |    0 |          0 |
|               inst_mi_handler                                                                         |           vit_system_smartconnect_ddr_0_sc_node_v1_0_15_mi_handler__parameterized2 |        119 |         39 |      80 |    0 |   154 |      0 |      0 |    0 |          0 |
|                 (inst_mi_handler)                                                                     |           vit_system_smartconnect_ddr_0_sc_node_v1_0_15_mi_handler__parameterized2 |          0 |          0 |       0 |    0 |     2 |      0 |      0 |    0 |          0 |
|                 gen_normal_area.inst_fifo_node_payld                                                  |                                 vit_system_smartconnect_ddr_0_sc_node_v1_0_15_fifo |        119 |         39 |      80 |    0 |   152 |      0 |      0 |    0 |          0 |
|                   gen_xpm_memory_fifo.inst_fifo                                                       |                       vit_system_smartconnect_ddr_0_sc_util_v1_0_4_xpm_memory_fifo |        119 |         39 |      80 |    0 |   152 |      0 |      0 |    0 |          0 |
|                     (gen_xpm_memory_fifo.inst_fifo)                                                   |                       vit_system_smartconnect_ddr_0_sc_util_v1_0_4_xpm_memory_fifo |          7 |          7 |       0 |    0 |     4 |      0 |      0 |    0 |          0 |
|                     gen_mem_rep[0].inst_rd_addrb                                                      |                             vit_system_smartconnect_ddr_0_sc_util_v1_0_4_counter_1 |          6 |          6 |       0 |    0 |     6 |      0 |      0 |    0 |          0 |
|                     gen_mem_rep[0].inst_wr_addra                                                      |                             vit_system_smartconnect_ddr_0_sc_util_v1_0_4_counter_2 |          5 |          5 |       0 |    0 |     6 |      0 |      0 |    0 |          0 |
|                     gen_mem_rep[0].inst_xpm_memory                                                    |                                 vit_system_smartconnect_ddr_0_xpm_memory_sdpram__3 |         80 |          0 |      80 |    0 |   130 |      0 |      0 |    0 |          0 |
|                       (gen_mem_rep[0].inst_xpm_memory)                                                |                                 vit_system_smartconnect_ddr_0_xpm_memory_sdpram__3 |          0 |          0 |       0 |    0 |     0 |      0 |      0 |    0 |          0 |
|                       xpm_memory_base_inst                                                            |                                   vit_system_smartconnect_ddr_0_xpm_memory_base__3 |         80 |          0 |      80 |    0 |   130 |      0 |      0 |    0 |          0 |
|                     gen_wr.inst_wr_addra_p1                                                           |             vit_system_smartconnect_ddr_0_sc_util_v1_0_4_counter__parameterized0_3 |         21 |         21 |       0 |    0 |     6 |      0 |      0 |    0 |          0 |
|               inst_si_handler                                                                         |           vit_system_smartconnect_ddr_0_sc_node_v1_0_15_si_handler__parameterized2 |          1 |          1 |       0 |    0 |     1 |      0 |      0 |    0 |          0 |
|               m_sc_xpm_cdc_async_rst_inst                                                             |                                 vit_system_smartconnect_ddr_0_xpm_cdc_async_rst__7 |          1 |          1 |       0 |    0 |     3 |      0 |      0 |    0 |          0 |
|               s_sc_xpm_cdc_async_rst_inst                                                             |                                 vit_system_smartconnect_ddr_0_xpm_cdc_async_rst__6 |          1 |          1 |       0 |    0 |     3 |      0 |      0 |    0 |          0 |
|           s00_w_node                                                                                  |                                        vit_system_smartconnect_ddr_0_bd_819f_swn_0 |        132 |         44 |      88 |    0 |   177 |      0 |      0 |    0 |          0 |
|             (s00_w_node)                                                                              |                                        vit_system_smartconnect_ddr_0_bd_819f_swn_0 |          0 |          0 |       0 |    0 |     0 |      0 |      0 |    0 |          0 |
|             inst                                                                                      |                  vit_system_smartconnect_ddr_0_sc_node_v1_0_15_top__parameterized3 |        132 |         44 |      88 |    0 |   177 |      0 |      0 |    0 |          0 |
|               (inst)                                                                                  |                  vit_system_smartconnect_ddr_0_sc_node_v1_0_15_top__parameterized3 |          3 |          3 |       0 |    0 |     1 |      0 |      0 |    0 |          0 |
|               inst_mi_handler                                                                         |           vit_system_smartconnect_ddr_0_sc_node_v1_0_15_mi_handler__parameterized3 |        126 |         38 |      88 |    0 |   169 |      0 |      0 |    0 |          0 |
|                 (inst_mi_handler)                                                                     |           vit_system_smartconnect_ddr_0_sc_node_v1_0_15_mi_handler__parameterized3 |          0 |          0 |       0 |    0 |     2 |      0 |      0 |    0 |          0 |
|                 gen_normal_area.inst_fifo_node_payld                                                  |                 vit_system_smartconnect_ddr_0_sc_node_v1_0_15_fifo__parameterized1 |        126 |         38 |      88 |    0 |   167 |      0 |      0 |    0 |          0 |
|                   gen_xpm_memory_fifo.inst_fifo                                                       |       vit_system_smartconnect_ddr_0_sc_util_v1_0_4_xpm_memory_fifo__parameterized1 |        126 |         38 |      88 |    0 |   167 |      0 |      0 |    0 |          0 |
|                     (gen_xpm_memory_fifo.inst_fifo)                                                   |       vit_system_smartconnect_ddr_0_sc_util_v1_0_4_xpm_memory_fifo__parameterized1 |          6 |          6 |       0 |    0 |     4 |      0 |      0 |    0 |          0 |
|                     gen_mem_rep[0].inst_rd_addrb                                                      |                               vit_system_smartconnect_ddr_0_sc_util_v1_0_4_counter |          6 |          6 |       0 |    0 |     6 |      0 |      0 |    0 |          0 |
|                     gen_mem_rep[0].inst_wr_addra                                                      |                             vit_system_smartconnect_ddr_0_sc_util_v1_0_4_counter_0 |          5 |          5 |       0 |    0 |     6 |      0 |      0 |    0 |          0 |
|                     gen_mem_rep[0].inst_xpm_memory                                                    |                    vit_system_smartconnect_ddr_0_xpm_memory_sdpram__parameterized1 |         88 |          0 |      88 |    0 |   145 |      0 |      0 |    0 |          0 |
|                       (gen_mem_rep[0].inst_xpm_memory)                                                |                    vit_system_smartconnect_ddr_0_xpm_memory_sdpram__parameterized1 |          0 |          0 |       0 |    0 |     0 |      0 |      0 |    0 |          0 |
|                       xpm_memory_base_inst                                                            |                      vit_system_smartconnect_ddr_0_xpm_memory_base__parameterized1 |         88 |          0 |      88 |    0 |   145 |      0 |      0 |    0 |          0 |
|                     gen_wr.inst_wr_addra_p1                                                           |               vit_system_smartconnect_ddr_0_sc_util_v1_0_4_counter__parameterized0 |         21 |         21 |       0 |    0 |     6 |      0 |      0 |    0 |          0 |
|               inst_si_handler                                                                         |           vit_system_smartconnect_ddr_0_sc_node_v1_0_15_si_handler__parameterized3 |          1 |          1 |       0 |    0 |     1 |      0 |      0 |    0 |          0 |
|               m_sc_xpm_cdc_async_rst_inst                                                             |                                 vit_system_smartconnect_ddr_0_xpm_cdc_async_rst__5 |          1 |          1 |       0 |    0 |     3 |      0 |      0 |    0 |          0 |
|               s_sc_xpm_cdc_async_rst_inst                                                             |                                 vit_system_smartconnect_ddr_0_xpm_cdc_async_rst__4 |          1 |          1 |       0 |    0 |     3 |      0 |      0 |    0 |          0 |
|     vit_phase_e_axi_0                                                                                 |                                                     vit_system_vit_phase_e_axi_0_0 |     100610 |      99798 |     812 |    0 | 61205 |     41 |      0 |    0 |          0 |
|       (vit_phase_e_axi_0)                                                                             |                                                     vit_system_vit_phase_e_axi_0_0 |          0 |          0 |       0 |    0 |     0 |      0 |      0 |    0 |          0 |
|       inst                                                                                            |                          vit_system_vit_phase_e_axi_0_0_vit_phase_e_axi_bd_wrapper |     100610 |      99798 |     812 |    0 | 61205 |     41 |      0 |    0 |          0 |
|         (inst)                                                                                        |                          vit_system_vit_phase_e_axi_0_0_vit_phase_e_axi_bd_wrapper |          0 |          0 |       0 |    0 |     0 |      0 |      0 |    0 |          0 |
|         u_core                                                                                        |                             vit_system_vit_phase_e_axi_0_0_vit_phase_e_axi_wrapper |     100610 |      99798 |     812 |    0 | 61205 |     41 |      0 |    0 |          0 |
|           (u_core)                                                                                    |                             vit_system_vit_phase_e_axi_0_0_vit_phase_e_axi_wrapper |         91 |         91 |       0 |    0 |   642 |      0 |      0 |    0 |          0 |
|           u_control                                                                                   |                           vit_system_vit_phase_e_axi_0_0_vit_axi_lite_control_regs |       3479 |       3479 |       0 |    0 |   774 |      0 |      0 |    0 |          0 |
|           u_layer_param_loader                                                                        |                              vit_system_vit_phase_e_axi_0_0_vit_layer_param_loader |        270 |        270 |       0 |    0 |   528 |      0 |      0 |    0 |          0 |
|           u_layer_param_table                                                                         |                               vit_system_vit_phase_e_axi_0_0_vit_layer_param_table |        400 |        400 |       0 |    0 |   229 |      1 |      0 |    0 |          0 |
|           u_m5_axi_counters                                                                           |                         vit_system_vit_phase_e_axi_0_0_vit_phase_e_m5_axi_counters |         74 |         74 |       0 |    0 |   920 |      0 |      0 |    0 |          0 |
|           u_m7_overlap_counters                                                                       |                     vit_system_vit_phase_e_axi_0_0_vit_phase_e_m7_overlap_counters |        231 |        231 |       0 |    0 |  2764 |      0 |      0 |    0 |          0 |
|           u_mem_adapter                                                                               |                         vit_system_vit_phase_e_axi_0_0_vit_phase_e_axi_mem_adapter |       1720 |       1720 |       0 |    0 |  2035 |      0 |      0 |    0 |          0 |
|           u_npu                                                                                       |                                     vit_system_vit_phase_e_axi_0_0_vit_phase_e_npu |      92617 |      92221 |     396 |    0 | 39646 |     40 |      0 |    0 |          0 |
|             (u_npu)                                                                                   |                                     vit_system_vit_phase_e_axi_0_0_vit_phase_e_npu |          2 |          2 |       0 |    0 |     0 |      0 |      0 |    0 |          0 |
|             u_engine                                                                                  |                              vit_system_vit_phase_e_axi_0_0_vit_phase_e_engine_top |      91663 |      91267 |     396 |    0 | 38783 |     40 |      0 |    0 |          0 |
|               (u_engine)                                                                              |                              vit_system_vit_phase_e_axi_0_0_vit_phase_e_engine_top |        307 |        307 |       0 |    0 |     8 |      0 |      0 |    0 |          0 |
|               u_argmax                                                                                |                              vit_system_vit_phase_e_axi_0_0_vit_argmax_engine_fp32 |        178 |        178 |       0 |    0 |   180 |      0 |      0 |    0 |          0 |
|                 (u_argmax)                                                                            |                              vit_system_vit_phase_e_axi_0_0_vit_argmax_engine_fp32 |        113 |        113 |       0 |    0 |   180 |      0 |      0 |    0 |          0 |
|                 u_value_compare                                                                       |                                 vit_system_vit_phase_e_axi_0_0_vit_fp32_compare__1 |         65 |         65 |       0 |    0 |     0 |      0 |      0 |    0 |          0 |
|               u_command_controller                                                                    |                      vit_system_vit_phase_e_axi_0_0_vit_phase_e_command_controller |         16 |         16 |       0 |    0 |   282 |      0 |      0 |    0 |          0 |
|               u_engine_dispatch                                                                       |                         vit_system_vit_phase_e_axi_0_0_vit_phase_e_engine_dispatch |         18 |         18 |       0 |    0 |     0 |      0 |      0 |    0 |          0 |
|               u_engine_shared_adder                                                                   |                                   vit_system_vit_phase_e_axi_0_0_vit_fp32_add_comb |        558 |        558 |       0 |    0 |     0 |      0 |      0 |    0 |          0 |
|               u_engine_shared_multiplier                                                              |                             vit_system_vit_phase_e_axi_0_0_vit_fp32_mul_comb_nodsp |        758 |        758 |       0 |    0 |     0 |      0 |      0 |    0 |          0 |
|               u_gelu                                                                                  |                                vit_system_vit_phase_e_axi_0_0_vit_gelu_engine_fp32 |       2267 |       2267 |       0 |    0 |  1913 |      0 |      0 |    0 |          0 |
|                 (u_gelu)                                                                              |                                vit_system_vit_phase_e_axi_0_0_vit_gelu_engine_fp32 |        984 |        984 |       0 |    0 |  1131 |      0 |      0 |    0 |          0 |
|                 u_serial_core                                                                         |                                vit_system_vit_phase_e_axi_0_0_vit_fp32_gelu_serial |       1283 |       1283 |       0 |    0 |   782 |      0 |      0 |    0 |          0 |
|                   (u_serial_core)                                                                     |                                vit_system_vit_phase_e_axi_0_0_vit_fp32_gelu_serial |        718 |        718 |       0 |    0 |   782 |      0 |      0 |    0 |          0 |
|                   u_exp_from_integer                                                                  |                           vit_system_vit_phase_e_axi_0_0_vit_fp32_from_u32_comb__1 |        271 |        271 |       0 |    0 |     0 |      0 |      0 |    0 |          0 |
|                   u_exp_scale_down                                                                    |                    vit_system_vit_phase_e_axi_0_0_vit_fp32_scale_pow2_down_comb__1 |         52 |         52 |       0 |    0 |     0 |      0 |      0 |    0 |          0 |
|                   u_exp_to_integer                                                                    |                       vit_system_vit_phase_e_axi_0_0_vit_fp32_to_u32_floor_comb__1 |        242 |        242 |       0 |    0 |     0 |      0 |      0 |    0 |          0 |
|               u_gemm                                                                                  |                            vit_system_vit_phase_e_axi_0_0_vit_gemm_dual_mode_array |      47272 |      46876 |     396 |    0 | 23517 |      0 |      0 |    0 |          0 |
|                 (u_gemm)                                                                              |                            vit_system_vit_phase_e_axi_0_0_vit_gemm_dual_mode_array |        555 |        555 |       0 |    0 |    27 |      0 |      0 |    0 |          0 |
|                 gen_fp16.u_fp16                                                                       |                    vit_system_vit_phase_e_axi_0_0_vit_gemm_fp16_parallel_scheduler |      46717 |      46321 |     396 |    0 | 23490 |      0 |      0 |    0 |          0 |
|                   (gen_fp16.u_fp16)                                                                   |                    vit_system_vit_phase_e_axi_0_0_vit_gemm_fp16_parallel_scheduler |       6835 |       6835 |       0 |    0 | 10922 |      0 |      0 |    0 |          0 |
|                   u_operand_router                                                                    |                             vit_system_vit_phase_e_axi_0_0_vit_gemm_operand_router |       3394 |       3394 |       0 |    0 |     0 |      0 |      0 |    0 |          0 |
|                   u_result_fifo                                                                       |                                vit_system_vit_phase_e_axi_0_0_vit_gemm_result_fifo |        761 |        365 |     396 |    0 |     4 |      0 |      0 |    0 |          0 |
|                   u_stream_array                                                                      |                          vit_system_vit_phase_e_axi_0_0_vit_gemm_fp16_stream_array |      35727 |      35727 |       0 |    0 | 12564 |      0 |      0 |    0 |          0 |
|                     (u_stream_array)                                                                  |                          vit_system_vit_phase_e_axi_0_0_vit_gemm_fp16_stream_array |       2097 |       2097 |       0 |    0 |  6124 |      0 |      0 |    0 |          0 |
|                     gen_a_convert[0].u_a_convert                                                      |                     vit_system_vit_phase_e_axi_0_0_vit_fp32_to_fp16_rne_gradual__1 |        604 |        604 |       0 |    0 |     0 |      0 |      0 |    0 |          0 |
|                     gen_a_convert[1].u_a_convert                                                      |                     vit_system_vit_phase_e_axi_0_0_vit_fp32_to_fp16_rne_gradual__2 |        604 |        604 |       0 |    0 |     0 |      0 |      0 |    0 |          0 |
|                     gen_a_convert[2].u_a_convert                                                      |                     vit_system_vit_phase_e_axi_0_0_vit_fp32_to_fp16_rne_gradual__3 |        604 |        604 |       0 |    0 |     0 |      0 |      0 |    0 |          0 |
|                     gen_a_convert[3].u_a_convert                                                      |                     vit_system_vit_phase_e_axi_0_0_vit_fp32_to_fp16_rne_gradual__4 |        604 |        604 |       0 |    0 |     0 |      0 |      0 |    0 |          0 |
|                     gen_a_convert[4].u_a_convert                                                      |                     vit_system_vit_phase_e_axi_0_0_vit_fp32_to_fp16_rne_gradual__5 |        604 |        604 |       0 |    0 |     0 |      0 |      0 |    0 |          0 |
|                     gen_a_convert[5].u_a_convert                                                      |                     vit_system_vit_phase_e_axi_0_0_vit_fp32_to_fp16_rne_gradual__6 |        604 |        604 |       0 |    0 |     0 |      0 |      0 |    0 |          0 |
|                     gen_a_convert[6].u_a_convert                                                      |                     vit_system_vit_phase_e_axi_0_0_vit_fp32_to_fp16_rne_gradual__7 |        604 |        604 |       0 |    0 |     0 |      0 |      0 |    0 |          0 |
|                     gen_a_convert[7].u_a_convert                                                      |                     vit_system_vit_phase_e_axi_0_0_vit_fp32_to_fp16_rne_gradual__8 |        604 |        604 |       0 |    0 |     0 |      0 |      0 |    0 |          0 |
|                     gen_b_convert[0].u_b_convert                                                      |                     vit_system_vit_phase_e_axi_0_0_vit_fp32_to_fp16_rne_gradual__9 |        604 |        604 |       0 |    0 |     0 |      0 |      0 |    0 |          0 |
|                     gen_b_convert[1].u_b_convert                                                      |                        vit_system_vit_phase_e_axi_0_0_vit_fp32_to_fp16_rne_gradual |        604 |        604 |       0 |    0 |     0 |      0 |      0 |    0 |          0 |
|                     gen_stream[0].u_stream                                                            |                    vit_system_vit_phase_e_axi_0_0_vit_fp16_dot_stream_csa_nodsp__1 |       3379 |       3379 |       0 |    0 |   805 |      0 |      0 |    0 |          0 |
|                       (gen_stream[0].u_stream)                                                        |                    vit_system_vit_phase_e_axi_0_0_vit_fp16_dot_stream_csa_nodsp__1 |        230 |        230 |       0 |    0 |   805 |      0 |      0 |    0 |          0 |
|                       u_final_analyze                                                                 |                                vit_system_vit_phase_e_axi_0_0_vit_fixed_analyze__1 |        314 |        314 |       0 |    0 |     0 |      0 |      0 |    0 |          0 |
|                       u_final_round                                                                   |                 vit_system_vit_phase_e_axi_0_0_vit_fixed_normalized_to_fp32_rne__1 |       1770 |       1770 |       0 |    0 |     0 |      0 |      0 |    0 |          0 |
|                       u_multiplier                                                                    |                  vit_system_vit_phase_e_axi_0_0_vit_fp16_mul_to_fp32_comb_nodsp__1 |        240 |        240 |       0 |    0 |     0 |      0 |      0 |    0 |          0 |
|                       u_product_align                                                                 |                  vit_system_vit_phase_e_axi_0_0_vit_fp32_product_to_fixed_exact__1 |        825 |        825 |       0 |    0 |     0 |      0 |      0 |    0 |          0 |
|                     gen_stream[1].u_stream                                                            |                    vit_system_vit_phase_e_axi_0_0_vit_fp16_dot_stream_csa_nodsp__2 |       3379 |       3379 |       0 |    0 |   805 |      0 |      0 |    0 |          0 |
|                       (gen_stream[1].u_stream)                                                        |                    vit_system_vit_phase_e_axi_0_0_vit_fp16_dot_stream_csa_nodsp__2 |        230 |        230 |       0 |    0 |   805 |      0 |      0 |    0 |          0 |
|                       u_final_analyze                                                                 |                                vit_system_vit_phase_e_axi_0_0_vit_fixed_analyze__2 |        314 |        314 |       0 |    0 |     0 |      0 |      0 |    0 |          0 |
|                       u_final_round                                                                   |                 vit_system_vit_phase_e_axi_0_0_vit_fixed_normalized_to_fp32_rne__2 |       1770 |       1770 |       0 |    0 |     0 |      0 |      0 |    0 |          0 |
|                       u_multiplier                                                                    |                  vit_system_vit_phase_e_axi_0_0_vit_fp16_mul_to_fp32_comb_nodsp__2 |        240 |        240 |       0 |    0 |     0 |      0 |      0 |    0 |          0 |
|                       u_product_align                                                                 |                  vit_system_vit_phase_e_axi_0_0_vit_fp32_product_to_fixed_exact__2 |        825 |        825 |       0 |    0 |     0 |      0 |      0 |    0 |          0 |
|                     gen_stream[2].u_stream                                                            |                    vit_system_vit_phase_e_axi_0_0_vit_fp16_dot_stream_csa_nodsp__3 |       3379 |       3379 |       0 |    0 |   805 |      0 |      0 |    0 |          0 |
|                       (gen_stream[2].u_stream)                                                        |                    vit_system_vit_phase_e_axi_0_0_vit_fp16_dot_stream_csa_nodsp__3 |        230 |        230 |       0 |    0 |   805 |      0 |      0 |    0 |          0 |
|                       u_final_analyze                                                                 |                                vit_system_vit_phase_e_axi_0_0_vit_fixed_analyze__3 |        314 |        314 |       0 |    0 |     0 |      0 |      0 |    0 |          0 |
|                       u_final_round                                                                   |                 vit_system_vit_phase_e_axi_0_0_vit_fixed_normalized_to_fp32_rne__3 |       1770 |       1770 |       0 |    0 |     0 |      0 |      0 |    0 |          0 |
|                       u_multiplier                                                                    |                  vit_system_vit_phase_e_axi_0_0_vit_fp16_mul_to_fp32_comb_nodsp__3 |        240 |        240 |       0 |    0 |     0 |      0 |      0 |    0 |          0 |
|                       u_product_align                                                                 |                  vit_system_vit_phase_e_axi_0_0_vit_fp32_product_to_fixed_exact__3 |        825 |        825 |       0 |    0 |     0 |      0 |      0 |    0 |          0 |
|                     gen_stream[3].u_stream                                                            |                    vit_system_vit_phase_e_axi_0_0_vit_fp16_dot_stream_csa_nodsp__4 |       3379 |       3379 |       0 |    0 |   805 |      0 |      0 |    0 |          0 |
|                       (gen_stream[3].u_stream)                                                        |                    vit_system_vit_phase_e_axi_0_0_vit_fp16_dot_stream_csa_nodsp__4 |        230 |        230 |       0 |    0 |   805 |      0 |      0 |    0 |          0 |
|                       u_final_analyze                                                                 |                                vit_system_vit_phase_e_axi_0_0_vit_fixed_analyze__4 |        314 |        314 |       0 |    0 |     0 |      0 |      0 |    0 |          0 |
|                       u_final_round                                                                   |                 vit_system_vit_phase_e_axi_0_0_vit_fixed_normalized_to_fp32_rne__4 |       1770 |       1770 |       0 |    0 |     0 |      0 |      0 |    0 |          0 |
|                       u_multiplier                                                                    |                  vit_system_vit_phase_e_axi_0_0_vit_fp16_mul_to_fp32_comb_nodsp__4 |        240 |        240 |       0 |    0 |     0 |      0 |      0 |    0 |          0 |
|                       u_product_align                                                                 |                  vit_system_vit_phase_e_axi_0_0_vit_fp32_product_to_fixed_exact__4 |        825 |        825 |       0 |    0 |     0 |      0 |      0 |    0 |          0 |
|                     gen_stream[4].u_stream                                                            |                    vit_system_vit_phase_e_axi_0_0_vit_fp16_dot_stream_csa_nodsp__5 |       3379 |       3379 |       0 |    0 |   805 |      0 |      0 |    0 |          0 |
|                       (gen_stream[4].u_stream)                                                        |                    vit_system_vit_phase_e_axi_0_0_vit_fp16_dot_stream_csa_nodsp__5 |        230 |        230 |       0 |    0 |   805 |      0 |      0 |    0 |          0 |
|                       u_final_analyze                                                                 |                                vit_system_vit_phase_e_axi_0_0_vit_fixed_analyze__5 |        314 |        314 |       0 |    0 |     0 |      0 |      0 |    0 |          0 |
|                       u_final_round                                                                   |                 vit_system_vit_phase_e_axi_0_0_vit_fixed_normalized_to_fp32_rne__5 |       1770 |       1770 |       0 |    0 |     0 |      0 |      0 |    0 |          0 |
|                       u_multiplier                                                                    |                  vit_system_vit_phase_e_axi_0_0_vit_fp16_mul_to_fp32_comb_nodsp__5 |        240 |        240 |       0 |    0 |     0 |      0 |      0 |    0 |          0 |
|                       u_product_align                                                                 |                  vit_system_vit_phase_e_axi_0_0_vit_fp32_product_to_fixed_exact__5 |        825 |        825 |       0 |    0 |     0 |      0 |      0 |    0 |          0 |
|                     gen_stream[5].u_stream                                                            |                    vit_system_vit_phase_e_axi_0_0_vit_fp16_dot_stream_csa_nodsp__6 |       3379 |       3379 |       0 |    0 |   805 |      0 |      0 |    0 |          0 |
|                       (gen_stream[5].u_stream)                                                        |                    vit_system_vit_phase_e_axi_0_0_vit_fp16_dot_stream_csa_nodsp__6 |        230 |        230 |       0 |    0 |   805 |      0 |      0 |    0 |          0 |
|                       u_final_analyze                                                                 |                                vit_system_vit_phase_e_axi_0_0_vit_fixed_analyze__6 |        314 |        314 |       0 |    0 |     0 |      0 |      0 |    0 |          0 |
|                       u_final_round                                                                   |                 vit_system_vit_phase_e_axi_0_0_vit_fixed_normalized_to_fp32_rne__6 |       1770 |       1770 |       0 |    0 |     0 |      0 |      0 |    0 |          0 |
|                       u_multiplier                                                                    |                  vit_system_vit_phase_e_axi_0_0_vit_fp16_mul_to_fp32_comb_nodsp__6 |        240 |        240 |       0 |    0 |     0 |      0 |      0 |    0 |          0 |
|                       u_product_align                                                                 |                  vit_system_vit_phase_e_axi_0_0_vit_fp32_product_to_fixed_exact__6 |        825 |        825 |       0 |    0 |     0 |      0 |      0 |    0 |          0 |
|                     gen_stream[6].u_stream                                                            |                    vit_system_vit_phase_e_axi_0_0_vit_fp16_dot_stream_csa_nodsp__7 |       3379 |       3379 |       0 |    0 |   805 |      0 |      0 |    0 |          0 |
|                       (gen_stream[6].u_stream)                                                        |                    vit_system_vit_phase_e_axi_0_0_vit_fp16_dot_stream_csa_nodsp__7 |        230 |        230 |       0 |    0 |   805 |      0 |      0 |    0 |          0 |
|                       u_final_analyze                                                                 |                                vit_system_vit_phase_e_axi_0_0_vit_fixed_analyze__7 |        314 |        314 |       0 |    0 |     0 |      0 |      0 |    0 |          0 |
|                       u_final_round                                                                   |                 vit_system_vit_phase_e_axi_0_0_vit_fixed_normalized_to_fp32_rne__7 |       1770 |       1770 |       0 |    0 |     0 |      0 |      0 |    0 |          0 |
|                       u_multiplier                                                                    |                  vit_system_vit_phase_e_axi_0_0_vit_fp16_mul_to_fp32_comb_nodsp__7 |        240 |        240 |       0 |    0 |     0 |      0 |      0 |    0 |          0 |
|                       u_product_align                                                                 |                  vit_system_vit_phase_e_axi_0_0_vit_fp32_product_to_fixed_exact__7 |        825 |        825 |       0 |    0 |     0 |      0 |      0 |    0 |          0 |
|                     gen_stream[7].u_stream                                                            |                       vit_system_vit_phase_e_axi_0_0_vit_fp16_dot_stream_csa_nodsp |       3379 |       3379 |       0 |    0 |   805 |      0 |      0 |    0 |          0 |
|                       (gen_stream[7].u_stream)                                                        |                       vit_system_vit_phase_e_axi_0_0_vit_fp16_dot_stream_csa_nodsp |        230 |        230 |       0 |    0 |   805 |      0 |      0 |    0 |          0 |
|                       u_final_analyze                                                                 |                                   vit_system_vit_phase_e_axi_0_0_vit_fixed_analyze |        314 |        314 |       0 |    0 |     0 |      0 |      0 |    0 |          0 |
|                       u_final_round                                                                   |                    vit_system_vit_phase_e_axi_0_0_vit_fixed_normalized_to_fp32_rne |       1770 |       1770 |       0 |    0 |     0 |      0 |      0 |    0 |          0 |
|                       u_multiplier                                                                    |                     vit_system_vit_phase_e_axi_0_0_vit_fp16_mul_to_fp32_comb_nodsp |        240 |        240 |       0 |    0 |     0 |      0 |      0 |    0 |          0 |
|                       u_product_align                                                                 |                     vit_system_vit_phase_e_axi_0_0_vit_fp32_product_to_fixed_exact |        825 |        825 |       0 |    0 |     0 |      0 |      0 |    0 |          0 |
|                     u_bias_adder                                                                      |                                vit_system_vit_phase_e_axi_0_0_vit_fp32_add_comb__1 |        558 |        558 |       0 |    0 |     0 |      0 |      0 |    0 |          0 |
|               u_layernorm                                                                             |                           vit_system_vit_phase_e_axi_0_0_vit_layernorm_engine_fp32 |       1187 |       1187 |       0 |    0 |  1118 |      3 |      0 |    0 |          0 |
|                 (u_layernorm)                                                                         |                           vit_system_vit_phase_e_axi_0_0_vit_layernorm_engine_fp32 |        759 |        759 |       0 |    0 |   815 |      3 |      0 |    0 |          0 |
|                 u_reciprocal_hidden_size                                                              |                           vit_system_vit_phase_e_axi_0_0_vit_fp32_recip_u32_serial |        316 |        316 |       0 |    0 |   157 |      0 |      0 |    0 |          0 |
|                 u_total_words_multiplier                                                              |                      vit_system_vit_phase_e_axi_0_0_vit_u32_mul_iterative_nodsp__1 |        112 |        112 |       0 |    0 |   146 |      0 |      0 |    0 |          0 |
|               u_layout                                                                                |                                   vit_system_vit_phase_e_axi_0_0_vit_layout_engine |        630 |        630 |       0 |    0 |   735 |      0 |      0 |    0 |          0 |
|                 (u_layout)                                                                            |                                   vit_system_vit_phase_e_axi_0_0_vit_layout_engine |         53 |         53 |       0 |    0 |   203 |      0 |      0 |    0 |          0 |
|                 u_address_generator                                                                   |                        vit_system_vit_phase_e_axi_0_0_vit_layout_address_generator |        167 |        167 |       0 |    0 |   187 |      0 |      0 |    0 |          0 |
|                 u_descriptor_validator                                                                |                     vit_system_vit_phase_e_axi_0_0_vit_layout_descriptor_validator |        410 |        410 |       0 |    0 |   345 |      0 |      0 |    0 |          0 |
|                   (u_descriptor_validator)                                                            |                     vit_system_vit_phase_e_axi_0_0_vit_layout_descriptor_validator |        273 |        273 |       0 |    0 |   189 |      0 |      0 |    0 |          0 |
|                   u_shared_multiplier                                                                 |                      vit_system_vit_phase_e_axi_0_0_vit_u32_mul_iterative_nodsp__2 |        137 |        137 |       0 |    0 |   156 |      0 |      0 |    0 |          0 |
|               u_memory_frontend                                                                       |                         vit_system_vit_phase_e_axi_0_0_vit_phase_e_memory_frontend |      35143 |      35143 |       0 |    0 |  8377 |     36 |      0 |    0 |          0 |
|                 (u_memory_frontend)                                                                   |                         vit_system_vit_phase_e_axi_0_0_vit_phase_e_memory_frontend |      31445 |      31445 |       0 |    0 |  7577 |      0 |      0 |    0 |          0 |
|                 u_gemm_activation_panel_cache                                                         |                     vit_system_vit_phase_e_axi_0_0_vit_gemm_activation_panel_cache |        117 |        117 |       0 |    0 |     5 |     32 |      0 |    0 |          0 |
|                 u_gemm_address_context                                                                |                     vit_system_vit_phase_e_axi_0_0_vit_gemm_memory_address_context |       1469 |       1469 |       0 |    0 |   794 |      0 |      0 |    0 |          0 |
|                 u_gemm_bias_cache                                                                     |                                 vit_system_vit_phase_e_axi_0_0_vit_gemm_bias_cache |          6 |          6 |       0 |    0 |     1 |      4 |      0 |    0 |          0 |
|                 u_read_address_router                                                                 |                     vit_system_vit_phase_e_axi_0_0_vit_phase_e_read_address_router |       1260 |       1260 |       0 |    0 |     0 |      0 |      0 |    0 |          0 |
|                 u_write_address_router                                                                |                    vit_system_vit_phase_e_axi_0_0_vit_phase_e_write_address_router |        846 |        846 |       0 |    0 |     0 |      0 |      0 |    0 |          0 |
|               u_softmax                                                                               |                             vit_system_vit_phase_e_axi_0_0_vit_softmax_engine_fp32 |       1691 |       1691 |       0 |    0 |   986 |      1 |      0 |    0 |          0 |
|                 (u_softmax)                                                                           |                             vit_system_vit_phase_e_axi_0_0_vit_softmax_engine_fp32 |        908 |        908 |       0 |    0 |   840 |      1 |      0 |    0 |          0 |
|                 u_exp_from_integer                                                                    |                              vit_system_vit_phase_e_axi_0_0_vit_fp32_from_u32_comb |        270 |        270 |       0 |    0 |     0 |      0 |      0 |    0 |          0 |
|                 u_exp_scale_down                                                                      |                       vit_system_vit_phase_e_axi_0_0_vit_fp32_scale_pow2_down_comb |         52 |         52 |       0 |    0 |     0 |      0 |      0 |    0 |          0 |
|                 u_exp_to_integer                                                                      |                          vit_system_vit_phase_e_axi_0_0_vit_fp32_to_u32_floor_comb |        242 |        242 |       0 |    0 |     0 |      0 |      0 |    0 |          0 |
|                 u_row_maximum                                                                         |                                    vit_system_vit_phase_e_axi_0_0_vit_fp32_compare |        107 |        107 |       0 |    0 |     0 |      0 |      0 |    0 |          0 |
|                 u_total_words_multiplier                                                              |                         vit_system_vit_phase_e_axi_0_0_vit_u32_mul_iterative_nodsp |        112 |        112 |       0 |    0 |   146 |      0 |      0 |    0 |          0 |
|               u_vector                                                                                |                              vit_system_vit_phase_e_axi_0_0_vit_vector_engine_fp32 |       1638 |       1638 |       0 |    0 |  1667 |      0 |      0 |    0 |          0 |
|                 (u_vector)                                                                            |                              vit_system_vit_phase_e_axi_0_0_vit_vector_engine_fp32 |       1163 |       1163 |       0 |    0 |  1667 |      0 |      0 |    0 |          0 |
|                 u_lane_mask                                                                           |                                       vit_system_vit_phase_e_axi_0_0_vit_lane_mask |        475 |        475 |       0 |    0 |     0 |      0 |      0 |    0 |          0 |
|             u_sequencer                                                                               |                               vit_system_vit_phase_e_axi_0_0_vit_phase_e_sequencer |        952 |        952 |       0 |    0 |   863 |      0 |      0 |    0 |          0 |
|           u_perf_counters                                                                             |                           vit_system_vit_phase_e_axi_0_0_vit_phase_e_perf_counters |         17 |         17 |       0 |    0 |   642 |      0 |      0 |    0 |          0 |
|           u_profile_counters                                                                          |                        vit_system_vit_phase_e_axi_0_0_vit_phase_e_profile_counters |       1711 |       1295 |     416 |    0 | 13025 |      0 |      0 |    0 |          0 |
|     zynq_ultra_ps_e_0                                                                                 |                                                     vit_system_zynq_ultra_ps_e_0_0 |        264 |        264 |       0 |    0 |     0 |      0 |      0 |    0 |          0 |
|       (zynq_ultra_ps_e_0)                                                                             |                                                     vit_system_zynq_ultra_ps_e_0_0 |          0 |          0 |       0 |    0 |     0 |      0 |      0 |    0 |          0 |
|       inst                                                                                            |              vit_system_zynq_ultra_ps_e_0_0_zynq_ultra_ps_e_v3_5_1_zynq_ultra_ps_e |        264 |        264 |       0 |    0 |     0 |      0 |      0 |    0 |          0 |
+-------------------------------------------------------------------------------------------------------+------------------------------------------------------------------------------------+------------+------------+---------+------+-------+--------+--------+------+------------+


