Copyright 1986-2022 Xilinx, Inc. All Rights Reserved. Copyright 2022-2023 Advanced Micro Devices, Inc. All Rights Reserved.
--------------------------------------------------------------------------------------------------------------------------------------------------------------------------------------------------------------------------------------------------------------------------------------------------------------------------------
| Tool Version      : Vivado v.2023.2 (lin64) Build 4029153 Fri Oct 13 20:13:54 MDT 2023
| Date              : Sun Aug  9 03:32:48 2026
| Host              : ubuntu running 64-bit Ubuntu 24.04.4 LTS
| Command           : report_timing_summary -delay_type max -max_paths 20 -report_unconstrained -check_timing_verbose -file /home/s23520579/Vivado_project/vit_m8_board_candidate_67c18532_workspace_20260809/vivado_server_307_perf_v1_m8_nongemm_nodsp_2023_2/VIT_googlebase_rtl/reports/rtl_standalone_post_synth_timing.rpt
| Design            : vit_phase_e_axi_bd_wrapper
| Device            : xczu5ev-sfvc784
| Speed File        : -1  PRODUCTION 1.30 05-15-2022
| Design State      : Synthesized
| Temperature Grade : E
--------------------------------------------------------------------------------------------------------------------------------------------------------------------------------------------------------------------------------------------------------------------------------------------------------------------------------

Timing Summary Report

------------------------------------------------------------------------------------------------
| Timer Settings
| --------------
------------------------------------------------------------------------------------------------

  Enable Multi Corner Analysis               :  Yes
  Enable Pessimism Removal                   :  Yes
  Pessimism Removal Resolution               :  Nearest Common Node
  Enable Input Delay Default Clock           :  No
  Enable Preset / Clear Arcs                 :  No
  Disable Flight Delays                      :  No
  Ignore I/O Paths                           :  No
  Timing Early Launch at Borrowing Latches   :  No
  Borrow Time for Max Delay Exceptions       :  Yes
  Merge Timing Exceptions                    :  Yes
  Inter-SLR Compensation                     :  Conservative

  Corner  Analyze    Analyze    
  Name    Max Paths  Min Paths  
  ------  ---------  ---------  
  Slow    Yes        Yes        
  Fast    Yes        Yes        


------------------------------------------------------------------------------------------------
| Report Methodology
| ------------------
------------------------------------------------------------------------------------------------

No report available as report_methodology has not been run prior. Run report_methodology on the current design for the summary of methodology violations.



check_timing report

Table of Contents
-----------------
1. checking no_clock (0)
2. checking constant_clock (0)
3. checking pulse_width_clock (0)
4. checking unconstrained_internal_endpoints (0)
5. checking no_input_delay (206)
6. checking no_output_delay (279)
7. checking multiple_clock (0)
8. checking generated_clocks (0)
9. checking loops (0)
10. checking partial_input_delay (0)
11. checking partial_output_delay (0)
12. checking latch_loops (0)

1. checking no_clock (0)
------------------------
 There are 0 register/latch pins with no clock.


2. checking constant_clock (0)
------------------------------
 There are 0 register/latch pins with constant_clock.


3. checking pulse_width_clock (0)
---------------------------------
 There are 0 register/latch pins which need pulse_width check


4. checking unconstrained_internal_endpoints (0)
------------------------------------------------
 There are 0 pins that are not constrained for maximum delay.

 There are 0 pins that are not constrained for maximum delay due to constant clock.


5. checking no_input_delay (206)
--------------------------------
 There are 206 input ports with no input delay specified. (HIGH)

aresetn
m_axi_arready
m_axi_awready
m_axi_bid[0]
m_axi_bresp[0]
m_axi_bresp[1]
m_axi_bvalid
m_axi_rdata[0]
m_axi_rdata[100]
m_axi_rdata[101]
m_axi_rdata[102]
m_axi_rdata[103]
m_axi_rdata[104]
m_axi_rdata[105]
m_axi_rdata[106]
m_axi_rdata[107]
m_axi_rdata[108]
m_axi_rdata[109]
m_axi_rdata[10]
m_axi_rdata[110]
m_axi_rdata[111]
m_axi_rdata[112]
m_axi_rdata[113]
m_axi_rdata[114]
m_axi_rdata[115]
m_axi_rdata[116]
m_axi_rdata[117]
m_axi_rdata[118]
m_axi_rdata[119]
m_axi_rdata[11]
m_axi_rdata[120]
m_axi_rdata[121]
m_axi_rdata[122]
m_axi_rdata[123]
m_axi_rdata[124]
m_axi_rdata[125]
m_axi_rdata[126]
m_axi_rdata[127]
m_axi_rdata[12]
m_axi_rdata[13]
m_axi_rdata[14]
m_axi_rdata[15]
m_axi_rdata[16]
m_axi_rdata[17]
m_axi_rdata[18]
m_axi_rdata[19]
m_axi_rdata[1]
m_axi_rdata[20]
m_axi_rdata[21]
m_axi_rdata[22]
m_axi_rdata[23]
m_axi_rdata[24]
m_axi_rdata[25]
m_axi_rdata[26]
m_axi_rdata[27]
m_axi_rdata[28]
m_axi_rdata[29]
m_axi_rdata[2]
m_axi_rdata[30]
m_axi_rdata[31]
m_axi_rdata[32]
m_axi_rdata[33]
m_axi_rdata[34]
m_axi_rdata[35]
m_axi_rdata[36]
m_axi_rdata[37]
m_axi_rdata[38]
m_axi_rdata[39]
m_axi_rdata[3]
m_axi_rdata[40]
m_axi_rdata[41]
m_axi_rdata[42]
m_axi_rdata[43]
m_axi_rdata[44]
m_axi_rdata[45]
m_axi_rdata[46]
m_axi_rdata[47]
m_axi_rdata[48]
m_axi_rdata[49]
m_axi_rdata[4]
m_axi_rdata[50]
m_axi_rdata[51]
m_axi_rdata[52]
m_axi_rdata[53]
m_axi_rdata[54]
m_axi_rdata[55]
m_axi_rdata[56]
m_axi_rdata[57]
m_axi_rdata[58]
m_axi_rdata[59]
m_axi_rdata[5]
m_axi_rdata[60]
m_axi_rdata[61]
m_axi_rdata[62]
m_axi_rdata[63]
m_axi_rdata[64]
m_axi_rdata[65]
m_axi_rdata[66]
m_axi_rdata[67]
m_axi_rdata[68]
m_axi_rdata[69]
m_axi_rdata[6]
m_axi_rdata[70]
m_axi_rdata[71]
m_axi_rdata[72]
m_axi_rdata[73]
m_axi_rdata[74]
m_axi_rdata[75]
m_axi_rdata[76]
m_axi_rdata[77]
m_axi_rdata[78]
m_axi_rdata[79]
m_axi_rdata[7]
m_axi_rdata[80]
m_axi_rdata[81]
m_axi_rdata[82]
m_axi_rdata[83]
m_axi_rdata[84]
m_axi_rdata[85]
m_axi_rdata[86]
m_axi_rdata[87]
m_axi_rdata[88]
m_axi_rdata[89]
m_axi_rdata[8]
m_axi_rdata[90]
m_axi_rdata[91]
m_axi_rdata[92]
m_axi_rdata[93]
m_axi_rdata[94]
m_axi_rdata[95]
m_axi_rdata[96]
m_axi_rdata[97]
m_axi_rdata[98]
m_axi_rdata[99]
m_axi_rdata[9]
m_axi_rid[0]
m_axi_rlast
m_axi_rresp[0]
m_axi_rresp[1]
m_axi_rvalid
m_axi_wready
s_axi_araddr[0]
s_axi_araddr[10]
s_axi_araddr[11]
s_axi_araddr[1]
s_axi_araddr[2]
s_axi_araddr[3]
s_axi_araddr[4]
s_axi_araddr[5]
s_axi_araddr[6]
s_axi_araddr[7]
s_axi_araddr[8]
s_axi_araddr[9]
s_axi_arvalid
s_axi_awaddr[0]
s_axi_awaddr[10]
s_axi_awaddr[11]
s_axi_awaddr[1]
s_axi_awaddr[2]
s_axi_awaddr[3]
s_axi_awaddr[4]
s_axi_awaddr[5]
s_axi_awaddr[6]
s_axi_awaddr[7]
s_axi_awaddr[8]
s_axi_awaddr[9]
s_axi_awvalid
s_axi_bready
s_axi_rready
s_axi_wdata[0]
s_axi_wdata[10]
s_axi_wdata[11]
s_axi_wdata[12]
s_axi_wdata[13]
s_axi_wdata[14]
s_axi_wdata[15]
s_axi_wdata[16]
s_axi_wdata[17]
s_axi_wdata[18]
s_axi_wdata[19]
s_axi_wdata[1]
s_axi_wdata[20]
s_axi_wdata[21]
s_axi_wdata[22]
s_axi_wdata[23]
s_axi_wdata[24]
s_axi_wdata[25]
s_axi_wdata[26]
s_axi_wdata[27]
s_axi_wdata[28]
s_axi_wdata[29]
s_axi_wdata[2]
s_axi_wdata[30]
s_axi_wdata[31]
s_axi_wdata[3]
s_axi_wdata[4]
s_axi_wdata[5]
s_axi_wdata[6]
s_axi_wdata[7]
s_axi_wdata[8]
s_axi_wdata[9]
s_axi_wstrb[0]
s_axi_wstrb[1]
s_axi_wstrb[2]
s_axi_wstrb[3]
s_axi_wvalid

 There are 0 input ports with no input delay but user has a false path constraint.


6. checking no_output_delay (279)
---------------------------------
 There are 279 ports with no output delay specified. (HIGH)

irq_o
m_axi_araddr[0]
m_axi_araddr[10]
m_axi_araddr[11]
m_axi_araddr[12]
m_axi_araddr[13]
m_axi_araddr[14]
m_axi_araddr[15]
m_axi_araddr[16]
m_axi_araddr[17]
m_axi_araddr[18]
m_axi_araddr[19]
m_axi_araddr[1]
m_axi_araddr[20]
m_axi_araddr[21]
m_axi_araddr[22]
m_axi_araddr[23]
m_axi_araddr[24]
m_axi_araddr[25]
m_axi_araddr[26]
m_axi_araddr[27]
m_axi_araddr[28]
m_axi_araddr[29]
m_axi_araddr[2]
m_axi_araddr[30]
m_axi_araddr[31]
m_axi_araddr[32]
m_axi_araddr[33]
m_axi_araddr[34]
m_axi_araddr[35]
m_axi_araddr[36]
m_axi_araddr[37]
m_axi_araddr[38]
m_axi_araddr[39]
m_axi_araddr[3]
m_axi_araddr[4]
m_axi_araddr[5]
m_axi_araddr[6]
m_axi_araddr[7]
m_axi_araddr[8]
m_axi_araddr[9]
m_axi_arlen[0]
m_axi_arlen[1]
m_axi_arlen[2]
m_axi_arlen[3]
m_axi_arlen[4]
m_axi_arlen[5]
m_axi_arlen[6]
m_axi_arlen[7]
m_axi_arsize[1]
m_axi_arsize[2]
m_axi_arvalid
m_axi_awaddr[0]
m_axi_awaddr[10]
m_axi_awaddr[11]
m_axi_awaddr[12]
m_axi_awaddr[13]
m_axi_awaddr[14]
m_axi_awaddr[15]
m_axi_awaddr[16]
m_axi_awaddr[17]
m_axi_awaddr[18]
m_axi_awaddr[19]
m_axi_awaddr[1]
m_axi_awaddr[20]
m_axi_awaddr[21]
m_axi_awaddr[22]
m_axi_awaddr[23]
m_axi_awaddr[24]
m_axi_awaddr[25]
m_axi_awaddr[26]
m_axi_awaddr[27]
m_axi_awaddr[28]
m_axi_awaddr[29]
m_axi_awaddr[2]
m_axi_awaddr[30]
m_axi_awaddr[31]
m_axi_awaddr[32]
m_axi_awaddr[33]
m_axi_awaddr[34]
m_axi_awaddr[35]
m_axi_awaddr[36]
m_axi_awaddr[37]
m_axi_awaddr[38]
m_axi_awaddr[39]
m_axi_awaddr[3]
m_axi_awaddr[4]
m_axi_awaddr[5]
m_axi_awaddr[6]
m_axi_awaddr[7]
m_axi_awaddr[8]
m_axi_awaddr[9]
m_axi_awvalid
m_axi_bready
m_axi_rready
m_axi_wdata[0]
m_axi_wdata[100]
m_axi_wdata[101]
m_axi_wdata[102]
m_axi_wdata[103]
m_axi_wdata[104]
m_axi_wdata[105]
m_axi_wdata[106]
m_axi_wdata[107]
m_axi_wdata[108]
m_axi_wdata[109]
m_axi_wdata[10]
m_axi_wdata[110]
m_axi_wdata[111]
m_axi_wdata[112]
m_axi_wdata[113]
m_axi_wdata[114]
m_axi_wdata[115]
m_axi_wdata[116]
m_axi_wdata[117]
m_axi_wdata[118]
m_axi_wdata[119]
m_axi_wdata[11]
m_axi_wdata[120]
m_axi_wdata[121]
m_axi_wdata[122]
m_axi_wdata[123]
m_axi_wdata[124]
m_axi_wdata[125]
m_axi_wdata[126]
m_axi_wdata[127]
m_axi_wdata[12]
m_axi_wdata[13]
m_axi_wdata[14]
m_axi_wdata[15]
m_axi_wdata[16]
m_axi_wdata[17]
m_axi_wdata[18]
m_axi_wdata[19]
m_axi_wdata[1]
m_axi_wdata[20]
m_axi_wdata[21]
m_axi_wdata[22]
m_axi_wdata[23]
m_axi_wdata[24]
m_axi_wdata[25]
m_axi_wdata[26]
m_axi_wdata[27]
m_axi_wdata[28]
m_axi_wdata[29]
m_axi_wdata[2]
m_axi_wdata[30]
m_axi_wdata[31]
m_axi_wdata[32]
m_axi_wdata[33]
m_axi_wdata[34]
m_axi_wdata[35]
m_axi_wdata[36]
m_axi_wdata[37]
m_axi_wdata[38]
m_axi_wdata[39]
m_axi_wdata[3]
m_axi_wdata[40]
m_axi_wdata[41]
m_axi_wdata[42]
m_axi_wdata[43]
m_axi_wdata[44]
m_axi_wdata[45]
m_axi_wdata[46]
m_axi_wdata[47]
m_axi_wdata[48]
m_axi_wdata[49]
m_axi_wdata[4]
m_axi_wdata[50]
m_axi_wdata[51]
m_axi_wdata[52]
m_axi_wdata[53]
m_axi_wdata[54]
m_axi_wdata[55]
m_axi_wdata[56]
m_axi_wdata[57]
m_axi_wdata[58]
m_axi_wdata[59]
m_axi_wdata[5]
m_axi_wdata[60]
m_axi_wdata[61]
m_axi_wdata[62]
m_axi_wdata[63]
m_axi_wdata[64]
m_axi_wdata[65]
m_axi_wdata[66]
m_axi_wdata[67]
m_axi_wdata[68]
m_axi_wdata[69]
m_axi_wdata[6]
m_axi_wdata[70]
m_axi_wdata[71]
m_axi_wdata[72]
m_axi_wdata[73]
m_axi_wdata[74]
m_axi_wdata[75]
m_axi_wdata[76]
m_axi_wdata[77]
m_axi_wdata[78]
m_axi_wdata[79]
m_axi_wdata[7]
m_axi_wdata[80]
m_axi_wdata[81]
m_axi_wdata[82]
m_axi_wdata[83]
m_axi_wdata[84]
m_axi_wdata[85]
m_axi_wdata[86]
m_axi_wdata[87]
m_axi_wdata[88]
m_axi_wdata[89]
m_axi_wdata[8]
m_axi_wdata[90]
m_axi_wdata[91]
m_axi_wdata[92]
m_axi_wdata[93]
m_axi_wdata[94]
m_axi_wdata[95]
m_axi_wdata[96]
m_axi_wdata[97]
m_axi_wdata[98]
m_axi_wdata[99]
m_axi_wdata[9]
m_axi_wstrb[0]
m_axi_wstrb[10]
m_axi_wstrb[11]
m_axi_wstrb[12]
m_axi_wstrb[13]
m_axi_wstrb[14]
m_axi_wstrb[15]
m_axi_wstrb[1]
m_axi_wstrb[2]
m_axi_wstrb[3]
m_axi_wstrb[4]
m_axi_wstrb[5]
m_axi_wstrb[6]
m_axi_wstrb[7]
m_axi_wstrb[8]
m_axi_wstrb[9]
m_axi_wvalid
s_axi_arready
s_axi_awready
s_axi_bresp[1]
s_axi_bvalid
s_axi_rdata[0]
s_axi_rdata[10]
s_axi_rdata[11]
s_axi_rdata[12]
s_axi_rdata[13]
s_axi_rdata[14]
s_axi_rdata[15]
s_axi_rdata[16]
s_axi_rdata[17]
s_axi_rdata[18]
s_axi_rdata[19]
s_axi_rdata[1]
s_axi_rdata[20]
s_axi_rdata[21]
s_axi_rdata[22]
s_axi_rdata[23]
s_axi_rdata[24]
s_axi_rdata[25]
s_axi_rdata[26]
s_axi_rdata[27]
s_axi_rdata[28]
s_axi_rdata[29]
s_axi_rdata[2]
s_axi_rdata[30]
s_axi_rdata[31]
s_axi_rdata[3]
s_axi_rdata[4]
s_axi_rdata[5]
s_axi_rdata[6]
s_axi_rdata[7]
s_axi_rdata[8]
s_axi_rdata[9]
s_axi_rresp[1]
s_axi_rvalid
s_axi_wready

 There are 0 ports with no output delay but user has a false path constraint

 There are 0 ports with no output delay but with a timing clock defined on it or propagating through it


7. checking multiple_clock (0)
------------------------------
 There are 0 register/latch pins with multiple clocks.


8. checking generated_clocks (0)
--------------------------------
 There are 0 generated clocks that are not connected to a clock source.


9. checking loops (0)
---------------------
 There are 0 combinational loops in the design.


10. checking partial_input_delay (0)
------------------------------------
 There are 0 input ports with partial input delay specified.


11. checking partial_output_delay (0)
-------------------------------------
 There are 0 ports with partial output delay specified.


12. checking latch_loops (0)
----------------------------
 There are 0 combinational latch loops in the design through latch input



------------------------------------------------------------------------------------------------
| Design Timing Summary
| ---------------------
------------------------------------------------------------------------------------------------

    WNS(ns)      TNS(ns)  TNS Failing Endpoints  TNS Total Endpoints     WPWS(ns)     TPWS(ns)  TPWS Failing Endpoints  TPWS Total Endpoints  
    -------      -------  ---------------------  -------------------     --------     --------  ----------------------  --------------------  
      5.400        0.000                      0               183441        9.427        0.000                       0                 62496  


All user specified timing constraints are met.


------------------------------------------------------------------------------------------------
| Clock Summary
| -------------
------------------------------------------------------------------------------------------------

Clock  Waveform(ns)       Period(ns)      Frequency(MHz)
-----  ------------       ----------      --------------
aclk   {0.000 10.000}     20.000          50.000          


------------------------------------------------------------------------------------------------
| Intra Clock Table
| -----------------
------------------------------------------------------------------------------------------------

Clock             WNS(ns)      TNS(ns)  TNS Failing Endpoints  TNS Total Endpoints     WPWS(ns)     TPWS(ns)  TPWS Failing Endpoints  TPWS Total Endpoints  
-----             -------      -------  ---------------------  -------------------     --------     --------  ----------------------  --------------------  
aclk                5.400        0.000                      0               183441        9.427        0.000                       0                 62496  


------------------------------------------------------------------------------------------------
| Inter Clock Table
| -----------------
------------------------------------------------------------------------------------------------

From Clock    To Clock          WNS(ns)      TNS(ns)  TNS Failing Endpoints  TNS Total Endpoints  
----------    --------          -------      -------  ---------------------  -------------------  


------------------------------------------------------------------------------------------------
| Other Path Groups Table
| -----------------------
------------------------------------------------------------------------------------------------

Path Group    From Clock    To Clock          WNS(ns)      TNS(ns)  TNS Failing Endpoints  TNS Total Endpoints  
----------    ----------    --------          -------      -------  ---------------------  -------------------  


------------------------------------------------------------------------------------------------
| User Ignored Path Table
| -----------------------
------------------------------------------------------------------------------------------------

Path Group    From Clock    To Clock    
----------    ----------    --------    


------------------------------------------------------------------------------------------------
| Unconstrained Path Table
| ------------------------
------------------------------------------------------------------------------------------------

Path Group    From Clock    To Clock    
----------    ----------    --------    
(none)                                    
(none)        aclk                        
(none)                      aclk          


------------------------------------------------------------------------------------------------
| Timing Details
| --------------
------------------------------------------------------------------------------------------------


---------------------------------------------------------------------------------------------------
From Clock:  aclk
  To Clock:  aclk

Setup :            0  Failing Endpoints,  Worst Slack        5.400ns,  Total Violation        0.000ns
Hold  :           NA  Failing Endpoints,  Worst Slack           NA  ,  Total Violation           NA
PW    :            0  Failing Endpoints,  Worst Slack        9.427ns,  Total Violation        0.000ns
---------------------------------------------------------------------------------------------------


Max Delay Paths
--------------------------------------------------------------------------------------
Slack (MET) :             5.400ns  (required time - arrival time)
  Source:                 u_core/u_npu/u_engine/u_gelu/u_serial_core/exp_scaled_reg[27]/C
                            (rising edge-triggered cell FDRE clocked by aclk  {rise@0.000ns fall@10.000ns period=20.000ns})
  Destination:            u_core/u_npu/u_engine/u_gelu/u_serial_core/gelu_polynomial_reg[22]/D
                            (rising edge-triggered cell FDRE clocked by aclk  {rise@0.000ns fall@10.000ns period=20.000ns})
  Path Group:             aclk
  Path Type:              Setup (Max at Slow Process Corner)
  Requirement:            20.000ns  (aclk rise@20.000ns - aclk rise@0.000ns)
  Data Path Delay:        14.381ns  (logic 5.076ns (35.297%)  route 9.305ns (64.703%))
  Logic Levels:           59  (CARRY8=21 LUT2=3 LUT3=9 LUT4=6 LUT5=8 LUT6=12)
  Clock Path Skew:        -0.011ns (DCD - SCD + CPR)
    Destination Clock Delay (DCD):    0.024ns = ( 20.024 - 20.000 ) 
    Source Clock Delay      (SCD):    0.035ns
    Clock Pessimism Removal (CPR):    0.000ns
  Clock Uncertainty:      0.235ns  ((TSJ^2 + TIJ^2)^1/2 + DJ) / 2 + PE + UU
    Total System Jitter     (TSJ):    0.071ns
    Total Input Jitter      (TIJ):    0.000ns
    Discrete Jitter          (DJ):    0.000ns
    Phase Error              (PE):    0.000ns
    User Uncertainty         (UU):    0.200ns

    Location             Delay type                Incr(ns)  Path(ns)    Netlist Resource(s)
  -------------------------------------------------------------------    -------------------
                         (clock aclk rise edge)       0.000     0.000 r  
                                                      0.000     0.000 r  aclk (IN)
                         net (fo=62495, unset)        0.035     0.035    u_core/u_npu/u_engine/u_gelu/u_serial_core/clk
                         FDRE                                         r  u_core/u_npu/u_engine/u_gelu/u_serial_core/exp_scaled_reg[27]/C
  -------------------------------------------------------------------    -------------------
                         FDRE (Prop_FDRE_C_Q)         0.096     0.131 f  u_core/u_npu/u_engine/u_gelu/u_serial_core/exp_scaled_reg[27]/Q
                         net (fo=15, unplaced)        0.219     0.350    u_core/u_npu/u_engine/u_gelu/u_serial_core/u_exp_to_integer/value[27]
                         LUT6 (Prop_LUT6_I0_O)        0.178     0.528 r  u_core/u_npu/u_engine/u_gelu/u_serial_core/u_exp_to_integer/result[31]_INST_0_i_8/O
                         net (fo=78, unplaced)        0.294     0.822    u_core/u_npu/u_engine/u_gelu/u_serial_core/u_exp_to_integer/result[31]_INST_0_i_8_n_0
                         LUT3 (Prop_LUT3_I1_O)        0.083     0.905 r  u_core/u_npu/u_engine/u_gelu/u_serial_core/u_exp_to_integer/result[31]_INST_0_i_66/O
                         net (fo=1, unplaced)         0.232     1.137    u_core/u_npu/u_engine/u_gelu/u_serial_core/u_exp_to_integer/result[31]_INST_0_i_66_n_0
                         CARRY8 (Prop_CARRY8_DI[2]_CO[7])
                                                      0.142     1.279 r  u_core/u_npu/u_engine/u_gelu/u_serial_core/u_exp_to_integer/result[31]_INST_0_i_31/CO[7]
                         net (fo=1, unplaced)         0.007     1.286    u_core/u_npu/u_engine/u_gelu/u_serial_core/u_exp_to_integer/result[31]_INST_0_i_31_n_0
                         CARRY8 (Prop_CARRY8_CI_CO[6])
                                                      0.116     1.402 r  u_core/u_npu/u_engine/u_gelu/u_serial_core/u_exp_to_integer/result[31]_INST_0_i_9/CO[6]
                         net (fo=17, unplaced)        0.202     1.604    u_core/u_npu/u_engine/u_gelu/u_serial_core/u_exp_to_integer/result[31]_INST_0_i_9_n_1
                         LUT6 (Prop_LUT6_I1_O)        0.039     1.643 r  u_core/u_npu/u_engine/u_gelu/u_serial_core/u_exp_to_integer/result[30]_INST_0_i_5/O
                         net (fo=36, unplaced)        0.276     1.919    u_core/u_npu/u_engine/u_gelu/u_serial_core/u_exp_to_integer/result[30]_INST_0_i_5_n_0
                         LUT3 (Prop_LUT3_I2_O)        0.085     2.004 r  u_core/u_npu/u_engine/u_gelu/u_serial_core/u_exp_to_integer/result[28]_INST_0_i_7/O
                         net (fo=1, unplaced)         0.214     2.218    u_core/u_npu/u_engine/u_gelu/u_serial_core/u_exp_to_integer/result[28]_INST_0_i_7_n_0
                         LUT6 (Prop_LUT6_I4_O)        0.039     2.257 r  u_core/u_npu/u_engine/u_gelu/u_serial_core/u_exp_to_integer/result[28]_INST_0_i_1/O
                         net (fo=1, unplaced)         0.214     2.471    u_core/u_npu/u_engine/u_gelu/u_serial_core/u_exp_to_integer/result[28]_INST_0_i_1_n_0
                         LUT6 (Prop_LUT6_I0_O)        0.039     2.510 r  u_core/u_npu/u_engine/u_gelu/u_serial_core/u_exp_to_integer/result[28]_INST_0/O
                         net (fo=3, unplaced)         0.162     2.672    u_core/u_npu/u_engine/u_gelu/u_serial_core/exp_scale_integer_comb[28]
                         LUT4 (Prop_LUT4_I1_O)        0.064     2.736 r  u_core/u_npu/u_engine/u_gelu/u_serial_core/u_exp_from_integer_i_4/O
                         net (fo=12, unplaced)        0.198     2.934    u_core/u_npu/u_engine/u_gelu/u_serial_core/u_exp_from_integer/value[28]
                         LUT4 (Prop_LUT4_I0_O)        0.115     3.049 f  u_core/u_npu/u_engine/u_gelu/u_serial_core/u_exp_from_integer/result[30]_INST_0_i_11/O
                         net (fo=2, unplaced)         0.214     3.263    u_core/u_npu/u_engine/u_gelu/u_serial_core/u_exp_from_integer/result[30]_INST_0_i_11_n_0
                         LUT5 (Prop_LUT5_I0_O)        0.039     3.302 f  u_core/u_npu/u_engine/u_gelu/u_serial_core/u_exp_from_integer/result[30]_INST_0_i_27/O
                         net (fo=45, unplaced)        0.226     3.528    u_core/u_npu/u_engine/u_gelu/u_serial_core/u_exp_from_integer/result[30]_INST_0_i_27_n_0
                         LUT3 (Prop_LUT3_I2_O)        0.100     3.628 r  u_core/u_npu/u_engine/u_gelu/u_serial_core/u_exp_from_integer/result[30]_INST_0_i_5/O
                         net (fo=21, unplaced)        0.264     3.892    u_core/u_npu/u_engine/u_gelu/u_serial_core/u_exp_from_integer/result[30]_INST_0_i_5_n_0
                         LUT3 (Prop_LUT3_I2_O)        0.039     3.931 f  u_core/u_npu/u_engine/u_gelu/u_serial_core/u_exp_from_integer/result[22]_INST_0_i_45/O
                         net (fo=16, unplaced)        0.258     4.189    u_core/u_npu/u_engine/u_gelu/u_serial_core/u_exp_from_integer/result[22]_INST_0_i_45_n_0
                         LUT2 (Prop_LUT2_I1_O)        0.039     4.228 r  u_core/u_npu/u_engine/u_gelu/u_serial_core/u_exp_from_integer/result[30]_INST_0_i_106/O
                         net (fo=1, unplaced)         0.000     4.228    u_core/u_npu/u_engine/u_gelu/u_serial_core/u_exp_from_integer/rounded_mantissa5[0]
                         CARRY8 (Prop_CARRY8_CI_O[0])
                                                      0.137     4.365 r  u_core/u_npu/u_engine/u_gelu/u_serial_core/u_exp_from_integer/result[30]_INST_0_i_93/O[0]
                         net (fo=2, unplaced)         0.214     4.579    u_core/u_npu/u_engine/u_gelu/u_serial_core/u_exp_from_integer/result[30]_INST_0_i_93_n_15
                         LUT3 (Prop_LUT3_I2_O)        0.039     4.618 f  u_core/u_npu/u_engine/u_gelu/u_serial_core/u_exp_from_integer/result[30]_INST_0_i_105/O
                         net (fo=2, unplaced)         0.214     4.832    u_core/u_npu/u_engine/u_gelu/u_serial_core/u_exp_from_integer/result[30]_INST_0_i_105_n_0
                         LUT5 (Prop_LUT5_I4_O)        0.085     4.917 r  u_core/u_npu/u_engine/u_gelu/u_serial_core/u_exp_from_integer/result[30]_INST_0_i_96/O
                         net (fo=1, unplaced)         0.214     5.131    u_core/u_npu/u_engine/u_gelu/u_serial_core/u_exp_from_integer/result[30]_INST_0_i_96_n_0
                         LUT6 (Prop_LUT6_I5_O)        0.039     5.170 r  u_core/u_npu/u_engine/u_gelu/u_serial_core/u_exp_from_integer/result[30]_INST_0_i_72/O
                         net (fo=1, unplaced)         0.018     5.188    u_core/u_npu/u_engine/u_gelu/u_serial_core/u_exp_from_integer/result[30]_INST_0_i_72_n_0
                         CARRY8 (Prop_CARRY8_S[0]_CO[7])
                                                      0.245     5.433 f  u_core/u_npu/u_engine/u_gelu/u_serial_core/u_exp_from_integer/result[30]_INST_0_i_41/CO[7]
                         net (fo=1, unplaced)         0.007     5.440    u_core/u_npu/u_engine/u_gelu/u_serial_core/u_exp_from_integer/result[30]_INST_0_i_41_n_0
                         CARRY8 (Prop_CARRY8_CI_CO[2])
                                                      0.073     5.513 f  u_core/u_npu/u_engine/u_gelu/u_serial_core/u_exp_from_integer/result[30]_INST_0_i_24/CO[2]
                         net (fo=3, unplaced)         0.220     5.733    u_core/u_npu/u_engine/u_gelu/u_serial_core/u_exp_from_integer/result[30]_INST_0_i_24_n_5
                         LUT5 (Prop_LUT5_I4_O)        0.039     5.772 r  u_core/u_npu/u_engine/u_gelu/u_serial_core/u_exp_from_integer/result[22]_INST_0_i_3/O
                         net (fo=23, unplaced)        0.266     6.038    u_core/u_npu/u_engine/u_gelu/u_serial_core/u_exp_from_integer/result[22]_INST_0_i_3_n_0
                         LUT5 (Prop_LUT5_I2_O)        0.039     6.077 f  u_core/u_npu/u_engine/u_gelu/u_serial_core/u_exp_from_integer/result[4]_INST_0_i_1/O
                         net (fo=2, unplaced)         0.214     6.291    u_core/u_npu/u_engine/u_gelu/u_serial_core/u_exp_from_integer/result[4]_INST_0_i_1_n_0
                         LUT3 (Prop_LUT3_I2_O)        0.085     6.376 f  u_core/u_npu/u_engine/u_gelu/u_serial_core/u_exp_from_integer/result[3]_INST_0/O
                         net (fo=1, unplaced)         0.214     6.590    u_core/u_npu/u_engine/u_gelu/u_serial_core/integer_as_fp32[3]
                         LUT6 (Prop_LUT6_I2_O)        0.039     6.629 f  u_core/u_npu/u_engine/u_gelu/u_serial_core/mul_operand_a[3]_INST_0_i_3/O
                         net (fo=1, unplaced)         0.214     6.843    u_core/u_npu/u_engine/u_gelu/u_serial_core/mul_operand_a[3]_INST_0_i_3_n_0
                         LUT5 (Prop_LUT5_I1_O)        0.085     6.928 f  u_core/u_npu/u_engine/u_gelu/u_serial_core/mul_operand_a[3]_INST_0_i_1/O
                         net (fo=1, unplaced)         0.214     7.142    u_core/u_npu/u_engine/u_gelu/u_serial_core/mul_operand_a[3]_INST_0_i_1_n_0
                         LUT6 (Prop_LUT6_I0_O)        0.039     7.181 f  u_core/u_npu/u_engine/u_gelu/u_serial_core/mul_operand_a[3]_INST_0/O
                         net (fo=1, unplaced)         0.214     7.395    u_core/u_npu/u_engine/gelu_mul_operand_a[3]
                         LUT6 (Prop_LUT6_I4_O)        0.039     7.434 f  u_core/u_npu/u_engine/u_engine_shared_multiplier_i_94/O
                         net (fo=1, unplaced)         0.214     7.648    u_core/u_npu/u_engine/u_engine_shared_multiplier_i_94_n_0
                         LUT6 (Prop_LUT6_I5_O)        0.039     7.687 f  u_core/u_npu/u_engine/u_engine_shared_multiplier_i_29/O
                         net (fo=58, unplaced)        0.287     7.974    u_core/u_npu/u_engine/u_engine_shared_multiplier/a[3]
                         LUT2 (Prop_LUT2_I0_O)        0.085     8.059 r  u_core/u_npu/u_engine/u_engine_shared_multiplier/result[7]_INST_0_i_266/O
                         net (fo=1, unplaced)         0.214     8.273    u_core/u_npu/u_engine/u_engine_shared_multiplier/result[7]_INST_0_i_266_n_0
                         LUT6 (Prop_LUT6_I3_O)        0.039     8.312 r  u_core/u_npu/u_engine/u_engine_shared_multiplier/result[7]_INST_0_i_216/O
                         net (fo=1, unplaced)         0.019     8.331    u_core/u_npu/u_engine/u_engine_shared_multiplier/result[7]_INST_0_i_216_n_0
                         CARRY8 (Prop_CARRY8_S[5]_CO[7])
                                                      0.204     8.535 r  u_core/u_npu/u_engine/u_engine_shared_multiplier/result[7]_INST_0_i_164/CO[7]
                         net (fo=1, unplaced)         0.007     8.542    u_core/u_npu/u_engine/u_engine_shared_multiplier/result[7]_INST_0_i_164_n_0
                         CARRY8 (Prop_CARRY8_CI_O[2])
                                                      0.086     8.628 r  u_core/u_npu/u_engine/u_engine_shared_multiplier/result[15]_INST_0_i_117/O[2]
                         net (fo=2, unplaced)         0.214     8.842    u_core/u_npu/u_engine/u_engine_shared_multiplier/result[15]_INST_0_i_117_n_13
                         LUT3 (Prop_LUT3_I0_O)        0.100     8.942 r  u_core/u_npu/u_engine/u_engine_shared_multiplier/result[7]_INST_0_i_145/O
                         net (fo=2, unplaced)         0.214     9.156    u_core/u_npu/u_engine/u_engine_shared_multiplier/result[7]_INST_0_i_145_n_0
                         LUT4 (Prop_LUT4_I3_O)        0.039     9.195 r  u_core/u_npu/u_engine/u_engine_shared_multiplier/result[7]_INST_0_i_153/O
                         net (fo=1, unplaced)         0.019     9.214    u_core/u_npu/u_engine/u_engine_shared_multiplier/result[7]_INST_0_i_153_n_0
                         CARRY8 (Prop_CARRY8_S[5]_CO[7])
                                                      0.204     9.418 r  u_core/u_npu/u_engine/u_engine_shared_multiplier/result[7]_INST_0_i_62/CO[7]
                         net (fo=1, unplaced)         0.007     9.425    u_core/u_npu/u_engine/u_engine_shared_multiplier/result[7]_INST_0_i_62_n_0
                         CARRY8 (Prop_CARRY8_CI_CO[7])
                                                      0.030     9.455 r  u_core/u_npu/u_engine/u_engine_shared_multiplier/result[15]_INST_0_i_36/CO[7]
                         net (fo=1, unplaced)         0.007     9.462    u_core/u_npu/u_engine/u_engine_shared_multiplier/result[15]_INST_0_i_36_n_0
                         CARRY8 (Prop_CARRY8_CI_O[1])
                                                      0.097     9.559 r  u_core/u_npu/u_engine/u_engine_shared_multiplier/result[21]_INST_0_i_31/O[1]
                         net (fo=3, unplaced)         0.218     9.777    u_core/u_npu/u_engine/u_engine_shared_multiplier/result[21]_INST_0_i_31_n_14
                         LUT3 (Prop_LUT3_I2_O)        0.039     9.816 r  u_core/u_npu/u_engine/u_engine_shared_multiplier/result[15]_INST_0_i_32/O
                         net (fo=2, unplaced)         0.214    10.030    u_core/u_npu/u_engine/u_engine_shared_multiplier/result[15]_INST_0_i_32_n_0
                         LUT5 (Prop_LUT5_I1_O)        0.039    10.069 r  u_core/u_npu/u_engine/u_engine_shared_multiplier/result[15]_INST_0_i_15/O
                         net (fo=2, unplaced)         0.214    10.283    u_core/u_npu/u_engine/u_engine_shared_multiplier/result[15]_INST_0_i_15_n_0
                         LUT6 (Prop_LUT6_I0_O)        0.039    10.322 r  u_core/u_npu/u_engine/u_engine_shared_multiplier/result[15]_INST_0_i_23/O
                         net (fo=1, unplaced)         0.017    10.339    u_core/u_npu/u_engine/u_engine_shared_multiplier/result[15]_INST_0_i_23_n_0
                         CARRY8 (Prop_CARRY8_S[3]_CO[7])
                                                      0.202    10.541 r  u_core/u_npu/u_engine/u_engine_shared_multiplier/result[15]_INST_0_i_10/CO[7]
                         net (fo=1, unplaced)         0.007    10.548    u_core/u_npu/u_engine/u_engine_shared_multiplier/result[15]_INST_0_i_10_n_0
                         CARRY8 (Prop_CARRY8_CI_CO[7])
                                                      0.030    10.578 r  u_core/u_npu/u_engine/u_engine_shared_multiplier/result[21]_INST_0_i_11/CO[7]
                         net (fo=1, unplaced)         0.007    10.585    u_core/u_npu/u_engine/u_engine_shared_multiplier/result[21]_INST_0_i_11_n_0
                         CARRY8 (Prop_CARRY8_CI_O[4])
                                                      0.109    10.694 r  u_core/u_npu/u_engine/u_engine_shared_multiplier/result[30]_INST_0_i_70/O[4]
                         net (fo=58, unplaced)        0.285    10.979    u_core/u_npu/u_engine/u_engine_shared_multiplier/p_0_in
                         LUT4 (Prop_LUT4_I1_O)        0.085    11.064 r  u_core/u_npu/u_engine/u_engine_shared_multiplier/result[7]_INST_0_i_39/O
                         net (fo=1, unplaced)         0.214    11.278    u_core/u_npu/u_engine/u_engine_shared_multiplier/result[7]_INST_0_i_39_n_0
                         LUT5 (Prop_LUT5_I4_O)        0.039    11.317 r  u_core/u_npu/u_engine/u_engine_shared_multiplier/result[7]_INST_0_i_15/O
                         net (fo=1, unplaced)         0.214    11.531    u_core/u_npu/u_engine/u_engine_shared_multiplier/result[7]_INST_0_i_15_n_0
                         LUT6 (Prop_LUT6_I4_O)        0.039    11.570 r  u_core/u_npu/u_engine/u_engine_shared_multiplier/result[7]_INST_0_i_10/O
                         net (fo=1, unplaced)         0.018    11.588    u_core/u_npu/u_engine/u_engine_shared_multiplier/result[7]_INST_0_i_10_n_0
                         CARRY8 (Prop_CARRY8_S[0]_CO[7])
                                                      0.245    11.833 r  u_core/u_npu/u_engine/u_engine_shared_multiplier/result[7]_INST_0_i_1/CO[7]
                         net (fo=1, unplaced)         0.007    11.840    u_core/u_npu/u_engine/u_engine_shared_multiplier/result[7]_INST_0_i_1_n_0
                         CARRY8 (Prop_CARRY8_CI_CO[7])
                                                      0.030    11.870 r  u_core/u_npu/u_engine/u_engine_shared_multiplier/result[15]_INST_0_i_1/CO[7]
                         net (fo=1, unplaced)         0.007    11.877    u_core/u_npu/u_engine/u_engine_shared_multiplier/result[15]_INST_0_i_1_n_0
                         CARRY8 (Prop_CARRY8_CI_CO[7])
                                                      0.030    11.907 r  u_core/u_npu/u_engine/u_engine_shared_multiplier/result[21]_INST_0_i_1/CO[7]
                         net (fo=1, unplaced)         0.007    11.914    u_core/u_npu/u_engine/u_engine_shared_multiplier/result[21]_INST_0_i_1_n_0
                         CARRY8 (Prop_CARRY8_CI_CO[0])
                                                      0.068    11.982 r  u_core/u_npu/u_engine/u_engine_shared_multiplier/result[21]_INST_0_i_2/CO[0]
                         net (fo=25, unplaced)        0.268    12.250    u_core/u_npu/u_engine/u_engine_shared_multiplier/result[21]_INST_0_i_2_n_7
                         LUT4 (Prop_LUT4_I3_O)        0.039    12.289 r  u_core/u_npu/u_engine/u_engine_shared_multiplier/result[30]_INST_0_i_36/O
                         net (fo=1, unplaced)         0.018    12.307    u_core/u_npu/u_engine/u_engine_shared_multiplier/result[30]_INST_0_i_36_n_0
                         CARRY8 (Prop_CARRY8_S[0]_CO[7])
                                                      0.245    12.552 r  u_core/u_npu/u_engine/u_engine_shared_multiplier/result[30]_INST_0_i_3/CO[7]
                         net (fo=1, unplaced)         0.007    12.559    u_core/u_npu/u_engine/u_engine_shared_multiplier/result[30]_INST_0_i_3_n_0
                         CARRY8 (Prop_CARRY8_CI_CO[7])
                                                      0.030    12.589 r  u_core/u_npu/u_engine/u_engine_shared_multiplier/result[30]_INST_0_i_72/CO[7]
                         net (fo=1, unplaced)         0.007    12.596    u_core/u_npu/u_engine/u_engine_shared_multiplier/result[30]_INST_0_i_72_n_0
                         CARRY8 (Prop_CARRY8_CI_O[5])
                                                      0.145    12.741 f  u_core/u_npu/u_engine/u_engine_shared_multiplier/result[30]_INST_0_i_51/O[5]
                         net (fo=3, unplaced)         0.168    12.909    u_core/u_npu/u_engine/u_engine_shared_multiplier/exp_result[21]
                         LUT2 (Prop_LUT2_I0_O)        0.127    13.036 f  u_core/u_npu/u_engine/u_engine_shared_multiplier/result[30]_INST_0_i_11/O
                         net (fo=1, unplaced)         0.234    13.270    u_core/u_npu/u_engine/u_engine_shared_multiplier/result[30]_INST_0_i_11_n_0
                         CARRY8 (Prop_CARRY8_DI[1]_CO[6])
                                                      0.214    13.484 f  u_core/u_npu/u_engine/u_engine_shared_multiplier/result[30]_INST_0_i_1/CO[6]
                         net (fo=31, unplaced)        0.216    13.700    u_core/u_npu/u_engine/u_engine_shared_multiplier/result[30]_INST_0_i_1_n_1
                         LUT5 (Prop_LUT5_I4_O)        0.039    13.739 f  u_core/u_npu/u_engine/u_engine_shared_multiplier/result[22]_INST_0_i_1/O
                         net (fo=1, unplaced)         0.214    13.953    u_core/u_npu/u_engine/u_engine_shared_multiplier/result[22]_INST_0_i_1_n_0
                         LUT4 (Prop_LUT4_I1_O)        0.039    13.992 r  u_core/u_npu/u_engine/u_engine_shared_multiplier/result[22]_INST_0/O
                         net (fo=45, unplaced)        0.281    14.273    u_core/u_npu/u_engine/u_gelu/u_serial_core/external_mul_result[22]
                         LUT3 (Prop_LUT3_I2_O)        0.085    14.358 r  u_core/u_npu/u_engine/u_gelu/u_serial_core/gelu_polynomial[22]_i_1/O
                         net (fo=1, unplaced)         0.058    14.416    u_core/u_npu/u_engine/u_gelu/u_serial_core/gelu_polynomial[22]_i_1_n_0
                         FDRE                                         r  u_core/u_npu/u_engine/u_gelu/u_serial_core/gelu_polynomial_reg[22]/D
  -------------------------------------------------------------------    -------------------

                         (clock aclk rise edge)      20.000    20.000 r  
                                                      0.000    20.000 r  aclk (IN)
                         net (fo=62495, unset)        0.024    20.024    u_core/u_npu/u_engine/u_gelu/u_serial_core/clk
                         FDRE                                         r  u_core/u_npu/u_engine/u_gelu/u_serial_core/gelu_polynomial_reg[22]/C
                         clock pessimism              0.000    20.024    
                         clock uncertainty           -0.235    19.789    
                         FDRE (Setup_FDRE_C_D)        0.027    19.816    u_core/u_npu/u_engine/u_gelu/u_serial_core/gelu_polynomial_reg[22]
  -------------------------------------------------------------------
                         required time                         19.816    
                         arrival time                         -14.416    
  -------------------------------------------------------------------
                         slack                                  5.400    

Slack (MET) :             5.400ns  (required time - arrival time)
  Source:                 u_core/u_npu/u_engine/u_gelu/u_serial_core/exp_scaled_reg[27]/C
                            (rising edge-triggered cell FDRE clocked by aclk  {rise@0.000ns fall@10.000ns period=20.000ns})
  Destination:            u_core/u_npu/u_engine/u_layernorm/token_mean_reg[22]/D
                            (rising edge-triggered cell FDRE clocked by aclk  {rise@0.000ns fall@10.000ns period=20.000ns})
  Path Group:             aclk
  Path Type:              Setup (Max at Slow Process Corner)
  Requirement:            20.000ns  (aclk rise@20.000ns - aclk rise@0.000ns)
  Data Path Delay:        14.381ns  (logic 5.076ns (35.297%)  route 9.305ns (64.703%))
  Logic Levels:           59  (CARRY8=21 LUT2=4 LUT3=8 LUT4=6 LUT5=8 LUT6=12)
  Clock Path Skew:        -0.011ns (DCD - SCD + CPR)
    Destination Clock Delay (DCD):    0.024ns = ( 20.024 - 20.000 ) 
    Source Clock Delay      (SCD):    0.035ns
    Clock Pessimism Removal (CPR):    0.000ns
  Clock Uncertainty:      0.235ns  ((TSJ^2 + TIJ^2)^1/2 + DJ) / 2 + PE + UU
    Total System Jitter     (TSJ):    0.071ns
    Total Input Jitter      (TIJ):    0.000ns
    Discrete Jitter          (DJ):    0.000ns
    Phase Error              (PE):    0.000ns
    User Uncertainty         (UU):    0.200ns

    Location             Delay type                Incr(ns)  Path(ns)    Netlist Resource(s)
  -------------------------------------------------------------------    -------------------
                         (clock aclk rise edge)       0.000     0.000 r  
                                                      0.000     0.000 r  aclk (IN)
                         net (fo=62495, unset)        0.035     0.035    u_core/u_npu/u_engine/u_gelu/u_serial_core/clk
                         FDRE                                         r  u_core/u_npu/u_engine/u_gelu/u_serial_core/exp_scaled_reg[27]/C
  -------------------------------------------------------------------    -------------------
                         FDRE (Prop_FDRE_C_Q)         0.096     0.131 f  u_core/u_npu/u_engine/u_gelu/u_serial_core/exp_scaled_reg[27]/Q
                         net (fo=15, unplaced)        0.219     0.350    u_core/u_npu/u_engine/u_gelu/u_serial_core/u_exp_to_integer/value[27]
                         LUT6 (Prop_LUT6_I0_O)        0.178     0.528 r  u_core/u_npu/u_engine/u_gelu/u_serial_core/u_exp_to_integer/result[31]_INST_0_i_8/O
                         net (fo=78, unplaced)        0.294     0.822    u_core/u_npu/u_engine/u_gelu/u_serial_core/u_exp_to_integer/result[31]_INST_0_i_8_n_0
                         LUT3 (Prop_LUT3_I1_O)        0.083     0.905 r  u_core/u_npu/u_engine/u_gelu/u_serial_core/u_exp_to_integer/result[31]_INST_0_i_66/O
                         net (fo=1, unplaced)         0.232     1.137    u_core/u_npu/u_engine/u_gelu/u_serial_core/u_exp_to_integer/result[31]_INST_0_i_66_n_0
                         CARRY8 (Prop_CARRY8_DI[2]_CO[7])
                                                      0.142     1.279 r  u_core/u_npu/u_engine/u_gelu/u_serial_core/u_exp_to_integer/result[31]_INST_0_i_31/CO[7]
                         net (fo=1, unplaced)         0.007     1.286    u_core/u_npu/u_engine/u_gelu/u_serial_core/u_exp_to_integer/result[31]_INST_0_i_31_n_0
                         CARRY8 (Prop_CARRY8_CI_CO[6])
                                                      0.116     1.402 r  u_core/u_npu/u_engine/u_gelu/u_serial_core/u_exp_to_integer/result[31]_INST_0_i_9/CO[6]
                         net (fo=17, unplaced)        0.202     1.604    u_core/u_npu/u_engine/u_gelu/u_serial_core/u_exp_to_integer/result[31]_INST_0_i_9_n_1
                         LUT6 (Prop_LUT6_I1_O)        0.039     1.643 r  u_core/u_npu/u_engine/u_gelu/u_serial_core/u_exp_to_integer/result[30]_INST_0_i_5/O
                         net (fo=36, unplaced)        0.276     1.919    u_core/u_npu/u_engine/u_gelu/u_serial_core/u_exp_to_integer/result[30]_INST_0_i_5_n_0
                         LUT3 (Prop_LUT3_I2_O)        0.085     2.004 r  u_core/u_npu/u_engine/u_gelu/u_serial_core/u_exp_to_integer/result[28]_INST_0_i_7/O
                         net (fo=1, unplaced)         0.214     2.218    u_core/u_npu/u_engine/u_gelu/u_serial_core/u_exp_to_integer/result[28]_INST_0_i_7_n_0
                         LUT6 (Prop_LUT6_I4_O)        0.039     2.257 r  u_core/u_npu/u_engine/u_gelu/u_serial_core/u_exp_to_integer/result[28]_INST_0_i_1/O
                         net (fo=1, unplaced)         0.214     2.471    u_core/u_npu/u_engine/u_gelu/u_serial_core/u_exp_to_integer/result[28]_INST_0_i_1_n_0
                         LUT6 (Prop_LUT6_I0_O)        0.039     2.510 r  u_core/u_npu/u_engine/u_gelu/u_serial_core/u_exp_to_integer/result[28]_INST_0/O
                         net (fo=3, unplaced)         0.162     2.672    u_core/u_npu/u_engine/u_gelu/u_serial_core/exp_scale_integer_comb[28]
                         LUT4 (Prop_LUT4_I1_O)        0.064     2.736 r  u_core/u_npu/u_engine/u_gelu/u_serial_core/u_exp_from_integer_i_4/O
                         net (fo=12, unplaced)        0.198     2.934    u_core/u_npu/u_engine/u_gelu/u_serial_core/u_exp_from_integer/value[28]
                         LUT4 (Prop_LUT4_I0_O)        0.115     3.049 f  u_core/u_npu/u_engine/u_gelu/u_serial_core/u_exp_from_integer/result[30]_INST_0_i_11/O
                         net (fo=2, unplaced)         0.214     3.263    u_core/u_npu/u_engine/u_gelu/u_serial_core/u_exp_from_integer/result[30]_INST_0_i_11_n_0
                         LUT5 (Prop_LUT5_I0_O)        0.039     3.302 f  u_core/u_npu/u_engine/u_gelu/u_serial_core/u_exp_from_integer/result[30]_INST_0_i_27/O
                         net (fo=45, unplaced)        0.226     3.528    u_core/u_npu/u_engine/u_gelu/u_serial_core/u_exp_from_integer/result[30]_INST_0_i_27_n_0
                         LUT3 (Prop_LUT3_I2_O)        0.100     3.628 r  u_core/u_npu/u_engine/u_gelu/u_serial_core/u_exp_from_integer/result[30]_INST_0_i_5/O
                         net (fo=21, unplaced)        0.264     3.892    u_core/u_npu/u_engine/u_gelu/u_serial_core/u_exp_from_integer/result[30]_INST_0_i_5_n_0
                         LUT3 (Prop_LUT3_I2_O)        0.039     3.931 f  u_core/u_npu/u_engine/u_gelu/u_serial_core/u_exp_from_integer/result[22]_INST_0_i_45/O
                         net (fo=16, unplaced)        0.258     4.189    u_core/u_npu/u_engine/u_gelu/u_serial_core/u_exp_from_integer/result[22]_INST_0_i_45_n_0
                         LUT2 (Prop_LUT2_I1_O)        0.039     4.228 r  u_core/u_npu/u_engine/u_gelu/u_serial_core/u_exp_from_integer/result[30]_INST_0_i_106/O
                         net (fo=1, unplaced)         0.000     4.228    u_core/u_npu/u_engine/u_gelu/u_serial_core/u_exp_from_integer/rounded_mantissa5[0]
                         CARRY8 (Prop_CARRY8_CI_O[0])
                                                      0.137     4.365 r  u_core/u_npu/u_engine/u_gelu/u_serial_core/u_exp_from_integer/result[30]_INST_0_i_93/O[0]
                         net (fo=2, unplaced)         0.214     4.579    u_core/u_npu/u_engine/u_gelu/u_serial_core/u_exp_from_integer/result[30]_INST_0_i_93_n_15
                         LUT3 (Prop_LUT3_I2_O)        0.039     4.618 f  u_core/u_npu/u_engine/u_gelu/u_serial_core/u_exp_from_integer/result[30]_INST_0_i_105/O
                         net (fo=2, unplaced)         0.214     4.832    u_core/u_npu/u_engine/u_gelu/u_serial_core/u_exp_from_integer/result[30]_INST_0_i_105_n_0
                         LUT5 (Prop_LUT5_I4_O)        0.085     4.917 r  u_core/u_npu/u_engine/u_gelu/u_serial_core/u_exp_from_integer/result[30]_INST_0_i_96/O
                         net (fo=1, unplaced)         0.214     5.131    u_core/u_npu/u_engine/u_gelu/u_serial_core/u_exp_from_integer/result[30]_INST_0_i_96_n_0
                         LUT6 (Prop_LUT6_I5_O)        0.039     5.170 r  u_core/u_npu/u_engine/u_gelu/u_serial_core/u_exp_from_integer/result[30]_INST_0_i_72/O
                         net (fo=1, unplaced)         0.018     5.188    u_core/u_npu/u_engine/u_gelu/u_serial_core/u_exp_from_integer/result[30]_INST_0_i_72_n_0
                         CARRY8 (Prop_CARRY8_S[0]_CO[7])
                                                      0.245     5.433 f  u_core/u_npu/u_engine/u_gelu/u_serial_core/u_exp_from_integer/result[30]_INST_0_i_41/CO[7]
                         net (fo=1, unplaced)         0.007     5.440    u_core/u_npu/u_engine/u_gelu/u_serial_core/u_exp_from_integer/result[30]_INST_0_i_41_n_0
                         CARRY8 (Prop_CARRY8_CI_CO[2])
                                                      0.073     5.513 f  u_core/u_npu/u_engine/u_gelu/u_serial_core/u_exp_from_integer/result[30]_INST_0_i_24/CO[2]
                         net (fo=3, unplaced)         0.220     5.733    u_core/u_npu/u_engine/u_gelu/u_serial_core/u_exp_from_integer/result[30]_INST_0_i_24_n_5
                         LUT5 (Prop_LUT5_I4_O)        0.039     5.772 r  u_core/u_npu/u_engine/u_gelu/u_serial_core/u_exp_from_integer/result[22]_INST_0_i_3/O
                         net (fo=23, unplaced)        0.266     6.038    u_core/u_npu/u_engine/u_gelu/u_serial_core/u_exp_from_integer/result[22]_INST_0_i_3_n_0
                         LUT5 (Prop_LUT5_I2_O)        0.039     6.077 f  u_core/u_npu/u_engine/u_gelu/u_serial_core/u_exp_from_integer/result[4]_INST_0_i_1/O
                         net (fo=2, unplaced)         0.214     6.291    u_core/u_npu/u_engine/u_gelu/u_serial_core/u_exp_from_integer/result[4]_INST_0_i_1_n_0
                         LUT3 (Prop_LUT3_I2_O)        0.085     6.376 f  u_core/u_npu/u_engine/u_gelu/u_serial_core/u_exp_from_integer/result[3]_INST_0/O
                         net (fo=1, unplaced)         0.214     6.590    u_core/u_npu/u_engine/u_gelu/u_serial_core/integer_as_fp32[3]
                         LUT6 (Prop_LUT6_I2_O)        0.039     6.629 f  u_core/u_npu/u_engine/u_gelu/u_serial_core/mul_operand_a[3]_INST_0_i_3/O
                         net (fo=1, unplaced)         0.214     6.843    u_core/u_npu/u_engine/u_gelu/u_serial_core/mul_operand_a[3]_INST_0_i_3_n_0
                         LUT5 (Prop_LUT5_I1_O)        0.085     6.928 f  u_core/u_npu/u_engine/u_gelu/u_serial_core/mul_operand_a[3]_INST_0_i_1/O
                         net (fo=1, unplaced)         0.214     7.142    u_core/u_npu/u_engine/u_gelu/u_serial_core/mul_operand_a[3]_INST_0_i_1_n_0
                         LUT6 (Prop_LUT6_I0_O)        0.039     7.181 f  u_core/u_npu/u_engine/u_gelu/u_serial_core/mul_operand_a[3]_INST_0/O
                         net (fo=1, unplaced)         0.214     7.395    u_core/u_npu/u_engine/gelu_mul_operand_a[3]
                         LUT6 (Prop_LUT6_I4_O)        0.039     7.434 f  u_core/u_npu/u_engine/u_engine_shared_multiplier_i_94/O
                         net (fo=1, unplaced)         0.214     7.648    u_core/u_npu/u_engine/u_engine_shared_multiplier_i_94_n_0
                         LUT6 (Prop_LUT6_I5_O)        0.039     7.687 f  u_core/u_npu/u_engine/u_engine_shared_multiplier_i_29/O
                         net (fo=58, unplaced)        0.287     7.974    u_core/u_npu/u_engine/u_engine_shared_multiplier/a[3]
                         LUT2 (Prop_LUT2_I0_O)        0.085     8.059 r  u_core/u_npu/u_engine/u_engine_shared_multiplier/result[7]_INST_0_i_266/O
                         net (fo=1, unplaced)         0.214     8.273    u_core/u_npu/u_engine/u_engine_shared_multiplier/result[7]_INST_0_i_266_n_0
                         LUT6 (Prop_LUT6_I3_O)        0.039     8.312 r  u_core/u_npu/u_engine/u_engine_shared_multiplier/result[7]_INST_0_i_216/O
                         net (fo=1, unplaced)         0.019     8.331    u_core/u_npu/u_engine/u_engine_shared_multiplier/result[7]_INST_0_i_216_n_0
                         CARRY8 (Prop_CARRY8_S[5]_CO[7])
                                                      0.204     8.535 r  u_core/u_npu/u_engine/u_engine_shared_multiplier/result[7]_INST_0_i_164/CO[7]
                         net (fo=1, unplaced)         0.007     8.542    u_core/u_npu/u_engine/u_engine_shared_multiplier/result[7]_INST_0_i_164_n_0
                         CARRY8 (Prop_CARRY8_CI_O[2])
                                                      0.086     8.628 r  u_core/u_npu/u_engine/u_engine_shared_multiplier/result[15]_INST_0_i_117/O[2]
                         net (fo=2, unplaced)         0.214     8.842    u_core/u_npu/u_engine/u_engine_shared_multiplier/result[15]_INST_0_i_117_n_13
                         LUT3 (Prop_LUT3_I0_O)        0.100     8.942 r  u_core/u_npu/u_engine/u_engine_shared_multiplier/result[7]_INST_0_i_145/O
                         net (fo=2, unplaced)         0.214     9.156    u_core/u_npu/u_engine/u_engine_shared_multiplier/result[7]_INST_0_i_145_n_0
                         LUT4 (Prop_LUT4_I3_O)        0.039     9.195 r  u_core/u_npu/u_engine/u_engine_shared_multiplier/result[7]_INST_0_i_153/O
                         net (fo=1, unplaced)         0.019     9.214    u_core/u_npu/u_engine/u_engine_shared_multiplier/result[7]_INST_0_i_153_n_0
                         CARRY8 (Prop_CARRY8_S[5]_CO[7])
                                                      0.204     9.418 r  u_core/u_npu/u_engine/u_engine_shared_multiplier/result[7]_INST_0_i_62/CO[7]
                         net (fo=1, unplaced)         0.007     9.425    u_core/u_npu/u_engine/u_engine_shared_multiplier/result[7]_INST_0_i_62_n_0
                         CARRY8 (Prop_CARRY8_CI_CO[7])
                                                      0.030     9.455 r  u_core/u_npu/u_engine/u_engine_shared_multiplier/result[15]_INST_0_i_36/CO[7]
                         net (fo=1, unplaced)         0.007     9.462    u_core/u_npu/u_engine/u_engine_shared_multiplier/result[15]_INST_0_i_36_n_0
                         CARRY8 (Prop_CARRY8_CI_O[1])
                                                      0.097     9.559 r  u_core/u_npu/u_engine/u_engine_shared_multiplier/result[21]_INST_0_i_31/O[1]
                         net (fo=3, unplaced)         0.218     9.777    u_core/u_npu/u_engine/u_engine_shared_multiplier/result[21]_INST_0_i_31_n_14
                         LUT3 (Prop_LUT3_I2_O)        0.039     9.816 r  u_core/u_npu/u_engine/u_engine_shared_multiplier/result[15]_INST_0_i_32/O
                         net (fo=2, unplaced)         0.214    10.030    u_core/u_npu/u_engine/u_engine_shared_multiplier/result[15]_INST_0_i_32_n_0
                         LUT5 (Prop_LUT5_I1_O)        0.039    10.069 r  u_core/u_npu/u_engine/u_engine_shared_multiplier/result[15]_INST_0_i_15/O
                         net (fo=2, unplaced)         0.214    10.283    u_core/u_npu/u_engine/u_engine_shared_multiplier/result[15]_INST_0_i_15_n_0
                         LUT6 (Prop_LUT6_I0_O)        0.039    10.322 r  u_core/u_npu/u_engine/u_engine_shared_multiplier/result[15]_INST_0_i_23/O
                         net (fo=1, unplaced)         0.017    10.339    u_core/u_npu/u_engine/u_engine_shared_multiplier/result[15]_INST_0_i_23_n_0
                         CARRY8 (Prop_CARRY8_S[3]_CO[7])
                                                      0.202    10.541 r  u_core/u_npu/u_engine/u_engine_shared_multiplier/result[15]_INST_0_i_10/CO[7]
                         net (fo=1, unplaced)         0.007    10.548    u_core/u_npu/u_engine/u_engine_shared_multiplier/result[15]_INST_0_i_10_n_0
                         CARRY8 (Prop_CARRY8_CI_CO[7])
                                                      0.030    10.578 r  u_core/u_npu/u_engine/u_engine_shared_multiplier/result[21]_INST_0_i_11/CO[7]
                         net (fo=1, unplaced)         0.007    10.585    u_core/u_npu/u_engine/u_engine_shared_multiplier/result[21]_INST_0_i_11_n_0
                         CARRY8 (Prop_CARRY8_CI_O[4])
                                                      0.109    10.694 r  u_core/u_npu/u_engine/u_engine_shared_multiplier/result[30]_INST_0_i_70/O[4]
                         net (fo=58, unplaced)        0.285    10.979    u_core/u_npu/u_engine/u_engine_shared_multiplier/p_0_in
                         LUT4 (Prop_LUT4_I1_O)        0.085    11.064 r  u_core/u_npu/u_engine/u_engine_shared_multiplier/result[7]_INST_0_i_39/O
                         net (fo=1, unplaced)         0.214    11.278    u_core/u_npu/u_engine/u_engine_shared_multiplier/result[7]_INST_0_i_39_n_0
                         LUT5 (Prop_LUT5_I4_O)        0.039    11.317 r  u_core/u_npu/u_engine/u_engine_shared_multiplier/result[7]_INST_0_i_15/O
                         net (fo=1, unplaced)         0.214    11.531    u_core/u_npu/u_engine/u_engine_shared_multiplier/result[7]_INST_0_i_15_n_0
                         LUT6 (Prop_LUT6_I4_O)        0.039    11.570 r  u_core/u_npu/u_engine/u_engine_shared_multiplier/result[7]_INST_0_i_10/O
                         net (fo=1, unplaced)         0.018    11.588    u_core/u_npu/u_engine/u_engine_shared_multiplier/result[7]_INST_0_i_10_n_0
                         CARRY8 (Prop_CARRY8_S[0]_CO[7])
                                                      0.245    11.833 r  u_core/u_npu/u_engine/u_engine_shared_multiplier/result[7]_INST_0_i_1/CO[7]
                         net (fo=1, unplaced)         0.007    11.840    u_core/u_npu/u_engine/u_engine_shared_multiplier/result[7]_INST_0_i_1_n_0
                         CARRY8 (Prop_CARRY8_CI_CO[7])
                                                      0.030    11.870 r  u_core/u_npu/u_engine/u_engine_shared_multiplier/result[15]_INST_0_i_1/CO[7]
                         net (fo=1, unplaced)         0.007    11.877    u_core/u_npu/u_engine/u_engine_shared_multiplier/result[15]_INST_0_i_1_n_0
                         CARRY8 (Prop_CARRY8_CI_CO[7])
                                                      0.030    11.907 r  u_core/u_npu/u_engine/u_engine_shared_multiplier/result[21]_INST_0_i_1/CO[7]
                         net (fo=1, unplaced)         0.007    11.914    u_core/u_npu/u_engine/u_engine_shared_multiplier/result[21]_INST_0_i_1_n_0
                         CARRY8 (Prop_CARRY8_CI_CO[0])
                                                      0.068    11.982 r  u_core/u_npu/u_engine/u_engine_shared_multiplier/result[21]_INST_0_i_2/CO[0]
                         net (fo=25, unplaced)        0.268    12.250    u_core/u_npu/u_engine/u_engine_shared_multiplier/result[21]_INST_0_i_2_n_7
                         LUT4 (Prop_LUT4_I3_O)        0.039    12.289 r  u_core/u_npu/u_engine/u_engine_shared_multiplier/result[30]_INST_0_i_36/O
                         net (fo=1, unplaced)         0.018    12.307    u_core/u_npu/u_engine/u_engine_shared_multiplier/result[30]_INST_0_i_36_n_0
                         CARRY8 (Prop_CARRY8_S[0]_CO[7])
                                                      0.245    12.552 r  u_core/u_npu/u_engine/u_engine_shared_multiplier/result[30]_INST_0_i_3/CO[7]
                         net (fo=1, unplaced)         0.007    12.559    u_core/u_npu/u_engine/u_engine_shared_multiplier/result[30]_INST_0_i_3_n_0
                         CARRY8 (Prop_CARRY8_CI_CO[7])
                                                      0.030    12.589 r  u_core/u_npu/u_engine/u_engine_shared_multiplier/result[30]_INST_0_i_72/CO[7]
                         net (fo=1, unplaced)         0.007    12.596    u_core/u_npu/u_engine/u_engine_shared_multiplier/result[30]_INST_0_i_72_n_0
                         CARRY8 (Prop_CARRY8_CI_O[5])
                                                      0.145    12.741 f  u_core/u_npu/u_engine/u_engine_shared_multiplier/result[30]_INST_0_i_51/O[5]
                         net (fo=3, unplaced)         0.168    12.909    u_core/u_npu/u_engine/u_engine_shared_multiplier/exp_result[21]
                         LUT2 (Prop_LUT2_I0_O)        0.127    13.036 f  u_core/u_npu/u_engine/u_engine_shared_multiplier/result[30]_INST_0_i_11/O
                         net (fo=1, unplaced)         0.234    13.270    u_core/u_npu/u_engine/u_engine_shared_multiplier/result[30]_INST_0_i_11_n_0
                         CARRY8 (Prop_CARRY8_DI[1]_CO[6])
                                                      0.214    13.484 f  u_core/u_npu/u_engine/u_engine_shared_multiplier/result[30]_INST_0_i_1/CO[6]
                         net (fo=31, unplaced)        0.216    13.700    u_core/u_npu/u_engine/u_engine_shared_multiplier/result[30]_INST_0_i_1_n_1
                         LUT5 (Prop_LUT5_I4_O)        0.039    13.739 f  u_core/u_npu/u_engine/u_engine_shared_multiplier/result[22]_INST_0_i_1/O
                         net (fo=1, unplaced)         0.214    13.953    u_core/u_npu/u_engine/u_engine_shared_multiplier/result[22]_INST_0_i_1_n_0
                         LUT4 (Prop_LUT4_I1_O)        0.039    13.992 r  u_core/u_npu/u_engine/u_engine_shared_multiplier/result[22]_INST_0/O
                         net (fo=45, unplaced)        0.281    14.273    u_core/u_npu/u_engine/u_layernorm/external_mul_result[22]
                         LUT2 (Prop_LUT2_I1_O)        0.085    14.358 r  u_core/u_npu/u_engine/u_layernorm/token_mean[22]_i_1/O
                         net (fo=1, unplaced)         0.058    14.416    u_core/u_npu/u_engine/u_layernorm/token_mean[22]_i_1_n_0
                         FDRE                                         r  u_core/u_npu/u_engine/u_layernorm/token_mean_reg[22]/D
  -------------------------------------------------------------------    -------------------

                         (clock aclk rise edge)      20.000    20.000 r  
                                                      0.000    20.000 r  aclk (IN)
                         net (fo=62495, unset)        0.024    20.024    u_core/u_npu/u_engine/u_layernorm/clk
                         FDRE                                         r  u_core/u_npu/u_engine/u_layernorm/token_mean_reg[22]/C
                         clock pessimism              0.000    20.024    
                         clock uncertainty           -0.235    19.789    
                         FDRE (Setup_FDRE_C_D)        0.027    19.816    u_core/u_npu/u_engine/u_layernorm/token_mean_reg[22]
  -------------------------------------------------------------------
                         required time                         19.816    
                         arrival time                         -14.416    
  -------------------------------------------------------------------
                         slack                                  5.400    

Slack (MET) :             5.400ns  (required time - arrival time)
  Source:                 u_core/u_npu/u_engine/u_gelu/u_serial_core/exp_scaled_reg[27]/C
                            (rising edge-triggered cell FDRE clocked by aclk  {rise@0.000ns fall@10.000ns period=20.000ns})
  Destination:            u_core/u_npu/u_engine/u_softmax/reciprocal_sum_reg[22]/D
                            (rising edge-triggered cell FDRE clocked by aclk  {rise@0.000ns fall@10.000ns period=20.000ns})
  Path Group:             aclk
  Path Type:              Setup (Max at Slow Process Corner)
  Requirement:            20.000ns  (aclk rise@20.000ns - aclk rise@0.000ns)
  Data Path Delay:        14.381ns  (logic 5.076ns (35.297%)  route 9.305ns (64.703%))
  Logic Levels:           59  (CARRY8=21 LUT2=3 LUT3=8 LUT4=6 LUT5=9 LUT6=12)
  Clock Path Skew:        -0.011ns (DCD - SCD + CPR)
    Destination Clock Delay (DCD):    0.024ns = ( 20.024 - 20.000 ) 
    Source Clock Delay      (SCD):    0.035ns
    Clock Pessimism Removal (CPR):    0.000ns
  Clock Uncertainty:      0.235ns  ((TSJ^2 + TIJ^2)^1/2 + DJ) / 2 + PE + UU
    Total System Jitter     (TSJ):    0.071ns
    Total Input Jitter      (TIJ):    0.000ns
    Discrete Jitter          (DJ):    0.000ns
    Phase Error              (PE):    0.000ns
    User Uncertainty         (UU):    0.200ns

    Location             Delay type                Incr(ns)  Path(ns)    Netlist Resource(s)
  -------------------------------------------------------------------    -------------------
                         (clock aclk rise edge)       0.000     0.000 r  
                                                      0.000     0.000 r  aclk (IN)
                         net (fo=62495, unset)        0.035     0.035    u_core/u_npu/u_engine/u_gelu/u_serial_core/clk
                         FDRE                                         r  u_core/u_npu/u_engine/u_gelu/u_serial_core/exp_scaled_reg[27]/C
  -------------------------------------------------------------------    -------------------
                         FDRE (Prop_FDRE_C_Q)         0.096     0.131 f  u_core/u_npu/u_engine/u_gelu/u_serial_core/exp_scaled_reg[27]/Q
                         net (fo=15, unplaced)        0.219     0.350    u_core/u_npu/u_engine/u_gelu/u_serial_core/u_exp_to_integer/value[27]
                         LUT6 (Prop_LUT6_I0_O)        0.178     0.528 r  u_core/u_npu/u_engine/u_gelu/u_serial_core/u_exp_to_integer/result[31]_INST_0_i_8/O
                         net (fo=78, unplaced)        0.294     0.822    u_core/u_npu/u_engine/u_gelu/u_serial_core/u_exp_to_integer/result[31]_INST_0_i_8_n_0
                         LUT3 (Prop_LUT3_I1_O)        0.083     0.905 r  u_core/u_npu/u_engine/u_gelu/u_serial_core/u_exp_to_integer/result[31]_INST_0_i_66/O
                         net (fo=1, unplaced)         0.232     1.137    u_core/u_npu/u_engine/u_gelu/u_serial_core/u_exp_to_integer/result[31]_INST_0_i_66_n_0
                         CARRY8 (Prop_CARRY8_DI[2]_CO[7])
                                                      0.142     1.279 r  u_core/u_npu/u_engine/u_gelu/u_serial_core/u_exp_to_integer/result[31]_INST_0_i_31/CO[7]
                         net (fo=1, unplaced)         0.007     1.286    u_core/u_npu/u_engine/u_gelu/u_serial_core/u_exp_to_integer/result[31]_INST_0_i_31_n_0
                         CARRY8 (Prop_CARRY8_CI_CO[6])
                                                      0.116     1.402 r  u_core/u_npu/u_engine/u_gelu/u_serial_core/u_exp_to_integer/result[31]_INST_0_i_9/CO[6]
                         net (fo=17, unplaced)        0.202     1.604    u_core/u_npu/u_engine/u_gelu/u_serial_core/u_exp_to_integer/result[31]_INST_0_i_9_n_1
                         LUT6 (Prop_LUT6_I1_O)        0.039     1.643 r  u_core/u_npu/u_engine/u_gelu/u_serial_core/u_exp_to_integer/result[30]_INST_0_i_5/O
                         net (fo=36, unplaced)        0.276     1.919    u_core/u_npu/u_engine/u_gelu/u_serial_core/u_exp_to_integer/result[30]_INST_0_i_5_n_0
                         LUT3 (Prop_LUT3_I2_O)        0.085     2.004 r  u_core/u_npu/u_engine/u_gelu/u_serial_core/u_exp_to_integer/result[28]_INST_0_i_7/O
                         net (fo=1, unplaced)         0.214     2.218    u_core/u_npu/u_engine/u_gelu/u_serial_core/u_exp_to_integer/result[28]_INST_0_i_7_n_0
                         LUT6 (Prop_LUT6_I4_O)        0.039     2.257 r  u_core/u_npu/u_engine/u_gelu/u_serial_core/u_exp_to_integer/result[28]_INST_0_i_1/O
                         net (fo=1, unplaced)         0.214     2.471    u_core/u_npu/u_engine/u_gelu/u_serial_core/u_exp_to_integer/result[28]_INST_0_i_1_n_0
                         LUT6 (Prop_LUT6_I0_O)        0.039     2.510 r  u_core/u_npu/u_engine/u_gelu/u_serial_core/u_exp_to_integer/result[28]_INST_0/O
                         net (fo=3, unplaced)         0.162     2.672    u_core/u_npu/u_engine/u_gelu/u_serial_core/exp_scale_integer_comb[28]
                         LUT4 (Prop_LUT4_I1_O)        0.064     2.736 r  u_core/u_npu/u_engine/u_gelu/u_serial_core/u_exp_from_integer_i_4/O
                         net (fo=12, unplaced)        0.198     2.934    u_core/u_npu/u_engine/u_gelu/u_serial_core/u_exp_from_integer/value[28]
                         LUT4 (Prop_LUT4_I0_O)        0.115     3.049 f  u_core/u_npu/u_engine/u_gelu/u_serial_core/u_exp_from_integer/result[30]_INST_0_i_11/O
                         net (fo=2, unplaced)         0.214     3.263    u_core/u_npu/u_engine/u_gelu/u_serial_core/u_exp_from_integer/result[30]_INST_0_i_11_n_0
                         LUT5 (Prop_LUT5_I0_O)        0.039     3.302 f  u_core/u_npu/u_engine/u_gelu/u_serial_core/u_exp_from_integer/result[30]_INST_0_i_27/O
                         net (fo=45, unplaced)        0.226     3.528    u_core/u_npu/u_engine/u_gelu/u_serial_core/u_exp_from_integer/result[30]_INST_0_i_27_n_0
                         LUT3 (Prop_LUT3_I2_O)        0.100     3.628 r  u_core/u_npu/u_engine/u_gelu/u_serial_core/u_exp_from_integer/result[30]_INST_0_i_5/O
                         net (fo=21, unplaced)        0.264     3.892    u_core/u_npu/u_engine/u_gelu/u_serial_core/u_exp_from_integer/result[30]_INST_0_i_5_n_0
                         LUT3 (Prop_LUT3_I2_O)        0.039     3.931 f  u_core/u_npu/u_engine/u_gelu/u_serial_core/u_exp_from_integer/result[22]_INST_0_i_45/O
                         net (fo=16, unplaced)        0.258     4.189    u_core/u_npu/u_engine/u_gelu/u_serial_core/u_exp_from_integer/result[22]_INST_0_i_45_n_0
                         LUT2 (Prop_LUT2_I1_O)        0.039     4.228 r  u_core/u_npu/u_engine/u_gelu/u_serial_core/u_exp_from_integer/result[30]_INST_0_i_106/O
                         net (fo=1, unplaced)         0.000     4.228    u_core/u_npu/u_engine/u_gelu/u_serial_core/u_exp_from_integer/rounded_mantissa5[0]
                         CARRY8 (Prop_CARRY8_CI_O[0])
                                                      0.137     4.365 r  u_core/u_npu/u_engine/u_gelu/u_serial_core/u_exp_from_integer/result[30]_INST_0_i_93/O[0]
                         net (fo=2, unplaced)         0.214     4.579    u_core/u_npu/u_engine/u_gelu/u_serial_core/u_exp_from_integer/result[30]_INST_0_i_93_n_15
                         LUT3 (Prop_LUT3_I2_O)        0.039     4.618 f  u_core/u_npu/u_engine/u_gelu/u_serial_core/u_exp_from_integer/result[30]_INST_0_i_105/O
                         net (fo=2, unplaced)         0.214     4.832    u_core/u_npu/u_engine/u_gelu/u_serial_core/u_exp_from_integer/result[30]_INST_0_i_105_n_0
                         LUT5 (Prop_LUT5_I4_O)        0.085     4.917 r  u_core/u_npu/u_engine/u_gelu/u_serial_core/u_exp_from_integer/result[30]_INST_0_i_96/O
                         net (fo=1, unplaced)         0.214     5.131    u_core/u_npu/u_engine/u_gelu/u_serial_core/u_exp_from_integer/result[30]_INST_0_i_96_n_0
                         LUT6 (Prop_LUT6_I5_O)        0.039     5.170 r  u_core/u_npu/u_engine/u_gelu/u_serial_core/u_exp_from_integer/result[30]_INST_0_i_72/O
                         net (fo=1, unplaced)         0.018     5.188    u_core/u_npu/u_engine/u_gelu/u_serial_core/u_exp_from_integer/result[30]_INST_0_i_72_n_0
                         CARRY8 (Prop_CARRY8_S[0]_CO[7])
                                                      0.245     5.433 f  u_core/u_npu/u_engine/u_gelu/u_serial_core/u_exp_from_integer/result[30]_INST_0_i_41/CO[7]
                         net (fo=1, unplaced)         0.007     5.440    u_core/u_npu/u_engine/u_gelu/u_serial_core/u_exp_from_integer/result[30]_INST_0_i_41_n_0
                         CARRY8 (Prop_CARRY8_CI_CO[2])
                                                      0.073     5.513 f  u_core/u_npu/u_engine/u_gelu/u_serial_core/u_exp_from_integer/result[30]_INST_0_i_24/CO[2]
                         net (fo=3, unplaced)         0.220     5.733    u_core/u_npu/u_engine/u_gelu/u_serial_core/u_exp_from_integer/result[30]_INST_0_i_24_n_5
                         LUT5 (Prop_LUT5_I4_O)        0.039     5.772 r  u_core/u_npu/u_engine/u_gelu/u_serial_core/u_exp_from_integer/result[22]_INST_0_i_3/O
                         net (fo=23, unplaced)        0.266     6.038    u_core/u_npu/u_engine/u_gelu/u_serial_core/u_exp_from_integer/result[22]_INST_0_i_3_n_0
                         LUT5 (Prop_LUT5_I2_O)        0.039     6.077 f  u_core/u_npu/u_engine/u_gelu/u_serial_core/u_exp_from_integer/result[4]_INST_0_i_1/O
                         net (fo=2, unplaced)         0.214     6.291    u_core/u_npu/u_engine/u_gelu/u_serial_core/u_exp_from_integer/result[4]_INST_0_i_1_n_0
                         LUT3 (Prop_LUT3_I2_O)        0.085     6.376 f  u_core/u_npu/u_engine/u_gelu/u_serial_core/u_exp_from_integer/result[3]_INST_0/O
                         net (fo=1, unplaced)         0.214     6.590    u_core/u_npu/u_engine/u_gelu/u_serial_core/integer_as_fp32[3]
                         LUT6 (Prop_LUT6_I2_O)        0.039     6.629 f  u_core/u_npu/u_engine/u_gelu/u_serial_core/mul_operand_a[3]_INST_0_i_3/O
                         net (fo=1, unplaced)         0.214     6.843    u_core/u_npu/u_engine/u_gelu/u_serial_core/mul_operand_a[3]_INST_0_i_3_n_0
                         LUT5 (Prop_LUT5_I1_O)        0.085     6.928 f  u_core/u_npu/u_engine/u_gelu/u_serial_core/mul_operand_a[3]_INST_0_i_1/O
                         net (fo=1, unplaced)         0.214     7.142    u_core/u_npu/u_engine/u_gelu/u_serial_core/mul_operand_a[3]_INST_0_i_1_n_0
                         LUT6 (Prop_LUT6_I0_O)        0.039     7.181 f  u_core/u_npu/u_engine/u_gelu/u_serial_core/mul_operand_a[3]_INST_0/O
                         net (fo=1, unplaced)         0.214     7.395    u_core/u_npu/u_engine/gelu_mul_operand_a[3]
                         LUT6 (Prop_LUT6_I4_O)        0.039     7.434 f  u_core/u_npu/u_engine/u_engine_shared_multiplier_i_94/O
                         net (fo=1, unplaced)         0.214     7.648    u_core/u_npu/u_engine/u_engine_shared_multiplier_i_94_n_0
                         LUT6 (Prop_LUT6_I5_O)        0.039     7.687 f  u_core/u_npu/u_engine/u_engine_shared_multiplier_i_29/O
                         net (fo=58, unplaced)        0.287     7.974    u_core/u_npu/u_engine/u_engine_shared_multiplier/a[3]
                         LUT2 (Prop_LUT2_I0_O)        0.085     8.059 r  u_core/u_npu/u_engine/u_engine_shared_multiplier/result[7]_INST_0_i_266/O
                         net (fo=1, unplaced)         0.214     8.273    u_core/u_npu/u_engine/u_engine_shared_multiplier/result[7]_INST_0_i_266_n_0
                         LUT6 (Prop_LUT6_I3_O)        0.039     8.312 r  u_core/u_npu/u_engine/u_engine_shared_multiplier/result[7]_INST_0_i_216/O
                         net (fo=1, unplaced)         0.019     8.331    u_core/u_npu/u_engine/u_engine_shared_multiplier/result[7]_INST_0_i_216_n_0
                         CARRY8 (Prop_CARRY8_S[5]_CO[7])
                                                      0.204     8.535 r  u_core/u_npu/u_engine/u_engine_shared_multiplier/result[7]_INST_0_i_164/CO[7]
                         net (fo=1, unplaced)         0.007     8.542    u_core/u_npu/u_engine/u_engine_shared_multiplier/result[7]_INST_0_i_164_n_0
                         CARRY8 (Prop_CARRY8_CI_O[2])
                                                      0.086     8.628 r  u_core/u_npu/u_engine/u_engine_shared_multiplier/result[15]_INST_0_i_117/O[2]
                         net (fo=2, unplaced)         0.214     8.842    u_core/u_npu/u_engine/u_engine_shared_multiplier/result[15]_INST_0_i_117_n_13
                         LUT3 (Prop_LUT3_I0_O)        0.100     8.942 r  u_core/u_npu/u_engine/u_engine_shared_multiplier/result[7]_INST_0_i_145/O
                         net (fo=2, unplaced)         0.214     9.156    u_core/u_npu/u_engine/u_engine_shared_multiplier/result[7]_INST_0_i_145_n_0
                         LUT4 (Prop_LUT4_I3_O)        0.039     9.195 r  u_core/u_npu/u_engine/u_engine_shared_multiplier/result[7]_INST_0_i_153/O
                         net (fo=1, unplaced)         0.019     9.214    u_core/u_npu/u_engine/u_engine_shared_multiplier/result[7]_INST_0_i_153_n_0
                         CARRY8 (Prop_CARRY8_S[5]_CO[7])
                                                      0.204     9.418 r  u_core/u_npu/u_engine/u_engine_shared_multiplier/result[7]_INST_0_i_62/CO[7]
                         net (fo=1, unplaced)         0.007     9.425    u_core/u_npu/u_engine/u_engine_shared_multiplier/result[7]_INST_0_i_62_n_0
                         CARRY8 (Prop_CARRY8_CI_CO[7])
                                                      0.030     9.455 r  u_core/u_npu/u_engine/u_engine_shared_multiplier/result[15]_INST_0_i_36/CO[7]
                         net (fo=1, unplaced)         0.007     9.462    u_core/u_npu/u_engine/u_engine_shared_multiplier/result[15]_INST_0_i_36_n_0
                         CARRY8 (Prop_CARRY8_CI_O[1])
                                                      0.097     9.559 r  u_core/u_npu/u_engine/u_engine_shared_multiplier/result[21]_INST_0_i_31/O[1]
                         net (fo=3, unplaced)         0.218     9.777    u_core/u_npu/u_engine/u_engine_shared_multiplier/result[21]_INST_0_i_31_n_14
                         LUT3 (Prop_LUT3_I2_O)        0.039     9.816 r  u_core/u_npu/u_engine/u_engine_shared_multiplier/result[15]_INST_0_i_32/O
                         net (fo=2, unplaced)         0.214    10.030    u_core/u_npu/u_engine/u_engine_shared_multiplier/result[15]_INST_0_i_32_n_0
                         LUT5 (Prop_LUT5_I1_O)        0.039    10.069 r  u_core/u_npu/u_engine/u_engine_shared_multiplier/result[15]_INST_0_i_15/O
                         net (fo=2, unplaced)         0.214    10.283    u_core/u_npu/u_engine/u_engine_shared_multiplier/result[15]_INST_0_i_15_n_0
                         LUT6 (Prop_LUT6_I0_O)        0.039    10.322 r  u_core/u_npu/u_engine/u_engine_shared_multiplier/result[15]_INST_0_i_23/O
                         net (fo=1, unplaced)         0.017    10.339    u_core/u_npu/u_engine/u_engine_shared_multiplier/result[15]_INST_0_i_23_n_0
                         CARRY8 (Prop_CARRY8_S[3]_CO[7])
                                                      0.202    10.541 r  u_core/u_npu/u_engine/u_engine_shared_multiplier/result[15]_INST_0_i_10/CO[7]
                         net (fo=1, unplaced)         0.007    10.548    u_core/u_npu/u_engine/u_engine_shared_multiplier/result[15]_INST_0_i_10_n_0
                         CARRY8 (Prop_CARRY8_CI_CO[7])
                                                      0.030    10.578 r  u_core/u_npu/u_engine/u_engine_shared_multiplier/result[21]_INST_0_i_11/CO[7]
                         net (fo=1, unplaced)         0.007    10.585    u_core/u_npu/u_engine/u_engine_shared_multiplier/result[21]_INST_0_i_11_n_0
                         CARRY8 (Prop_CARRY8_CI_O[4])
                                                      0.109    10.694 r  u_core/u_npu/u_engine/u_engine_shared_multiplier/result[30]_INST_0_i_70/O[4]
                         net (fo=58, unplaced)        0.285    10.979    u_core/u_npu/u_engine/u_engine_shared_multiplier/p_0_in
                         LUT4 (Prop_LUT4_I1_O)        0.085    11.064 r  u_core/u_npu/u_engine/u_engine_shared_multiplier/result[7]_INST_0_i_39/O
                         net (fo=1, unplaced)         0.214    11.278    u_core/u_npu/u_engine/u_engine_shared_multiplier/result[7]_INST_0_i_39_n_0
                         LUT5 (Prop_LUT5_I4_O)        0.039    11.317 r  u_core/u_npu/u_engine/u_engine_shared_multiplier/result[7]_INST_0_i_15/O
                         net (fo=1, unplaced)         0.214    11.531    u_core/u_npu/u_engine/u_engine_shared_multiplier/result[7]_INST_0_i_15_n_0
                         LUT6 (Prop_LUT6_I4_O)        0.039    11.570 r  u_core/u_npu/u_engine/u_engine_shared_multiplier/result[7]_INST_0_i_10/O
                         net (fo=1, unplaced)         0.018    11.588    u_core/u_npu/u_engine/u_engine_shared_multiplier/result[7]_INST_0_i_10_n_0
                         CARRY8 (Prop_CARRY8_S[0]_CO[7])
                                                      0.245    11.833 r  u_core/u_npu/u_engine/u_engine_shared_multiplier/result[7]_INST_0_i_1/CO[7]
                         net (fo=1, unplaced)         0.007    11.840    u_core/u_npu/u_engine/u_engine_shared_multiplier/result[7]_INST_0_i_1_n_0
                         CARRY8 (Prop_CARRY8_CI_CO[7])
                                                      0.030    11.870 r  u_core/u_npu/u_engine/u_engine_shared_multiplier/result[15]_INST_0_i_1/CO[7]
                         net (fo=1, unplaced)         0.007    11.877    u_core/u_npu/u_engine/u_engine_shared_multiplier/result[15]_INST_0_i_1_n_0
                         CARRY8 (Prop_CARRY8_CI_CO[7])
                                                      0.030    11.907 r  u_core/u_npu/u_engine/u_engine_shared_multiplier/result[21]_INST_0_i_1/CO[7]
                         net (fo=1, unplaced)         0.007    11.914    u_core/u_npu/u_engine/u_engine_shared_multiplier/result[21]_INST_0_i_1_n_0
                         CARRY8 (Prop_CARRY8_CI_CO[0])
                                                      0.068    11.982 r  u_core/u_npu/u_engine/u_engine_shared_multiplier/result[21]_INST_0_i_2/CO[0]
                         net (fo=25, unplaced)        0.268    12.250    u_core/u_npu/u_engine/u_engine_shared_multiplier/result[21]_INST_0_i_2_n_7
                         LUT4 (Prop_LUT4_I3_O)        0.039    12.289 r  u_core/u_npu/u_engine/u_engine_shared_multiplier/result[30]_INST_0_i_36/O
                         net (fo=1, unplaced)         0.018    12.307    u_core/u_npu/u_engine/u_engine_shared_multiplier/result[30]_INST_0_i_36_n_0
                         CARRY8 (Prop_CARRY8_S[0]_CO[7])
                                                      0.245    12.552 r  u_core/u_npu/u_engine/u_engine_shared_multiplier/result[30]_INST_0_i_3/CO[7]
                         net (fo=1, unplaced)         0.007    12.559    u_core/u_npu/u_engine/u_engine_shared_multiplier/result[30]_INST_0_i_3_n_0
                         CARRY8 (Prop_CARRY8_CI_CO[7])
                                                      0.030    12.589 r  u_core/u_npu/u_engine/u_engine_shared_multiplier/result[30]_INST_0_i_72/CO[7]
                         net (fo=1, unplaced)         0.007    12.596    u_core/u_npu/u_engine/u_engine_shared_multiplier/result[30]_INST_0_i_72_n_0
                         CARRY8 (Prop_CARRY8_CI_O[5])
                                                      0.145    12.741 f  u_core/u_npu/u_engine/u_engine_shared_multiplier/result[30]_INST_0_i_51/O[5]
                         net (fo=3, unplaced)         0.168    12.909    u_core/u_npu/u_engine/u_engine_shared_multiplier/exp_result[21]
                         LUT2 (Prop_LUT2_I0_O)        0.127    13.036 f  u_core/u_npu/u_engine/u_engine_shared_multiplier/result[30]_INST_0_i_11/O
                         net (fo=1, unplaced)         0.234    13.270    u_core/u_npu/u_engine/u_engine_shared_multiplier/result[30]_INST_0_i_11_n_0
                         CARRY8 (Prop_CARRY8_DI[1]_CO[6])
                                                      0.214    13.484 f  u_core/u_npu/u_engine/u_engine_shared_multiplier/result[30]_INST_0_i_1/CO[6]
                         net (fo=31, unplaced)        0.216    13.700    u_core/u_npu/u_engine/u_engine_shared_multiplier/result[30]_INST_0_i_1_n_1
                         LUT5 (Prop_LUT5_I4_O)        0.039    13.739 f  u_core/u_npu/u_engine/u_engine_shared_multiplier/result[22]_INST_0_i_1/O
                         net (fo=1, unplaced)         0.214    13.953    u_core/u_npu/u_engine/u_engine_shared_multiplier/result[22]_INST_0_i_1_n_0
                         LUT4 (Prop_LUT4_I1_O)        0.039    13.992 r  u_core/u_npu/u_engine/u_engine_shared_multiplier/result[22]_INST_0/O
                         net (fo=45, unplaced)        0.281    14.273    u_core/u_npu/u_engine/u_softmax/external_mul_result[22]
                         LUT5 (Prop_LUT5_I0_O)        0.085    14.358 r  u_core/u_npu/u_engine/u_softmax/reciprocal_sum[22]_i_1/O
                         net (fo=1, unplaced)         0.058    14.416    u_core/u_npu/u_engine/u_softmax/reciprocal_sum[22]_i_1_n_0
                         FDRE                                         r  u_core/u_npu/u_engine/u_softmax/reciprocal_sum_reg[22]/D
  -------------------------------------------------------------------    -------------------

                         (clock aclk rise edge)      20.000    20.000 r  
                                                      0.000    20.000 r  aclk (IN)
                         net (fo=62495, unset)        0.024    20.024    u_core/u_npu/u_engine/u_softmax/clk
                         FDRE                                         r  u_core/u_npu/u_engine/u_softmax/reciprocal_sum_reg[22]/C
                         clock pessimism              0.000    20.024    
                         clock uncertainty           -0.235    19.789    
                         FDRE (Setup_FDRE_C_D)        0.027    19.816    u_core/u_npu/u_engine/u_softmax/reciprocal_sum_reg[22]
  -------------------------------------------------------------------
                         required time                         19.816    
                         arrival time                         -14.416    
  -------------------------------------------------------------------
                         slack                                  5.400    

Slack (MET) :             5.446ns  (required time - arrival time)
  Source:                 u_core/u_npu/u_engine/u_gelu/u_serial_core/exp_scaled_reg[27]/C
                            (rising edge-triggered cell FDRE clocked by aclk  {rise@0.000ns fall@10.000ns period=20.000ns})
  Destination:            u_core/u_npu/u_engine/u_gelu/u_serial_core/reciprocal_estimate_reg[22]/D
                            (rising edge-triggered cell FDRE clocked by aclk  {rise@0.000ns fall@10.000ns period=20.000ns})
  Path Group:             aclk
  Path Type:              Setup (Max at Slow Process Corner)
  Requirement:            20.000ns  (aclk rise@20.000ns - aclk rise@0.000ns)
  Data Path Delay:        14.335ns  (logic 5.030ns (35.089%)  route 9.305ns (64.911%))
  Logic Levels:           59  (CARRY8=21 LUT2=3 LUT3=8 LUT4=7 LUT5=8 LUT6=12)
  Clock Path Skew:        -0.011ns (DCD - SCD + CPR)
    Destination Clock Delay (DCD):    0.024ns = ( 20.024 - 20.000 ) 
    Source Clock Delay      (SCD):    0.035ns
    Clock Pessimism Removal (CPR):    0.000ns
  Clock Uncertainty:      0.235ns  ((TSJ^2 + TIJ^2)^1/2 + DJ) / 2 + PE + UU
    Total System Jitter     (TSJ):    0.071ns
    Total Input Jitter      (TIJ):    0.000ns
    Discrete Jitter          (DJ):    0.000ns
    Phase Error              (PE):    0.000ns
    User Uncertainty         (UU):    0.200ns

    Location             Delay type                Incr(ns)  Path(ns)    Netlist Resource(s)
  -------------------------------------------------------------------    -------------------
                         (clock aclk rise edge)       0.000     0.000 r  
                                                      0.000     0.000 r  aclk (IN)
                         net (fo=62495, unset)        0.035     0.035    u_core/u_npu/u_engine/u_gelu/u_serial_core/clk
                         FDRE                                         r  u_core/u_npu/u_engine/u_gelu/u_serial_core/exp_scaled_reg[27]/C
  -------------------------------------------------------------------    -------------------
                         FDRE (Prop_FDRE_C_Q)         0.096     0.131 f  u_core/u_npu/u_engine/u_gelu/u_serial_core/exp_scaled_reg[27]/Q
                         net (fo=15, unplaced)        0.219     0.350    u_core/u_npu/u_engine/u_gelu/u_serial_core/u_exp_to_integer/value[27]
                         LUT6 (Prop_LUT6_I0_O)        0.178     0.528 r  u_core/u_npu/u_engine/u_gelu/u_serial_core/u_exp_to_integer/result[31]_INST_0_i_8/O
                         net (fo=78, unplaced)        0.294     0.822    u_core/u_npu/u_engine/u_gelu/u_serial_core/u_exp_to_integer/result[31]_INST_0_i_8_n_0
                         LUT3 (Prop_LUT3_I1_O)        0.083     0.905 r  u_core/u_npu/u_engine/u_gelu/u_serial_core/u_exp_to_integer/result[31]_INST_0_i_66/O
                         net (fo=1, unplaced)         0.232     1.137    u_core/u_npu/u_engine/u_gelu/u_serial_core/u_exp_to_integer/result[31]_INST_0_i_66_n_0
                         CARRY8 (Prop_CARRY8_DI[2]_CO[7])
                                                      0.142     1.279 r  u_core/u_npu/u_engine/u_gelu/u_serial_core/u_exp_to_integer/result[31]_INST_0_i_31/CO[7]
                         net (fo=1, unplaced)         0.007     1.286    u_core/u_npu/u_engine/u_gelu/u_serial_core/u_exp_to_integer/result[31]_INST_0_i_31_n_0
                         CARRY8 (Prop_CARRY8_CI_CO[6])
                                                      0.116     1.402 r  u_core/u_npu/u_engine/u_gelu/u_serial_core/u_exp_to_integer/result[31]_INST_0_i_9/CO[6]
                         net (fo=17, unplaced)        0.202     1.604    u_core/u_npu/u_engine/u_gelu/u_serial_core/u_exp_to_integer/result[31]_INST_0_i_9_n_1
                         LUT6 (Prop_LUT6_I1_O)        0.039     1.643 r  u_core/u_npu/u_engine/u_gelu/u_serial_core/u_exp_to_integer/result[30]_INST_0_i_5/O
                         net (fo=36, unplaced)        0.276     1.919    u_core/u_npu/u_engine/u_gelu/u_serial_core/u_exp_to_integer/result[30]_INST_0_i_5_n_0
                         LUT3 (Prop_LUT3_I2_O)        0.085     2.004 r  u_core/u_npu/u_engine/u_gelu/u_serial_core/u_exp_to_integer/result[28]_INST_0_i_7/O
                         net (fo=1, unplaced)         0.214     2.218    u_core/u_npu/u_engine/u_gelu/u_serial_core/u_exp_to_integer/result[28]_INST_0_i_7_n_0
                         LUT6 (Prop_LUT6_I4_O)        0.039     2.257 r  u_core/u_npu/u_engine/u_gelu/u_serial_core/u_exp_to_integer/result[28]_INST_0_i_1/O
                         net (fo=1, unplaced)         0.214     2.471    u_core/u_npu/u_engine/u_gelu/u_serial_core/u_exp_to_integer/result[28]_INST_0_i_1_n_0
                         LUT6 (Prop_LUT6_I0_O)        0.039     2.510 r  u_core/u_npu/u_engine/u_gelu/u_serial_core/u_exp_to_integer/result[28]_INST_0/O
                         net (fo=3, unplaced)         0.162     2.672    u_core/u_npu/u_engine/u_gelu/u_serial_core/exp_scale_integer_comb[28]
                         LUT4 (Prop_LUT4_I1_O)        0.064     2.736 r  u_core/u_npu/u_engine/u_gelu/u_serial_core/u_exp_from_integer_i_4/O
                         net (fo=12, unplaced)        0.198     2.934    u_core/u_npu/u_engine/u_gelu/u_serial_core/u_exp_from_integer/value[28]
                         LUT4 (Prop_LUT4_I0_O)        0.115     3.049 f  u_core/u_npu/u_engine/u_gelu/u_serial_core/u_exp_from_integer/result[30]_INST_0_i_11/O
                         net (fo=2, unplaced)         0.214     3.263    u_core/u_npu/u_engine/u_gelu/u_serial_core/u_exp_from_integer/result[30]_INST_0_i_11_n_0
                         LUT5 (Prop_LUT5_I0_O)        0.039     3.302 f  u_core/u_npu/u_engine/u_gelu/u_serial_core/u_exp_from_integer/result[30]_INST_0_i_27/O
                         net (fo=45, unplaced)        0.226     3.528    u_core/u_npu/u_engine/u_gelu/u_serial_core/u_exp_from_integer/result[30]_INST_0_i_27_n_0
                         LUT3 (Prop_LUT3_I2_O)        0.100     3.628 r  u_core/u_npu/u_engine/u_gelu/u_serial_core/u_exp_from_integer/result[30]_INST_0_i_5/O
                         net (fo=21, unplaced)        0.264     3.892    u_core/u_npu/u_engine/u_gelu/u_serial_core/u_exp_from_integer/result[30]_INST_0_i_5_n_0
                         LUT3 (Prop_LUT3_I2_O)        0.039     3.931 f  u_core/u_npu/u_engine/u_gelu/u_serial_core/u_exp_from_integer/result[22]_INST_0_i_45/O
                         net (fo=16, unplaced)        0.258     4.189    u_core/u_npu/u_engine/u_gelu/u_serial_core/u_exp_from_integer/result[22]_INST_0_i_45_n_0
                         LUT2 (Prop_LUT2_I1_O)        0.039     4.228 r  u_core/u_npu/u_engine/u_gelu/u_serial_core/u_exp_from_integer/result[30]_INST_0_i_106/O
                         net (fo=1, unplaced)         0.000     4.228    u_core/u_npu/u_engine/u_gelu/u_serial_core/u_exp_from_integer/rounded_mantissa5[0]
                         CARRY8 (Prop_CARRY8_CI_O[0])
                                                      0.137     4.365 r  u_core/u_npu/u_engine/u_gelu/u_serial_core/u_exp_from_integer/result[30]_INST_0_i_93/O[0]
                         net (fo=2, unplaced)         0.214     4.579    u_core/u_npu/u_engine/u_gelu/u_serial_core/u_exp_from_integer/result[30]_INST_0_i_93_n_15
                         LUT3 (Prop_LUT3_I2_O)        0.039     4.618 f  u_core/u_npu/u_engine/u_gelu/u_serial_core/u_exp_from_integer/result[30]_INST_0_i_105/O
                         net (fo=2, unplaced)         0.214     4.832    u_core/u_npu/u_engine/u_gelu/u_serial_core/u_exp_from_integer/result[30]_INST_0_i_105_n_0
                         LUT5 (Prop_LUT5_I4_O)        0.085     4.917 r  u_core/u_npu/u_engine/u_gelu/u_serial_core/u_exp_from_integer/result[30]_INST_0_i_96/O
                         net (fo=1, unplaced)         0.214     5.131    u_core/u_npu/u_engine/u_gelu/u_serial_core/u_exp_from_integer/result[30]_INST_0_i_96_n_0
                         LUT6 (Prop_LUT6_I5_O)        0.039     5.170 r  u_core/u_npu/u_engine/u_gelu/u_serial_core/u_exp_from_integer/result[30]_INST_0_i_72/O
                         net (fo=1, unplaced)         0.018     5.188    u_core/u_npu/u_engine/u_gelu/u_serial_core/u_exp_from_integer/result[30]_INST_0_i_72_n_0
                         CARRY8 (Prop_CARRY8_S[0]_CO[7])
                                                      0.245     5.433 f  u_core/u_npu/u_engine/u_gelu/u_serial_core/u_exp_from_integer/result[30]_INST_0_i_41/CO[7]
                         net (fo=1, unplaced)         0.007     5.440    u_core/u_npu/u_engine/u_gelu/u_serial_core/u_exp_from_integer/result[30]_INST_0_i_41_n_0
                         CARRY8 (Prop_CARRY8_CI_CO[2])
                                                      0.073     5.513 f  u_core/u_npu/u_engine/u_gelu/u_serial_core/u_exp_from_integer/result[30]_INST_0_i_24/CO[2]
                         net (fo=3, unplaced)         0.220     5.733    u_core/u_npu/u_engine/u_gelu/u_serial_core/u_exp_from_integer/result[30]_INST_0_i_24_n_5
                         LUT5 (Prop_LUT5_I4_O)        0.039     5.772 r  u_core/u_npu/u_engine/u_gelu/u_serial_core/u_exp_from_integer/result[22]_INST_0_i_3/O
                         net (fo=23, unplaced)        0.266     6.038    u_core/u_npu/u_engine/u_gelu/u_serial_core/u_exp_from_integer/result[22]_INST_0_i_3_n_0
                         LUT5 (Prop_LUT5_I2_O)        0.039     6.077 f  u_core/u_npu/u_engine/u_gelu/u_serial_core/u_exp_from_integer/result[4]_INST_0_i_1/O
                         net (fo=2, unplaced)         0.214     6.291    u_core/u_npu/u_engine/u_gelu/u_serial_core/u_exp_from_integer/result[4]_INST_0_i_1_n_0
                         LUT3 (Prop_LUT3_I2_O)        0.085     6.376 f  u_core/u_npu/u_engine/u_gelu/u_serial_core/u_exp_from_integer/result[3]_INST_0/O
                         net (fo=1, unplaced)         0.214     6.590    u_core/u_npu/u_engine/u_gelu/u_serial_core/integer_as_fp32[3]
                         LUT6 (Prop_LUT6_I2_O)        0.039     6.629 f  u_core/u_npu/u_engine/u_gelu/u_serial_core/mul_operand_a[3]_INST_0_i_3/O
                         net (fo=1, unplaced)         0.214     6.843    u_core/u_npu/u_engine/u_gelu/u_serial_core/mul_operand_a[3]_INST_0_i_3_n_0
                         LUT5 (Prop_LUT5_I1_O)        0.085     6.928 f  u_core/u_npu/u_engine/u_gelu/u_serial_core/mul_operand_a[3]_INST_0_i_1/O
                         net (fo=1, unplaced)         0.214     7.142    u_core/u_npu/u_engine/u_gelu/u_serial_core/mul_operand_a[3]_INST_0_i_1_n_0
                         LUT6 (Prop_LUT6_I0_O)        0.039     7.181 f  u_core/u_npu/u_engine/u_gelu/u_serial_core/mul_operand_a[3]_INST_0/O
                         net (fo=1, unplaced)         0.214     7.395    u_core/u_npu/u_engine/gelu_mul_operand_a[3]
                         LUT6 (Prop_LUT6_I4_O)        0.039     7.434 f  u_core/u_npu/u_engine/u_engine_shared_multiplier_i_94/O
                         net (fo=1, unplaced)         0.214     7.648    u_core/u_npu/u_engine/u_engine_shared_multiplier_i_94_n_0
                         LUT6 (Prop_LUT6_I5_O)        0.039     7.687 f  u_core/u_npu/u_engine/u_engine_shared_multiplier_i_29/O
                         net (fo=58, unplaced)        0.287     7.974    u_core/u_npu/u_engine/u_engine_shared_multiplier/a[3]
                         LUT2 (Prop_LUT2_I0_O)        0.085     8.059 r  u_core/u_npu/u_engine/u_engine_shared_multiplier/result[7]_INST_0_i_266/O
                         net (fo=1, unplaced)         0.214     8.273    u_core/u_npu/u_engine/u_engine_shared_multiplier/result[7]_INST_0_i_266_n_0
                         LUT6 (Prop_LUT6_I3_O)        0.039     8.312 r  u_core/u_npu/u_engine/u_engine_shared_multiplier/result[7]_INST_0_i_216/O
                         net (fo=1, unplaced)         0.019     8.331    u_core/u_npu/u_engine/u_engine_shared_multiplier/result[7]_INST_0_i_216_n_0
                         CARRY8 (Prop_CARRY8_S[5]_CO[7])
                                                      0.204     8.535 r  u_core/u_npu/u_engine/u_engine_shared_multiplier/result[7]_INST_0_i_164/CO[7]
                         net (fo=1, unplaced)         0.007     8.542    u_core/u_npu/u_engine/u_engine_shared_multiplier/result[7]_INST_0_i_164_n_0
                         CARRY8 (Prop_CARRY8_CI_O[2])
                                                      0.086     8.628 r  u_core/u_npu/u_engine/u_engine_shared_multiplier/result[15]_INST_0_i_117/O[2]
                         net (fo=2, unplaced)         0.214     8.842    u_core/u_npu/u_engine/u_engine_shared_multiplier/result[15]_INST_0_i_117_n_13
                         LUT3 (Prop_LUT3_I0_O)        0.100     8.942 r  u_core/u_npu/u_engine/u_engine_shared_multiplier/result[7]_INST_0_i_145/O
                         net (fo=2, unplaced)         0.214     9.156    u_core/u_npu/u_engine/u_engine_shared_multiplier/result[7]_INST_0_i_145_n_0
                         LUT4 (Prop_LUT4_I3_O)        0.039     9.195 r  u_core/u_npu/u_engine/u_engine_shared_multiplier/result[7]_INST_0_i_153/O
                         net (fo=1, unplaced)         0.019     9.214    u_core/u_npu/u_engine/u_engine_shared_multiplier/result[7]_INST_0_i_153_n_0
                         CARRY8 (Prop_CARRY8_S[5]_CO[7])
                                                      0.204     9.418 r  u_core/u_npu/u_engine/u_engine_shared_multiplier/result[7]_INST_0_i_62/CO[7]
                         net (fo=1, unplaced)         0.007     9.425    u_core/u_npu/u_engine/u_engine_shared_multiplier/result[7]_INST_0_i_62_n_0
                         CARRY8 (Prop_CARRY8_CI_CO[7])
                                                      0.030     9.455 r  u_core/u_npu/u_engine/u_engine_shared_multiplier/result[15]_INST_0_i_36/CO[7]
                         net (fo=1, unplaced)         0.007     9.462    u_core/u_npu/u_engine/u_engine_shared_multiplier/result[15]_INST_0_i_36_n_0
                         CARRY8 (Prop_CARRY8_CI_O[1])
                                                      0.097     9.559 r  u_core/u_npu/u_engine/u_engine_shared_multiplier/result[21]_INST_0_i_31/O[1]
                         net (fo=3, unplaced)         0.218     9.777    u_core/u_npu/u_engine/u_engine_shared_multiplier/result[21]_INST_0_i_31_n_14
                         LUT3 (Prop_LUT3_I2_O)        0.039     9.816 r  u_core/u_npu/u_engine/u_engine_shared_multiplier/result[15]_INST_0_i_32/O
                         net (fo=2, unplaced)         0.214    10.030    u_core/u_npu/u_engine/u_engine_shared_multiplier/result[15]_INST_0_i_32_n_0
                         LUT5 (Prop_LUT5_I1_O)        0.039    10.069 r  u_core/u_npu/u_engine/u_engine_shared_multiplier/result[15]_INST_0_i_15/O
                         net (fo=2, unplaced)         0.214    10.283    u_core/u_npu/u_engine/u_engine_shared_multiplier/result[15]_INST_0_i_15_n_0
                         LUT6 (Prop_LUT6_I0_O)        0.039    10.322 r  u_core/u_npu/u_engine/u_engine_shared_multiplier/result[15]_INST_0_i_23/O
                         net (fo=1, unplaced)         0.017    10.339    u_core/u_npu/u_engine/u_engine_shared_multiplier/result[15]_INST_0_i_23_n_0
                         CARRY8 (Prop_CARRY8_S[3]_CO[7])
                                                      0.202    10.541 r  u_core/u_npu/u_engine/u_engine_shared_multiplier/result[15]_INST_0_i_10/CO[7]
                         net (fo=1, unplaced)         0.007    10.548    u_core/u_npu/u_engine/u_engine_shared_multiplier/result[15]_INST_0_i_10_n_0
                         CARRY8 (Prop_CARRY8_CI_CO[7])
                                                      0.030    10.578 r  u_core/u_npu/u_engine/u_engine_shared_multiplier/result[21]_INST_0_i_11/CO[7]
                         net (fo=1, unplaced)         0.007    10.585    u_core/u_npu/u_engine/u_engine_shared_multiplier/result[21]_INST_0_i_11_n_0
                         CARRY8 (Prop_CARRY8_CI_O[4])
                                                      0.109    10.694 r  u_core/u_npu/u_engine/u_engine_shared_multiplier/result[30]_INST_0_i_70/O[4]
                         net (fo=58, unplaced)        0.285    10.979    u_core/u_npu/u_engine/u_engine_shared_multiplier/p_0_in
                         LUT4 (Prop_LUT4_I1_O)        0.085    11.064 r  u_core/u_npu/u_engine/u_engine_shared_multiplier/result[7]_INST_0_i_39/O
                         net (fo=1, unplaced)         0.214    11.278    u_core/u_npu/u_engine/u_engine_shared_multiplier/result[7]_INST_0_i_39_n_0
                         LUT5 (Prop_LUT5_I4_O)        0.039    11.317 r  u_core/u_npu/u_engine/u_engine_shared_multiplier/result[7]_INST_0_i_15/O
                         net (fo=1, unplaced)         0.214    11.531    u_core/u_npu/u_engine/u_engine_shared_multiplier/result[7]_INST_0_i_15_n_0
                         LUT6 (Prop_LUT6_I4_O)        0.039    11.570 r  u_core/u_npu/u_engine/u_engine_shared_multiplier/result[7]_INST_0_i_10/O
                         net (fo=1, unplaced)         0.018    11.588    u_core/u_npu/u_engine/u_engine_shared_multiplier/result[7]_INST_0_i_10_n_0
                         CARRY8 (Prop_CARRY8_S[0]_CO[7])
                                                      0.245    11.833 r  u_core/u_npu/u_engine/u_engine_shared_multiplier/result[7]_INST_0_i_1/CO[7]
                         net (fo=1, unplaced)         0.007    11.840    u_core/u_npu/u_engine/u_engine_shared_multiplier/result[7]_INST_0_i_1_n_0
                         CARRY8 (Prop_CARRY8_CI_CO[7])
                                                      0.030    11.870 r  u_core/u_npu/u_engine/u_engine_shared_multiplier/result[15]_INST_0_i_1/CO[7]
                         net (fo=1, unplaced)         0.007    11.877    u_core/u_npu/u_engine/u_engine_shared_multiplier/result[15]_INST_0_i_1_n_0
                         CARRY8 (Prop_CARRY8_CI_CO[7])
                                                      0.030    11.907 r  u_core/u_npu/u_engine/u_engine_shared_multiplier/result[21]_INST_0_i_1/CO[7]
                         net (fo=1, unplaced)         0.007    11.914    u_core/u_npu/u_engine/u_engine_shared_multiplier/result[21]_INST_0_i_1_n_0
                         CARRY8 (Prop_CARRY8_CI_CO[0])
                                                      0.068    11.982 r  u_core/u_npu/u_engine/u_engine_shared_multiplier/result[21]_INST_0_i_2/CO[0]
                         net (fo=25, unplaced)        0.268    12.250    u_core/u_npu/u_engine/u_engine_shared_multiplier/result[21]_INST_0_i_2_n_7
                         LUT4 (Prop_LUT4_I3_O)        0.039    12.289 r  u_core/u_npu/u_engine/u_engine_shared_multiplier/result[30]_INST_0_i_36/O
                         net (fo=1, unplaced)         0.018    12.307    u_core/u_npu/u_engine/u_engine_shared_multiplier/result[30]_INST_0_i_36_n_0
                         CARRY8 (Prop_CARRY8_S[0]_CO[7])
                                                      0.245    12.552 r  u_core/u_npu/u_engine/u_engine_shared_multiplier/result[30]_INST_0_i_3/CO[7]
                         net (fo=1, unplaced)         0.007    12.559    u_core/u_npu/u_engine/u_engine_shared_multiplier/result[30]_INST_0_i_3_n_0
                         CARRY8 (Prop_CARRY8_CI_CO[7])
                                                      0.030    12.589 r  u_core/u_npu/u_engine/u_engine_shared_multiplier/result[30]_INST_0_i_72/CO[7]
                         net (fo=1, unplaced)         0.007    12.596    u_core/u_npu/u_engine/u_engine_shared_multiplier/result[30]_INST_0_i_72_n_0
                         CARRY8 (Prop_CARRY8_CI_O[5])
                                                      0.145    12.741 f  u_core/u_npu/u_engine/u_engine_shared_multiplier/result[30]_INST_0_i_51/O[5]
                         net (fo=3, unplaced)         0.168    12.909    u_core/u_npu/u_engine/u_engine_shared_multiplier/exp_result[21]
                         LUT2 (Prop_LUT2_I0_O)        0.127    13.036 f  u_core/u_npu/u_engine/u_engine_shared_multiplier/result[30]_INST_0_i_11/O
                         net (fo=1, unplaced)         0.234    13.270    u_core/u_npu/u_engine/u_engine_shared_multiplier/result[30]_INST_0_i_11_n_0
                         CARRY8 (Prop_CARRY8_DI[1]_CO[6])
                                                      0.214    13.484 f  u_core/u_npu/u_engine/u_engine_shared_multiplier/result[30]_INST_0_i_1/CO[6]
                         net (fo=31, unplaced)        0.216    13.700    u_core/u_npu/u_engine/u_engine_shared_multiplier/result[30]_INST_0_i_1_n_1
                         LUT5 (Prop_LUT5_I4_O)        0.039    13.739 f  u_core/u_npu/u_engine/u_engine_shared_multiplier/result[22]_INST_0_i_1/O
                         net (fo=1, unplaced)         0.214    13.953    u_core/u_npu/u_engine/u_engine_shared_multiplier/result[22]_INST_0_i_1_n_0
                         LUT4 (Prop_LUT4_I1_O)        0.039    13.992 r  u_core/u_npu/u_engine/u_engine_shared_multiplier/result[22]_INST_0/O
                         net (fo=45, unplaced)        0.281    14.273    u_core/u_npu/u_engine/u_gelu/u_serial_core/external_mul_result[22]
                         LUT4 (Prop_LUT4_I0_O)        0.039    14.312 r  u_core/u_npu/u_engine/u_gelu/u_serial_core/reciprocal_estimate[22]_i_1/O
                         net (fo=1, unplaced)         0.058    14.370    u_core/u_npu/u_engine/u_gelu/u_serial_core/reciprocal_estimate[22]_i_1_n_0
                         FDRE                                         r  u_core/u_npu/u_engine/u_gelu/u_serial_core/reciprocal_estimate_reg[22]/D
  -------------------------------------------------------------------    -------------------

                         (clock aclk rise edge)      20.000    20.000 r  
                                                      0.000    20.000 r  aclk (IN)
                         net (fo=62495, unset)        0.024    20.024    u_core/u_npu/u_engine/u_gelu/u_serial_core/clk
                         FDRE                                         r  u_core/u_npu/u_engine/u_gelu/u_serial_core/reciprocal_estimate_reg[22]/C
                         clock pessimism              0.000    20.024    
                         clock uncertainty           -0.235    19.789    
                         FDRE (Setup_FDRE_C_D)        0.027    19.816    u_core/u_npu/u_engine/u_gelu/u_serial_core/reciprocal_estimate_reg[22]
  -------------------------------------------------------------------
                         required time                         19.816    
                         arrival time                         -14.370    
  -------------------------------------------------------------------
                         slack                                  5.446    

Slack (MET) :             5.446ns  (required time - arrival time)
  Source:                 u_core/u_npu/u_engine/u_gelu/u_serial_core/exp_scaled_reg[27]/C
                            (rising edge-triggered cell FDRE clocked by aclk  {rise@0.000ns fall@10.000ns period=20.000ns})
  Destination:            u_core/u_npu/u_engine/u_gelu/u_serial_core/result_reg[22]/D
                            (rising edge-triggered cell FDRE clocked by aclk  {rise@0.000ns fall@10.000ns period=20.000ns})
  Path Group:             aclk
  Path Type:              Setup (Max at Slow Process Corner)
  Requirement:            20.000ns  (aclk rise@20.000ns - aclk rise@0.000ns)
  Data Path Delay:        14.335ns  (logic 5.030ns (35.089%)  route 9.305ns (64.911%))
  Logic Levels:           59  (CARRY8=21 LUT2=3 LUT3=8 LUT4=6 LUT5=9 LUT6=12)
  Clock Path Skew:        -0.011ns (DCD - SCD + CPR)
    Destination Clock Delay (DCD):    0.024ns = ( 20.024 - 20.000 ) 
    Source Clock Delay      (SCD):    0.035ns
    Clock Pessimism Removal (CPR):    0.000ns
  Clock Uncertainty:      0.235ns  ((TSJ^2 + TIJ^2)^1/2 + DJ) / 2 + PE + UU
    Total System Jitter     (TSJ):    0.071ns
    Total Input Jitter      (TIJ):    0.000ns
    Discrete Jitter          (DJ):    0.000ns
    Phase Error              (PE):    0.000ns
    User Uncertainty         (UU):    0.200ns

    Location             Delay type                Incr(ns)  Path(ns)    Netlist Resource(s)
  -------------------------------------------------------------------    -------------------
                         (clock aclk rise edge)       0.000     0.000 r  
                                                      0.000     0.000 r  aclk (IN)
                         net (fo=62495, unset)        0.035     0.035    u_core/u_npu/u_engine/u_gelu/u_serial_core/clk
                         FDRE                                         r  u_core/u_npu/u_engine/u_gelu/u_serial_core/exp_scaled_reg[27]/C
  -------------------------------------------------------------------    -------------------
                         FDRE (Prop_FDRE_C_Q)         0.096     0.131 f  u_core/u_npu/u_engine/u_gelu/u_serial_core/exp_scaled_reg[27]/Q
                         net (fo=15, unplaced)        0.219     0.350    u_core/u_npu/u_engine/u_gelu/u_serial_core/u_exp_to_integer/value[27]
                         LUT6 (Prop_LUT6_I0_O)        0.178     0.528 r  u_core/u_npu/u_engine/u_gelu/u_serial_core/u_exp_to_integer/result[31]_INST_0_i_8/O
                         net (fo=78, unplaced)        0.294     0.822    u_core/u_npu/u_engine/u_gelu/u_serial_core/u_exp_to_integer/result[31]_INST_0_i_8_n_0
                         LUT3 (Prop_LUT3_I1_O)        0.083     0.905 r  u_core/u_npu/u_engine/u_gelu/u_serial_core/u_exp_to_integer/result[31]_INST_0_i_66/O
                         net (fo=1, unplaced)         0.232     1.137    u_core/u_npu/u_engine/u_gelu/u_serial_core/u_exp_to_integer/result[31]_INST_0_i_66_n_0
                         CARRY8 (Prop_CARRY8_DI[2]_CO[7])
                                                      0.142     1.279 r  u_core/u_npu/u_engine/u_gelu/u_serial_core/u_exp_to_integer/result[31]_INST_0_i_31/CO[7]
                         net (fo=1, unplaced)         0.007     1.286    u_core/u_npu/u_engine/u_gelu/u_serial_core/u_exp_to_integer/result[31]_INST_0_i_31_n_0
                         CARRY8 (Prop_CARRY8_CI_CO[6])
                                                      0.116     1.402 r  u_core/u_npu/u_engine/u_gelu/u_serial_core/u_exp_to_integer/result[31]_INST_0_i_9/CO[6]
                         net (fo=17, unplaced)        0.202     1.604    u_core/u_npu/u_engine/u_gelu/u_serial_core/u_exp_to_integer/result[31]_INST_0_i_9_n_1
                         LUT6 (Prop_LUT6_I1_O)        0.039     1.643 r  u_core/u_npu/u_engine/u_gelu/u_serial_core/u_exp_to_integer/result[30]_INST_0_i_5/O
                         net (fo=36, unplaced)        0.276     1.919    u_core/u_npu/u_engine/u_gelu/u_serial_core/u_exp_to_integer/result[30]_INST_0_i_5_n_0
                         LUT3 (Prop_LUT3_I2_O)        0.085     2.004 r  u_core/u_npu/u_engine/u_gelu/u_serial_core/u_exp_to_integer/result[28]_INST_0_i_7/O
                         net (fo=1, unplaced)         0.214     2.218    u_core/u_npu/u_engine/u_gelu/u_serial_core/u_exp_to_integer/result[28]_INST_0_i_7_n_0
                         LUT6 (Prop_LUT6_I4_O)        0.039     2.257 r  u_core/u_npu/u_engine/u_gelu/u_serial_core/u_exp_to_integer/result[28]_INST_0_i_1/O
                         net (fo=1, unplaced)         0.214     2.471    u_core/u_npu/u_engine/u_gelu/u_serial_core/u_exp_to_integer/result[28]_INST_0_i_1_n_0
                         LUT6 (Prop_LUT6_I0_O)        0.039     2.510 r  u_core/u_npu/u_engine/u_gelu/u_serial_core/u_exp_to_integer/result[28]_INST_0/O
                         net (fo=3, unplaced)         0.162     2.672    u_core/u_npu/u_engine/u_gelu/u_serial_core/exp_scale_integer_comb[28]
                         LUT4 (Prop_LUT4_I1_O)        0.064     2.736 r  u_core/u_npu/u_engine/u_gelu/u_serial_core/u_exp_from_integer_i_4/O
                         net (fo=12, unplaced)        0.198     2.934    u_core/u_npu/u_engine/u_gelu/u_serial_core/u_exp_from_integer/value[28]
                         LUT4 (Prop_LUT4_I0_O)        0.115     3.049 f  u_core/u_npu/u_engine/u_gelu/u_serial_core/u_exp_from_integer/result[30]_INST_0_i_11/O
                         net (fo=2, unplaced)         0.214     3.263    u_core/u_npu/u_engine/u_gelu/u_serial_core/u_exp_from_integer/result[30]_INST_0_i_11_n_0
                         LUT5 (Prop_LUT5_I0_O)        0.039     3.302 f  u_core/u_npu/u_engine/u_gelu/u_serial_core/u_exp_from_integer/result[30]_INST_0_i_27/O
                         net (fo=45, unplaced)        0.226     3.528    u_core/u_npu/u_engine/u_gelu/u_serial_core/u_exp_from_integer/result[30]_INST_0_i_27_n_0
                         LUT3 (Prop_LUT3_I2_O)        0.100     3.628 r  u_core/u_npu/u_engine/u_gelu/u_serial_core/u_exp_from_integer/result[30]_INST_0_i_5/O
                         net (fo=21, unplaced)        0.264     3.892    u_core/u_npu/u_engine/u_gelu/u_serial_core/u_exp_from_integer/result[30]_INST_0_i_5_n_0
                         LUT3 (Prop_LUT3_I2_O)        0.039     3.931 f  u_core/u_npu/u_engine/u_gelu/u_serial_core/u_exp_from_integer/result[22]_INST_0_i_45/O
                         net (fo=16, unplaced)        0.258     4.189    u_core/u_npu/u_engine/u_gelu/u_serial_core/u_exp_from_integer/result[22]_INST_0_i_45_n_0
                         LUT2 (Prop_LUT2_I1_O)        0.039     4.228 r  u_core/u_npu/u_engine/u_gelu/u_serial_core/u_exp_from_integer/result[30]_INST_0_i_106/O
                         net (fo=1, unplaced)         0.000     4.228    u_core/u_npu/u_engine/u_gelu/u_serial_core/u_exp_from_integer/rounded_mantissa5[0]
                         CARRY8 (Prop_CARRY8_CI_O[0])
                                                      0.137     4.365 r  u_core/u_npu/u_engine/u_gelu/u_serial_core/u_exp_from_integer/result[30]_INST_0_i_93/O[0]
                         net (fo=2, unplaced)         0.214     4.579    u_core/u_npu/u_engine/u_gelu/u_serial_core/u_exp_from_integer/result[30]_INST_0_i_93_n_15
                         LUT3 (Prop_LUT3_I2_O)        0.039     4.618 f  u_core/u_npu/u_engine/u_gelu/u_serial_core/u_exp_from_integer/result[30]_INST_0_i_105/O
                         net (fo=2, unplaced)         0.214     4.832    u_core/u_npu/u_engine/u_gelu/u_serial_core/u_exp_from_integer/result[30]_INST_0_i_105_n_0
                         LUT5 (Prop_LUT5_I4_O)        0.085     4.917 r  u_core/u_npu/u_engine/u_gelu/u_serial_core/u_exp_from_integer/result[30]_INST_0_i_96/O
                         net (fo=1, unplaced)         0.214     5.131    u_core/u_npu/u_engine/u_gelu/u_serial_core/u_exp_from_integer/result[30]_INST_0_i_96_n_0
                         LUT6 (Prop_LUT6_I5_O)        0.039     5.170 r  u_core/u_npu/u_engine/u_gelu/u_serial_core/u_exp_from_integer/result[30]_INST_0_i_72/O
                         net (fo=1, unplaced)         0.018     5.188    u_core/u_npu/u_engine/u_gelu/u_serial_core/u_exp_from_integer/result[30]_INST_0_i_72_n_0
                         CARRY8 (Prop_CARRY8_S[0]_CO[7])
                                                      0.245     5.433 f  u_core/u_npu/u_engine/u_gelu/u_serial_core/u_exp_from_integer/result[30]_INST_0_i_41/CO[7]
                         net (fo=1, unplaced)         0.007     5.440    u_core/u_npu/u_engine/u_gelu/u_serial_core/u_exp_from_integer/result[30]_INST_0_i_41_n_0
                         CARRY8 (Prop_CARRY8_CI_CO[2])
                                                      0.073     5.513 f  u_core/u_npu/u_engine/u_gelu/u_serial_core/u_exp_from_integer/result[30]_INST_0_i_24/CO[2]
                         net (fo=3, unplaced)         0.220     5.733    u_core/u_npu/u_engine/u_gelu/u_serial_core/u_exp_from_integer/result[30]_INST_0_i_24_n_5
                         LUT5 (Prop_LUT5_I4_O)        0.039     5.772 r  u_core/u_npu/u_engine/u_gelu/u_serial_core/u_exp_from_integer/result[22]_INST_0_i_3/O
                         net (fo=23, unplaced)        0.266     6.038    u_core/u_npu/u_engine/u_gelu/u_serial_core/u_exp_from_integer/result[22]_INST_0_i_3_n_0
                         LUT5 (Prop_LUT5_I2_O)        0.039     6.077 f  u_core/u_npu/u_engine/u_gelu/u_serial_core/u_exp_from_integer/result[4]_INST_0_i_1/O
                         net (fo=2, unplaced)         0.214     6.291    u_core/u_npu/u_engine/u_gelu/u_serial_core/u_exp_from_integer/result[4]_INST_0_i_1_n_0
                         LUT3 (Prop_LUT3_I2_O)        0.085     6.376 f  u_core/u_npu/u_engine/u_gelu/u_serial_core/u_exp_from_integer/result[3]_INST_0/O
                         net (fo=1, unplaced)         0.214     6.590    u_core/u_npu/u_engine/u_gelu/u_serial_core/integer_as_fp32[3]
                         LUT6 (Prop_LUT6_I2_O)        0.039     6.629 f  u_core/u_npu/u_engine/u_gelu/u_serial_core/mul_operand_a[3]_INST_0_i_3/O
                         net (fo=1, unplaced)         0.214     6.843    u_core/u_npu/u_engine/u_gelu/u_serial_core/mul_operand_a[3]_INST_0_i_3_n_0
                         LUT5 (Prop_LUT5_I1_O)        0.085     6.928 f  u_core/u_npu/u_engine/u_gelu/u_serial_core/mul_operand_a[3]_INST_0_i_1/O
                         net (fo=1, unplaced)         0.214     7.142    u_core/u_npu/u_engine/u_gelu/u_serial_core/mul_operand_a[3]_INST_0_i_1_n_0
                         LUT6 (Prop_LUT6_I0_O)        0.039     7.181 f  u_core/u_npu/u_engine/u_gelu/u_serial_core/mul_operand_a[3]_INST_0/O
                         net (fo=1, unplaced)         0.214     7.395    u_core/u_npu/u_engine/gelu_mul_operand_a[3]
                         LUT6 (Prop_LUT6_I4_O)        0.039     7.434 f  u_core/u_npu/u_engine/u_engine_shared_multiplier_i_94/O
                         net (fo=1, unplaced)         0.214     7.648    u_core/u_npu/u_engine/u_engine_shared_multiplier_i_94_n_0
                         LUT6 (Prop_LUT6_I5_O)        0.039     7.687 f  u_core/u_npu/u_engine/u_engine_shared_multiplier_i_29/O
                         net (fo=58, unplaced)        0.287     7.974    u_core/u_npu/u_engine/u_engine_shared_multiplier/a[3]
                         LUT2 (Prop_LUT2_I0_O)        0.085     8.059 r  u_core/u_npu/u_engine/u_engine_shared_multiplier/result[7]_INST_0_i_266/O
                         net (fo=1, unplaced)         0.214     8.273    u_core/u_npu/u_engine/u_engine_shared_multiplier/result[7]_INST_0_i_266_n_0
                         LUT6 (Prop_LUT6_I3_O)        0.039     8.312 r  u_core/u_npu/u_engine/u_engine_shared_multiplier/result[7]_INST_0_i_216/O
                         net (fo=1, unplaced)         0.019     8.331    u_core/u_npu/u_engine/u_engine_shared_multiplier/result[7]_INST_0_i_216_n_0
                         CARRY8 (Prop_CARRY8_S[5]_CO[7])
                                                      0.204     8.535 r  u_core/u_npu/u_engine/u_engine_shared_multiplier/result[7]_INST_0_i_164/CO[7]
                         net (fo=1, unplaced)         0.007     8.542    u_core/u_npu/u_engine/u_engine_shared_multiplier/result[7]_INST_0_i_164_n_0
                         CARRY8 (Prop_CARRY8_CI_O[2])
                                                      0.086     8.628 r  u_core/u_npu/u_engine/u_engine_shared_multiplier/result[15]_INST_0_i_117/O[2]
                         net (fo=2, unplaced)         0.214     8.842    u_core/u_npu/u_engine/u_engine_shared_multiplier/result[15]_INST_0_i_117_n_13
                         LUT3 (Prop_LUT3_I0_O)        0.100     8.942 r  u_core/u_npu/u_engine/u_engine_shared_multiplier/result[7]_INST_0_i_145/O
                         net (fo=2, unplaced)         0.214     9.156    u_core/u_npu/u_engine/u_engine_shared_multiplier/result[7]_INST_0_i_145_n_0
                         LUT4 (Prop_LUT4_I3_O)        0.039     9.195 r  u_core/u_npu/u_engine/u_engine_shared_multiplier/result[7]_INST_0_i_153/O
                         net (fo=1, unplaced)         0.019     9.214    u_core/u_npu/u_engine/u_engine_shared_multiplier/result[7]_INST_0_i_153_n_0
                         CARRY8 (Prop_CARRY8_S[5]_CO[7])
                                                      0.204     9.418 r  u_core/u_npu/u_engine/u_engine_shared_multiplier/result[7]_INST_0_i_62/CO[7]
                         net (fo=1, unplaced)         0.007     9.425    u_core/u_npu/u_engine/u_engine_shared_multiplier/result[7]_INST_0_i_62_n_0
                         CARRY8 (Prop_CARRY8_CI_CO[7])
                                                      0.030     9.455 r  u_core/u_npu/u_engine/u_engine_shared_multiplier/result[15]_INST_0_i_36/CO[7]
                         net (fo=1, unplaced)         0.007     9.462    u_core/u_npu/u_engine/u_engine_shared_multiplier/result[15]_INST_0_i_36_n_0
                         CARRY8 (Prop_CARRY8_CI_O[1])
                                                      0.097     9.559 r  u_core/u_npu/u_engine/u_engine_shared_multiplier/result[21]_INST_0_i_31/O[1]
                         net (fo=3, unplaced)         0.218     9.777    u_core/u_npu/u_engine/u_engine_shared_multiplier/result[21]_INST_0_i_31_n_14
                         LUT3 (Prop_LUT3_I2_O)        0.039     9.816 r  u_core/u_npu/u_engine/u_engine_shared_multiplier/result[15]_INST_0_i_32/O
                         net (fo=2, unplaced)         0.214    10.030    u_core/u_npu/u_engine/u_engine_shared_multiplier/result[15]_INST_0_i_32_n_0
                         LUT5 (Prop_LUT5_I1_O)        0.039    10.069 r  u_core/u_npu/u_engine/u_engine_shared_multiplier/result[15]_INST_0_i_15/O
                         net (fo=2, unplaced)         0.214    10.283    u_core/u_npu/u_engine/u_engine_shared_multiplier/result[15]_INST_0_i_15_n_0
                         LUT6 (Prop_LUT6_I0_O)        0.039    10.322 r  u_core/u_npu/u_engine/u_engine_shared_multiplier/result[15]_INST_0_i_23/O
                         net (fo=1, unplaced)         0.017    10.339    u_core/u_npu/u_engine/u_engine_shared_multiplier/result[15]_INST_0_i_23_n_0
                         CARRY8 (Prop_CARRY8_S[3]_CO[7])
                                                      0.202    10.541 r  u_core/u_npu/u_engine/u_engine_shared_multiplier/result[15]_INST_0_i_10/CO[7]
                         net (fo=1, unplaced)         0.007    10.548    u_core/u_npu/u_engine/u_engine_shared_multiplier/result[15]_INST_0_i_10_n_0
                         CARRY8 (Prop_CARRY8_CI_CO[7])
                                                      0.030    10.578 r  u_core/u_npu/u_engine/u_engine_shared_multiplier/result[21]_INST_0_i_11/CO[7]
                         net (fo=1, unplaced)         0.007    10.585    u_core/u_npu/u_engine/u_engine_shared_multiplier/result[21]_INST_0_i_11_n_0
                         CARRY8 (Prop_CARRY8_CI_O[4])
                                                      0.109    10.694 r  u_core/u_npu/u_engine/u_engine_shared_multiplier/result[30]_INST_0_i_70/O[4]
                         net (fo=58, unplaced)        0.285    10.979    u_core/u_npu/u_engine/u_engine_shared_multiplier/p_0_in
                         LUT4 (Prop_LUT4_I1_O)        0.085    11.064 r  u_core/u_npu/u_engine/u_engine_shared_multiplier/result[7]_INST_0_i_39/O
                         net (fo=1, unplaced)         0.214    11.278    u_core/u_npu/u_engine/u_engine_shared_multiplier/result[7]_INST_0_i_39_n_0
                         LUT5 (Prop_LUT5_I4_O)        0.039    11.317 r  u_core/u_npu/u_engine/u_engine_shared_multiplier/result[7]_INST_0_i_15/O
                         net (fo=1, unplaced)         0.214    11.531    u_core/u_npu/u_engine/u_engine_shared_multiplier/result[7]_INST_0_i_15_n_0
                         LUT6 (Prop_LUT6_I4_O)        0.039    11.570 r  u_core/u_npu/u_engine/u_engine_shared_multiplier/result[7]_INST_0_i_10/O
                         net (fo=1, unplaced)         0.018    11.588    u_core/u_npu/u_engine/u_engine_shared_multiplier/result[7]_INST_0_i_10_n_0
                         CARRY8 (Prop_CARRY8_S[0]_CO[7])
                                                      0.245    11.833 r  u_core/u_npu/u_engine/u_engine_shared_multiplier/result[7]_INST_0_i_1/CO[7]
                         net (fo=1, unplaced)         0.007    11.840    u_core/u_npu/u_engine/u_engine_shared_multiplier/result[7]_INST_0_i_1_n_0
                         CARRY8 (Prop_CARRY8_CI_CO[7])
                                                      0.030    11.870 r  u_core/u_npu/u_engine/u_engine_shared_multiplier/result[15]_INST_0_i_1/CO[7]
                         net (fo=1, unplaced)         0.007    11.877    u_core/u_npu/u_engine/u_engine_shared_multiplier/result[15]_INST_0_i_1_n_0
                         CARRY8 (Prop_CARRY8_CI_CO[7])
                                                      0.030    11.907 r  u_core/u_npu/u_engine/u_engine_shared_multiplier/result[21]_INST_0_i_1/CO[7]
                         net (fo=1, unplaced)         0.007    11.914    u_core/u_npu/u_engine/u_engine_shared_multiplier/result[21]_INST_0_i_1_n_0
                         CARRY8 (Prop_CARRY8_CI_CO[0])
                                                      0.068    11.982 r  u_core/u_npu/u_engine/u_engine_shared_multiplier/result[21]_INST_0_i_2/CO[0]
                         net (fo=25, unplaced)        0.268    12.250    u_core/u_npu/u_engine/u_engine_shared_multiplier/result[21]_INST_0_i_2_n_7
                         LUT4 (Prop_LUT4_I3_O)        0.039    12.289 r  u_core/u_npu/u_engine/u_engine_shared_multiplier/result[30]_INST_0_i_36/O
                         net (fo=1, unplaced)         0.018    12.307    u_core/u_npu/u_engine/u_engine_shared_multiplier/result[30]_INST_0_i_36_n_0
                         CARRY8 (Prop_CARRY8_S[0]_CO[7])
                                                      0.245    12.552 r  u_core/u_npu/u_engine/u_engine_shared_multiplier/result[30]_INST_0_i_3/CO[7]
                         net (fo=1, unplaced)         0.007    12.559    u_core/u_npu/u_engine/u_engine_shared_multiplier/result[30]_INST_0_i_3_n_0
                         CARRY8 (Prop_CARRY8_CI_CO[7])
                                                      0.030    12.589 r  u_core/u_npu/u_engine/u_engine_shared_multiplier/result[30]_INST_0_i_72/CO[7]
                         net (fo=1, unplaced)         0.007    12.596    u_core/u_npu/u_engine/u_engine_shared_multiplier/result[30]_INST_0_i_72_n_0
                         CARRY8 (Prop_CARRY8_CI_O[5])
                                                      0.145    12.741 f  u_core/u_npu/u_engine/u_engine_shared_multiplier/result[30]_INST_0_i_51/O[5]
                         net (fo=3, unplaced)         0.168    12.909    u_core/u_npu/u_engine/u_engine_shared_multiplier/exp_result[21]
                         LUT2 (Prop_LUT2_I0_O)        0.127    13.036 f  u_core/u_npu/u_engine/u_engine_shared_multiplier/result[30]_INST_0_i_11/O
                         net (fo=1, unplaced)         0.234    13.270    u_core/u_npu/u_engine/u_engine_shared_multiplier/result[30]_INST_0_i_11_n_0
                         CARRY8 (Prop_CARRY8_DI[1]_CO[6])
                                                      0.214    13.484 f  u_core/u_npu/u_engine/u_engine_shared_multiplier/result[30]_INST_0_i_1/CO[6]
                         net (fo=31, unplaced)        0.216    13.700    u_core/u_npu/u_engine/u_engine_shared_multiplier/result[30]_INST_0_i_1_n_1
                         LUT5 (Prop_LUT5_I4_O)        0.039    13.739 f  u_core/u_npu/u_engine/u_engine_shared_multiplier/result[22]_INST_0_i_1/O
                         net (fo=1, unplaced)         0.214    13.953    u_core/u_npu/u_engine/u_engine_shared_multiplier/result[22]_INST_0_i_1_n_0
                         LUT4 (Prop_LUT4_I1_O)        0.039    13.992 r  u_core/u_npu/u_engine/u_engine_shared_multiplier/result[22]_INST_0/O
                         net (fo=45, unplaced)        0.281    14.273    u_core/u_npu/u_engine/u_gelu/u_serial_core/external_mul_result[22]
                         LUT5 (Prop_LUT5_I3_O)        0.039    14.312 r  u_core/u_npu/u_engine/u_gelu/u_serial_core/result[22]_i_1/O
                         net (fo=1, unplaced)         0.058    14.370    u_core/u_npu/u_engine/u_gelu/u_serial_core/result[22]_i_1_n_0
                         FDRE                                         r  u_core/u_npu/u_engine/u_gelu/u_serial_core/result_reg[22]/D
  -------------------------------------------------------------------    -------------------

                         (clock aclk rise edge)      20.000    20.000 r  
                                                      0.000    20.000 r  aclk (IN)
                         net (fo=62495, unset)        0.024    20.024    u_core/u_npu/u_engine/u_gelu/u_serial_core/clk
                         FDRE                                         r  u_core/u_npu/u_engine/u_gelu/u_serial_core/result_reg[22]/C
                         clock pessimism              0.000    20.024    
                         clock uncertainty           -0.235    19.789    
                         FDRE (Setup_FDRE_C_D)        0.027    19.816    u_core/u_npu/u_engine/u_gelu/u_serial_core/result_reg[22]
  -------------------------------------------------------------------
                         required time                         19.816    
                         arrival time                         -14.370    
  -------------------------------------------------------------------
                         slack                                  5.446    

Slack (MET) :             5.446ns  (required time - arrival time)
  Source:                 u_core/u_npu/u_engine/u_gelu/u_serial_core/exp_scaled_reg[27]/C
                            (rising edge-triggered cell FDRE clocked by aclk  {rise@0.000ns fall@10.000ns period=20.000ns})
  Destination:            u_core/u_npu/u_engine/u_layernorm/rsqrt_estimate_reg[22]/D
                            (rising edge-triggered cell FDRE clocked by aclk  {rise@0.000ns fall@10.000ns period=20.000ns})
  Path Group:             aclk
  Path Type:              Setup (Max at Slow Process Corner)
  Requirement:            20.000ns  (aclk rise@20.000ns - aclk rise@0.000ns)
  Data Path Delay:        14.335ns  (logic 5.030ns (35.089%)  route 9.305ns (64.911%))
  Logic Levels:           59  (CARRY8=21 LUT2=3 LUT3=9 LUT4=6 LUT5=8 LUT6=12)
  Clock Path Skew:        -0.011ns (DCD - SCD + CPR)
    Destination Clock Delay (DCD):    0.024ns = ( 20.024 - 20.000 ) 
    Source Clock Delay      (SCD):    0.035ns
    Clock Pessimism Removal (CPR):    0.000ns
  Clock Uncertainty:      0.235ns  ((TSJ^2 + TIJ^2)^1/2 + DJ) / 2 + PE + UU
    Total System Jitter     (TSJ):    0.071ns
    Total Input Jitter      (TIJ):    0.000ns
    Discrete Jitter          (DJ):    0.000ns
    Phase Error              (PE):    0.000ns
    User Uncertainty         (UU):    0.200ns

    Location             Delay type                Incr(ns)  Path(ns)    Netlist Resource(s)
  -------------------------------------------------------------------    -------------------
                         (clock aclk rise edge)       0.000     0.000 r  
                                                      0.000     0.000 r  aclk (IN)
                         net (fo=62495, unset)        0.035     0.035    u_core/u_npu/u_engine/u_gelu/u_serial_core/clk
                         FDRE                                         r  u_core/u_npu/u_engine/u_gelu/u_serial_core/exp_scaled_reg[27]/C
  -------------------------------------------------------------------    -------------------
                         FDRE (Prop_FDRE_C_Q)         0.096     0.131 f  u_core/u_npu/u_engine/u_gelu/u_serial_core/exp_scaled_reg[27]/Q
                         net (fo=15, unplaced)        0.219     0.350    u_core/u_npu/u_engine/u_gelu/u_serial_core/u_exp_to_integer/value[27]
                         LUT6 (Prop_LUT6_I0_O)        0.178     0.528 r  u_core/u_npu/u_engine/u_gelu/u_serial_core/u_exp_to_integer/result[31]_INST_0_i_8/O
                         net (fo=78, unplaced)        0.294     0.822    u_core/u_npu/u_engine/u_gelu/u_serial_core/u_exp_to_integer/result[31]_INST_0_i_8_n_0
                         LUT3 (Prop_LUT3_I1_O)        0.083     0.905 r  u_core/u_npu/u_engine/u_gelu/u_serial_core/u_exp_to_integer/result[31]_INST_0_i_66/O
                         net (fo=1, unplaced)         0.232     1.137    u_core/u_npu/u_engine/u_gelu/u_serial_core/u_exp_to_integer/result[31]_INST_0_i_66_n_0
                         CARRY8 (Prop_CARRY8_DI[2]_CO[7])
                                                      0.142     1.279 r  u_core/u_npu/u_engine/u_gelu/u_serial_core/u_exp_to_integer/result[31]_INST_0_i_31/CO[7]
                         net (fo=1, unplaced)         0.007     1.286    u_core/u_npu/u_engine/u_gelu/u_serial_core/u_exp_to_integer/result[31]_INST_0_i_31_n_0
                         CARRY8 (Prop_CARRY8_CI_CO[6])
                                                      0.116     1.402 r  u_core/u_npu/u_engine/u_gelu/u_serial_core/u_exp_to_integer/result[31]_INST_0_i_9/CO[6]
                         net (fo=17, unplaced)        0.202     1.604    u_core/u_npu/u_engine/u_gelu/u_serial_core/u_exp_to_integer/result[31]_INST_0_i_9_n_1
                         LUT6 (Prop_LUT6_I1_O)        0.039     1.643 r  u_core/u_npu/u_engine/u_gelu/u_serial_core/u_exp_to_integer/result[30]_INST_0_i_5/O
                         net (fo=36, unplaced)        0.276     1.919    u_core/u_npu/u_engine/u_gelu/u_serial_core/u_exp_to_integer/result[30]_INST_0_i_5_n_0
                         LUT3 (Prop_LUT3_I2_O)        0.085     2.004 r  u_core/u_npu/u_engine/u_gelu/u_serial_core/u_exp_to_integer/result[28]_INST_0_i_7/O
                         net (fo=1, unplaced)         0.214     2.218    u_core/u_npu/u_engine/u_gelu/u_serial_core/u_exp_to_integer/result[28]_INST_0_i_7_n_0
                         LUT6 (Prop_LUT6_I4_O)        0.039     2.257 r  u_core/u_npu/u_engine/u_gelu/u_serial_core/u_exp_to_integer/result[28]_INST_0_i_1/O
                         net (fo=1, unplaced)         0.214     2.471    u_core/u_npu/u_engine/u_gelu/u_serial_core/u_exp_to_integer/result[28]_INST_0_i_1_n_0
                         LUT6 (Prop_LUT6_I0_O)        0.039     2.510 r  u_core/u_npu/u_engine/u_gelu/u_serial_core/u_exp_to_integer/result[28]_INST_0/O
                         net (fo=3, unplaced)         0.162     2.672    u_core/u_npu/u_engine/u_gelu/u_serial_core/exp_scale_integer_comb[28]
                         LUT4 (Prop_LUT4_I1_O)        0.064     2.736 r  u_core/u_npu/u_engine/u_gelu/u_serial_core/u_exp_from_integer_i_4/O
                         net (fo=12, unplaced)        0.198     2.934    u_core/u_npu/u_engine/u_gelu/u_serial_core/u_exp_from_integer/value[28]
                         LUT4 (Prop_LUT4_I0_O)        0.115     3.049 f  u_core/u_npu/u_engine/u_gelu/u_serial_core/u_exp_from_integer/result[30]_INST_0_i_11/O
                         net (fo=2, unplaced)         0.214     3.263    u_core/u_npu/u_engine/u_gelu/u_serial_core/u_exp_from_integer/result[30]_INST_0_i_11_n_0
                         LUT5 (Prop_LUT5_I0_O)        0.039     3.302 f  u_core/u_npu/u_engine/u_gelu/u_serial_core/u_exp_from_integer/result[30]_INST_0_i_27/O
                         net (fo=45, unplaced)        0.226     3.528    u_core/u_npu/u_engine/u_gelu/u_serial_core/u_exp_from_integer/result[30]_INST_0_i_27_n_0
                         LUT3 (Prop_LUT3_I2_O)        0.100     3.628 r  u_core/u_npu/u_engine/u_gelu/u_serial_core/u_exp_from_integer/result[30]_INST_0_i_5/O
                         net (fo=21, unplaced)        0.264     3.892    u_core/u_npu/u_engine/u_gelu/u_serial_core/u_exp_from_integer/result[30]_INST_0_i_5_n_0
                         LUT3 (Prop_LUT3_I2_O)        0.039     3.931 f  u_core/u_npu/u_engine/u_gelu/u_serial_core/u_exp_from_integer/result[22]_INST_0_i_45/O
                         net (fo=16, unplaced)        0.258     4.189    u_core/u_npu/u_engine/u_gelu/u_serial_core/u_exp_from_integer/result[22]_INST_0_i_45_n_0
                         LUT2 (Prop_LUT2_I1_O)        0.039     4.228 r  u_core/u_npu/u_engine/u_gelu/u_serial_core/u_exp_from_integer/result[30]_INST_0_i_106/O
                         net (fo=1, unplaced)         0.000     4.228    u_core/u_npu/u_engine/u_gelu/u_serial_core/u_exp_from_integer/rounded_mantissa5[0]
                         CARRY8 (Prop_CARRY8_CI_O[0])
                                                      0.137     4.365 r  u_core/u_npu/u_engine/u_gelu/u_serial_core/u_exp_from_integer/result[30]_INST_0_i_93/O[0]
                         net (fo=2, unplaced)         0.214     4.579    u_core/u_npu/u_engine/u_gelu/u_serial_core/u_exp_from_integer/result[30]_INST_0_i_93_n_15
                         LUT3 (Prop_LUT3_I2_O)        0.039     4.618 f  u_core/u_npu/u_engine/u_gelu/u_serial_core/u_exp_from_integer/result[30]_INST_0_i_105/O
                         net (fo=2, unplaced)         0.214     4.832    u_core/u_npu/u_engine/u_gelu/u_serial_core/u_exp_from_integer/result[30]_INST_0_i_105_n_0
                         LUT5 (Prop_LUT5_I4_O)        0.085     4.917 r  u_core/u_npu/u_engine/u_gelu/u_serial_core/u_exp_from_integer/result[30]_INST_0_i_96/O
                         net (fo=1, unplaced)         0.214     5.131    u_core/u_npu/u_engine/u_gelu/u_serial_core/u_exp_from_integer/result[30]_INST_0_i_96_n_0
                         LUT6 (Prop_LUT6_I5_O)        0.039     5.170 r  u_core/u_npu/u_engine/u_gelu/u_serial_core/u_exp_from_integer/result[30]_INST_0_i_72/O
                         net (fo=1, unplaced)         0.018     5.188    u_core/u_npu/u_engine/u_gelu/u_serial_core/u_exp_from_integer/result[30]_INST_0_i_72_n_0
                         CARRY8 (Prop_CARRY8_S[0]_CO[7])
                                                      0.245     5.433 f  u_core/u_npu/u_engine/u_gelu/u_serial_core/u_exp_from_integer/result[30]_INST_0_i_41/CO[7]
                         net (fo=1, unplaced)         0.007     5.440    u_core/u_npu/u_engine/u_gelu/u_serial_core/u_exp_from_integer/result[30]_INST_0_i_41_n_0
                         CARRY8 (Prop_CARRY8_CI_CO[2])
                                                      0.073     5.513 f  u_core/u_npu/u_engine/u_gelu/u_serial_core/u_exp_from_integer/result[30]_INST_0_i_24/CO[2]
                         net (fo=3, unplaced)         0.220     5.733    u_core/u_npu/u_engine/u_gelu/u_serial_core/u_exp_from_integer/result[30]_INST_0_i_24_n_5
                         LUT5 (Prop_LUT5_I4_O)        0.039     5.772 r  u_core/u_npu/u_engine/u_gelu/u_serial_core/u_exp_from_integer/result[22]_INST_0_i_3/O
                         net (fo=23, unplaced)        0.266     6.038    u_core/u_npu/u_engine/u_gelu/u_serial_core/u_exp_from_integer/result[22]_INST_0_i_3_n_0
                         LUT5 (Prop_LUT5_I2_O)        0.039     6.077 f  u_core/u_npu/u_engine/u_gelu/u_serial_core/u_exp_from_integer/result[4]_INST_0_i_1/O
                         net (fo=2, unplaced)         0.214     6.291    u_core/u_npu/u_engine/u_gelu/u_serial_core/u_exp_from_integer/result[4]_INST_0_i_1_n_0
                         LUT3 (Prop_LUT3_I2_O)        0.085     6.376 f  u_core/u_npu/u_engine/u_gelu/u_serial_core/u_exp_from_integer/result[3]_INST_0/O
                         net (fo=1, unplaced)         0.214     6.590    u_core/u_npu/u_engine/u_gelu/u_serial_core/integer_as_fp32[3]
                         LUT6 (Prop_LUT6_I2_O)        0.039     6.629 f  u_core/u_npu/u_engine/u_gelu/u_serial_core/mul_operand_a[3]_INST_0_i_3/O
                         net (fo=1, unplaced)         0.214     6.843    u_core/u_npu/u_engine/u_gelu/u_serial_core/mul_operand_a[3]_INST_0_i_3_n_0
                         LUT5 (Prop_LUT5_I1_O)        0.085     6.928 f  u_core/u_npu/u_engine/u_gelu/u_serial_core/mul_operand_a[3]_INST_0_i_1/O
                         net (fo=1, unplaced)         0.214     7.142    u_core/u_npu/u_engine/u_gelu/u_serial_core/mul_operand_a[3]_INST_0_i_1_n_0
                         LUT6 (Prop_LUT6_I0_O)        0.039     7.181 f  u_core/u_npu/u_engine/u_gelu/u_serial_core/mul_operand_a[3]_INST_0/O
                         net (fo=1, unplaced)         0.214     7.395    u_core/u_npu/u_engine/gelu_mul_operand_a[3]
                         LUT6 (Prop_LUT6_I4_O)        0.039     7.434 f  u_core/u_npu/u_engine/u_engine_shared_multiplier_i_94/O
                         net (fo=1, unplaced)         0.214     7.648    u_core/u_npu/u_engine/u_engine_shared_multiplier_i_94_n_0
                         LUT6 (Prop_LUT6_I5_O)        0.039     7.687 f  u_core/u_npu/u_engine/u_engine_shared_multiplier_i_29/O
                         net (fo=58, unplaced)        0.287     7.974    u_core/u_npu/u_engine/u_engine_shared_multiplier/a[3]
                         LUT2 (Prop_LUT2_I0_O)        0.085     8.059 r  u_core/u_npu/u_engine/u_engine_shared_multiplier/result[7]_INST_0_i_266/O
                         net (fo=1, unplaced)         0.214     8.273    u_core/u_npu/u_engine/u_engine_shared_multiplier/result[7]_INST_0_i_266_n_0
                         LUT6 (Prop_LUT6_I3_O)        0.039     8.312 r  u_core/u_npu/u_engine/u_engine_shared_multiplier/result[7]_INST_0_i_216/O
                         net (fo=1, unplaced)         0.019     8.331    u_core/u_npu/u_engine/u_engine_shared_multiplier/result[7]_INST_0_i_216_n_0
                         CARRY8 (Prop_CARRY8_S[5]_CO[7])
                                                      0.204     8.535 r  u_core/u_npu/u_engine/u_engine_shared_multiplier/result[7]_INST_0_i_164/CO[7]
                         net (fo=1, unplaced)         0.007     8.542    u_core/u_npu/u_engine/u_engine_shared_multiplier/result[7]_INST_0_i_164_n_0
                         CARRY8 (Prop_CARRY8_CI_O[2])
                                                      0.086     8.628 r  u_core/u_npu/u_engine/u_engine_shared_multiplier/result[15]_INST_0_i_117/O[2]
                         net (fo=2, unplaced)         0.214     8.842    u_core/u_npu/u_engine/u_engine_shared_multiplier/result[15]_INST_0_i_117_n_13
                         LUT3 (Prop_LUT3_I0_O)        0.100     8.942 r  u_core/u_npu/u_engine/u_engine_shared_multiplier/result[7]_INST_0_i_145/O
                         net (fo=2, unplaced)         0.214     9.156    u_core/u_npu/u_engine/u_engine_shared_multiplier/result[7]_INST_0_i_145_n_0
                         LUT4 (Prop_LUT4_I3_O)        0.039     9.195 r  u_core/u_npu/u_engine/u_engine_shared_multiplier/result[7]_INST_0_i_153/O
                         net (fo=1, unplaced)         0.019     9.214    u_core/u_npu/u_engine/u_engine_shared_multiplier/result[7]_INST_0_i_153_n_0
                         CARRY8 (Prop_CARRY8_S[5]_CO[7])
                                                      0.204     9.418 r  u_core/u_npu/u_engine/u_engine_shared_multiplier/result[7]_INST_0_i_62/CO[7]
                         net (fo=1, unplaced)         0.007     9.425    u_core/u_npu/u_engine/u_engine_shared_multiplier/result[7]_INST_0_i_62_n_0
                         CARRY8 (Prop_CARRY8_CI_CO[7])
                                                      0.030     9.455 r  u_core/u_npu/u_engine/u_engine_shared_multiplier/result[15]_INST_0_i_36/CO[7]
                         net (fo=1, unplaced)         0.007     9.462    u_core/u_npu/u_engine/u_engine_shared_multiplier/result[15]_INST_0_i_36_n_0
                         CARRY8 (Prop_CARRY8_CI_O[1])
                                                      0.097     9.559 r  u_core/u_npu/u_engine/u_engine_shared_multiplier/result[21]_INST_0_i_31/O[1]
                         net (fo=3, unplaced)         0.218     9.777    u_core/u_npu/u_engine/u_engine_shared_multiplier/result[21]_INST_0_i_31_n_14
                         LUT3 (Prop_LUT3_I2_O)        0.039     9.816 r  u_core/u_npu/u_engine/u_engine_shared_multiplier/result[15]_INST_0_i_32/O
                         net (fo=2, unplaced)         0.214    10.030    u_core/u_npu/u_engine/u_engine_shared_multiplier/result[15]_INST_0_i_32_n_0
                         LUT5 (Prop_LUT5_I1_O)        0.039    10.069 r  u_core/u_npu/u_engine/u_engine_shared_multiplier/result[15]_INST_0_i_15/O
                         net (fo=2, unplaced)         0.214    10.283    u_core/u_npu/u_engine/u_engine_shared_multiplier/result[15]_INST_0_i_15_n_0
                         LUT6 (Prop_LUT6_I0_O)        0.039    10.322 r  u_core/u_npu/u_engine/u_engine_shared_multiplier/result[15]_INST_0_i_23/O
                         net (fo=1, unplaced)         0.017    10.339    u_core/u_npu/u_engine/u_engine_shared_multiplier/result[15]_INST_0_i_23_n_0
                         CARRY8 (Prop_CARRY8_S[3]_CO[7])
                                                      0.202    10.541 r  u_core/u_npu/u_engine/u_engine_shared_multiplier/result[15]_INST_0_i_10/CO[7]
                         net (fo=1, unplaced)         0.007    10.548    u_core/u_npu/u_engine/u_engine_shared_multiplier/result[15]_INST_0_i_10_n_0
                         CARRY8 (Prop_CARRY8_CI_CO[7])
                                                      0.030    10.578 r  u_core/u_npu/u_engine/u_engine_shared_multiplier/result[21]_INST_0_i_11/CO[7]
                         net (fo=1, unplaced)         0.007    10.585    u_core/u_npu/u_engine/u_engine_shared_multiplier/result[21]_INST_0_i_11_n_0
                         CARRY8 (Prop_CARRY8_CI_O[4])
                                                      0.109    10.694 r  u_core/u_npu/u_engine/u_engine_shared_multiplier/result[30]_INST_0_i_70/O[4]
                         net (fo=58, unplaced)        0.285    10.979    u_core/u_npu/u_engine/u_engine_shared_multiplier/p_0_in
                         LUT4 (Prop_LUT4_I1_O)        0.085    11.064 r  u_core/u_npu/u_engine/u_engine_shared_multiplier/result[7]_INST_0_i_39/O
                         net (fo=1, unplaced)         0.214    11.278    u_core/u_npu/u_engine/u_engine_shared_multiplier/result[7]_INST_0_i_39_n_0
                         LUT5 (Prop_LUT5_I4_O)        0.039    11.317 r  u_core/u_npu/u_engine/u_engine_shared_multiplier/result[7]_INST_0_i_15/O
                         net (fo=1, unplaced)         0.214    11.531    u_core/u_npu/u_engine/u_engine_shared_multiplier/result[7]_INST_0_i_15_n_0
                         LUT6 (Prop_LUT6_I4_O)        0.039    11.570 r  u_core/u_npu/u_engine/u_engine_shared_multiplier/result[7]_INST_0_i_10/O
                         net (fo=1, unplaced)         0.018    11.588    u_core/u_npu/u_engine/u_engine_shared_multiplier/result[7]_INST_0_i_10_n_0
                         CARRY8 (Prop_CARRY8_S[0]_CO[7])
                                                      0.245    11.833 r  u_core/u_npu/u_engine/u_engine_shared_multiplier/result[7]_INST_0_i_1/CO[7]
                         net (fo=1, unplaced)         0.007    11.840    u_core/u_npu/u_engine/u_engine_shared_multiplier/result[7]_INST_0_i_1_n_0
                         CARRY8 (Prop_CARRY8_CI_CO[7])
                                                      0.030    11.870 r  u_core/u_npu/u_engine/u_engine_shared_multiplier/result[15]_INST_0_i_1/CO[7]
                         net (fo=1, unplaced)         0.007    11.877    u_core/u_npu/u_engine/u_engine_shared_multiplier/result[15]_INST_0_i_1_n_0
                         CARRY8 (Prop_CARRY8_CI_CO[7])
                                                      0.030    11.907 r  u_core/u_npu/u_engine/u_engine_shared_multiplier/result[21]_INST_0_i_1/CO[7]
                         net (fo=1, unplaced)         0.007    11.914    u_core/u_npu/u_engine/u_engine_shared_multiplier/result[21]_INST_0_i_1_n_0
                         CARRY8 (Prop_CARRY8_CI_CO[0])
                                                      0.068    11.982 r  u_core/u_npu/u_engine/u_engine_shared_multiplier/result[21]_INST_0_i_2/CO[0]
                         net (fo=25, unplaced)        0.268    12.250    u_core/u_npu/u_engine/u_engine_shared_multiplier/result[21]_INST_0_i_2_n_7
                         LUT4 (Prop_LUT4_I3_O)        0.039    12.289 r  u_core/u_npu/u_engine/u_engine_shared_multiplier/result[30]_INST_0_i_36/O
                         net (fo=1, unplaced)         0.018    12.307    u_core/u_npu/u_engine/u_engine_shared_multiplier/result[30]_INST_0_i_36_n_0
                         CARRY8 (Prop_CARRY8_S[0]_CO[7])
                                                      0.245    12.552 r  u_core/u_npu/u_engine/u_engine_shared_multiplier/result[30]_INST_0_i_3/CO[7]
                         net (fo=1, unplaced)         0.007    12.559    u_core/u_npu/u_engine/u_engine_shared_multiplier/result[30]_INST_0_i_3_n_0
                         CARRY8 (Prop_CARRY8_CI_CO[7])
                                                      0.030    12.589 r  u_core/u_npu/u_engine/u_engine_shared_multiplier/result[30]_INST_0_i_72/CO[7]
                         net (fo=1, unplaced)         0.007    12.596    u_core/u_npu/u_engine/u_engine_shared_multiplier/result[30]_INST_0_i_72_n_0
                         CARRY8 (Prop_CARRY8_CI_O[5])
                                                      0.145    12.741 f  u_core/u_npu/u_engine/u_engine_shared_multiplier/result[30]_INST_0_i_51/O[5]
                         net (fo=3, unplaced)         0.168    12.909    u_core/u_npu/u_engine/u_engine_shared_multiplier/exp_result[21]
                         LUT2 (Prop_LUT2_I0_O)        0.127    13.036 f  u_core/u_npu/u_engine/u_engine_shared_multiplier/result[30]_INST_0_i_11/O
                         net (fo=1, unplaced)         0.234    13.270    u_core/u_npu/u_engine/u_engine_shared_multiplier/result[30]_INST_0_i_11_n_0
                         CARRY8 (Prop_CARRY8_DI[1]_CO[6])
                                                      0.214    13.484 f  u_core/u_npu/u_engine/u_engine_shared_multiplier/result[30]_INST_0_i_1/CO[6]
                         net (fo=31, unplaced)        0.216    13.700    u_core/u_npu/u_engine/u_engine_shared_multiplier/result[30]_INST_0_i_1_n_1
                         LUT5 (Prop_LUT5_I4_O)        0.039    13.739 f  u_core/u_npu/u_engine/u_engine_shared_multiplier/result[22]_INST_0_i_1/O
                         net (fo=1, unplaced)         0.214    13.953    u_core/u_npu/u_engine/u_engine_shared_multiplier/result[22]_INST_0_i_1_n_0
                         LUT4 (Prop_LUT4_I1_O)        0.039    13.992 r  u_core/u_npu/u_engine/u_engine_shared_multiplier/result[22]_INST_0/O
                         net (fo=45, unplaced)        0.281    14.273    u_core/u_npu/u_engine/u_layernorm/external_mul_result[22]
                         LUT3 (Prop_LUT3_I0_O)        0.039    14.312 r  u_core/u_npu/u_engine/u_layernorm/rsqrt_estimate[22]_i_1/O
                         net (fo=1, unplaced)         0.058    14.370    u_core/u_npu/u_engine/u_layernorm/rsqrt_estimate[22]_i_1_n_0
                         FDRE                                         r  u_core/u_npu/u_engine/u_layernorm/rsqrt_estimate_reg[22]/D
  -------------------------------------------------------------------    -------------------

                         (clock aclk rise edge)      20.000    20.000 r  
                                                      0.000    20.000 r  aclk (IN)
                         net (fo=62495, unset)        0.024    20.024    u_core/u_npu/u_engine/u_layernorm/clk
                         FDRE                                         r  u_core/u_npu/u_engine/u_layernorm/rsqrt_estimate_reg[22]/C
                         clock pessimism              0.000    20.024    
                         clock uncertainty           -0.235    19.789    
                         FDRE (Setup_FDRE_C_D)        0.027    19.816    u_core/u_npu/u_engine/u_layernorm/rsqrt_estimate_reg[22]
  -------------------------------------------------------------------
                         required time                         19.816    
                         arrival time                         -14.370    
  -------------------------------------------------------------------
                         slack                                  5.446    

Slack (MET) :             5.446ns  (required time - arrival time)
  Source:                 u_core/u_npu/u_engine/u_gelu/u_serial_core/exp_scaled_reg[27]/C
                            (rising edge-triggered cell FDRE clocked by aclk  {rise@0.000ns fall@10.000ns period=20.000ns})
  Destination:            u_core/u_npu/u_engine/u_layernorm/token_inv_std_reg[22]/D
                            (rising edge-triggered cell FDRE clocked by aclk  {rise@0.000ns fall@10.000ns period=20.000ns})
  Path Group:             aclk
  Path Type:              Setup (Max at Slow Process Corner)
  Requirement:            20.000ns  (aclk rise@20.000ns - aclk rise@0.000ns)
  Data Path Delay:        14.335ns  (logic 5.030ns (35.089%)  route 9.305ns (64.911%))
  Logic Levels:           59  (CARRY8=21 LUT2=3 LUT3=8 LUT4=6 LUT5=8 LUT6=13)
  Clock Path Skew:        -0.011ns (DCD - SCD + CPR)
    Destination Clock Delay (DCD):    0.024ns = ( 20.024 - 20.000 ) 
    Source Clock Delay      (SCD):    0.035ns
    Clock Pessimism Removal (CPR):    0.000ns
  Clock Uncertainty:      0.235ns  ((TSJ^2 + TIJ^2)^1/2 + DJ) / 2 + PE + UU
    Total System Jitter     (TSJ):    0.071ns
    Total Input Jitter      (TIJ):    0.000ns
    Discrete Jitter          (DJ):    0.000ns
    Phase Error              (PE):    0.000ns
    User Uncertainty         (UU):    0.200ns

    Location             Delay type                Incr(ns)  Path(ns)    Netlist Resource(s)
  -------------------------------------------------------------------    -------------------
                         (clock aclk rise edge)       0.000     0.000 r  
                                                      0.000     0.000 r  aclk (IN)
                         net (fo=62495, unset)        0.035     0.035    u_core/u_npu/u_engine/u_gelu/u_serial_core/clk
                         FDRE                                         r  u_core/u_npu/u_engine/u_gelu/u_serial_core/exp_scaled_reg[27]/C
  -------------------------------------------------------------------    -------------------
                         FDRE (Prop_FDRE_C_Q)         0.096     0.131 f  u_core/u_npu/u_engine/u_gelu/u_serial_core/exp_scaled_reg[27]/Q
                         net (fo=15, unplaced)        0.219     0.350    u_core/u_npu/u_engine/u_gelu/u_serial_core/u_exp_to_integer/value[27]
                         LUT6 (Prop_LUT6_I0_O)        0.178     0.528 r  u_core/u_npu/u_engine/u_gelu/u_serial_core/u_exp_to_integer/result[31]_INST_0_i_8/O
                         net (fo=78, unplaced)        0.294     0.822    u_core/u_npu/u_engine/u_gelu/u_serial_core/u_exp_to_integer/result[31]_INST_0_i_8_n_0
                         LUT3 (Prop_LUT3_I1_O)        0.083     0.905 r  u_core/u_npu/u_engine/u_gelu/u_serial_core/u_exp_to_integer/result[31]_INST_0_i_66/O
                         net (fo=1, unplaced)         0.232     1.137    u_core/u_npu/u_engine/u_gelu/u_serial_core/u_exp_to_integer/result[31]_INST_0_i_66_n_0
                         CARRY8 (Prop_CARRY8_DI[2]_CO[7])
                                                      0.142     1.279 r  u_core/u_npu/u_engine/u_gelu/u_serial_core/u_exp_to_integer/result[31]_INST_0_i_31/CO[7]
                         net (fo=1, unplaced)         0.007     1.286    u_core/u_npu/u_engine/u_gelu/u_serial_core/u_exp_to_integer/result[31]_INST_0_i_31_n_0
                         CARRY8 (Prop_CARRY8_CI_CO[6])
                                                      0.116     1.402 r  u_core/u_npu/u_engine/u_gelu/u_serial_core/u_exp_to_integer/result[31]_INST_0_i_9/CO[6]
                         net (fo=17, unplaced)        0.202     1.604    u_core/u_npu/u_engine/u_gelu/u_serial_core/u_exp_to_integer/result[31]_INST_0_i_9_n_1
                         LUT6 (Prop_LUT6_I1_O)        0.039     1.643 r  u_core/u_npu/u_engine/u_gelu/u_serial_core/u_exp_to_integer/result[30]_INST_0_i_5/O
                         net (fo=36, unplaced)        0.276     1.919    u_core/u_npu/u_engine/u_gelu/u_serial_core/u_exp_to_integer/result[30]_INST_0_i_5_n_0
                         LUT3 (Prop_LUT3_I2_O)        0.085     2.004 r  u_core/u_npu/u_engine/u_gelu/u_serial_core/u_exp_to_integer/result[28]_INST_0_i_7/O
                         net (fo=1, unplaced)         0.214     2.218    u_core/u_npu/u_engine/u_gelu/u_serial_core/u_exp_to_integer/result[28]_INST_0_i_7_n_0
                         LUT6 (Prop_LUT6_I4_O)        0.039     2.257 r  u_core/u_npu/u_engine/u_gelu/u_serial_core/u_exp_to_integer/result[28]_INST_0_i_1/O
                         net (fo=1, unplaced)         0.214     2.471    u_core/u_npu/u_engine/u_gelu/u_serial_core/u_exp_to_integer/result[28]_INST_0_i_1_n_0
                         LUT6 (Prop_LUT6_I0_O)        0.039     2.510 r  u_core/u_npu/u_engine/u_gelu/u_serial_core/u_exp_to_integer/result[28]_INST_0/O
                         net (fo=3, unplaced)         0.162     2.672    u_core/u_npu/u_engine/u_gelu/u_serial_core/exp_scale_integer_comb[28]
                         LUT4 (Prop_LUT4_I1_O)        0.064     2.736 r  u_core/u_npu/u_engine/u_gelu/u_serial_core/u_exp_from_integer_i_4/O
                         net (fo=12, unplaced)        0.198     2.934    u_core/u_npu/u_engine/u_gelu/u_serial_core/u_exp_from_integer/value[28]
                         LUT4 (Prop_LUT4_I0_O)        0.115     3.049 f  u_core/u_npu/u_engine/u_gelu/u_serial_core/u_exp_from_integer/result[30]_INST_0_i_11/O
                         net (fo=2, unplaced)         0.214     3.263    u_core/u_npu/u_engine/u_gelu/u_serial_core/u_exp_from_integer/result[30]_INST_0_i_11_n_0
                         LUT5 (Prop_LUT5_I0_O)        0.039     3.302 f  u_core/u_npu/u_engine/u_gelu/u_serial_core/u_exp_from_integer/result[30]_INST_0_i_27/O
                         net (fo=45, unplaced)        0.226     3.528    u_core/u_npu/u_engine/u_gelu/u_serial_core/u_exp_from_integer/result[30]_INST_0_i_27_n_0
                         LUT3 (Prop_LUT3_I2_O)        0.100     3.628 r  u_core/u_npu/u_engine/u_gelu/u_serial_core/u_exp_from_integer/result[30]_INST_0_i_5/O
                         net (fo=21, unplaced)        0.264     3.892    u_core/u_npu/u_engine/u_gelu/u_serial_core/u_exp_from_integer/result[30]_INST_0_i_5_n_0
                         LUT3 (Prop_LUT3_I2_O)        0.039     3.931 f  u_core/u_npu/u_engine/u_gelu/u_serial_core/u_exp_from_integer/result[22]_INST_0_i_45/O
                         net (fo=16, unplaced)        0.258     4.189    u_core/u_npu/u_engine/u_gelu/u_serial_core/u_exp_from_integer/result[22]_INST_0_i_45_n_0
                         LUT2 (Prop_LUT2_I1_O)        0.039     4.228 r  u_core/u_npu/u_engine/u_gelu/u_serial_core/u_exp_from_integer/result[30]_INST_0_i_106/O
                         net (fo=1, unplaced)         0.000     4.228    u_core/u_npu/u_engine/u_gelu/u_serial_core/u_exp_from_integer/rounded_mantissa5[0]
                         CARRY8 (Prop_CARRY8_CI_O[0])
                                                      0.137     4.365 r  u_core/u_npu/u_engine/u_gelu/u_serial_core/u_exp_from_integer/result[30]_INST_0_i_93/O[0]
                         net (fo=2, unplaced)         0.214     4.579    u_core/u_npu/u_engine/u_gelu/u_serial_core/u_exp_from_integer/result[30]_INST_0_i_93_n_15
                         LUT3 (Prop_LUT3_I2_O)        0.039     4.618 f  u_core/u_npu/u_engine/u_gelu/u_serial_core/u_exp_from_integer/result[30]_INST_0_i_105/O
                         net (fo=2, unplaced)         0.214     4.832    u_core/u_npu/u_engine/u_gelu/u_serial_core/u_exp_from_integer/result[30]_INST_0_i_105_n_0
                         LUT5 (Prop_LUT5_I4_O)        0.085     4.917 r  u_core/u_npu/u_engine/u_gelu/u_serial_core/u_exp_from_integer/result[30]_INST_0_i_96/O
                         net (fo=1, unplaced)         0.214     5.131    u_core/u_npu/u_engine/u_gelu/u_serial_core/u_exp_from_integer/result[30]_INST_0_i_96_n_0
                         LUT6 (Prop_LUT6_I5_O)        0.039     5.170 r  u_core/u_npu/u_engine/u_gelu/u_serial_core/u_exp_from_integer/result[30]_INST_0_i_72/O
                         net (fo=1, unplaced)         0.018     5.188    u_core/u_npu/u_engine/u_gelu/u_serial_core/u_exp_from_integer/result[30]_INST_0_i_72_n_0
                         CARRY8 (Prop_CARRY8_S[0]_CO[7])
                                                      0.245     5.433 f  u_core/u_npu/u_engine/u_gelu/u_serial_core/u_exp_from_integer/result[30]_INST_0_i_41/CO[7]
                         net (fo=1, unplaced)         0.007     5.440    u_core/u_npu/u_engine/u_gelu/u_serial_core/u_exp_from_integer/result[30]_INST_0_i_41_n_0
                         CARRY8 (Prop_CARRY8_CI_CO[2])
                                                      0.073     5.513 f  u_core/u_npu/u_engine/u_gelu/u_serial_core/u_exp_from_integer/result[30]_INST_0_i_24/CO[2]
                         net (fo=3, unplaced)         0.220     5.733    u_core/u_npu/u_engine/u_gelu/u_serial_core/u_exp_from_integer/result[30]_INST_0_i_24_n_5
                         LUT5 (Prop_LUT5_I4_O)        0.039     5.772 r  u_core/u_npu/u_engine/u_gelu/u_serial_core/u_exp_from_integer/result[22]_INST_0_i_3/O
                         net (fo=23, unplaced)        0.266     6.038    u_core/u_npu/u_engine/u_gelu/u_serial_core/u_exp_from_integer/result[22]_INST_0_i_3_n_0
                         LUT5 (Prop_LUT5_I2_O)        0.039     6.077 f  u_core/u_npu/u_engine/u_gelu/u_serial_core/u_exp_from_integer/result[4]_INST_0_i_1/O
                         net (fo=2, unplaced)         0.214     6.291    u_core/u_npu/u_engine/u_gelu/u_serial_core/u_exp_from_integer/result[4]_INST_0_i_1_n_0
                         LUT3 (Prop_LUT3_I2_O)        0.085     6.376 f  u_core/u_npu/u_engine/u_gelu/u_serial_core/u_exp_from_integer/result[3]_INST_0/O
                         net (fo=1, unplaced)         0.214     6.590    u_core/u_npu/u_engine/u_gelu/u_serial_core/integer_as_fp32[3]
                         LUT6 (Prop_LUT6_I2_O)        0.039     6.629 f  u_core/u_npu/u_engine/u_gelu/u_serial_core/mul_operand_a[3]_INST_0_i_3/O
                         net (fo=1, unplaced)         0.214     6.843    u_core/u_npu/u_engine/u_gelu/u_serial_core/mul_operand_a[3]_INST_0_i_3_n_0
                         LUT5 (Prop_LUT5_I1_O)        0.085     6.928 f  u_core/u_npu/u_engine/u_gelu/u_serial_core/mul_operand_a[3]_INST_0_i_1/O
                         net (fo=1, unplaced)         0.214     7.142    u_core/u_npu/u_engine/u_gelu/u_serial_core/mul_operand_a[3]_INST_0_i_1_n_0
                         LUT6 (Prop_LUT6_I0_O)        0.039     7.181 f  u_core/u_npu/u_engine/u_gelu/u_serial_core/mul_operand_a[3]_INST_0/O
                         net (fo=1, unplaced)         0.214     7.395    u_core/u_npu/u_engine/gelu_mul_operand_a[3]
                         LUT6 (Prop_LUT6_I4_O)        0.039     7.434 f  u_core/u_npu/u_engine/u_engine_shared_multiplier_i_94/O
                         net (fo=1, unplaced)         0.214     7.648    u_core/u_npu/u_engine/u_engine_shared_multiplier_i_94_n_0
                         LUT6 (Prop_LUT6_I5_O)        0.039     7.687 f  u_core/u_npu/u_engine/u_engine_shared_multiplier_i_29/O
                         net (fo=58, unplaced)        0.287     7.974    u_core/u_npu/u_engine/u_engine_shared_multiplier/a[3]
                         LUT2 (Prop_LUT2_I0_O)        0.085     8.059 r  u_core/u_npu/u_engine/u_engine_shared_multiplier/result[7]_INST_0_i_266/O
                         net (fo=1, unplaced)         0.214     8.273    u_core/u_npu/u_engine/u_engine_shared_multiplier/result[7]_INST_0_i_266_n_0
                         LUT6 (Prop_LUT6_I3_O)        0.039     8.312 r  u_core/u_npu/u_engine/u_engine_shared_multiplier/result[7]_INST_0_i_216/O
                         net (fo=1, unplaced)         0.019     8.331    u_core/u_npu/u_engine/u_engine_shared_multiplier/result[7]_INST_0_i_216_n_0
                         CARRY8 (Prop_CARRY8_S[5]_CO[7])
                                                      0.204     8.535 r  u_core/u_npu/u_engine/u_engine_shared_multiplier/result[7]_INST_0_i_164/CO[7]
                         net (fo=1, unplaced)         0.007     8.542    u_core/u_npu/u_engine/u_engine_shared_multiplier/result[7]_INST_0_i_164_n_0
                         CARRY8 (Prop_CARRY8_CI_O[2])
                                                      0.086     8.628 r  u_core/u_npu/u_engine/u_engine_shared_multiplier/result[15]_INST_0_i_117/O[2]
                         net (fo=2, unplaced)         0.214     8.842    u_core/u_npu/u_engine/u_engine_shared_multiplier/result[15]_INST_0_i_117_n_13
                         LUT3 (Prop_LUT3_I0_O)        0.100     8.942 r  u_core/u_npu/u_engine/u_engine_shared_multiplier/result[7]_INST_0_i_145/O
                         net (fo=2, unplaced)         0.214     9.156    u_core/u_npu/u_engine/u_engine_shared_multiplier/result[7]_INST_0_i_145_n_0
                         LUT4 (Prop_LUT4_I3_O)        0.039     9.195 r  u_core/u_npu/u_engine/u_engine_shared_multiplier/result[7]_INST_0_i_153/O
                         net (fo=1, unplaced)         0.019     9.214    u_core/u_npu/u_engine/u_engine_shared_multiplier/result[7]_INST_0_i_153_n_0
                         CARRY8 (Prop_CARRY8_S[5]_CO[7])
                                                      0.204     9.418 r  u_core/u_npu/u_engine/u_engine_shared_multiplier/result[7]_INST_0_i_62/CO[7]
                         net (fo=1, unplaced)         0.007     9.425    u_core/u_npu/u_engine/u_engine_shared_multiplier/result[7]_INST_0_i_62_n_0
                         CARRY8 (Prop_CARRY8_CI_CO[7])
                                                      0.030     9.455 r  u_core/u_npu/u_engine/u_engine_shared_multiplier/result[15]_INST_0_i_36/CO[7]
                         net (fo=1, unplaced)         0.007     9.462    u_core/u_npu/u_engine/u_engine_shared_multiplier/result[15]_INST_0_i_36_n_0
                         CARRY8 (Prop_CARRY8_CI_O[1])
                                                      0.097     9.559 r  u_core/u_npu/u_engine/u_engine_shared_multiplier/result[21]_INST_0_i_31/O[1]
                         net (fo=3, unplaced)         0.218     9.777    u_core/u_npu/u_engine/u_engine_shared_multiplier/result[21]_INST_0_i_31_n_14
                         LUT3 (Prop_LUT3_I2_O)        0.039     9.816 r  u_core/u_npu/u_engine/u_engine_shared_multiplier/result[15]_INST_0_i_32/O
                         net (fo=2, unplaced)         0.214    10.030    u_core/u_npu/u_engine/u_engine_shared_multiplier/result[15]_INST_0_i_32_n_0
                         LUT5 (Prop_LUT5_I1_O)        0.039    10.069 r  u_core/u_npu/u_engine/u_engine_shared_multiplier/result[15]_INST_0_i_15/O
                         net (fo=2, unplaced)         0.214    10.283    u_core/u_npu/u_engine/u_engine_shared_multiplier/result[15]_INST_0_i_15_n_0
                         LUT6 (Prop_LUT6_I0_O)        0.039    10.322 r  u_core/u_npu/u_engine/u_engine_shared_multiplier/result[15]_INST_0_i_23/O
                         net (fo=1, unplaced)         0.017    10.339    u_core/u_npu/u_engine/u_engine_shared_multiplier/result[15]_INST_0_i_23_n_0
                         CARRY8 (Prop_CARRY8_S[3]_CO[7])
                                                      0.202    10.541 r  u_core/u_npu/u_engine/u_engine_shared_multiplier/result[15]_INST_0_i_10/CO[7]
                         net (fo=1, unplaced)         0.007    10.548    u_core/u_npu/u_engine/u_engine_shared_multiplier/result[15]_INST_0_i_10_n_0
                         CARRY8 (Prop_CARRY8_CI_CO[7])
                                                      0.030    10.578 r  u_core/u_npu/u_engine/u_engine_shared_multiplier/result[21]_INST_0_i_11/CO[7]
                         net (fo=1, unplaced)         0.007    10.585    u_core/u_npu/u_engine/u_engine_shared_multiplier/result[21]_INST_0_i_11_n_0
                         CARRY8 (Prop_CARRY8_CI_O[4])
                                                      0.109    10.694 r  u_core/u_npu/u_engine/u_engine_shared_multiplier/result[30]_INST_0_i_70/O[4]
                         net (fo=58, unplaced)        0.285    10.979    u_core/u_npu/u_engine/u_engine_shared_multiplier/p_0_in
                         LUT4 (Prop_LUT4_I1_O)        0.085    11.064 r  u_core/u_npu/u_engine/u_engine_shared_multiplier/result[7]_INST_0_i_39/O
                         net (fo=1, unplaced)         0.214    11.278    u_core/u_npu/u_engine/u_engine_shared_multiplier/result[7]_INST_0_i_39_n_0
                         LUT5 (Prop_LUT5_I4_O)        0.039    11.317 r  u_core/u_npu/u_engine/u_engine_shared_multiplier/result[7]_INST_0_i_15/O
                         net (fo=1, unplaced)         0.214    11.531    u_core/u_npu/u_engine/u_engine_shared_multiplier/result[7]_INST_0_i_15_n_0
                         LUT6 (Prop_LUT6_I4_O)        0.039    11.570 r  u_core/u_npu/u_engine/u_engine_shared_multiplier/result[7]_INST_0_i_10/O
                         net (fo=1, unplaced)         0.018    11.588    u_core/u_npu/u_engine/u_engine_shared_multiplier/result[7]_INST_0_i_10_n_0
                         CARRY8 (Prop_CARRY8_S[0]_CO[7])
                                                      0.245    11.833 r  u_core/u_npu/u_engine/u_engine_shared_multiplier/result[7]_INST_0_i_1/CO[7]
                         net (fo=1, unplaced)         0.007    11.840    u_core/u_npu/u_engine/u_engine_shared_multiplier/result[7]_INST_0_i_1_n_0
                         CARRY8 (Prop_CARRY8_CI_CO[7])
                                                      0.030    11.870 r  u_core/u_npu/u_engine/u_engine_shared_multiplier/result[15]_INST_0_i_1/CO[7]
                         net (fo=1, unplaced)         0.007    11.877    u_core/u_npu/u_engine/u_engine_shared_multiplier/result[15]_INST_0_i_1_n_0
                         CARRY8 (Prop_CARRY8_CI_CO[7])
                                                      0.030    11.907 r  u_core/u_npu/u_engine/u_engine_shared_multiplier/result[21]_INST_0_i_1/CO[7]
                         net (fo=1, unplaced)         0.007    11.914    u_core/u_npu/u_engine/u_engine_shared_multiplier/result[21]_INST_0_i_1_n_0
                         CARRY8 (Prop_CARRY8_CI_CO[0])
                                                      0.068    11.982 r  u_core/u_npu/u_engine/u_engine_shared_multiplier/result[21]_INST_0_i_2/CO[0]
                         net (fo=25, unplaced)        0.268    12.250    u_core/u_npu/u_engine/u_engine_shared_multiplier/result[21]_INST_0_i_2_n_7
                         LUT4 (Prop_LUT4_I3_O)        0.039    12.289 r  u_core/u_npu/u_engine/u_engine_shared_multiplier/result[30]_INST_0_i_36/O
                         net (fo=1, unplaced)         0.018    12.307    u_core/u_npu/u_engine/u_engine_shared_multiplier/result[30]_INST_0_i_36_n_0
                         CARRY8 (Prop_CARRY8_S[0]_CO[7])
                                                      0.245    12.552 r  u_core/u_npu/u_engine/u_engine_shared_multiplier/result[30]_INST_0_i_3/CO[7]
                         net (fo=1, unplaced)         0.007    12.559    u_core/u_npu/u_engine/u_engine_shared_multiplier/result[30]_INST_0_i_3_n_0
                         CARRY8 (Prop_CARRY8_CI_CO[7])
                                                      0.030    12.589 r  u_core/u_npu/u_engine/u_engine_shared_multiplier/result[30]_INST_0_i_72/CO[7]
                         net (fo=1, unplaced)         0.007    12.596    u_core/u_npu/u_engine/u_engine_shared_multiplier/result[30]_INST_0_i_72_n_0
                         CARRY8 (Prop_CARRY8_CI_O[5])
                                                      0.145    12.741 f  u_core/u_npu/u_engine/u_engine_shared_multiplier/result[30]_INST_0_i_51/O[5]
                         net (fo=3, unplaced)         0.168    12.909    u_core/u_npu/u_engine/u_engine_shared_multiplier/exp_result[21]
                         LUT2 (Prop_LUT2_I0_O)        0.127    13.036 f  u_core/u_npu/u_engine/u_engine_shared_multiplier/result[30]_INST_0_i_11/O
                         net (fo=1, unplaced)         0.234    13.270    u_core/u_npu/u_engine/u_engine_shared_multiplier/result[30]_INST_0_i_11_n_0
                         CARRY8 (Prop_CARRY8_DI[1]_CO[6])
                                                      0.214    13.484 f  u_core/u_npu/u_engine/u_engine_shared_multiplier/result[30]_INST_0_i_1/CO[6]
                         net (fo=31, unplaced)        0.216    13.700    u_core/u_npu/u_engine/u_engine_shared_multiplier/result[30]_INST_0_i_1_n_1
                         LUT5 (Prop_LUT5_I4_O)        0.039    13.739 f  u_core/u_npu/u_engine/u_engine_shared_multiplier/result[22]_INST_0_i_1/O
                         net (fo=1, unplaced)         0.214    13.953    u_core/u_npu/u_engine/u_engine_shared_multiplier/result[22]_INST_0_i_1_n_0
                         LUT4 (Prop_LUT4_I1_O)        0.039    13.992 r  u_core/u_npu/u_engine/u_engine_shared_multiplier/result[22]_INST_0/O
                         net (fo=45, unplaced)        0.281    14.273    u_core/u_npu/u_engine/u_layernorm/external_mul_result[22]
                         LUT6 (Prop_LUT6_I0_O)        0.039    14.312 r  u_core/u_npu/u_engine/u_layernorm/token_inv_std[22]_i_1/O
                         net (fo=1, unplaced)         0.058    14.370    u_core/u_npu/u_engine/u_layernorm/token_inv_std[22]_i_1_n_0
                         FDRE                                         r  u_core/u_npu/u_engine/u_layernorm/token_inv_std_reg[22]/D
  -------------------------------------------------------------------    -------------------

                         (clock aclk rise edge)      20.000    20.000 r  
                                                      0.000    20.000 r  aclk (IN)
                         net (fo=62495, unset)        0.024    20.024    u_core/u_npu/u_engine/u_layernorm/clk
                         FDRE                                         r  u_core/u_npu/u_engine/u_layernorm/token_inv_std_reg[22]/C
                         clock pessimism              0.000    20.024    
                         clock uncertainty           -0.235    19.789    
                         FDRE (Setup_FDRE_C_D)        0.027    19.816    u_core/u_npu/u_engine/u_layernorm/token_inv_std_reg[22]
  -------------------------------------------------------------------
                         required time                         19.816    
                         arrival time                         -14.370    
  -------------------------------------------------------------------
                         slack                                  5.446    

Slack (MET) :             5.446ns  (required time - arrival time)
  Source:                 u_core/u_npu/u_engine/u_gelu/u_serial_core/exp_scaled_reg[27]/C
                            (rising edge-triggered cell FDRE clocked by aclk  {rise@0.000ns fall@10.000ns period=20.000ns})
  Destination:            u_core/u_npu/u_engine/u_layernorm/token_variance_reg[22]/D
                            (rising edge-triggered cell FDRE clocked by aclk  {rise@0.000ns fall@10.000ns period=20.000ns})
  Path Group:             aclk
  Path Type:              Setup (Max at Slow Process Corner)
  Requirement:            20.000ns  (aclk rise@20.000ns - aclk rise@0.000ns)
  Data Path Delay:        14.335ns  (logic 5.030ns (35.089%)  route 9.305ns (64.911%))
  Logic Levels:           59  (CARRY8=21 LUT2=3 LUT3=9 LUT4=6 LUT5=8 LUT6=12)
  Clock Path Skew:        -0.011ns (DCD - SCD + CPR)
    Destination Clock Delay (DCD):    0.024ns = ( 20.024 - 20.000 ) 
    Source Clock Delay      (SCD):    0.035ns
    Clock Pessimism Removal (CPR):    0.000ns
  Clock Uncertainty:      0.235ns  ((TSJ^2 + TIJ^2)^1/2 + DJ) / 2 + PE + UU
    Total System Jitter     (TSJ):    0.071ns
    Total Input Jitter      (TIJ):    0.000ns
    Discrete Jitter          (DJ):    0.000ns
    Phase Error              (PE):    0.000ns
    User Uncertainty         (UU):    0.200ns

    Location             Delay type                Incr(ns)  Path(ns)    Netlist Resource(s)
  -------------------------------------------------------------------    -------------------
                         (clock aclk rise edge)       0.000     0.000 r  
                                                      0.000     0.000 r  aclk (IN)
                         net (fo=62495, unset)        0.035     0.035    u_core/u_npu/u_engine/u_gelu/u_serial_core/clk
                         FDRE                                         r  u_core/u_npu/u_engine/u_gelu/u_serial_core/exp_scaled_reg[27]/C
  -------------------------------------------------------------------    -------------------
                         FDRE (Prop_FDRE_C_Q)         0.096     0.131 f  u_core/u_npu/u_engine/u_gelu/u_serial_core/exp_scaled_reg[27]/Q
                         net (fo=15, unplaced)        0.219     0.350    u_core/u_npu/u_engine/u_gelu/u_serial_core/u_exp_to_integer/value[27]
                         LUT6 (Prop_LUT6_I0_O)        0.178     0.528 r  u_core/u_npu/u_engine/u_gelu/u_serial_core/u_exp_to_integer/result[31]_INST_0_i_8/O
                         net (fo=78, unplaced)        0.294     0.822    u_core/u_npu/u_engine/u_gelu/u_serial_core/u_exp_to_integer/result[31]_INST_0_i_8_n_0
                         LUT3 (Prop_LUT3_I1_O)        0.083     0.905 r  u_core/u_npu/u_engine/u_gelu/u_serial_core/u_exp_to_integer/result[31]_INST_0_i_66/O
                         net (fo=1, unplaced)         0.232     1.137    u_core/u_npu/u_engine/u_gelu/u_serial_core/u_exp_to_integer/result[31]_INST_0_i_66_n_0
                         CARRY8 (Prop_CARRY8_DI[2]_CO[7])
                                                      0.142     1.279 r  u_core/u_npu/u_engine/u_gelu/u_serial_core/u_exp_to_integer/result[31]_INST_0_i_31/CO[7]
                         net (fo=1, unplaced)         0.007     1.286    u_core/u_npu/u_engine/u_gelu/u_serial_core/u_exp_to_integer/result[31]_INST_0_i_31_n_0
                         CARRY8 (Prop_CARRY8_CI_CO[6])
                                                      0.116     1.402 r  u_core/u_npu/u_engine/u_gelu/u_serial_core/u_exp_to_integer/result[31]_INST_0_i_9/CO[6]
                         net (fo=17, unplaced)        0.202     1.604    u_core/u_npu/u_engine/u_gelu/u_serial_core/u_exp_to_integer/result[31]_INST_0_i_9_n_1
                         LUT6 (Prop_LUT6_I1_O)        0.039     1.643 r  u_core/u_npu/u_engine/u_gelu/u_serial_core/u_exp_to_integer/result[30]_INST_0_i_5/O
                         net (fo=36, unplaced)        0.276     1.919    u_core/u_npu/u_engine/u_gelu/u_serial_core/u_exp_to_integer/result[30]_INST_0_i_5_n_0
                         LUT3 (Prop_LUT3_I2_O)        0.085     2.004 r  u_core/u_npu/u_engine/u_gelu/u_serial_core/u_exp_to_integer/result[28]_INST_0_i_7/O
                         net (fo=1, unplaced)         0.214     2.218    u_core/u_npu/u_engine/u_gelu/u_serial_core/u_exp_to_integer/result[28]_INST_0_i_7_n_0
                         LUT6 (Prop_LUT6_I4_O)        0.039     2.257 r  u_core/u_npu/u_engine/u_gelu/u_serial_core/u_exp_to_integer/result[28]_INST_0_i_1/O
                         net (fo=1, unplaced)         0.214     2.471    u_core/u_npu/u_engine/u_gelu/u_serial_core/u_exp_to_integer/result[28]_INST_0_i_1_n_0
                         LUT6 (Prop_LUT6_I0_O)        0.039     2.510 r  u_core/u_npu/u_engine/u_gelu/u_serial_core/u_exp_to_integer/result[28]_INST_0/O
                         net (fo=3, unplaced)         0.162     2.672    u_core/u_npu/u_engine/u_gelu/u_serial_core/exp_scale_integer_comb[28]
                         LUT4 (Prop_LUT4_I1_O)        0.064     2.736 r  u_core/u_npu/u_engine/u_gelu/u_serial_core/u_exp_from_integer_i_4/O
                         net (fo=12, unplaced)        0.198     2.934    u_core/u_npu/u_engine/u_gelu/u_serial_core/u_exp_from_integer/value[28]
                         LUT4 (Prop_LUT4_I0_O)        0.115     3.049 f  u_core/u_npu/u_engine/u_gelu/u_serial_core/u_exp_from_integer/result[30]_INST_0_i_11/O
                         net (fo=2, unplaced)         0.214     3.263    u_core/u_npu/u_engine/u_gelu/u_serial_core/u_exp_from_integer/result[30]_INST_0_i_11_n_0
                         LUT5 (Prop_LUT5_I0_O)        0.039     3.302 f  u_core/u_npu/u_engine/u_gelu/u_serial_core/u_exp_from_integer/result[30]_INST_0_i_27/O
                         net (fo=45, unplaced)        0.226     3.528    u_core/u_npu/u_engine/u_gelu/u_serial_core/u_exp_from_integer/result[30]_INST_0_i_27_n_0
                         LUT3 (Prop_LUT3_I2_O)        0.100     3.628 r  u_core/u_npu/u_engine/u_gelu/u_serial_core/u_exp_from_integer/result[30]_INST_0_i_5/O
                         net (fo=21, unplaced)        0.264     3.892    u_core/u_npu/u_engine/u_gelu/u_serial_core/u_exp_from_integer/result[30]_INST_0_i_5_n_0
                         LUT3 (Prop_LUT3_I2_O)        0.039     3.931 f  u_core/u_npu/u_engine/u_gelu/u_serial_core/u_exp_from_integer/result[22]_INST_0_i_45/O
                         net (fo=16, unplaced)        0.258     4.189    u_core/u_npu/u_engine/u_gelu/u_serial_core/u_exp_from_integer/result[22]_INST_0_i_45_n_0
                         LUT2 (Prop_LUT2_I1_O)        0.039     4.228 r  u_core/u_npu/u_engine/u_gelu/u_serial_core/u_exp_from_integer/result[30]_INST_0_i_106/O
                         net (fo=1, unplaced)         0.000     4.228    u_core/u_npu/u_engine/u_gelu/u_serial_core/u_exp_from_integer/rounded_mantissa5[0]
                         CARRY8 (Prop_CARRY8_CI_O[0])
                                                      0.137     4.365 r  u_core/u_npu/u_engine/u_gelu/u_serial_core/u_exp_from_integer/result[30]_INST_0_i_93/O[0]
                         net (fo=2, unplaced)         0.214     4.579    u_core/u_npu/u_engine/u_gelu/u_serial_core/u_exp_from_integer/result[30]_INST_0_i_93_n_15
                         LUT3 (Prop_LUT3_I2_O)        0.039     4.618 f  u_core/u_npu/u_engine/u_gelu/u_serial_core/u_exp_from_integer/result[30]_INST_0_i_105/O
                         net (fo=2, unplaced)         0.214     4.832    u_core/u_npu/u_engine/u_gelu/u_serial_core/u_exp_from_integer/result[30]_INST_0_i_105_n_0
                         LUT5 (Prop_LUT5_I4_O)        0.085     4.917 r  u_core/u_npu/u_engine/u_gelu/u_serial_core/u_exp_from_integer/result[30]_INST_0_i_96/O
                         net (fo=1, unplaced)         0.214     5.131    u_core/u_npu/u_engine/u_gelu/u_serial_core/u_exp_from_integer/result[30]_INST_0_i_96_n_0
                         LUT6 (Prop_LUT6_I5_O)        0.039     5.170 r  u_core/u_npu/u_engine/u_gelu/u_serial_core/u_exp_from_integer/result[30]_INST_0_i_72/O
                         net (fo=1, unplaced)         0.018     5.188    u_core/u_npu/u_engine/u_gelu/u_serial_core/u_exp_from_integer/result[30]_INST_0_i_72_n_0
                         CARRY8 (Prop_CARRY8_S[0]_CO[7])
                                                      0.245     5.433 f  u_core/u_npu/u_engine/u_gelu/u_serial_core/u_exp_from_integer/result[30]_INST_0_i_41/CO[7]
                         net (fo=1, unplaced)         0.007     5.440    u_core/u_npu/u_engine/u_gelu/u_serial_core/u_exp_from_integer/result[30]_INST_0_i_41_n_0
                         CARRY8 (Prop_CARRY8_CI_CO[2])
                                                      0.073     5.513 f  u_core/u_npu/u_engine/u_gelu/u_serial_core/u_exp_from_integer/result[30]_INST_0_i_24/CO[2]
                         net (fo=3, unplaced)         0.220     5.733    u_core/u_npu/u_engine/u_gelu/u_serial_core/u_exp_from_integer/result[30]_INST_0_i_24_n_5
                         LUT5 (Prop_LUT5_I4_O)        0.039     5.772 r  u_core/u_npu/u_engine/u_gelu/u_serial_core/u_exp_from_integer/result[22]_INST_0_i_3/O
                         net (fo=23, unplaced)        0.266     6.038    u_core/u_npu/u_engine/u_gelu/u_serial_core/u_exp_from_integer/result[22]_INST_0_i_3_n_0
                         LUT5 (Prop_LUT5_I2_O)        0.039     6.077 f  u_core/u_npu/u_engine/u_gelu/u_serial_core/u_exp_from_integer/result[4]_INST_0_i_1/O
                         net (fo=2, unplaced)         0.214     6.291    u_core/u_npu/u_engine/u_gelu/u_serial_core/u_exp_from_integer/result[4]_INST_0_i_1_n_0
                         LUT3 (Prop_LUT3_I2_O)        0.085     6.376 f  u_core/u_npu/u_engine/u_gelu/u_serial_core/u_exp_from_integer/result[3]_INST_0/O
                         net (fo=1, unplaced)         0.214     6.590    u_core/u_npu/u_engine/u_gelu/u_serial_core/integer_as_fp32[3]
                         LUT6 (Prop_LUT6_I2_O)        0.039     6.629 f  u_core/u_npu/u_engine/u_gelu/u_serial_core/mul_operand_a[3]_INST_0_i_3/O
                         net (fo=1, unplaced)         0.214     6.843    u_core/u_npu/u_engine/u_gelu/u_serial_core/mul_operand_a[3]_INST_0_i_3_n_0
                         LUT5 (Prop_LUT5_I1_O)        0.085     6.928 f  u_core/u_npu/u_engine/u_gelu/u_serial_core/mul_operand_a[3]_INST_0_i_1/O
                         net (fo=1, unplaced)         0.214     7.142    u_core/u_npu/u_engine/u_gelu/u_serial_core/mul_operand_a[3]_INST_0_i_1_n_0
                         LUT6 (Prop_LUT6_I0_O)        0.039     7.181 f  u_core/u_npu/u_engine/u_gelu/u_serial_core/mul_operand_a[3]_INST_0/O
                         net (fo=1, unplaced)         0.214     7.395    u_core/u_npu/u_engine/gelu_mul_operand_a[3]
                         LUT6 (Prop_LUT6_I4_O)        0.039     7.434 f  u_core/u_npu/u_engine/u_engine_shared_multiplier_i_94/O
                         net (fo=1, unplaced)         0.214     7.648    u_core/u_npu/u_engine/u_engine_shared_multiplier_i_94_n_0
                         LUT6 (Prop_LUT6_I5_O)        0.039     7.687 f  u_core/u_npu/u_engine/u_engine_shared_multiplier_i_29/O
                         net (fo=58, unplaced)        0.287     7.974    u_core/u_npu/u_engine/u_engine_shared_multiplier/a[3]
                         LUT2 (Prop_LUT2_I0_O)        0.085     8.059 r  u_core/u_npu/u_engine/u_engine_shared_multiplier/result[7]_INST_0_i_266/O
                         net (fo=1, unplaced)         0.214     8.273    u_core/u_npu/u_engine/u_engine_shared_multiplier/result[7]_INST_0_i_266_n_0
                         LUT6 (Prop_LUT6_I3_O)        0.039     8.312 r  u_core/u_npu/u_engine/u_engine_shared_multiplier/result[7]_INST_0_i_216/O
                         net (fo=1, unplaced)         0.019     8.331    u_core/u_npu/u_engine/u_engine_shared_multiplier/result[7]_INST_0_i_216_n_0
                         CARRY8 (Prop_CARRY8_S[5]_CO[7])
                                                      0.204     8.535 r  u_core/u_npu/u_engine/u_engine_shared_multiplier/result[7]_INST_0_i_164/CO[7]
                         net (fo=1, unplaced)         0.007     8.542    u_core/u_npu/u_engine/u_engine_shared_multiplier/result[7]_INST_0_i_164_n_0
                         CARRY8 (Prop_CARRY8_CI_O[2])
                                                      0.086     8.628 r  u_core/u_npu/u_engine/u_engine_shared_multiplier/result[15]_INST_0_i_117/O[2]
                         net (fo=2, unplaced)         0.214     8.842    u_core/u_npu/u_engine/u_engine_shared_multiplier/result[15]_INST_0_i_117_n_13
                         LUT3 (Prop_LUT3_I0_O)        0.100     8.942 r  u_core/u_npu/u_engine/u_engine_shared_multiplier/result[7]_INST_0_i_145/O
                         net (fo=2, unplaced)         0.214     9.156    u_core/u_npu/u_engine/u_engine_shared_multiplier/result[7]_INST_0_i_145_n_0
                         LUT4 (Prop_LUT4_I3_O)        0.039     9.195 r  u_core/u_npu/u_engine/u_engine_shared_multiplier/result[7]_INST_0_i_153/O
                         net (fo=1, unplaced)         0.019     9.214    u_core/u_npu/u_engine/u_engine_shared_multiplier/result[7]_INST_0_i_153_n_0
                         CARRY8 (Prop_CARRY8_S[5]_CO[7])
                                                      0.204     9.418 r  u_core/u_npu/u_engine/u_engine_shared_multiplier/result[7]_INST_0_i_62/CO[7]
                         net (fo=1, unplaced)         0.007     9.425    u_core/u_npu/u_engine/u_engine_shared_multiplier/result[7]_INST_0_i_62_n_0
                         CARRY8 (Prop_CARRY8_CI_CO[7])
                                                      0.030     9.455 r  u_core/u_npu/u_engine/u_engine_shared_multiplier/result[15]_INST_0_i_36/CO[7]
                         net (fo=1, unplaced)         0.007     9.462    u_core/u_npu/u_engine/u_engine_shared_multiplier/result[15]_INST_0_i_36_n_0
                         CARRY8 (Prop_CARRY8_CI_O[1])
                                                      0.097     9.559 r  u_core/u_npu/u_engine/u_engine_shared_multiplier/result[21]_INST_0_i_31/O[1]
                         net (fo=3, unplaced)         0.218     9.777    u_core/u_npu/u_engine/u_engine_shared_multiplier/result[21]_INST_0_i_31_n_14
                         LUT3 (Prop_LUT3_I2_O)        0.039     9.816 r  u_core/u_npu/u_engine/u_engine_shared_multiplier/result[15]_INST_0_i_32/O
                         net (fo=2, unplaced)         0.214    10.030    u_core/u_npu/u_engine/u_engine_shared_multiplier/result[15]_INST_0_i_32_n_0
                         LUT5 (Prop_LUT5_I1_O)        0.039    10.069 r  u_core/u_npu/u_engine/u_engine_shared_multiplier/result[15]_INST_0_i_15/O
                         net (fo=2, unplaced)         0.214    10.283    u_core/u_npu/u_engine/u_engine_shared_multiplier/result[15]_INST_0_i_15_n_0
                         LUT6 (Prop_LUT6_I0_O)        0.039    10.322 r  u_core/u_npu/u_engine/u_engine_shared_multiplier/result[15]_INST_0_i_23/O
                         net (fo=1, unplaced)         0.017    10.339    u_core/u_npu/u_engine/u_engine_shared_multiplier/result[15]_INST_0_i_23_n_0
                         CARRY8 (Prop_CARRY8_S[3]_CO[7])
                                                      0.202    10.541 r  u_core/u_npu/u_engine/u_engine_shared_multiplier/result[15]_INST_0_i_10/CO[7]
                         net (fo=1, unplaced)         0.007    10.548    u_core/u_npu/u_engine/u_engine_shared_multiplier/result[15]_INST_0_i_10_n_0
                         CARRY8 (Prop_CARRY8_CI_CO[7])
                                                      0.030    10.578 r  u_core/u_npu/u_engine/u_engine_shared_multiplier/result[21]_INST_0_i_11/CO[7]
                         net (fo=1, unplaced)         0.007    10.585    u_core/u_npu/u_engine/u_engine_shared_multiplier/result[21]_INST_0_i_11_n_0
                         CARRY8 (Prop_CARRY8_CI_O[4])
                                                      0.109    10.694 r  u_core/u_npu/u_engine/u_engine_shared_multiplier/result[30]_INST_0_i_70/O[4]
                         net (fo=58, unplaced)        0.285    10.979    u_core/u_npu/u_engine/u_engine_shared_multiplier/p_0_in
                         LUT4 (Prop_LUT4_I1_O)        0.085    11.064 r  u_core/u_npu/u_engine/u_engine_shared_multiplier/result[7]_INST_0_i_39/O
                         net (fo=1, unplaced)         0.214    11.278    u_core/u_npu/u_engine/u_engine_shared_multiplier/result[7]_INST_0_i_39_n_0
                         LUT5 (Prop_LUT5_I4_O)        0.039    11.317 r  u_core/u_npu/u_engine/u_engine_shared_multiplier/result[7]_INST_0_i_15/O
                         net (fo=1, unplaced)         0.214    11.531    u_core/u_npu/u_engine/u_engine_shared_multiplier/result[7]_INST_0_i_15_n_0
                         LUT6 (Prop_LUT6_I4_O)        0.039    11.570 r  u_core/u_npu/u_engine/u_engine_shared_multiplier/result[7]_INST_0_i_10/O
                         net (fo=1, unplaced)         0.018    11.588    u_core/u_npu/u_engine/u_engine_shared_multiplier/result[7]_INST_0_i_10_n_0
                         CARRY8 (Prop_CARRY8_S[0]_CO[7])
                                                      0.245    11.833 r  u_core/u_npu/u_engine/u_engine_shared_multiplier/result[7]_INST_0_i_1/CO[7]
                         net (fo=1, unplaced)         0.007    11.840    u_core/u_npu/u_engine/u_engine_shared_multiplier/result[7]_INST_0_i_1_n_0
                         CARRY8 (Prop_CARRY8_CI_CO[7])
                                                      0.030    11.870 r  u_core/u_npu/u_engine/u_engine_shared_multiplier/result[15]_INST_0_i_1/CO[7]
                         net (fo=1, unplaced)         0.007    11.877    u_core/u_npu/u_engine/u_engine_shared_multiplier/result[15]_INST_0_i_1_n_0
                         CARRY8 (Prop_CARRY8_CI_CO[7])
                                                      0.030    11.907 r  u_core/u_npu/u_engine/u_engine_shared_multiplier/result[21]_INST_0_i_1/CO[7]
                         net (fo=1, unplaced)         0.007    11.914    u_core/u_npu/u_engine/u_engine_shared_multiplier/result[21]_INST_0_i_1_n_0
                         CARRY8 (Prop_CARRY8_CI_CO[0])
                                                      0.068    11.982 r  u_core/u_npu/u_engine/u_engine_shared_multiplier/result[21]_INST_0_i_2/CO[0]
                         net (fo=25, unplaced)        0.268    12.250    u_core/u_npu/u_engine/u_engine_shared_multiplier/result[21]_INST_0_i_2_n_7
                         LUT4 (Prop_LUT4_I3_O)        0.039    12.289 r  u_core/u_npu/u_engine/u_engine_shared_multiplier/result[30]_INST_0_i_36/O
                         net (fo=1, unplaced)         0.018    12.307    u_core/u_npu/u_engine/u_engine_shared_multiplier/result[30]_INST_0_i_36_n_0
                         CARRY8 (Prop_CARRY8_S[0]_CO[7])
                                                      0.245    12.552 r  u_core/u_npu/u_engine/u_engine_shared_multiplier/result[30]_INST_0_i_3/CO[7]
                         net (fo=1, unplaced)         0.007    12.559    u_core/u_npu/u_engine/u_engine_shared_multiplier/result[30]_INST_0_i_3_n_0
                         CARRY8 (Prop_CARRY8_CI_CO[7])
                                                      0.030    12.589 r  u_core/u_npu/u_engine/u_engine_shared_multiplier/result[30]_INST_0_i_72/CO[7]
                         net (fo=1, unplaced)         0.007    12.596    u_core/u_npu/u_engine/u_engine_shared_multiplier/result[30]_INST_0_i_72_n_0
                         CARRY8 (Prop_CARRY8_CI_O[5])
                                                      0.145    12.741 f  u_core/u_npu/u_engine/u_engine_shared_multiplier/result[30]_INST_0_i_51/O[5]
                         net (fo=3, unplaced)         0.168    12.909    u_core/u_npu/u_engine/u_engine_shared_multiplier/exp_result[21]
                         LUT2 (Prop_LUT2_I0_O)        0.127    13.036 f  u_core/u_npu/u_engine/u_engine_shared_multiplier/result[30]_INST_0_i_11/O
                         net (fo=1, unplaced)         0.234    13.270    u_core/u_npu/u_engine/u_engine_shared_multiplier/result[30]_INST_0_i_11_n_0
                         CARRY8 (Prop_CARRY8_DI[1]_CO[6])
                                                      0.214    13.484 f  u_core/u_npu/u_engine/u_engine_shared_multiplier/result[30]_INST_0_i_1/CO[6]
                         net (fo=31, unplaced)        0.216    13.700    u_core/u_npu/u_engine/u_engine_shared_multiplier/result[30]_INST_0_i_1_n_1
                         LUT5 (Prop_LUT5_I4_O)        0.039    13.739 f  u_core/u_npu/u_engine/u_engine_shared_multiplier/result[22]_INST_0_i_1/O
                         net (fo=1, unplaced)         0.214    13.953    u_core/u_npu/u_engine/u_engine_shared_multiplier/result[22]_INST_0_i_1_n_0
                         LUT4 (Prop_LUT4_I1_O)        0.039    13.992 r  u_core/u_npu/u_engine/u_engine_shared_multiplier/result[22]_INST_0/O
                         net (fo=45, unplaced)        0.281    14.273    u_core/u_npu/u_engine/u_layernorm/external_mul_result[22]
                         LUT3 (Prop_LUT3_I0_O)        0.039    14.312 r  u_core/u_npu/u_engine/u_layernorm/token_variance[22]_i_1/O
                         net (fo=1, unplaced)         0.058    14.370    u_core/u_npu/u_engine/u_layernorm/token_variance[22]_i_1_n_0
                         FDRE                                         r  u_core/u_npu/u_engine/u_layernorm/token_variance_reg[22]/D
  -------------------------------------------------------------------    -------------------

                         (clock aclk rise edge)      20.000    20.000 r  
                                                      0.000    20.000 r  aclk (IN)
                         net (fo=62495, unset)        0.024    20.024    u_core/u_npu/u_engine/u_layernorm/clk
                         FDRE                                         r  u_core/u_npu/u_engine/u_layernorm/token_variance_reg[22]/C
                         clock pessimism              0.000    20.024    
                         clock uncertainty           -0.235    19.789    
                         FDRE (Setup_FDRE_C_D)        0.027    19.816    u_core/u_npu/u_engine/u_layernorm/token_variance_reg[22]
  -------------------------------------------------------------------
                         required time                         19.816    
                         arrival time                         -14.370    
  -------------------------------------------------------------------
                         slack                                  5.446    

Slack (MET) :             5.446ns  (required time - arrival time)
  Source:                 u_core/u_npu/u_engine/u_gelu/u_serial_core/exp_scaled_reg[27]/C
                            (rising edge-triggered cell FDRE clocked by aclk  {rise@0.000ns fall@10.000ns period=20.000ns})
  Destination:            u_core/u_npu/u_engine/u_softmax/reciprocal_estimate_reg[22]/D
                            (rising edge-triggered cell FDRE clocked by aclk  {rise@0.000ns fall@10.000ns period=20.000ns})
  Path Group:             aclk
  Path Type:              Setup (Max at Slow Process Corner)
  Requirement:            20.000ns  (aclk rise@20.000ns - aclk rise@0.000ns)
  Data Path Delay:        14.335ns  (logic 5.030ns (35.089%)  route 9.305ns (64.911%))
  Logic Levels:           59  (CARRY8=21 LUT2=3 LUT3=9 LUT4=6 LUT5=8 LUT6=12)
  Clock Path Skew:        -0.011ns (DCD - SCD + CPR)
    Destination Clock Delay (DCD):    0.024ns = ( 20.024 - 20.000 ) 
    Source Clock Delay      (SCD):    0.035ns
    Clock Pessimism Removal (CPR):    0.000ns
  Clock Uncertainty:      0.235ns  ((TSJ^2 + TIJ^2)^1/2 + DJ) / 2 + PE + UU
    Total System Jitter     (TSJ):    0.071ns
    Total Input Jitter      (TIJ):    0.000ns
    Discrete Jitter          (DJ):    0.000ns
    Phase Error              (PE):    0.000ns
    User Uncertainty         (UU):    0.200ns

    Location             Delay type                Incr(ns)  Path(ns)    Netlist Resource(s)
  -------------------------------------------------------------------    -------------------
                         (clock aclk rise edge)       0.000     0.000 r  
                                                      0.000     0.000 r  aclk (IN)
                         net (fo=62495, unset)        0.035     0.035    u_core/u_npu/u_engine/u_gelu/u_serial_core/clk
                         FDRE                                         r  u_core/u_npu/u_engine/u_gelu/u_serial_core/exp_scaled_reg[27]/C
  -------------------------------------------------------------------    -------------------
                         FDRE (Prop_FDRE_C_Q)         0.096     0.131 f  u_core/u_npu/u_engine/u_gelu/u_serial_core/exp_scaled_reg[27]/Q
                         net (fo=15, unplaced)        0.219     0.350    u_core/u_npu/u_engine/u_gelu/u_serial_core/u_exp_to_integer/value[27]
                         LUT6 (Prop_LUT6_I0_O)        0.178     0.528 r  u_core/u_npu/u_engine/u_gelu/u_serial_core/u_exp_to_integer/result[31]_INST_0_i_8/O
                         net (fo=78, unplaced)        0.294     0.822    u_core/u_npu/u_engine/u_gelu/u_serial_core/u_exp_to_integer/result[31]_INST_0_i_8_n_0
                         LUT3 (Prop_LUT3_I1_O)        0.083     0.905 r  u_core/u_npu/u_engine/u_gelu/u_serial_core/u_exp_to_integer/result[31]_INST_0_i_66/O
                         net (fo=1, unplaced)         0.232     1.137    u_core/u_npu/u_engine/u_gelu/u_serial_core/u_exp_to_integer/result[31]_INST_0_i_66_n_0
                         CARRY8 (Prop_CARRY8_DI[2]_CO[7])
                                                      0.142     1.279 r  u_core/u_npu/u_engine/u_gelu/u_serial_core/u_exp_to_integer/result[31]_INST_0_i_31/CO[7]
                         net (fo=1, unplaced)         0.007     1.286    u_core/u_npu/u_engine/u_gelu/u_serial_core/u_exp_to_integer/result[31]_INST_0_i_31_n_0
                         CARRY8 (Prop_CARRY8_CI_CO[6])
                                                      0.116     1.402 r  u_core/u_npu/u_engine/u_gelu/u_serial_core/u_exp_to_integer/result[31]_INST_0_i_9/CO[6]
                         net (fo=17, unplaced)        0.202     1.604    u_core/u_npu/u_engine/u_gelu/u_serial_core/u_exp_to_integer/result[31]_INST_0_i_9_n_1
                         LUT6 (Prop_LUT6_I1_O)        0.039     1.643 r  u_core/u_npu/u_engine/u_gelu/u_serial_core/u_exp_to_integer/result[30]_INST_0_i_5/O
                         net (fo=36, unplaced)        0.276     1.919    u_core/u_npu/u_engine/u_gelu/u_serial_core/u_exp_to_integer/result[30]_INST_0_i_5_n_0
                         LUT3 (Prop_LUT3_I2_O)        0.085     2.004 r  u_core/u_npu/u_engine/u_gelu/u_serial_core/u_exp_to_integer/result[28]_INST_0_i_7/O
                         net (fo=1, unplaced)         0.214     2.218    u_core/u_npu/u_engine/u_gelu/u_serial_core/u_exp_to_integer/result[28]_INST_0_i_7_n_0
                         LUT6 (Prop_LUT6_I4_O)        0.039     2.257 r  u_core/u_npu/u_engine/u_gelu/u_serial_core/u_exp_to_integer/result[28]_INST_0_i_1/O
                         net (fo=1, unplaced)         0.214     2.471    u_core/u_npu/u_engine/u_gelu/u_serial_core/u_exp_to_integer/result[28]_INST_0_i_1_n_0
                         LUT6 (Prop_LUT6_I0_O)        0.039     2.510 r  u_core/u_npu/u_engine/u_gelu/u_serial_core/u_exp_to_integer/result[28]_INST_0/O
                         net (fo=3, unplaced)         0.162     2.672    u_core/u_npu/u_engine/u_gelu/u_serial_core/exp_scale_integer_comb[28]
                         LUT4 (Prop_LUT4_I1_O)        0.064     2.736 r  u_core/u_npu/u_engine/u_gelu/u_serial_core/u_exp_from_integer_i_4/O
                         net (fo=12, unplaced)        0.198     2.934    u_core/u_npu/u_engine/u_gelu/u_serial_core/u_exp_from_integer/value[28]
                         LUT4 (Prop_LUT4_I0_O)        0.115     3.049 f  u_core/u_npu/u_engine/u_gelu/u_serial_core/u_exp_from_integer/result[30]_INST_0_i_11/O
                         net (fo=2, unplaced)         0.214     3.263    u_core/u_npu/u_engine/u_gelu/u_serial_core/u_exp_from_integer/result[30]_INST_0_i_11_n_0
                         LUT5 (Prop_LUT5_I0_O)        0.039     3.302 f  u_core/u_npu/u_engine/u_gelu/u_serial_core/u_exp_from_integer/result[30]_INST_0_i_27/O
                         net (fo=45, unplaced)        0.226     3.528    u_core/u_npu/u_engine/u_gelu/u_serial_core/u_exp_from_integer/result[30]_INST_0_i_27_n_0
                         LUT3 (Prop_LUT3_I2_O)        0.100     3.628 r  u_core/u_npu/u_engine/u_gelu/u_serial_core/u_exp_from_integer/result[30]_INST_0_i_5/O
                         net (fo=21, unplaced)        0.264     3.892    u_core/u_npu/u_engine/u_gelu/u_serial_core/u_exp_from_integer/result[30]_INST_0_i_5_n_0
                         LUT3 (Prop_LUT3_I2_O)        0.039     3.931 f  u_core/u_npu/u_engine/u_gelu/u_serial_core/u_exp_from_integer/result[22]_INST_0_i_45/O
                         net (fo=16, unplaced)        0.258     4.189    u_core/u_npu/u_engine/u_gelu/u_serial_core/u_exp_from_integer/result[22]_INST_0_i_45_n_0
                         LUT2 (Prop_LUT2_I1_O)        0.039     4.228 r  u_core/u_npu/u_engine/u_gelu/u_serial_core/u_exp_from_integer/result[30]_INST_0_i_106/O
                         net (fo=1, unplaced)         0.000     4.228    u_core/u_npu/u_engine/u_gelu/u_serial_core/u_exp_from_integer/rounded_mantissa5[0]
                         CARRY8 (Prop_CARRY8_CI_O[0])
                                                      0.137     4.365 r  u_core/u_npu/u_engine/u_gelu/u_serial_core/u_exp_from_integer/result[30]_INST_0_i_93/O[0]
                         net (fo=2, unplaced)         0.214     4.579    u_core/u_npu/u_engine/u_gelu/u_serial_core/u_exp_from_integer/result[30]_INST_0_i_93_n_15
                         LUT3 (Prop_LUT3_I2_O)        0.039     4.618 f  u_core/u_npu/u_engine/u_gelu/u_serial_core/u_exp_from_integer/result[30]_INST_0_i_105/O
                         net (fo=2, unplaced)         0.214     4.832    u_core/u_npu/u_engine/u_gelu/u_serial_core/u_exp_from_integer/result[30]_INST_0_i_105_n_0
                         LUT5 (Prop_LUT5_I4_O)        0.085     4.917 r  u_core/u_npu/u_engine/u_gelu/u_serial_core/u_exp_from_integer/result[30]_INST_0_i_96/O
                         net (fo=1, unplaced)         0.214     5.131    u_core/u_npu/u_engine/u_gelu/u_serial_core/u_exp_from_integer/result[30]_INST_0_i_96_n_0
                         LUT6 (Prop_LUT6_I5_O)        0.039     5.170 r  u_core/u_npu/u_engine/u_gelu/u_serial_core/u_exp_from_integer/result[30]_INST_0_i_72/O
                         net (fo=1, unplaced)         0.018     5.188    u_core/u_npu/u_engine/u_gelu/u_serial_core/u_exp_from_integer/result[30]_INST_0_i_72_n_0
                         CARRY8 (Prop_CARRY8_S[0]_CO[7])
                                                      0.245     5.433 f  u_core/u_npu/u_engine/u_gelu/u_serial_core/u_exp_from_integer/result[30]_INST_0_i_41/CO[7]
                         net (fo=1, unplaced)         0.007     5.440    u_core/u_npu/u_engine/u_gelu/u_serial_core/u_exp_from_integer/result[30]_INST_0_i_41_n_0
                         CARRY8 (Prop_CARRY8_CI_CO[2])
                                                      0.073     5.513 f  u_core/u_npu/u_engine/u_gelu/u_serial_core/u_exp_from_integer/result[30]_INST_0_i_24/CO[2]
                         net (fo=3, unplaced)         0.220     5.733    u_core/u_npu/u_engine/u_gelu/u_serial_core/u_exp_from_integer/result[30]_INST_0_i_24_n_5
                         LUT5 (Prop_LUT5_I4_O)        0.039     5.772 r  u_core/u_npu/u_engine/u_gelu/u_serial_core/u_exp_from_integer/result[22]_INST_0_i_3/O
                         net (fo=23, unplaced)        0.266     6.038    u_core/u_npu/u_engine/u_gelu/u_serial_core/u_exp_from_integer/result[22]_INST_0_i_3_n_0
                         LUT5 (Prop_LUT5_I2_O)        0.039     6.077 f  u_core/u_npu/u_engine/u_gelu/u_serial_core/u_exp_from_integer/result[4]_INST_0_i_1/O
                         net (fo=2, unplaced)         0.214     6.291    u_core/u_npu/u_engine/u_gelu/u_serial_core/u_exp_from_integer/result[4]_INST_0_i_1_n_0
                         LUT3 (Prop_LUT3_I2_O)        0.085     6.376 f  u_core/u_npu/u_engine/u_gelu/u_serial_core/u_exp_from_integer/result[3]_INST_0/O
                         net (fo=1, unplaced)         0.214     6.590    u_core/u_npu/u_engine/u_gelu/u_serial_core/integer_as_fp32[3]
                         LUT6 (Prop_LUT6_I2_O)        0.039     6.629 f  u_core/u_npu/u_engine/u_gelu/u_serial_core/mul_operand_a[3]_INST_0_i_3/O
                         net (fo=1, unplaced)         0.214     6.843    u_core/u_npu/u_engine/u_gelu/u_serial_core/mul_operand_a[3]_INST_0_i_3_n_0
                         LUT5 (Prop_LUT5_I1_O)        0.085     6.928 f  u_core/u_npu/u_engine/u_gelu/u_serial_core/mul_operand_a[3]_INST_0_i_1/O
                         net (fo=1, unplaced)         0.214     7.142    u_core/u_npu/u_engine/u_gelu/u_serial_core/mul_operand_a[3]_INST_0_i_1_n_0
                         LUT6 (Prop_LUT6_I0_O)        0.039     7.181 f  u_core/u_npu/u_engine/u_gelu/u_serial_core/mul_operand_a[3]_INST_0/O
                         net (fo=1, unplaced)         0.214     7.395    u_core/u_npu/u_engine/gelu_mul_operand_a[3]
                         LUT6 (Prop_LUT6_I4_O)        0.039     7.434 f  u_core/u_npu/u_engine/u_engine_shared_multiplier_i_94/O
                         net (fo=1, unplaced)         0.214     7.648    u_core/u_npu/u_engine/u_engine_shared_multiplier_i_94_n_0
                         LUT6 (Prop_LUT6_I5_O)        0.039     7.687 f  u_core/u_npu/u_engine/u_engine_shared_multiplier_i_29/O
                         net (fo=58, unplaced)        0.287     7.974    u_core/u_npu/u_engine/u_engine_shared_multiplier/a[3]
                         LUT2 (Prop_LUT2_I0_O)        0.085     8.059 r  u_core/u_npu/u_engine/u_engine_shared_multiplier/result[7]_INST_0_i_266/O
                         net (fo=1, unplaced)         0.214     8.273    u_core/u_npu/u_engine/u_engine_shared_multiplier/result[7]_INST_0_i_266_n_0
                         LUT6 (Prop_LUT6_I3_O)        0.039     8.312 r  u_core/u_npu/u_engine/u_engine_shared_multiplier/result[7]_INST_0_i_216/O
                         net (fo=1, unplaced)         0.019     8.331    u_core/u_npu/u_engine/u_engine_shared_multiplier/result[7]_INST_0_i_216_n_0
                         CARRY8 (Prop_CARRY8_S[5]_CO[7])
                                                      0.204     8.535 r  u_core/u_npu/u_engine/u_engine_shared_multiplier/result[7]_INST_0_i_164/CO[7]
                         net (fo=1, unplaced)         0.007     8.542    u_core/u_npu/u_engine/u_engine_shared_multiplier/result[7]_INST_0_i_164_n_0
                         CARRY8 (Prop_CARRY8_CI_O[2])
                                                      0.086     8.628 r  u_core/u_npu/u_engine/u_engine_shared_multiplier/result[15]_INST_0_i_117/O[2]
                         net (fo=2, unplaced)         0.214     8.842    u_core/u_npu/u_engine/u_engine_shared_multiplier/result[15]_INST_0_i_117_n_13
                         LUT3 (Prop_LUT3_I0_O)        0.100     8.942 r  u_core/u_npu/u_engine/u_engine_shared_multiplier/result[7]_INST_0_i_145/O
                         net (fo=2, unplaced)         0.214     9.156    u_core/u_npu/u_engine/u_engine_shared_multiplier/result[7]_INST_0_i_145_n_0
                         LUT4 (Prop_LUT4_I3_O)        0.039     9.195 r  u_core/u_npu/u_engine/u_engine_shared_multiplier/result[7]_INST_0_i_153/O
                         net (fo=1, unplaced)         0.019     9.214    u_core/u_npu/u_engine/u_engine_shared_multiplier/result[7]_INST_0_i_153_n_0
                         CARRY8 (Prop_CARRY8_S[5]_CO[7])
                                                      0.204     9.418 r  u_core/u_npu/u_engine/u_engine_shared_multiplier/result[7]_INST_0_i_62/CO[7]
                         net (fo=1, unplaced)         0.007     9.425    u_core/u_npu/u_engine/u_engine_shared_multiplier/result[7]_INST_0_i_62_n_0
                         CARRY8 (Prop_CARRY8_CI_CO[7])
                                                      0.030     9.455 r  u_core/u_npu/u_engine/u_engine_shared_multiplier/result[15]_INST_0_i_36/CO[7]
                         net (fo=1, unplaced)         0.007     9.462    u_core/u_npu/u_engine/u_engine_shared_multiplier/result[15]_INST_0_i_36_n_0
                         CARRY8 (Prop_CARRY8_CI_O[1])
                                                      0.097     9.559 r  u_core/u_npu/u_engine/u_engine_shared_multiplier/result[21]_INST_0_i_31/O[1]
                         net (fo=3, unplaced)         0.218     9.777    u_core/u_npu/u_engine/u_engine_shared_multiplier/result[21]_INST_0_i_31_n_14
                         LUT3 (Prop_LUT3_I2_O)        0.039     9.816 r  u_core/u_npu/u_engine/u_engine_shared_multiplier/result[15]_INST_0_i_32/O
                         net (fo=2, unplaced)         0.214    10.030    u_core/u_npu/u_engine/u_engine_shared_multiplier/result[15]_INST_0_i_32_n_0
                         LUT5 (Prop_LUT5_I1_O)        0.039    10.069 r  u_core/u_npu/u_engine/u_engine_shared_multiplier/result[15]_INST_0_i_15/O
                         net (fo=2, unplaced)         0.214    10.283    u_core/u_npu/u_engine/u_engine_shared_multiplier/result[15]_INST_0_i_15_n_0
                         LUT6 (Prop_LUT6_I0_O)        0.039    10.322 r  u_core/u_npu/u_engine/u_engine_shared_multiplier/result[15]_INST_0_i_23/O
                         net (fo=1, unplaced)         0.017    10.339    u_core/u_npu/u_engine/u_engine_shared_multiplier/result[15]_INST_0_i_23_n_0
                         CARRY8 (Prop_CARRY8_S[3]_CO[7])
                                                      0.202    10.541 r  u_core/u_npu/u_engine/u_engine_shared_multiplier/result[15]_INST_0_i_10/CO[7]
                         net (fo=1, unplaced)         0.007    10.548    u_core/u_npu/u_engine/u_engine_shared_multiplier/result[15]_INST_0_i_10_n_0
                         CARRY8 (Prop_CARRY8_CI_CO[7])
                                                      0.030    10.578 r  u_core/u_npu/u_engine/u_engine_shared_multiplier/result[21]_INST_0_i_11/CO[7]
                         net (fo=1, unplaced)         0.007    10.585    u_core/u_npu/u_engine/u_engine_shared_multiplier/result[21]_INST_0_i_11_n_0
                         CARRY8 (Prop_CARRY8_CI_O[4])
                                                      0.109    10.694 r  u_core/u_npu/u_engine/u_engine_shared_multiplier/result[30]_INST_0_i_70/O[4]
                         net (fo=58, unplaced)        0.285    10.979    u_core/u_npu/u_engine/u_engine_shared_multiplier/p_0_in
                         LUT4 (Prop_LUT4_I1_O)        0.085    11.064 r  u_core/u_npu/u_engine/u_engine_shared_multiplier/result[7]_INST_0_i_39/O
                         net (fo=1, unplaced)         0.214    11.278    u_core/u_npu/u_engine/u_engine_shared_multiplier/result[7]_INST_0_i_39_n_0
                         LUT5 (Prop_LUT5_I4_O)        0.039    11.317 r  u_core/u_npu/u_engine/u_engine_shared_multiplier/result[7]_INST_0_i_15/O
                         net (fo=1, unplaced)         0.214    11.531    u_core/u_npu/u_engine/u_engine_shared_multiplier/result[7]_INST_0_i_15_n_0
                         LUT6 (Prop_LUT6_I4_O)        0.039    11.570 r  u_core/u_npu/u_engine/u_engine_shared_multiplier/result[7]_INST_0_i_10/O
                         net (fo=1, unplaced)         0.018    11.588    u_core/u_npu/u_engine/u_engine_shared_multiplier/result[7]_INST_0_i_10_n_0
                         CARRY8 (Prop_CARRY8_S[0]_CO[7])
                                                      0.245    11.833 r  u_core/u_npu/u_engine/u_engine_shared_multiplier/result[7]_INST_0_i_1/CO[7]
                         net (fo=1, unplaced)         0.007    11.840    u_core/u_npu/u_engine/u_engine_shared_multiplier/result[7]_INST_0_i_1_n_0
                         CARRY8 (Prop_CARRY8_CI_CO[7])
                                                      0.030    11.870 r  u_core/u_npu/u_engine/u_engine_shared_multiplier/result[15]_INST_0_i_1/CO[7]
                         net (fo=1, unplaced)         0.007    11.877    u_core/u_npu/u_engine/u_engine_shared_multiplier/result[15]_INST_0_i_1_n_0
                         CARRY8 (Prop_CARRY8_CI_CO[7])
                                                      0.030    11.907 r  u_core/u_npu/u_engine/u_engine_shared_multiplier/result[21]_INST_0_i_1/CO[7]
                         net (fo=1, unplaced)         0.007    11.914    u_core/u_npu/u_engine/u_engine_shared_multiplier/result[21]_INST_0_i_1_n_0
                         CARRY8 (Prop_CARRY8_CI_CO[0])
                                                      0.068    11.982 r  u_core/u_npu/u_engine/u_engine_shared_multiplier/result[21]_INST_0_i_2/CO[0]
                         net (fo=25, unplaced)        0.268    12.250    u_core/u_npu/u_engine/u_engine_shared_multiplier/result[21]_INST_0_i_2_n_7
                         LUT4 (Prop_LUT4_I3_O)        0.039    12.289 r  u_core/u_npu/u_engine/u_engine_shared_multiplier/result[30]_INST_0_i_36/O
                         net (fo=1, unplaced)         0.018    12.307    u_core/u_npu/u_engine/u_engine_shared_multiplier/result[30]_INST_0_i_36_n_0
                         CARRY8 (Prop_CARRY8_S[0]_CO[7])
                                                      0.245    12.552 r  u_core/u_npu/u_engine/u_engine_shared_multiplier/result[30]_INST_0_i_3/CO[7]
                         net (fo=1, unplaced)         0.007    12.559    u_core/u_npu/u_engine/u_engine_shared_multiplier/result[30]_INST_0_i_3_n_0
                         CARRY8 (Prop_CARRY8_CI_CO[7])
                                                      0.030    12.589 r  u_core/u_npu/u_engine/u_engine_shared_multiplier/result[30]_INST_0_i_72/CO[7]
                         net (fo=1, unplaced)         0.007    12.596    u_core/u_npu/u_engine/u_engine_shared_multiplier/result[30]_INST_0_i_72_n_0
                         CARRY8 (Prop_CARRY8_CI_O[5])
                                                      0.145    12.741 f  u_core/u_npu/u_engine/u_engine_shared_multiplier/result[30]_INST_0_i_51/O[5]
                         net (fo=3, unplaced)         0.168    12.909    u_core/u_npu/u_engine/u_engine_shared_multiplier/exp_result[21]
                         LUT2 (Prop_LUT2_I0_O)        0.127    13.036 f  u_core/u_npu/u_engine/u_engine_shared_multiplier/result[30]_INST_0_i_11/O
                         net (fo=1, unplaced)         0.234    13.270    u_core/u_npu/u_engine/u_engine_shared_multiplier/result[30]_INST_0_i_11_n_0
                         CARRY8 (Prop_CARRY8_DI[1]_CO[6])
                                                      0.214    13.484 f  u_core/u_npu/u_engine/u_engine_shared_multiplier/result[30]_INST_0_i_1/CO[6]
                         net (fo=31, unplaced)        0.216    13.700    u_core/u_npu/u_engine/u_engine_shared_multiplier/result[30]_INST_0_i_1_n_1
                         LUT5 (Prop_LUT5_I4_O)        0.039    13.739 f  u_core/u_npu/u_engine/u_engine_shared_multiplier/result[22]_INST_0_i_1/O
                         net (fo=1, unplaced)         0.214    13.953    u_core/u_npu/u_engine/u_engine_shared_multiplier/result[22]_INST_0_i_1_n_0
                         LUT4 (Prop_LUT4_I1_O)        0.039    13.992 r  u_core/u_npu/u_engine/u_engine_shared_multiplier/result[22]_INST_0/O
                         net (fo=45, unplaced)        0.281    14.273    u_core/u_npu/u_engine/u_softmax/external_mul_result[22]
                         LUT3 (Prop_LUT3_I0_O)        0.039    14.312 r  u_core/u_npu/u_engine/u_softmax/reciprocal_estimate[22]_i_1/O
                         net (fo=1, unplaced)         0.058    14.370    u_core/u_npu/u_engine/u_softmax/reciprocal_estimate[22]_i_1_n_0
                         FDRE                                         r  u_core/u_npu/u_engine/u_softmax/reciprocal_estimate_reg[22]/D
  -------------------------------------------------------------------    -------------------

                         (clock aclk rise edge)      20.000    20.000 r  
                                                      0.000    20.000 r  aclk (IN)
                         net (fo=62495, unset)        0.024    20.024    u_core/u_npu/u_engine/u_softmax/clk
                         FDRE                                         r  u_core/u_npu/u_engine/u_softmax/reciprocal_estimate_reg[22]/C
                         clock pessimism              0.000    20.024    
                         clock uncertainty           -0.235    19.789    
                         FDRE (Setup_FDRE_C_D)        0.027    19.816    u_core/u_npu/u_engine/u_softmax/reciprocal_estimate_reg[22]
  -------------------------------------------------------------------
                         required time                         19.816    
                         arrival time                         -14.370    
  -------------------------------------------------------------------
                         slack                                  5.446    

Slack (MET) :             5.446ns  (required time - arrival time)
  Source:                 u_core/u_npu/u_engine/u_gelu/u_serial_core/exp_scaled_reg[27]/C
                            (rising edge-triggered cell FDRE clocked by aclk  {rise@0.000ns fall@10.000ns period=20.000ns})
  Destination:            u_core/u_npu/u_engine/u_vector/result_data_reg_reg[118]/D
                            (rising edge-triggered cell FDRE clocked by aclk  {rise@0.000ns fall@10.000ns period=20.000ns})
  Path Group:             aclk
  Path Type:              Setup (Max at Slow Process Corner)
  Requirement:            20.000ns  (aclk rise@20.000ns - aclk rise@0.000ns)
  Data Path Delay:        14.335ns  (logic 5.030ns (35.089%)  route 9.305ns (64.911%))
  Logic Levels:           59  (CARRY8=21 LUT2=3 LUT3=8 LUT4=6 LUT5=8 LUT6=13)
  Clock Path Skew:        -0.011ns (DCD - SCD + CPR)
    Destination Clock Delay (DCD):    0.024ns = ( 20.024 - 20.000 ) 
    Source Clock Delay      (SCD):    0.035ns
    Clock Pessimism Removal (CPR):    0.000ns
  Clock Uncertainty:      0.235ns  ((TSJ^2 + TIJ^2)^1/2 + DJ) / 2 + PE + UU
    Total System Jitter     (TSJ):    0.071ns
    Total Input Jitter      (TIJ):    0.000ns
    Discrete Jitter          (DJ):    0.000ns
    Phase Error              (PE):    0.000ns
    User Uncertainty         (UU):    0.200ns

    Location             Delay type                Incr(ns)  Path(ns)    Netlist Resource(s)
  -------------------------------------------------------------------    -------------------
                         (clock aclk rise edge)       0.000     0.000 r  
                                                      0.000     0.000 r  aclk (IN)
                         net (fo=62495, unset)        0.035     0.035    u_core/u_npu/u_engine/u_gelu/u_serial_core/clk
                         FDRE                                         r  u_core/u_npu/u_engine/u_gelu/u_serial_core/exp_scaled_reg[27]/C
  -------------------------------------------------------------------    -------------------
                         FDRE (Prop_FDRE_C_Q)         0.096     0.131 f  u_core/u_npu/u_engine/u_gelu/u_serial_core/exp_scaled_reg[27]/Q
                         net (fo=15, unplaced)        0.219     0.350    u_core/u_npu/u_engine/u_gelu/u_serial_core/u_exp_to_integer/value[27]
                         LUT6 (Prop_LUT6_I0_O)        0.178     0.528 r  u_core/u_npu/u_engine/u_gelu/u_serial_core/u_exp_to_integer/result[31]_INST_0_i_8/O
                         net (fo=78, unplaced)        0.294     0.822    u_core/u_npu/u_engine/u_gelu/u_serial_core/u_exp_to_integer/result[31]_INST_0_i_8_n_0
                         LUT3 (Prop_LUT3_I1_O)        0.083     0.905 r  u_core/u_npu/u_engine/u_gelu/u_serial_core/u_exp_to_integer/result[31]_INST_0_i_66/O
                         net (fo=1, unplaced)         0.232     1.137    u_core/u_npu/u_engine/u_gelu/u_serial_core/u_exp_to_integer/result[31]_INST_0_i_66_n_0
                         CARRY8 (Prop_CARRY8_DI[2]_CO[7])
                                                      0.142     1.279 r  u_core/u_npu/u_engine/u_gelu/u_serial_core/u_exp_to_integer/result[31]_INST_0_i_31/CO[7]
                         net (fo=1, unplaced)         0.007     1.286    u_core/u_npu/u_engine/u_gelu/u_serial_core/u_exp_to_integer/result[31]_INST_0_i_31_n_0
                         CARRY8 (Prop_CARRY8_CI_CO[6])
                                                      0.116     1.402 r  u_core/u_npu/u_engine/u_gelu/u_serial_core/u_exp_to_integer/result[31]_INST_0_i_9/CO[6]
                         net (fo=17, unplaced)        0.202     1.604    u_core/u_npu/u_engine/u_gelu/u_serial_core/u_exp_to_integer/result[31]_INST_0_i_9_n_1
                         LUT6 (Prop_LUT6_I1_O)        0.039     1.643 r  u_core/u_npu/u_engine/u_gelu/u_serial_core/u_exp_to_integer/result[30]_INST_0_i_5/O
                         net (fo=36, unplaced)        0.276     1.919    u_core/u_npu/u_engine/u_gelu/u_serial_core/u_exp_to_integer/result[30]_INST_0_i_5_n_0
                         LUT3 (Prop_LUT3_I2_O)        0.085     2.004 r  u_core/u_npu/u_engine/u_gelu/u_serial_core/u_exp_to_integer/result[28]_INST_0_i_7/O
                         net (fo=1, unplaced)         0.214     2.218    u_core/u_npu/u_engine/u_gelu/u_serial_core/u_exp_to_integer/result[28]_INST_0_i_7_n_0
                         LUT6 (Prop_LUT6_I4_O)        0.039     2.257 r  u_core/u_npu/u_engine/u_gelu/u_serial_core/u_exp_to_integer/result[28]_INST_0_i_1/O
                         net (fo=1, unplaced)         0.214     2.471    u_core/u_npu/u_engine/u_gelu/u_serial_core/u_exp_to_integer/result[28]_INST_0_i_1_n_0
                         LUT6 (Prop_LUT6_I0_O)        0.039     2.510 r  u_core/u_npu/u_engine/u_gelu/u_serial_core/u_exp_to_integer/result[28]_INST_0/O
                         net (fo=3, unplaced)         0.162     2.672    u_core/u_npu/u_engine/u_gelu/u_serial_core/exp_scale_integer_comb[28]
                         LUT4 (Prop_LUT4_I1_O)        0.064     2.736 r  u_core/u_npu/u_engine/u_gelu/u_serial_core/u_exp_from_integer_i_4/O
                         net (fo=12, unplaced)        0.198     2.934    u_core/u_npu/u_engine/u_gelu/u_serial_core/u_exp_from_integer/value[28]
                         LUT4 (Prop_LUT4_I0_O)        0.115     3.049 f  u_core/u_npu/u_engine/u_gelu/u_serial_core/u_exp_from_integer/result[30]_INST_0_i_11/O
                         net (fo=2, unplaced)         0.214     3.263    u_core/u_npu/u_engine/u_gelu/u_serial_core/u_exp_from_integer/result[30]_INST_0_i_11_n_0
                         LUT5 (Prop_LUT5_I0_O)        0.039     3.302 f  u_core/u_npu/u_engine/u_gelu/u_serial_core/u_exp_from_integer/result[30]_INST_0_i_27/O
                         net (fo=45, unplaced)        0.226     3.528    u_core/u_npu/u_engine/u_gelu/u_serial_core/u_exp_from_integer/result[30]_INST_0_i_27_n_0
                         LUT3 (Prop_LUT3_I2_O)        0.100     3.628 r  u_core/u_npu/u_engine/u_gelu/u_serial_core/u_exp_from_integer/result[30]_INST_0_i_5/O
                         net (fo=21, unplaced)        0.264     3.892    u_core/u_npu/u_engine/u_gelu/u_serial_core/u_exp_from_integer/result[30]_INST_0_i_5_n_0
                         LUT3 (Prop_LUT3_I2_O)        0.039     3.931 f  u_core/u_npu/u_engine/u_gelu/u_serial_core/u_exp_from_integer/result[22]_INST_0_i_45/O
                         net (fo=16, unplaced)        0.258     4.189    u_core/u_npu/u_engine/u_gelu/u_serial_core/u_exp_from_integer/result[22]_INST_0_i_45_n_0
                         LUT2 (Prop_LUT2_I1_O)        0.039     4.228 r  u_core/u_npu/u_engine/u_gelu/u_serial_core/u_exp_from_integer/result[30]_INST_0_i_106/O
                         net (fo=1, unplaced)         0.000     4.228    u_core/u_npu/u_engine/u_gelu/u_serial_core/u_exp_from_integer/rounded_mantissa5[0]
                         CARRY8 (Prop_CARRY8_CI_O[0])
                                                      0.137     4.365 r  u_core/u_npu/u_engine/u_gelu/u_serial_core/u_exp_from_integer/result[30]_INST_0_i_93/O[0]
                         net (fo=2, unplaced)         0.214     4.579    u_core/u_npu/u_engine/u_gelu/u_serial_core/u_exp_from_integer/result[30]_INST_0_i_93_n_15
                         LUT3 (Prop_LUT3_I2_O)        0.039     4.618 f  u_core/u_npu/u_engine/u_gelu/u_serial_core/u_exp_from_integer/result[30]_INST_0_i_105/O
                         net (fo=2, unplaced)         0.214     4.832    u_core/u_npu/u_engine/u_gelu/u_serial_core/u_exp_from_integer/result[30]_INST_0_i_105_n_0
                         LUT5 (Prop_LUT5_I4_O)        0.085     4.917 r  u_core/u_npu/u_engine/u_gelu/u_serial_core/u_exp_from_integer/result[30]_INST_0_i_96/O
                         net (fo=1, unplaced)         0.214     5.131    u_core/u_npu/u_engine/u_gelu/u_serial_core/u_exp_from_integer/result[30]_INST_0_i_96_n_0
                         LUT6 (Prop_LUT6_I5_O)        0.039     5.170 r  u_core/u_npu/u_engine/u_gelu/u_serial_core/u_exp_from_integer/result[30]_INST_0_i_72/O
                         net (fo=1, unplaced)         0.018     5.188    u_core/u_npu/u_engine/u_gelu/u_serial_core/u_exp_from_integer/result[30]_INST_0_i_72_n_0
                         CARRY8 (Prop_CARRY8_S[0]_CO[7])
                                                      0.245     5.433 f  u_core/u_npu/u_engine/u_gelu/u_serial_core/u_exp_from_integer/result[30]_INST_0_i_41/CO[7]
                         net (fo=1, unplaced)         0.007     5.440    u_core/u_npu/u_engine/u_gelu/u_serial_core/u_exp_from_integer/result[30]_INST_0_i_41_n_0
                         CARRY8 (Prop_CARRY8_CI_CO[2])
                                                      0.073     5.513 f  u_core/u_npu/u_engine/u_gelu/u_serial_core/u_exp_from_integer/result[30]_INST_0_i_24/CO[2]
                         net (fo=3, unplaced)         0.220     5.733    u_core/u_npu/u_engine/u_gelu/u_serial_core/u_exp_from_integer/result[30]_INST_0_i_24_n_5
                         LUT5 (Prop_LUT5_I4_O)        0.039     5.772 r  u_core/u_npu/u_engine/u_gelu/u_serial_core/u_exp_from_integer/result[22]_INST_0_i_3/O
                         net (fo=23, unplaced)        0.266     6.038    u_core/u_npu/u_engine/u_gelu/u_serial_core/u_exp_from_integer/result[22]_INST_0_i_3_n_0
                         LUT5 (Prop_LUT5_I2_O)        0.039     6.077 f  u_core/u_npu/u_engine/u_gelu/u_serial_core/u_exp_from_integer/result[4]_INST_0_i_1/O
                         net (fo=2, unplaced)         0.214     6.291    u_core/u_npu/u_engine/u_gelu/u_serial_core/u_exp_from_integer/result[4]_INST_0_i_1_n_0
                         LUT3 (Prop_LUT3_I2_O)        0.085     6.376 f  u_core/u_npu/u_engine/u_gelu/u_serial_core/u_exp_from_integer/result[3]_INST_0/O
                         net (fo=1, unplaced)         0.214     6.590    u_core/u_npu/u_engine/u_gelu/u_serial_core/integer_as_fp32[3]
                         LUT6 (Prop_LUT6_I2_O)        0.039     6.629 f  u_core/u_npu/u_engine/u_gelu/u_serial_core/mul_operand_a[3]_INST_0_i_3/O
                         net (fo=1, unplaced)         0.214     6.843    u_core/u_npu/u_engine/u_gelu/u_serial_core/mul_operand_a[3]_INST_0_i_3_n_0
                         LUT5 (Prop_LUT5_I1_O)        0.085     6.928 f  u_core/u_npu/u_engine/u_gelu/u_serial_core/mul_operand_a[3]_INST_0_i_1/O
                         net (fo=1, unplaced)         0.214     7.142    u_core/u_npu/u_engine/u_gelu/u_serial_core/mul_operand_a[3]_INST_0_i_1_n_0
                         LUT6 (Prop_LUT6_I0_O)        0.039     7.181 f  u_core/u_npu/u_engine/u_gelu/u_serial_core/mul_operand_a[3]_INST_0/O
                         net (fo=1, unplaced)         0.214     7.395    u_core/u_npu/u_engine/gelu_mul_operand_a[3]
                         LUT6 (Prop_LUT6_I4_O)        0.039     7.434 f  u_core/u_npu/u_engine/u_engine_shared_multiplier_i_94/O
                         net (fo=1, unplaced)         0.214     7.648    u_core/u_npu/u_engine/u_engine_shared_multiplier_i_94_n_0
                         LUT6 (Prop_LUT6_I5_O)        0.039     7.687 f  u_core/u_npu/u_engine/u_engine_shared_multiplier_i_29/O
                         net (fo=58, unplaced)        0.287     7.974    u_core/u_npu/u_engine/u_engine_shared_multiplier/a[3]
                         LUT2 (Prop_LUT2_I0_O)        0.085     8.059 r  u_core/u_npu/u_engine/u_engine_shared_multiplier/result[7]_INST_0_i_266/O
                         net (fo=1, unplaced)         0.214     8.273    u_core/u_npu/u_engine/u_engine_shared_multiplier/result[7]_INST_0_i_266_n_0
                         LUT6 (Prop_LUT6_I3_O)        0.039     8.312 r  u_core/u_npu/u_engine/u_engine_shared_multiplier/result[7]_INST_0_i_216/O
                         net (fo=1, unplaced)         0.019     8.331    u_core/u_npu/u_engine/u_engine_shared_multiplier/result[7]_INST_0_i_216_n_0
                         CARRY8 (Prop_CARRY8_S[5]_CO[7])
                                                      0.204     8.535 r  u_core/u_npu/u_engine/u_engine_shared_multiplier/result[7]_INST_0_i_164/CO[7]
                         net (fo=1, unplaced)         0.007     8.542    u_core/u_npu/u_engine/u_engine_shared_multiplier/result[7]_INST_0_i_164_n_0
                         CARRY8 (Prop_CARRY8_CI_O[2])
                                                      0.086     8.628 r  u_core/u_npu/u_engine/u_engine_shared_multiplier/result[15]_INST_0_i_117/O[2]
                         net (fo=2, unplaced)         0.214     8.842    u_core/u_npu/u_engine/u_engine_shared_multiplier/result[15]_INST_0_i_117_n_13
                         LUT3 (Prop_LUT3_I0_O)        0.100     8.942 r  u_core/u_npu/u_engine/u_engine_shared_multiplier/result[7]_INST_0_i_145/O
                         net (fo=2, unplaced)         0.214     9.156    u_core/u_npu/u_engine/u_engine_shared_multiplier/result[7]_INST_0_i_145_n_0
                         LUT4 (Prop_LUT4_I3_O)        0.039     9.195 r  u_core/u_npu/u_engine/u_engine_shared_multiplier/result[7]_INST_0_i_153/O
                         net (fo=1, unplaced)         0.019     9.214    u_core/u_npu/u_engine/u_engine_shared_multiplier/result[7]_INST_0_i_153_n_0
                         CARRY8 (Prop_CARRY8_S[5]_CO[7])
                                                      0.204     9.418 r  u_core/u_npu/u_engine/u_engine_shared_multiplier/result[7]_INST_0_i_62/CO[7]
                         net (fo=1, unplaced)         0.007     9.425    u_core/u_npu/u_engine/u_engine_shared_multiplier/result[7]_INST_0_i_62_n_0
                         CARRY8 (Prop_CARRY8_CI_CO[7])
                                                      0.030     9.455 r  u_core/u_npu/u_engine/u_engine_shared_multiplier/result[15]_INST_0_i_36/CO[7]
                         net (fo=1, unplaced)         0.007     9.462    u_core/u_npu/u_engine/u_engine_shared_multiplier/result[15]_INST_0_i_36_n_0
                         CARRY8 (Prop_CARRY8_CI_O[1])
                                                      0.097     9.559 r  u_core/u_npu/u_engine/u_engine_shared_multiplier/result[21]_INST_0_i_31/O[1]
                         net (fo=3, unplaced)         0.218     9.777    u_core/u_npu/u_engine/u_engine_shared_multiplier/result[21]_INST_0_i_31_n_14
                         LUT3 (Prop_LUT3_I2_O)        0.039     9.816 r  u_core/u_npu/u_engine/u_engine_shared_multiplier/result[15]_INST_0_i_32/O
                         net (fo=2, unplaced)         0.214    10.030    u_core/u_npu/u_engine/u_engine_shared_multiplier/result[15]_INST_0_i_32_n_0
                         LUT5 (Prop_LUT5_I1_O)        0.039    10.069 r  u_core/u_npu/u_engine/u_engine_shared_multiplier/result[15]_INST_0_i_15/O
                         net (fo=2, unplaced)         0.214    10.283    u_core/u_npu/u_engine/u_engine_shared_multiplier/result[15]_INST_0_i_15_n_0
                         LUT6 (Prop_LUT6_I0_O)        0.039    10.322 r  u_core/u_npu/u_engine/u_engine_shared_multiplier/result[15]_INST_0_i_23/O
                         net (fo=1, unplaced)         0.017    10.339    u_core/u_npu/u_engine/u_engine_shared_multiplier/result[15]_INST_0_i_23_n_0
                         CARRY8 (Prop_CARRY8_S[3]_CO[7])
                                                      0.202    10.541 r  u_core/u_npu/u_engine/u_engine_shared_multiplier/result[15]_INST_0_i_10/CO[7]
                         net (fo=1, unplaced)         0.007    10.548    u_core/u_npu/u_engine/u_engine_shared_multiplier/result[15]_INST_0_i_10_n_0
                         CARRY8 (Prop_CARRY8_CI_CO[7])
                                                      0.030    10.578 r  u_core/u_npu/u_engine/u_engine_shared_multiplier/result[21]_INST_0_i_11/CO[7]
                         net (fo=1, unplaced)         0.007    10.585    u_core/u_npu/u_engine/u_engine_shared_multiplier/result[21]_INST_0_i_11_n_0
                         CARRY8 (Prop_CARRY8_CI_O[4])
                                                      0.109    10.694 r  u_core/u_npu/u_engine/u_engine_shared_multiplier/result[30]_INST_0_i_70/O[4]
                         net (fo=58, unplaced)        0.285    10.979    u_core/u_npu/u_engine/u_engine_shared_multiplier/p_0_in
                         LUT4 (Prop_LUT4_I1_O)        0.085    11.064 r  u_core/u_npu/u_engine/u_engine_shared_multiplier/result[7]_INST_0_i_39/O
                         net (fo=1, unplaced)         0.214    11.278    u_core/u_npu/u_engine/u_engine_shared_multiplier/result[7]_INST_0_i_39_n_0
                         LUT5 (Prop_LUT5_I4_O)        0.039    11.317 r  u_core/u_npu/u_engine/u_engine_shared_multiplier/result[7]_INST_0_i_15/O
                         net (fo=1, unplaced)         0.214    11.531    u_core/u_npu/u_engine/u_engine_shared_multiplier/result[7]_INST_0_i_15_n_0
                         LUT6 (Prop_LUT6_I4_O)        0.039    11.570 r  u_core/u_npu/u_engine/u_engine_shared_multiplier/result[7]_INST_0_i_10/O
                         net (fo=1, unplaced)         0.018    11.588    u_core/u_npu/u_engine/u_engine_shared_multiplier/result[7]_INST_0_i_10_n_0
                         CARRY8 (Prop_CARRY8_S[0]_CO[7])
                                                      0.245    11.833 r  u_core/u_npu/u_engine/u_engine_shared_multiplier/result[7]_INST_0_i_1/CO[7]
                         net (fo=1, unplaced)         0.007    11.840    u_core/u_npu/u_engine/u_engine_shared_multiplier/result[7]_INST_0_i_1_n_0
                         CARRY8 (Prop_CARRY8_CI_CO[7])
                                                      0.030    11.870 r  u_core/u_npu/u_engine/u_engine_shared_multiplier/result[15]_INST_0_i_1/CO[7]
                         net (fo=1, unplaced)         0.007    11.877    u_core/u_npu/u_engine/u_engine_shared_multiplier/result[15]_INST_0_i_1_n_0
                         CARRY8 (Prop_CARRY8_CI_CO[7])
                                                      0.030    11.907 r  u_core/u_npu/u_engine/u_engine_shared_multiplier/result[21]_INST_0_i_1/CO[7]
                         net (fo=1, unplaced)         0.007    11.914    u_core/u_npu/u_engine/u_engine_shared_multiplier/result[21]_INST_0_i_1_n_0
                         CARRY8 (Prop_CARRY8_CI_CO[0])
                                                      0.068    11.982 r  u_core/u_npu/u_engine/u_engine_shared_multiplier/result[21]_INST_0_i_2/CO[0]
                         net (fo=25, unplaced)        0.268    12.250    u_core/u_npu/u_engine/u_engine_shared_multiplier/result[21]_INST_0_i_2_n_7
                         LUT4 (Prop_LUT4_I3_O)        0.039    12.289 r  u_core/u_npu/u_engine/u_engine_shared_multiplier/result[30]_INST_0_i_36/O
                         net (fo=1, unplaced)         0.018    12.307    u_core/u_npu/u_engine/u_engine_shared_multiplier/result[30]_INST_0_i_36_n_0
                         CARRY8 (Prop_CARRY8_S[0]_CO[7])
                                                      0.245    12.552 r  u_core/u_npu/u_engine/u_engine_shared_multiplier/result[30]_INST_0_i_3/CO[7]
                         net (fo=1, unplaced)         0.007    12.559    u_core/u_npu/u_engine/u_engine_shared_multiplier/result[30]_INST_0_i_3_n_0
                         CARRY8 (Prop_CARRY8_CI_CO[7])
                                                      0.030    12.589 r  u_core/u_npu/u_engine/u_engine_shared_multiplier/result[30]_INST_0_i_72/CO[7]
                         net (fo=1, unplaced)         0.007    12.596    u_core/u_npu/u_engine/u_engine_shared_multiplier/result[30]_INST_0_i_72_n_0
                         CARRY8 (Prop_CARRY8_CI_O[5])
                                                      0.145    12.741 f  u_core/u_npu/u_engine/u_engine_shared_multiplier/result[30]_INST_0_i_51/O[5]
                         net (fo=3, unplaced)         0.168    12.909    u_core/u_npu/u_engine/u_engine_shared_multiplier/exp_result[21]
                         LUT2 (Prop_LUT2_I0_O)        0.127    13.036 f  u_core/u_npu/u_engine/u_engine_shared_multiplier/result[30]_INST_0_i_11/O
                         net (fo=1, unplaced)         0.234    13.270    u_core/u_npu/u_engine/u_engine_shared_multiplier/result[30]_INST_0_i_11_n_0
                         CARRY8 (Prop_CARRY8_DI[1]_CO[6])
                                                      0.214    13.484 f  u_core/u_npu/u_engine/u_engine_shared_multiplier/result[30]_INST_0_i_1/CO[6]
                         net (fo=31, unplaced)        0.216    13.700    u_core/u_npu/u_engine/u_engine_shared_multiplier/result[30]_INST_0_i_1_n_1
                         LUT5 (Prop_LUT5_I4_O)        0.039    13.739 f  u_core/u_npu/u_engine/u_engine_shared_multiplier/result[22]_INST_0_i_1/O
                         net (fo=1, unplaced)         0.214    13.953    u_core/u_npu/u_engine/u_engine_shared_multiplier/result[22]_INST_0_i_1_n_0
                         LUT4 (Prop_LUT4_I1_O)        0.039    13.992 r  u_core/u_npu/u_engine/u_engine_shared_multiplier/result[22]_INST_0/O
                         net (fo=45, unplaced)        0.281    14.273    u_core/u_npu/u_engine/u_vector/external_mul_result[22]
                         LUT6 (Prop_LUT6_I4_O)        0.039    14.312 r  u_core/u_npu/u_engine/u_vector/result_data_reg[118]_i_1/O
                         net (fo=1, unplaced)         0.058    14.370    u_core/u_npu/u_engine/u_vector/result_data_reg[118]_i_1_n_0
                         FDRE                                         r  u_core/u_npu/u_engine/u_vector/result_data_reg_reg[118]/D
  -------------------------------------------------------------------    -------------------

                         (clock aclk rise edge)      20.000    20.000 r  
                                                      0.000    20.000 r  aclk (IN)
                         net (fo=62495, unset)        0.024    20.024    u_core/u_npu/u_engine/u_vector/clk
                         FDRE                                         r  u_core/u_npu/u_engine/u_vector/result_data_reg_reg[118]/C
                         clock pessimism              0.000    20.024    
                         clock uncertainty           -0.235    19.789    
                         FDRE (Setup_FDRE_C_D)        0.027    19.816    u_core/u_npu/u_engine/u_vector/result_data_reg_reg[118]
  -------------------------------------------------------------------
                         required time                         19.816    
                         arrival time                         -14.370    
  -------------------------------------------------------------------
                         slack                                  5.446    

Slack (MET) :             5.446ns  (required time - arrival time)
  Source:                 u_core/u_npu/u_engine/u_gelu/u_serial_core/exp_scaled_reg[27]/C
                            (rising edge-triggered cell FDRE clocked by aclk  {rise@0.000ns fall@10.000ns period=20.000ns})
  Destination:            u_core/u_npu/u_engine/u_vector/result_data_reg_reg[150]/D
                            (rising edge-triggered cell FDRE clocked by aclk  {rise@0.000ns fall@10.000ns period=20.000ns})
  Path Group:             aclk
  Path Type:              Setup (Max at Slow Process Corner)
  Requirement:            20.000ns  (aclk rise@20.000ns - aclk rise@0.000ns)
  Data Path Delay:        14.335ns  (logic 5.030ns (35.089%)  route 9.305ns (64.911%))
  Logic Levels:           59  (CARRY8=21 LUT2=3 LUT3=8 LUT4=6 LUT5=8 LUT6=13)
  Clock Path Skew:        -0.011ns (DCD - SCD + CPR)
    Destination Clock Delay (DCD):    0.024ns = ( 20.024 - 20.000 ) 
    Source Clock Delay      (SCD):    0.035ns
    Clock Pessimism Removal (CPR):    0.000ns
  Clock Uncertainty:      0.235ns  ((TSJ^2 + TIJ^2)^1/2 + DJ) / 2 + PE + UU
    Total System Jitter     (TSJ):    0.071ns
    Total Input Jitter      (TIJ):    0.000ns
    Discrete Jitter          (DJ):    0.000ns
    Phase Error              (PE):    0.000ns
    User Uncertainty         (UU):    0.200ns

    Location             Delay type                Incr(ns)  Path(ns)    Netlist Resource(s)
  -------------------------------------------------------------------    -------------------
                         (clock aclk rise edge)       0.000     0.000 r  
                                                      0.000     0.000 r  aclk (IN)
                         net (fo=62495, unset)        0.035     0.035    u_core/u_npu/u_engine/u_gelu/u_serial_core/clk
                         FDRE                                         r  u_core/u_npu/u_engine/u_gelu/u_serial_core/exp_scaled_reg[27]/C
  -------------------------------------------------------------------    -------------------
                         FDRE (Prop_FDRE_C_Q)         0.096     0.131 f  u_core/u_npu/u_engine/u_gelu/u_serial_core/exp_scaled_reg[27]/Q
                         net (fo=15, unplaced)        0.219     0.350    u_core/u_npu/u_engine/u_gelu/u_serial_core/u_exp_to_integer/value[27]
                         LUT6 (Prop_LUT6_I0_O)        0.178     0.528 r  u_core/u_npu/u_engine/u_gelu/u_serial_core/u_exp_to_integer/result[31]_INST_0_i_8/O
                         net (fo=78, unplaced)        0.294     0.822    u_core/u_npu/u_engine/u_gelu/u_serial_core/u_exp_to_integer/result[31]_INST_0_i_8_n_0
                         LUT3 (Prop_LUT3_I1_O)        0.083     0.905 r  u_core/u_npu/u_engine/u_gelu/u_serial_core/u_exp_to_integer/result[31]_INST_0_i_66/O
                         net (fo=1, unplaced)         0.232     1.137    u_core/u_npu/u_engine/u_gelu/u_serial_core/u_exp_to_integer/result[31]_INST_0_i_66_n_0
                         CARRY8 (Prop_CARRY8_DI[2]_CO[7])
                                                      0.142     1.279 r  u_core/u_npu/u_engine/u_gelu/u_serial_core/u_exp_to_integer/result[31]_INST_0_i_31/CO[7]
                         net (fo=1, unplaced)         0.007     1.286    u_core/u_npu/u_engine/u_gelu/u_serial_core/u_exp_to_integer/result[31]_INST_0_i_31_n_0
                         CARRY8 (Prop_CARRY8_CI_CO[6])
                                                      0.116     1.402 r  u_core/u_npu/u_engine/u_gelu/u_serial_core/u_exp_to_integer/result[31]_INST_0_i_9/CO[6]
                         net (fo=17, unplaced)        0.202     1.604    u_core/u_npu/u_engine/u_gelu/u_serial_core/u_exp_to_integer/result[31]_INST_0_i_9_n_1
                         LUT6 (Prop_LUT6_I1_O)        0.039     1.643 r  u_core/u_npu/u_engine/u_gelu/u_serial_core/u_exp_to_integer/result[30]_INST_0_i_5/O
                         net (fo=36, unplaced)        0.276     1.919    u_core/u_npu/u_engine/u_gelu/u_serial_core/u_exp_to_integer/result[30]_INST_0_i_5_n_0
                         LUT3 (Prop_LUT3_I2_O)        0.085     2.004 r  u_core/u_npu/u_engine/u_gelu/u_serial_core/u_exp_to_integer/result[28]_INST_0_i_7/O
                         net (fo=1, unplaced)         0.214     2.218    u_core/u_npu/u_engine/u_gelu/u_serial_core/u_exp_to_integer/result[28]_INST_0_i_7_n_0
                         LUT6 (Prop_LUT6_I4_O)        0.039     2.257 r  u_core/u_npu/u_engine/u_gelu/u_serial_core/u_exp_to_integer/result[28]_INST_0_i_1/O
                         net (fo=1, unplaced)         0.214     2.471    u_core/u_npu/u_engine/u_gelu/u_serial_core/u_exp_to_integer/result[28]_INST_0_i_1_n_0
                         LUT6 (Prop_LUT6_I0_O)        0.039     2.510 r  u_core/u_npu/u_engine/u_gelu/u_serial_core/u_exp_to_integer/result[28]_INST_0/O
                         net (fo=3, unplaced)         0.162     2.672    u_core/u_npu/u_engine/u_gelu/u_serial_core/exp_scale_integer_comb[28]
                         LUT4 (Prop_LUT4_I1_O)        0.064     2.736 r  u_core/u_npu/u_engine/u_gelu/u_serial_core/u_exp_from_integer_i_4/O
                         net (fo=12, unplaced)        0.198     2.934    u_core/u_npu/u_engine/u_gelu/u_serial_core/u_exp_from_integer/value[28]
                         LUT4 (Prop_LUT4_I0_O)        0.115     3.049 f  u_core/u_npu/u_engine/u_gelu/u_serial_core/u_exp_from_integer/result[30]_INST_0_i_11/O
                         net (fo=2, unplaced)         0.214     3.263    u_core/u_npu/u_engine/u_gelu/u_serial_core/u_exp_from_integer/result[30]_INST_0_i_11_n_0
                         LUT5 (Prop_LUT5_I0_O)        0.039     3.302 f  u_core/u_npu/u_engine/u_gelu/u_serial_core/u_exp_from_integer/result[30]_INST_0_i_27/O
                         net (fo=45, unplaced)        0.226     3.528    u_core/u_npu/u_engine/u_gelu/u_serial_core/u_exp_from_integer/result[30]_INST_0_i_27_n_0
                         LUT3 (Prop_LUT3_I2_O)        0.100     3.628 r  u_core/u_npu/u_engine/u_gelu/u_serial_core/u_exp_from_integer/result[30]_INST_0_i_5/O
                         net (fo=21, unplaced)        0.264     3.892    u_core/u_npu/u_engine/u_gelu/u_serial_core/u_exp_from_integer/result[30]_INST_0_i_5_n_0
                         LUT3 (Prop_LUT3_I2_O)        0.039     3.931 f  u_core/u_npu/u_engine/u_gelu/u_serial_core/u_exp_from_integer/result[22]_INST_0_i_45/O
                         net (fo=16, unplaced)        0.258     4.189    u_core/u_npu/u_engine/u_gelu/u_serial_core/u_exp_from_integer/result[22]_INST_0_i_45_n_0
                         LUT2 (Prop_LUT2_I1_O)        0.039     4.228 r  u_core/u_npu/u_engine/u_gelu/u_serial_core/u_exp_from_integer/result[30]_INST_0_i_106/O
                         net (fo=1, unplaced)         0.000     4.228    u_core/u_npu/u_engine/u_gelu/u_serial_core/u_exp_from_integer/rounded_mantissa5[0]
                         CARRY8 (Prop_CARRY8_CI_O[0])
                                                      0.137     4.365 r  u_core/u_npu/u_engine/u_gelu/u_serial_core/u_exp_from_integer/result[30]_INST_0_i_93/O[0]
                         net (fo=2, unplaced)         0.214     4.579    u_core/u_npu/u_engine/u_gelu/u_serial_core/u_exp_from_integer/result[30]_INST_0_i_93_n_15
                         LUT3 (Prop_LUT3_I2_O)        0.039     4.618 f  u_core/u_npu/u_engine/u_gelu/u_serial_core/u_exp_from_integer/result[30]_INST_0_i_105/O
                         net (fo=2, unplaced)         0.214     4.832    u_core/u_npu/u_engine/u_gelu/u_serial_core/u_exp_from_integer/result[30]_INST_0_i_105_n_0
                         LUT5 (Prop_LUT5_I4_O)        0.085     4.917 r  u_core/u_npu/u_engine/u_gelu/u_serial_core/u_exp_from_integer/result[30]_INST_0_i_96/O
                         net (fo=1, unplaced)         0.214     5.131    u_core/u_npu/u_engine/u_gelu/u_serial_core/u_exp_from_integer/result[30]_INST_0_i_96_n_0
                         LUT6 (Prop_LUT6_I5_O)        0.039     5.170 r  u_core/u_npu/u_engine/u_gelu/u_serial_core/u_exp_from_integer/result[30]_INST_0_i_72/O
                         net (fo=1, unplaced)         0.018     5.188    u_core/u_npu/u_engine/u_gelu/u_serial_core/u_exp_from_integer/result[30]_INST_0_i_72_n_0
                         CARRY8 (Prop_CARRY8_S[0]_CO[7])
                                                      0.245     5.433 f  u_core/u_npu/u_engine/u_gelu/u_serial_core/u_exp_from_integer/result[30]_INST_0_i_41/CO[7]
                         net (fo=1, unplaced)         0.007     5.440    u_core/u_npu/u_engine/u_gelu/u_serial_core/u_exp_from_integer/result[30]_INST_0_i_41_n_0
                         CARRY8 (Prop_CARRY8_CI_CO[2])
                                                      0.073     5.513 f  u_core/u_npu/u_engine/u_gelu/u_serial_core/u_exp_from_integer/result[30]_INST_0_i_24/CO[2]
                         net (fo=3, unplaced)         0.220     5.733    u_core/u_npu/u_engine/u_gelu/u_serial_core/u_exp_from_integer/result[30]_INST_0_i_24_n_5
                         LUT5 (Prop_LUT5_I4_O)        0.039     5.772 r  u_core/u_npu/u_engine/u_gelu/u_serial_core/u_exp_from_integer/result[22]_INST_0_i_3/O
                         net (fo=23, unplaced)        0.266     6.038    u_core/u_npu/u_engine/u_gelu/u_serial_core/u_exp_from_integer/result[22]_INST_0_i_3_n_0
                         LUT5 (Prop_LUT5_I2_O)        0.039     6.077 f  u_core/u_npu/u_engine/u_gelu/u_serial_core/u_exp_from_integer/result[4]_INST_0_i_1/O
                         net (fo=2, unplaced)         0.214     6.291    u_core/u_npu/u_engine/u_gelu/u_serial_core/u_exp_from_integer/result[4]_INST_0_i_1_n_0
                         LUT3 (Prop_LUT3_I2_O)        0.085     6.376 f  u_core/u_npu/u_engine/u_gelu/u_serial_core/u_exp_from_integer/result[3]_INST_0/O
                         net (fo=1, unplaced)         0.214     6.590    u_core/u_npu/u_engine/u_gelu/u_serial_core/integer_as_fp32[3]
                         LUT6 (Prop_LUT6_I2_O)        0.039     6.629 f  u_core/u_npu/u_engine/u_gelu/u_serial_core/mul_operand_a[3]_INST_0_i_3/O
                         net (fo=1, unplaced)         0.214     6.843    u_core/u_npu/u_engine/u_gelu/u_serial_core/mul_operand_a[3]_INST_0_i_3_n_0
                         LUT5 (Prop_LUT5_I1_O)        0.085     6.928 f  u_core/u_npu/u_engine/u_gelu/u_serial_core/mul_operand_a[3]_INST_0_i_1/O
                         net (fo=1, unplaced)         0.214     7.142    u_core/u_npu/u_engine/u_gelu/u_serial_core/mul_operand_a[3]_INST_0_i_1_n_0
                         LUT6 (Prop_LUT6_I0_O)        0.039     7.181 f  u_core/u_npu/u_engine/u_gelu/u_serial_core/mul_operand_a[3]_INST_0/O
                         net (fo=1, unplaced)         0.214     7.395    u_core/u_npu/u_engine/gelu_mul_operand_a[3]
                         LUT6 (Prop_LUT6_I4_O)        0.039     7.434 f  u_core/u_npu/u_engine/u_engine_shared_multiplier_i_94/O
                         net (fo=1, unplaced)         0.214     7.648    u_core/u_npu/u_engine/u_engine_shared_multiplier_i_94_n_0
                         LUT6 (Prop_LUT6_I5_O)        0.039     7.687 f  u_core/u_npu/u_engine/u_engine_shared_multiplier_i_29/O
                         net (fo=58, unplaced)        0.287     7.974    u_core/u_npu/u_engine/u_engine_shared_multiplier/a[3]
                         LUT2 (Prop_LUT2_I0_O)        0.085     8.059 r  u_core/u_npu/u_engine/u_engine_shared_multiplier/result[7]_INST_0_i_266/O
                         net (fo=1, unplaced)         0.214     8.273    u_core/u_npu/u_engine/u_engine_shared_multiplier/result[7]_INST_0_i_266_n_0
                         LUT6 (Prop_LUT6_I3_O)        0.039     8.312 r  u_core/u_npu/u_engine/u_engine_shared_multiplier/result[7]_INST_0_i_216/O
                         net (fo=1, unplaced)         0.019     8.331    u_core/u_npu/u_engine/u_engine_shared_multiplier/result[7]_INST_0_i_216_n_0
                         CARRY8 (Prop_CARRY8_S[5]_CO[7])
                                                      0.204     8.535 r  u_core/u_npu/u_engine/u_engine_shared_multiplier/result[7]_INST_0_i_164/CO[7]
                         net (fo=1, unplaced)         0.007     8.542    u_core/u_npu/u_engine/u_engine_shared_multiplier/result[7]_INST_0_i_164_n_0
                         CARRY8 (Prop_CARRY8_CI_O[2])
                                                      0.086     8.628 r  u_core/u_npu/u_engine/u_engine_shared_multiplier/result[15]_INST_0_i_117/O[2]
                         net (fo=2, unplaced)         0.214     8.842    u_core/u_npu/u_engine/u_engine_shared_multiplier/result[15]_INST_0_i_117_n_13
                         LUT3 (Prop_LUT3_I0_O)        0.100     8.942 r  u_core/u_npu/u_engine/u_engine_shared_multiplier/result[7]_INST_0_i_145/O
                         net (fo=2, unplaced)         0.214     9.156    u_core/u_npu/u_engine/u_engine_shared_multiplier/result[7]_INST_0_i_145_n_0
                         LUT4 (Prop_LUT4_I3_O)        0.039     9.195 r  u_core/u_npu/u_engine/u_engine_shared_multiplier/result[7]_INST_0_i_153/O
                         net (fo=1, unplaced)         0.019     9.214    u_core/u_npu/u_engine/u_engine_shared_multiplier/result[7]_INST_0_i_153_n_0
                         CARRY8 (Prop_CARRY8_S[5]_CO[7])
                                                      0.204     9.418 r  u_core/u_npu/u_engine/u_engine_shared_multiplier/result[7]_INST_0_i_62/CO[7]
                         net (fo=1, unplaced)         0.007     9.425    u_core/u_npu/u_engine/u_engine_shared_multiplier/result[7]_INST_0_i_62_n_0
                         CARRY8 (Prop_CARRY8_CI_CO[7])
                                                      0.030     9.455 r  u_core/u_npu/u_engine/u_engine_shared_multiplier/result[15]_INST_0_i_36/CO[7]
                         net (fo=1, unplaced)         0.007     9.462    u_core/u_npu/u_engine/u_engine_shared_multiplier/result[15]_INST_0_i_36_n_0
                         CARRY8 (Prop_CARRY8_CI_O[1])
                                                      0.097     9.559 r  u_core/u_npu/u_engine/u_engine_shared_multiplier/result[21]_INST_0_i_31/O[1]
                         net (fo=3, unplaced)         0.218     9.777    u_core/u_npu/u_engine/u_engine_shared_multiplier/result[21]_INST_0_i_31_n_14
                         LUT3 (Prop_LUT3_I2_O)        0.039     9.816 r  u_core/u_npu/u_engine/u_engine_shared_multiplier/result[15]_INST_0_i_32/O
                         net (fo=2, unplaced)         0.214    10.030    u_core/u_npu/u_engine/u_engine_shared_multiplier/result[15]_INST_0_i_32_n_0
                         LUT5 (Prop_LUT5_I1_O)        0.039    10.069 r  u_core/u_npu/u_engine/u_engine_shared_multiplier/result[15]_INST_0_i_15/O
                         net (fo=2, unplaced)         0.214    10.283    u_core/u_npu/u_engine/u_engine_shared_multiplier/result[15]_INST_0_i_15_n_0
                         LUT6 (Prop_LUT6_I0_O)        0.039    10.322 r  u_core/u_npu/u_engine/u_engine_shared_multiplier/result[15]_INST_0_i_23/O
                         net (fo=1, unplaced)         0.017    10.339    u_core/u_npu/u_engine/u_engine_shared_multiplier/result[15]_INST_0_i_23_n_0
                         CARRY8 (Prop_CARRY8_S[3]_CO[7])
                                                      0.202    10.541 r  u_core/u_npu/u_engine/u_engine_shared_multiplier/result[15]_INST_0_i_10/CO[7]
                         net (fo=1, unplaced)         0.007    10.548    u_core/u_npu/u_engine/u_engine_shared_multiplier/result[15]_INST_0_i_10_n_0
                         CARRY8 (Prop_CARRY8_CI_CO[7])
                                                      0.030    10.578 r  u_core/u_npu/u_engine/u_engine_shared_multiplier/result[21]_INST_0_i_11/CO[7]
                         net (fo=1, unplaced)         0.007    10.585    u_core/u_npu/u_engine/u_engine_shared_multiplier/result[21]_INST_0_i_11_n_0
                         CARRY8 (Prop_CARRY8_CI_O[4])
                                                      0.109    10.694 r  u_core/u_npu/u_engine/u_engine_shared_multiplier/result[30]_INST_0_i_70/O[4]
                         net (fo=58, unplaced)        0.285    10.979    u_core/u_npu/u_engine/u_engine_shared_multiplier/p_0_in
                         LUT4 (Prop_LUT4_I1_O)        0.085    11.064 r  u_core/u_npu/u_engine/u_engine_shared_multiplier/result[7]_INST_0_i_39/O
                         net (fo=1, unplaced)         0.214    11.278    u_core/u_npu/u_engine/u_engine_shared_multiplier/result[7]_INST_0_i_39_n_0
                         LUT5 (Prop_LUT5_I4_O)        0.039    11.317 r  u_core/u_npu/u_engine/u_engine_shared_multiplier/result[7]_INST_0_i_15/O
                         net (fo=1, unplaced)         0.214    11.531    u_core/u_npu/u_engine/u_engine_shared_multiplier/result[7]_INST_0_i_15_n_0
                         LUT6 (Prop_LUT6_I4_O)        0.039    11.570 r  u_core/u_npu/u_engine/u_engine_shared_multiplier/result[7]_INST_0_i_10/O
                         net (fo=1, unplaced)         0.018    11.588    u_core/u_npu/u_engine/u_engine_shared_multiplier/result[7]_INST_0_i_10_n_0
                         CARRY8 (Prop_CARRY8_S[0]_CO[7])
                                                      0.245    11.833 r  u_core/u_npu/u_engine/u_engine_shared_multiplier/result[7]_INST_0_i_1/CO[7]
                         net (fo=1, unplaced)         0.007    11.840    u_core/u_npu/u_engine/u_engine_shared_multiplier/result[7]_INST_0_i_1_n_0
                         CARRY8 (Prop_CARRY8_CI_CO[7])
                                                      0.030    11.870 r  u_core/u_npu/u_engine/u_engine_shared_multiplier/result[15]_INST_0_i_1/CO[7]
                         net (fo=1, unplaced)         0.007    11.877    u_core/u_npu/u_engine/u_engine_shared_multiplier/result[15]_INST_0_i_1_n_0
                         CARRY8 (Prop_CARRY8_CI_CO[7])
                                                      0.030    11.907 r  u_core/u_npu/u_engine/u_engine_shared_multiplier/result[21]_INST_0_i_1/CO[7]
                         net (fo=1, unplaced)         0.007    11.914    u_core/u_npu/u_engine/u_engine_shared_multiplier/result[21]_INST_0_i_1_n_0
                         CARRY8 (Prop_CARRY8_CI_CO[0])
                                                      0.068    11.982 r  u_core/u_npu/u_engine/u_engine_shared_multiplier/result[21]_INST_0_i_2/CO[0]
                         net (fo=25, unplaced)        0.268    12.250    u_core/u_npu/u_engine/u_engine_shared_multiplier/result[21]_INST_0_i_2_n_7
                         LUT4 (Prop_LUT4_I3_O)        0.039    12.289 r  u_core/u_npu/u_engine/u_engine_shared_multiplier/result[30]_INST_0_i_36/O
                         net (fo=1, unplaced)         0.018    12.307    u_core/u_npu/u_engine/u_engine_shared_multiplier/result[30]_INST_0_i_36_n_0
                         CARRY8 (Prop_CARRY8_S[0]_CO[7])
                                                      0.245    12.552 r  u_core/u_npu/u_engine/u_engine_shared_multiplier/result[30]_INST_0_i_3/CO[7]
                         net (fo=1, unplaced)         0.007    12.559    u_core/u_npu/u_engine/u_engine_shared_multiplier/result[30]_INST_0_i_3_n_0
                         CARRY8 (Prop_CARRY8_CI_CO[7])
                                                      0.030    12.589 r  u_core/u_npu/u_engine/u_engine_shared_multiplier/result[30]_INST_0_i_72/CO[7]
                         net (fo=1, unplaced)         0.007    12.596    u_core/u_npu/u_engine/u_engine_shared_multiplier/result[30]_INST_0_i_72_n_0
                         CARRY8 (Prop_CARRY8_CI_O[5])
                                                      0.145    12.741 f  u_core/u_npu/u_engine/u_engine_shared_multiplier/result[30]_INST_0_i_51/O[5]
                         net (fo=3, unplaced)         0.168    12.909    u_core/u_npu/u_engine/u_engine_shared_multiplier/exp_result[21]
                         LUT2 (Prop_LUT2_I0_O)        0.127    13.036 f  u_core/u_npu/u_engine/u_engine_shared_multiplier/result[30]_INST_0_i_11/O
                         net (fo=1, unplaced)         0.234    13.270    u_core/u_npu/u_engine/u_engine_shared_multiplier/result[30]_INST_0_i_11_n_0
                         CARRY8 (Prop_CARRY8_DI[1]_CO[6])
                                                      0.214    13.484 f  u_core/u_npu/u_engine/u_engine_shared_multiplier/result[30]_INST_0_i_1/CO[6]
                         net (fo=31, unplaced)        0.216    13.700    u_core/u_npu/u_engine/u_engine_shared_multiplier/result[30]_INST_0_i_1_n_1
                         LUT5 (Prop_LUT5_I4_O)        0.039    13.739 f  u_core/u_npu/u_engine/u_engine_shared_multiplier/result[22]_INST_0_i_1/O
                         net (fo=1, unplaced)         0.214    13.953    u_core/u_npu/u_engine/u_engine_shared_multiplier/result[22]_INST_0_i_1_n_0
                         LUT4 (Prop_LUT4_I1_O)        0.039    13.992 r  u_core/u_npu/u_engine/u_engine_shared_multiplier/result[22]_INST_0/O
                         net (fo=45, unplaced)        0.281    14.273    u_core/u_npu/u_engine/u_vector/external_mul_result[22]
                         LUT6 (Prop_LUT6_I4_O)        0.039    14.312 r  u_core/u_npu/u_engine/u_vector/result_data_reg[150]_i_1/O
                         net (fo=1, unplaced)         0.058    14.370    u_core/u_npu/u_engine/u_vector/result_data_reg[150]_i_1_n_0
                         FDRE                                         r  u_core/u_npu/u_engine/u_vector/result_data_reg_reg[150]/D
  -------------------------------------------------------------------    -------------------

                         (clock aclk rise edge)      20.000    20.000 r  
                                                      0.000    20.000 r  aclk (IN)
                         net (fo=62495, unset)        0.024    20.024    u_core/u_npu/u_engine/u_vector/clk
                         FDRE                                         r  u_core/u_npu/u_engine/u_vector/result_data_reg_reg[150]/C
                         clock pessimism              0.000    20.024    
                         clock uncertainty           -0.235    19.789    
                         FDRE (Setup_FDRE_C_D)        0.027    19.816    u_core/u_npu/u_engine/u_vector/result_data_reg_reg[150]
  -------------------------------------------------------------------
                         required time                         19.816    
                         arrival time                         -14.370    
  -------------------------------------------------------------------
                         slack                                  5.446    

Slack (MET) :             5.446ns  (required time - arrival time)
  Source:                 u_core/u_npu/u_engine/u_gelu/u_serial_core/exp_scaled_reg[27]/C
                            (rising edge-triggered cell FDRE clocked by aclk  {rise@0.000ns fall@10.000ns period=20.000ns})
  Destination:            u_core/u_npu/u_engine/u_vector/result_data_reg_reg[182]/D
                            (rising edge-triggered cell FDRE clocked by aclk  {rise@0.000ns fall@10.000ns period=20.000ns})
  Path Group:             aclk
  Path Type:              Setup (Max at Slow Process Corner)
  Requirement:            20.000ns  (aclk rise@20.000ns - aclk rise@0.000ns)
  Data Path Delay:        14.335ns  (logic 5.030ns (35.089%)  route 9.305ns (64.911%))
  Logic Levels:           59  (CARRY8=21 LUT2=3 LUT3=8 LUT4=6 LUT5=8 LUT6=13)
  Clock Path Skew:        -0.011ns (DCD - SCD + CPR)
    Destination Clock Delay (DCD):    0.024ns = ( 20.024 - 20.000 ) 
    Source Clock Delay      (SCD):    0.035ns
    Clock Pessimism Removal (CPR):    0.000ns
  Clock Uncertainty:      0.235ns  ((TSJ^2 + TIJ^2)^1/2 + DJ) / 2 + PE + UU
    Total System Jitter     (TSJ):    0.071ns
    Total Input Jitter      (TIJ):    0.000ns
    Discrete Jitter          (DJ):    0.000ns
    Phase Error              (PE):    0.000ns
    User Uncertainty         (UU):    0.200ns

    Location             Delay type                Incr(ns)  Path(ns)    Netlist Resource(s)
  -------------------------------------------------------------------    -------------------
                         (clock aclk rise edge)       0.000     0.000 r  
                                                      0.000     0.000 r  aclk (IN)
                         net (fo=62495, unset)        0.035     0.035    u_core/u_npu/u_engine/u_gelu/u_serial_core/clk
                         FDRE                                         r  u_core/u_npu/u_engine/u_gelu/u_serial_core/exp_scaled_reg[27]/C
  -------------------------------------------------------------------    -------------------
                         FDRE (Prop_FDRE_C_Q)         0.096     0.131 f  u_core/u_npu/u_engine/u_gelu/u_serial_core/exp_scaled_reg[27]/Q
                         net (fo=15, unplaced)        0.219     0.350    u_core/u_npu/u_engine/u_gelu/u_serial_core/u_exp_to_integer/value[27]
                         LUT6 (Prop_LUT6_I0_O)        0.178     0.528 r  u_core/u_npu/u_engine/u_gelu/u_serial_core/u_exp_to_integer/result[31]_INST_0_i_8/O
                         net (fo=78, unplaced)        0.294     0.822    u_core/u_npu/u_engine/u_gelu/u_serial_core/u_exp_to_integer/result[31]_INST_0_i_8_n_0
                         LUT3 (Prop_LUT3_I1_O)        0.083     0.905 r  u_core/u_npu/u_engine/u_gelu/u_serial_core/u_exp_to_integer/result[31]_INST_0_i_66/O
                         net (fo=1, unplaced)         0.232     1.137    u_core/u_npu/u_engine/u_gelu/u_serial_core/u_exp_to_integer/result[31]_INST_0_i_66_n_0
                         CARRY8 (Prop_CARRY8_DI[2]_CO[7])
                                                      0.142     1.279 r  u_core/u_npu/u_engine/u_gelu/u_serial_core/u_exp_to_integer/result[31]_INST_0_i_31/CO[7]
                         net (fo=1, unplaced)         0.007     1.286    u_core/u_npu/u_engine/u_gelu/u_serial_core/u_exp_to_integer/result[31]_INST_0_i_31_n_0
                         CARRY8 (Prop_CARRY8_CI_CO[6])
                                                      0.116     1.402 r  u_core/u_npu/u_engine/u_gelu/u_serial_core/u_exp_to_integer/result[31]_INST_0_i_9/CO[6]
                         net (fo=17, unplaced)        0.202     1.604    u_core/u_npu/u_engine/u_gelu/u_serial_core/u_exp_to_integer/result[31]_INST_0_i_9_n_1
                         LUT6 (Prop_LUT6_I1_O)        0.039     1.643 r  u_core/u_npu/u_engine/u_gelu/u_serial_core/u_exp_to_integer/result[30]_INST_0_i_5/O
                         net (fo=36, unplaced)        0.276     1.919    u_core/u_npu/u_engine/u_gelu/u_serial_core/u_exp_to_integer/result[30]_INST_0_i_5_n_0
                         LUT3 (Prop_LUT3_I2_O)        0.085     2.004 r  u_core/u_npu/u_engine/u_gelu/u_serial_core/u_exp_to_integer/result[28]_INST_0_i_7/O
                         net (fo=1, unplaced)         0.214     2.218    u_core/u_npu/u_engine/u_gelu/u_serial_core/u_exp_to_integer/result[28]_INST_0_i_7_n_0
                         LUT6 (Prop_LUT6_I4_O)        0.039     2.257 r  u_core/u_npu/u_engine/u_gelu/u_serial_core/u_exp_to_integer/result[28]_INST_0_i_1/O
                         net (fo=1, unplaced)         0.214     2.471    u_core/u_npu/u_engine/u_gelu/u_serial_core/u_exp_to_integer/result[28]_INST_0_i_1_n_0
                         LUT6 (Prop_LUT6_I0_O)        0.039     2.510 r  u_core/u_npu/u_engine/u_gelu/u_serial_core/u_exp_to_integer/result[28]_INST_0/O
                         net (fo=3, unplaced)         0.162     2.672    u_core/u_npu/u_engine/u_gelu/u_serial_core/exp_scale_integer_comb[28]
                         LUT4 (Prop_LUT4_I1_O)        0.064     2.736 r  u_core/u_npu/u_engine/u_gelu/u_serial_core/u_exp_from_integer_i_4/O
                         net (fo=12, unplaced)        0.198     2.934    u_core/u_npu/u_engine/u_gelu/u_serial_core/u_exp_from_integer/value[28]
                         LUT4 (Prop_LUT4_I0_O)        0.115     3.049 f  u_core/u_npu/u_engine/u_gelu/u_serial_core/u_exp_from_integer/result[30]_INST_0_i_11/O
                         net (fo=2, unplaced)         0.214     3.263    u_core/u_npu/u_engine/u_gelu/u_serial_core/u_exp_from_integer/result[30]_INST_0_i_11_n_0
                         LUT5 (Prop_LUT5_I0_O)        0.039     3.302 f  u_core/u_npu/u_engine/u_gelu/u_serial_core/u_exp_from_integer/result[30]_INST_0_i_27/O
                         net (fo=45, unplaced)        0.226     3.528    u_core/u_npu/u_engine/u_gelu/u_serial_core/u_exp_from_integer/result[30]_INST_0_i_27_n_0
                         LUT3 (Prop_LUT3_I2_O)        0.100     3.628 r  u_core/u_npu/u_engine/u_gelu/u_serial_core/u_exp_from_integer/result[30]_INST_0_i_5/O
                         net (fo=21, unplaced)        0.264     3.892    u_core/u_npu/u_engine/u_gelu/u_serial_core/u_exp_from_integer/result[30]_INST_0_i_5_n_0
                         LUT3 (Prop_LUT3_I2_O)        0.039     3.931 f  u_core/u_npu/u_engine/u_gelu/u_serial_core/u_exp_from_integer/result[22]_INST_0_i_45/O
                         net (fo=16, unplaced)        0.258     4.189    u_core/u_npu/u_engine/u_gelu/u_serial_core/u_exp_from_integer/result[22]_INST_0_i_45_n_0
                         LUT2 (Prop_LUT2_I1_O)        0.039     4.228 r  u_core/u_npu/u_engine/u_gelu/u_serial_core/u_exp_from_integer/result[30]_INST_0_i_106/O
                         net (fo=1, unplaced)         0.000     4.228    u_core/u_npu/u_engine/u_gelu/u_serial_core/u_exp_from_integer/rounded_mantissa5[0]
                         CARRY8 (Prop_CARRY8_CI_O[0])
                                                      0.137     4.365 r  u_core/u_npu/u_engine/u_gelu/u_serial_core/u_exp_from_integer/result[30]_INST_0_i_93/O[0]
                         net (fo=2, unplaced)         0.214     4.579    u_core/u_npu/u_engine/u_gelu/u_serial_core/u_exp_from_integer/result[30]_INST_0_i_93_n_15
                         LUT3 (Prop_LUT3_I2_O)        0.039     4.618 f  u_core/u_npu/u_engine/u_gelu/u_serial_core/u_exp_from_integer/result[30]_INST_0_i_105/O
                         net (fo=2, unplaced)         0.214     4.832    u_core/u_npu/u_engine/u_gelu/u_serial_core/u_exp_from_integer/result[30]_INST_0_i_105_n_0
                         LUT5 (Prop_LUT5_I4_O)        0.085     4.917 r  u_core/u_npu/u_engine/u_gelu/u_serial_core/u_exp_from_integer/result[30]_INST_0_i_96/O
                         net (fo=1, unplaced)         0.214     5.131    u_core/u_npu/u_engine/u_gelu/u_serial_core/u_exp_from_integer/result[30]_INST_0_i_96_n_0
                         LUT6 (Prop_LUT6_I5_O)        0.039     5.170 r  u_core/u_npu/u_engine/u_gelu/u_serial_core/u_exp_from_integer/result[30]_INST_0_i_72/O
                         net (fo=1, unplaced)         0.018     5.188    u_core/u_npu/u_engine/u_gelu/u_serial_core/u_exp_from_integer/result[30]_INST_0_i_72_n_0
                         CARRY8 (Prop_CARRY8_S[0]_CO[7])
                                                      0.245     5.433 f  u_core/u_npu/u_engine/u_gelu/u_serial_core/u_exp_from_integer/result[30]_INST_0_i_41/CO[7]
                         net (fo=1, unplaced)         0.007     5.440    u_core/u_npu/u_engine/u_gelu/u_serial_core/u_exp_from_integer/result[30]_INST_0_i_41_n_0
                         CARRY8 (Prop_CARRY8_CI_CO[2])
                                                      0.073     5.513 f  u_core/u_npu/u_engine/u_gelu/u_serial_core/u_exp_from_integer/result[30]_INST_0_i_24/CO[2]
                         net (fo=3, unplaced)         0.220     5.733    u_core/u_npu/u_engine/u_gelu/u_serial_core/u_exp_from_integer/result[30]_INST_0_i_24_n_5
                         LUT5 (Prop_LUT5_I4_O)        0.039     5.772 r  u_core/u_npu/u_engine/u_gelu/u_serial_core/u_exp_from_integer/result[22]_INST_0_i_3/O
                         net (fo=23, unplaced)        0.266     6.038    u_core/u_npu/u_engine/u_gelu/u_serial_core/u_exp_from_integer/result[22]_INST_0_i_3_n_0
                         LUT5 (Prop_LUT5_I2_O)        0.039     6.077 f  u_core/u_npu/u_engine/u_gelu/u_serial_core/u_exp_from_integer/result[4]_INST_0_i_1/O
                         net (fo=2, unplaced)         0.214     6.291    u_core/u_npu/u_engine/u_gelu/u_serial_core/u_exp_from_integer/result[4]_INST_0_i_1_n_0
                         LUT3 (Prop_LUT3_I2_O)        0.085     6.376 f  u_core/u_npu/u_engine/u_gelu/u_serial_core/u_exp_from_integer/result[3]_INST_0/O
                         net (fo=1, unplaced)         0.214     6.590    u_core/u_npu/u_engine/u_gelu/u_serial_core/integer_as_fp32[3]
                         LUT6 (Prop_LUT6_I2_O)        0.039     6.629 f  u_core/u_npu/u_engine/u_gelu/u_serial_core/mul_operand_a[3]_INST_0_i_3/O
                         net (fo=1, unplaced)         0.214     6.843    u_core/u_npu/u_engine/u_gelu/u_serial_core/mul_operand_a[3]_INST_0_i_3_n_0
                         LUT5 (Prop_LUT5_I1_O)        0.085     6.928 f  u_core/u_npu/u_engine/u_gelu/u_serial_core/mul_operand_a[3]_INST_0_i_1/O
                         net (fo=1, unplaced)         0.214     7.142    u_core/u_npu/u_engine/u_gelu/u_serial_core/mul_operand_a[3]_INST_0_i_1_n_0
                         LUT6 (Prop_LUT6_I0_O)        0.039     7.181 f  u_core/u_npu/u_engine/u_gelu/u_serial_core/mul_operand_a[3]_INST_0/O
                         net (fo=1, unplaced)         0.214     7.395    u_core/u_npu/u_engine/gelu_mul_operand_a[3]
                         LUT6 (Prop_LUT6_I4_O)        0.039     7.434 f  u_core/u_npu/u_engine/u_engine_shared_multiplier_i_94/O
                         net (fo=1, unplaced)         0.214     7.648    u_core/u_npu/u_engine/u_engine_shared_multiplier_i_94_n_0
                         LUT6 (Prop_LUT6_I5_O)        0.039     7.687 f  u_core/u_npu/u_engine/u_engine_shared_multiplier_i_29/O
                         net (fo=58, unplaced)        0.287     7.974    u_core/u_npu/u_engine/u_engine_shared_multiplier/a[3]
                         LUT2 (Prop_LUT2_I0_O)        0.085     8.059 r  u_core/u_npu/u_engine/u_engine_shared_multiplier/result[7]_INST_0_i_266/O
                         net (fo=1, unplaced)         0.214     8.273    u_core/u_npu/u_engine/u_engine_shared_multiplier/result[7]_INST_0_i_266_n_0
                         LUT6 (Prop_LUT6_I3_O)        0.039     8.312 r  u_core/u_npu/u_engine/u_engine_shared_multiplier/result[7]_INST_0_i_216/O
                         net (fo=1, unplaced)         0.019     8.331    u_core/u_npu/u_engine/u_engine_shared_multiplier/result[7]_INST_0_i_216_n_0
                         CARRY8 (Prop_CARRY8_S[5]_CO[7])
                                                      0.204     8.535 r  u_core/u_npu/u_engine/u_engine_shared_multiplier/result[7]_INST_0_i_164/CO[7]
                         net (fo=1, unplaced)         0.007     8.542    u_core/u_npu/u_engine/u_engine_shared_multiplier/result[7]_INST_0_i_164_n_0
                         CARRY8 (Prop_CARRY8_CI_O[2])
                                                      0.086     8.628 r  u_core/u_npu/u_engine/u_engine_shared_multiplier/result[15]_INST_0_i_117/O[2]
                         net (fo=2, unplaced)         0.214     8.842    u_core/u_npu/u_engine/u_engine_shared_multiplier/result[15]_INST_0_i_117_n_13
                         LUT3 (Prop_LUT3_I0_O)        0.100     8.942 r  u_core/u_npu/u_engine/u_engine_shared_multiplier/result[7]_INST_0_i_145/O
                         net (fo=2, unplaced)         0.214     9.156    u_core/u_npu/u_engine/u_engine_shared_multiplier/result[7]_INST_0_i_145_n_0
                         LUT4 (Prop_LUT4_I3_O)        0.039     9.195 r  u_core/u_npu/u_engine/u_engine_shared_multiplier/result[7]_INST_0_i_153/O
                         net (fo=1, unplaced)         0.019     9.214    u_core/u_npu/u_engine/u_engine_shared_multiplier/result[7]_INST_0_i_153_n_0
                         CARRY8 (Prop_CARRY8_S[5]_CO[7])
                                                      0.204     9.418 r  u_core/u_npu/u_engine/u_engine_shared_multiplier/result[7]_INST_0_i_62/CO[7]
                         net (fo=1, unplaced)         0.007     9.425    u_core/u_npu/u_engine/u_engine_shared_multiplier/result[7]_INST_0_i_62_n_0
                         CARRY8 (Prop_CARRY8_CI_CO[7])
                                                      0.030     9.455 r  u_core/u_npu/u_engine/u_engine_shared_multiplier/result[15]_INST_0_i_36/CO[7]
                         net (fo=1, unplaced)         0.007     9.462    u_core/u_npu/u_engine/u_engine_shared_multiplier/result[15]_INST_0_i_36_n_0
                         CARRY8 (Prop_CARRY8_CI_O[1])
                                                      0.097     9.559 r  u_core/u_npu/u_engine/u_engine_shared_multiplier/result[21]_INST_0_i_31/O[1]
                         net (fo=3, unplaced)         0.218     9.777    u_core/u_npu/u_engine/u_engine_shared_multiplier/result[21]_INST_0_i_31_n_14
                         LUT3 (Prop_LUT3_I2_O)        0.039     9.816 r  u_core/u_npu/u_engine/u_engine_shared_multiplier/result[15]_INST_0_i_32/O
                         net (fo=2, unplaced)         0.214    10.030    u_core/u_npu/u_engine/u_engine_shared_multiplier/result[15]_INST_0_i_32_n_0
                         LUT5 (Prop_LUT5_I1_O)        0.039    10.069 r  u_core/u_npu/u_engine/u_engine_shared_multiplier/result[15]_INST_0_i_15/O
                         net (fo=2, unplaced)         0.214    10.283    u_core/u_npu/u_engine/u_engine_shared_multiplier/result[15]_INST_0_i_15_n_0
                         LUT6 (Prop_LUT6_I0_O)        0.039    10.322 r  u_core/u_npu/u_engine/u_engine_shared_multiplier/result[15]_INST_0_i_23/O
                         net (fo=1, unplaced)         0.017    10.339    u_core/u_npu/u_engine/u_engine_shared_multiplier/result[15]_INST_0_i_23_n_0
                         CARRY8 (Prop_CARRY8_S[3]_CO[7])
                                                      0.202    10.541 r  u_core/u_npu/u_engine/u_engine_shared_multiplier/result[15]_INST_0_i_10/CO[7]
                         net (fo=1, unplaced)         0.007    10.548    u_core/u_npu/u_engine/u_engine_shared_multiplier/result[15]_INST_0_i_10_n_0
                         CARRY8 (Prop_CARRY8_CI_CO[7])
                                                      0.030    10.578 r  u_core/u_npu/u_engine/u_engine_shared_multiplier/result[21]_INST_0_i_11/CO[7]
                         net (fo=1, unplaced)         0.007    10.585    u_core/u_npu/u_engine/u_engine_shared_multiplier/result[21]_INST_0_i_11_n_0
                         CARRY8 (Prop_CARRY8_CI_O[4])
                                                      0.109    10.694 r  u_core/u_npu/u_engine/u_engine_shared_multiplier/result[30]_INST_0_i_70/O[4]
                         net (fo=58, unplaced)        0.285    10.979    u_core/u_npu/u_engine/u_engine_shared_multiplier/p_0_in
                         LUT4 (Prop_LUT4_I1_O)        0.085    11.064 r  u_core/u_npu/u_engine/u_engine_shared_multiplier/result[7]_INST_0_i_39/O
                         net (fo=1, unplaced)         0.214    11.278    u_core/u_npu/u_engine/u_engine_shared_multiplier/result[7]_INST_0_i_39_n_0
                         LUT5 (Prop_LUT5_I4_O)        0.039    11.317 r  u_core/u_npu/u_engine/u_engine_shared_multiplier/result[7]_INST_0_i_15/O
                         net (fo=1, unplaced)         0.214    11.531    u_core/u_npu/u_engine/u_engine_shared_multiplier/result[7]_INST_0_i_15_n_0
                         LUT6 (Prop_LUT6_I4_O)        0.039    11.570 r  u_core/u_npu/u_engine/u_engine_shared_multiplier/result[7]_INST_0_i_10/O
                         net (fo=1, unplaced)         0.018    11.588    u_core/u_npu/u_engine/u_engine_shared_multiplier/result[7]_INST_0_i_10_n_0
                         CARRY8 (Prop_CARRY8_S[0]_CO[7])
                                                      0.245    11.833 r  u_core/u_npu/u_engine/u_engine_shared_multiplier/result[7]_INST_0_i_1/CO[7]
                         net (fo=1, unplaced)         0.007    11.840    u_core/u_npu/u_engine/u_engine_shared_multiplier/result[7]_INST_0_i_1_n_0
                         CARRY8 (Prop_CARRY8_CI_CO[7])
                                                      0.030    11.870 r  u_core/u_npu/u_engine/u_engine_shared_multiplier/result[15]_INST_0_i_1/CO[7]
                         net (fo=1, unplaced)         0.007    11.877    u_core/u_npu/u_engine/u_engine_shared_multiplier/result[15]_INST_0_i_1_n_0
                         CARRY8 (Prop_CARRY8_CI_CO[7])
                                                      0.030    11.907 r  u_core/u_npu/u_engine/u_engine_shared_multiplier/result[21]_INST_0_i_1/CO[7]
                         net (fo=1, unplaced)         0.007    11.914    u_core/u_npu/u_engine/u_engine_shared_multiplier/result[21]_INST_0_i_1_n_0
                         CARRY8 (Prop_CARRY8_CI_CO[0])
                                                      0.068    11.982 r  u_core/u_npu/u_engine/u_engine_shared_multiplier/result[21]_INST_0_i_2/CO[0]
                         net (fo=25, unplaced)        0.268    12.250    u_core/u_npu/u_engine/u_engine_shared_multiplier/result[21]_INST_0_i_2_n_7
                         LUT4 (Prop_LUT4_I3_O)        0.039    12.289 r  u_core/u_npu/u_engine/u_engine_shared_multiplier/result[30]_INST_0_i_36/O
                         net (fo=1, unplaced)         0.018    12.307    u_core/u_npu/u_engine/u_engine_shared_multiplier/result[30]_INST_0_i_36_n_0
                         CARRY8 (Prop_CARRY8_S[0]_CO[7])
                                                      0.245    12.552 r  u_core/u_npu/u_engine/u_engine_shared_multiplier/result[30]_INST_0_i_3/CO[7]
                         net (fo=1, unplaced)         0.007    12.559    u_core/u_npu/u_engine/u_engine_shared_multiplier/result[30]_INST_0_i_3_n_0
                         CARRY8 (Prop_CARRY8_CI_CO[7])
                                                      0.030    12.589 r  u_core/u_npu/u_engine/u_engine_shared_multiplier/result[30]_INST_0_i_72/CO[7]
                         net (fo=1, unplaced)         0.007    12.596    u_core/u_npu/u_engine/u_engine_shared_multiplier/result[30]_INST_0_i_72_n_0
                         CARRY8 (Prop_CARRY8_CI_O[5])
                                                      0.145    12.741 f  u_core/u_npu/u_engine/u_engine_shared_multiplier/result[30]_INST_0_i_51/O[5]
                         net (fo=3, unplaced)         0.168    12.909    u_core/u_npu/u_engine/u_engine_shared_multiplier/exp_result[21]
                         LUT2 (Prop_LUT2_I0_O)        0.127    13.036 f  u_core/u_npu/u_engine/u_engine_shared_multiplier/result[30]_INST_0_i_11/O
                         net (fo=1, unplaced)         0.234    13.270    u_core/u_npu/u_engine/u_engine_shared_multiplier/result[30]_INST_0_i_11_n_0
                         CARRY8 (Prop_CARRY8_DI[1]_CO[6])
                                                      0.214    13.484 f  u_core/u_npu/u_engine/u_engine_shared_multiplier/result[30]_INST_0_i_1/CO[6]
                         net (fo=31, unplaced)        0.216    13.700    u_core/u_npu/u_engine/u_engine_shared_multiplier/result[30]_INST_0_i_1_n_1
                         LUT5 (Prop_LUT5_I4_O)        0.039    13.739 f  u_core/u_npu/u_engine/u_engine_shared_multiplier/result[22]_INST_0_i_1/O
                         net (fo=1, unplaced)         0.214    13.953    u_core/u_npu/u_engine/u_engine_shared_multiplier/result[22]_INST_0_i_1_n_0
                         LUT4 (Prop_LUT4_I1_O)        0.039    13.992 r  u_core/u_npu/u_engine/u_engine_shared_multiplier/result[22]_INST_0/O
                         net (fo=45, unplaced)        0.281    14.273    u_core/u_npu/u_engine/u_vector/external_mul_result[22]
                         LUT6 (Prop_LUT6_I4_O)        0.039    14.312 r  u_core/u_npu/u_engine/u_vector/result_data_reg[182]_i_1/O
                         net (fo=1, unplaced)         0.058    14.370    u_core/u_npu/u_engine/u_vector/result_data_reg[182]_i_1_n_0
                         FDRE                                         r  u_core/u_npu/u_engine/u_vector/result_data_reg_reg[182]/D
  -------------------------------------------------------------------    -------------------

                         (clock aclk rise edge)      20.000    20.000 r  
                                                      0.000    20.000 r  aclk (IN)
                         net (fo=62495, unset)        0.024    20.024    u_core/u_npu/u_engine/u_vector/clk
                         FDRE                                         r  u_core/u_npu/u_engine/u_vector/result_data_reg_reg[182]/C
                         clock pessimism              0.000    20.024    
                         clock uncertainty           -0.235    19.789    
                         FDRE (Setup_FDRE_C_D)        0.027    19.816    u_core/u_npu/u_engine/u_vector/result_data_reg_reg[182]
  -------------------------------------------------------------------
                         required time                         19.816    
                         arrival time                         -14.370    
  -------------------------------------------------------------------
                         slack                                  5.446    

Slack (MET) :             5.446ns  (required time - arrival time)
  Source:                 u_core/u_npu/u_engine/u_gelu/u_serial_core/exp_scaled_reg[27]/C
                            (rising edge-triggered cell FDRE clocked by aclk  {rise@0.000ns fall@10.000ns period=20.000ns})
  Destination:            u_core/u_npu/u_engine/u_vector/result_data_reg_reg[214]/D
                            (rising edge-triggered cell FDRE clocked by aclk  {rise@0.000ns fall@10.000ns period=20.000ns})
  Path Group:             aclk
  Path Type:              Setup (Max at Slow Process Corner)
  Requirement:            20.000ns  (aclk rise@20.000ns - aclk rise@0.000ns)
  Data Path Delay:        14.335ns  (logic 5.030ns (35.089%)  route 9.305ns (64.911%))
  Logic Levels:           59  (CARRY8=21 LUT2=3 LUT3=8 LUT4=6 LUT5=8 LUT6=13)
  Clock Path Skew:        -0.011ns (DCD - SCD + CPR)
    Destination Clock Delay (DCD):    0.024ns = ( 20.024 - 20.000 ) 
    Source Clock Delay      (SCD):    0.035ns
    Clock Pessimism Removal (CPR):    0.000ns
  Clock Uncertainty:      0.235ns  ((TSJ^2 + TIJ^2)^1/2 + DJ) / 2 + PE + UU
    Total System Jitter     (TSJ):    0.071ns
    Total Input Jitter      (TIJ):    0.000ns
    Discrete Jitter          (DJ):    0.000ns
    Phase Error              (PE):    0.000ns
    User Uncertainty         (UU):    0.200ns

    Location             Delay type                Incr(ns)  Path(ns)    Netlist Resource(s)
  -------------------------------------------------------------------    -------------------
                         (clock aclk rise edge)       0.000     0.000 r  
                                                      0.000     0.000 r  aclk (IN)
                         net (fo=62495, unset)        0.035     0.035    u_core/u_npu/u_engine/u_gelu/u_serial_core/clk
                         FDRE                                         r  u_core/u_npu/u_engine/u_gelu/u_serial_core/exp_scaled_reg[27]/C
  -------------------------------------------------------------------    -------------------
                         FDRE (Prop_FDRE_C_Q)         0.096     0.131 f  u_core/u_npu/u_engine/u_gelu/u_serial_core/exp_scaled_reg[27]/Q
                         net (fo=15, unplaced)        0.219     0.350    u_core/u_npu/u_engine/u_gelu/u_serial_core/u_exp_to_integer/value[27]
                         LUT6 (Prop_LUT6_I0_O)        0.178     0.528 r  u_core/u_npu/u_engine/u_gelu/u_serial_core/u_exp_to_integer/result[31]_INST_0_i_8/O
                         net (fo=78, unplaced)        0.294     0.822    u_core/u_npu/u_engine/u_gelu/u_serial_core/u_exp_to_integer/result[31]_INST_0_i_8_n_0
                         LUT3 (Prop_LUT3_I1_O)        0.083     0.905 r  u_core/u_npu/u_engine/u_gelu/u_serial_core/u_exp_to_integer/result[31]_INST_0_i_66/O
                         net (fo=1, unplaced)         0.232     1.137    u_core/u_npu/u_engine/u_gelu/u_serial_core/u_exp_to_integer/result[31]_INST_0_i_66_n_0
                         CARRY8 (Prop_CARRY8_DI[2]_CO[7])
                                                      0.142     1.279 r  u_core/u_npu/u_engine/u_gelu/u_serial_core/u_exp_to_integer/result[31]_INST_0_i_31/CO[7]
                         net (fo=1, unplaced)         0.007     1.286    u_core/u_npu/u_engine/u_gelu/u_serial_core/u_exp_to_integer/result[31]_INST_0_i_31_n_0
                         CARRY8 (Prop_CARRY8_CI_CO[6])
                                                      0.116     1.402 r  u_core/u_npu/u_engine/u_gelu/u_serial_core/u_exp_to_integer/result[31]_INST_0_i_9/CO[6]
                         net (fo=17, unplaced)        0.202     1.604    u_core/u_npu/u_engine/u_gelu/u_serial_core/u_exp_to_integer/result[31]_INST_0_i_9_n_1
                         LUT6 (Prop_LUT6_I1_O)        0.039     1.643 r  u_core/u_npu/u_engine/u_gelu/u_serial_core/u_exp_to_integer/result[30]_INST_0_i_5/O
                         net (fo=36, unplaced)        0.276     1.919    u_core/u_npu/u_engine/u_gelu/u_serial_core/u_exp_to_integer/result[30]_INST_0_i_5_n_0
                         LUT3 (Prop_LUT3_I2_O)        0.085     2.004 r  u_core/u_npu/u_engine/u_gelu/u_serial_core/u_exp_to_integer/result[28]_INST_0_i_7/O
                         net (fo=1, unplaced)         0.214     2.218    u_core/u_npu/u_engine/u_gelu/u_serial_core/u_exp_to_integer/result[28]_INST_0_i_7_n_0
                         LUT6 (Prop_LUT6_I4_O)        0.039     2.257 r  u_core/u_npu/u_engine/u_gelu/u_serial_core/u_exp_to_integer/result[28]_INST_0_i_1/O
                         net (fo=1, unplaced)         0.214     2.471    u_core/u_npu/u_engine/u_gelu/u_serial_core/u_exp_to_integer/result[28]_INST_0_i_1_n_0
                         LUT6 (Prop_LUT6_I0_O)        0.039     2.510 r  u_core/u_npu/u_engine/u_gelu/u_serial_core/u_exp_to_integer/result[28]_INST_0/O
                         net (fo=3, unplaced)         0.162     2.672    u_core/u_npu/u_engine/u_gelu/u_serial_core/exp_scale_integer_comb[28]
                         LUT4 (Prop_LUT4_I1_O)        0.064     2.736 r  u_core/u_npu/u_engine/u_gelu/u_serial_core/u_exp_from_integer_i_4/O
                         net (fo=12, unplaced)        0.198     2.934    u_core/u_npu/u_engine/u_gelu/u_serial_core/u_exp_from_integer/value[28]
                         LUT4 (Prop_LUT4_I0_O)        0.115     3.049 f  u_core/u_npu/u_engine/u_gelu/u_serial_core/u_exp_from_integer/result[30]_INST_0_i_11/O
                         net (fo=2, unplaced)         0.214     3.263    u_core/u_npu/u_engine/u_gelu/u_serial_core/u_exp_from_integer/result[30]_INST_0_i_11_n_0
                         LUT5 (Prop_LUT5_I0_O)        0.039     3.302 f  u_core/u_npu/u_engine/u_gelu/u_serial_core/u_exp_from_integer/result[30]_INST_0_i_27/O
                         net (fo=45, unplaced)        0.226     3.528    u_core/u_npu/u_engine/u_gelu/u_serial_core/u_exp_from_integer/result[30]_INST_0_i_27_n_0
                         LUT3 (Prop_LUT3_I2_O)        0.100     3.628 r  u_core/u_npu/u_engine/u_gelu/u_serial_core/u_exp_from_integer/result[30]_INST_0_i_5/O
                         net (fo=21, unplaced)        0.264     3.892    u_core/u_npu/u_engine/u_gelu/u_serial_core/u_exp_from_integer/result[30]_INST_0_i_5_n_0
                         LUT3 (Prop_LUT3_I2_O)        0.039     3.931 f  u_core/u_npu/u_engine/u_gelu/u_serial_core/u_exp_from_integer/result[22]_INST_0_i_45/O
                         net (fo=16, unplaced)        0.258     4.189    u_core/u_npu/u_engine/u_gelu/u_serial_core/u_exp_from_integer/result[22]_INST_0_i_45_n_0
                         LUT2 (Prop_LUT2_I1_O)        0.039     4.228 r  u_core/u_npu/u_engine/u_gelu/u_serial_core/u_exp_from_integer/result[30]_INST_0_i_106/O
                         net (fo=1, unplaced)         0.000     4.228    u_core/u_npu/u_engine/u_gelu/u_serial_core/u_exp_from_integer/rounded_mantissa5[0]
                         CARRY8 (Prop_CARRY8_CI_O[0])
                                                      0.137     4.365 r  u_core/u_npu/u_engine/u_gelu/u_serial_core/u_exp_from_integer/result[30]_INST_0_i_93/O[0]
                         net (fo=2, unplaced)         0.214     4.579    u_core/u_npu/u_engine/u_gelu/u_serial_core/u_exp_from_integer/result[30]_INST_0_i_93_n_15
                         LUT3 (Prop_LUT3_I2_O)        0.039     4.618 f  u_core/u_npu/u_engine/u_gelu/u_serial_core/u_exp_from_integer/result[30]_INST_0_i_105/O
                         net (fo=2, unplaced)         0.214     4.832    u_core/u_npu/u_engine/u_gelu/u_serial_core/u_exp_from_integer/result[30]_INST_0_i_105_n_0
                         LUT5 (Prop_LUT5_I4_O)        0.085     4.917 r  u_core/u_npu/u_engine/u_gelu/u_serial_core/u_exp_from_integer/result[30]_INST_0_i_96/O
                         net (fo=1, unplaced)         0.214     5.131    u_core/u_npu/u_engine/u_gelu/u_serial_core/u_exp_from_integer/result[30]_INST_0_i_96_n_0
                         LUT6 (Prop_LUT6_I5_O)        0.039     5.170 r  u_core/u_npu/u_engine/u_gelu/u_serial_core/u_exp_from_integer/result[30]_INST_0_i_72/O
                         net (fo=1, unplaced)         0.018     5.188    u_core/u_npu/u_engine/u_gelu/u_serial_core/u_exp_from_integer/result[30]_INST_0_i_72_n_0
                         CARRY8 (Prop_CARRY8_S[0]_CO[7])
                                                      0.245     5.433 f  u_core/u_npu/u_engine/u_gelu/u_serial_core/u_exp_from_integer/result[30]_INST_0_i_41/CO[7]
                         net (fo=1, unplaced)         0.007     5.440    u_core/u_npu/u_engine/u_gelu/u_serial_core/u_exp_from_integer/result[30]_INST_0_i_41_n_0
                         CARRY8 (Prop_CARRY8_CI_CO[2])
                                                      0.073     5.513 f  u_core/u_npu/u_engine/u_gelu/u_serial_core/u_exp_from_integer/result[30]_INST_0_i_24/CO[2]
                         net (fo=3, unplaced)         0.220     5.733    u_core/u_npu/u_engine/u_gelu/u_serial_core/u_exp_from_integer/result[30]_INST_0_i_24_n_5
                         LUT5 (Prop_LUT5_I4_O)        0.039     5.772 r  u_core/u_npu/u_engine/u_gelu/u_serial_core/u_exp_from_integer/result[22]_INST_0_i_3/O
                         net (fo=23, unplaced)        0.266     6.038    u_core/u_npu/u_engine/u_gelu/u_serial_core/u_exp_from_integer/result[22]_INST_0_i_3_n_0
                         LUT5 (Prop_LUT5_I2_O)        0.039     6.077 f  u_core/u_npu/u_engine/u_gelu/u_serial_core/u_exp_from_integer/result[4]_INST_0_i_1/O
                         net (fo=2, unplaced)         0.214     6.291    u_core/u_npu/u_engine/u_gelu/u_serial_core/u_exp_from_integer/result[4]_INST_0_i_1_n_0
                         LUT3 (Prop_LUT3_I2_O)        0.085     6.376 f  u_core/u_npu/u_engine/u_gelu/u_serial_core/u_exp_from_integer/result[3]_INST_0/O
                         net (fo=1, unplaced)         0.214     6.590    u_core/u_npu/u_engine/u_gelu/u_serial_core/integer_as_fp32[3]
                         LUT6 (Prop_LUT6_I2_O)        0.039     6.629 f  u_core/u_npu/u_engine/u_gelu/u_serial_core/mul_operand_a[3]_INST_0_i_3/O
                         net (fo=1, unplaced)         0.214     6.843    u_core/u_npu/u_engine/u_gelu/u_serial_core/mul_operand_a[3]_INST_0_i_3_n_0
                         LUT5 (Prop_LUT5_I1_O)        0.085     6.928 f  u_core/u_npu/u_engine/u_gelu/u_serial_core/mul_operand_a[3]_INST_0_i_1/O
                         net (fo=1, unplaced)         0.214     7.142    u_core/u_npu/u_engine/u_gelu/u_serial_core/mul_operand_a[3]_INST_0_i_1_n_0
                         LUT6 (Prop_LUT6_I0_O)        0.039     7.181 f  u_core/u_npu/u_engine/u_gelu/u_serial_core/mul_operand_a[3]_INST_0/O
                         net (fo=1, unplaced)         0.214     7.395    u_core/u_npu/u_engine/gelu_mul_operand_a[3]
                         LUT6 (Prop_LUT6_I4_O)        0.039     7.434 f  u_core/u_npu/u_engine/u_engine_shared_multiplier_i_94/O
                         net (fo=1, unplaced)         0.214     7.648    u_core/u_npu/u_engine/u_engine_shared_multiplier_i_94_n_0
                         LUT6 (Prop_LUT6_I5_O)        0.039     7.687 f  u_core/u_npu/u_engine/u_engine_shared_multiplier_i_29/O
                         net (fo=58, unplaced)        0.287     7.974    u_core/u_npu/u_engine/u_engine_shared_multiplier/a[3]
                         LUT2 (Prop_LUT2_I0_O)        0.085     8.059 r  u_core/u_npu/u_engine/u_engine_shared_multiplier/result[7]_INST_0_i_266/O
                         net (fo=1, unplaced)         0.214     8.273    u_core/u_npu/u_engine/u_engine_shared_multiplier/result[7]_INST_0_i_266_n_0
                         LUT6 (Prop_LUT6_I3_O)        0.039     8.312 r  u_core/u_npu/u_engine/u_engine_shared_multiplier/result[7]_INST_0_i_216/O
                         net (fo=1, unplaced)         0.019     8.331    u_core/u_npu/u_engine/u_engine_shared_multiplier/result[7]_INST_0_i_216_n_0
                         CARRY8 (Prop_CARRY8_S[5]_CO[7])
                                                      0.204     8.535 r  u_core/u_npu/u_engine/u_engine_shared_multiplier/result[7]_INST_0_i_164/CO[7]
                         net (fo=1, unplaced)         0.007     8.542    u_core/u_npu/u_engine/u_engine_shared_multiplier/result[7]_INST_0_i_164_n_0
                         CARRY8 (Prop_CARRY8_CI_O[2])
                                                      0.086     8.628 r  u_core/u_npu/u_engine/u_engine_shared_multiplier/result[15]_INST_0_i_117/O[2]
                         net (fo=2, unplaced)         0.214     8.842    u_core/u_npu/u_engine/u_engine_shared_multiplier/result[15]_INST_0_i_117_n_13
                         LUT3 (Prop_LUT3_I0_O)        0.100     8.942 r  u_core/u_npu/u_engine/u_engine_shared_multiplier/result[7]_INST_0_i_145/O
                         net (fo=2, unplaced)         0.214     9.156    u_core/u_npu/u_engine/u_engine_shared_multiplier/result[7]_INST_0_i_145_n_0
                         LUT4 (Prop_LUT4_I3_O)        0.039     9.195 r  u_core/u_npu/u_engine/u_engine_shared_multiplier/result[7]_INST_0_i_153/O
                         net (fo=1, unplaced)         0.019     9.214    u_core/u_npu/u_engine/u_engine_shared_multiplier/result[7]_INST_0_i_153_n_0
                         CARRY8 (Prop_CARRY8_S[5]_CO[7])
                                                      0.204     9.418 r  u_core/u_npu/u_engine/u_engine_shared_multiplier/result[7]_INST_0_i_62/CO[7]
                         net (fo=1, unplaced)         0.007     9.425    u_core/u_npu/u_engine/u_engine_shared_multiplier/result[7]_INST_0_i_62_n_0
                         CARRY8 (Prop_CARRY8_CI_CO[7])
                                                      0.030     9.455 r  u_core/u_npu/u_engine/u_engine_shared_multiplier/result[15]_INST_0_i_36/CO[7]
                         net (fo=1, unplaced)         0.007     9.462    u_core/u_npu/u_engine/u_engine_shared_multiplier/result[15]_INST_0_i_36_n_0
                         CARRY8 (Prop_CARRY8_CI_O[1])
                                                      0.097     9.559 r  u_core/u_npu/u_engine/u_engine_shared_multiplier/result[21]_INST_0_i_31/O[1]
                         net (fo=3, unplaced)         0.218     9.777    u_core/u_npu/u_engine/u_engine_shared_multiplier/result[21]_INST_0_i_31_n_14
                         LUT3 (Prop_LUT3_I2_O)        0.039     9.816 r  u_core/u_npu/u_engine/u_engine_shared_multiplier/result[15]_INST_0_i_32/O
                         net (fo=2, unplaced)         0.214    10.030    u_core/u_npu/u_engine/u_engine_shared_multiplier/result[15]_INST_0_i_32_n_0
                         LUT5 (Prop_LUT5_I1_O)        0.039    10.069 r  u_core/u_npu/u_engine/u_engine_shared_multiplier/result[15]_INST_0_i_15/O
                         net (fo=2, unplaced)         0.214    10.283    u_core/u_npu/u_engine/u_engine_shared_multiplier/result[15]_INST_0_i_15_n_0
                         LUT6 (Prop_LUT6_I0_O)        0.039    10.322 r  u_core/u_npu/u_engine/u_engine_shared_multiplier/result[15]_INST_0_i_23/O
                         net (fo=1, unplaced)         0.017    10.339    u_core/u_npu/u_engine/u_engine_shared_multiplier/result[15]_INST_0_i_23_n_0
                         CARRY8 (Prop_CARRY8_S[3]_CO[7])
                                                      0.202    10.541 r  u_core/u_npu/u_engine/u_engine_shared_multiplier/result[15]_INST_0_i_10/CO[7]
                         net (fo=1, unplaced)         0.007    10.548    u_core/u_npu/u_engine/u_engine_shared_multiplier/result[15]_INST_0_i_10_n_0
                         CARRY8 (Prop_CARRY8_CI_CO[7])
                                                      0.030    10.578 r  u_core/u_npu/u_engine/u_engine_shared_multiplier/result[21]_INST_0_i_11/CO[7]
                         net (fo=1, unplaced)         0.007    10.585    u_core/u_npu/u_engine/u_engine_shared_multiplier/result[21]_INST_0_i_11_n_0
                         CARRY8 (Prop_CARRY8_CI_O[4])
                                                      0.109    10.694 r  u_core/u_npu/u_engine/u_engine_shared_multiplier/result[30]_INST_0_i_70/O[4]
                         net (fo=58, unplaced)        0.285    10.979    u_core/u_npu/u_engine/u_engine_shared_multiplier/p_0_in
                         LUT4 (Prop_LUT4_I1_O)        0.085    11.064 r  u_core/u_npu/u_engine/u_engine_shared_multiplier/result[7]_INST_0_i_39/O
                         net (fo=1, unplaced)         0.214    11.278    u_core/u_npu/u_engine/u_engine_shared_multiplier/result[7]_INST_0_i_39_n_0
                         LUT5 (Prop_LUT5_I4_O)        0.039    11.317 r  u_core/u_npu/u_engine/u_engine_shared_multiplier/result[7]_INST_0_i_15/O
                         net (fo=1, unplaced)         0.214    11.531    u_core/u_npu/u_engine/u_engine_shared_multiplier/result[7]_INST_0_i_15_n_0
                         LUT6 (Prop_LUT6_I4_O)        0.039    11.570 r  u_core/u_npu/u_engine/u_engine_shared_multiplier/result[7]_INST_0_i_10/O
                         net (fo=1, unplaced)         0.018    11.588    u_core/u_npu/u_engine/u_engine_shared_multiplier/result[7]_INST_0_i_10_n_0
                         CARRY8 (Prop_CARRY8_S[0]_CO[7])
                                                      0.245    11.833 r  u_core/u_npu/u_engine/u_engine_shared_multiplier/result[7]_INST_0_i_1/CO[7]
                         net (fo=1, unplaced)         0.007    11.840    u_core/u_npu/u_engine/u_engine_shared_multiplier/result[7]_INST_0_i_1_n_0
                         CARRY8 (Prop_CARRY8_CI_CO[7])
                                                      0.030    11.870 r  u_core/u_npu/u_engine/u_engine_shared_multiplier/result[15]_INST_0_i_1/CO[7]
                         net (fo=1, unplaced)         0.007    11.877    u_core/u_npu/u_engine/u_engine_shared_multiplier/result[15]_INST_0_i_1_n_0
                         CARRY8 (Prop_CARRY8_CI_CO[7])
                                                      0.030    11.907 r  u_core/u_npu/u_engine/u_engine_shared_multiplier/result[21]_INST_0_i_1/CO[7]
                         net (fo=1, unplaced)         0.007    11.914    u_core/u_npu/u_engine/u_engine_shared_multiplier/result[21]_INST_0_i_1_n_0
                         CARRY8 (Prop_CARRY8_CI_CO[0])
                                                      0.068    11.982 r  u_core/u_npu/u_engine/u_engine_shared_multiplier/result[21]_INST_0_i_2/CO[0]
                         net (fo=25, unplaced)        0.268    12.250    u_core/u_npu/u_engine/u_engine_shared_multiplier/result[21]_INST_0_i_2_n_7
                         LUT4 (Prop_LUT4_I3_O)        0.039    12.289 r  u_core/u_npu/u_engine/u_engine_shared_multiplier/result[30]_INST_0_i_36/O
                         net (fo=1, unplaced)         0.018    12.307    u_core/u_npu/u_engine/u_engine_shared_multiplier/result[30]_INST_0_i_36_n_0
                         CARRY8 (Prop_CARRY8_S[0]_CO[7])
                                                      0.245    12.552 r  u_core/u_npu/u_engine/u_engine_shared_multiplier/result[30]_INST_0_i_3/CO[7]
                         net (fo=1, unplaced)         0.007    12.559    u_core/u_npu/u_engine/u_engine_shared_multiplier/result[30]_INST_0_i_3_n_0
                         CARRY8 (Prop_CARRY8_CI_CO[7])
                                                      0.030    12.589 r  u_core/u_npu/u_engine/u_engine_shared_multiplier/result[30]_INST_0_i_72/CO[7]
                         net (fo=1, unplaced)         0.007    12.596    u_core/u_npu/u_engine/u_engine_shared_multiplier/result[30]_INST_0_i_72_n_0
                         CARRY8 (Prop_CARRY8_CI_O[5])
                                                      0.145    12.741 f  u_core/u_npu/u_engine/u_engine_shared_multiplier/result[30]_INST_0_i_51/O[5]
                         net (fo=3, unplaced)         0.168    12.909    u_core/u_npu/u_engine/u_engine_shared_multiplier/exp_result[21]
                         LUT2 (Prop_LUT2_I0_O)        0.127    13.036 f  u_core/u_npu/u_engine/u_engine_shared_multiplier/result[30]_INST_0_i_11/O
                         net (fo=1, unplaced)         0.234    13.270    u_core/u_npu/u_engine/u_engine_shared_multiplier/result[30]_INST_0_i_11_n_0
                         CARRY8 (Prop_CARRY8_DI[1]_CO[6])
                                                      0.214    13.484 f  u_core/u_npu/u_engine/u_engine_shared_multiplier/result[30]_INST_0_i_1/CO[6]
                         net (fo=31, unplaced)        0.216    13.700    u_core/u_npu/u_engine/u_engine_shared_multiplier/result[30]_INST_0_i_1_n_1
                         LUT5 (Prop_LUT5_I4_O)        0.039    13.739 f  u_core/u_npu/u_engine/u_engine_shared_multiplier/result[22]_INST_0_i_1/O
                         net (fo=1, unplaced)         0.214    13.953    u_core/u_npu/u_engine/u_engine_shared_multiplier/result[22]_INST_0_i_1_n_0
                         LUT4 (Prop_LUT4_I1_O)        0.039    13.992 r  u_core/u_npu/u_engine/u_engine_shared_multiplier/result[22]_INST_0/O
                         net (fo=45, unplaced)        0.281    14.273    u_core/u_npu/u_engine/u_vector/external_mul_result[22]
                         LUT6 (Prop_LUT6_I4_O)        0.039    14.312 r  u_core/u_npu/u_engine/u_vector/result_data_reg[214]_i_1/O
                         net (fo=1, unplaced)         0.058    14.370    u_core/u_npu/u_engine/u_vector/result_data_reg[214]_i_1_n_0
                         FDRE                                         r  u_core/u_npu/u_engine/u_vector/result_data_reg_reg[214]/D
  -------------------------------------------------------------------    -------------------

                         (clock aclk rise edge)      20.000    20.000 r  
                                                      0.000    20.000 r  aclk (IN)
                         net (fo=62495, unset)        0.024    20.024    u_core/u_npu/u_engine/u_vector/clk
                         FDRE                                         r  u_core/u_npu/u_engine/u_vector/result_data_reg_reg[214]/C
                         clock pessimism              0.000    20.024    
                         clock uncertainty           -0.235    19.789    
                         FDRE (Setup_FDRE_C_D)        0.027    19.816    u_core/u_npu/u_engine/u_vector/result_data_reg_reg[214]
  -------------------------------------------------------------------
                         required time                         19.816    
                         arrival time                         -14.370    
  -------------------------------------------------------------------
                         slack                                  5.446    

Slack (MET) :             5.446ns  (required time - arrival time)
  Source:                 u_core/u_npu/u_engine/u_gelu/u_serial_core/exp_scaled_reg[27]/C
                            (rising edge-triggered cell FDRE clocked by aclk  {rise@0.000ns fall@10.000ns period=20.000ns})
  Destination:            u_core/u_npu/u_engine/u_vector/result_data_reg_reg[22]/D
                            (rising edge-triggered cell FDRE clocked by aclk  {rise@0.000ns fall@10.000ns period=20.000ns})
  Path Group:             aclk
  Path Type:              Setup (Max at Slow Process Corner)
  Requirement:            20.000ns  (aclk rise@20.000ns - aclk rise@0.000ns)
  Data Path Delay:        14.335ns  (logic 5.030ns (35.089%)  route 9.305ns (64.911%))
  Logic Levels:           59  (CARRY8=21 LUT2=3 LUT3=8 LUT4=6 LUT5=8 LUT6=13)
  Clock Path Skew:        -0.011ns (DCD - SCD + CPR)
    Destination Clock Delay (DCD):    0.024ns = ( 20.024 - 20.000 ) 
    Source Clock Delay      (SCD):    0.035ns
    Clock Pessimism Removal (CPR):    0.000ns
  Clock Uncertainty:      0.235ns  ((TSJ^2 + TIJ^2)^1/2 + DJ) / 2 + PE + UU
    Total System Jitter     (TSJ):    0.071ns
    Total Input Jitter      (TIJ):    0.000ns
    Discrete Jitter          (DJ):    0.000ns
    Phase Error              (PE):    0.000ns
    User Uncertainty         (UU):    0.200ns

    Location             Delay type                Incr(ns)  Path(ns)    Netlist Resource(s)
  -------------------------------------------------------------------    -------------------
                         (clock aclk rise edge)       0.000     0.000 r  
                                                      0.000     0.000 r  aclk (IN)
                         net (fo=62495, unset)        0.035     0.035    u_core/u_npu/u_engine/u_gelu/u_serial_core/clk
                         FDRE                                         r  u_core/u_npu/u_engine/u_gelu/u_serial_core/exp_scaled_reg[27]/C
  -------------------------------------------------------------------    -------------------
                         FDRE (Prop_FDRE_C_Q)         0.096     0.131 f  u_core/u_npu/u_engine/u_gelu/u_serial_core/exp_scaled_reg[27]/Q
                         net (fo=15, unplaced)        0.219     0.350    u_core/u_npu/u_engine/u_gelu/u_serial_core/u_exp_to_integer/value[27]
                         LUT6 (Prop_LUT6_I0_O)        0.178     0.528 r  u_core/u_npu/u_engine/u_gelu/u_serial_core/u_exp_to_integer/result[31]_INST_0_i_8/O
                         net (fo=78, unplaced)        0.294     0.822    u_core/u_npu/u_engine/u_gelu/u_serial_core/u_exp_to_integer/result[31]_INST_0_i_8_n_0
                         LUT3 (Prop_LUT3_I1_O)        0.083     0.905 r  u_core/u_npu/u_engine/u_gelu/u_serial_core/u_exp_to_integer/result[31]_INST_0_i_66/O
                         net (fo=1, unplaced)         0.232     1.137    u_core/u_npu/u_engine/u_gelu/u_serial_core/u_exp_to_integer/result[31]_INST_0_i_66_n_0
                         CARRY8 (Prop_CARRY8_DI[2]_CO[7])
                                                      0.142     1.279 r  u_core/u_npu/u_engine/u_gelu/u_serial_core/u_exp_to_integer/result[31]_INST_0_i_31/CO[7]
                         net (fo=1, unplaced)         0.007     1.286    u_core/u_npu/u_engine/u_gelu/u_serial_core/u_exp_to_integer/result[31]_INST_0_i_31_n_0
                         CARRY8 (Prop_CARRY8_CI_CO[6])
                                                      0.116     1.402 r  u_core/u_npu/u_engine/u_gelu/u_serial_core/u_exp_to_integer/result[31]_INST_0_i_9/CO[6]
                         net (fo=17, unplaced)        0.202     1.604    u_core/u_npu/u_engine/u_gelu/u_serial_core/u_exp_to_integer/result[31]_INST_0_i_9_n_1
                         LUT6 (Prop_LUT6_I1_O)        0.039     1.643 r  u_core/u_npu/u_engine/u_gelu/u_serial_core/u_exp_to_integer/result[30]_INST_0_i_5/O
                         net (fo=36, unplaced)        0.276     1.919    u_core/u_npu/u_engine/u_gelu/u_serial_core/u_exp_to_integer/result[30]_INST_0_i_5_n_0
                         LUT3 (Prop_LUT3_I2_O)        0.085     2.004 r  u_core/u_npu/u_engine/u_gelu/u_serial_core/u_exp_to_integer/result[28]_INST_0_i_7/O
                         net (fo=1, unplaced)         0.214     2.218    u_core/u_npu/u_engine/u_gelu/u_serial_core/u_exp_to_integer/result[28]_INST_0_i_7_n_0
                         LUT6 (Prop_LUT6_I4_O)        0.039     2.257 r  u_core/u_npu/u_engine/u_gelu/u_serial_core/u_exp_to_integer/result[28]_INST_0_i_1/O
                         net (fo=1, unplaced)         0.214     2.471    u_core/u_npu/u_engine/u_gelu/u_serial_core/u_exp_to_integer/result[28]_INST_0_i_1_n_0
                         LUT6 (Prop_LUT6_I0_O)        0.039     2.510 r  u_core/u_npu/u_engine/u_gelu/u_serial_core/u_exp_to_integer/result[28]_INST_0/O
                         net (fo=3, unplaced)         0.162     2.672    u_core/u_npu/u_engine/u_gelu/u_serial_core/exp_scale_integer_comb[28]
                         LUT4 (Prop_LUT4_I1_O)        0.064     2.736 r  u_core/u_npu/u_engine/u_gelu/u_serial_core/u_exp_from_integer_i_4/O
                         net (fo=12, unplaced)        0.198     2.934    u_core/u_npu/u_engine/u_gelu/u_serial_core/u_exp_from_integer/value[28]
                         LUT4 (Prop_LUT4_I0_O)        0.115     3.049 f  u_core/u_npu/u_engine/u_gelu/u_serial_core/u_exp_from_integer/result[30]_INST_0_i_11/O
                         net (fo=2, unplaced)         0.214     3.263    u_core/u_npu/u_engine/u_gelu/u_serial_core/u_exp_from_integer/result[30]_INST_0_i_11_n_0
                         LUT5 (Prop_LUT5_I0_O)        0.039     3.302 f  u_core/u_npu/u_engine/u_gelu/u_serial_core/u_exp_from_integer/result[30]_INST_0_i_27/O
                         net (fo=45, unplaced)        0.226     3.528    u_core/u_npu/u_engine/u_gelu/u_serial_core/u_exp_from_integer/result[30]_INST_0_i_27_n_0
                         LUT3 (Prop_LUT3_I2_O)        0.100     3.628 r  u_core/u_npu/u_engine/u_gelu/u_serial_core/u_exp_from_integer/result[30]_INST_0_i_5/O
                         net (fo=21, unplaced)        0.264     3.892    u_core/u_npu/u_engine/u_gelu/u_serial_core/u_exp_from_integer/result[30]_INST_0_i_5_n_0
                         LUT3 (Prop_LUT3_I2_O)        0.039     3.931 f  u_core/u_npu/u_engine/u_gelu/u_serial_core/u_exp_from_integer/result[22]_INST_0_i_45/O
                         net (fo=16, unplaced)        0.258     4.189    u_core/u_npu/u_engine/u_gelu/u_serial_core/u_exp_from_integer/result[22]_INST_0_i_45_n_0
                         LUT2 (Prop_LUT2_I1_O)        0.039     4.228 r  u_core/u_npu/u_engine/u_gelu/u_serial_core/u_exp_from_integer/result[30]_INST_0_i_106/O
                         net (fo=1, unplaced)         0.000     4.228    u_core/u_npu/u_engine/u_gelu/u_serial_core/u_exp_from_integer/rounded_mantissa5[0]
                         CARRY8 (Prop_CARRY8_CI_O[0])
                                                      0.137     4.365 r  u_core/u_npu/u_engine/u_gelu/u_serial_core/u_exp_from_integer/result[30]_INST_0_i_93/O[0]
                         net (fo=2, unplaced)         0.214     4.579    u_core/u_npu/u_engine/u_gelu/u_serial_core/u_exp_from_integer/result[30]_INST_0_i_93_n_15
                         LUT3 (Prop_LUT3_I2_O)        0.039     4.618 f  u_core/u_npu/u_engine/u_gelu/u_serial_core/u_exp_from_integer/result[30]_INST_0_i_105/O
                         net (fo=2, unplaced)         0.214     4.832    u_core/u_npu/u_engine/u_gelu/u_serial_core/u_exp_from_integer/result[30]_INST_0_i_105_n_0
                         LUT5 (Prop_LUT5_I4_O)        0.085     4.917 r  u_core/u_npu/u_engine/u_gelu/u_serial_core/u_exp_from_integer/result[30]_INST_0_i_96/O
                         net (fo=1, unplaced)         0.214     5.131    u_core/u_npu/u_engine/u_gelu/u_serial_core/u_exp_from_integer/result[30]_INST_0_i_96_n_0
                         LUT6 (Prop_LUT6_I5_O)        0.039     5.170 r  u_core/u_npu/u_engine/u_gelu/u_serial_core/u_exp_from_integer/result[30]_INST_0_i_72/O
                         net (fo=1, unplaced)         0.018     5.188    u_core/u_npu/u_engine/u_gelu/u_serial_core/u_exp_from_integer/result[30]_INST_0_i_72_n_0
                         CARRY8 (Prop_CARRY8_S[0]_CO[7])
                                                      0.245     5.433 f  u_core/u_npu/u_engine/u_gelu/u_serial_core/u_exp_from_integer/result[30]_INST_0_i_41/CO[7]
                         net (fo=1, unplaced)         0.007     5.440    u_core/u_npu/u_engine/u_gelu/u_serial_core/u_exp_from_integer/result[30]_INST_0_i_41_n_0
                         CARRY8 (Prop_CARRY8_CI_CO[2])
                                                      0.073     5.513 f  u_core/u_npu/u_engine/u_gelu/u_serial_core/u_exp_from_integer/result[30]_INST_0_i_24/CO[2]
                         net (fo=3, unplaced)         0.220     5.733    u_core/u_npu/u_engine/u_gelu/u_serial_core/u_exp_from_integer/result[30]_INST_0_i_24_n_5
                         LUT5 (Prop_LUT5_I4_O)        0.039     5.772 r  u_core/u_npu/u_engine/u_gelu/u_serial_core/u_exp_from_integer/result[22]_INST_0_i_3/O
                         net (fo=23, unplaced)        0.266     6.038    u_core/u_npu/u_engine/u_gelu/u_serial_core/u_exp_from_integer/result[22]_INST_0_i_3_n_0
                         LUT5 (Prop_LUT5_I2_O)        0.039     6.077 f  u_core/u_npu/u_engine/u_gelu/u_serial_core/u_exp_from_integer/result[4]_INST_0_i_1/O
                         net (fo=2, unplaced)         0.214     6.291    u_core/u_npu/u_engine/u_gelu/u_serial_core/u_exp_from_integer/result[4]_INST_0_i_1_n_0
                         LUT3 (Prop_LUT3_I2_O)        0.085     6.376 f  u_core/u_npu/u_engine/u_gelu/u_serial_core/u_exp_from_integer/result[3]_INST_0/O
                         net (fo=1, unplaced)         0.214     6.590    u_core/u_npu/u_engine/u_gelu/u_serial_core/integer_as_fp32[3]
                         LUT6 (Prop_LUT6_I2_O)        0.039     6.629 f  u_core/u_npu/u_engine/u_gelu/u_serial_core/mul_operand_a[3]_INST_0_i_3/O
                         net (fo=1, unplaced)         0.214     6.843    u_core/u_npu/u_engine/u_gelu/u_serial_core/mul_operand_a[3]_INST_0_i_3_n_0
                         LUT5 (Prop_LUT5_I1_O)        0.085     6.928 f  u_core/u_npu/u_engine/u_gelu/u_serial_core/mul_operand_a[3]_INST_0_i_1/O
                         net (fo=1, unplaced)         0.214     7.142    u_core/u_npu/u_engine/u_gelu/u_serial_core/mul_operand_a[3]_INST_0_i_1_n_0
                         LUT6 (Prop_LUT6_I0_O)        0.039     7.181 f  u_core/u_npu/u_engine/u_gelu/u_serial_core/mul_operand_a[3]_INST_0/O
                         net (fo=1, unplaced)         0.214     7.395    u_core/u_npu/u_engine/gelu_mul_operand_a[3]
                         LUT6 (Prop_LUT6_I4_O)        0.039     7.434 f  u_core/u_npu/u_engine/u_engine_shared_multiplier_i_94/O
                         net (fo=1, unplaced)         0.214     7.648    u_core/u_npu/u_engine/u_engine_shared_multiplier_i_94_n_0
                         LUT6 (Prop_LUT6_I5_O)        0.039     7.687 f  u_core/u_npu/u_engine/u_engine_shared_multiplier_i_29/O
                         net (fo=58, unplaced)        0.287     7.974    u_core/u_npu/u_engine/u_engine_shared_multiplier/a[3]
                         LUT2 (Prop_LUT2_I0_O)        0.085     8.059 r  u_core/u_npu/u_engine/u_engine_shared_multiplier/result[7]_INST_0_i_266/O
                         net (fo=1, unplaced)         0.214     8.273    u_core/u_npu/u_engine/u_engine_shared_multiplier/result[7]_INST_0_i_266_n_0
                         LUT6 (Prop_LUT6_I3_O)        0.039     8.312 r  u_core/u_npu/u_engine/u_engine_shared_multiplier/result[7]_INST_0_i_216/O
                         net (fo=1, unplaced)         0.019     8.331    u_core/u_npu/u_engine/u_engine_shared_multiplier/result[7]_INST_0_i_216_n_0
                         CARRY8 (Prop_CARRY8_S[5]_CO[7])
                                                      0.204     8.535 r  u_core/u_npu/u_engine/u_engine_shared_multiplier/result[7]_INST_0_i_164/CO[7]
                         net (fo=1, unplaced)         0.007     8.542    u_core/u_npu/u_engine/u_engine_shared_multiplier/result[7]_INST_0_i_164_n_0
                         CARRY8 (Prop_CARRY8_CI_O[2])
                                                      0.086     8.628 r  u_core/u_npu/u_engine/u_engine_shared_multiplier/result[15]_INST_0_i_117/O[2]
                         net (fo=2, unplaced)         0.214     8.842    u_core/u_npu/u_engine/u_engine_shared_multiplier/result[15]_INST_0_i_117_n_13
                         LUT3 (Prop_LUT3_I0_O)        0.100     8.942 r  u_core/u_npu/u_engine/u_engine_shared_multiplier/result[7]_INST_0_i_145/O
                         net (fo=2, unplaced)         0.214     9.156    u_core/u_npu/u_engine/u_engine_shared_multiplier/result[7]_INST_0_i_145_n_0
                         LUT4 (Prop_LUT4_I3_O)        0.039     9.195 r  u_core/u_npu/u_engine/u_engine_shared_multiplier/result[7]_INST_0_i_153/O
                         net (fo=1, unplaced)         0.019     9.214    u_core/u_npu/u_engine/u_engine_shared_multiplier/result[7]_INST_0_i_153_n_0
                         CARRY8 (Prop_CARRY8_S[5]_CO[7])
                                                      0.204     9.418 r  u_core/u_npu/u_engine/u_engine_shared_multiplier/result[7]_INST_0_i_62/CO[7]
                         net (fo=1, unplaced)         0.007     9.425    u_core/u_npu/u_engine/u_engine_shared_multiplier/result[7]_INST_0_i_62_n_0
                         CARRY8 (Prop_CARRY8_CI_CO[7])
                                                      0.030     9.455 r  u_core/u_npu/u_engine/u_engine_shared_multiplier/result[15]_INST_0_i_36/CO[7]
                         net (fo=1, unplaced)         0.007     9.462    u_core/u_npu/u_engine/u_engine_shared_multiplier/result[15]_INST_0_i_36_n_0
                         CARRY8 (Prop_CARRY8_CI_O[1])
                                                      0.097     9.559 r  u_core/u_npu/u_engine/u_engine_shared_multiplier/result[21]_INST_0_i_31/O[1]
                         net (fo=3, unplaced)         0.218     9.777    u_core/u_npu/u_engine/u_engine_shared_multiplier/result[21]_INST_0_i_31_n_14
                         LUT3 (Prop_LUT3_I2_O)        0.039     9.816 r  u_core/u_npu/u_engine/u_engine_shared_multiplier/result[15]_INST_0_i_32/O
                         net (fo=2, unplaced)         0.214    10.030    u_core/u_npu/u_engine/u_engine_shared_multiplier/result[15]_INST_0_i_32_n_0
                         LUT5 (Prop_LUT5_I1_O)        0.039    10.069 r  u_core/u_npu/u_engine/u_engine_shared_multiplier/result[15]_INST_0_i_15/O
                         net (fo=2, unplaced)         0.214    10.283    u_core/u_npu/u_engine/u_engine_shared_multiplier/result[15]_INST_0_i_15_n_0
                         LUT6 (Prop_LUT6_I0_O)        0.039    10.322 r  u_core/u_npu/u_engine/u_engine_shared_multiplier/result[15]_INST_0_i_23/O
                         net (fo=1, unplaced)         0.017    10.339    u_core/u_npu/u_engine/u_engine_shared_multiplier/result[15]_INST_0_i_23_n_0
                         CARRY8 (Prop_CARRY8_S[3]_CO[7])
                                                      0.202    10.541 r  u_core/u_npu/u_engine/u_engine_shared_multiplier/result[15]_INST_0_i_10/CO[7]
                         net (fo=1, unplaced)         0.007    10.548    u_core/u_npu/u_engine/u_engine_shared_multiplier/result[15]_INST_0_i_10_n_0
                         CARRY8 (Prop_CARRY8_CI_CO[7])
                                                      0.030    10.578 r  u_core/u_npu/u_engine/u_engine_shared_multiplier/result[21]_INST_0_i_11/CO[7]
                         net (fo=1, unplaced)         0.007    10.585    u_core/u_npu/u_engine/u_engine_shared_multiplier/result[21]_INST_0_i_11_n_0
                         CARRY8 (Prop_CARRY8_CI_O[4])
                                                      0.109    10.694 r  u_core/u_npu/u_engine/u_engine_shared_multiplier/result[30]_INST_0_i_70/O[4]
                         net (fo=58, unplaced)        0.285    10.979    u_core/u_npu/u_engine/u_engine_shared_multiplier/p_0_in
                         LUT4 (Prop_LUT4_I1_O)        0.085    11.064 r  u_core/u_npu/u_engine/u_engine_shared_multiplier/result[7]_INST_0_i_39/O
                         net (fo=1, unplaced)         0.214    11.278    u_core/u_npu/u_engine/u_engine_shared_multiplier/result[7]_INST_0_i_39_n_0
                         LUT5 (Prop_LUT5_I4_O)        0.039    11.317 r  u_core/u_npu/u_engine/u_engine_shared_multiplier/result[7]_INST_0_i_15/O
                         net (fo=1, unplaced)         0.214    11.531    u_core/u_npu/u_engine/u_engine_shared_multiplier/result[7]_INST_0_i_15_n_0
                         LUT6 (Prop_LUT6_I4_O)        0.039    11.570 r  u_core/u_npu/u_engine/u_engine_shared_multiplier/result[7]_INST_0_i_10/O
                         net (fo=1, unplaced)         0.018    11.588    u_core/u_npu/u_engine/u_engine_shared_multiplier/result[7]_INST_0_i_10_n_0
                         CARRY8 (Prop_CARRY8_S[0]_CO[7])
                                                      0.245    11.833 r  u_core/u_npu/u_engine/u_engine_shared_multiplier/result[7]_INST_0_i_1/CO[7]
                         net (fo=1, unplaced)         0.007    11.840    u_core/u_npu/u_engine/u_engine_shared_multiplier/result[7]_INST_0_i_1_n_0
                         CARRY8 (Prop_CARRY8_CI_CO[7])
                                                      0.030    11.870 r  u_core/u_npu/u_engine/u_engine_shared_multiplier/result[15]_INST_0_i_1/CO[7]
                         net (fo=1, unplaced)         0.007    11.877    u_core/u_npu/u_engine/u_engine_shared_multiplier/result[15]_INST_0_i_1_n_0
                         CARRY8 (Prop_CARRY8_CI_CO[7])
                                                      0.030    11.907 r  u_core/u_npu/u_engine/u_engine_shared_multiplier/result[21]_INST_0_i_1/CO[7]
                         net (fo=1, unplaced)         0.007    11.914    u_core/u_npu/u_engine/u_engine_shared_multiplier/result[21]_INST_0_i_1_n_0
                         CARRY8 (Prop_CARRY8_CI_CO[0])
                                                      0.068    11.982 r  u_core/u_npu/u_engine/u_engine_shared_multiplier/result[21]_INST_0_i_2/CO[0]
                         net (fo=25, unplaced)        0.268    12.250    u_core/u_npu/u_engine/u_engine_shared_multiplier/result[21]_INST_0_i_2_n_7
                         LUT4 (Prop_LUT4_I3_O)        0.039    12.289 r  u_core/u_npu/u_engine/u_engine_shared_multiplier/result[30]_INST_0_i_36/O
                         net (fo=1, unplaced)         0.018    12.307    u_core/u_npu/u_engine/u_engine_shared_multiplier/result[30]_INST_0_i_36_n_0
                         CARRY8 (Prop_CARRY8_S[0]_CO[7])
                                                      0.245    12.552 r  u_core/u_npu/u_engine/u_engine_shared_multiplier/result[30]_INST_0_i_3/CO[7]
                         net (fo=1, unplaced)         0.007    12.559    u_core/u_npu/u_engine/u_engine_shared_multiplier/result[30]_INST_0_i_3_n_0
                         CARRY8 (Prop_CARRY8_CI_CO[7])
                                                      0.030    12.589 r  u_core/u_npu/u_engine/u_engine_shared_multiplier/result[30]_INST_0_i_72/CO[7]
                         net (fo=1, unplaced)         0.007    12.596    u_core/u_npu/u_engine/u_engine_shared_multiplier/result[30]_INST_0_i_72_n_0
                         CARRY8 (Prop_CARRY8_CI_O[5])
                                                      0.145    12.741 f  u_core/u_npu/u_engine/u_engine_shared_multiplier/result[30]_INST_0_i_51/O[5]
                         net (fo=3, unplaced)         0.168    12.909    u_core/u_npu/u_engine/u_engine_shared_multiplier/exp_result[21]
                         LUT2 (Prop_LUT2_I0_O)        0.127    13.036 f  u_core/u_npu/u_engine/u_engine_shared_multiplier/result[30]_INST_0_i_11/O
                         net (fo=1, unplaced)         0.234    13.270    u_core/u_npu/u_engine/u_engine_shared_multiplier/result[30]_INST_0_i_11_n_0
                         CARRY8 (Prop_CARRY8_DI[1]_CO[6])
                                                      0.214    13.484 f  u_core/u_npu/u_engine/u_engine_shared_multiplier/result[30]_INST_0_i_1/CO[6]
                         net (fo=31, unplaced)        0.216    13.700    u_core/u_npu/u_engine/u_engine_shared_multiplier/result[30]_INST_0_i_1_n_1
                         LUT5 (Prop_LUT5_I4_O)        0.039    13.739 f  u_core/u_npu/u_engine/u_engine_shared_multiplier/result[22]_INST_0_i_1/O
                         net (fo=1, unplaced)         0.214    13.953    u_core/u_npu/u_engine/u_engine_shared_multiplier/result[22]_INST_0_i_1_n_0
                         LUT4 (Prop_LUT4_I1_O)        0.039    13.992 r  u_core/u_npu/u_engine/u_engine_shared_multiplier/result[22]_INST_0/O
                         net (fo=45, unplaced)        0.281    14.273    u_core/u_npu/u_engine/u_vector/external_mul_result[22]
                         LUT6 (Prop_LUT6_I4_O)        0.039    14.312 r  u_core/u_npu/u_engine/u_vector/result_data_reg[22]_i_1/O
                         net (fo=1, unplaced)         0.058    14.370    u_core/u_npu/u_engine/u_vector/result_data_reg[22]_i_1_n_0
                         FDRE                                         r  u_core/u_npu/u_engine/u_vector/result_data_reg_reg[22]/D
  -------------------------------------------------------------------    -------------------

                         (clock aclk rise edge)      20.000    20.000 r  
                                                      0.000    20.000 r  aclk (IN)
                         net (fo=62495, unset)        0.024    20.024    u_core/u_npu/u_engine/u_vector/clk
                         FDRE                                         r  u_core/u_npu/u_engine/u_vector/result_data_reg_reg[22]/C
                         clock pessimism              0.000    20.024    
                         clock uncertainty           -0.235    19.789    
                         FDRE (Setup_FDRE_C_D)        0.027    19.816    u_core/u_npu/u_engine/u_vector/result_data_reg_reg[22]
  -------------------------------------------------------------------
                         required time                         19.816    
                         arrival time                         -14.370    
  -------------------------------------------------------------------
                         slack                                  5.446    

Slack (MET) :             5.446ns  (required time - arrival time)
  Source:                 u_core/u_npu/u_engine/u_gelu/u_serial_core/exp_scaled_reg[27]/C
                            (rising edge-triggered cell FDRE clocked by aclk  {rise@0.000ns fall@10.000ns period=20.000ns})
  Destination:            u_core/u_npu/u_engine/u_vector/result_data_reg_reg[246]/D
                            (rising edge-triggered cell FDRE clocked by aclk  {rise@0.000ns fall@10.000ns period=20.000ns})
  Path Group:             aclk
  Path Type:              Setup (Max at Slow Process Corner)
  Requirement:            20.000ns  (aclk rise@20.000ns - aclk rise@0.000ns)
  Data Path Delay:        14.335ns  (logic 5.030ns (35.089%)  route 9.305ns (64.911%))
  Logic Levels:           59  (CARRY8=21 LUT2=3 LUT3=8 LUT4=6 LUT5=8 LUT6=13)
  Clock Path Skew:        -0.011ns (DCD - SCD + CPR)
    Destination Clock Delay (DCD):    0.024ns = ( 20.024 - 20.000 ) 
    Source Clock Delay      (SCD):    0.035ns
    Clock Pessimism Removal (CPR):    0.000ns
  Clock Uncertainty:      0.235ns  ((TSJ^2 + TIJ^2)^1/2 + DJ) / 2 + PE + UU
    Total System Jitter     (TSJ):    0.071ns
    Total Input Jitter      (TIJ):    0.000ns
    Discrete Jitter          (DJ):    0.000ns
    Phase Error              (PE):    0.000ns
    User Uncertainty         (UU):    0.200ns

    Location             Delay type                Incr(ns)  Path(ns)    Netlist Resource(s)
  -------------------------------------------------------------------    -------------------
                         (clock aclk rise edge)       0.000     0.000 r  
                                                      0.000     0.000 r  aclk (IN)
                         net (fo=62495, unset)        0.035     0.035    u_core/u_npu/u_engine/u_gelu/u_serial_core/clk
                         FDRE                                         r  u_core/u_npu/u_engine/u_gelu/u_serial_core/exp_scaled_reg[27]/C
  -------------------------------------------------------------------    -------------------
                         FDRE (Prop_FDRE_C_Q)         0.096     0.131 f  u_core/u_npu/u_engine/u_gelu/u_serial_core/exp_scaled_reg[27]/Q
                         net (fo=15, unplaced)        0.219     0.350    u_core/u_npu/u_engine/u_gelu/u_serial_core/u_exp_to_integer/value[27]
                         LUT6 (Prop_LUT6_I0_O)        0.178     0.528 r  u_core/u_npu/u_engine/u_gelu/u_serial_core/u_exp_to_integer/result[31]_INST_0_i_8/O
                         net (fo=78, unplaced)        0.294     0.822    u_core/u_npu/u_engine/u_gelu/u_serial_core/u_exp_to_integer/result[31]_INST_0_i_8_n_0
                         LUT3 (Prop_LUT3_I1_O)        0.083     0.905 r  u_core/u_npu/u_engine/u_gelu/u_serial_core/u_exp_to_integer/result[31]_INST_0_i_66/O
                         net (fo=1, unplaced)         0.232     1.137    u_core/u_npu/u_engine/u_gelu/u_serial_core/u_exp_to_integer/result[31]_INST_0_i_66_n_0
                         CARRY8 (Prop_CARRY8_DI[2]_CO[7])
                                                      0.142     1.279 r  u_core/u_npu/u_engine/u_gelu/u_serial_core/u_exp_to_integer/result[31]_INST_0_i_31/CO[7]
                         net (fo=1, unplaced)         0.007     1.286    u_core/u_npu/u_engine/u_gelu/u_serial_core/u_exp_to_integer/result[31]_INST_0_i_31_n_0
                         CARRY8 (Prop_CARRY8_CI_CO[6])
                                                      0.116     1.402 r  u_core/u_npu/u_engine/u_gelu/u_serial_core/u_exp_to_integer/result[31]_INST_0_i_9/CO[6]
                         net (fo=17, unplaced)        0.202     1.604    u_core/u_npu/u_engine/u_gelu/u_serial_core/u_exp_to_integer/result[31]_INST_0_i_9_n_1
                         LUT6 (Prop_LUT6_I1_O)        0.039     1.643 r  u_core/u_npu/u_engine/u_gelu/u_serial_core/u_exp_to_integer/result[30]_INST_0_i_5/O
                         net (fo=36, unplaced)        0.276     1.919    u_core/u_npu/u_engine/u_gelu/u_serial_core/u_exp_to_integer/result[30]_INST_0_i_5_n_0
                         LUT3 (Prop_LUT3_I2_O)        0.085     2.004 r  u_core/u_npu/u_engine/u_gelu/u_serial_core/u_exp_to_integer/result[28]_INST_0_i_7/O
                         net (fo=1, unplaced)         0.214     2.218    u_core/u_npu/u_engine/u_gelu/u_serial_core/u_exp_to_integer/result[28]_INST_0_i_7_n_0
                         LUT6 (Prop_LUT6_I4_O)        0.039     2.257 r  u_core/u_npu/u_engine/u_gelu/u_serial_core/u_exp_to_integer/result[28]_INST_0_i_1/O
                         net (fo=1, unplaced)         0.214     2.471    u_core/u_npu/u_engine/u_gelu/u_serial_core/u_exp_to_integer/result[28]_INST_0_i_1_n_0
                         LUT6 (Prop_LUT6_I0_O)        0.039     2.510 r  u_core/u_npu/u_engine/u_gelu/u_serial_core/u_exp_to_integer/result[28]_INST_0/O
                         net (fo=3, unplaced)         0.162     2.672    u_core/u_npu/u_engine/u_gelu/u_serial_core/exp_scale_integer_comb[28]
                         LUT4 (Prop_LUT4_I1_O)        0.064     2.736 r  u_core/u_npu/u_engine/u_gelu/u_serial_core/u_exp_from_integer_i_4/O
                         net (fo=12, unplaced)        0.198     2.934    u_core/u_npu/u_engine/u_gelu/u_serial_core/u_exp_from_integer/value[28]
                         LUT4 (Prop_LUT4_I0_O)        0.115     3.049 f  u_core/u_npu/u_engine/u_gelu/u_serial_core/u_exp_from_integer/result[30]_INST_0_i_11/O
                         net (fo=2, unplaced)         0.214     3.263    u_core/u_npu/u_engine/u_gelu/u_serial_core/u_exp_from_integer/result[30]_INST_0_i_11_n_0
                         LUT5 (Prop_LUT5_I0_O)        0.039     3.302 f  u_core/u_npu/u_engine/u_gelu/u_serial_core/u_exp_from_integer/result[30]_INST_0_i_27/O
                         net (fo=45, unplaced)        0.226     3.528    u_core/u_npu/u_engine/u_gelu/u_serial_core/u_exp_from_integer/result[30]_INST_0_i_27_n_0
                         LUT3 (Prop_LUT3_I2_O)        0.100     3.628 r  u_core/u_npu/u_engine/u_gelu/u_serial_core/u_exp_from_integer/result[30]_INST_0_i_5/O
                         net (fo=21, unplaced)        0.264     3.892    u_core/u_npu/u_engine/u_gelu/u_serial_core/u_exp_from_integer/result[30]_INST_0_i_5_n_0
                         LUT3 (Prop_LUT3_I2_O)        0.039     3.931 f  u_core/u_npu/u_engine/u_gelu/u_serial_core/u_exp_from_integer/result[22]_INST_0_i_45/O
                         net (fo=16, unplaced)        0.258     4.189    u_core/u_npu/u_engine/u_gelu/u_serial_core/u_exp_from_integer/result[22]_INST_0_i_45_n_0
                         LUT2 (Prop_LUT2_I1_O)        0.039     4.228 r  u_core/u_npu/u_engine/u_gelu/u_serial_core/u_exp_from_integer/result[30]_INST_0_i_106/O
                         net (fo=1, unplaced)         0.000     4.228    u_core/u_npu/u_engine/u_gelu/u_serial_core/u_exp_from_integer/rounded_mantissa5[0]
                         CARRY8 (Prop_CARRY8_CI_O[0])
                                                      0.137     4.365 r  u_core/u_npu/u_engine/u_gelu/u_serial_core/u_exp_from_integer/result[30]_INST_0_i_93/O[0]
                         net (fo=2, unplaced)         0.214     4.579    u_core/u_npu/u_engine/u_gelu/u_serial_core/u_exp_from_integer/result[30]_INST_0_i_93_n_15
                         LUT3 (Prop_LUT3_I2_O)        0.039     4.618 f  u_core/u_npu/u_engine/u_gelu/u_serial_core/u_exp_from_integer/result[30]_INST_0_i_105/O
                         net (fo=2, unplaced)         0.214     4.832    u_core/u_npu/u_engine/u_gelu/u_serial_core/u_exp_from_integer/result[30]_INST_0_i_105_n_0
                         LUT5 (Prop_LUT5_I4_O)        0.085     4.917 r  u_core/u_npu/u_engine/u_gelu/u_serial_core/u_exp_from_integer/result[30]_INST_0_i_96/O
                         net (fo=1, unplaced)         0.214     5.131    u_core/u_npu/u_engine/u_gelu/u_serial_core/u_exp_from_integer/result[30]_INST_0_i_96_n_0
                         LUT6 (Prop_LUT6_I5_O)        0.039     5.170 r  u_core/u_npu/u_engine/u_gelu/u_serial_core/u_exp_from_integer/result[30]_INST_0_i_72/O
                         net (fo=1, unplaced)         0.018     5.188    u_core/u_npu/u_engine/u_gelu/u_serial_core/u_exp_from_integer/result[30]_INST_0_i_72_n_0
                         CARRY8 (Prop_CARRY8_S[0]_CO[7])
                                                      0.245     5.433 f  u_core/u_npu/u_engine/u_gelu/u_serial_core/u_exp_from_integer/result[30]_INST_0_i_41/CO[7]
                         net (fo=1, unplaced)         0.007     5.440    u_core/u_npu/u_engine/u_gelu/u_serial_core/u_exp_from_integer/result[30]_INST_0_i_41_n_0
                         CARRY8 (Prop_CARRY8_CI_CO[2])
                                                      0.073     5.513 f  u_core/u_npu/u_engine/u_gelu/u_serial_core/u_exp_from_integer/result[30]_INST_0_i_24/CO[2]
                         net (fo=3, unplaced)         0.220     5.733    u_core/u_npu/u_engine/u_gelu/u_serial_core/u_exp_from_integer/result[30]_INST_0_i_24_n_5
                         LUT5 (Prop_LUT5_I4_O)        0.039     5.772 r  u_core/u_npu/u_engine/u_gelu/u_serial_core/u_exp_from_integer/result[22]_INST_0_i_3/O
                         net (fo=23, unplaced)        0.266     6.038    u_core/u_npu/u_engine/u_gelu/u_serial_core/u_exp_from_integer/result[22]_INST_0_i_3_n_0
                         LUT5 (Prop_LUT5_I2_O)        0.039     6.077 f  u_core/u_npu/u_engine/u_gelu/u_serial_core/u_exp_from_integer/result[4]_INST_0_i_1/O
                         net (fo=2, unplaced)         0.214     6.291    u_core/u_npu/u_engine/u_gelu/u_serial_core/u_exp_from_integer/result[4]_INST_0_i_1_n_0
                         LUT3 (Prop_LUT3_I2_O)        0.085     6.376 f  u_core/u_npu/u_engine/u_gelu/u_serial_core/u_exp_from_integer/result[3]_INST_0/O
                         net (fo=1, unplaced)         0.214     6.590    u_core/u_npu/u_engine/u_gelu/u_serial_core/integer_as_fp32[3]
                         LUT6 (Prop_LUT6_I2_O)        0.039     6.629 f  u_core/u_npu/u_engine/u_gelu/u_serial_core/mul_operand_a[3]_INST_0_i_3/O
                         net (fo=1, unplaced)         0.214     6.843    u_core/u_npu/u_engine/u_gelu/u_serial_core/mul_operand_a[3]_INST_0_i_3_n_0
                         LUT5 (Prop_LUT5_I1_O)        0.085     6.928 f  u_core/u_npu/u_engine/u_gelu/u_serial_core/mul_operand_a[3]_INST_0_i_1/O
                         net (fo=1, unplaced)         0.214     7.142    u_core/u_npu/u_engine/u_gelu/u_serial_core/mul_operand_a[3]_INST_0_i_1_n_0
                         LUT6 (Prop_LUT6_I0_O)        0.039     7.181 f  u_core/u_npu/u_engine/u_gelu/u_serial_core/mul_operand_a[3]_INST_0/O
                         net (fo=1, unplaced)         0.214     7.395    u_core/u_npu/u_engine/gelu_mul_operand_a[3]
                         LUT6 (Prop_LUT6_I4_O)        0.039     7.434 f  u_core/u_npu/u_engine/u_engine_shared_multiplier_i_94/O
                         net (fo=1, unplaced)         0.214     7.648    u_core/u_npu/u_engine/u_engine_shared_multiplier_i_94_n_0
                         LUT6 (Prop_LUT6_I5_O)        0.039     7.687 f  u_core/u_npu/u_engine/u_engine_shared_multiplier_i_29/O
                         net (fo=58, unplaced)        0.287     7.974    u_core/u_npu/u_engine/u_engine_shared_multiplier/a[3]
                         LUT2 (Prop_LUT2_I0_O)        0.085     8.059 r  u_core/u_npu/u_engine/u_engine_shared_multiplier/result[7]_INST_0_i_266/O
                         net (fo=1, unplaced)         0.214     8.273    u_core/u_npu/u_engine/u_engine_shared_multiplier/result[7]_INST_0_i_266_n_0
                         LUT6 (Prop_LUT6_I3_O)        0.039     8.312 r  u_core/u_npu/u_engine/u_engine_shared_multiplier/result[7]_INST_0_i_216/O
                         net (fo=1, unplaced)         0.019     8.331    u_core/u_npu/u_engine/u_engine_shared_multiplier/result[7]_INST_0_i_216_n_0
                         CARRY8 (Prop_CARRY8_S[5]_CO[7])
                                                      0.204     8.535 r  u_core/u_npu/u_engine/u_engine_shared_multiplier/result[7]_INST_0_i_164/CO[7]
                         net (fo=1, unplaced)         0.007     8.542    u_core/u_npu/u_engine/u_engine_shared_multiplier/result[7]_INST_0_i_164_n_0
                         CARRY8 (Prop_CARRY8_CI_O[2])
                                                      0.086     8.628 r  u_core/u_npu/u_engine/u_engine_shared_multiplier/result[15]_INST_0_i_117/O[2]
                         net (fo=2, unplaced)         0.214     8.842    u_core/u_npu/u_engine/u_engine_shared_multiplier/result[15]_INST_0_i_117_n_13
                         LUT3 (Prop_LUT3_I0_O)        0.100     8.942 r  u_core/u_npu/u_engine/u_engine_shared_multiplier/result[7]_INST_0_i_145/O
                         net (fo=2, unplaced)         0.214     9.156    u_core/u_npu/u_engine/u_engine_shared_multiplier/result[7]_INST_0_i_145_n_0
                         LUT4 (Prop_LUT4_I3_O)        0.039     9.195 r  u_core/u_npu/u_engine/u_engine_shared_multiplier/result[7]_INST_0_i_153/O
                         net (fo=1, unplaced)         0.019     9.214    u_core/u_npu/u_engine/u_engine_shared_multiplier/result[7]_INST_0_i_153_n_0
                         CARRY8 (Prop_CARRY8_S[5]_CO[7])
                                                      0.204     9.418 r  u_core/u_npu/u_engine/u_engine_shared_multiplier/result[7]_INST_0_i_62/CO[7]
                         net (fo=1, unplaced)         0.007     9.425    u_core/u_npu/u_engine/u_engine_shared_multiplier/result[7]_INST_0_i_62_n_0
                         CARRY8 (Prop_CARRY8_CI_CO[7])
                                                      0.030     9.455 r  u_core/u_npu/u_engine/u_engine_shared_multiplier/result[15]_INST_0_i_36/CO[7]
                         net (fo=1, unplaced)         0.007     9.462    u_core/u_npu/u_engine/u_engine_shared_multiplier/result[15]_INST_0_i_36_n_0
                         CARRY8 (Prop_CARRY8_CI_O[1])
                                                      0.097     9.559 r  u_core/u_npu/u_engine/u_engine_shared_multiplier/result[21]_INST_0_i_31/O[1]
                         net (fo=3, unplaced)         0.218     9.777    u_core/u_npu/u_engine/u_engine_shared_multiplier/result[21]_INST_0_i_31_n_14
                         LUT3 (Prop_LUT3_I2_O)        0.039     9.816 r  u_core/u_npu/u_engine/u_engine_shared_multiplier/result[15]_INST_0_i_32/O
                         net (fo=2, unplaced)         0.214    10.030    u_core/u_npu/u_engine/u_engine_shared_multiplier/result[15]_INST_0_i_32_n_0
                         LUT5 (Prop_LUT5_I1_O)        0.039    10.069 r  u_core/u_npu/u_engine/u_engine_shared_multiplier/result[15]_INST_0_i_15/O
                         net (fo=2, unplaced)         0.214    10.283    u_core/u_npu/u_engine/u_engine_shared_multiplier/result[15]_INST_0_i_15_n_0
                         LUT6 (Prop_LUT6_I0_O)        0.039    10.322 r  u_core/u_npu/u_engine/u_engine_shared_multiplier/result[15]_INST_0_i_23/O
                         net (fo=1, unplaced)         0.017    10.339    u_core/u_npu/u_engine/u_engine_shared_multiplier/result[15]_INST_0_i_23_n_0
                         CARRY8 (Prop_CARRY8_S[3]_CO[7])
                                                      0.202    10.541 r  u_core/u_npu/u_engine/u_engine_shared_multiplier/result[15]_INST_0_i_10/CO[7]
                         net (fo=1, unplaced)         0.007    10.548    u_core/u_npu/u_engine/u_engine_shared_multiplier/result[15]_INST_0_i_10_n_0
                         CARRY8 (Prop_CARRY8_CI_CO[7])
                                                      0.030    10.578 r  u_core/u_npu/u_engine/u_engine_shared_multiplier/result[21]_INST_0_i_11/CO[7]
                         net (fo=1, unplaced)         0.007    10.585    u_core/u_npu/u_engine/u_engine_shared_multiplier/result[21]_INST_0_i_11_n_0
                         CARRY8 (Prop_CARRY8_CI_O[4])
                                                      0.109    10.694 r  u_core/u_npu/u_engine/u_engine_shared_multiplier/result[30]_INST_0_i_70/O[4]
                         net (fo=58, unplaced)        0.285    10.979    u_core/u_npu/u_engine/u_engine_shared_multiplier/p_0_in
                         LUT4 (Prop_LUT4_I1_O)        0.085    11.064 r  u_core/u_npu/u_engine/u_engine_shared_multiplier/result[7]_INST_0_i_39/O
                         net (fo=1, unplaced)         0.214    11.278    u_core/u_npu/u_engine/u_engine_shared_multiplier/result[7]_INST_0_i_39_n_0
                         LUT5 (Prop_LUT5_I4_O)        0.039    11.317 r  u_core/u_npu/u_engine/u_engine_shared_multiplier/result[7]_INST_0_i_15/O
                         net (fo=1, unplaced)         0.214    11.531    u_core/u_npu/u_engine/u_engine_shared_multiplier/result[7]_INST_0_i_15_n_0
                         LUT6 (Prop_LUT6_I4_O)        0.039    11.570 r  u_core/u_npu/u_engine/u_engine_shared_multiplier/result[7]_INST_0_i_10/O
                         net (fo=1, unplaced)         0.018    11.588    u_core/u_npu/u_engine/u_engine_shared_multiplier/result[7]_INST_0_i_10_n_0
                         CARRY8 (Prop_CARRY8_S[0]_CO[7])
                                                      0.245    11.833 r  u_core/u_npu/u_engine/u_engine_shared_multiplier/result[7]_INST_0_i_1/CO[7]
                         net (fo=1, unplaced)         0.007    11.840    u_core/u_npu/u_engine/u_engine_shared_multiplier/result[7]_INST_0_i_1_n_0
                         CARRY8 (Prop_CARRY8_CI_CO[7])
                                                      0.030    11.870 r  u_core/u_npu/u_engine/u_engine_shared_multiplier/result[15]_INST_0_i_1/CO[7]
                         net (fo=1, unplaced)         0.007    11.877    u_core/u_npu/u_engine/u_engine_shared_multiplier/result[15]_INST_0_i_1_n_0
                         CARRY8 (Prop_CARRY8_CI_CO[7])
                                                      0.030    11.907 r  u_core/u_npu/u_engine/u_engine_shared_multiplier/result[21]_INST_0_i_1/CO[7]
                         net (fo=1, unplaced)         0.007    11.914    u_core/u_npu/u_engine/u_engine_shared_multiplier/result[21]_INST_0_i_1_n_0
                         CARRY8 (Prop_CARRY8_CI_CO[0])
                                                      0.068    11.982 r  u_core/u_npu/u_engine/u_engine_shared_multiplier/result[21]_INST_0_i_2/CO[0]
                         net (fo=25, unplaced)        0.268    12.250    u_core/u_npu/u_engine/u_engine_shared_multiplier/result[21]_INST_0_i_2_n_7
                         LUT4 (Prop_LUT4_I3_O)        0.039    12.289 r  u_core/u_npu/u_engine/u_engine_shared_multiplier/result[30]_INST_0_i_36/O
                         net (fo=1, unplaced)         0.018    12.307    u_core/u_npu/u_engine/u_engine_shared_multiplier/result[30]_INST_0_i_36_n_0
                         CARRY8 (Prop_CARRY8_S[0]_CO[7])
                                                      0.245    12.552 r  u_core/u_npu/u_engine/u_engine_shared_multiplier/result[30]_INST_0_i_3/CO[7]
                         net (fo=1, unplaced)         0.007    12.559    u_core/u_npu/u_engine/u_engine_shared_multiplier/result[30]_INST_0_i_3_n_0
                         CARRY8 (Prop_CARRY8_CI_CO[7])
                                                      0.030    12.589 r  u_core/u_npu/u_engine/u_engine_shared_multiplier/result[30]_INST_0_i_72/CO[7]
                         net (fo=1, unplaced)         0.007    12.596    u_core/u_npu/u_engine/u_engine_shared_multiplier/result[30]_INST_0_i_72_n_0
                         CARRY8 (Prop_CARRY8_CI_O[5])
                                                      0.145    12.741 f  u_core/u_npu/u_engine/u_engine_shared_multiplier/result[30]_INST_0_i_51/O[5]
                         net (fo=3, unplaced)         0.168    12.909    u_core/u_npu/u_engine/u_engine_shared_multiplier/exp_result[21]
                         LUT2 (Prop_LUT2_I0_O)        0.127    13.036 f  u_core/u_npu/u_engine/u_engine_shared_multiplier/result[30]_INST_0_i_11/O
                         net (fo=1, unplaced)         0.234    13.270    u_core/u_npu/u_engine/u_engine_shared_multiplier/result[30]_INST_0_i_11_n_0
                         CARRY8 (Prop_CARRY8_DI[1]_CO[6])
                                                      0.214    13.484 f  u_core/u_npu/u_engine/u_engine_shared_multiplier/result[30]_INST_0_i_1/CO[6]
                         net (fo=31, unplaced)        0.216    13.700    u_core/u_npu/u_engine/u_engine_shared_multiplier/result[30]_INST_0_i_1_n_1
                         LUT5 (Prop_LUT5_I4_O)        0.039    13.739 f  u_core/u_npu/u_engine/u_engine_shared_multiplier/result[22]_INST_0_i_1/O
                         net (fo=1, unplaced)         0.214    13.953    u_core/u_npu/u_engine/u_engine_shared_multiplier/result[22]_INST_0_i_1_n_0
                         LUT4 (Prop_LUT4_I1_O)        0.039    13.992 r  u_core/u_npu/u_engine/u_engine_shared_multiplier/result[22]_INST_0/O
                         net (fo=45, unplaced)        0.281    14.273    u_core/u_npu/u_engine/u_vector/external_mul_result[22]
                         LUT6 (Prop_LUT6_I4_O)        0.039    14.312 r  u_core/u_npu/u_engine/u_vector/result_data_reg[246]_i_1/O
                         net (fo=1, unplaced)         0.058    14.370    u_core/u_npu/u_engine/u_vector/result_data_reg[246]_i_1_n_0
                         FDRE                                         r  u_core/u_npu/u_engine/u_vector/result_data_reg_reg[246]/D
  -------------------------------------------------------------------    -------------------

                         (clock aclk rise edge)      20.000    20.000 r  
                                                      0.000    20.000 r  aclk (IN)
                         net (fo=62495, unset)        0.024    20.024    u_core/u_npu/u_engine/u_vector/clk
                         FDRE                                         r  u_core/u_npu/u_engine/u_vector/result_data_reg_reg[246]/C
                         clock pessimism              0.000    20.024    
                         clock uncertainty           -0.235    19.789    
                         FDRE (Setup_FDRE_C_D)        0.027    19.816    u_core/u_npu/u_engine/u_vector/result_data_reg_reg[246]
  -------------------------------------------------------------------
                         required time                         19.816    
                         arrival time                         -14.370    
  -------------------------------------------------------------------
                         slack                                  5.446    

Slack (MET) :             5.446ns  (required time - arrival time)
  Source:                 u_core/u_npu/u_engine/u_gelu/u_serial_core/exp_scaled_reg[27]/C
                            (rising edge-triggered cell FDRE clocked by aclk  {rise@0.000ns fall@10.000ns period=20.000ns})
  Destination:            u_core/u_npu/u_engine/u_vector/result_data_reg_reg[278]/D
                            (rising edge-triggered cell FDRE clocked by aclk  {rise@0.000ns fall@10.000ns period=20.000ns})
  Path Group:             aclk
  Path Type:              Setup (Max at Slow Process Corner)
  Requirement:            20.000ns  (aclk rise@20.000ns - aclk rise@0.000ns)
  Data Path Delay:        14.335ns  (logic 5.030ns (35.089%)  route 9.305ns (64.911%))
  Logic Levels:           59  (CARRY8=21 LUT2=3 LUT3=8 LUT4=6 LUT5=8 LUT6=13)
  Clock Path Skew:        -0.011ns (DCD - SCD + CPR)
    Destination Clock Delay (DCD):    0.024ns = ( 20.024 - 20.000 ) 
    Source Clock Delay      (SCD):    0.035ns
    Clock Pessimism Removal (CPR):    0.000ns
  Clock Uncertainty:      0.235ns  ((TSJ^2 + TIJ^2)^1/2 + DJ) / 2 + PE + UU
    Total System Jitter     (TSJ):    0.071ns
    Total Input Jitter      (TIJ):    0.000ns
    Discrete Jitter          (DJ):    0.000ns
    Phase Error              (PE):    0.000ns
    User Uncertainty         (UU):    0.200ns

    Location             Delay type                Incr(ns)  Path(ns)    Netlist Resource(s)
  -------------------------------------------------------------------    -------------------
                         (clock aclk rise edge)       0.000     0.000 r  
                                                      0.000     0.000 r  aclk (IN)
                         net (fo=62495, unset)        0.035     0.035    u_core/u_npu/u_engine/u_gelu/u_serial_core/clk
                         FDRE                                         r  u_core/u_npu/u_engine/u_gelu/u_serial_core/exp_scaled_reg[27]/C
  -------------------------------------------------------------------    -------------------
                         FDRE (Prop_FDRE_C_Q)         0.096     0.131 f  u_core/u_npu/u_engine/u_gelu/u_serial_core/exp_scaled_reg[27]/Q
                         net (fo=15, unplaced)        0.219     0.350    u_core/u_npu/u_engine/u_gelu/u_serial_core/u_exp_to_integer/value[27]
                         LUT6 (Prop_LUT6_I0_O)        0.178     0.528 r  u_core/u_npu/u_engine/u_gelu/u_serial_core/u_exp_to_integer/result[31]_INST_0_i_8/O
                         net (fo=78, unplaced)        0.294     0.822    u_core/u_npu/u_engine/u_gelu/u_serial_core/u_exp_to_integer/result[31]_INST_0_i_8_n_0
                         LUT3 (Prop_LUT3_I1_O)        0.083     0.905 r  u_core/u_npu/u_engine/u_gelu/u_serial_core/u_exp_to_integer/result[31]_INST_0_i_66/O
                         net (fo=1, unplaced)         0.232     1.137    u_core/u_npu/u_engine/u_gelu/u_serial_core/u_exp_to_integer/result[31]_INST_0_i_66_n_0
                         CARRY8 (Prop_CARRY8_DI[2]_CO[7])
                                                      0.142     1.279 r  u_core/u_npu/u_engine/u_gelu/u_serial_core/u_exp_to_integer/result[31]_INST_0_i_31/CO[7]
                         net (fo=1, unplaced)         0.007     1.286    u_core/u_npu/u_engine/u_gelu/u_serial_core/u_exp_to_integer/result[31]_INST_0_i_31_n_0
                         CARRY8 (Prop_CARRY8_CI_CO[6])
                                                      0.116     1.402 r  u_core/u_npu/u_engine/u_gelu/u_serial_core/u_exp_to_integer/result[31]_INST_0_i_9/CO[6]
                         net (fo=17, unplaced)        0.202     1.604    u_core/u_npu/u_engine/u_gelu/u_serial_core/u_exp_to_integer/result[31]_INST_0_i_9_n_1
                         LUT6 (Prop_LUT6_I1_O)        0.039     1.643 r  u_core/u_npu/u_engine/u_gelu/u_serial_core/u_exp_to_integer/result[30]_INST_0_i_5/O
                         net (fo=36, unplaced)        0.276     1.919    u_core/u_npu/u_engine/u_gelu/u_serial_core/u_exp_to_integer/result[30]_INST_0_i_5_n_0
                         LUT3 (Prop_LUT3_I2_O)        0.085     2.004 r  u_core/u_npu/u_engine/u_gelu/u_serial_core/u_exp_to_integer/result[28]_INST_0_i_7/O
                         net (fo=1, unplaced)         0.214     2.218    u_core/u_npu/u_engine/u_gelu/u_serial_core/u_exp_to_integer/result[28]_INST_0_i_7_n_0
                         LUT6 (Prop_LUT6_I4_O)        0.039     2.257 r  u_core/u_npu/u_engine/u_gelu/u_serial_core/u_exp_to_integer/result[28]_INST_0_i_1/O
                         net (fo=1, unplaced)         0.214     2.471    u_core/u_npu/u_engine/u_gelu/u_serial_core/u_exp_to_integer/result[28]_INST_0_i_1_n_0
                         LUT6 (Prop_LUT6_I0_O)        0.039     2.510 r  u_core/u_npu/u_engine/u_gelu/u_serial_core/u_exp_to_integer/result[28]_INST_0/O
                         net (fo=3, unplaced)         0.162     2.672    u_core/u_npu/u_engine/u_gelu/u_serial_core/exp_scale_integer_comb[28]
                         LUT4 (Prop_LUT4_I1_O)        0.064     2.736 r  u_core/u_npu/u_engine/u_gelu/u_serial_core/u_exp_from_integer_i_4/O
                         net (fo=12, unplaced)        0.198     2.934    u_core/u_npu/u_engine/u_gelu/u_serial_core/u_exp_from_integer/value[28]
                         LUT4 (Prop_LUT4_I0_O)        0.115     3.049 f  u_core/u_npu/u_engine/u_gelu/u_serial_core/u_exp_from_integer/result[30]_INST_0_i_11/O
                         net (fo=2, unplaced)         0.214     3.263    u_core/u_npu/u_engine/u_gelu/u_serial_core/u_exp_from_integer/result[30]_INST_0_i_11_n_0
                         LUT5 (Prop_LUT5_I0_O)        0.039     3.302 f  u_core/u_npu/u_engine/u_gelu/u_serial_core/u_exp_from_integer/result[30]_INST_0_i_27/O
                         net (fo=45, unplaced)        0.226     3.528    u_core/u_npu/u_engine/u_gelu/u_serial_core/u_exp_from_integer/result[30]_INST_0_i_27_n_0
                         LUT3 (Prop_LUT3_I2_O)        0.100     3.628 r  u_core/u_npu/u_engine/u_gelu/u_serial_core/u_exp_from_integer/result[30]_INST_0_i_5/O
                         net (fo=21, unplaced)        0.264     3.892    u_core/u_npu/u_engine/u_gelu/u_serial_core/u_exp_from_integer/result[30]_INST_0_i_5_n_0
                         LUT3 (Prop_LUT3_I2_O)        0.039     3.931 f  u_core/u_npu/u_engine/u_gelu/u_serial_core/u_exp_from_integer/result[22]_INST_0_i_45/O
                         net (fo=16, unplaced)        0.258     4.189    u_core/u_npu/u_engine/u_gelu/u_serial_core/u_exp_from_integer/result[22]_INST_0_i_45_n_0
                         LUT2 (Prop_LUT2_I1_O)        0.039     4.228 r  u_core/u_npu/u_engine/u_gelu/u_serial_core/u_exp_from_integer/result[30]_INST_0_i_106/O
                         net (fo=1, unplaced)         0.000     4.228    u_core/u_npu/u_engine/u_gelu/u_serial_core/u_exp_from_integer/rounded_mantissa5[0]
                         CARRY8 (Prop_CARRY8_CI_O[0])
                                                      0.137     4.365 r  u_core/u_npu/u_engine/u_gelu/u_serial_core/u_exp_from_integer/result[30]_INST_0_i_93/O[0]
                         net (fo=2, unplaced)         0.214     4.579    u_core/u_npu/u_engine/u_gelu/u_serial_core/u_exp_from_integer/result[30]_INST_0_i_93_n_15
                         LUT3 (Prop_LUT3_I2_O)        0.039     4.618 f  u_core/u_npu/u_engine/u_gelu/u_serial_core/u_exp_from_integer/result[30]_INST_0_i_105/O
                         net (fo=2, unplaced)         0.214     4.832    u_core/u_npu/u_engine/u_gelu/u_serial_core/u_exp_from_integer/result[30]_INST_0_i_105_n_0
                         LUT5 (Prop_LUT5_I4_O)        0.085     4.917 r  u_core/u_npu/u_engine/u_gelu/u_serial_core/u_exp_from_integer/result[30]_INST_0_i_96/O
                         net (fo=1, unplaced)         0.214     5.131    u_core/u_npu/u_engine/u_gelu/u_serial_core/u_exp_from_integer/result[30]_INST_0_i_96_n_0
                         LUT6 (Prop_LUT6_I5_O)        0.039     5.170 r  u_core/u_npu/u_engine/u_gelu/u_serial_core/u_exp_from_integer/result[30]_INST_0_i_72/O
                         net (fo=1, unplaced)         0.018     5.188    u_core/u_npu/u_engine/u_gelu/u_serial_core/u_exp_from_integer/result[30]_INST_0_i_72_n_0
                         CARRY8 (Prop_CARRY8_S[0]_CO[7])
                                                      0.245     5.433 f  u_core/u_npu/u_engine/u_gelu/u_serial_core/u_exp_from_integer/result[30]_INST_0_i_41/CO[7]
                         net (fo=1, unplaced)         0.007     5.440    u_core/u_npu/u_engine/u_gelu/u_serial_core/u_exp_from_integer/result[30]_INST_0_i_41_n_0
                         CARRY8 (Prop_CARRY8_CI_CO[2])
                                                      0.073     5.513 f  u_core/u_npu/u_engine/u_gelu/u_serial_core/u_exp_from_integer/result[30]_INST_0_i_24/CO[2]
                         net (fo=3, unplaced)         0.220     5.733    u_core/u_npu/u_engine/u_gelu/u_serial_core/u_exp_from_integer/result[30]_INST_0_i_24_n_5
                         LUT5 (Prop_LUT5_I4_O)        0.039     5.772 r  u_core/u_npu/u_engine/u_gelu/u_serial_core/u_exp_from_integer/result[22]_INST_0_i_3/O
                         net (fo=23, unplaced)        0.266     6.038    u_core/u_npu/u_engine/u_gelu/u_serial_core/u_exp_from_integer/result[22]_INST_0_i_3_n_0
                         LUT5 (Prop_LUT5_I2_O)        0.039     6.077 f  u_core/u_npu/u_engine/u_gelu/u_serial_core/u_exp_from_integer/result[4]_INST_0_i_1/O
                         net (fo=2, unplaced)         0.214     6.291    u_core/u_npu/u_engine/u_gelu/u_serial_core/u_exp_from_integer/result[4]_INST_0_i_1_n_0
                         LUT3 (Prop_LUT3_I2_O)        0.085     6.376 f  u_core/u_npu/u_engine/u_gelu/u_serial_core/u_exp_from_integer/result[3]_INST_0/O
                         net (fo=1, unplaced)         0.214     6.590    u_core/u_npu/u_engine/u_gelu/u_serial_core/integer_as_fp32[3]
                         LUT6 (Prop_LUT6_I2_O)        0.039     6.629 f  u_core/u_npu/u_engine/u_gelu/u_serial_core/mul_operand_a[3]_INST_0_i_3/O
                         net (fo=1, unplaced)         0.214     6.843    u_core/u_npu/u_engine/u_gelu/u_serial_core/mul_operand_a[3]_INST_0_i_3_n_0
                         LUT5 (Prop_LUT5_I1_O)        0.085     6.928 f  u_core/u_npu/u_engine/u_gelu/u_serial_core/mul_operand_a[3]_INST_0_i_1/O
                         net (fo=1, unplaced)         0.214     7.142    u_core/u_npu/u_engine/u_gelu/u_serial_core/mul_operand_a[3]_INST_0_i_1_n_0
                         LUT6 (Prop_LUT6_I0_O)        0.039     7.181 f  u_core/u_npu/u_engine/u_gelu/u_serial_core/mul_operand_a[3]_INST_0/O
                         net (fo=1, unplaced)         0.214     7.395    u_core/u_npu/u_engine/gelu_mul_operand_a[3]
                         LUT6 (Prop_LUT6_I4_O)        0.039     7.434 f  u_core/u_npu/u_engine/u_engine_shared_multiplier_i_94/O
                         net (fo=1, unplaced)         0.214     7.648    u_core/u_npu/u_engine/u_engine_shared_multiplier_i_94_n_0
                         LUT6 (Prop_LUT6_I5_O)        0.039     7.687 f  u_core/u_npu/u_engine/u_engine_shared_multiplier_i_29/O
                         net (fo=58, unplaced)        0.287     7.974    u_core/u_npu/u_engine/u_engine_shared_multiplier/a[3]
                         LUT2 (Prop_LUT2_I0_O)        0.085     8.059 r  u_core/u_npu/u_engine/u_engine_shared_multiplier/result[7]_INST_0_i_266/O
                         net (fo=1, unplaced)         0.214     8.273    u_core/u_npu/u_engine/u_engine_shared_multiplier/result[7]_INST_0_i_266_n_0
                         LUT6 (Prop_LUT6_I3_O)        0.039     8.312 r  u_core/u_npu/u_engine/u_engine_shared_multiplier/result[7]_INST_0_i_216/O
                         net (fo=1, unplaced)         0.019     8.331    u_core/u_npu/u_engine/u_engine_shared_multiplier/result[7]_INST_0_i_216_n_0
                         CARRY8 (Prop_CARRY8_S[5]_CO[7])
                                                      0.204     8.535 r  u_core/u_npu/u_engine/u_engine_shared_multiplier/result[7]_INST_0_i_164/CO[7]
                         net (fo=1, unplaced)         0.007     8.542    u_core/u_npu/u_engine/u_engine_shared_multiplier/result[7]_INST_0_i_164_n_0
                         CARRY8 (Prop_CARRY8_CI_O[2])
                                                      0.086     8.628 r  u_core/u_npu/u_engine/u_engine_shared_multiplier/result[15]_INST_0_i_117/O[2]
                         net (fo=2, unplaced)         0.214     8.842    u_core/u_npu/u_engine/u_engine_shared_multiplier/result[15]_INST_0_i_117_n_13
                         LUT3 (Prop_LUT3_I0_O)        0.100     8.942 r  u_core/u_npu/u_engine/u_engine_shared_multiplier/result[7]_INST_0_i_145/O
                         net (fo=2, unplaced)         0.214     9.156    u_core/u_npu/u_engine/u_engine_shared_multiplier/result[7]_INST_0_i_145_n_0
                         LUT4 (Prop_LUT4_I3_O)        0.039     9.195 r  u_core/u_npu/u_engine/u_engine_shared_multiplier/result[7]_INST_0_i_153/O
                         net (fo=1, unplaced)         0.019     9.214    u_core/u_npu/u_engine/u_engine_shared_multiplier/result[7]_INST_0_i_153_n_0
                         CARRY8 (Prop_CARRY8_S[5]_CO[7])
                                                      0.204     9.418 r  u_core/u_npu/u_engine/u_engine_shared_multiplier/result[7]_INST_0_i_62/CO[7]
                         net (fo=1, unplaced)         0.007     9.425    u_core/u_npu/u_engine/u_engine_shared_multiplier/result[7]_INST_0_i_62_n_0
                         CARRY8 (Prop_CARRY8_CI_CO[7])
                                                      0.030     9.455 r  u_core/u_npu/u_engine/u_engine_shared_multiplier/result[15]_INST_0_i_36/CO[7]
                         net (fo=1, unplaced)         0.007     9.462    u_core/u_npu/u_engine/u_engine_shared_multiplier/result[15]_INST_0_i_36_n_0
                         CARRY8 (Prop_CARRY8_CI_O[1])
                                                      0.097     9.559 r  u_core/u_npu/u_engine/u_engine_shared_multiplier/result[21]_INST_0_i_31/O[1]
                         net (fo=3, unplaced)         0.218     9.777    u_core/u_npu/u_engine/u_engine_shared_multiplier/result[21]_INST_0_i_31_n_14
                         LUT3 (Prop_LUT3_I2_O)        0.039     9.816 r  u_core/u_npu/u_engine/u_engine_shared_multiplier/result[15]_INST_0_i_32/O
                         net (fo=2, unplaced)         0.214    10.030    u_core/u_npu/u_engine/u_engine_shared_multiplier/result[15]_INST_0_i_32_n_0
                         LUT5 (Prop_LUT5_I1_O)        0.039    10.069 r  u_core/u_npu/u_engine/u_engine_shared_multiplier/result[15]_INST_0_i_15/O
                         net (fo=2, unplaced)         0.214    10.283    u_core/u_npu/u_engine/u_engine_shared_multiplier/result[15]_INST_0_i_15_n_0
                         LUT6 (Prop_LUT6_I0_O)        0.039    10.322 r  u_core/u_npu/u_engine/u_engine_shared_multiplier/result[15]_INST_0_i_23/O
                         net (fo=1, unplaced)         0.017    10.339    u_core/u_npu/u_engine/u_engine_shared_multiplier/result[15]_INST_0_i_23_n_0
                         CARRY8 (Prop_CARRY8_S[3]_CO[7])
                                                      0.202    10.541 r  u_core/u_npu/u_engine/u_engine_shared_multiplier/result[15]_INST_0_i_10/CO[7]
                         net (fo=1, unplaced)         0.007    10.548    u_core/u_npu/u_engine/u_engine_shared_multiplier/result[15]_INST_0_i_10_n_0
                         CARRY8 (Prop_CARRY8_CI_CO[7])
                                                      0.030    10.578 r  u_core/u_npu/u_engine/u_engine_shared_multiplier/result[21]_INST_0_i_11/CO[7]
                         net (fo=1, unplaced)         0.007    10.585    u_core/u_npu/u_engine/u_engine_shared_multiplier/result[21]_INST_0_i_11_n_0
                         CARRY8 (Prop_CARRY8_CI_O[4])
                                                      0.109    10.694 r  u_core/u_npu/u_engine/u_engine_shared_multiplier/result[30]_INST_0_i_70/O[4]
                         net (fo=58, unplaced)        0.285    10.979    u_core/u_npu/u_engine/u_engine_shared_multiplier/p_0_in
                         LUT4 (Prop_LUT4_I1_O)        0.085    11.064 r  u_core/u_npu/u_engine/u_engine_shared_multiplier/result[7]_INST_0_i_39/O
                         net (fo=1, unplaced)         0.214    11.278    u_core/u_npu/u_engine/u_engine_shared_multiplier/result[7]_INST_0_i_39_n_0
                         LUT5 (Prop_LUT5_I4_O)        0.039    11.317 r  u_core/u_npu/u_engine/u_engine_shared_multiplier/result[7]_INST_0_i_15/O
                         net (fo=1, unplaced)         0.214    11.531    u_core/u_npu/u_engine/u_engine_shared_multiplier/result[7]_INST_0_i_15_n_0
                         LUT6 (Prop_LUT6_I4_O)        0.039    11.570 r  u_core/u_npu/u_engine/u_engine_shared_multiplier/result[7]_INST_0_i_10/O
                         net (fo=1, unplaced)         0.018    11.588    u_core/u_npu/u_engine/u_engine_shared_multiplier/result[7]_INST_0_i_10_n_0
                         CARRY8 (Prop_CARRY8_S[0]_CO[7])
                                                      0.245    11.833 r  u_core/u_npu/u_engine/u_engine_shared_multiplier/result[7]_INST_0_i_1/CO[7]
                         net (fo=1, unplaced)         0.007    11.840    u_core/u_npu/u_engine/u_engine_shared_multiplier/result[7]_INST_0_i_1_n_0
                         CARRY8 (Prop_CARRY8_CI_CO[7])
                                                      0.030    11.870 r  u_core/u_npu/u_engine/u_engine_shared_multiplier/result[15]_INST_0_i_1/CO[7]
                         net (fo=1, unplaced)         0.007    11.877    u_core/u_npu/u_engine/u_engine_shared_multiplier/result[15]_INST_0_i_1_n_0
                         CARRY8 (Prop_CARRY8_CI_CO[7])
                                                      0.030    11.907 r  u_core/u_npu/u_engine/u_engine_shared_multiplier/result[21]_INST_0_i_1/CO[7]
                         net (fo=1, unplaced)         0.007    11.914    u_core/u_npu/u_engine/u_engine_shared_multiplier/result[21]_INST_0_i_1_n_0
                         CARRY8 (Prop_CARRY8_CI_CO[0])
                                                      0.068    11.982 r  u_core/u_npu/u_engine/u_engine_shared_multiplier/result[21]_INST_0_i_2/CO[0]
                         net (fo=25, unplaced)        0.268    12.250    u_core/u_npu/u_engine/u_engine_shared_multiplier/result[21]_INST_0_i_2_n_7
                         LUT4 (Prop_LUT4_I3_O)        0.039    12.289 r  u_core/u_npu/u_engine/u_engine_shared_multiplier/result[30]_INST_0_i_36/O
                         net (fo=1, unplaced)         0.018    12.307    u_core/u_npu/u_engine/u_engine_shared_multiplier/result[30]_INST_0_i_36_n_0
                         CARRY8 (Prop_CARRY8_S[0]_CO[7])
                                                      0.245    12.552 r  u_core/u_npu/u_engine/u_engine_shared_multiplier/result[30]_INST_0_i_3/CO[7]
                         net (fo=1, unplaced)         0.007    12.559    u_core/u_npu/u_engine/u_engine_shared_multiplier/result[30]_INST_0_i_3_n_0
                         CARRY8 (Prop_CARRY8_CI_CO[7])
                                                      0.030    12.589 r  u_core/u_npu/u_engine/u_engine_shared_multiplier/result[30]_INST_0_i_72/CO[7]
                         net (fo=1, unplaced)         0.007    12.596    u_core/u_npu/u_engine/u_engine_shared_multiplier/result[30]_INST_0_i_72_n_0
                         CARRY8 (Prop_CARRY8_CI_O[5])
                                                      0.145    12.741 f  u_core/u_npu/u_engine/u_engine_shared_multiplier/result[30]_INST_0_i_51/O[5]
                         net (fo=3, unplaced)         0.168    12.909    u_core/u_npu/u_engine/u_engine_shared_multiplier/exp_result[21]
                         LUT2 (Prop_LUT2_I0_O)        0.127    13.036 f  u_core/u_npu/u_engine/u_engine_shared_multiplier/result[30]_INST_0_i_11/O
                         net (fo=1, unplaced)         0.234    13.270    u_core/u_npu/u_engine/u_engine_shared_multiplier/result[30]_INST_0_i_11_n_0
                         CARRY8 (Prop_CARRY8_DI[1]_CO[6])
                                                      0.214    13.484 f  u_core/u_npu/u_engine/u_engine_shared_multiplier/result[30]_INST_0_i_1/CO[6]
                         net (fo=31, unplaced)        0.216    13.700    u_core/u_npu/u_engine/u_engine_shared_multiplier/result[30]_INST_0_i_1_n_1
                         LUT5 (Prop_LUT5_I4_O)        0.039    13.739 f  u_core/u_npu/u_engine/u_engine_shared_multiplier/result[22]_INST_0_i_1/O
                         net (fo=1, unplaced)         0.214    13.953    u_core/u_npu/u_engine/u_engine_shared_multiplier/result[22]_INST_0_i_1_n_0
                         LUT4 (Prop_LUT4_I1_O)        0.039    13.992 r  u_core/u_npu/u_engine/u_engine_shared_multiplier/result[22]_INST_0/O
                         net (fo=45, unplaced)        0.281    14.273    u_core/u_npu/u_engine/u_vector/external_mul_result[22]
                         LUT6 (Prop_LUT6_I4_O)        0.039    14.312 r  u_core/u_npu/u_engine/u_vector/result_data_reg[278]_i_1/O
                         net (fo=1, unplaced)         0.058    14.370    u_core/u_npu/u_engine/u_vector/result_data_reg[278]_i_1_n_0
                         FDRE                                         r  u_core/u_npu/u_engine/u_vector/result_data_reg_reg[278]/D
  -------------------------------------------------------------------    -------------------

                         (clock aclk rise edge)      20.000    20.000 r  
                                                      0.000    20.000 r  aclk (IN)
                         net (fo=62495, unset)        0.024    20.024    u_core/u_npu/u_engine/u_vector/clk
                         FDRE                                         r  u_core/u_npu/u_engine/u_vector/result_data_reg_reg[278]/C
                         clock pessimism              0.000    20.024    
                         clock uncertainty           -0.235    19.789    
                         FDRE (Setup_FDRE_C_D)        0.027    19.816    u_core/u_npu/u_engine/u_vector/result_data_reg_reg[278]
  -------------------------------------------------------------------
                         required time                         19.816    
                         arrival time                         -14.370    
  -------------------------------------------------------------------
                         slack                                  5.446    

Slack (MET) :             5.446ns  (required time - arrival time)
  Source:                 u_core/u_npu/u_engine/u_gelu/u_serial_core/exp_scaled_reg[27]/C
                            (rising edge-triggered cell FDRE clocked by aclk  {rise@0.000ns fall@10.000ns period=20.000ns})
  Destination:            u_core/u_npu/u_engine/u_vector/result_data_reg_reg[310]/D
                            (rising edge-triggered cell FDRE clocked by aclk  {rise@0.000ns fall@10.000ns period=20.000ns})
  Path Group:             aclk
  Path Type:              Setup (Max at Slow Process Corner)
  Requirement:            20.000ns  (aclk rise@20.000ns - aclk rise@0.000ns)
  Data Path Delay:        14.335ns  (logic 5.030ns (35.089%)  route 9.305ns (64.911%))
  Logic Levels:           59  (CARRY8=21 LUT2=3 LUT3=8 LUT4=6 LUT5=8 LUT6=13)
  Clock Path Skew:        -0.011ns (DCD - SCD + CPR)
    Destination Clock Delay (DCD):    0.024ns = ( 20.024 - 20.000 ) 
    Source Clock Delay      (SCD):    0.035ns
    Clock Pessimism Removal (CPR):    0.000ns
  Clock Uncertainty:      0.235ns  ((TSJ^2 + TIJ^2)^1/2 + DJ) / 2 + PE + UU
    Total System Jitter     (TSJ):    0.071ns
    Total Input Jitter      (TIJ):    0.000ns
    Discrete Jitter          (DJ):    0.000ns
    Phase Error              (PE):    0.000ns
    User Uncertainty         (UU):    0.200ns

    Location             Delay type                Incr(ns)  Path(ns)    Netlist Resource(s)
  -------------------------------------------------------------------    -------------------
                         (clock aclk rise edge)       0.000     0.000 r  
                                                      0.000     0.000 r  aclk (IN)
                         net (fo=62495, unset)        0.035     0.035    u_core/u_npu/u_engine/u_gelu/u_serial_core/clk
                         FDRE                                         r  u_core/u_npu/u_engine/u_gelu/u_serial_core/exp_scaled_reg[27]/C
  -------------------------------------------------------------------    -------------------
                         FDRE (Prop_FDRE_C_Q)         0.096     0.131 f  u_core/u_npu/u_engine/u_gelu/u_serial_core/exp_scaled_reg[27]/Q
                         net (fo=15, unplaced)        0.219     0.350    u_core/u_npu/u_engine/u_gelu/u_serial_core/u_exp_to_integer/value[27]
                         LUT6 (Prop_LUT6_I0_O)        0.178     0.528 r  u_core/u_npu/u_engine/u_gelu/u_serial_core/u_exp_to_integer/result[31]_INST_0_i_8/O
                         net (fo=78, unplaced)        0.294     0.822    u_core/u_npu/u_engine/u_gelu/u_serial_core/u_exp_to_integer/result[31]_INST_0_i_8_n_0
                         LUT3 (Prop_LUT3_I1_O)        0.083     0.905 r  u_core/u_npu/u_engine/u_gelu/u_serial_core/u_exp_to_integer/result[31]_INST_0_i_66/O
                         net (fo=1, unplaced)         0.232     1.137    u_core/u_npu/u_engine/u_gelu/u_serial_core/u_exp_to_integer/result[31]_INST_0_i_66_n_0
                         CARRY8 (Prop_CARRY8_DI[2]_CO[7])
                                                      0.142     1.279 r  u_core/u_npu/u_engine/u_gelu/u_serial_core/u_exp_to_integer/result[31]_INST_0_i_31/CO[7]
                         net (fo=1, unplaced)         0.007     1.286    u_core/u_npu/u_engine/u_gelu/u_serial_core/u_exp_to_integer/result[31]_INST_0_i_31_n_0
                         CARRY8 (Prop_CARRY8_CI_CO[6])
                                                      0.116     1.402 r  u_core/u_npu/u_engine/u_gelu/u_serial_core/u_exp_to_integer/result[31]_INST_0_i_9/CO[6]
                         net (fo=17, unplaced)        0.202     1.604    u_core/u_npu/u_engine/u_gelu/u_serial_core/u_exp_to_integer/result[31]_INST_0_i_9_n_1
                         LUT6 (Prop_LUT6_I1_O)        0.039     1.643 r  u_core/u_npu/u_engine/u_gelu/u_serial_core/u_exp_to_integer/result[30]_INST_0_i_5/O
                         net (fo=36, unplaced)        0.276     1.919    u_core/u_npu/u_engine/u_gelu/u_serial_core/u_exp_to_integer/result[30]_INST_0_i_5_n_0
                         LUT3 (Prop_LUT3_I2_O)        0.085     2.004 r  u_core/u_npu/u_engine/u_gelu/u_serial_core/u_exp_to_integer/result[28]_INST_0_i_7/O
                         net (fo=1, unplaced)         0.214     2.218    u_core/u_npu/u_engine/u_gelu/u_serial_core/u_exp_to_integer/result[28]_INST_0_i_7_n_0
                         LUT6 (Prop_LUT6_I4_O)        0.039     2.257 r  u_core/u_npu/u_engine/u_gelu/u_serial_core/u_exp_to_integer/result[28]_INST_0_i_1/O
                         net (fo=1, unplaced)         0.214     2.471    u_core/u_npu/u_engine/u_gelu/u_serial_core/u_exp_to_integer/result[28]_INST_0_i_1_n_0
                         LUT6 (Prop_LUT6_I0_O)        0.039     2.510 r  u_core/u_npu/u_engine/u_gelu/u_serial_core/u_exp_to_integer/result[28]_INST_0/O
                         net (fo=3, unplaced)         0.162     2.672    u_core/u_npu/u_engine/u_gelu/u_serial_core/exp_scale_integer_comb[28]
                         LUT4 (Prop_LUT4_I1_O)        0.064     2.736 r  u_core/u_npu/u_engine/u_gelu/u_serial_core/u_exp_from_integer_i_4/O
                         net (fo=12, unplaced)        0.198     2.934    u_core/u_npu/u_engine/u_gelu/u_serial_core/u_exp_from_integer/value[28]
                         LUT4 (Prop_LUT4_I0_O)        0.115     3.049 f  u_core/u_npu/u_engine/u_gelu/u_serial_core/u_exp_from_integer/result[30]_INST_0_i_11/O
                         net (fo=2, unplaced)         0.214     3.263    u_core/u_npu/u_engine/u_gelu/u_serial_core/u_exp_from_integer/result[30]_INST_0_i_11_n_0
                         LUT5 (Prop_LUT5_I0_O)        0.039     3.302 f  u_core/u_npu/u_engine/u_gelu/u_serial_core/u_exp_from_integer/result[30]_INST_0_i_27/O
                         net (fo=45, unplaced)        0.226     3.528    u_core/u_npu/u_engine/u_gelu/u_serial_core/u_exp_from_integer/result[30]_INST_0_i_27_n_0
                         LUT3 (Prop_LUT3_I2_O)        0.100     3.628 r  u_core/u_npu/u_engine/u_gelu/u_serial_core/u_exp_from_integer/result[30]_INST_0_i_5/O
                         net (fo=21, unplaced)        0.264     3.892    u_core/u_npu/u_engine/u_gelu/u_serial_core/u_exp_from_integer/result[30]_INST_0_i_5_n_0
                         LUT3 (Prop_LUT3_I2_O)        0.039     3.931 f  u_core/u_npu/u_engine/u_gelu/u_serial_core/u_exp_from_integer/result[22]_INST_0_i_45/O
                         net (fo=16, unplaced)        0.258     4.189    u_core/u_npu/u_engine/u_gelu/u_serial_core/u_exp_from_integer/result[22]_INST_0_i_45_n_0
                         LUT2 (Prop_LUT2_I1_O)        0.039     4.228 r  u_core/u_npu/u_engine/u_gelu/u_serial_core/u_exp_from_integer/result[30]_INST_0_i_106/O
                         net (fo=1, unplaced)         0.000     4.228    u_core/u_npu/u_engine/u_gelu/u_serial_core/u_exp_from_integer/rounded_mantissa5[0]
                         CARRY8 (Prop_CARRY8_CI_O[0])
                                                      0.137     4.365 r  u_core/u_npu/u_engine/u_gelu/u_serial_core/u_exp_from_integer/result[30]_INST_0_i_93/O[0]
                         net (fo=2, unplaced)         0.214     4.579    u_core/u_npu/u_engine/u_gelu/u_serial_core/u_exp_from_integer/result[30]_INST_0_i_93_n_15
                         LUT3 (Prop_LUT3_I2_O)        0.039     4.618 f  u_core/u_npu/u_engine/u_gelu/u_serial_core/u_exp_from_integer/result[30]_INST_0_i_105/O
                         net (fo=2, unplaced)         0.214     4.832    u_core/u_npu/u_engine/u_gelu/u_serial_core/u_exp_from_integer/result[30]_INST_0_i_105_n_0
                         LUT5 (Prop_LUT5_I4_O)        0.085     4.917 r  u_core/u_npu/u_engine/u_gelu/u_serial_core/u_exp_from_integer/result[30]_INST_0_i_96/O
                         net (fo=1, unplaced)         0.214     5.131    u_core/u_npu/u_engine/u_gelu/u_serial_core/u_exp_from_integer/result[30]_INST_0_i_96_n_0
                         LUT6 (Prop_LUT6_I5_O)        0.039     5.170 r  u_core/u_npu/u_engine/u_gelu/u_serial_core/u_exp_from_integer/result[30]_INST_0_i_72/O
                         net (fo=1, unplaced)         0.018     5.188    u_core/u_npu/u_engine/u_gelu/u_serial_core/u_exp_from_integer/result[30]_INST_0_i_72_n_0
                         CARRY8 (Prop_CARRY8_S[0]_CO[7])
                                                      0.245     5.433 f  u_core/u_npu/u_engine/u_gelu/u_serial_core/u_exp_from_integer/result[30]_INST_0_i_41/CO[7]
                         net (fo=1, unplaced)         0.007     5.440    u_core/u_npu/u_engine/u_gelu/u_serial_core/u_exp_from_integer/result[30]_INST_0_i_41_n_0
                         CARRY8 (Prop_CARRY8_CI_CO[2])
                                                      0.073     5.513 f  u_core/u_npu/u_engine/u_gelu/u_serial_core/u_exp_from_integer/result[30]_INST_0_i_24/CO[2]
                         net (fo=3, unplaced)         0.220     5.733    u_core/u_npu/u_engine/u_gelu/u_serial_core/u_exp_from_integer/result[30]_INST_0_i_24_n_5
                         LUT5 (Prop_LUT5_I4_O)        0.039     5.772 r  u_core/u_npu/u_engine/u_gelu/u_serial_core/u_exp_from_integer/result[22]_INST_0_i_3/O
                         net (fo=23, unplaced)        0.266     6.038    u_core/u_npu/u_engine/u_gelu/u_serial_core/u_exp_from_integer/result[22]_INST_0_i_3_n_0
                         LUT5 (Prop_LUT5_I2_O)        0.039     6.077 f  u_core/u_npu/u_engine/u_gelu/u_serial_core/u_exp_from_integer/result[4]_INST_0_i_1/O
                         net (fo=2, unplaced)         0.214     6.291    u_core/u_npu/u_engine/u_gelu/u_serial_core/u_exp_from_integer/result[4]_INST_0_i_1_n_0
                         LUT3 (Prop_LUT3_I2_O)        0.085     6.376 f  u_core/u_npu/u_engine/u_gelu/u_serial_core/u_exp_from_integer/result[3]_INST_0/O
                         net (fo=1, unplaced)         0.214     6.590    u_core/u_npu/u_engine/u_gelu/u_serial_core/integer_as_fp32[3]
                         LUT6 (Prop_LUT6_I2_O)        0.039     6.629 f  u_core/u_npu/u_engine/u_gelu/u_serial_core/mul_operand_a[3]_INST_0_i_3/O
                         net (fo=1, unplaced)         0.214     6.843    u_core/u_npu/u_engine/u_gelu/u_serial_core/mul_operand_a[3]_INST_0_i_3_n_0
                         LUT5 (Prop_LUT5_I1_O)        0.085     6.928 f  u_core/u_npu/u_engine/u_gelu/u_serial_core/mul_operand_a[3]_INST_0_i_1/O
                         net (fo=1, unplaced)         0.214     7.142    u_core/u_npu/u_engine/u_gelu/u_serial_core/mul_operand_a[3]_INST_0_i_1_n_0
                         LUT6 (Prop_LUT6_I0_O)        0.039     7.181 f  u_core/u_npu/u_engine/u_gelu/u_serial_core/mul_operand_a[3]_INST_0/O
                         net (fo=1, unplaced)         0.214     7.395    u_core/u_npu/u_engine/gelu_mul_operand_a[3]
                         LUT6 (Prop_LUT6_I4_O)        0.039     7.434 f  u_core/u_npu/u_engine/u_engine_shared_multiplier_i_94/O
                         net (fo=1, unplaced)         0.214     7.648    u_core/u_npu/u_engine/u_engine_shared_multiplier_i_94_n_0
                         LUT6 (Prop_LUT6_I5_O)        0.039     7.687 f  u_core/u_npu/u_engine/u_engine_shared_multiplier_i_29/O
                         net (fo=58, unplaced)        0.287     7.974    u_core/u_npu/u_engine/u_engine_shared_multiplier/a[3]
                         LUT2 (Prop_LUT2_I0_O)        0.085     8.059 r  u_core/u_npu/u_engine/u_engine_shared_multiplier/result[7]_INST_0_i_266/O
                         net (fo=1, unplaced)         0.214     8.273    u_core/u_npu/u_engine/u_engine_shared_multiplier/result[7]_INST_0_i_266_n_0
                         LUT6 (Prop_LUT6_I3_O)        0.039     8.312 r  u_core/u_npu/u_engine/u_engine_shared_multiplier/result[7]_INST_0_i_216/O
                         net (fo=1, unplaced)         0.019     8.331    u_core/u_npu/u_engine/u_engine_shared_multiplier/result[7]_INST_0_i_216_n_0
                         CARRY8 (Prop_CARRY8_S[5]_CO[7])
                                                      0.204     8.535 r  u_core/u_npu/u_engine/u_engine_shared_multiplier/result[7]_INST_0_i_164/CO[7]
                         net (fo=1, unplaced)         0.007     8.542    u_core/u_npu/u_engine/u_engine_shared_multiplier/result[7]_INST_0_i_164_n_0
                         CARRY8 (Prop_CARRY8_CI_O[2])
                                                      0.086     8.628 r  u_core/u_npu/u_engine/u_engine_shared_multiplier/result[15]_INST_0_i_117/O[2]
                         net (fo=2, unplaced)         0.214     8.842    u_core/u_npu/u_engine/u_engine_shared_multiplier/result[15]_INST_0_i_117_n_13
                         LUT3 (Prop_LUT3_I0_O)        0.100     8.942 r  u_core/u_npu/u_engine/u_engine_shared_multiplier/result[7]_INST_0_i_145/O
                         net (fo=2, unplaced)         0.214     9.156    u_core/u_npu/u_engine/u_engine_shared_multiplier/result[7]_INST_0_i_145_n_0
                         LUT4 (Prop_LUT4_I3_O)        0.039     9.195 r  u_core/u_npu/u_engine/u_engine_shared_multiplier/result[7]_INST_0_i_153/O
                         net (fo=1, unplaced)         0.019     9.214    u_core/u_npu/u_engine/u_engine_shared_multiplier/result[7]_INST_0_i_153_n_0
                         CARRY8 (Prop_CARRY8_S[5]_CO[7])
                                                      0.204     9.418 r  u_core/u_npu/u_engine/u_engine_shared_multiplier/result[7]_INST_0_i_62/CO[7]
                         net (fo=1, unplaced)         0.007     9.425    u_core/u_npu/u_engine/u_engine_shared_multiplier/result[7]_INST_0_i_62_n_0
                         CARRY8 (Prop_CARRY8_CI_CO[7])
                                                      0.030     9.455 r  u_core/u_npu/u_engine/u_engine_shared_multiplier/result[15]_INST_0_i_36/CO[7]
                         net (fo=1, unplaced)         0.007     9.462    u_core/u_npu/u_engine/u_engine_shared_multiplier/result[15]_INST_0_i_36_n_0
                         CARRY8 (Prop_CARRY8_CI_O[1])
                                                      0.097     9.559 r  u_core/u_npu/u_engine/u_engine_shared_multiplier/result[21]_INST_0_i_31/O[1]
                         net (fo=3, unplaced)         0.218     9.777    u_core/u_npu/u_engine/u_engine_shared_multiplier/result[21]_INST_0_i_31_n_14
                         LUT3 (Prop_LUT3_I2_O)        0.039     9.816 r  u_core/u_npu/u_engine/u_engine_shared_multiplier/result[15]_INST_0_i_32/O
                         net (fo=2, unplaced)         0.214    10.030    u_core/u_npu/u_engine/u_engine_shared_multiplier/result[15]_INST_0_i_32_n_0
                         LUT5 (Prop_LUT5_I1_O)        0.039    10.069 r  u_core/u_npu/u_engine/u_engine_shared_multiplier/result[15]_INST_0_i_15/O
                         net (fo=2, unplaced)         0.214    10.283    u_core/u_npu/u_engine/u_engine_shared_multiplier/result[15]_INST_0_i_15_n_0
                         LUT6 (Prop_LUT6_I0_O)        0.039    10.322 r  u_core/u_npu/u_engine/u_engine_shared_multiplier/result[15]_INST_0_i_23/O
                         net (fo=1, unplaced)         0.017    10.339    u_core/u_npu/u_engine/u_engine_shared_multiplier/result[15]_INST_0_i_23_n_0
                         CARRY8 (Prop_CARRY8_S[3]_CO[7])
                                                      0.202    10.541 r  u_core/u_npu/u_engine/u_engine_shared_multiplier/result[15]_INST_0_i_10/CO[7]
                         net (fo=1, unplaced)         0.007    10.548    u_core/u_npu/u_engine/u_engine_shared_multiplier/result[15]_INST_0_i_10_n_0
                         CARRY8 (Prop_CARRY8_CI_CO[7])
                                                      0.030    10.578 r  u_core/u_npu/u_engine/u_engine_shared_multiplier/result[21]_INST_0_i_11/CO[7]
                         net (fo=1, unplaced)         0.007    10.585    u_core/u_npu/u_engine/u_engine_shared_multiplier/result[21]_INST_0_i_11_n_0
                         CARRY8 (Prop_CARRY8_CI_O[4])
                                                      0.109    10.694 r  u_core/u_npu/u_engine/u_engine_shared_multiplier/result[30]_INST_0_i_70/O[4]
                         net (fo=58, unplaced)        0.285    10.979    u_core/u_npu/u_engine/u_engine_shared_multiplier/p_0_in
                         LUT4 (Prop_LUT4_I1_O)        0.085    11.064 r  u_core/u_npu/u_engine/u_engine_shared_multiplier/result[7]_INST_0_i_39/O
                         net (fo=1, unplaced)         0.214    11.278    u_core/u_npu/u_engine/u_engine_shared_multiplier/result[7]_INST_0_i_39_n_0
                         LUT5 (Prop_LUT5_I4_O)        0.039    11.317 r  u_core/u_npu/u_engine/u_engine_shared_multiplier/result[7]_INST_0_i_15/O
                         net (fo=1, unplaced)         0.214    11.531    u_core/u_npu/u_engine/u_engine_shared_multiplier/result[7]_INST_0_i_15_n_0
                         LUT6 (Prop_LUT6_I4_O)        0.039    11.570 r  u_core/u_npu/u_engine/u_engine_shared_multiplier/result[7]_INST_0_i_10/O
                         net (fo=1, unplaced)         0.018    11.588    u_core/u_npu/u_engine/u_engine_shared_multiplier/result[7]_INST_0_i_10_n_0
                         CARRY8 (Prop_CARRY8_S[0]_CO[7])
                                                      0.245    11.833 r  u_core/u_npu/u_engine/u_engine_shared_multiplier/result[7]_INST_0_i_1/CO[7]
                         net (fo=1, unplaced)         0.007    11.840    u_core/u_npu/u_engine/u_engine_shared_multiplier/result[7]_INST_0_i_1_n_0
                         CARRY8 (Prop_CARRY8_CI_CO[7])
                                                      0.030    11.870 r  u_core/u_npu/u_engine/u_engine_shared_multiplier/result[15]_INST_0_i_1/CO[7]
                         net (fo=1, unplaced)         0.007    11.877    u_core/u_npu/u_engine/u_engine_shared_multiplier/result[15]_INST_0_i_1_n_0
                         CARRY8 (Prop_CARRY8_CI_CO[7])
                                                      0.030    11.907 r  u_core/u_npu/u_engine/u_engine_shared_multiplier/result[21]_INST_0_i_1/CO[7]
                         net (fo=1, unplaced)         0.007    11.914    u_core/u_npu/u_engine/u_engine_shared_multiplier/result[21]_INST_0_i_1_n_0
                         CARRY8 (Prop_CARRY8_CI_CO[0])
                                                      0.068    11.982 r  u_core/u_npu/u_engine/u_engine_shared_multiplier/result[21]_INST_0_i_2/CO[0]
                         net (fo=25, unplaced)        0.268    12.250    u_core/u_npu/u_engine/u_engine_shared_multiplier/result[21]_INST_0_i_2_n_7
                         LUT4 (Prop_LUT4_I3_O)        0.039    12.289 r  u_core/u_npu/u_engine/u_engine_shared_multiplier/result[30]_INST_0_i_36/O
                         net (fo=1, unplaced)         0.018    12.307    u_core/u_npu/u_engine/u_engine_shared_multiplier/result[30]_INST_0_i_36_n_0
                         CARRY8 (Prop_CARRY8_S[0]_CO[7])
                                                      0.245    12.552 r  u_core/u_npu/u_engine/u_engine_shared_multiplier/result[30]_INST_0_i_3/CO[7]
                         net (fo=1, unplaced)         0.007    12.559    u_core/u_npu/u_engine/u_engine_shared_multiplier/result[30]_INST_0_i_3_n_0
                         CARRY8 (Prop_CARRY8_CI_CO[7])
                                                      0.030    12.589 r  u_core/u_npu/u_engine/u_engine_shared_multiplier/result[30]_INST_0_i_72/CO[7]
                         net (fo=1, unplaced)         0.007    12.596    u_core/u_npu/u_engine/u_engine_shared_multiplier/result[30]_INST_0_i_72_n_0
                         CARRY8 (Prop_CARRY8_CI_O[5])
                                                      0.145    12.741 f  u_core/u_npu/u_engine/u_engine_shared_multiplier/result[30]_INST_0_i_51/O[5]
                         net (fo=3, unplaced)         0.168    12.909    u_core/u_npu/u_engine/u_engine_shared_multiplier/exp_result[21]
                         LUT2 (Prop_LUT2_I0_O)        0.127    13.036 f  u_core/u_npu/u_engine/u_engine_shared_multiplier/result[30]_INST_0_i_11/O
                         net (fo=1, unplaced)         0.234    13.270    u_core/u_npu/u_engine/u_engine_shared_multiplier/result[30]_INST_0_i_11_n_0
                         CARRY8 (Prop_CARRY8_DI[1]_CO[6])
                                                      0.214    13.484 f  u_core/u_npu/u_engine/u_engine_shared_multiplier/result[30]_INST_0_i_1/CO[6]
                         net (fo=31, unplaced)        0.216    13.700    u_core/u_npu/u_engine/u_engine_shared_multiplier/result[30]_INST_0_i_1_n_1
                         LUT5 (Prop_LUT5_I4_O)        0.039    13.739 f  u_core/u_npu/u_engine/u_engine_shared_multiplier/result[22]_INST_0_i_1/O
                         net (fo=1, unplaced)         0.214    13.953    u_core/u_npu/u_engine/u_engine_shared_multiplier/result[22]_INST_0_i_1_n_0
                         LUT4 (Prop_LUT4_I1_O)        0.039    13.992 r  u_core/u_npu/u_engine/u_engine_shared_multiplier/result[22]_INST_0/O
                         net (fo=45, unplaced)        0.281    14.273    u_core/u_npu/u_engine/u_vector/external_mul_result[22]
                         LUT6 (Prop_LUT6_I4_O)        0.039    14.312 r  u_core/u_npu/u_engine/u_vector/result_data_reg[310]_i_1/O
                         net (fo=1, unplaced)         0.058    14.370    u_core/u_npu/u_engine/u_vector/result_data_reg[310]_i_1_n_0
                         FDRE                                         r  u_core/u_npu/u_engine/u_vector/result_data_reg_reg[310]/D
  -------------------------------------------------------------------    -------------------

                         (clock aclk rise edge)      20.000    20.000 r  
                                                      0.000    20.000 r  aclk (IN)
                         net (fo=62495, unset)        0.024    20.024    u_core/u_npu/u_engine/u_vector/clk
                         FDRE                                         r  u_core/u_npu/u_engine/u_vector/result_data_reg_reg[310]/C
                         clock pessimism              0.000    20.024    
                         clock uncertainty           -0.235    19.789    
                         FDRE (Setup_FDRE_C_D)        0.027    19.816    u_core/u_npu/u_engine/u_vector/result_data_reg_reg[310]
  -------------------------------------------------------------------
                         required time                         19.816    
                         arrival time                         -14.370    
  -------------------------------------------------------------------
                         slack                                  5.446    

Slack (MET) :             5.446ns  (required time - arrival time)
  Source:                 u_core/u_npu/u_engine/u_gelu/u_serial_core/exp_scaled_reg[27]/C
                            (rising edge-triggered cell FDRE clocked by aclk  {rise@0.000ns fall@10.000ns period=20.000ns})
  Destination:            u_core/u_npu/u_engine/u_vector/result_data_reg_reg[342]/D
                            (rising edge-triggered cell FDRE clocked by aclk  {rise@0.000ns fall@10.000ns period=20.000ns})
  Path Group:             aclk
  Path Type:              Setup (Max at Slow Process Corner)
  Requirement:            20.000ns  (aclk rise@20.000ns - aclk rise@0.000ns)
  Data Path Delay:        14.335ns  (logic 5.030ns (35.089%)  route 9.305ns (64.911%))
  Logic Levels:           59  (CARRY8=21 LUT2=3 LUT3=8 LUT4=6 LUT5=8 LUT6=13)
  Clock Path Skew:        -0.011ns (DCD - SCD + CPR)
    Destination Clock Delay (DCD):    0.024ns = ( 20.024 - 20.000 ) 
    Source Clock Delay      (SCD):    0.035ns
    Clock Pessimism Removal (CPR):    0.000ns
  Clock Uncertainty:      0.235ns  ((TSJ^2 + TIJ^2)^1/2 + DJ) / 2 + PE + UU
    Total System Jitter     (TSJ):    0.071ns
    Total Input Jitter      (TIJ):    0.000ns
    Discrete Jitter          (DJ):    0.000ns
    Phase Error              (PE):    0.000ns
    User Uncertainty         (UU):    0.200ns

    Location             Delay type                Incr(ns)  Path(ns)    Netlist Resource(s)
  -------------------------------------------------------------------    -------------------
                         (clock aclk rise edge)       0.000     0.000 r  
                                                      0.000     0.000 r  aclk (IN)
                         net (fo=62495, unset)        0.035     0.035    u_core/u_npu/u_engine/u_gelu/u_serial_core/clk
                         FDRE                                         r  u_core/u_npu/u_engine/u_gelu/u_serial_core/exp_scaled_reg[27]/C
  -------------------------------------------------------------------    -------------------
                         FDRE (Prop_FDRE_C_Q)         0.096     0.131 f  u_core/u_npu/u_engine/u_gelu/u_serial_core/exp_scaled_reg[27]/Q
                         net (fo=15, unplaced)        0.219     0.350    u_core/u_npu/u_engine/u_gelu/u_serial_core/u_exp_to_integer/value[27]
                         LUT6 (Prop_LUT6_I0_O)        0.178     0.528 r  u_core/u_npu/u_engine/u_gelu/u_serial_core/u_exp_to_integer/result[31]_INST_0_i_8/O
                         net (fo=78, unplaced)        0.294     0.822    u_core/u_npu/u_engine/u_gelu/u_serial_core/u_exp_to_integer/result[31]_INST_0_i_8_n_0
                         LUT3 (Prop_LUT3_I1_O)        0.083     0.905 r  u_core/u_npu/u_engine/u_gelu/u_serial_core/u_exp_to_integer/result[31]_INST_0_i_66/O
                         net (fo=1, unplaced)         0.232     1.137    u_core/u_npu/u_engine/u_gelu/u_serial_core/u_exp_to_integer/result[31]_INST_0_i_66_n_0
                         CARRY8 (Prop_CARRY8_DI[2]_CO[7])
                                                      0.142     1.279 r  u_core/u_npu/u_engine/u_gelu/u_serial_core/u_exp_to_integer/result[31]_INST_0_i_31/CO[7]
                         net (fo=1, unplaced)         0.007     1.286    u_core/u_npu/u_engine/u_gelu/u_serial_core/u_exp_to_integer/result[31]_INST_0_i_31_n_0
                         CARRY8 (Prop_CARRY8_CI_CO[6])
                                                      0.116     1.402 r  u_core/u_npu/u_engine/u_gelu/u_serial_core/u_exp_to_integer/result[31]_INST_0_i_9/CO[6]
                         net (fo=17, unplaced)        0.202     1.604    u_core/u_npu/u_engine/u_gelu/u_serial_core/u_exp_to_integer/result[31]_INST_0_i_9_n_1
                         LUT6 (Prop_LUT6_I1_O)        0.039     1.643 r  u_core/u_npu/u_engine/u_gelu/u_serial_core/u_exp_to_integer/result[30]_INST_0_i_5/O
                         net (fo=36, unplaced)        0.276     1.919    u_core/u_npu/u_engine/u_gelu/u_serial_core/u_exp_to_integer/result[30]_INST_0_i_5_n_0
                         LUT3 (Prop_LUT3_I2_O)        0.085     2.004 r  u_core/u_npu/u_engine/u_gelu/u_serial_core/u_exp_to_integer/result[28]_INST_0_i_7/O
                         net (fo=1, unplaced)         0.214     2.218    u_core/u_npu/u_engine/u_gelu/u_serial_core/u_exp_to_integer/result[28]_INST_0_i_7_n_0
                         LUT6 (Prop_LUT6_I4_O)        0.039     2.257 r  u_core/u_npu/u_engine/u_gelu/u_serial_core/u_exp_to_integer/result[28]_INST_0_i_1/O
                         net (fo=1, unplaced)         0.214     2.471    u_core/u_npu/u_engine/u_gelu/u_serial_core/u_exp_to_integer/result[28]_INST_0_i_1_n_0
                         LUT6 (Prop_LUT6_I0_O)        0.039     2.510 r  u_core/u_npu/u_engine/u_gelu/u_serial_core/u_exp_to_integer/result[28]_INST_0/O
                         net (fo=3, unplaced)         0.162     2.672    u_core/u_npu/u_engine/u_gelu/u_serial_core/exp_scale_integer_comb[28]
                         LUT4 (Prop_LUT4_I1_O)        0.064     2.736 r  u_core/u_npu/u_engine/u_gelu/u_serial_core/u_exp_from_integer_i_4/O
                         net (fo=12, unplaced)        0.198     2.934    u_core/u_npu/u_engine/u_gelu/u_serial_core/u_exp_from_integer/value[28]
                         LUT4 (Prop_LUT4_I0_O)        0.115     3.049 f  u_core/u_npu/u_engine/u_gelu/u_serial_core/u_exp_from_integer/result[30]_INST_0_i_11/O
                         net (fo=2, unplaced)         0.214     3.263    u_core/u_npu/u_engine/u_gelu/u_serial_core/u_exp_from_integer/result[30]_INST_0_i_11_n_0
                         LUT5 (Prop_LUT5_I0_O)        0.039     3.302 f  u_core/u_npu/u_engine/u_gelu/u_serial_core/u_exp_from_integer/result[30]_INST_0_i_27/O
                         net (fo=45, unplaced)        0.226     3.528    u_core/u_npu/u_engine/u_gelu/u_serial_core/u_exp_from_integer/result[30]_INST_0_i_27_n_0
                         LUT3 (Prop_LUT3_I2_O)        0.100     3.628 r  u_core/u_npu/u_engine/u_gelu/u_serial_core/u_exp_from_integer/result[30]_INST_0_i_5/O
                         net (fo=21, unplaced)        0.264     3.892    u_core/u_npu/u_engine/u_gelu/u_serial_core/u_exp_from_integer/result[30]_INST_0_i_5_n_0
                         LUT3 (Prop_LUT3_I2_O)        0.039     3.931 f  u_core/u_npu/u_engine/u_gelu/u_serial_core/u_exp_from_integer/result[22]_INST_0_i_45/O
                         net (fo=16, unplaced)        0.258     4.189    u_core/u_npu/u_engine/u_gelu/u_serial_core/u_exp_from_integer/result[22]_INST_0_i_45_n_0
                         LUT2 (Prop_LUT2_I1_O)        0.039     4.228 r  u_core/u_npu/u_engine/u_gelu/u_serial_core/u_exp_from_integer/result[30]_INST_0_i_106/O
                         net (fo=1, unplaced)         0.000     4.228    u_core/u_npu/u_engine/u_gelu/u_serial_core/u_exp_from_integer/rounded_mantissa5[0]
                         CARRY8 (Prop_CARRY8_CI_O[0])
                                                      0.137     4.365 r  u_core/u_npu/u_engine/u_gelu/u_serial_core/u_exp_from_integer/result[30]_INST_0_i_93/O[0]
                         net (fo=2, unplaced)         0.214     4.579    u_core/u_npu/u_engine/u_gelu/u_serial_core/u_exp_from_integer/result[30]_INST_0_i_93_n_15
                         LUT3 (Prop_LUT3_I2_O)        0.039     4.618 f  u_core/u_npu/u_engine/u_gelu/u_serial_core/u_exp_from_integer/result[30]_INST_0_i_105/O
                         net (fo=2, unplaced)         0.214     4.832    u_core/u_npu/u_engine/u_gelu/u_serial_core/u_exp_from_integer/result[30]_INST_0_i_105_n_0
                         LUT5 (Prop_LUT5_I4_O)        0.085     4.917 r  u_core/u_npu/u_engine/u_gelu/u_serial_core/u_exp_from_integer/result[30]_INST_0_i_96/O
                         net (fo=1, unplaced)         0.214     5.131    u_core/u_npu/u_engine/u_gelu/u_serial_core/u_exp_from_integer/result[30]_INST_0_i_96_n_0
                         LUT6 (Prop_LUT6_I5_O)        0.039     5.170 r  u_core/u_npu/u_engine/u_gelu/u_serial_core/u_exp_from_integer/result[30]_INST_0_i_72/O
                         net (fo=1, unplaced)         0.018     5.188    u_core/u_npu/u_engine/u_gelu/u_serial_core/u_exp_from_integer/result[30]_INST_0_i_72_n_0
                         CARRY8 (Prop_CARRY8_S[0]_CO[7])
                                                      0.245     5.433 f  u_core/u_npu/u_engine/u_gelu/u_serial_core/u_exp_from_integer/result[30]_INST_0_i_41/CO[7]
                         net (fo=1, unplaced)         0.007     5.440    u_core/u_npu/u_engine/u_gelu/u_serial_core/u_exp_from_integer/result[30]_INST_0_i_41_n_0
                         CARRY8 (Prop_CARRY8_CI_CO[2])
                                                      0.073     5.513 f  u_core/u_npu/u_engine/u_gelu/u_serial_core/u_exp_from_integer/result[30]_INST_0_i_24/CO[2]
                         net (fo=3, unplaced)         0.220     5.733    u_core/u_npu/u_engine/u_gelu/u_serial_core/u_exp_from_integer/result[30]_INST_0_i_24_n_5
                         LUT5 (Prop_LUT5_I4_O)        0.039     5.772 r  u_core/u_npu/u_engine/u_gelu/u_serial_core/u_exp_from_integer/result[22]_INST_0_i_3/O
                         net (fo=23, unplaced)        0.266     6.038    u_core/u_npu/u_engine/u_gelu/u_serial_core/u_exp_from_integer/result[22]_INST_0_i_3_n_0
                         LUT5 (Prop_LUT5_I2_O)        0.039     6.077 f  u_core/u_npu/u_engine/u_gelu/u_serial_core/u_exp_from_integer/result[4]_INST_0_i_1/O
                         net (fo=2, unplaced)         0.214     6.291    u_core/u_npu/u_engine/u_gelu/u_serial_core/u_exp_from_integer/result[4]_INST_0_i_1_n_0
                         LUT3 (Prop_LUT3_I2_O)        0.085     6.376 f  u_core/u_npu/u_engine/u_gelu/u_serial_core/u_exp_from_integer/result[3]_INST_0/O
                         net (fo=1, unplaced)         0.214     6.590    u_core/u_npu/u_engine/u_gelu/u_serial_core/integer_as_fp32[3]
                         LUT6 (Prop_LUT6_I2_O)        0.039     6.629 f  u_core/u_npu/u_engine/u_gelu/u_serial_core/mul_operand_a[3]_INST_0_i_3/O
                         net (fo=1, unplaced)         0.214     6.843    u_core/u_npu/u_engine/u_gelu/u_serial_core/mul_operand_a[3]_INST_0_i_3_n_0
                         LUT5 (Prop_LUT5_I1_O)        0.085     6.928 f  u_core/u_npu/u_engine/u_gelu/u_serial_core/mul_operand_a[3]_INST_0_i_1/O
                         net (fo=1, unplaced)         0.214     7.142    u_core/u_npu/u_engine/u_gelu/u_serial_core/mul_operand_a[3]_INST_0_i_1_n_0
                         LUT6 (Prop_LUT6_I0_O)        0.039     7.181 f  u_core/u_npu/u_engine/u_gelu/u_serial_core/mul_operand_a[3]_INST_0/O
                         net (fo=1, unplaced)         0.214     7.395    u_core/u_npu/u_engine/gelu_mul_operand_a[3]
                         LUT6 (Prop_LUT6_I4_O)        0.039     7.434 f  u_core/u_npu/u_engine/u_engine_shared_multiplier_i_94/O
                         net (fo=1, unplaced)         0.214     7.648    u_core/u_npu/u_engine/u_engine_shared_multiplier_i_94_n_0
                         LUT6 (Prop_LUT6_I5_O)        0.039     7.687 f  u_core/u_npu/u_engine/u_engine_shared_multiplier_i_29/O
                         net (fo=58, unplaced)        0.287     7.974    u_core/u_npu/u_engine/u_engine_shared_multiplier/a[3]
                         LUT2 (Prop_LUT2_I0_O)        0.085     8.059 r  u_core/u_npu/u_engine/u_engine_shared_multiplier/result[7]_INST_0_i_266/O
                         net (fo=1, unplaced)         0.214     8.273    u_core/u_npu/u_engine/u_engine_shared_multiplier/result[7]_INST_0_i_266_n_0
                         LUT6 (Prop_LUT6_I3_O)        0.039     8.312 r  u_core/u_npu/u_engine/u_engine_shared_multiplier/result[7]_INST_0_i_216/O
                         net (fo=1, unplaced)         0.019     8.331    u_core/u_npu/u_engine/u_engine_shared_multiplier/result[7]_INST_0_i_216_n_0
                         CARRY8 (Prop_CARRY8_S[5]_CO[7])
                                                      0.204     8.535 r  u_core/u_npu/u_engine/u_engine_shared_multiplier/result[7]_INST_0_i_164/CO[7]
                         net (fo=1, unplaced)         0.007     8.542    u_core/u_npu/u_engine/u_engine_shared_multiplier/result[7]_INST_0_i_164_n_0
                         CARRY8 (Prop_CARRY8_CI_O[2])
                                                      0.086     8.628 r  u_core/u_npu/u_engine/u_engine_shared_multiplier/result[15]_INST_0_i_117/O[2]
                         net (fo=2, unplaced)         0.214     8.842    u_core/u_npu/u_engine/u_engine_shared_multiplier/result[15]_INST_0_i_117_n_13
                         LUT3 (Prop_LUT3_I0_O)        0.100     8.942 r  u_core/u_npu/u_engine/u_engine_shared_multiplier/result[7]_INST_0_i_145/O
                         net (fo=2, unplaced)         0.214     9.156    u_core/u_npu/u_engine/u_engine_shared_multiplier/result[7]_INST_0_i_145_n_0
                         LUT4 (Prop_LUT4_I3_O)        0.039     9.195 r  u_core/u_npu/u_engine/u_engine_shared_multiplier/result[7]_INST_0_i_153/O
                         net (fo=1, unplaced)         0.019     9.214    u_core/u_npu/u_engine/u_engine_shared_multiplier/result[7]_INST_0_i_153_n_0
                         CARRY8 (Prop_CARRY8_S[5]_CO[7])
                                                      0.204     9.418 r  u_core/u_npu/u_engine/u_engine_shared_multiplier/result[7]_INST_0_i_62/CO[7]
                         net (fo=1, unplaced)         0.007     9.425    u_core/u_npu/u_engine/u_engine_shared_multiplier/result[7]_INST_0_i_62_n_0
                         CARRY8 (Prop_CARRY8_CI_CO[7])
                                                      0.030     9.455 r  u_core/u_npu/u_engine/u_engine_shared_multiplier/result[15]_INST_0_i_36/CO[7]
                         net (fo=1, unplaced)         0.007     9.462    u_core/u_npu/u_engine/u_engine_shared_multiplier/result[15]_INST_0_i_36_n_0
                         CARRY8 (Prop_CARRY8_CI_O[1])
                                                      0.097     9.559 r  u_core/u_npu/u_engine/u_engine_shared_multiplier/result[21]_INST_0_i_31/O[1]
                         net (fo=3, unplaced)         0.218     9.777    u_core/u_npu/u_engine/u_engine_shared_multiplier/result[21]_INST_0_i_31_n_14
                         LUT3 (Prop_LUT3_I2_O)        0.039     9.816 r  u_core/u_npu/u_engine/u_engine_shared_multiplier/result[15]_INST_0_i_32/O
                         net (fo=2, unplaced)         0.214    10.030    u_core/u_npu/u_engine/u_engine_shared_multiplier/result[15]_INST_0_i_32_n_0
                         LUT5 (Prop_LUT5_I1_O)        0.039    10.069 r  u_core/u_npu/u_engine/u_engine_shared_multiplier/result[15]_INST_0_i_15/O
                         net (fo=2, unplaced)         0.214    10.283    u_core/u_npu/u_engine/u_engine_shared_multiplier/result[15]_INST_0_i_15_n_0
                         LUT6 (Prop_LUT6_I0_O)        0.039    10.322 r  u_core/u_npu/u_engine/u_engine_shared_multiplier/result[15]_INST_0_i_23/O
                         net (fo=1, unplaced)         0.017    10.339    u_core/u_npu/u_engine/u_engine_shared_multiplier/result[15]_INST_0_i_23_n_0
                         CARRY8 (Prop_CARRY8_S[3]_CO[7])
                                                      0.202    10.541 r  u_core/u_npu/u_engine/u_engine_shared_multiplier/result[15]_INST_0_i_10/CO[7]
                         net (fo=1, unplaced)         0.007    10.548    u_core/u_npu/u_engine/u_engine_shared_multiplier/result[15]_INST_0_i_10_n_0
                         CARRY8 (Prop_CARRY8_CI_CO[7])
                                                      0.030    10.578 r  u_core/u_npu/u_engine/u_engine_shared_multiplier/result[21]_INST_0_i_11/CO[7]
                         net (fo=1, unplaced)         0.007    10.585    u_core/u_npu/u_engine/u_engine_shared_multiplier/result[21]_INST_0_i_11_n_0
                         CARRY8 (Prop_CARRY8_CI_O[4])
                                                      0.109    10.694 r  u_core/u_npu/u_engine/u_engine_shared_multiplier/result[30]_INST_0_i_70/O[4]
                         net (fo=58, unplaced)        0.285    10.979    u_core/u_npu/u_engine/u_engine_shared_multiplier/p_0_in
                         LUT4 (Prop_LUT4_I1_O)        0.085    11.064 r  u_core/u_npu/u_engine/u_engine_shared_multiplier/result[7]_INST_0_i_39/O
                         net (fo=1, unplaced)         0.214    11.278    u_core/u_npu/u_engine/u_engine_shared_multiplier/result[7]_INST_0_i_39_n_0
                         LUT5 (Prop_LUT5_I4_O)        0.039    11.317 r  u_core/u_npu/u_engine/u_engine_shared_multiplier/result[7]_INST_0_i_15/O
                         net (fo=1, unplaced)         0.214    11.531    u_core/u_npu/u_engine/u_engine_shared_multiplier/result[7]_INST_0_i_15_n_0
                         LUT6 (Prop_LUT6_I4_O)        0.039    11.570 r  u_core/u_npu/u_engine/u_engine_shared_multiplier/result[7]_INST_0_i_10/O
                         net (fo=1, unplaced)         0.018    11.588    u_core/u_npu/u_engine/u_engine_shared_multiplier/result[7]_INST_0_i_10_n_0
                         CARRY8 (Prop_CARRY8_S[0]_CO[7])
                                                      0.245    11.833 r  u_core/u_npu/u_engine/u_engine_shared_multiplier/result[7]_INST_0_i_1/CO[7]
                         net (fo=1, unplaced)         0.007    11.840    u_core/u_npu/u_engine/u_engine_shared_multiplier/result[7]_INST_0_i_1_n_0
                         CARRY8 (Prop_CARRY8_CI_CO[7])
                                                      0.030    11.870 r  u_core/u_npu/u_engine/u_engine_shared_multiplier/result[15]_INST_0_i_1/CO[7]
                         net (fo=1, unplaced)         0.007    11.877    u_core/u_npu/u_engine/u_engine_shared_multiplier/result[15]_INST_0_i_1_n_0
                         CARRY8 (Prop_CARRY8_CI_CO[7])
                                                      0.030    11.907 r  u_core/u_npu/u_engine/u_engine_shared_multiplier/result[21]_INST_0_i_1/CO[7]
                         net (fo=1, unplaced)         0.007    11.914    u_core/u_npu/u_engine/u_engine_shared_multiplier/result[21]_INST_0_i_1_n_0
                         CARRY8 (Prop_CARRY8_CI_CO[0])
                                                      0.068    11.982 r  u_core/u_npu/u_engine/u_engine_shared_multiplier/result[21]_INST_0_i_2/CO[0]
                         net (fo=25, unplaced)        0.268    12.250    u_core/u_npu/u_engine/u_engine_shared_multiplier/result[21]_INST_0_i_2_n_7
                         LUT4 (Prop_LUT4_I3_O)        0.039    12.289 r  u_core/u_npu/u_engine/u_engine_shared_multiplier/result[30]_INST_0_i_36/O
                         net (fo=1, unplaced)         0.018    12.307    u_core/u_npu/u_engine/u_engine_shared_multiplier/result[30]_INST_0_i_36_n_0
                         CARRY8 (Prop_CARRY8_S[0]_CO[7])
                                                      0.245    12.552 r  u_core/u_npu/u_engine/u_engine_shared_multiplier/result[30]_INST_0_i_3/CO[7]
                         net (fo=1, unplaced)         0.007    12.559    u_core/u_npu/u_engine/u_engine_shared_multiplier/result[30]_INST_0_i_3_n_0
                         CARRY8 (Prop_CARRY8_CI_CO[7])
                                                      0.030    12.589 r  u_core/u_npu/u_engine/u_engine_shared_multiplier/result[30]_INST_0_i_72/CO[7]
                         net (fo=1, unplaced)         0.007    12.596    u_core/u_npu/u_engine/u_engine_shared_multiplier/result[30]_INST_0_i_72_n_0
                         CARRY8 (Prop_CARRY8_CI_O[5])
                                                      0.145    12.741 f  u_core/u_npu/u_engine/u_engine_shared_multiplier/result[30]_INST_0_i_51/O[5]
                         net (fo=3, unplaced)         0.168    12.909    u_core/u_npu/u_engine/u_engine_shared_multiplier/exp_result[21]
                         LUT2 (Prop_LUT2_I0_O)        0.127    13.036 f  u_core/u_npu/u_engine/u_engine_shared_multiplier/result[30]_INST_0_i_11/O
                         net (fo=1, unplaced)         0.234    13.270    u_core/u_npu/u_engine/u_engine_shared_multiplier/result[30]_INST_0_i_11_n_0
                         CARRY8 (Prop_CARRY8_DI[1]_CO[6])
                                                      0.214    13.484 f  u_core/u_npu/u_engine/u_engine_shared_multiplier/result[30]_INST_0_i_1/CO[6]
                         net (fo=31, unplaced)        0.216    13.700    u_core/u_npu/u_engine/u_engine_shared_multiplier/result[30]_INST_0_i_1_n_1
                         LUT5 (Prop_LUT5_I4_O)        0.039    13.739 f  u_core/u_npu/u_engine/u_engine_shared_multiplier/result[22]_INST_0_i_1/O
                         net (fo=1, unplaced)         0.214    13.953    u_core/u_npu/u_engine/u_engine_shared_multiplier/result[22]_INST_0_i_1_n_0
                         LUT4 (Prop_LUT4_I1_O)        0.039    13.992 r  u_core/u_npu/u_engine/u_engine_shared_multiplier/result[22]_INST_0/O
                         net (fo=45, unplaced)        0.281    14.273    u_core/u_npu/u_engine/u_vector/external_mul_result[22]
                         LUT6 (Prop_LUT6_I4_O)        0.039    14.312 r  u_core/u_npu/u_engine/u_vector/result_data_reg[342]_i_1/O
                         net (fo=1, unplaced)         0.058    14.370    u_core/u_npu/u_engine/u_vector/result_data_reg[342]_i_1_n_0
                         FDRE                                         r  u_core/u_npu/u_engine/u_vector/result_data_reg_reg[342]/D
  -------------------------------------------------------------------    -------------------

                         (clock aclk rise edge)      20.000    20.000 r  
                                                      0.000    20.000 r  aclk (IN)
                         net (fo=62495, unset)        0.024    20.024    u_core/u_npu/u_engine/u_vector/clk
                         FDRE                                         r  u_core/u_npu/u_engine/u_vector/result_data_reg_reg[342]/C
                         clock pessimism              0.000    20.024    
                         clock uncertainty           -0.235    19.789    
                         FDRE (Setup_FDRE_C_D)        0.027    19.816    u_core/u_npu/u_engine/u_vector/result_data_reg_reg[342]
  -------------------------------------------------------------------
                         required time                         19.816    
                         arrival time                         -14.370    
  -------------------------------------------------------------------
                         slack                                  5.446    

Slack (MET) :             5.446ns  (required time - arrival time)
  Source:                 u_core/u_npu/u_engine/u_gelu/u_serial_core/exp_scaled_reg[27]/C
                            (rising edge-triggered cell FDRE clocked by aclk  {rise@0.000ns fall@10.000ns period=20.000ns})
  Destination:            u_core/u_npu/u_engine/u_vector/result_data_reg_reg[374]/D
                            (rising edge-triggered cell FDRE clocked by aclk  {rise@0.000ns fall@10.000ns period=20.000ns})
  Path Group:             aclk
  Path Type:              Setup (Max at Slow Process Corner)
  Requirement:            20.000ns  (aclk rise@20.000ns - aclk rise@0.000ns)
  Data Path Delay:        14.335ns  (logic 5.030ns (35.089%)  route 9.305ns (64.911%))
  Logic Levels:           59  (CARRY8=21 LUT2=3 LUT3=8 LUT4=6 LUT5=8 LUT6=13)
  Clock Path Skew:        -0.011ns (DCD - SCD + CPR)
    Destination Clock Delay (DCD):    0.024ns = ( 20.024 - 20.000 ) 
    Source Clock Delay      (SCD):    0.035ns
    Clock Pessimism Removal (CPR):    0.000ns
  Clock Uncertainty:      0.235ns  ((TSJ^2 + TIJ^2)^1/2 + DJ) / 2 + PE + UU
    Total System Jitter     (TSJ):    0.071ns
    Total Input Jitter      (TIJ):    0.000ns
    Discrete Jitter          (DJ):    0.000ns
    Phase Error              (PE):    0.000ns
    User Uncertainty         (UU):    0.200ns

    Location             Delay type                Incr(ns)  Path(ns)    Netlist Resource(s)
  -------------------------------------------------------------------    -------------------
                         (clock aclk rise edge)       0.000     0.000 r  
                                                      0.000     0.000 r  aclk (IN)
                         net (fo=62495, unset)        0.035     0.035    u_core/u_npu/u_engine/u_gelu/u_serial_core/clk
                         FDRE                                         r  u_core/u_npu/u_engine/u_gelu/u_serial_core/exp_scaled_reg[27]/C
  -------------------------------------------------------------------    -------------------
                         FDRE (Prop_FDRE_C_Q)         0.096     0.131 f  u_core/u_npu/u_engine/u_gelu/u_serial_core/exp_scaled_reg[27]/Q
                         net (fo=15, unplaced)        0.219     0.350    u_core/u_npu/u_engine/u_gelu/u_serial_core/u_exp_to_integer/value[27]
                         LUT6 (Prop_LUT6_I0_O)        0.178     0.528 r  u_core/u_npu/u_engine/u_gelu/u_serial_core/u_exp_to_integer/result[31]_INST_0_i_8/O
                         net (fo=78, unplaced)        0.294     0.822    u_core/u_npu/u_engine/u_gelu/u_serial_core/u_exp_to_integer/result[31]_INST_0_i_8_n_0
                         LUT3 (Prop_LUT3_I1_O)        0.083     0.905 r  u_core/u_npu/u_engine/u_gelu/u_serial_core/u_exp_to_integer/result[31]_INST_0_i_66/O
                         net (fo=1, unplaced)         0.232     1.137    u_core/u_npu/u_engine/u_gelu/u_serial_core/u_exp_to_integer/result[31]_INST_0_i_66_n_0
                         CARRY8 (Prop_CARRY8_DI[2]_CO[7])
                                                      0.142     1.279 r  u_core/u_npu/u_engine/u_gelu/u_serial_core/u_exp_to_integer/result[31]_INST_0_i_31/CO[7]
                         net (fo=1, unplaced)         0.007     1.286    u_core/u_npu/u_engine/u_gelu/u_serial_core/u_exp_to_integer/result[31]_INST_0_i_31_n_0
                         CARRY8 (Prop_CARRY8_CI_CO[6])
                                                      0.116     1.402 r  u_core/u_npu/u_engine/u_gelu/u_serial_core/u_exp_to_integer/result[31]_INST_0_i_9/CO[6]
                         net (fo=17, unplaced)        0.202     1.604    u_core/u_npu/u_engine/u_gelu/u_serial_core/u_exp_to_integer/result[31]_INST_0_i_9_n_1
                         LUT6 (Prop_LUT6_I1_O)        0.039     1.643 r  u_core/u_npu/u_engine/u_gelu/u_serial_core/u_exp_to_integer/result[30]_INST_0_i_5/O
                         net (fo=36, unplaced)        0.276     1.919    u_core/u_npu/u_engine/u_gelu/u_serial_core/u_exp_to_integer/result[30]_INST_0_i_5_n_0
                         LUT3 (Prop_LUT3_I2_O)        0.085     2.004 r  u_core/u_npu/u_engine/u_gelu/u_serial_core/u_exp_to_integer/result[28]_INST_0_i_7/O
                         net (fo=1, unplaced)         0.214     2.218    u_core/u_npu/u_engine/u_gelu/u_serial_core/u_exp_to_integer/result[28]_INST_0_i_7_n_0
                         LUT6 (Prop_LUT6_I4_O)        0.039     2.257 r  u_core/u_npu/u_engine/u_gelu/u_serial_core/u_exp_to_integer/result[28]_INST_0_i_1/O
                         net (fo=1, unplaced)         0.214     2.471    u_core/u_npu/u_engine/u_gelu/u_serial_core/u_exp_to_integer/result[28]_INST_0_i_1_n_0
                         LUT6 (Prop_LUT6_I0_O)        0.039     2.510 r  u_core/u_npu/u_engine/u_gelu/u_serial_core/u_exp_to_integer/result[28]_INST_0/O
                         net (fo=3, unplaced)         0.162     2.672    u_core/u_npu/u_engine/u_gelu/u_serial_core/exp_scale_integer_comb[28]
                         LUT4 (Prop_LUT4_I1_O)        0.064     2.736 r  u_core/u_npu/u_engine/u_gelu/u_serial_core/u_exp_from_integer_i_4/O
                         net (fo=12, unplaced)        0.198     2.934    u_core/u_npu/u_engine/u_gelu/u_serial_core/u_exp_from_integer/value[28]
                         LUT4 (Prop_LUT4_I0_O)        0.115     3.049 f  u_core/u_npu/u_engine/u_gelu/u_serial_core/u_exp_from_integer/result[30]_INST_0_i_11/O
                         net (fo=2, unplaced)         0.214     3.263    u_core/u_npu/u_engine/u_gelu/u_serial_core/u_exp_from_integer/result[30]_INST_0_i_11_n_0
                         LUT5 (Prop_LUT5_I0_O)        0.039     3.302 f  u_core/u_npu/u_engine/u_gelu/u_serial_core/u_exp_from_integer/result[30]_INST_0_i_27/O
                         net (fo=45, unplaced)        0.226     3.528    u_core/u_npu/u_engine/u_gelu/u_serial_core/u_exp_from_integer/result[30]_INST_0_i_27_n_0
                         LUT3 (Prop_LUT3_I2_O)        0.100     3.628 r  u_core/u_npu/u_engine/u_gelu/u_serial_core/u_exp_from_integer/result[30]_INST_0_i_5/O
                         net (fo=21, unplaced)        0.264     3.892    u_core/u_npu/u_engine/u_gelu/u_serial_core/u_exp_from_integer/result[30]_INST_0_i_5_n_0
                         LUT3 (Prop_LUT3_I2_O)        0.039     3.931 f  u_core/u_npu/u_engine/u_gelu/u_serial_core/u_exp_from_integer/result[22]_INST_0_i_45/O
                         net (fo=16, unplaced)        0.258     4.189    u_core/u_npu/u_engine/u_gelu/u_serial_core/u_exp_from_integer/result[22]_INST_0_i_45_n_0
                         LUT2 (Prop_LUT2_I1_O)        0.039     4.228 r  u_core/u_npu/u_engine/u_gelu/u_serial_core/u_exp_from_integer/result[30]_INST_0_i_106/O
                         net (fo=1, unplaced)         0.000     4.228    u_core/u_npu/u_engine/u_gelu/u_serial_core/u_exp_from_integer/rounded_mantissa5[0]
                         CARRY8 (Prop_CARRY8_CI_O[0])
                                                      0.137     4.365 r  u_core/u_npu/u_engine/u_gelu/u_serial_core/u_exp_from_integer/result[30]_INST_0_i_93/O[0]
                         net (fo=2, unplaced)         0.214     4.579    u_core/u_npu/u_engine/u_gelu/u_serial_core/u_exp_from_integer/result[30]_INST_0_i_93_n_15
                         LUT3 (Prop_LUT3_I2_O)        0.039     4.618 f  u_core/u_npu/u_engine/u_gelu/u_serial_core/u_exp_from_integer/result[30]_INST_0_i_105/O
                         net (fo=2, unplaced)         0.214     4.832    u_core/u_npu/u_engine/u_gelu/u_serial_core/u_exp_from_integer/result[30]_INST_0_i_105_n_0
                         LUT5 (Prop_LUT5_I4_O)        0.085     4.917 r  u_core/u_npu/u_engine/u_gelu/u_serial_core/u_exp_from_integer/result[30]_INST_0_i_96/O
                         net (fo=1, unplaced)         0.214     5.131    u_core/u_npu/u_engine/u_gelu/u_serial_core/u_exp_from_integer/result[30]_INST_0_i_96_n_0
                         LUT6 (Prop_LUT6_I5_O)        0.039     5.170 r  u_core/u_npu/u_engine/u_gelu/u_serial_core/u_exp_from_integer/result[30]_INST_0_i_72/O
                         net (fo=1, unplaced)         0.018     5.188    u_core/u_npu/u_engine/u_gelu/u_serial_core/u_exp_from_integer/result[30]_INST_0_i_72_n_0
                         CARRY8 (Prop_CARRY8_S[0]_CO[7])
                                                      0.245     5.433 f  u_core/u_npu/u_engine/u_gelu/u_serial_core/u_exp_from_integer/result[30]_INST_0_i_41/CO[7]
                         net (fo=1, unplaced)         0.007     5.440    u_core/u_npu/u_engine/u_gelu/u_serial_core/u_exp_from_integer/result[30]_INST_0_i_41_n_0
                         CARRY8 (Prop_CARRY8_CI_CO[2])
                                                      0.073     5.513 f  u_core/u_npu/u_engine/u_gelu/u_serial_core/u_exp_from_integer/result[30]_INST_0_i_24/CO[2]
                         net (fo=3, unplaced)         0.220     5.733    u_core/u_npu/u_engine/u_gelu/u_serial_core/u_exp_from_integer/result[30]_INST_0_i_24_n_5
                         LUT5 (Prop_LUT5_I4_O)        0.039     5.772 r  u_core/u_npu/u_engine/u_gelu/u_serial_core/u_exp_from_integer/result[22]_INST_0_i_3/O
                         net (fo=23, unplaced)        0.266     6.038    u_core/u_npu/u_engine/u_gelu/u_serial_core/u_exp_from_integer/result[22]_INST_0_i_3_n_0
                         LUT5 (Prop_LUT5_I2_O)        0.039     6.077 f  u_core/u_npu/u_engine/u_gelu/u_serial_core/u_exp_from_integer/result[4]_INST_0_i_1/O
                         net (fo=2, unplaced)         0.214     6.291    u_core/u_npu/u_engine/u_gelu/u_serial_core/u_exp_from_integer/result[4]_INST_0_i_1_n_0
                         LUT3 (Prop_LUT3_I2_O)        0.085     6.376 f  u_core/u_npu/u_engine/u_gelu/u_serial_core/u_exp_from_integer/result[3]_INST_0/O
                         net (fo=1, unplaced)         0.214     6.590    u_core/u_npu/u_engine/u_gelu/u_serial_core/integer_as_fp32[3]
                         LUT6 (Prop_LUT6_I2_O)        0.039     6.629 f  u_core/u_npu/u_engine/u_gelu/u_serial_core/mul_operand_a[3]_INST_0_i_3/O
                         net (fo=1, unplaced)         0.214     6.843    u_core/u_npu/u_engine/u_gelu/u_serial_core/mul_operand_a[3]_INST_0_i_3_n_0
                         LUT5 (Prop_LUT5_I1_O)        0.085     6.928 f  u_core/u_npu/u_engine/u_gelu/u_serial_core/mul_operand_a[3]_INST_0_i_1/O
                         net (fo=1, unplaced)         0.214     7.142    u_core/u_npu/u_engine/u_gelu/u_serial_core/mul_operand_a[3]_INST_0_i_1_n_0
                         LUT6 (Prop_LUT6_I0_O)        0.039     7.181 f  u_core/u_npu/u_engine/u_gelu/u_serial_core/mul_operand_a[3]_INST_0/O
                         net (fo=1, unplaced)         0.214     7.395    u_core/u_npu/u_engine/gelu_mul_operand_a[3]
                         LUT6 (Prop_LUT6_I4_O)        0.039     7.434 f  u_core/u_npu/u_engine/u_engine_shared_multiplier_i_94/O
                         net (fo=1, unplaced)         0.214     7.648    u_core/u_npu/u_engine/u_engine_shared_multiplier_i_94_n_0
                         LUT6 (Prop_LUT6_I5_O)        0.039     7.687 f  u_core/u_npu/u_engine/u_engine_shared_multiplier_i_29/O
                         net (fo=58, unplaced)        0.287     7.974    u_core/u_npu/u_engine/u_engine_shared_multiplier/a[3]
                         LUT2 (Prop_LUT2_I0_O)        0.085     8.059 r  u_core/u_npu/u_engine/u_engine_shared_multiplier/result[7]_INST_0_i_266/O
                         net (fo=1, unplaced)         0.214     8.273    u_core/u_npu/u_engine/u_engine_shared_multiplier/result[7]_INST_0_i_266_n_0
                         LUT6 (Prop_LUT6_I3_O)        0.039     8.312 r  u_core/u_npu/u_engine/u_engine_shared_multiplier/result[7]_INST_0_i_216/O
                         net (fo=1, unplaced)         0.019     8.331    u_core/u_npu/u_engine/u_engine_shared_multiplier/result[7]_INST_0_i_216_n_0
                         CARRY8 (Prop_CARRY8_S[5]_CO[7])
                                                      0.204     8.535 r  u_core/u_npu/u_engine/u_engine_shared_multiplier/result[7]_INST_0_i_164/CO[7]
                         net (fo=1, unplaced)         0.007     8.542    u_core/u_npu/u_engine/u_engine_shared_multiplier/result[7]_INST_0_i_164_n_0
                         CARRY8 (Prop_CARRY8_CI_O[2])
                                                      0.086     8.628 r  u_core/u_npu/u_engine/u_engine_shared_multiplier/result[15]_INST_0_i_117/O[2]
                         net (fo=2, unplaced)         0.214     8.842    u_core/u_npu/u_engine/u_engine_shared_multiplier/result[15]_INST_0_i_117_n_13
                         LUT3 (Prop_LUT3_I0_O)        0.100     8.942 r  u_core/u_npu/u_engine/u_engine_shared_multiplier/result[7]_INST_0_i_145/O
                         net (fo=2, unplaced)         0.214     9.156    u_core/u_npu/u_engine/u_engine_shared_multiplier/result[7]_INST_0_i_145_n_0
                         LUT4 (Prop_LUT4_I3_O)        0.039     9.195 r  u_core/u_npu/u_engine/u_engine_shared_multiplier/result[7]_INST_0_i_153/O
                         net (fo=1, unplaced)         0.019     9.214    u_core/u_npu/u_engine/u_engine_shared_multiplier/result[7]_INST_0_i_153_n_0
                         CARRY8 (Prop_CARRY8_S[5]_CO[7])
                                                      0.204     9.418 r  u_core/u_npu/u_engine/u_engine_shared_multiplier/result[7]_INST_0_i_62/CO[7]
                         net (fo=1, unplaced)         0.007     9.425    u_core/u_npu/u_engine/u_engine_shared_multiplier/result[7]_INST_0_i_62_n_0
                         CARRY8 (Prop_CARRY8_CI_CO[7])
                                                      0.030     9.455 r  u_core/u_npu/u_engine/u_engine_shared_multiplier/result[15]_INST_0_i_36/CO[7]
                         net (fo=1, unplaced)         0.007     9.462    u_core/u_npu/u_engine/u_engine_shared_multiplier/result[15]_INST_0_i_36_n_0
                         CARRY8 (Prop_CARRY8_CI_O[1])
                                                      0.097     9.559 r  u_core/u_npu/u_engine/u_engine_shared_multiplier/result[21]_INST_0_i_31/O[1]
                         net (fo=3, unplaced)         0.218     9.777    u_core/u_npu/u_engine/u_engine_shared_multiplier/result[21]_INST_0_i_31_n_14
                         LUT3 (Prop_LUT3_I2_O)        0.039     9.816 r  u_core/u_npu/u_engine/u_engine_shared_multiplier/result[15]_INST_0_i_32/O
                         net (fo=2, unplaced)         0.214    10.030    u_core/u_npu/u_engine/u_engine_shared_multiplier/result[15]_INST_0_i_32_n_0
                         LUT5 (Prop_LUT5_I1_O)        0.039    10.069 r  u_core/u_npu/u_engine/u_engine_shared_multiplier/result[15]_INST_0_i_15/O
                         net (fo=2, unplaced)         0.214    10.283    u_core/u_npu/u_engine/u_engine_shared_multiplier/result[15]_INST_0_i_15_n_0
                         LUT6 (Prop_LUT6_I0_O)        0.039    10.322 r  u_core/u_npu/u_engine/u_engine_shared_multiplier/result[15]_INST_0_i_23/O
                         net (fo=1, unplaced)         0.017    10.339    u_core/u_npu/u_engine/u_engine_shared_multiplier/result[15]_INST_0_i_23_n_0
                         CARRY8 (Prop_CARRY8_S[3]_CO[7])
                                                      0.202    10.541 r  u_core/u_npu/u_engine/u_engine_shared_multiplier/result[15]_INST_0_i_10/CO[7]
                         net (fo=1, unplaced)         0.007    10.548    u_core/u_npu/u_engine/u_engine_shared_multiplier/result[15]_INST_0_i_10_n_0
                         CARRY8 (Prop_CARRY8_CI_CO[7])
                                                      0.030    10.578 r  u_core/u_npu/u_engine/u_engine_shared_multiplier/result[21]_INST_0_i_11/CO[7]
                         net (fo=1, unplaced)         0.007    10.585    u_core/u_npu/u_engine/u_engine_shared_multiplier/result[21]_INST_0_i_11_n_0
                         CARRY8 (Prop_CARRY8_CI_O[4])
                                                      0.109    10.694 r  u_core/u_npu/u_engine/u_engine_shared_multiplier/result[30]_INST_0_i_70/O[4]
                         net (fo=58, unplaced)        0.285    10.979    u_core/u_npu/u_engine/u_engine_shared_multiplier/p_0_in
                         LUT4 (Prop_LUT4_I1_O)        0.085    11.064 r  u_core/u_npu/u_engine/u_engine_shared_multiplier/result[7]_INST_0_i_39/O
                         net (fo=1, unplaced)         0.214    11.278    u_core/u_npu/u_engine/u_engine_shared_multiplier/result[7]_INST_0_i_39_n_0
                         LUT5 (Prop_LUT5_I4_O)        0.039    11.317 r  u_core/u_npu/u_engine/u_engine_shared_multiplier/result[7]_INST_0_i_15/O
                         net (fo=1, unplaced)         0.214    11.531    u_core/u_npu/u_engine/u_engine_shared_multiplier/result[7]_INST_0_i_15_n_0
                         LUT6 (Prop_LUT6_I4_O)        0.039    11.570 r  u_core/u_npu/u_engine/u_engine_shared_multiplier/result[7]_INST_0_i_10/O
                         net (fo=1, unplaced)         0.018    11.588    u_core/u_npu/u_engine/u_engine_shared_multiplier/result[7]_INST_0_i_10_n_0
                         CARRY8 (Prop_CARRY8_S[0]_CO[7])
                                                      0.245    11.833 r  u_core/u_npu/u_engine/u_engine_shared_multiplier/result[7]_INST_0_i_1/CO[7]
                         net (fo=1, unplaced)         0.007    11.840    u_core/u_npu/u_engine/u_engine_shared_multiplier/result[7]_INST_0_i_1_n_0
                         CARRY8 (Prop_CARRY8_CI_CO[7])
                                                      0.030    11.870 r  u_core/u_npu/u_engine/u_engine_shared_multiplier/result[15]_INST_0_i_1/CO[7]
                         net (fo=1, unplaced)         0.007    11.877    u_core/u_npu/u_engine/u_engine_shared_multiplier/result[15]_INST_0_i_1_n_0
                         CARRY8 (Prop_CARRY8_CI_CO[7])
                                                      0.030    11.907 r  u_core/u_npu/u_engine/u_engine_shared_multiplier/result[21]_INST_0_i_1/CO[7]
                         net (fo=1, unplaced)         0.007    11.914    u_core/u_npu/u_engine/u_engine_shared_multiplier/result[21]_INST_0_i_1_n_0
                         CARRY8 (Prop_CARRY8_CI_CO[0])
                                                      0.068    11.982 r  u_core/u_npu/u_engine/u_engine_shared_multiplier/result[21]_INST_0_i_2/CO[0]
                         net (fo=25, unplaced)        0.268    12.250    u_core/u_npu/u_engine/u_engine_shared_multiplier/result[21]_INST_0_i_2_n_7
                         LUT4 (Prop_LUT4_I3_O)        0.039    12.289 r  u_core/u_npu/u_engine/u_engine_shared_multiplier/result[30]_INST_0_i_36/O
                         net (fo=1, unplaced)         0.018    12.307    u_core/u_npu/u_engine/u_engine_shared_multiplier/result[30]_INST_0_i_36_n_0
                         CARRY8 (Prop_CARRY8_S[0]_CO[7])
                                                      0.245    12.552 r  u_core/u_npu/u_engine/u_engine_shared_multiplier/result[30]_INST_0_i_3/CO[7]
                         net (fo=1, unplaced)         0.007    12.559    u_core/u_npu/u_engine/u_engine_shared_multiplier/result[30]_INST_0_i_3_n_0
                         CARRY8 (Prop_CARRY8_CI_CO[7])
                                                      0.030    12.589 r  u_core/u_npu/u_engine/u_engine_shared_multiplier/result[30]_INST_0_i_72/CO[7]
                         net (fo=1, unplaced)         0.007    12.596    u_core/u_npu/u_engine/u_engine_shared_multiplier/result[30]_INST_0_i_72_n_0
                         CARRY8 (Prop_CARRY8_CI_O[5])
                                                      0.145    12.741 f  u_core/u_npu/u_engine/u_engine_shared_multiplier/result[30]_INST_0_i_51/O[5]
                         net (fo=3, unplaced)         0.168    12.909    u_core/u_npu/u_engine/u_engine_shared_multiplier/exp_result[21]
                         LUT2 (Prop_LUT2_I0_O)        0.127    13.036 f  u_core/u_npu/u_engine/u_engine_shared_multiplier/result[30]_INST_0_i_11/O
                         net (fo=1, unplaced)         0.234    13.270    u_core/u_npu/u_engine/u_engine_shared_multiplier/result[30]_INST_0_i_11_n_0
                         CARRY8 (Prop_CARRY8_DI[1]_CO[6])
                                                      0.214    13.484 f  u_core/u_npu/u_engine/u_engine_shared_multiplier/result[30]_INST_0_i_1/CO[6]
                         net (fo=31, unplaced)        0.216    13.700    u_core/u_npu/u_engine/u_engine_shared_multiplier/result[30]_INST_0_i_1_n_1
                         LUT5 (Prop_LUT5_I4_O)        0.039    13.739 f  u_core/u_npu/u_engine/u_engine_shared_multiplier/result[22]_INST_0_i_1/O
                         net (fo=1, unplaced)         0.214    13.953    u_core/u_npu/u_engine/u_engine_shared_multiplier/result[22]_INST_0_i_1_n_0
                         LUT4 (Prop_LUT4_I1_O)        0.039    13.992 r  u_core/u_npu/u_engine/u_engine_shared_multiplier/result[22]_INST_0/O
                         net (fo=45, unplaced)        0.281    14.273    u_core/u_npu/u_engine/u_vector/external_mul_result[22]
                         LUT6 (Prop_LUT6_I4_O)        0.039    14.312 r  u_core/u_npu/u_engine/u_vector/result_data_reg[374]_i_1/O
                         net (fo=1, unplaced)         0.058    14.370    u_core/u_npu/u_engine/u_vector/result_data_reg[374]_i_1_n_0
                         FDRE                                         r  u_core/u_npu/u_engine/u_vector/result_data_reg_reg[374]/D
  -------------------------------------------------------------------    -------------------

                         (clock aclk rise edge)      20.000    20.000 r  
                                                      0.000    20.000 r  aclk (IN)
                         net (fo=62495, unset)        0.024    20.024    u_core/u_npu/u_engine/u_vector/clk
                         FDRE                                         r  u_core/u_npu/u_engine/u_vector/result_data_reg_reg[374]/C
                         clock pessimism              0.000    20.024    
                         clock uncertainty           -0.235    19.789    
                         FDRE (Setup_FDRE_C_D)        0.027    19.816    u_core/u_npu/u_engine/u_vector/result_data_reg_reg[374]
  -------------------------------------------------------------------
                         required time                         19.816    
                         arrival time                         -14.370    
  -------------------------------------------------------------------
                         slack                                  5.446    

Slack (MET) :             5.446ns  (required time - arrival time)
  Source:                 u_core/u_npu/u_engine/u_gelu/u_serial_core/exp_scaled_reg[27]/C
                            (rising edge-triggered cell FDRE clocked by aclk  {rise@0.000ns fall@10.000ns period=20.000ns})
  Destination:            u_core/u_npu/u_engine/u_vector/result_data_reg_reg[406]/D
                            (rising edge-triggered cell FDRE clocked by aclk  {rise@0.000ns fall@10.000ns period=20.000ns})
  Path Group:             aclk
  Path Type:              Setup (Max at Slow Process Corner)
  Requirement:            20.000ns  (aclk rise@20.000ns - aclk rise@0.000ns)
  Data Path Delay:        14.335ns  (logic 5.030ns (35.089%)  route 9.305ns (64.911%))
  Logic Levels:           59  (CARRY8=21 LUT2=3 LUT3=8 LUT4=6 LUT5=8 LUT6=13)
  Clock Path Skew:        -0.011ns (DCD - SCD + CPR)
    Destination Clock Delay (DCD):    0.024ns = ( 20.024 - 20.000 ) 
    Source Clock Delay      (SCD):    0.035ns
    Clock Pessimism Removal (CPR):    0.000ns
  Clock Uncertainty:      0.235ns  ((TSJ^2 + TIJ^2)^1/2 + DJ) / 2 + PE + UU
    Total System Jitter     (TSJ):    0.071ns
    Total Input Jitter      (TIJ):    0.000ns
    Discrete Jitter          (DJ):    0.000ns
    Phase Error              (PE):    0.000ns
    User Uncertainty         (UU):    0.200ns

    Location             Delay type                Incr(ns)  Path(ns)    Netlist Resource(s)
  -------------------------------------------------------------------    -------------------
                         (clock aclk rise edge)       0.000     0.000 r  
                                                      0.000     0.000 r  aclk (IN)
                         net (fo=62495, unset)        0.035     0.035    u_core/u_npu/u_engine/u_gelu/u_serial_core/clk
                         FDRE                                         r  u_core/u_npu/u_engine/u_gelu/u_serial_core/exp_scaled_reg[27]/C
  -------------------------------------------------------------------    -------------------
                         FDRE (Prop_FDRE_C_Q)         0.096     0.131 f  u_core/u_npu/u_engine/u_gelu/u_serial_core/exp_scaled_reg[27]/Q
                         net (fo=15, unplaced)        0.219     0.350    u_core/u_npu/u_engine/u_gelu/u_serial_core/u_exp_to_integer/value[27]
                         LUT6 (Prop_LUT6_I0_O)        0.178     0.528 r  u_core/u_npu/u_engine/u_gelu/u_serial_core/u_exp_to_integer/result[31]_INST_0_i_8/O
                         net (fo=78, unplaced)        0.294     0.822    u_core/u_npu/u_engine/u_gelu/u_serial_core/u_exp_to_integer/result[31]_INST_0_i_8_n_0
                         LUT3 (Prop_LUT3_I1_O)        0.083     0.905 r  u_core/u_npu/u_engine/u_gelu/u_serial_core/u_exp_to_integer/result[31]_INST_0_i_66/O
                         net (fo=1, unplaced)         0.232     1.137    u_core/u_npu/u_engine/u_gelu/u_serial_core/u_exp_to_integer/result[31]_INST_0_i_66_n_0
                         CARRY8 (Prop_CARRY8_DI[2]_CO[7])
                                                      0.142     1.279 r  u_core/u_npu/u_engine/u_gelu/u_serial_core/u_exp_to_integer/result[31]_INST_0_i_31/CO[7]
                         net (fo=1, unplaced)         0.007     1.286    u_core/u_npu/u_engine/u_gelu/u_serial_core/u_exp_to_integer/result[31]_INST_0_i_31_n_0
                         CARRY8 (Prop_CARRY8_CI_CO[6])
                                                      0.116     1.402 r  u_core/u_npu/u_engine/u_gelu/u_serial_core/u_exp_to_integer/result[31]_INST_0_i_9/CO[6]
                         net (fo=17, unplaced)        0.202     1.604    u_core/u_npu/u_engine/u_gelu/u_serial_core/u_exp_to_integer/result[31]_INST_0_i_9_n_1
                         LUT6 (Prop_LUT6_I1_O)        0.039     1.643 r  u_core/u_npu/u_engine/u_gelu/u_serial_core/u_exp_to_integer/result[30]_INST_0_i_5/O
                         net (fo=36, unplaced)        0.276     1.919    u_core/u_npu/u_engine/u_gelu/u_serial_core/u_exp_to_integer/result[30]_INST_0_i_5_n_0
                         LUT3 (Prop_LUT3_I2_O)        0.085     2.004 r  u_core/u_npu/u_engine/u_gelu/u_serial_core/u_exp_to_integer/result[28]_INST_0_i_7/O
                         net (fo=1, unplaced)         0.214     2.218    u_core/u_npu/u_engine/u_gelu/u_serial_core/u_exp_to_integer/result[28]_INST_0_i_7_n_0
                         LUT6 (Prop_LUT6_I4_O)        0.039     2.257 r  u_core/u_npu/u_engine/u_gelu/u_serial_core/u_exp_to_integer/result[28]_INST_0_i_1/O
                         net (fo=1, unplaced)         0.214     2.471    u_core/u_npu/u_engine/u_gelu/u_serial_core/u_exp_to_integer/result[28]_INST_0_i_1_n_0
                         LUT6 (Prop_LUT6_I0_O)        0.039     2.510 r  u_core/u_npu/u_engine/u_gelu/u_serial_core/u_exp_to_integer/result[28]_INST_0/O
                         net (fo=3, unplaced)         0.162     2.672    u_core/u_npu/u_engine/u_gelu/u_serial_core/exp_scale_integer_comb[28]
                         LUT4 (Prop_LUT4_I1_O)        0.064     2.736 r  u_core/u_npu/u_engine/u_gelu/u_serial_core/u_exp_from_integer_i_4/O
                         net (fo=12, unplaced)        0.198     2.934    u_core/u_npu/u_engine/u_gelu/u_serial_core/u_exp_from_integer/value[28]
                         LUT4 (Prop_LUT4_I0_O)        0.115     3.049 f  u_core/u_npu/u_engine/u_gelu/u_serial_core/u_exp_from_integer/result[30]_INST_0_i_11/O
                         net (fo=2, unplaced)         0.214     3.263    u_core/u_npu/u_engine/u_gelu/u_serial_core/u_exp_from_integer/result[30]_INST_0_i_11_n_0
                         LUT5 (Prop_LUT5_I0_O)        0.039     3.302 f  u_core/u_npu/u_engine/u_gelu/u_serial_core/u_exp_from_integer/result[30]_INST_0_i_27/O
                         net (fo=45, unplaced)        0.226     3.528    u_core/u_npu/u_engine/u_gelu/u_serial_core/u_exp_from_integer/result[30]_INST_0_i_27_n_0
                         LUT3 (Prop_LUT3_I2_O)        0.100     3.628 r  u_core/u_npu/u_engine/u_gelu/u_serial_core/u_exp_from_integer/result[30]_INST_0_i_5/O
                         net (fo=21, unplaced)        0.264     3.892    u_core/u_npu/u_engine/u_gelu/u_serial_core/u_exp_from_integer/result[30]_INST_0_i_5_n_0
                         LUT3 (Prop_LUT3_I2_O)        0.039     3.931 f  u_core/u_npu/u_engine/u_gelu/u_serial_core/u_exp_from_integer/result[22]_INST_0_i_45/O
                         net (fo=16, unplaced)        0.258     4.189    u_core/u_npu/u_engine/u_gelu/u_serial_core/u_exp_from_integer/result[22]_INST_0_i_45_n_0
                         LUT2 (Prop_LUT2_I1_O)        0.039     4.228 r  u_core/u_npu/u_engine/u_gelu/u_serial_core/u_exp_from_integer/result[30]_INST_0_i_106/O
                         net (fo=1, unplaced)         0.000     4.228    u_core/u_npu/u_engine/u_gelu/u_serial_core/u_exp_from_integer/rounded_mantissa5[0]
                         CARRY8 (Prop_CARRY8_CI_O[0])
                                                      0.137     4.365 r  u_core/u_npu/u_engine/u_gelu/u_serial_core/u_exp_from_integer/result[30]_INST_0_i_93/O[0]
                         net (fo=2, unplaced)         0.214     4.579    u_core/u_npu/u_engine/u_gelu/u_serial_core/u_exp_from_integer/result[30]_INST_0_i_93_n_15
                         LUT3 (Prop_LUT3_I2_O)        0.039     4.618 f  u_core/u_npu/u_engine/u_gelu/u_serial_core/u_exp_from_integer/result[30]_INST_0_i_105/O
                         net (fo=2, unplaced)         0.214     4.832    u_core/u_npu/u_engine/u_gelu/u_serial_core/u_exp_from_integer/result[30]_INST_0_i_105_n_0
                         LUT5 (Prop_LUT5_I4_O)        0.085     4.917 r  u_core/u_npu/u_engine/u_gelu/u_serial_core/u_exp_from_integer/result[30]_INST_0_i_96/O
                         net (fo=1, unplaced)         0.214     5.131    u_core/u_npu/u_engine/u_gelu/u_serial_core/u_exp_from_integer/result[30]_INST_0_i_96_n_0
                         LUT6 (Prop_LUT6_I5_O)        0.039     5.170 r  u_core/u_npu/u_engine/u_gelu/u_serial_core/u_exp_from_integer/result[30]_INST_0_i_72/O
                         net (fo=1, unplaced)         0.018     5.188    u_core/u_npu/u_engine/u_gelu/u_serial_core/u_exp_from_integer/result[30]_INST_0_i_72_n_0
                         CARRY8 (Prop_CARRY8_S[0]_CO[7])
                                                      0.245     5.433 f  u_core/u_npu/u_engine/u_gelu/u_serial_core/u_exp_from_integer/result[30]_INST_0_i_41/CO[7]
                         net (fo=1, unplaced)         0.007     5.440    u_core/u_npu/u_engine/u_gelu/u_serial_core/u_exp_from_integer/result[30]_INST_0_i_41_n_0
                         CARRY8 (Prop_CARRY8_CI_CO[2])
                                                      0.073     5.513 f  u_core/u_npu/u_engine/u_gelu/u_serial_core/u_exp_from_integer/result[30]_INST_0_i_24/CO[2]
                         net (fo=3, unplaced)         0.220     5.733    u_core/u_npu/u_engine/u_gelu/u_serial_core/u_exp_from_integer/result[30]_INST_0_i_24_n_5
                         LUT5 (Prop_LUT5_I4_O)        0.039     5.772 r  u_core/u_npu/u_engine/u_gelu/u_serial_core/u_exp_from_integer/result[22]_INST_0_i_3/O
                         net (fo=23, unplaced)        0.266     6.038    u_core/u_npu/u_engine/u_gelu/u_serial_core/u_exp_from_integer/result[22]_INST_0_i_3_n_0
                         LUT5 (Prop_LUT5_I2_O)        0.039     6.077 f  u_core/u_npu/u_engine/u_gelu/u_serial_core/u_exp_from_integer/result[4]_INST_0_i_1/O
                         net (fo=2, unplaced)         0.214     6.291    u_core/u_npu/u_engine/u_gelu/u_serial_core/u_exp_from_integer/result[4]_INST_0_i_1_n_0
                         LUT3 (Prop_LUT3_I2_O)        0.085     6.376 f  u_core/u_npu/u_engine/u_gelu/u_serial_core/u_exp_from_integer/result[3]_INST_0/O
                         net (fo=1, unplaced)         0.214     6.590    u_core/u_npu/u_engine/u_gelu/u_serial_core/integer_as_fp32[3]
                         LUT6 (Prop_LUT6_I2_O)        0.039     6.629 f  u_core/u_npu/u_engine/u_gelu/u_serial_core/mul_operand_a[3]_INST_0_i_3/O
                         net (fo=1, unplaced)         0.214     6.843    u_core/u_npu/u_engine/u_gelu/u_serial_core/mul_operand_a[3]_INST_0_i_3_n_0
                         LUT5 (Prop_LUT5_I1_O)        0.085     6.928 f  u_core/u_npu/u_engine/u_gelu/u_serial_core/mul_operand_a[3]_INST_0_i_1/O
                         net (fo=1, unplaced)         0.214     7.142    u_core/u_npu/u_engine/u_gelu/u_serial_core/mul_operand_a[3]_INST_0_i_1_n_0
                         LUT6 (Prop_LUT6_I0_O)        0.039     7.181 f  u_core/u_npu/u_engine/u_gelu/u_serial_core/mul_operand_a[3]_INST_0/O
                         net (fo=1, unplaced)         0.214     7.395    u_core/u_npu/u_engine/gelu_mul_operand_a[3]
                         LUT6 (Prop_LUT6_I4_O)        0.039     7.434 f  u_core/u_npu/u_engine/u_engine_shared_multiplier_i_94/O
                         net (fo=1, unplaced)         0.214     7.648    u_core/u_npu/u_engine/u_engine_shared_multiplier_i_94_n_0
                         LUT6 (Prop_LUT6_I5_O)        0.039     7.687 f  u_core/u_npu/u_engine/u_engine_shared_multiplier_i_29/O
                         net (fo=58, unplaced)        0.287     7.974    u_core/u_npu/u_engine/u_engine_shared_multiplier/a[3]
                         LUT2 (Prop_LUT2_I0_O)        0.085     8.059 r  u_core/u_npu/u_engine/u_engine_shared_multiplier/result[7]_INST_0_i_266/O
                         net (fo=1, unplaced)         0.214     8.273    u_core/u_npu/u_engine/u_engine_shared_multiplier/result[7]_INST_0_i_266_n_0
                         LUT6 (Prop_LUT6_I3_O)        0.039     8.312 r  u_core/u_npu/u_engine/u_engine_shared_multiplier/result[7]_INST_0_i_216/O
                         net (fo=1, unplaced)         0.019     8.331    u_core/u_npu/u_engine/u_engine_shared_multiplier/result[7]_INST_0_i_216_n_0
                         CARRY8 (Prop_CARRY8_S[5]_CO[7])
                                                      0.204     8.535 r  u_core/u_npu/u_engine/u_engine_shared_multiplier/result[7]_INST_0_i_164/CO[7]
                         net (fo=1, unplaced)         0.007     8.542    u_core/u_npu/u_engine/u_engine_shared_multiplier/result[7]_INST_0_i_164_n_0
                         CARRY8 (Prop_CARRY8_CI_O[2])
                                                      0.086     8.628 r  u_core/u_npu/u_engine/u_engine_shared_multiplier/result[15]_INST_0_i_117/O[2]
                         net (fo=2, unplaced)         0.214     8.842    u_core/u_npu/u_engine/u_engine_shared_multiplier/result[15]_INST_0_i_117_n_13
                         LUT3 (Prop_LUT3_I0_O)        0.100     8.942 r  u_core/u_npu/u_engine/u_engine_shared_multiplier/result[7]_INST_0_i_145/O
                         net (fo=2, unplaced)         0.214     9.156    u_core/u_npu/u_engine/u_engine_shared_multiplier/result[7]_INST_0_i_145_n_0
                         LUT4 (Prop_LUT4_I3_O)        0.039     9.195 r  u_core/u_npu/u_engine/u_engine_shared_multiplier/result[7]_INST_0_i_153/O
                         net (fo=1, unplaced)         0.019     9.214    u_core/u_npu/u_engine/u_engine_shared_multiplier/result[7]_INST_0_i_153_n_0
                         CARRY8 (Prop_CARRY8_S[5]_CO[7])
                                                      0.204     9.418 r  u_core/u_npu/u_engine/u_engine_shared_multiplier/result[7]_INST_0_i_62/CO[7]
                         net (fo=1, unplaced)         0.007     9.425    u_core/u_npu/u_engine/u_engine_shared_multiplier/result[7]_INST_0_i_62_n_0
                         CARRY8 (Prop_CARRY8_CI_CO[7])
                                                      0.030     9.455 r  u_core/u_npu/u_engine/u_engine_shared_multiplier/result[15]_INST_0_i_36/CO[7]
                         net (fo=1, unplaced)         0.007     9.462    u_core/u_npu/u_engine/u_engine_shared_multiplier/result[15]_INST_0_i_36_n_0
                         CARRY8 (Prop_CARRY8_CI_O[1])
                                                      0.097     9.559 r  u_core/u_npu/u_engine/u_engine_shared_multiplier/result[21]_INST_0_i_31/O[1]
                         net (fo=3, unplaced)         0.218     9.777    u_core/u_npu/u_engine/u_engine_shared_multiplier/result[21]_INST_0_i_31_n_14
                         LUT3 (Prop_LUT3_I2_O)        0.039     9.816 r  u_core/u_npu/u_engine/u_engine_shared_multiplier/result[15]_INST_0_i_32/O
                         net (fo=2, unplaced)         0.214    10.030    u_core/u_npu/u_engine/u_engine_shared_multiplier/result[15]_INST_0_i_32_n_0
                         LUT5 (Prop_LUT5_I1_O)        0.039    10.069 r  u_core/u_npu/u_engine/u_engine_shared_multiplier/result[15]_INST_0_i_15/O
                         net (fo=2, unplaced)         0.214    10.283    u_core/u_npu/u_engine/u_engine_shared_multiplier/result[15]_INST_0_i_15_n_0
                         LUT6 (Prop_LUT6_I0_O)        0.039    10.322 r  u_core/u_npu/u_engine/u_engine_shared_multiplier/result[15]_INST_0_i_23/O
                         net (fo=1, unplaced)         0.017    10.339    u_core/u_npu/u_engine/u_engine_shared_multiplier/result[15]_INST_0_i_23_n_0
                         CARRY8 (Prop_CARRY8_S[3]_CO[7])
                                                      0.202    10.541 r  u_core/u_npu/u_engine/u_engine_shared_multiplier/result[15]_INST_0_i_10/CO[7]
                         net (fo=1, unplaced)         0.007    10.548    u_core/u_npu/u_engine/u_engine_shared_multiplier/result[15]_INST_0_i_10_n_0
                         CARRY8 (Prop_CARRY8_CI_CO[7])
                                                      0.030    10.578 r  u_core/u_npu/u_engine/u_engine_shared_multiplier/result[21]_INST_0_i_11/CO[7]
                         net (fo=1, unplaced)         0.007    10.585    u_core/u_npu/u_engine/u_engine_shared_multiplier/result[21]_INST_0_i_11_n_0
                         CARRY8 (Prop_CARRY8_CI_O[4])
                                                      0.109    10.694 r  u_core/u_npu/u_engine/u_engine_shared_multiplier/result[30]_INST_0_i_70/O[4]
                         net (fo=58, unplaced)        0.285    10.979    u_core/u_npu/u_engine/u_engine_shared_multiplier/p_0_in
                         LUT4 (Prop_LUT4_I1_O)        0.085    11.064 r  u_core/u_npu/u_engine/u_engine_shared_multiplier/result[7]_INST_0_i_39/O
                         net (fo=1, unplaced)         0.214    11.278    u_core/u_npu/u_engine/u_engine_shared_multiplier/result[7]_INST_0_i_39_n_0
                         LUT5 (Prop_LUT5_I4_O)        0.039    11.317 r  u_core/u_npu/u_engine/u_engine_shared_multiplier/result[7]_INST_0_i_15/O
                         net (fo=1, unplaced)         0.214    11.531    u_core/u_npu/u_engine/u_engine_shared_multiplier/result[7]_INST_0_i_15_n_0
                         LUT6 (Prop_LUT6_I4_O)        0.039    11.570 r  u_core/u_npu/u_engine/u_engine_shared_multiplier/result[7]_INST_0_i_10/O
                         net (fo=1, unplaced)         0.018    11.588    u_core/u_npu/u_engine/u_engine_shared_multiplier/result[7]_INST_0_i_10_n_0
                         CARRY8 (Prop_CARRY8_S[0]_CO[7])
                                                      0.245    11.833 r  u_core/u_npu/u_engine/u_engine_shared_multiplier/result[7]_INST_0_i_1/CO[7]
                         net (fo=1, unplaced)         0.007    11.840    u_core/u_npu/u_engine/u_engine_shared_multiplier/result[7]_INST_0_i_1_n_0
                         CARRY8 (Prop_CARRY8_CI_CO[7])
                                                      0.030    11.870 r  u_core/u_npu/u_engine/u_engine_shared_multiplier/result[15]_INST_0_i_1/CO[7]
                         net (fo=1, unplaced)         0.007    11.877    u_core/u_npu/u_engine/u_engine_shared_multiplier/result[15]_INST_0_i_1_n_0
                         CARRY8 (Prop_CARRY8_CI_CO[7])
                                                      0.030    11.907 r  u_core/u_npu/u_engine/u_engine_shared_multiplier/result[21]_INST_0_i_1/CO[7]
                         net (fo=1, unplaced)         0.007    11.914    u_core/u_npu/u_engine/u_engine_shared_multiplier/result[21]_INST_0_i_1_n_0
                         CARRY8 (Prop_CARRY8_CI_CO[0])
                                                      0.068    11.982 r  u_core/u_npu/u_engine/u_engine_shared_multiplier/result[21]_INST_0_i_2/CO[0]
                         net (fo=25, unplaced)        0.268    12.250    u_core/u_npu/u_engine/u_engine_shared_multiplier/result[21]_INST_0_i_2_n_7
                         LUT4 (Prop_LUT4_I3_O)        0.039    12.289 r  u_core/u_npu/u_engine/u_engine_shared_multiplier/result[30]_INST_0_i_36/O
                         net (fo=1, unplaced)         0.018    12.307    u_core/u_npu/u_engine/u_engine_shared_multiplier/result[30]_INST_0_i_36_n_0
                         CARRY8 (Prop_CARRY8_S[0]_CO[7])
                                                      0.245    12.552 r  u_core/u_npu/u_engine/u_engine_shared_multiplier/result[30]_INST_0_i_3/CO[7]
                         net (fo=1, unplaced)         0.007    12.559    u_core/u_npu/u_engine/u_engine_shared_multiplier/result[30]_INST_0_i_3_n_0
                         CARRY8 (Prop_CARRY8_CI_CO[7])
                                                      0.030    12.589 r  u_core/u_npu/u_engine/u_engine_shared_multiplier/result[30]_INST_0_i_72/CO[7]
                         net (fo=1, unplaced)         0.007    12.596    u_core/u_npu/u_engine/u_engine_shared_multiplier/result[30]_INST_0_i_72_n_0
                         CARRY8 (Prop_CARRY8_CI_O[5])
                                                      0.145    12.741 f  u_core/u_npu/u_engine/u_engine_shared_multiplier/result[30]_INST_0_i_51/O[5]
                         net (fo=3, unplaced)         0.168    12.909    u_core/u_npu/u_engine/u_engine_shared_multiplier/exp_result[21]
                         LUT2 (Prop_LUT2_I0_O)        0.127    13.036 f  u_core/u_npu/u_engine/u_engine_shared_multiplier/result[30]_INST_0_i_11/O
                         net (fo=1, unplaced)         0.234    13.270    u_core/u_npu/u_engine/u_engine_shared_multiplier/result[30]_INST_0_i_11_n_0
                         CARRY8 (Prop_CARRY8_DI[1]_CO[6])
                                                      0.214    13.484 f  u_core/u_npu/u_engine/u_engine_shared_multiplier/result[30]_INST_0_i_1/CO[6]
                         net (fo=31, unplaced)        0.216    13.700    u_core/u_npu/u_engine/u_engine_shared_multiplier/result[30]_INST_0_i_1_n_1
                         LUT5 (Prop_LUT5_I4_O)        0.039    13.739 f  u_core/u_npu/u_engine/u_engine_shared_multiplier/result[22]_INST_0_i_1/O
                         net (fo=1, unplaced)         0.214    13.953    u_core/u_npu/u_engine/u_engine_shared_multiplier/result[22]_INST_0_i_1_n_0
                         LUT4 (Prop_LUT4_I1_O)        0.039    13.992 r  u_core/u_npu/u_engine/u_engine_shared_multiplier/result[22]_INST_0/O
                         net (fo=45, unplaced)        0.281    14.273    u_core/u_npu/u_engine/u_vector/external_mul_result[22]
                         LUT6 (Prop_LUT6_I4_O)        0.039    14.312 r  u_core/u_npu/u_engine/u_vector/result_data_reg[406]_i_1/O
                         net (fo=1, unplaced)         0.058    14.370    u_core/u_npu/u_engine/u_vector/result_data_reg[406]_i_1_n_0
                         FDRE                                         r  u_core/u_npu/u_engine/u_vector/result_data_reg_reg[406]/D
  -------------------------------------------------------------------    -------------------

                         (clock aclk rise edge)      20.000    20.000 r  
                                                      0.000    20.000 r  aclk (IN)
                         net (fo=62495, unset)        0.024    20.024    u_core/u_npu/u_engine/u_vector/clk
                         FDRE                                         r  u_core/u_npu/u_engine/u_vector/result_data_reg_reg[406]/C
                         clock pessimism              0.000    20.024    
                         clock uncertainty           -0.235    19.789    
                         FDRE (Setup_FDRE_C_D)        0.027    19.816    u_core/u_npu/u_engine/u_vector/result_data_reg_reg[406]
  -------------------------------------------------------------------
                         required time                         19.816    
                         arrival time                         -14.370    
  -------------------------------------------------------------------
                         slack                                  5.446    





Pulse Width Checks
--------------------------------------------------------------------------------------
Clock Name:         aclk
Waveform(ns):       { 0.000 10.000 }
Period(ns):         20.000
Sources:            { aclk }

Check Type        Corner  Lib Pin             Reference Pin  Required(ns)  Actual(ns)  Slack(ns)  Location  Pin
Min Period        n/a     RAMB36E2/CLKARDCLK  n/a            1.739         20.000      18.261               u_core/u_layer_param_table/data_memory_reg/CLKARDCLK
Min Period        n/a     RAMB36E2/CLKARDCLK  n/a            1.739         20.000      18.261               u_core/u_npu/u_engine/u_layernorm/gen_row_affine_buffers.beta_buffer_reg_bram_0/CLKARDCLK
Min Period        n/a     RAMB36E2/CLKARDCLK  n/a            1.739         20.000      18.261               u_core/u_npu/u_engine/u_layernorm/gen_row_affine_buffers.gamma_buffer_reg_bram_0/CLKARDCLK
Min Period        n/a     RAMB36E2/CLKARDCLK  n/a            1.739         20.000      18.261               u_core/u_npu/u_engine/u_layernorm/gen_row_affine_buffers.sample_buffer_reg_bram_0/CLKARDCLK
Min Period        n/a     RAMB36E2/CLKARDCLK  n/a            1.739         20.000      18.261               u_core/u_npu/u_engine/u_memory_frontend/u_gemm_activation_panel_cache/gen_row_bank[0].row_memory_reg_bram_0/CLKARDCLK
Min Period        n/a     RAMB36E2/CLKARDCLK  n/a            1.739         20.000      18.261               u_core/u_npu/u_engine/u_memory_frontend/u_gemm_activation_panel_cache/gen_row_bank[0].row_memory_reg_bram_1/CLKARDCLK
Min Period        n/a     RAMB36E2/CLKARDCLK  n/a            1.739         20.000      18.261               u_core/u_npu/u_engine/u_memory_frontend/u_gemm_activation_panel_cache/gen_row_bank[0].row_memory_reg_bram_2/CLKARDCLK
Min Period        n/a     RAMB36E2/CLKARDCLK  n/a            1.739         20.000      18.261               u_core/u_npu/u_engine/u_memory_frontend/u_gemm_activation_panel_cache/gen_row_bank[0].row_memory_reg_bram_3/CLKARDCLK
Min Period        n/a     RAMB36E2/CLKARDCLK  n/a            1.739         20.000      18.261               u_core/u_npu/u_engine/u_memory_frontend/u_gemm_activation_panel_cache/gen_row_bank[1].row_memory_reg_bram_0/CLKARDCLK
Min Period        n/a     RAMB36E2/CLKARDCLK  n/a            1.739         20.000      18.261               u_core/u_npu/u_engine/u_memory_frontend/u_gemm_activation_panel_cache/gen_row_bank[1].row_memory_reg_bram_1/CLKARDCLK
Min Period        n/a     RAMB36E2/CLKARDCLK  n/a            1.739         20.000      18.261               u_core/u_npu/u_engine/u_memory_frontend/u_gemm_activation_panel_cache/gen_row_bank[1].row_memory_reg_bram_2/CLKARDCLK
Min Period        n/a     RAMB36E2/CLKARDCLK  n/a            1.739         20.000      18.261               u_core/u_npu/u_engine/u_memory_frontend/u_gemm_activation_panel_cache/gen_row_bank[1].row_memory_reg_bram_3/CLKARDCLK
Min Period        n/a     RAMB36E2/CLKARDCLK  n/a            1.739         20.000      18.261               u_core/u_npu/u_engine/u_memory_frontend/u_gemm_activation_panel_cache/gen_row_bank[2].row_memory_reg_bram_0/CLKARDCLK
Min Period        n/a     RAMB36E2/CLKARDCLK  n/a            1.739         20.000      18.261               u_core/u_npu/u_engine/u_memory_frontend/u_gemm_activation_panel_cache/gen_row_bank[2].row_memory_reg_bram_1/CLKARDCLK
Min Period        n/a     RAMB36E2/CLKARDCLK  n/a            1.739         20.000      18.261               u_core/u_npu/u_engine/u_memory_frontend/u_gemm_activation_panel_cache/gen_row_bank[2].row_memory_reg_bram_2/CLKARDCLK
Min Period        n/a     RAMB36E2/CLKARDCLK  n/a            1.739         20.000      18.261               u_core/u_npu/u_engine/u_memory_frontend/u_gemm_activation_panel_cache/gen_row_bank[2].row_memory_reg_bram_3/CLKARDCLK
Min Period        n/a     RAMB36E2/CLKARDCLK  n/a            1.739         20.000      18.261               u_core/u_npu/u_engine/u_memory_frontend/u_gemm_activation_panel_cache/gen_row_bank[3].row_memory_reg_bram_0/CLKARDCLK
Min Period        n/a     RAMB36E2/CLKARDCLK  n/a            1.739         20.000      18.261               u_core/u_npu/u_engine/u_memory_frontend/u_gemm_activation_panel_cache/gen_row_bank[3].row_memory_reg_bram_1/CLKARDCLK
Min Period        n/a     RAMB36E2/CLKARDCLK  n/a            1.739         20.000      18.261               u_core/u_npu/u_engine/u_memory_frontend/u_gemm_activation_panel_cache/gen_row_bank[3].row_memory_reg_bram_2/CLKARDCLK
Min Period        n/a     RAMB36E2/CLKARDCLK  n/a            1.739         20.000      18.261               u_core/u_npu/u_engine/u_memory_frontend/u_gemm_activation_panel_cache/gen_row_bank[3].row_memory_reg_bram_3/CLKARDCLK
Low Pulse Width   Slow    RAMD32/CLK          n/a            0.573         10.000      9.427                u_core/u_npu/u_engine/u_gemm/gen_fp16.u_fp16/u_result_fifo/entry_memory_reg_0_1_0_13/RAMA/CLK
Low Pulse Width   Fast    RAMD32/CLK          n/a            0.573         10.000      9.427                u_core/u_npu/u_engine/u_gemm/gen_fp16.u_fp16/u_result_fifo/entry_memory_reg_0_1_0_13/RAMA/CLK
Low Pulse Width   Slow    RAMD32/CLK          n/a            0.573         10.000      9.427                u_core/u_npu/u_engine/u_gemm/gen_fp16.u_fp16/u_result_fifo/entry_memory_reg_0_1_0_13/RAMA_D1/CLK
Low Pulse Width   Fast    RAMD32/CLK          n/a            0.573         10.000      9.427                u_core/u_npu/u_engine/u_gemm/gen_fp16.u_fp16/u_result_fifo/entry_memory_reg_0_1_0_13/RAMA_D1/CLK
Low Pulse Width   Slow    RAMD32/CLK          n/a            0.573         10.000      9.427                u_core/u_npu/u_engine/u_gemm/gen_fp16.u_fp16/u_result_fifo/entry_memory_reg_0_1_0_13/RAMB/CLK
Low Pulse Width   Fast    RAMD32/CLK          n/a            0.573         10.000      9.427                u_core/u_npu/u_engine/u_gemm/gen_fp16.u_fp16/u_result_fifo/entry_memory_reg_0_1_0_13/RAMB/CLK
Low Pulse Width   Slow    RAMD32/CLK          n/a            0.573         10.000      9.427                u_core/u_npu/u_engine/u_gemm/gen_fp16.u_fp16/u_result_fifo/entry_memory_reg_0_1_0_13/RAMB_D1/CLK
Low Pulse Width   Fast    RAMD32/CLK          n/a            0.573         10.000      9.427                u_core/u_npu/u_engine/u_gemm/gen_fp16.u_fp16/u_result_fifo/entry_memory_reg_0_1_0_13/RAMB_D1/CLK
Low Pulse Width   Slow    RAMD32/CLK          n/a            0.573         10.000      9.427                u_core/u_npu/u_engine/u_gemm/gen_fp16.u_fp16/u_result_fifo/entry_memory_reg_0_1_0_13/RAMC/CLK
Low Pulse Width   Fast    RAMD32/CLK          n/a            0.573         10.000      9.427                u_core/u_npu/u_engine/u_gemm/gen_fp16.u_fp16/u_result_fifo/entry_memory_reg_0_1_0_13/RAMC/CLK
Low Pulse Width   Slow    RAMD32/CLK          n/a            0.573         10.000      9.427                u_core/u_npu/u_engine/u_gemm/gen_fp16.u_fp16/u_result_fifo/entry_memory_reg_0_1_0_13/RAMC_D1/CLK
Low Pulse Width   Fast    RAMD32/CLK          n/a            0.573         10.000      9.427                u_core/u_npu/u_engine/u_gemm/gen_fp16.u_fp16/u_result_fifo/entry_memory_reg_0_1_0_13/RAMC_D1/CLK
Low Pulse Width   Slow    RAMD32/CLK          n/a            0.573         10.000      9.427                u_core/u_npu/u_engine/u_gemm/gen_fp16.u_fp16/u_result_fifo/entry_memory_reg_0_1_0_13/RAMD/CLK
Low Pulse Width   Fast    RAMD32/CLK          n/a            0.573         10.000      9.427                u_core/u_npu/u_engine/u_gemm/gen_fp16.u_fp16/u_result_fifo/entry_memory_reg_0_1_0_13/RAMD/CLK
Low Pulse Width   Slow    RAMD32/CLK          n/a            0.573         10.000      9.427                u_core/u_npu/u_engine/u_gemm/gen_fp16.u_fp16/u_result_fifo/entry_memory_reg_0_1_0_13/RAMD_D1/CLK
Low Pulse Width   Fast    RAMD32/CLK          n/a            0.573         10.000      9.427                u_core/u_npu/u_engine/u_gemm/gen_fp16.u_fp16/u_result_fifo/entry_memory_reg_0_1_0_13/RAMD_D1/CLK
Low Pulse Width   Slow    RAMD32/CLK          n/a            0.573         10.000      9.427                u_core/u_npu/u_engine/u_gemm/gen_fp16.u_fp16/u_result_fifo/entry_memory_reg_0_1_0_13/RAME/CLK
Low Pulse Width   Fast    RAMD32/CLK          n/a            0.573         10.000      9.427                u_core/u_npu/u_engine/u_gemm/gen_fp16.u_fp16/u_result_fifo/entry_memory_reg_0_1_0_13/RAME/CLK
Low Pulse Width   Slow    RAMD32/CLK          n/a            0.573         10.000      9.427                u_core/u_npu/u_engine/u_gemm/gen_fp16.u_fp16/u_result_fifo/entry_memory_reg_0_1_0_13/RAME_D1/CLK
Low Pulse Width   Fast    RAMD32/CLK          n/a            0.573         10.000      9.427                u_core/u_npu/u_engine/u_gemm/gen_fp16.u_fp16/u_result_fifo/entry_memory_reg_0_1_0_13/RAME_D1/CLK
High Pulse Width  Slow    RAMD32/CLK          n/a            0.573         10.000      9.427                u_core/u_npu/u_engine/u_gemm/gen_fp16.u_fp16/u_result_fifo/entry_memory_reg_0_1_0_13/RAMA/CLK
High Pulse Width  Fast    RAMD32/CLK          n/a            0.573         10.000      9.427                u_core/u_npu/u_engine/u_gemm/gen_fp16.u_fp16/u_result_fifo/entry_memory_reg_0_1_0_13/RAMA/CLK
High Pulse Width  Slow    RAMD32/CLK          n/a            0.573         10.000      9.427                u_core/u_npu/u_engine/u_gemm/gen_fp16.u_fp16/u_result_fifo/entry_memory_reg_0_1_0_13/RAMA_D1/CLK
High Pulse Width  Fast    RAMD32/CLK          n/a            0.573         10.000      9.427                u_core/u_npu/u_engine/u_gemm/gen_fp16.u_fp16/u_result_fifo/entry_memory_reg_0_1_0_13/RAMA_D1/CLK
High Pulse Width  Slow    RAMD32/CLK          n/a            0.573         10.000      9.427                u_core/u_npu/u_engine/u_gemm/gen_fp16.u_fp16/u_result_fifo/entry_memory_reg_0_1_0_13/RAMB/CLK
High Pulse Width  Fast    RAMD32/CLK          n/a            0.573         10.000      9.427                u_core/u_npu/u_engine/u_gemm/gen_fp16.u_fp16/u_result_fifo/entry_memory_reg_0_1_0_13/RAMB/CLK
High Pulse Width  Slow    RAMD32/CLK          n/a            0.573         10.000      9.427                u_core/u_npu/u_engine/u_gemm/gen_fp16.u_fp16/u_result_fifo/entry_memory_reg_0_1_0_13/RAMB_D1/CLK
High Pulse Width  Fast    RAMD32/CLK          n/a            0.573         10.000      9.427                u_core/u_npu/u_engine/u_gemm/gen_fp16.u_fp16/u_result_fifo/entry_memory_reg_0_1_0_13/RAMB_D1/CLK
High Pulse Width  Slow    RAMD32/CLK          n/a            0.573         10.000      9.427                u_core/u_npu/u_engine/u_gemm/gen_fp16.u_fp16/u_result_fifo/entry_memory_reg_0_1_0_13/RAMC/CLK
High Pulse Width  Fast    RAMD32/CLK          n/a            0.573         10.000      9.427                u_core/u_npu/u_engine/u_gemm/gen_fp16.u_fp16/u_result_fifo/entry_memory_reg_0_1_0_13/RAMC/CLK
High Pulse Width  Slow    RAMD32/CLK          n/a            0.573         10.000      9.427                u_core/u_npu/u_engine/u_gemm/gen_fp16.u_fp16/u_result_fifo/entry_memory_reg_0_1_0_13/RAMC_D1/CLK
High Pulse Width  Fast    RAMD32/CLK          n/a            0.573         10.000      9.427                u_core/u_npu/u_engine/u_gemm/gen_fp16.u_fp16/u_result_fifo/entry_memory_reg_0_1_0_13/RAMC_D1/CLK
High Pulse Width  Slow    RAMD32/CLK          n/a            0.573         10.000      9.427                u_core/u_npu/u_engine/u_gemm/gen_fp16.u_fp16/u_result_fifo/entry_memory_reg_0_1_0_13/RAMD/CLK
High Pulse Width  Fast    RAMD32/CLK          n/a            0.573         10.000      9.427                u_core/u_npu/u_engine/u_gemm/gen_fp16.u_fp16/u_result_fifo/entry_memory_reg_0_1_0_13/RAMD/CLK
High Pulse Width  Slow    RAMD32/CLK          n/a            0.573         10.000      9.427                u_core/u_npu/u_engine/u_gemm/gen_fp16.u_fp16/u_result_fifo/entry_memory_reg_0_1_0_13/RAMD_D1/CLK
High Pulse Width  Fast    RAMD32/CLK          n/a            0.573         10.000      9.427                u_core/u_npu/u_engine/u_gemm/gen_fp16.u_fp16/u_result_fifo/entry_memory_reg_0_1_0_13/RAMD_D1/CLK
High Pulse Width  Slow    RAMD32/CLK          n/a            0.573         10.000      9.427                u_core/u_npu/u_engine/u_gemm/gen_fp16.u_fp16/u_result_fifo/entry_memory_reg_0_1_0_13/RAME/CLK
High Pulse Width  Fast    RAMD32/CLK          n/a            0.573         10.000      9.427                u_core/u_npu/u_engine/u_gemm/gen_fp16.u_fp16/u_result_fifo/entry_memory_reg_0_1_0_13/RAME/CLK
High Pulse Width  Slow    RAMD32/CLK          n/a            0.573         10.000      9.427                u_core/u_npu/u_engine/u_gemm/gen_fp16.u_fp16/u_result_fifo/entry_memory_reg_0_1_0_13/RAME_D1/CLK
High Pulse Width  Fast    RAMD32/CLK          n/a            0.573         10.000      9.427                u_core/u_npu/u_engine/u_gemm/gen_fp16.u_fp16/u_result_fifo/entry_memory_reg_0_1_0_13/RAME_D1/CLK



--------------------------------------------------------------------------------------
Path Group:  (none)
From Clock:  
  To Clock:  

Max Delay             1 Endpoint
Min Delay             0 Endpoints
--------------------------------------------------------------------------------------


Max Delay Paths
--------------------------------------------------------------------------------------
Slack:                    inf
  Source:                 s_axi_araddr[10]
                            (input port)
  Destination:            s_axi_arready
                            (output port)
  Path Group:             (none)
  Path Type:              Max at Slow Process Corner
  Data Path Delay:        0.472ns  (logic 0.293ns (62.076%)  route 0.179ns (37.924%))
  Logic Levels:           2  (LUT4=1 LUT6=1)

    Location             Delay type                Incr(ns)  Path(ns)    Netlist Resource(s)
  -------------------------------------------------------------------    -------------------
                                                      0.000     0.000 f  s_axi_araddr[10] (IN)
                         net (fo=19, unset)           0.000     0.000    u_core/u_control/s_axi_araddr[10]
                         LUT6 (Prop_LUT6_I0_O)        0.178     0.178 f  u_core/u_control/s_axi_arready_INST_0_i_2/O
                         net (fo=5, unplaced)         0.179     0.357    u_core/u_control/p_34_in
                         LUT4 (Prop_LUT4_I1_O)        0.115     0.472 r  u_core/u_control/s_axi_arready_INST_0/O
                         net (fo=0)                   0.000     0.472    s_axi_arready
                                                                      r  s_axi_arready (OUT)
  -------------------------------------------------------------------    -------------------





--------------------------------------------------------------------------------------
Path Group:  (none)
From Clock:  aclk
  To Clock:  

Max Delay           279 Endpoints
Min Delay             0 Endpoints
--------------------------------------------------------------------------------------


Max Delay Paths
--------------------------------------------------------------------------------------
Slack:                    inf
  Source:                 u_core/u_npu/u_sequencer/FSM_sequential_state_reg[2]/C
                            (rising edge-triggered cell FDRE clocked by aclk  {rise@0.000ns fall@10.000ns period=20.000ns})
  Destination:            s_axi_arready
                            (output port)
  Path Group:             (none)
  Path Type:              Max at Slow Process Corner
  Data Path Delay:        1.579ns  (logic 0.423ns (26.789%)  route 1.156ns (73.211%))
  Logic Levels:           5  (LUT2=2 LUT3=1 LUT4=1 LUT5=1)
  Clock Uncertainty:      0.225ns  ((TSJ^2 + TIJ^2)^1/2 + DJ) / 2 + PE + UU
    Total System Jitter     (TSJ):    0.050ns
    Total Input Jitter      (TIJ):    0.000ns
    Discrete Jitter          (DJ):    0.000ns
    Phase Error              (PE):    0.000ns
    User Uncertainty         (UU):    0.200ns

    Location             Delay type                Incr(ns)  Path(ns)    Netlist Resource(s)
  -------------------------------------------------------------------    -------------------
                         (clock aclk rise edge)       0.000     0.000 r  
                                                      0.000     0.000 r  aclk (IN)
                         net (fo=62495, unset)        0.035     0.035    u_core/u_npu/u_sequencer/clk
                         FDRE                                         r  u_core/u_npu/u_sequencer/FSM_sequential_state_reg[2]/C
  -------------------------------------------------------------------    -------------------
                         FDRE (Prop_FDRE_C_Q)         0.096     0.131 r  u_core/u_npu/u_sequencer/FSM_sequential_state_reg[2]/Q
                         net (fo=547, unplaced)       0.230     0.361    u_core/u_npu/u_sequencer/state[2]
                         LUT3 (Prop_LUT3_I0_O)        0.100     0.461 r  u_core/u_npu/u_sequencer/busy_INST_0/O
                         net (fo=1, unplaced)         0.156     0.617    u_core/u_npu/sequencer_busy
                         LUT2 (Prop_LUT2_I0_O)        0.064     0.681 r  u_core/u_npu/busy_INST_0/O
                         net (fo=8, unplaced)         0.242     0.923    u_core/npu_busy
                         LUT2 (Prop_LUT2_I1_O)        0.085     1.008 r  u_core/u_control_i_1/O
                         net (fo=10, unplaced)        0.247     1.255    u_core/u_control/config_busy_i
                         LUT5 (Prop_LUT5_I0_O)        0.039     1.294 r  u_core/u_control/s_axi_arready_INST_0_i_1/O
                         net (fo=45, unplaced)        0.281     1.575    u_core/u_control/s_axi_arready_INST_0_i_1_n_0
                         LUT4 (Prop_LUT4_I0_O)        0.039     1.614 r  u_core/u_control/s_axi_arready_INST_0/O
                         net (fo=0)                   0.000     1.614    s_axi_arready
                                                                      r  s_axi_arready (OUT)
  -------------------------------------------------------------------    -------------------

Slack:                    inf
  Source:                 u_core/u_mem_adapter/state_reg[2]/C
                            (rising edge-triggered cell FDRE clocked by aclk  {rise@0.000ns fall@10.000ns period=20.000ns})
  Destination:            m_axi_arlen[3]
                            (output port)
  Path Group:             (none)
  Path Type:              Max at Slow Process Corner
  Data Path Delay:        0.969ns  (logic 0.289ns (29.825%)  route 0.680ns (70.175%))
  Logic Levels:           3  (LUT4=1 LUT5=1 LUT6=1)
  Clock Uncertainty:      0.225ns  ((TSJ^2 + TIJ^2)^1/2 + DJ) / 2 + PE + UU
    Total System Jitter     (TSJ):    0.050ns
    Total Input Jitter      (TIJ):    0.000ns
    Discrete Jitter          (DJ):    0.000ns
    Phase Error              (PE):    0.000ns
    User Uncertainty         (UU):    0.200ns

    Location             Delay type                Incr(ns)  Path(ns)    Netlist Resource(s)
  -------------------------------------------------------------------    -------------------
                         (clock aclk rise edge)       0.000     0.000 r  
                                                      0.000     0.000 r  aclk (IN)
                         net (fo=62495, unset)        0.035     0.035    u_core/u_mem_adapter/aclk
                         FDRE                                         r  u_core/u_mem_adapter/state_reg[2]/C
  -------------------------------------------------------------------    -------------------
                         FDRE (Prop_FDRE_C_Q)         0.096     0.131 f  u_core/u_mem_adapter/state_reg[2]/Q
                         net (fo=57, unplaced)        0.181     0.312    u_core/u_mem_adapter/state_reg_n_0_[2]
                         LUT4 (Prop_LUT4_I0_O)        0.115     0.427 r  u_core/u_mem_adapter/m_axi_arsize[2]_INST_0/O
                         net (fo=53, unplaced)        0.285     0.712    u_core/u_mem_adapter/m_axi_arsize[2]
                         LUT5 (Prop_LUT5_I0_O)        0.039     0.751 r  u_core/u_mem_adapter/m_axi_arlen[0]_INST_0/O
                         net (fo=1, unplaced)         0.214     0.965    u_core/u_mem_adapter/m_axi_arlen[0]
                         LUT6 (Prop_LUT6_I0_O)        0.039     1.004 r  u_core/u_mem_adapter/m_axi_arlen[7]_INST_0/O
                         net (fo=0)                   0.000     1.004    m_axi_arlen[3]
                                                                      r  m_axi_arlen[3] (OUT)
  -------------------------------------------------------------------    -------------------

Slack:                    inf
  Source:                 u_core/u_mem_adapter/state_reg[2]/C
                            (rising edge-triggered cell FDRE clocked by aclk  {rise@0.000ns fall@10.000ns period=20.000ns})
  Destination:            m_axi_arlen[4]
                            (output port)
  Path Group:             (none)
  Path Type:              Max at Slow Process Corner
  Data Path Delay:        0.969ns  (logic 0.289ns (29.825%)  route 0.680ns (70.175%))
  Logic Levels:           3  (LUT4=1 LUT5=1 LUT6=1)
  Clock Uncertainty:      0.225ns  ((TSJ^2 + TIJ^2)^1/2 + DJ) / 2 + PE + UU
    Total System Jitter     (TSJ):    0.050ns
    Total Input Jitter      (TIJ):    0.000ns
    Discrete Jitter          (DJ):    0.000ns
    Phase Error              (PE):    0.000ns
    User Uncertainty         (UU):    0.200ns

    Location             Delay type                Incr(ns)  Path(ns)    Netlist Resource(s)
  -------------------------------------------------------------------    -------------------
                         (clock aclk rise edge)       0.000     0.000 r  
                                                      0.000     0.000 r  aclk (IN)
                         net (fo=62495, unset)        0.035     0.035    u_core/u_mem_adapter/aclk
                         FDRE                                         r  u_core/u_mem_adapter/state_reg[2]/C
  -------------------------------------------------------------------    -------------------
                         FDRE (Prop_FDRE_C_Q)         0.096     0.131 f  u_core/u_mem_adapter/state_reg[2]/Q
                         net (fo=57, unplaced)        0.181     0.312    u_core/u_mem_adapter/state_reg_n_0_[2]
                         LUT4 (Prop_LUT4_I0_O)        0.115     0.427 r  u_core/u_mem_adapter/m_axi_arsize[2]_INST_0/O
                         net (fo=53, unplaced)        0.285     0.712    u_core/u_mem_adapter/m_axi_arsize[2]
                         LUT5 (Prop_LUT5_I0_O)        0.039     0.751 r  u_core/u_mem_adapter/m_axi_arlen[0]_INST_0/O
                         net (fo=1, unplaced)         0.214     0.965    u_core/u_mem_adapter/m_axi_arlen[0]
                         LUT6 (Prop_LUT6_I0_O)        0.039     1.004 r  u_core/u_mem_adapter/m_axi_arlen[7]_INST_0/O
                         net (fo=0)                   0.000     1.004    m_axi_arlen[3]
                                                                      r  m_axi_arlen[4] (OUT)
  -------------------------------------------------------------------    -------------------

Slack:                    inf
  Source:                 u_core/u_mem_adapter/state_reg[2]/C
                            (rising edge-triggered cell FDRE clocked by aclk  {rise@0.000ns fall@10.000ns period=20.000ns})
  Destination:            m_axi_arlen[5]
                            (output port)
  Path Group:             (none)
  Path Type:              Max at Slow Process Corner
  Data Path Delay:        0.969ns  (logic 0.289ns (29.825%)  route 0.680ns (70.175%))
  Logic Levels:           3  (LUT4=1 LUT5=1 LUT6=1)
  Clock Uncertainty:      0.225ns  ((TSJ^2 + TIJ^2)^1/2 + DJ) / 2 + PE + UU
    Total System Jitter     (TSJ):    0.050ns
    Total Input Jitter      (TIJ):    0.000ns
    Discrete Jitter          (DJ):    0.000ns
    Phase Error              (PE):    0.000ns
    User Uncertainty         (UU):    0.200ns

    Location             Delay type                Incr(ns)  Path(ns)    Netlist Resource(s)
  -------------------------------------------------------------------    -------------------
                         (clock aclk rise edge)       0.000     0.000 r  
                                                      0.000     0.000 r  aclk (IN)
                         net (fo=62495, unset)        0.035     0.035    u_core/u_mem_adapter/aclk
                         FDRE                                         r  u_core/u_mem_adapter/state_reg[2]/C
  -------------------------------------------------------------------    -------------------
                         FDRE (Prop_FDRE_C_Q)         0.096     0.131 f  u_core/u_mem_adapter/state_reg[2]/Q
                         net (fo=57, unplaced)        0.181     0.312    u_core/u_mem_adapter/state_reg_n_0_[2]
                         LUT4 (Prop_LUT4_I0_O)        0.115     0.427 r  u_core/u_mem_adapter/m_axi_arsize[2]_INST_0/O
                         net (fo=53, unplaced)        0.285     0.712    u_core/u_mem_adapter/m_axi_arsize[2]
                         LUT5 (Prop_LUT5_I0_O)        0.039     0.751 r  u_core/u_mem_adapter/m_axi_arlen[0]_INST_0/O
                         net (fo=1, unplaced)         0.214     0.965    u_core/u_mem_adapter/m_axi_arlen[0]
                         LUT6 (Prop_LUT6_I0_O)        0.039     1.004 r  u_core/u_mem_adapter/m_axi_arlen[7]_INST_0/O
                         net (fo=0)                   0.000     1.004    m_axi_arlen[3]
                                                                      r  m_axi_arlen[5] (OUT)
  -------------------------------------------------------------------    -------------------

Slack:                    inf
  Source:                 u_core/u_mem_adapter/state_reg[2]/C
                            (rising edge-triggered cell FDRE clocked by aclk  {rise@0.000ns fall@10.000ns period=20.000ns})
  Destination:            m_axi_arlen[6]
                            (output port)
  Path Group:             (none)
  Path Type:              Max at Slow Process Corner
  Data Path Delay:        0.969ns  (logic 0.289ns (29.825%)  route 0.680ns (70.175%))
  Logic Levels:           3  (LUT4=1 LUT5=1 LUT6=1)
  Clock Uncertainty:      0.225ns  ((TSJ^2 + TIJ^2)^1/2 + DJ) / 2 + PE + UU
    Total System Jitter     (TSJ):    0.050ns
    Total Input Jitter      (TIJ):    0.000ns
    Discrete Jitter          (DJ):    0.000ns
    Phase Error              (PE):    0.000ns
    User Uncertainty         (UU):    0.200ns

    Location             Delay type                Incr(ns)  Path(ns)    Netlist Resource(s)
  -------------------------------------------------------------------    -------------------
                         (clock aclk rise edge)       0.000     0.000 r  
                                                      0.000     0.000 r  aclk (IN)
                         net (fo=62495, unset)        0.035     0.035    u_core/u_mem_adapter/aclk
                         FDRE                                         r  u_core/u_mem_adapter/state_reg[2]/C
  -------------------------------------------------------------------    -------------------
                         FDRE (Prop_FDRE_C_Q)         0.096     0.131 f  u_core/u_mem_adapter/state_reg[2]/Q
                         net (fo=57, unplaced)        0.181     0.312    u_core/u_mem_adapter/state_reg_n_0_[2]
                         LUT4 (Prop_LUT4_I0_O)        0.115     0.427 r  u_core/u_mem_adapter/m_axi_arsize[2]_INST_0/O
                         net (fo=53, unplaced)        0.285     0.712    u_core/u_mem_adapter/m_axi_arsize[2]
                         LUT5 (Prop_LUT5_I0_O)        0.039     0.751 r  u_core/u_mem_adapter/m_axi_arlen[0]_INST_0/O
                         net (fo=1, unplaced)         0.214     0.965    u_core/u_mem_adapter/m_axi_arlen[0]
                         LUT6 (Prop_LUT6_I0_O)        0.039     1.004 r  u_core/u_mem_adapter/m_axi_arlen[7]_INST_0/O
                         net (fo=0)                   0.000     1.004    m_axi_arlen[3]
                                                                      r  m_axi_arlen[6] (OUT)
  -------------------------------------------------------------------    -------------------

Slack:                    inf
  Source:                 u_core/u_mem_adapter/state_reg[2]/C
                            (rising edge-triggered cell FDRE clocked by aclk  {rise@0.000ns fall@10.000ns period=20.000ns})
  Destination:            m_axi_arlen[7]
                            (output port)
  Path Group:             (none)
  Path Type:              Max at Slow Process Corner
  Data Path Delay:        0.969ns  (logic 0.289ns (29.825%)  route 0.680ns (70.175%))
  Logic Levels:           3  (LUT4=1 LUT5=1 LUT6=1)
  Clock Uncertainty:      0.225ns  ((TSJ^2 + TIJ^2)^1/2 + DJ) / 2 + PE + UU
    Total System Jitter     (TSJ):    0.050ns
    Total Input Jitter      (TIJ):    0.000ns
    Discrete Jitter          (DJ):    0.000ns
    Phase Error              (PE):    0.000ns
    User Uncertainty         (UU):    0.200ns

    Location             Delay type                Incr(ns)  Path(ns)    Netlist Resource(s)
  -------------------------------------------------------------------    -------------------
                         (clock aclk rise edge)       0.000     0.000 r  
                                                      0.000     0.000 r  aclk (IN)
                         net (fo=62495, unset)        0.035     0.035    u_core/u_mem_adapter/aclk
                         FDRE                                         r  u_core/u_mem_adapter/state_reg[2]/C
  -------------------------------------------------------------------    -------------------
                         FDRE (Prop_FDRE_C_Q)         0.096     0.131 f  u_core/u_mem_adapter/state_reg[2]/Q
                         net (fo=57, unplaced)        0.181     0.312    u_core/u_mem_adapter/state_reg_n_0_[2]
                         LUT4 (Prop_LUT4_I0_O)        0.115     0.427 r  u_core/u_mem_adapter/m_axi_arsize[2]_INST_0/O
                         net (fo=53, unplaced)        0.285     0.712    u_core/u_mem_adapter/m_axi_arsize[2]
                         LUT5 (Prop_LUT5_I0_O)        0.039     0.751 r  u_core/u_mem_adapter/m_axi_arlen[0]_INST_0/O
                         net (fo=1, unplaced)         0.214     0.965    u_core/u_mem_adapter/m_axi_arlen[0]
                         LUT6 (Prop_LUT6_I0_O)        0.039     1.004 r  u_core/u_mem_adapter/m_axi_arlen[7]_INST_0/O
                         net (fo=0)                   0.000     1.004    m_axi_arlen[3]
                                                                      r  m_axi_arlen[7] (OUT)
  -------------------------------------------------------------------    -------------------

Slack:                    inf
  Source:                 u_core/u_mem_adapter/state_reg[2]/C
                            (rising edge-triggered cell FDRE clocked by aclk  {rise@0.000ns fall@10.000ns period=20.000ns})
  Destination:            m_axi_araddr[10]
                            (output port)
  Path Group:             (none)
  Path Type:              Max at Slow Process Corner
  Data Path Delay:        0.716ns  (logic 0.250ns (34.916%)  route 0.466ns (65.084%))
  Logic Levels:           2  (LUT4=1 LUT6=1)
  Clock Uncertainty:      0.225ns  ((TSJ^2 + TIJ^2)^1/2 + DJ) / 2 + PE + UU
    Total System Jitter     (TSJ):    0.050ns
    Total Input Jitter      (TIJ):    0.000ns
    Discrete Jitter          (DJ):    0.000ns
    Phase Error              (PE):    0.000ns
    User Uncertainty         (UU):    0.200ns

    Location             Delay type                Incr(ns)  Path(ns)    Netlist Resource(s)
  -------------------------------------------------------------------    -------------------
                         (clock aclk rise edge)       0.000     0.000 r  
                                                      0.000     0.000 r  aclk (IN)
                         net (fo=62495, unset)        0.035     0.035    u_core/u_mem_adapter/aclk
                         FDRE                                         r  u_core/u_mem_adapter/state_reg[2]/C
  -------------------------------------------------------------------    -------------------
                         FDRE (Prop_FDRE_C_Q)         0.096     0.131 f  u_core/u_mem_adapter/state_reg[2]/Q
                         net (fo=57, unplaced)        0.181     0.312    u_core/u_mem_adapter/state_reg_n_0_[2]
                         LUT4 (Prop_LUT4_I0_O)        0.115     0.427 r  u_core/u_mem_adapter/m_axi_arsize[2]_INST_0/O
                         net (fo=53, unplaced)        0.285     0.712    u_core/u_mem_adapter/m_axi_arsize[2]
                         LUT6 (Prop_LUT6_I4_O)        0.039     0.751 r  u_core/u_mem_adapter/m_axi_araddr[10]_INST_0/O
                         net (fo=0)                   0.000     0.751    m_axi_araddr[10]
                                                                      r  m_axi_araddr[10] (OUT)
  -------------------------------------------------------------------    -------------------

Slack:                    inf
  Source:                 u_core/u_mem_adapter/state_reg[2]/C
                            (rising edge-triggered cell FDRE clocked by aclk  {rise@0.000ns fall@10.000ns period=20.000ns})
  Destination:            m_axi_araddr[11]
                            (output port)
  Path Group:             (none)
  Path Type:              Max at Slow Process Corner
  Data Path Delay:        0.716ns  (logic 0.250ns (34.916%)  route 0.466ns (65.084%))
  Logic Levels:           2  (LUT4=1 LUT6=1)
  Clock Uncertainty:      0.225ns  ((TSJ^2 + TIJ^2)^1/2 + DJ) / 2 + PE + UU
    Total System Jitter     (TSJ):    0.050ns
    Total Input Jitter      (TIJ):    0.000ns
    Discrete Jitter          (DJ):    0.000ns
    Phase Error              (PE):    0.000ns
    User Uncertainty         (UU):    0.200ns

    Location             Delay type                Incr(ns)  Path(ns)    Netlist Resource(s)
  -------------------------------------------------------------------    -------------------
                         (clock aclk rise edge)       0.000     0.000 r  
                                                      0.000     0.000 r  aclk (IN)
                         net (fo=62495, unset)        0.035     0.035    u_core/u_mem_adapter/aclk
                         FDRE                                         r  u_core/u_mem_adapter/state_reg[2]/C
  -------------------------------------------------------------------    -------------------
                         FDRE (Prop_FDRE_C_Q)         0.096     0.131 f  u_core/u_mem_adapter/state_reg[2]/Q
                         net (fo=57, unplaced)        0.181     0.312    u_core/u_mem_adapter/state_reg_n_0_[2]
                         LUT4 (Prop_LUT4_I0_O)        0.115     0.427 r  u_core/u_mem_adapter/m_axi_arsize[2]_INST_0/O
                         net (fo=53, unplaced)        0.285     0.712    u_core/u_mem_adapter/m_axi_arsize[2]
                         LUT6 (Prop_LUT6_I4_O)        0.039     0.751 r  u_core/u_mem_adapter/m_axi_araddr[11]_INST_0/O
                         net (fo=0)                   0.000     0.751    m_axi_araddr[11]
                                                                      r  m_axi_araddr[11] (OUT)
  -------------------------------------------------------------------    -------------------

Slack:                    inf
  Source:                 u_core/u_mem_adapter/state_reg[2]/C
                            (rising edge-triggered cell FDRE clocked by aclk  {rise@0.000ns fall@10.000ns period=20.000ns})
  Destination:            m_axi_araddr[12]
                            (output port)
  Path Group:             (none)
  Path Type:              Max at Slow Process Corner
  Data Path Delay:        0.716ns  (logic 0.250ns (34.916%)  route 0.466ns (65.084%))
  Logic Levels:           2  (LUT4=1 LUT6=1)
  Clock Uncertainty:      0.225ns  ((TSJ^2 + TIJ^2)^1/2 + DJ) / 2 + PE + UU
    Total System Jitter     (TSJ):    0.050ns
    Total Input Jitter      (TIJ):    0.000ns
    Discrete Jitter          (DJ):    0.000ns
    Phase Error              (PE):    0.000ns
    User Uncertainty         (UU):    0.200ns

    Location             Delay type                Incr(ns)  Path(ns)    Netlist Resource(s)
  -------------------------------------------------------------------    -------------------
                         (clock aclk rise edge)       0.000     0.000 r  
                                                      0.000     0.000 r  aclk (IN)
                         net (fo=62495, unset)        0.035     0.035    u_core/u_mem_adapter/aclk
                         FDRE                                         r  u_core/u_mem_adapter/state_reg[2]/C
  -------------------------------------------------------------------    -------------------
                         FDRE (Prop_FDRE_C_Q)         0.096     0.131 f  u_core/u_mem_adapter/state_reg[2]/Q
                         net (fo=57, unplaced)        0.181     0.312    u_core/u_mem_adapter/state_reg_n_0_[2]
                         LUT4 (Prop_LUT4_I0_O)        0.115     0.427 r  u_core/u_mem_adapter/m_axi_arsize[2]_INST_0/O
                         net (fo=53, unplaced)        0.285     0.712    u_core/u_mem_adapter/m_axi_arsize[2]
                         LUT6 (Prop_LUT6_I4_O)        0.039     0.751 r  u_core/u_mem_adapter/m_axi_araddr[12]_INST_0/O
                         net (fo=0)                   0.000     0.751    m_axi_araddr[12]
                                                                      r  m_axi_araddr[12] (OUT)
  -------------------------------------------------------------------    -------------------

Slack:                    inf
  Source:                 u_core/u_mem_adapter/state_reg[2]/C
                            (rising edge-triggered cell FDRE clocked by aclk  {rise@0.000ns fall@10.000ns period=20.000ns})
  Destination:            m_axi_araddr[13]
                            (output port)
  Path Group:             (none)
  Path Type:              Max at Slow Process Corner
  Data Path Delay:        0.716ns  (logic 0.250ns (34.916%)  route 0.466ns (65.084%))
  Logic Levels:           2  (LUT4=1 LUT6=1)
  Clock Uncertainty:      0.225ns  ((TSJ^2 + TIJ^2)^1/2 + DJ) / 2 + PE + UU
    Total System Jitter     (TSJ):    0.050ns
    Total Input Jitter      (TIJ):    0.000ns
    Discrete Jitter          (DJ):    0.000ns
    Phase Error              (PE):    0.000ns
    User Uncertainty         (UU):    0.200ns

    Location             Delay type                Incr(ns)  Path(ns)    Netlist Resource(s)
  -------------------------------------------------------------------    -------------------
                         (clock aclk rise edge)       0.000     0.000 r  
                                                      0.000     0.000 r  aclk (IN)
                         net (fo=62495, unset)        0.035     0.035    u_core/u_mem_adapter/aclk
                         FDRE                                         r  u_core/u_mem_adapter/state_reg[2]/C
  -------------------------------------------------------------------    -------------------
                         FDRE (Prop_FDRE_C_Q)         0.096     0.131 f  u_core/u_mem_adapter/state_reg[2]/Q
                         net (fo=57, unplaced)        0.181     0.312    u_core/u_mem_adapter/state_reg_n_0_[2]
                         LUT4 (Prop_LUT4_I0_O)        0.115     0.427 r  u_core/u_mem_adapter/m_axi_arsize[2]_INST_0/O
                         net (fo=53, unplaced)        0.285     0.712    u_core/u_mem_adapter/m_axi_arsize[2]
                         LUT6 (Prop_LUT6_I4_O)        0.039     0.751 r  u_core/u_mem_adapter/m_axi_araddr[13]_INST_0/O
                         net (fo=0)                   0.000     0.751    m_axi_araddr[13]
                                                                      r  m_axi_araddr[13] (OUT)
  -------------------------------------------------------------------    -------------------

Slack:                    inf
  Source:                 u_core/u_mem_adapter/state_reg[2]/C
                            (rising edge-triggered cell FDRE clocked by aclk  {rise@0.000ns fall@10.000ns period=20.000ns})
  Destination:            m_axi_araddr[14]
                            (output port)
  Path Group:             (none)
  Path Type:              Max at Slow Process Corner
  Data Path Delay:        0.716ns  (logic 0.250ns (34.916%)  route 0.466ns (65.084%))
  Logic Levels:           2  (LUT4=1 LUT6=1)
  Clock Uncertainty:      0.225ns  ((TSJ^2 + TIJ^2)^1/2 + DJ) / 2 + PE + UU
    Total System Jitter     (TSJ):    0.050ns
    Total Input Jitter      (TIJ):    0.000ns
    Discrete Jitter          (DJ):    0.000ns
    Phase Error              (PE):    0.000ns
    User Uncertainty         (UU):    0.200ns

    Location             Delay type                Incr(ns)  Path(ns)    Netlist Resource(s)
  -------------------------------------------------------------------    -------------------
                         (clock aclk rise edge)       0.000     0.000 r  
                                                      0.000     0.000 r  aclk (IN)
                         net (fo=62495, unset)        0.035     0.035    u_core/u_mem_adapter/aclk
                         FDRE                                         r  u_core/u_mem_adapter/state_reg[2]/C
  -------------------------------------------------------------------    -------------------
                         FDRE (Prop_FDRE_C_Q)         0.096     0.131 f  u_core/u_mem_adapter/state_reg[2]/Q
                         net (fo=57, unplaced)        0.181     0.312    u_core/u_mem_adapter/state_reg_n_0_[2]
                         LUT4 (Prop_LUT4_I0_O)        0.115     0.427 r  u_core/u_mem_adapter/m_axi_arsize[2]_INST_0/O
                         net (fo=53, unplaced)        0.285     0.712    u_core/u_mem_adapter/m_axi_arsize[2]
                         LUT6 (Prop_LUT6_I4_O)        0.039     0.751 r  u_core/u_mem_adapter/m_axi_araddr[14]_INST_0/O
                         net (fo=0)                   0.000     0.751    m_axi_araddr[14]
                                                                      r  m_axi_araddr[14] (OUT)
  -------------------------------------------------------------------    -------------------

Slack:                    inf
  Source:                 u_core/u_mem_adapter/state_reg[2]/C
                            (rising edge-triggered cell FDRE clocked by aclk  {rise@0.000ns fall@10.000ns period=20.000ns})
  Destination:            m_axi_araddr[15]
                            (output port)
  Path Group:             (none)
  Path Type:              Max at Slow Process Corner
  Data Path Delay:        0.716ns  (logic 0.250ns (34.916%)  route 0.466ns (65.084%))
  Logic Levels:           2  (LUT4=1 LUT6=1)
  Clock Uncertainty:      0.225ns  ((TSJ^2 + TIJ^2)^1/2 + DJ) / 2 + PE + UU
    Total System Jitter     (TSJ):    0.050ns
    Total Input Jitter      (TIJ):    0.000ns
    Discrete Jitter          (DJ):    0.000ns
    Phase Error              (PE):    0.000ns
    User Uncertainty         (UU):    0.200ns

    Location             Delay type                Incr(ns)  Path(ns)    Netlist Resource(s)
  -------------------------------------------------------------------    -------------------
                         (clock aclk rise edge)       0.000     0.000 r  
                                                      0.000     0.000 r  aclk (IN)
                         net (fo=62495, unset)        0.035     0.035    u_core/u_mem_adapter/aclk
                         FDRE                                         r  u_core/u_mem_adapter/state_reg[2]/C
  -------------------------------------------------------------------    -------------------
                         FDRE (Prop_FDRE_C_Q)         0.096     0.131 f  u_core/u_mem_adapter/state_reg[2]/Q
                         net (fo=57, unplaced)        0.181     0.312    u_core/u_mem_adapter/state_reg_n_0_[2]
                         LUT4 (Prop_LUT4_I0_O)        0.115     0.427 r  u_core/u_mem_adapter/m_axi_arsize[2]_INST_0/O
                         net (fo=53, unplaced)        0.285     0.712    u_core/u_mem_adapter/m_axi_arsize[2]
                         LUT6 (Prop_LUT6_I4_O)        0.039     0.751 r  u_core/u_mem_adapter/m_axi_araddr[15]_INST_0/O
                         net (fo=0)                   0.000     0.751    m_axi_araddr[15]
                                                                      r  m_axi_araddr[15] (OUT)
  -------------------------------------------------------------------    -------------------

Slack:                    inf
  Source:                 u_core/u_mem_adapter/state_reg[2]/C
                            (rising edge-triggered cell FDRE clocked by aclk  {rise@0.000ns fall@10.000ns period=20.000ns})
  Destination:            m_axi_araddr[16]
                            (output port)
  Path Group:             (none)
  Path Type:              Max at Slow Process Corner
  Data Path Delay:        0.716ns  (logic 0.250ns (34.916%)  route 0.466ns (65.084%))
  Logic Levels:           2  (LUT4=1 LUT6=1)
  Clock Uncertainty:      0.225ns  ((TSJ^2 + TIJ^2)^1/2 + DJ) / 2 + PE + UU
    Total System Jitter     (TSJ):    0.050ns
    Total Input Jitter      (TIJ):    0.000ns
    Discrete Jitter          (DJ):    0.000ns
    Phase Error              (PE):    0.000ns
    User Uncertainty         (UU):    0.200ns

    Location             Delay type                Incr(ns)  Path(ns)    Netlist Resource(s)
  -------------------------------------------------------------------    -------------------
                         (clock aclk rise edge)       0.000     0.000 r  
                                                      0.000     0.000 r  aclk (IN)
                         net (fo=62495, unset)        0.035     0.035    u_core/u_mem_adapter/aclk
                         FDRE                                         r  u_core/u_mem_adapter/state_reg[2]/C
  -------------------------------------------------------------------    -------------------
                         FDRE (Prop_FDRE_C_Q)         0.096     0.131 f  u_core/u_mem_adapter/state_reg[2]/Q
                         net (fo=57, unplaced)        0.181     0.312    u_core/u_mem_adapter/state_reg_n_0_[2]
                         LUT4 (Prop_LUT4_I0_O)        0.115     0.427 r  u_core/u_mem_adapter/m_axi_arsize[2]_INST_0/O
                         net (fo=53, unplaced)        0.285     0.712    u_core/u_mem_adapter/m_axi_arsize[2]
                         LUT6 (Prop_LUT6_I4_O)        0.039     0.751 r  u_core/u_mem_adapter/m_axi_araddr[16]_INST_0/O
                         net (fo=0)                   0.000     0.751    m_axi_araddr[16]
                                                                      r  m_axi_araddr[16] (OUT)
  -------------------------------------------------------------------    -------------------

Slack:                    inf
  Source:                 u_core/u_mem_adapter/state_reg[2]/C
                            (rising edge-triggered cell FDRE clocked by aclk  {rise@0.000ns fall@10.000ns period=20.000ns})
  Destination:            m_axi_araddr[17]
                            (output port)
  Path Group:             (none)
  Path Type:              Max at Slow Process Corner
  Data Path Delay:        0.716ns  (logic 0.250ns (34.916%)  route 0.466ns (65.084%))
  Logic Levels:           2  (LUT4=1 LUT6=1)
  Clock Uncertainty:      0.225ns  ((TSJ^2 + TIJ^2)^1/2 + DJ) / 2 + PE + UU
    Total System Jitter     (TSJ):    0.050ns
    Total Input Jitter      (TIJ):    0.000ns
    Discrete Jitter          (DJ):    0.000ns
    Phase Error              (PE):    0.000ns
    User Uncertainty         (UU):    0.200ns

    Location             Delay type                Incr(ns)  Path(ns)    Netlist Resource(s)
  -------------------------------------------------------------------    -------------------
                         (clock aclk rise edge)       0.000     0.000 r  
                                                      0.000     0.000 r  aclk (IN)
                         net (fo=62495, unset)        0.035     0.035    u_core/u_mem_adapter/aclk
                         FDRE                                         r  u_core/u_mem_adapter/state_reg[2]/C
  -------------------------------------------------------------------    -------------------
                         FDRE (Prop_FDRE_C_Q)         0.096     0.131 f  u_core/u_mem_adapter/state_reg[2]/Q
                         net (fo=57, unplaced)        0.181     0.312    u_core/u_mem_adapter/state_reg_n_0_[2]
                         LUT4 (Prop_LUT4_I0_O)        0.115     0.427 r  u_core/u_mem_adapter/m_axi_arsize[2]_INST_0/O
                         net (fo=53, unplaced)        0.285     0.712    u_core/u_mem_adapter/m_axi_arsize[2]
                         LUT6 (Prop_LUT6_I4_O)        0.039     0.751 r  u_core/u_mem_adapter/m_axi_araddr[17]_INST_0/O
                         net (fo=0)                   0.000     0.751    m_axi_araddr[17]
                                                                      r  m_axi_araddr[17] (OUT)
  -------------------------------------------------------------------    -------------------

Slack:                    inf
  Source:                 u_core/u_mem_adapter/state_reg[2]/C
                            (rising edge-triggered cell FDRE clocked by aclk  {rise@0.000ns fall@10.000ns period=20.000ns})
  Destination:            m_axi_araddr[18]
                            (output port)
  Path Group:             (none)
  Path Type:              Max at Slow Process Corner
  Data Path Delay:        0.716ns  (logic 0.250ns (34.916%)  route 0.466ns (65.084%))
  Logic Levels:           2  (LUT4=1 LUT6=1)
  Clock Uncertainty:      0.225ns  ((TSJ^2 + TIJ^2)^1/2 + DJ) / 2 + PE + UU
    Total System Jitter     (TSJ):    0.050ns
    Total Input Jitter      (TIJ):    0.000ns
    Discrete Jitter          (DJ):    0.000ns
    Phase Error              (PE):    0.000ns
    User Uncertainty         (UU):    0.200ns

    Location             Delay type                Incr(ns)  Path(ns)    Netlist Resource(s)
  -------------------------------------------------------------------    -------------------
                         (clock aclk rise edge)       0.000     0.000 r  
                                                      0.000     0.000 r  aclk (IN)
                         net (fo=62495, unset)        0.035     0.035    u_core/u_mem_adapter/aclk
                         FDRE                                         r  u_core/u_mem_adapter/state_reg[2]/C
  -------------------------------------------------------------------    -------------------
                         FDRE (Prop_FDRE_C_Q)         0.096     0.131 f  u_core/u_mem_adapter/state_reg[2]/Q
                         net (fo=57, unplaced)        0.181     0.312    u_core/u_mem_adapter/state_reg_n_0_[2]
                         LUT4 (Prop_LUT4_I0_O)        0.115     0.427 r  u_core/u_mem_adapter/m_axi_arsize[2]_INST_0/O
                         net (fo=53, unplaced)        0.285     0.712    u_core/u_mem_adapter/m_axi_arsize[2]
                         LUT6 (Prop_LUT6_I4_O)        0.039     0.751 r  u_core/u_mem_adapter/m_axi_araddr[18]_INST_0/O
                         net (fo=0)                   0.000     0.751    m_axi_araddr[18]
                                                                      r  m_axi_araddr[18] (OUT)
  -------------------------------------------------------------------    -------------------

Slack:                    inf
  Source:                 u_core/u_mem_adapter/state_reg[2]/C
                            (rising edge-triggered cell FDRE clocked by aclk  {rise@0.000ns fall@10.000ns period=20.000ns})
  Destination:            m_axi_araddr[19]
                            (output port)
  Path Group:             (none)
  Path Type:              Max at Slow Process Corner
  Data Path Delay:        0.716ns  (logic 0.250ns (34.916%)  route 0.466ns (65.084%))
  Logic Levels:           2  (LUT4=1 LUT6=1)
  Clock Uncertainty:      0.225ns  ((TSJ^2 + TIJ^2)^1/2 + DJ) / 2 + PE + UU
    Total System Jitter     (TSJ):    0.050ns
    Total Input Jitter      (TIJ):    0.000ns
    Discrete Jitter          (DJ):    0.000ns
    Phase Error              (PE):    0.000ns
    User Uncertainty         (UU):    0.200ns

    Location             Delay type                Incr(ns)  Path(ns)    Netlist Resource(s)
  -------------------------------------------------------------------    -------------------
                         (clock aclk rise edge)       0.000     0.000 r  
                                                      0.000     0.000 r  aclk (IN)
                         net (fo=62495, unset)        0.035     0.035    u_core/u_mem_adapter/aclk
                         FDRE                                         r  u_core/u_mem_adapter/state_reg[2]/C
  -------------------------------------------------------------------    -------------------
                         FDRE (Prop_FDRE_C_Q)         0.096     0.131 f  u_core/u_mem_adapter/state_reg[2]/Q
                         net (fo=57, unplaced)        0.181     0.312    u_core/u_mem_adapter/state_reg_n_0_[2]
                         LUT4 (Prop_LUT4_I0_O)        0.115     0.427 r  u_core/u_mem_adapter/m_axi_arsize[2]_INST_0/O
                         net (fo=53, unplaced)        0.285     0.712    u_core/u_mem_adapter/m_axi_arsize[2]
                         LUT6 (Prop_LUT6_I4_O)        0.039     0.751 r  u_core/u_mem_adapter/m_axi_araddr[19]_INST_0/O
                         net (fo=0)                   0.000     0.751    m_axi_araddr[19]
                                                                      r  m_axi_araddr[19] (OUT)
  -------------------------------------------------------------------    -------------------

Slack:                    inf
  Source:                 u_core/u_mem_adapter/state_reg[2]/C
                            (rising edge-triggered cell FDRE clocked by aclk  {rise@0.000ns fall@10.000ns period=20.000ns})
  Destination:            m_axi_araddr[20]
                            (output port)
  Path Group:             (none)
  Path Type:              Max at Slow Process Corner
  Data Path Delay:        0.716ns  (logic 0.250ns (34.916%)  route 0.466ns (65.084%))
  Logic Levels:           2  (LUT4=1 LUT6=1)
  Clock Uncertainty:      0.225ns  ((TSJ^2 + TIJ^2)^1/2 + DJ) / 2 + PE + UU
    Total System Jitter     (TSJ):    0.050ns
    Total Input Jitter      (TIJ):    0.000ns
    Discrete Jitter          (DJ):    0.000ns
    Phase Error              (PE):    0.000ns
    User Uncertainty         (UU):    0.200ns

    Location             Delay type                Incr(ns)  Path(ns)    Netlist Resource(s)
  -------------------------------------------------------------------    -------------------
                         (clock aclk rise edge)       0.000     0.000 r  
                                                      0.000     0.000 r  aclk (IN)
                         net (fo=62495, unset)        0.035     0.035    u_core/u_mem_adapter/aclk
                         FDRE                                         r  u_core/u_mem_adapter/state_reg[2]/C
  -------------------------------------------------------------------    -------------------
                         FDRE (Prop_FDRE_C_Q)         0.096     0.131 f  u_core/u_mem_adapter/state_reg[2]/Q
                         net (fo=57, unplaced)        0.181     0.312    u_core/u_mem_adapter/state_reg_n_0_[2]
                         LUT4 (Prop_LUT4_I0_O)        0.115     0.427 r  u_core/u_mem_adapter/m_axi_arsize[2]_INST_0/O
                         net (fo=53, unplaced)        0.285     0.712    u_core/u_mem_adapter/m_axi_arsize[2]
                         LUT6 (Prop_LUT6_I4_O)        0.039     0.751 r  u_core/u_mem_adapter/m_axi_araddr[20]_INST_0/O
                         net (fo=0)                   0.000     0.751    m_axi_araddr[20]
                                                                      r  m_axi_araddr[20] (OUT)
  -------------------------------------------------------------------    -------------------

Slack:                    inf
  Source:                 u_core/u_mem_adapter/state_reg[2]/C
                            (rising edge-triggered cell FDRE clocked by aclk  {rise@0.000ns fall@10.000ns period=20.000ns})
  Destination:            m_axi_araddr[21]
                            (output port)
  Path Group:             (none)
  Path Type:              Max at Slow Process Corner
  Data Path Delay:        0.716ns  (logic 0.250ns (34.916%)  route 0.466ns (65.084%))
  Logic Levels:           2  (LUT4=1 LUT6=1)
  Clock Uncertainty:      0.225ns  ((TSJ^2 + TIJ^2)^1/2 + DJ) / 2 + PE + UU
    Total System Jitter     (TSJ):    0.050ns
    Total Input Jitter      (TIJ):    0.000ns
    Discrete Jitter          (DJ):    0.000ns
    Phase Error              (PE):    0.000ns
    User Uncertainty         (UU):    0.200ns

    Location             Delay type                Incr(ns)  Path(ns)    Netlist Resource(s)
  -------------------------------------------------------------------    -------------------
                         (clock aclk rise edge)       0.000     0.000 r  
                                                      0.000     0.000 r  aclk (IN)
                         net (fo=62495, unset)        0.035     0.035    u_core/u_mem_adapter/aclk
                         FDRE                                         r  u_core/u_mem_adapter/state_reg[2]/C
  -------------------------------------------------------------------    -------------------
                         FDRE (Prop_FDRE_C_Q)         0.096     0.131 f  u_core/u_mem_adapter/state_reg[2]/Q
                         net (fo=57, unplaced)        0.181     0.312    u_core/u_mem_adapter/state_reg_n_0_[2]
                         LUT4 (Prop_LUT4_I0_O)        0.115     0.427 r  u_core/u_mem_adapter/m_axi_arsize[2]_INST_0/O
                         net (fo=53, unplaced)        0.285     0.712    u_core/u_mem_adapter/m_axi_arsize[2]
                         LUT6 (Prop_LUT6_I4_O)        0.039     0.751 r  u_core/u_mem_adapter/m_axi_araddr[21]_INST_0/O
                         net (fo=0)                   0.000     0.751    m_axi_araddr[21]
                                                                      r  m_axi_araddr[21] (OUT)
  -------------------------------------------------------------------    -------------------

Slack:                    inf
  Source:                 u_core/u_mem_adapter/state_reg[2]/C
                            (rising edge-triggered cell FDRE clocked by aclk  {rise@0.000ns fall@10.000ns period=20.000ns})
  Destination:            m_axi_araddr[22]
                            (output port)
  Path Group:             (none)
  Path Type:              Max at Slow Process Corner
  Data Path Delay:        0.716ns  (logic 0.250ns (34.916%)  route 0.466ns (65.084%))
  Logic Levels:           2  (LUT4=1 LUT6=1)
  Clock Uncertainty:      0.225ns  ((TSJ^2 + TIJ^2)^1/2 + DJ) / 2 + PE + UU
    Total System Jitter     (TSJ):    0.050ns
    Total Input Jitter      (TIJ):    0.000ns
    Discrete Jitter          (DJ):    0.000ns
    Phase Error              (PE):    0.000ns
    User Uncertainty         (UU):    0.200ns

    Location             Delay type                Incr(ns)  Path(ns)    Netlist Resource(s)
  -------------------------------------------------------------------    -------------------
                         (clock aclk rise edge)       0.000     0.000 r  
                                                      0.000     0.000 r  aclk (IN)
                         net (fo=62495, unset)        0.035     0.035    u_core/u_mem_adapter/aclk
                         FDRE                                         r  u_core/u_mem_adapter/state_reg[2]/C
  -------------------------------------------------------------------    -------------------
                         FDRE (Prop_FDRE_C_Q)         0.096     0.131 f  u_core/u_mem_adapter/state_reg[2]/Q
                         net (fo=57, unplaced)        0.181     0.312    u_core/u_mem_adapter/state_reg_n_0_[2]
                         LUT4 (Prop_LUT4_I0_O)        0.115     0.427 r  u_core/u_mem_adapter/m_axi_arsize[2]_INST_0/O
                         net (fo=53, unplaced)        0.285     0.712    u_core/u_mem_adapter/m_axi_arsize[2]
                         LUT6 (Prop_LUT6_I4_O)        0.039     0.751 r  u_core/u_mem_adapter/m_axi_araddr[22]_INST_0/O
                         net (fo=0)                   0.000     0.751    m_axi_araddr[22]
                                                                      r  m_axi_araddr[22] (OUT)
  -------------------------------------------------------------------    -------------------

Slack:                    inf
  Source:                 u_core/u_mem_adapter/state_reg[2]/C
                            (rising edge-triggered cell FDRE clocked by aclk  {rise@0.000ns fall@10.000ns period=20.000ns})
  Destination:            m_axi_araddr[23]
                            (output port)
  Path Group:             (none)
  Path Type:              Max at Slow Process Corner
  Data Path Delay:        0.716ns  (logic 0.250ns (34.916%)  route 0.466ns (65.084%))
  Logic Levels:           2  (LUT4=1 LUT6=1)
  Clock Uncertainty:      0.225ns  ((TSJ^2 + TIJ^2)^1/2 + DJ) / 2 + PE + UU
    Total System Jitter     (TSJ):    0.050ns
    Total Input Jitter      (TIJ):    0.000ns
    Discrete Jitter          (DJ):    0.000ns
    Phase Error              (PE):    0.000ns
    User Uncertainty         (UU):    0.200ns

    Location             Delay type                Incr(ns)  Path(ns)    Netlist Resource(s)
  -------------------------------------------------------------------    -------------------
                         (clock aclk rise edge)       0.000     0.000 r  
                                                      0.000     0.000 r  aclk (IN)
                         net (fo=62495, unset)        0.035     0.035    u_core/u_mem_adapter/aclk
                         FDRE                                         r  u_core/u_mem_adapter/state_reg[2]/C
  -------------------------------------------------------------------    -------------------
                         FDRE (Prop_FDRE_C_Q)         0.096     0.131 f  u_core/u_mem_adapter/state_reg[2]/Q
                         net (fo=57, unplaced)        0.181     0.312    u_core/u_mem_adapter/state_reg_n_0_[2]
                         LUT4 (Prop_LUT4_I0_O)        0.115     0.427 r  u_core/u_mem_adapter/m_axi_arsize[2]_INST_0/O
                         net (fo=53, unplaced)        0.285     0.712    u_core/u_mem_adapter/m_axi_arsize[2]
                         LUT6 (Prop_LUT6_I4_O)        0.039     0.751 r  u_core/u_mem_adapter/m_axi_araddr[23]_INST_0/O
                         net (fo=0)                   0.000     0.751    m_axi_araddr[23]
                                                                      r  m_axi_araddr[23] (OUT)
  -------------------------------------------------------------------    -------------------





--------------------------------------------------------------------------------------
Path Group:  (none)
From Clock:  
  To Clock:  aclk

Max Delay         80968 Endpoints
Min Delay             0 Endpoints
--------------------------------------------------------------------------------------


Max Delay Paths
--------------------------------------------------------------------------------------
Slack:                    inf
  Source:                 aresetn
                            (input port)
  Destination:            u_core/u_mem_adapter/fill_first_word_reg[0]/CE
                            (rising edge-triggered cell FDRE clocked by aclk  {rise@0.000ns fall@10.000ns period=20.000ns})
  Path Group:             (none)
  Path Type:              Setup (Max at Slow Process Corner)
  Data Path Delay:        9.411ns  (logic 3.011ns (31.994%)  route 6.400ns (68.006%))
  Logic Levels:           39  (CARRY8=14 LUT2=3 LUT3=2 LUT4=4 LUT5=6 LUT6=10)
  Clock Path Skew:        0.024ns (DCD - SCD + CPR)
    Destination Clock Delay (DCD):    0.024ns
    Source Clock Delay      (SCD):    0.000ns
    Clock Pessimism Removal (CPR):    0.000ns
  Clock Uncertainty:      0.225ns  ((TSJ^2 + TIJ^2)^1/2 + DJ) / 2 + PE + UU
    Total System Jitter     (TSJ):    0.050ns
    Total Input Jitter      (TIJ):    0.000ns
    Discrete Jitter          (DJ):    0.000ns
    Phase Error              (PE):    0.000ns
    User Uncertainty         (UU):    0.200ns

    Location             Delay type                Incr(ns)  Path(ns)    Netlist Resource(s)
  -------------------------------------------------------------------    -------------------
                                                      0.000     0.000 f  aresetn (IN)
                         net (fo=18, unset)           0.000     0.000    u_core/aresetn
                         LUT2 (Prop_LUT2_I0_O)        0.064     0.064 f  u_core/u_mem_adapter_i_1/O
                         net (fo=4, unplaced)         0.226     0.290    u_core/u_mem_adapter/aresetn
                         LUT5 (Prop_LUT5_I4_O)        0.085     0.375 r  u_core/u_mem_adapter/scalar_address_hold[0]_i_4/O
                         net (fo=3, unplaced)         0.162     0.537    u_core/u_mem_adapter/scalar_address_hold[0]_i_4_n_0
                         LUT5 (Prop_LUT5_I1_O)        0.064     0.601 r  u_core/u_mem_adapter/fill_start_word[31]_i_2/O
                         net (fo=101, unplaced)       0.242     0.843    u_core/u_mem_adapter/fill_start_word[31]_i_2_n_0
                         LUT5 (Prop_LUT5_I3_O)        0.064     0.907 r  u_core/u_mem_adapter/four_k_split_o_i_26/O
                         net (fo=4, unplaced)         0.168     1.075    u_core/u_mem_adapter/p_1_in[0]
                         LUT6 (Prop_LUT6_I0_O)        0.064     1.139 r  u_core/u_mem_adapter/four_k_split_o_i_34/O
                         net (fo=1, unplaced)         0.018     1.157    u_core/u_mem_adapter/four_k_split_o_i_34_n_0
                         CARRY8 (Prop_CARRY8_S[0]_O[4])
                                                      0.255     1.412 f  u_core/u_mem_adapter/four_k_split_o_reg_i_6/O[4]
                         net (fo=4, unplaced)         0.224     1.636    u_core/u_mem_adapter/four_k_split_o_reg_i_6_n_11
                         LUT4 (Prop_LUT4_I3_O)        0.135     1.771 r  u_core/u_mem_adapter/four_k_split_o_i_57/O
                         net (fo=1, unplaced)         0.232     2.003    u_core/u_mem_adapter/four_k_split_o_i_57_n_0
                         CARRY8 (Prop_CARRY8_DI[2]_CO[7])
                                                      0.142     2.145 r  u_core/u_mem_adapter/four_k_split_o_reg_i_47/CO[7]
                         net (fo=1, unplaced)         0.007     2.152    u_core/u_mem_adapter/four_k_split_o_reg_i_47_n_0
                         CARRY8 (Prop_CARRY8_CI_CO[7])
                                                      0.030     2.182 r  u_core/u_mem_adapter/four_k_split_o_reg_i_35/CO[7]
                         net (fo=1, unplaced)         0.007     2.189    u_core/u_mem_adapter/four_k_split_o_reg_i_35_n_0
                         CARRY8 (Prop_CARRY8_CI_CO[0])
                                                      0.068     2.257 r  u_core/u_mem_adapter/four_k_split_o_reg_i_7/CO[0]
                         net (fo=9, unplaced)         0.245     2.502    u_core/u_mem_adapter/clamped_contiguous_words1
                         LUT4 (Prop_LUT4_I1_O)        0.085     2.587 f  u_core/u_mem_adapter/four_k_split_o_i_3/O
                         net (fo=19, unplaced)        0.262     2.849    u_core/u_mem_adapter/four_k_split_o_i_3_n_0
                         LUT6 (Prop_LUT6_I5_O)        0.039     2.888 r  u_core/u_mem_adapter/four_k_split_o_i_13/O
                         net (fo=2, unplaced)         0.259     3.147    u_core/u_mem_adapter/four_k_split_o_i_13_n_0
                         CARRY8 (Prop_CARRY8_DI[0]_CO[4])
                                                      0.229     3.376 r  u_core/u_mem_adapter/fill_desc_beats_reg[0][2]_i_2/CO[4]
                         net (fo=9, unplaced)         0.243     3.619    u_core/u_mem_adapter/fill_desc_beats_reg[0][2]_i_2_n_3
                         LUT6 (Prop_LUT6_I5_O)        0.039     3.658 r  u_core/u_mem_adapter/fill_desc_beats[0][0]_i_2/O
                         net (fo=14, unplaced)        0.255     3.913    u_core/u_mem_adapter/fill_desc_beats[0][0]_i_2_n_0
                         LUT2 (Prop_LUT2_I1_O)        0.040     3.953 r  u_core/u_mem_adapter/fill_desc_addr[1][10]_i_4/O
                         net (fo=1, unplaced)         0.017     3.970    u_core/u_mem_adapter/fill_desc_addr[1][10]_i_4_n_0
                         CARRY8 (Prop_CARRY8_S[1]_O[2])
                                                      0.144     4.114 r  u_core/u_mem_adapter/fill_desc_addr_reg[1][10]_i_1/O[2]
                         net (fo=9, unplaced)         0.245     4.359    u_core/u_mem_adapter/fill_desc_addr_reg[1][10]_i_1_n_13
                         LUT6 (Prop_LUT6_I0_O)        0.100     4.459 f  u_core/u_mem_adapter/fill_desc_beats[1][2]_i_23/O
                         net (fo=2, unplaced)         0.156     4.615    u_core/u_mem_adapter/fill_desc_beats[1][2]_i_23_n_0
                         LUT6 (Prop_LUT6_I4_O)        0.064     4.679 f  u_core/u_mem_adapter/fill_desc_beats[1][2]_i_10/O
                         net (fo=1, unplaced)         0.259     4.938    u_core/u_mem_adapter/fill_desc_beats[1][2]_i_10_n_0
                         CARRY8 (Prop_CARRY8_DI[0]_CO[4])
                                                      0.229     5.167 f  u_core/u_mem_adapter/fill_desc_beats_reg[1][2]_i_3/CO[4]
                         net (fo=7, unplaced)         0.237     5.404    u_core/u_mem_adapter/planned_second_beats1
                         LUT6 (Prop_LUT6_I0_O)        0.039     5.443 f  u_core/u_mem_adapter/fill_desc_beats[1][1]_i_11/O
                         net (fo=1, unplaced)         0.214     5.657    u_core/u_mem_adapter/fill_desc_beats[1][1]_i_11_n_0
                         LUT6 (Prop_LUT6_I5_O)        0.039     5.696 f  u_core/u_mem_adapter/fill_desc_beats[1][1]_i_6/O
                         net (fo=1, unplaced)         0.214     5.910    u_core/u_mem_adapter/fill_desc_beats[1][1]_i_6_n_0
                         LUT6 (Prop_LUT6_I5_O)        0.039     5.949 r  u_core/u_mem_adapter/fill_desc_beats[1][1]_i_1/O
                         net (fo=6, unplaced)         0.236     6.185    u_core/u_mem_adapter/fill_desc_beats[1][1]_i_1_n_0
                         LUT4 (Prop_LUT4_I2_O)        0.039     6.224 f  u_core/u_mem_adapter/fill_valid_words[3]_i_2/O
                         net (fo=6, unplaced)         0.236     6.460    u_core/u_mem_adapter/fill_valid_words[3]_i_2_n_0
                         LUT2 (Prop_LUT2_I1_O)        0.039     6.499 r  u_core/u_mem_adapter/linefill_start_o_i_209/O
                         net (fo=2, unplaced)         0.214     6.713    u_core/u_mem_adapter/linefill_start_o_i_209_n_0
                         LUT5 (Prop_LUT5_I3_O)        0.039     6.752 r  u_core/u_mem_adapter/linefill_start_o_i_212/O
                         net (fo=1, unplaced)         0.019     6.771    u_core/u_mem_adapter/linefill_start_o_i_212_n_0
                         CARRY8 (Prop_CARRY8_S[5]_CO[7])
                                                      0.204     6.975 r  u_core/u_mem_adapter/linefill_start_o_reg_i_198/CO[7]
                         net (fo=1, unplaced)         0.007     6.982    u_core/u_mem_adapter/linefill_start_o_reg_i_198_n_0
                         CARRY8 (Prop_CARRY8_CI_CO[7])
                                                      0.030     7.012 r  u_core/u_mem_adapter/linefill_start_o_reg_i_189/CO[7]
                         net (fo=1, unplaced)         0.007     7.019    u_core/u_mem_adapter/linefill_start_o_reg_i_189_n_0
                         CARRY8 (Prop_CARRY8_CI_CO[7])
                                                      0.030     7.049 r  u_core/u_mem_adapter/linefill_start_o_reg_i_165/CO[7]
                         net (fo=1, unplaced)         0.007     7.056    u_core/u_mem_adapter/linefill_start_o_reg_i_165_n_0
                         CARRY8 (Prop_CARRY8_CI_CO[7])
                                                      0.030     7.086 r  u_core/u_mem_adapter/linefill_start_o_reg_i_131/CO[7]
                         net (fo=1, unplaced)         0.007     7.093    u_core/u_mem_adapter/linefill_start_o_reg_i_131_n_0
                         CARRY8 (Prop_CARRY8_CI_CO[7])
                                                      0.030     7.123 r  u_core/u_mem_adapter/linefill_start_o_reg_i_85/CO[7]
                         net (fo=1, unplaced)         0.007     7.130    u_core/u_mem_adapter/linefill_start_o_reg_i_85_n_0
                         CARRY8 (Prop_CARRY8_CI_CO[7])
                                                      0.030     7.160 r  u_core/u_mem_adapter/linefill_start_o_reg_i_41/CO[7]
                         net (fo=1, unplaced)         0.007     7.167    u_core/u_mem_adapter/linefill_start_o_reg_i_41_n_0
                         CARRY8 (Prop_CARRY8_CI_O[4])
                                                      0.109     7.276 f  u_core/u_mem_adapter/linefill_start_o_reg_i_86/O[4]
                         net (fo=1, unplaced)         0.213     7.489    u_core/u_mem_adapter/planned_end_address_wide0[53]
                         LUT4 (Prop_LUT4_I1_O)        0.115     7.604 f  u_core/u_mem_adapter/linefill_start_o_i_87/O
                         net (fo=1, unplaced)         0.214     7.818    u_core/u_mem_adapter/linefill_start_o_i_87_n_0
                         LUT5 (Prop_LUT5_I4_O)        0.039     7.857 f  u_core/u_mem_adapter/linefill_start_o_i_39/O
                         net (fo=1, unplaced)         0.156     8.013    u_core/u_mem_adapter/linefill_start_o_i_39_n_0
                         LUT5 (Prop_LUT5_I0_O)        0.064     8.077 f  u_core/u_mem_adapter/linefill_start_o_i_12/O
                         net (fo=2, unplaced)         0.214     8.291    u_core/u_mem_adapter/linefill_start_o_i_12_n_0
                         LUT6 (Prop_LUT6_I5_O)        0.039     8.330 f  u_core/u_mem_adapter/linefill_start_o_i_7/O
                         net (fo=2, unplaced)         0.214     8.544    u_core/u_mem_adapter/linefill_start_o_i_7_n_0
                         LUT6 (Prop_LUT6_I5_O)        0.039     8.583 f  u_core/u_mem_adapter/linefill_start_o_i_4/O
                         net (fo=2, unplaced)         0.214     8.797    u_core/u_mem_adapter/linefill_start_o_i_4_n_0
                         LUT3 (Prop_LUT3_I2_O)        0.039     8.836 r  u_core/u_mem_adapter/linefill_start_o_i_1/O
                         net (fo=194, unplaced)       0.314     9.150    u_core/u_mem_adapter/fill_valid_words
                         LUT3 (Prop_LUT3_I0_O)        0.039     9.189 r  u_core/u_mem_adapter/fill_r_beat_index[2]_i_1/O
                         net (fo=35, unplaced)        0.222     9.411    u_core/u_mem_adapter/fill_first_word
                         FDRE                                         r  u_core/u_mem_adapter/fill_first_word_reg[0]/CE
  -------------------------------------------------------------------    -------------------

                         (clock aclk rise edge)       0.000     0.000 r  
                                                      0.000     0.000 r  aclk (IN)
                         net (fo=62495, unset)        0.024     0.024    u_core/u_mem_adapter/aclk
                         FDRE                                         r  u_core/u_mem_adapter/fill_first_word_reg[0]/C

Slack:                    inf
  Source:                 aresetn
                            (input port)
  Destination:            u_core/u_mem_adapter/fill_first_word_reg[10]/CE
                            (rising edge-triggered cell FDRE clocked by aclk  {rise@0.000ns fall@10.000ns period=20.000ns})
  Path Group:             (none)
  Path Type:              Setup (Max at Slow Process Corner)
  Data Path Delay:        9.411ns  (logic 3.011ns (31.994%)  route 6.400ns (68.006%))
  Logic Levels:           39  (CARRY8=14 LUT2=3 LUT3=2 LUT4=4 LUT5=6 LUT6=10)
  Clock Path Skew:        0.024ns (DCD - SCD + CPR)
    Destination Clock Delay (DCD):    0.024ns
    Source Clock Delay      (SCD):    0.000ns
    Clock Pessimism Removal (CPR):    0.000ns
  Clock Uncertainty:      0.225ns  ((TSJ^2 + TIJ^2)^1/2 + DJ) / 2 + PE + UU
    Total System Jitter     (TSJ):    0.050ns
    Total Input Jitter      (TIJ):    0.000ns
    Discrete Jitter          (DJ):    0.000ns
    Phase Error              (PE):    0.000ns
    User Uncertainty         (UU):    0.200ns

    Location             Delay type                Incr(ns)  Path(ns)    Netlist Resource(s)
  -------------------------------------------------------------------    -------------------
                                                      0.000     0.000 f  aresetn (IN)
                         net (fo=18, unset)           0.000     0.000    u_core/aresetn
                         LUT2 (Prop_LUT2_I0_O)        0.064     0.064 f  u_core/u_mem_adapter_i_1/O
                         net (fo=4, unplaced)         0.226     0.290    u_core/u_mem_adapter/aresetn
                         LUT5 (Prop_LUT5_I4_O)        0.085     0.375 r  u_core/u_mem_adapter/scalar_address_hold[0]_i_4/O
                         net (fo=3, unplaced)         0.162     0.537    u_core/u_mem_adapter/scalar_address_hold[0]_i_4_n_0
                         LUT5 (Prop_LUT5_I1_O)        0.064     0.601 r  u_core/u_mem_adapter/fill_start_word[31]_i_2/O
                         net (fo=101, unplaced)       0.242     0.843    u_core/u_mem_adapter/fill_start_word[31]_i_2_n_0
                         LUT5 (Prop_LUT5_I3_O)        0.064     0.907 r  u_core/u_mem_adapter/four_k_split_o_i_26/O
                         net (fo=4, unplaced)         0.168     1.075    u_core/u_mem_adapter/p_1_in[0]
                         LUT6 (Prop_LUT6_I0_O)        0.064     1.139 r  u_core/u_mem_adapter/four_k_split_o_i_34/O
                         net (fo=1, unplaced)         0.018     1.157    u_core/u_mem_adapter/four_k_split_o_i_34_n_0
                         CARRY8 (Prop_CARRY8_S[0]_O[4])
                                                      0.255     1.412 f  u_core/u_mem_adapter/four_k_split_o_reg_i_6/O[4]
                         net (fo=4, unplaced)         0.224     1.636    u_core/u_mem_adapter/four_k_split_o_reg_i_6_n_11
                         LUT4 (Prop_LUT4_I3_O)        0.135     1.771 r  u_core/u_mem_adapter/four_k_split_o_i_57/O
                         net (fo=1, unplaced)         0.232     2.003    u_core/u_mem_adapter/four_k_split_o_i_57_n_0
                         CARRY8 (Prop_CARRY8_DI[2]_CO[7])
                                                      0.142     2.145 r  u_core/u_mem_adapter/four_k_split_o_reg_i_47/CO[7]
                         net (fo=1, unplaced)         0.007     2.152    u_core/u_mem_adapter/four_k_split_o_reg_i_47_n_0
                         CARRY8 (Prop_CARRY8_CI_CO[7])
                                                      0.030     2.182 r  u_core/u_mem_adapter/four_k_split_o_reg_i_35/CO[7]
                         net (fo=1, unplaced)         0.007     2.189    u_core/u_mem_adapter/four_k_split_o_reg_i_35_n_0
                         CARRY8 (Prop_CARRY8_CI_CO[0])
                                                      0.068     2.257 r  u_core/u_mem_adapter/four_k_split_o_reg_i_7/CO[0]
                         net (fo=9, unplaced)         0.245     2.502    u_core/u_mem_adapter/clamped_contiguous_words1
                         LUT4 (Prop_LUT4_I1_O)        0.085     2.587 f  u_core/u_mem_adapter/four_k_split_o_i_3/O
                         net (fo=19, unplaced)        0.262     2.849    u_core/u_mem_adapter/four_k_split_o_i_3_n_0
                         LUT6 (Prop_LUT6_I5_O)        0.039     2.888 r  u_core/u_mem_adapter/four_k_split_o_i_13/O
                         net (fo=2, unplaced)         0.259     3.147    u_core/u_mem_adapter/four_k_split_o_i_13_n_0
                         CARRY8 (Prop_CARRY8_DI[0]_CO[4])
                                                      0.229     3.376 r  u_core/u_mem_adapter/fill_desc_beats_reg[0][2]_i_2/CO[4]
                         net (fo=9, unplaced)         0.243     3.619    u_core/u_mem_adapter/fill_desc_beats_reg[0][2]_i_2_n_3
                         LUT6 (Prop_LUT6_I5_O)        0.039     3.658 r  u_core/u_mem_adapter/fill_desc_beats[0][0]_i_2/O
                         net (fo=14, unplaced)        0.255     3.913    u_core/u_mem_adapter/fill_desc_beats[0][0]_i_2_n_0
                         LUT2 (Prop_LUT2_I1_O)        0.040     3.953 r  u_core/u_mem_adapter/fill_desc_addr[1][10]_i_4/O
                         net (fo=1, unplaced)         0.017     3.970    u_core/u_mem_adapter/fill_desc_addr[1][10]_i_4_n_0
                         CARRY8 (Prop_CARRY8_S[1]_O[2])
                                                      0.144     4.114 r  u_core/u_mem_adapter/fill_desc_addr_reg[1][10]_i_1/O[2]
                         net (fo=9, unplaced)         0.245     4.359    u_core/u_mem_adapter/fill_desc_addr_reg[1][10]_i_1_n_13
                         LUT6 (Prop_LUT6_I0_O)        0.100     4.459 f  u_core/u_mem_adapter/fill_desc_beats[1][2]_i_23/O
                         net (fo=2, unplaced)         0.156     4.615    u_core/u_mem_adapter/fill_desc_beats[1][2]_i_23_n_0
                         LUT6 (Prop_LUT6_I4_O)        0.064     4.679 f  u_core/u_mem_adapter/fill_desc_beats[1][2]_i_10/O
                         net (fo=1, unplaced)         0.259     4.938    u_core/u_mem_adapter/fill_desc_beats[1][2]_i_10_n_0
                         CARRY8 (Prop_CARRY8_DI[0]_CO[4])
                                                      0.229     5.167 f  u_core/u_mem_adapter/fill_desc_beats_reg[1][2]_i_3/CO[4]
                         net (fo=7, unplaced)         0.237     5.404    u_core/u_mem_adapter/planned_second_beats1
                         LUT6 (Prop_LUT6_I0_O)        0.039     5.443 f  u_core/u_mem_adapter/fill_desc_beats[1][1]_i_11/O
                         net (fo=1, unplaced)         0.214     5.657    u_core/u_mem_adapter/fill_desc_beats[1][1]_i_11_n_0
                         LUT6 (Prop_LUT6_I5_O)        0.039     5.696 f  u_core/u_mem_adapter/fill_desc_beats[1][1]_i_6/O
                         net (fo=1, unplaced)         0.214     5.910    u_core/u_mem_adapter/fill_desc_beats[1][1]_i_6_n_0
                         LUT6 (Prop_LUT6_I5_O)        0.039     5.949 r  u_core/u_mem_adapter/fill_desc_beats[1][1]_i_1/O
                         net (fo=6, unplaced)         0.236     6.185    u_core/u_mem_adapter/fill_desc_beats[1][1]_i_1_n_0
                         LUT4 (Prop_LUT4_I2_O)        0.039     6.224 f  u_core/u_mem_adapter/fill_valid_words[3]_i_2/O
                         net (fo=6, unplaced)         0.236     6.460    u_core/u_mem_adapter/fill_valid_words[3]_i_2_n_0
                         LUT2 (Prop_LUT2_I1_O)        0.039     6.499 r  u_core/u_mem_adapter/linefill_start_o_i_209/O
                         net (fo=2, unplaced)         0.214     6.713    u_core/u_mem_adapter/linefill_start_o_i_209_n_0
                         LUT5 (Prop_LUT5_I3_O)        0.039     6.752 r  u_core/u_mem_adapter/linefill_start_o_i_212/O
                         net (fo=1, unplaced)         0.019     6.771    u_core/u_mem_adapter/linefill_start_o_i_212_n_0
                         CARRY8 (Prop_CARRY8_S[5]_CO[7])
                                                      0.204     6.975 r  u_core/u_mem_adapter/linefill_start_o_reg_i_198/CO[7]
                         net (fo=1, unplaced)         0.007     6.982    u_core/u_mem_adapter/linefill_start_o_reg_i_198_n_0
                         CARRY8 (Prop_CARRY8_CI_CO[7])
                                                      0.030     7.012 r  u_core/u_mem_adapter/linefill_start_o_reg_i_189/CO[7]
                         net (fo=1, unplaced)         0.007     7.019    u_core/u_mem_adapter/linefill_start_o_reg_i_189_n_0
                         CARRY8 (Prop_CARRY8_CI_CO[7])
                                                      0.030     7.049 r  u_core/u_mem_adapter/linefill_start_o_reg_i_165/CO[7]
                         net (fo=1, unplaced)         0.007     7.056    u_core/u_mem_adapter/linefill_start_o_reg_i_165_n_0
                         CARRY8 (Prop_CARRY8_CI_CO[7])
                                                      0.030     7.086 r  u_core/u_mem_adapter/linefill_start_o_reg_i_131/CO[7]
                         net (fo=1, unplaced)         0.007     7.093    u_core/u_mem_adapter/linefill_start_o_reg_i_131_n_0
                         CARRY8 (Prop_CARRY8_CI_CO[7])
                                                      0.030     7.123 r  u_core/u_mem_adapter/linefill_start_o_reg_i_85/CO[7]
                         net (fo=1, unplaced)         0.007     7.130    u_core/u_mem_adapter/linefill_start_o_reg_i_85_n_0
                         CARRY8 (Prop_CARRY8_CI_CO[7])
                                                      0.030     7.160 r  u_core/u_mem_adapter/linefill_start_o_reg_i_41/CO[7]
                         net (fo=1, unplaced)         0.007     7.167    u_core/u_mem_adapter/linefill_start_o_reg_i_41_n_0
                         CARRY8 (Prop_CARRY8_CI_O[4])
                                                      0.109     7.276 f  u_core/u_mem_adapter/linefill_start_o_reg_i_86/O[4]
                         net (fo=1, unplaced)         0.213     7.489    u_core/u_mem_adapter/planned_end_address_wide0[53]
                         LUT4 (Prop_LUT4_I1_O)        0.115     7.604 f  u_core/u_mem_adapter/linefill_start_o_i_87/O
                         net (fo=1, unplaced)         0.214     7.818    u_core/u_mem_adapter/linefill_start_o_i_87_n_0
                         LUT5 (Prop_LUT5_I4_O)        0.039     7.857 f  u_core/u_mem_adapter/linefill_start_o_i_39/O
                         net (fo=1, unplaced)         0.156     8.013    u_core/u_mem_adapter/linefill_start_o_i_39_n_0
                         LUT5 (Prop_LUT5_I0_O)        0.064     8.077 f  u_core/u_mem_adapter/linefill_start_o_i_12/O
                         net (fo=2, unplaced)         0.214     8.291    u_core/u_mem_adapter/linefill_start_o_i_12_n_0
                         LUT6 (Prop_LUT6_I5_O)        0.039     8.330 f  u_core/u_mem_adapter/linefill_start_o_i_7/O
                         net (fo=2, unplaced)         0.214     8.544    u_core/u_mem_adapter/linefill_start_o_i_7_n_0
                         LUT6 (Prop_LUT6_I5_O)        0.039     8.583 f  u_core/u_mem_adapter/linefill_start_o_i_4/O
                         net (fo=2, unplaced)         0.214     8.797    u_core/u_mem_adapter/linefill_start_o_i_4_n_0
                         LUT3 (Prop_LUT3_I2_O)        0.039     8.836 r  u_core/u_mem_adapter/linefill_start_o_i_1/O
                         net (fo=194, unplaced)       0.314     9.150    u_core/u_mem_adapter/fill_valid_words
                         LUT3 (Prop_LUT3_I0_O)        0.039     9.189 r  u_core/u_mem_adapter/fill_r_beat_index[2]_i_1/O
                         net (fo=35, unplaced)        0.222     9.411    u_core/u_mem_adapter/fill_first_word
                         FDRE                                         r  u_core/u_mem_adapter/fill_first_word_reg[10]/CE
  -------------------------------------------------------------------    -------------------

                         (clock aclk rise edge)       0.000     0.000 r  
                                                      0.000     0.000 r  aclk (IN)
                         net (fo=62495, unset)        0.024     0.024    u_core/u_mem_adapter/aclk
                         FDRE                                         r  u_core/u_mem_adapter/fill_first_word_reg[10]/C

Slack:                    inf
  Source:                 aresetn
                            (input port)
  Destination:            u_core/u_mem_adapter/fill_first_word_reg[11]/CE
                            (rising edge-triggered cell FDRE clocked by aclk  {rise@0.000ns fall@10.000ns period=20.000ns})
  Path Group:             (none)
  Path Type:              Setup (Max at Slow Process Corner)
  Data Path Delay:        9.411ns  (logic 3.011ns (31.994%)  route 6.400ns (68.006%))
  Logic Levels:           39  (CARRY8=14 LUT2=3 LUT3=2 LUT4=4 LUT5=6 LUT6=10)
  Clock Path Skew:        0.024ns (DCD - SCD + CPR)
    Destination Clock Delay (DCD):    0.024ns
    Source Clock Delay      (SCD):    0.000ns
    Clock Pessimism Removal (CPR):    0.000ns
  Clock Uncertainty:      0.225ns  ((TSJ^2 + TIJ^2)^1/2 + DJ) / 2 + PE + UU
    Total System Jitter     (TSJ):    0.050ns
    Total Input Jitter      (TIJ):    0.000ns
    Discrete Jitter          (DJ):    0.000ns
    Phase Error              (PE):    0.000ns
    User Uncertainty         (UU):    0.200ns

    Location             Delay type                Incr(ns)  Path(ns)    Netlist Resource(s)
  -------------------------------------------------------------------    -------------------
                                                      0.000     0.000 f  aresetn (IN)
                         net (fo=18, unset)           0.000     0.000    u_core/aresetn
                         LUT2 (Prop_LUT2_I0_O)        0.064     0.064 f  u_core/u_mem_adapter_i_1/O
                         net (fo=4, unplaced)         0.226     0.290    u_core/u_mem_adapter/aresetn
                         LUT5 (Prop_LUT5_I4_O)        0.085     0.375 r  u_core/u_mem_adapter/scalar_address_hold[0]_i_4/O
                         net (fo=3, unplaced)         0.162     0.537    u_core/u_mem_adapter/scalar_address_hold[0]_i_4_n_0
                         LUT5 (Prop_LUT5_I1_O)        0.064     0.601 r  u_core/u_mem_adapter/fill_start_word[31]_i_2/O
                         net (fo=101, unplaced)       0.242     0.843    u_core/u_mem_adapter/fill_start_word[31]_i_2_n_0
                         LUT5 (Prop_LUT5_I3_O)        0.064     0.907 r  u_core/u_mem_adapter/four_k_split_o_i_26/O
                         net (fo=4, unplaced)         0.168     1.075    u_core/u_mem_adapter/p_1_in[0]
                         LUT6 (Prop_LUT6_I0_O)        0.064     1.139 r  u_core/u_mem_adapter/four_k_split_o_i_34/O
                         net (fo=1, unplaced)         0.018     1.157    u_core/u_mem_adapter/four_k_split_o_i_34_n_0
                         CARRY8 (Prop_CARRY8_S[0]_O[4])
                                                      0.255     1.412 f  u_core/u_mem_adapter/four_k_split_o_reg_i_6/O[4]
                         net (fo=4, unplaced)         0.224     1.636    u_core/u_mem_adapter/four_k_split_o_reg_i_6_n_11
                         LUT4 (Prop_LUT4_I3_O)        0.135     1.771 r  u_core/u_mem_adapter/four_k_split_o_i_57/O
                         net (fo=1, unplaced)         0.232     2.003    u_core/u_mem_adapter/four_k_split_o_i_57_n_0
                         CARRY8 (Prop_CARRY8_DI[2]_CO[7])
                                                      0.142     2.145 r  u_core/u_mem_adapter/four_k_split_o_reg_i_47/CO[7]
                         net (fo=1, unplaced)         0.007     2.152    u_core/u_mem_adapter/four_k_split_o_reg_i_47_n_0
                         CARRY8 (Prop_CARRY8_CI_CO[7])
                                                      0.030     2.182 r  u_core/u_mem_adapter/four_k_split_o_reg_i_35/CO[7]
                         net (fo=1, unplaced)         0.007     2.189    u_core/u_mem_adapter/four_k_split_o_reg_i_35_n_0
                         CARRY8 (Prop_CARRY8_CI_CO[0])
                                                      0.068     2.257 r  u_core/u_mem_adapter/four_k_split_o_reg_i_7/CO[0]
                         net (fo=9, unplaced)         0.245     2.502    u_core/u_mem_adapter/clamped_contiguous_words1
                         LUT4 (Prop_LUT4_I1_O)        0.085     2.587 f  u_core/u_mem_adapter/four_k_split_o_i_3/O
                         net (fo=19, unplaced)        0.262     2.849    u_core/u_mem_adapter/four_k_split_o_i_3_n_0
                         LUT6 (Prop_LUT6_I5_O)        0.039     2.888 r  u_core/u_mem_adapter/four_k_split_o_i_13/O
                         net (fo=2, unplaced)         0.259     3.147    u_core/u_mem_adapter/four_k_split_o_i_13_n_0
                         CARRY8 (Prop_CARRY8_DI[0]_CO[4])
                                                      0.229     3.376 r  u_core/u_mem_adapter/fill_desc_beats_reg[0][2]_i_2/CO[4]
                         net (fo=9, unplaced)         0.243     3.619    u_core/u_mem_adapter/fill_desc_beats_reg[0][2]_i_2_n_3
                         LUT6 (Prop_LUT6_I5_O)        0.039     3.658 r  u_core/u_mem_adapter/fill_desc_beats[0][0]_i_2/O
                         net (fo=14, unplaced)        0.255     3.913    u_core/u_mem_adapter/fill_desc_beats[0][0]_i_2_n_0
                         LUT2 (Prop_LUT2_I1_O)        0.040     3.953 r  u_core/u_mem_adapter/fill_desc_addr[1][10]_i_4/O
                         net (fo=1, unplaced)         0.017     3.970    u_core/u_mem_adapter/fill_desc_addr[1][10]_i_4_n_0
                         CARRY8 (Prop_CARRY8_S[1]_O[2])
                                                      0.144     4.114 r  u_core/u_mem_adapter/fill_desc_addr_reg[1][10]_i_1/O[2]
                         net (fo=9, unplaced)         0.245     4.359    u_core/u_mem_adapter/fill_desc_addr_reg[1][10]_i_1_n_13
                         LUT6 (Prop_LUT6_I0_O)        0.100     4.459 f  u_core/u_mem_adapter/fill_desc_beats[1][2]_i_23/O
                         net (fo=2, unplaced)         0.156     4.615    u_core/u_mem_adapter/fill_desc_beats[1][2]_i_23_n_0
                         LUT6 (Prop_LUT6_I4_O)        0.064     4.679 f  u_core/u_mem_adapter/fill_desc_beats[1][2]_i_10/O
                         net (fo=1, unplaced)         0.259     4.938    u_core/u_mem_adapter/fill_desc_beats[1][2]_i_10_n_0
                         CARRY8 (Prop_CARRY8_DI[0]_CO[4])
                                                      0.229     5.167 f  u_core/u_mem_adapter/fill_desc_beats_reg[1][2]_i_3/CO[4]
                         net (fo=7, unplaced)         0.237     5.404    u_core/u_mem_adapter/planned_second_beats1
                         LUT6 (Prop_LUT6_I0_O)        0.039     5.443 f  u_core/u_mem_adapter/fill_desc_beats[1][1]_i_11/O
                         net (fo=1, unplaced)         0.214     5.657    u_core/u_mem_adapter/fill_desc_beats[1][1]_i_11_n_0
                         LUT6 (Prop_LUT6_I5_O)        0.039     5.696 f  u_core/u_mem_adapter/fill_desc_beats[1][1]_i_6/O
                         net (fo=1, unplaced)         0.214     5.910    u_core/u_mem_adapter/fill_desc_beats[1][1]_i_6_n_0
                         LUT6 (Prop_LUT6_I5_O)        0.039     5.949 r  u_core/u_mem_adapter/fill_desc_beats[1][1]_i_1/O
                         net (fo=6, unplaced)         0.236     6.185    u_core/u_mem_adapter/fill_desc_beats[1][1]_i_1_n_0
                         LUT4 (Prop_LUT4_I2_O)        0.039     6.224 f  u_core/u_mem_adapter/fill_valid_words[3]_i_2/O
                         net (fo=6, unplaced)         0.236     6.460    u_core/u_mem_adapter/fill_valid_words[3]_i_2_n_0
                         LUT2 (Prop_LUT2_I1_O)        0.039     6.499 r  u_core/u_mem_adapter/linefill_start_o_i_209/O
                         net (fo=2, unplaced)         0.214     6.713    u_core/u_mem_adapter/linefill_start_o_i_209_n_0
                         LUT5 (Prop_LUT5_I3_O)        0.039     6.752 r  u_core/u_mem_adapter/linefill_start_o_i_212/O
                         net (fo=1, unplaced)         0.019     6.771    u_core/u_mem_adapter/linefill_start_o_i_212_n_0
                         CARRY8 (Prop_CARRY8_S[5]_CO[7])
                                                      0.204     6.975 r  u_core/u_mem_adapter/linefill_start_o_reg_i_198/CO[7]
                         net (fo=1, unplaced)         0.007     6.982    u_core/u_mem_adapter/linefill_start_o_reg_i_198_n_0
                         CARRY8 (Prop_CARRY8_CI_CO[7])
                                                      0.030     7.012 r  u_core/u_mem_adapter/linefill_start_o_reg_i_189/CO[7]
                         net (fo=1, unplaced)         0.007     7.019    u_core/u_mem_adapter/linefill_start_o_reg_i_189_n_0
                         CARRY8 (Prop_CARRY8_CI_CO[7])
                                                      0.030     7.049 r  u_core/u_mem_adapter/linefill_start_o_reg_i_165/CO[7]
                         net (fo=1, unplaced)         0.007     7.056    u_core/u_mem_adapter/linefill_start_o_reg_i_165_n_0
                         CARRY8 (Prop_CARRY8_CI_CO[7])
                                                      0.030     7.086 r  u_core/u_mem_adapter/linefill_start_o_reg_i_131/CO[7]
                         net (fo=1, unplaced)         0.007     7.093    u_core/u_mem_adapter/linefill_start_o_reg_i_131_n_0
                         CARRY8 (Prop_CARRY8_CI_CO[7])
                                                      0.030     7.123 r  u_core/u_mem_adapter/linefill_start_o_reg_i_85/CO[7]
                         net (fo=1, unplaced)         0.007     7.130    u_core/u_mem_adapter/linefill_start_o_reg_i_85_n_0
                         CARRY8 (Prop_CARRY8_CI_CO[7])
                                                      0.030     7.160 r  u_core/u_mem_adapter/linefill_start_o_reg_i_41/CO[7]
                         net (fo=1, unplaced)         0.007     7.167    u_core/u_mem_adapter/linefill_start_o_reg_i_41_n_0
                         CARRY8 (Prop_CARRY8_CI_O[4])
                                                      0.109     7.276 f  u_core/u_mem_adapter/linefill_start_o_reg_i_86/O[4]
                         net (fo=1, unplaced)         0.213     7.489    u_core/u_mem_adapter/planned_end_address_wide0[53]
                         LUT4 (Prop_LUT4_I1_O)        0.115     7.604 f  u_core/u_mem_adapter/linefill_start_o_i_87/O
                         net (fo=1, unplaced)         0.214     7.818    u_core/u_mem_adapter/linefill_start_o_i_87_n_0
                         LUT5 (Prop_LUT5_I4_O)        0.039     7.857 f  u_core/u_mem_adapter/linefill_start_o_i_39/O
                         net (fo=1, unplaced)         0.156     8.013    u_core/u_mem_adapter/linefill_start_o_i_39_n_0
                         LUT5 (Prop_LUT5_I0_O)        0.064     8.077 f  u_core/u_mem_adapter/linefill_start_o_i_12/O
                         net (fo=2, unplaced)         0.214     8.291    u_core/u_mem_adapter/linefill_start_o_i_12_n_0
                         LUT6 (Prop_LUT6_I5_O)        0.039     8.330 f  u_core/u_mem_adapter/linefill_start_o_i_7/O
                         net (fo=2, unplaced)         0.214     8.544    u_core/u_mem_adapter/linefill_start_o_i_7_n_0
                         LUT6 (Prop_LUT6_I5_O)        0.039     8.583 f  u_core/u_mem_adapter/linefill_start_o_i_4/O
                         net (fo=2, unplaced)         0.214     8.797    u_core/u_mem_adapter/linefill_start_o_i_4_n_0
                         LUT3 (Prop_LUT3_I2_O)        0.039     8.836 r  u_core/u_mem_adapter/linefill_start_o_i_1/O
                         net (fo=194, unplaced)       0.314     9.150    u_core/u_mem_adapter/fill_valid_words
                         LUT3 (Prop_LUT3_I0_O)        0.039     9.189 r  u_core/u_mem_adapter/fill_r_beat_index[2]_i_1/O
                         net (fo=35, unplaced)        0.222     9.411    u_core/u_mem_adapter/fill_first_word
                         FDRE                                         r  u_core/u_mem_adapter/fill_first_word_reg[11]/CE
  -------------------------------------------------------------------    -------------------

                         (clock aclk rise edge)       0.000     0.000 r  
                                                      0.000     0.000 r  aclk (IN)
                         net (fo=62495, unset)        0.024     0.024    u_core/u_mem_adapter/aclk
                         FDRE                                         r  u_core/u_mem_adapter/fill_first_word_reg[11]/C

Slack:                    inf
  Source:                 aresetn
                            (input port)
  Destination:            u_core/u_mem_adapter/fill_first_word_reg[12]/CE
                            (rising edge-triggered cell FDRE clocked by aclk  {rise@0.000ns fall@10.000ns period=20.000ns})
  Path Group:             (none)
  Path Type:              Setup (Max at Slow Process Corner)
  Data Path Delay:        9.411ns  (logic 3.011ns (31.994%)  route 6.400ns (68.006%))
  Logic Levels:           39  (CARRY8=14 LUT2=3 LUT3=2 LUT4=4 LUT5=6 LUT6=10)
  Clock Path Skew:        0.024ns (DCD - SCD + CPR)
    Destination Clock Delay (DCD):    0.024ns
    Source Clock Delay      (SCD):    0.000ns
    Clock Pessimism Removal (CPR):    0.000ns
  Clock Uncertainty:      0.225ns  ((TSJ^2 + TIJ^2)^1/2 + DJ) / 2 + PE + UU
    Total System Jitter     (TSJ):    0.050ns
    Total Input Jitter      (TIJ):    0.000ns
    Discrete Jitter          (DJ):    0.000ns
    Phase Error              (PE):    0.000ns
    User Uncertainty         (UU):    0.200ns

    Location             Delay type                Incr(ns)  Path(ns)    Netlist Resource(s)
  -------------------------------------------------------------------    -------------------
                                                      0.000     0.000 f  aresetn (IN)
                         net (fo=18, unset)           0.000     0.000    u_core/aresetn
                         LUT2 (Prop_LUT2_I0_O)        0.064     0.064 f  u_core/u_mem_adapter_i_1/O
                         net (fo=4, unplaced)         0.226     0.290    u_core/u_mem_adapter/aresetn
                         LUT5 (Prop_LUT5_I4_O)        0.085     0.375 r  u_core/u_mem_adapter/scalar_address_hold[0]_i_4/O
                         net (fo=3, unplaced)         0.162     0.537    u_core/u_mem_adapter/scalar_address_hold[0]_i_4_n_0
                         LUT5 (Prop_LUT5_I1_O)        0.064     0.601 r  u_core/u_mem_adapter/fill_start_word[31]_i_2/O
                         net (fo=101, unplaced)       0.242     0.843    u_core/u_mem_adapter/fill_start_word[31]_i_2_n_0
                         LUT5 (Prop_LUT5_I3_O)        0.064     0.907 r  u_core/u_mem_adapter/four_k_split_o_i_26/O
                         net (fo=4, unplaced)         0.168     1.075    u_core/u_mem_adapter/p_1_in[0]
                         LUT6 (Prop_LUT6_I0_O)        0.064     1.139 r  u_core/u_mem_adapter/four_k_split_o_i_34/O
                         net (fo=1, unplaced)         0.018     1.157    u_core/u_mem_adapter/four_k_split_o_i_34_n_0
                         CARRY8 (Prop_CARRY8_S[0]_O[4])
                                                      0.255     1.412 f  u_core/u_mem_adapter/four_k_split_o_reg_i_6/O[4]
                         net (fo=4, unplaced)         0.224     1.636    u_core/u_mem_adapter/four_k_split_o_reg_i_6_n_11
                         LUT4 (Prop_LUT4_I3_O)        0.135     1.771 r  u_core/u_mem_adapter/four_k_split_o_i_57/O
                         net (fo=1, unplaced)         0.232     2.003    u_core/u_mem_adapter/four_k_split_o_i_57_n_0
                         CARRY8 (Prop_CARRY8_DI[2]_CO[7])
                                                      0.142     2.145 r  u_core/u_mem_adapter/four_k_split_o_reg_i_47/CO[7]
                         net (fo=1, unplaced)         0.007     2.152    u_core/u_mem_adapter/four_k_split_o_reg_i_47_n_0
                         CARRY8 (Prop_CARRY8_CI_CO[7])
                                                      0.030     2.182 r  u_core/u_mem_adapter/four_k_split_o_reg_i_35/CO[7]
                         net (fo=1, unplaced)         0.007     2.189    u_core/u_mem_adapter/four_k_split_o_reg_i_35_n_0
                         CARRY8 (Prop_CARRY8_CI_CO[0])
                                                      0.068     2.257 r  u_core/u_mem_adapter/four_k_split_o_reg_i_7/CO[0]
                         net (fo=9, unplaced)         0.245     2.502    u_core/u_mem_adapter/clamped_contiguous_words1
                         LUT4 (Prop_LUT4_I1_O)        0.085     2.587 f  u_core/u_mem_adapter/four_k_split_o_i_3/O
                         net (fo=19, unplaced)        0.262     2.849    u_core/u_mem_adapter/four_k_split_o_i_3_n_0
                         LUT6 (Prop_LUT6_I5_O)        0.039     2.888 r  u_core/u_mem_adapter/four_k_split_o_i_13/O
                         net (fo=2, unplaced)         0.259     3.147    u_core/u_mem_adapter/four_k_split_o_i_13_n_0
                         CARRY8 (Prop_CARRY8_DI[0]_CO[4])
                                                      0.229     3.376 r  u_core/u_mem_adapter/fill_desc_beats_reg[0][2]_i_2/CO[4]
                         net (fo=9, unplaced)         0.243     3.619    u_core/u_mem_adapter/fill_desc_beats_reg[0][2]_i_2_n_3
                         LUT6 (Prop_LUT6_I5_O)        0.039     3.658 r  u_core/u_mem_adapter/fill_desc_beats[0][0]_i_2/O
                         net (fo=14, unplaced)        0.255     3.913    u_core/u_mem_adapter/fill_desc_beats[0][0]_i_2_n_0
                         LUT2 (Prop_LUT2_I1_O)        0.040     3.953 r  u_core/u_mem_adapter/fill_desc_addr[1][10]_i_4/O
                         net (fo=1, unplaced)         0.017     3.970    u_core/u_mem_adapter/fill_desc_addr[1][10]_i_4_n_0
                         CARRY8 (Prop_CARRY8_S[1]_O[2])
                                                      0.144     4.114 r  u_core/u_mem_adapter/fill_desc_addr_reg[1][10]_i_1/O[2]
                         net (fo=9, unplaced)         0.245     4.359    u_core/u_mem_adapter/fill_desc_addr_reg[1][10]_i_1_n_13
                         LUT6 (Prop_LUT6_I0_O)        0.100     4.459 f  u_core/u_mem_adapter/fill_desc_beats[1][2]_i_23/O
                         net (fo=2, unplaced)         0.156     4.615    u_core/u_mem_adapter/fill_desc_beats[1][2]_i_23_n_0
                         LUT6 (Prop_LUT6_I4_O)        0.064     4.679 f  u_core/u_mem_adapter/fill_desc_beats[1][2]_i_10/O
                         net (fo=1, unplaced)         0.259     4.938    u_core/u_mem_adapter/fill_desc_beats[1][2]_i_10_n_0
                         CARRY8 (Prop_CARRY8_DI[0]_CO[4])
                                                      0.229     5.167 f  u_core/u_mem_adapter/fill_desc_beats_reg[1][2]_i_3/CO[4]
                         net (fo=7, unplaced)         0.237     5.404    u_core/u_mem_adapter/planned_second_beats1
                         LUT6 (Prop_LUT6_I0_O)        0.039     5.443 f  u_core/u_mem_adapter/fill_desc_beats[1][1]_i_11/O
                         net (fo=1, unplaced)         0.214     5.657    u_core/u_mem_adapter/fill_desc_beats[1][1]_i_11_n_0
                         LUT6 (Prop_LUT6_I5_O)        0.039     5.696 f  u_core/u_mem_adapter/fill_desc_beats[1][1]_i_6/O
                         net (fo=1, unplaced)         0.214     5.910    u_core/u_mem_adapter/fill_desc_beats[1][1]_i_6_n_0
                         LUT6 (Prop_LUT6_I5_O)        0.039     5.949 r  u_core/u_mem_adapter/fill_desc_beats[1][1]_i_1/O
                         net (fo=6, unplaced)         0.236     6.185    u_core/u_mem_adapter/fill_desc_beats[1][1]_i_1_n_0
                         LUT4 (Prop_LUT4_I2_O)        0.039     6.224 f  u_core/u_mem_adapter/fill_valid_words[3]_i_2/O
                         net (fo=6, unplaced)         0.236     6.460    u_core/u_mem_adapter/fill_valid_words[3]_i_2_n_0
                         LUT2 (Prop_LUT2_I1_O)        0.039     6.499 r  u_core/u_mem_adapter/linefill_start_o_i_209/O
                         net (fo=2, unplaced)         0.214     6.713    u_core/u_mem_adapter/linefill_start_o_i_209_n_0
                         LUT5 (Prop_LUT5_I3_O)        0.039     6.752 r  u_core/u_mem_adapter/linefill_start_o_i_212/O
                         net (fo=1, unplaced)         0.019     6.771    u_core/u_mem_adapter/linefill_start_o_i_212_n_0
                         CARRY8 (Prop_CARRY8_S[5]_CO[7])
                                                      0.204     6.975 r  u_core/u_mem_adapter/linefill_start_o_reg_i_198/CO[7]
                         net (fo=1, unplaced)         0.007     6.982    u_core/u_mem_adapter/linefill_start_o_reg_i_198_n_0
                         CARRY8 (Prop_CARRY8_CI_CO[7])
                                                      0.030     7.012 r  u_core/u_mem_adapter/linefill_start_o_reg_i_189/CO[7]
                         net (fo=1, unplaced)         0.007     7.019    u_core/u_mem_adapter/linefill_start_o_reg_i_189_n_0
                         CARRY8 (Prop_CARRY8_CI_CO[7])
                                                      0.030     7.049 r  u_core/u_mem_adapter/linefill_start_o_reg_i_165/CO[7]
                         net (fo=1, unplaced)         0.007     7.056    u_core/u_mem_adapter/linefill_start_o_reg_i_165_n_0
                         CARRY8 (Prop_CARRY8_CI_CO[7])
                                                      0.030     7.086 r  u_core/u_mem_adapter/linefill_start_o_reg_i_131/CO[7]
                         net (fo=1, unplaced)         0.007     7.093    u_core/u_mem_adapter/linefill_start_o_reg_i_131_n_0
                         CARRY8 (Prop_CARRY8_CI_CO[7])
                                                      0.030     7.123 r  u_core/u_mem_adapter/linefill_start_o_reg_i_85/CO[7]
                         net (fo=1, unplaced)         0.007     7.130    u_core/u_mem_adapter/linefill_start_o_reg_i_85_n_0
                         CARRY8 (Prop_CARRY8_CI_CO[7])
                                                      0.030     7.160 r  u_core/u_mem_adapter/linefill_start_o_reg_i_41/CO[7]
                         net (fo=1, unplaced)         0.007     7.167    u_core/u_mem_adapter/linefill_start_o_reg_i_41_n_0
                         CARRY8 (Prop_CARRY8_CI_O[4])
                                                      0.109     7.276 f  u_core/u_mem_adapter/linefill_start_o_reg_i_86/O[4]
                         net (fo=1, unplaced)         0.213     7.489    u_core/u_mem_adapter/planned_end_address_wide0[53]
                         LUT4 (Prop_LUT4_I1_O)        0.115     7.604 f  u_core/u_mem_adapter/linefill_start_o_i_87/O
                         net (fo=1, unplaced)         0.214     7.818    u_core/u_mem_adapter/linefill_start_o_i_87_n_0
                         LUT5 (Prop_LUT5_I4_O)        0.039     7.857 f  u_core/u_mem_adapter/linefill_start_o_i_39/O
                         net (fo=1, unplaced)         0.156     8.013    u_core/u_mem_adapter/linefill_start_o_i_39_n_0
                         LUT5 (Prop_LUT5_I0_O)        0.064     8.077 f  u_core/u_mem_adapter/linefill_start_o_i_12/O
                         net (fo=2, unplaced)         0.214     8.291    u_core/u_mem_adapter/linefill_start_o_i_12_n_0
                         LUT6 (Prop_LUT6_I5_O)        0.039     8.330 f  u_core/u_mem_adapter/linefill_start_o_i_7/O
                         net (fo=2, unplaced)         0.214     8.544    u_core/u_mem_adapter/linefill_start_o_i_7_n_0
                         LUT6 (Prop_LUT6_I5_O)        0.039     8.583 f  u_core/u_mem_adapter/linefill_start_o_i_4/O
                         net (fo=2, unplaced)         0.214     8.797    u_core/u_mem_adapter/linefill_start_o_i_4_n_0
                         LUT3 (Prop_LUT3_I2_O)        0.039     8.836 r  u_core/u_mem_adapter/linefill_start_o_i_1/O
                         net (fo=194, unplaced)       0.314     9.150    u_core/u_mem_adapter/fill_valid_words
                         LUT3 (Prop_LUT3_I0_O)        0.039     9.189 r  u_core/u_mem_adapter/fill_r_beat_index[2]_i_1/O
                         net (fo=35, unplaced)        0.222     9.411    u_core/u_mem_adapter/fill_first_word
                         FDRE                                         r  u_core/u_mem_adapter/fill_first_word_reg[12]/CE
  -------------------------------------------------------------------    -------------------

                         (clock aclk rise edge)       0.000     0.000 r  
                                                      0.000     0.000 r  aclk (IN)
                         net (fo=62495, unset)        0.024     0.024    u_core/u_mem_adapter/aclk
                         FDRE                                         r  u_core/u_mem_adapter/fill_first_word_reg[12]/C

Slack:                    inf
  Source:                 aresetn
                            (input port)
  Destination:            u_core/u_mem_adapter/fill_first_word_reg[13]/CE
                            (rising edge-triggered cell FDRE clocked by aclk  {rise@0.000ns fall@10.000ns period=20.000ns})
  Path Group:             (none)
  Path Type:              Setup (Max at Slow Process Corner)
  Data Path Delay:        9.411ns  (logic 3.011ns (31.994%)  route 6.400ns (68.006%))
  Logic Levels:           39  (CARRY8=14 LUT2=3 LUT3=2 LUT4=4 LUT5=6 LUT6=10)
  Clock Path Skew:        0.024ns (DCD - SCD + CPR)
    Destination Clock Delay (DCD):    0.024ns
    Source Clock Delay      (SCD):    0.000ns
    Clock Pessimism Removal (CPR):    0.000ns
  Clock Uncertainty:      0.225ns  ((TSJ^2 + TIJ^2)^1/2 + DJ) / 2 + PE + UU
    Total System Jitter     (TSJ):    0.050ns
    Total Input Jitter      (TIJ):    0.000ns
    Discrete Jitter          (DJ):    0.000ns
    Phase Error              (PE):    0.000ns
    User Uncertainty         (UU):    0.200ns

    Location             Delay type                Incr(ns)  Path(ns)    Netlist Resource(s)
  -------------------------------------------------------------------    -------------------
                                                      0.000     0.000 f  aresetn (IN)
                         net (fo=18, unset)           0.000     0.000    u_core/aresetn
                         LUT2 (Prop_LUT2_I0_O)        0.064     0.064 f  u_core/u_mem_adapter_i_1/O
                         net (fo=4, unplaced)         0.226     0.290    u_core/u_mem_adapter/aresetn
                         LUT5 (Prop_LUT5_I4_O)        0.085     0.375 r  u_core/u_mem_adapter/scalar_address_hold[0]_i_4/O
                         net (fo=3, unplaced)         0.162     0.537    u_core/u_mem_adapter/scalar_address_hold[0]_i_4_n_0
                         LUT5 (Prop_LUT5_I1_O)        0.064     0.601 r  u_core/u_mem_adapter/fill_start_word[31]_i_2/O
                         net (fo=101, unplaced)       0.242     0.843    u_core/u_mem_adapter/fill_start_word[31]_i_2_n_0
                         LUT5 (Prop_LUT5_I3_O)        0.064     0.907 r  u_core/u_mem_adapter/four_k_split_o_i_26/O
                         net (fo=4, unplaced)         0.168     1.075    u_core/u_mem_adapter/p_1_in[0]
                         LUT6 (Prop_LUT6_I0_O)        0.064     1.139 r  u_core/u_mem_adapter/four_k_split_o_i_34/O
                         net (fo=1, unplaced)         0.018     1.157    u_core/u_mem_adapter/four_k_split_o_i_34_n_0
                         CARRY8 (Prop_CARRY8_S[0]_O[4])
                                                      0.255     1.412 f  u_core/u_mem_adapter/four_k_split_o_reg_i_6/O[4]
                         net (fo=4, unplaced)         0.224     1.636    u_core/u_mem_adapter/four_k_split_o_reg_i_6_n_11
                         LUT4 (Prop_LUT4_I3_O)        0.135     1.771 r  u_core/u_mem_adapter/four_k_split_o_i_57/O
                         net (fo=1, unplaced)         0.232     2.003    u_core/u_mem_adapter/four_k_split_o_i_57_n_0
                         CARRY8 (Prop_CARRY8_DI[2]_CO[7])
                                                      0.142     2.145 r  u_core/u_mem_adapter/four_k_split_o_reg_i_47/CO[7]
                         net (fo=1, unplaced)         0.007     2.152    u_core/u_mem_adapter/four_k_split_o_reg_i_47_n_0
                         CARRY8 (Prop_CARRY8_CI_CO[7])
                                                      0.030     2.182 r  u_core/u_mem_adapter/four_k_split_o_reg_i_35/CO[7]
                         net (fo=1, unplaced)         0.007     2.189    u_core/u_mem_adapter/four_k_split_o_reg_i_35_n_0
                         CARRY8 (Prop_CARRY8_CI_CO[0])
                                                      0.068     2.257 r  u_core/u_mem_adapter/four_k_split_o_reg_i_7/CO[0]
                         net (fo=9, unplaced)         0.245     2.502    u_core/u_mem_adapter/clamped_contiguous_words1
                         LUT4 (Prop_LUT4_I1_O)        0.085     2.587 f  u_core/u_mem_adapter/four_k_split_o_i_3/O
                         net (fo=19, unplaced)        0.262     2.849    u_core/u_mem_adapter/four_k_split_o_i_3_n_0
                         LUT6 (Prop_LUT6_I5_O)        0.039     2.888 r  u_core/u_mem_adapter/four_k_split_o_i_13/O
                         net (fo=2, unplaced)         0.259     3.147    u_core/u_mem_adapter/four_k_split_o_i_13_n_0
                         CARRY8 (Prop_CARRY8_DI[0]_CO[4])
                                                      0.229     3.376 r  u_core/u_mem_adapter/fill_desc_beats_reg[0][2]_i_2/CO[4]
                         net (fo=9, unplaced)         0.243     3.619    u_core/u_mem_adapter/fill_desc_beats_reg[0][2]_i_2_n_3
                         LUT6 (Prop_LUT6_I5_O)        0.039     3.658 r  u_core/u_mem_adapter/fill_desc_beats[0][0]_i_2/O
                         net (fo=14, unplaced)        0.255     3.913    u_core/u_mem_adapter/fill_desc_beats[0][0]_i_2_n_0
                         LUT2 (Prop_LUT2_I1_O)        0.040     3.953 r  u_core/u_mem_adapter/fill_desc_addr[1][10]_i_4/O
                         net (fo=1, unplaced)         0.017     3.970    u_core/u_mem_adapter/fill_desc_addr[1][10]_i_4_n_0
                         CARRY8 (Prop_CARRY8_S[1]_O[2])
                                                      0.144     4.114 r  u_core/u_mem_adapter/fill_desc_addr_reg[1][10]_i_1/O[2]
                         net (fo=9, unplaced)         0.245     4.359    u_core/u_mem_adapter/fill_desc_addr_reg[1][10]_i_1_n_13
                         LUT6 (Prop_LUT6_I0_O)        0.100     4.459 f  u_core/u_mem_adapter/fill_desc_beats[1][2]_i_23/O
                         net (fo=2, unplaced)         0.156     4.615    u_core/u_mem_adapter/fill_desc_beats[1][2]_i_23_n_0
                         LUT6 (Prop_LUT6_I4_O)        0.064     4.679 f  u_core/u_mem_adapter/fill_desc_beats[1][2]_i_10/O
                         net (fo=1, unplaced)         0.259     4.938    u_core/u_mem_adapter/fill_desc_beats[1][2]_i_10_n_0
                         CARRY8 (Prop_CARRY8_DI[0]_CO[4])
                                                      0.229     5.167 f  u_core/u_mem_adapter/fill_desc_beats_reg[1][2]_i_3/CO[4]
                         net (fo=7, unplaced)         0.237     5.404    u_core/u_mem_adapter/planned_second_beats1
                         LUT6 (Prop_LUT6_I0_O)        0.039     5.443 f  u_core/u_mem_adapter/fill_desc_beats[1][1]_i_11/O
                         net (fo=1, unplaced)         0.214     5.657    u_core/u_mem_adapter/fill_desc_beats[1][1]_i_11_n_0
                         LUT6 (Prop_LUT6_I5_O)        0.039     5.696 f  u_core/u_mem_adapter/fill_desc_beats[1][1]_i_6/O
                         net (fo=1, unplaced)         0.214     5.910    u_core/u_mem_adapter/fill_desc_beats[1][1]_i_6_n_0
                         LUT6 (Prop_LUT6_I5_O)        0.039     5.949 r  u_core/u_mem_adapter/fill_desc_beats[1][1]_i_1/O
                         net (fo=6, unplaced)         0.236     6.185    u_core/u_mem_adapter/fill_desc_beats[1][1]_i_1_n_0
                         LUT4 (Prop_LUT4_I2_O)        0.039     6.224 f  u_core/u_mem_adapter/fill_valid_words[3]_i_2/O
                         net (fo=6, unplaced)         0.236     6.460    u_core/u_mem_adapter/fill_valid_words[3]_i_2_n_0
                         LUT2 (Prop_LUT2_I1_O)        0.039     6.499 r  u_core/u_mem_adapter/linefill_start_o_i_209/O
                         net (fo=2, unplaced)         0.214     6.713    u_core/u_mem_adapter/linefill_start_o_i_209_n_0
                         LUT5 (Prop_LUT5_I3_O)        0.039     6.752 r  u_core/u_mem_adapter/linefill_start_o_i_212/O
                         net (fo=1, unplaced)         0.019     6.771    u_core/u_mem_adapter/linefill_start_o_i_212_n_0
                         CARRY8 (Prop_CARRY8_S[5]_CO[7])
                                                      0.204     6.975 r  u_core/u_mem_adapter/linefill_start_o_reg_i_198/CO[7]
                         net (fo=1, unplaced)         0.007     6.982    u_core/u_mem_adapter/linefill_start_o_reg_i_198_n_0
                         CARRY8 (Prop_CARRY8_CI_CO[7])
                                                      0.030     7.012 r  u_core/u_mem_adapter/linefill_start_o_reg_i_189/CO[7]
                         net (fo=1, unplaced)         0.007     7.019    u_core/u_mem_adapter/linefill_start_o_reg_i_189_n_0
                         CARRY8 (Prop_CARRY8_CI_CO[7])
                                                      0.030     7.049 r  u_core/u_mem_adapter/linefill_start_o_reg_i_165/CO[7]
                         net (fo=1, unplaced)         0.007     7.056    u_core/u_mem_adapter/linefill_start_o_reg_i_165_n_0
                         CARRY8 (Prop_CARRY8_CI_CO[7])
                                                      0.030     7.086 r  u_core/u_mem_adapter/linefill_start_o_reg_i_131/CO[7]
                         net (fo=1, unplaced)         0.007     7.093    u_core/u_mem_adapter/linefill_start_o_reg_i_131_n_0
                         CARRY8 (Prop_CARRY8_CI_CO[7])
                                                      0.030     7.123 r  u_core/u_mem_adapter/linefill_start_o_reg_i_85/CO[7]
                         net (fo=1, unplaced)         0.007     7.130    u_core/u_mem_adapter/linefill_start_o_reg_i_85_n_0
                         CARRY8 (Prop_CARRY8_CI_CO[7])
                                                      0.030     7.160 r  u_core/u_mem_adapter/linefill_start_o_reg_i_41/CO[7]
                         net (fo=1, unplaced)         0.007     7.167    u_core/u_mem_adapter/linefill_start_o_reg_i_41_n_0
                         CARRY8 (Prop_CARRY8_CI_O[4])
                                                      0.109     7.276 f  u_core/u_mem_adapter/linefill_start_o_reg_i_86/O[4]
                         net (fo=1, unplaced)         0.213     7.489    u_core/u_mem_adapter/planned_end_address_wide0[53]
                         LUT4 (Prop_LUT4_I1_O)        0.115     7.604 f  u_core/u_mem_adapter/linefill_start_o_i_87/O
                         net (fo=1, unplaced)         0.214     7.818    u_core/u_mem_adapter/linefill_start_o_i_87_n_0
                         LUT5 (Prop_LUT5_I4_O)        0.039     7.857 f  u_core/u_mem_adapter/linefill_start_o_i_39/O
                         net (fo=1, unplaced)         0.156     8.013    u_core/u_mem_adapter/linefill_start_o_i_39_n_0
                         LUT5 (Prop_LUT5_I0_O)        0.064     8.077 f  u_core/u_mem_adapter/linefill_start_o_i_12/O
                         net (fo=2, unplaced)         0.214     8.291    u_core/u_mem_adapter/linefill_start_o_i_12_n_0
                         LUT6 (Prop_LUT6_I5_O)        0.039     8.330 f  u_core/u_mem_adapter/linefill_start_o_i_7/O
                         net (fo=2, unplaced)         0.214     8.544    u_core/u_mem_adapter/linefill_start_o_i_7_n_0
                         LUT6 (Prop_LUT6_I5_O)        0.039     8.583 f  u_core/u_mem_adapter/linefill_start_o_i_4/O
                         net (fo=2, unplaced)         0.214     8.797    u_core/u_mem_adapter/linefill_start_o_i_4_n_0
                         LUT3 (Prop_LUT3_I2_O)        0.039     8.836 r  u_core/u_mem_adapter/linefill_start_o_i_1/O
                         net (fo=194, unplaced)       0.314     9.150    u_core/u_mem_adapter/fill_valid_words
                         LUT3 (Prop_LUT3_I0_O)        0.039     9.189 r  u_core/u_mem_adapter/fill_r_beat_index[2]_i_1/O
                         net (fo=35, unplaced)        0.222     9.411    u_core/u_mem_adapter/fill_first_word
                         FDRE                                         r  u_core/u_mem_adapter/fill_first_word_reg[13]/CE
  -------------------------------------------------------------------    -------------------

                         (clock aclk rise edge)       0.000     0.000 r  
                                                      0.000     0.000 r  aclk (IN)
                         net (fo=62495, unset)        0.024     0.024    u_core/u_mem_adapter/aclk
                         FDRE                                         r  u_core/u_mem_adapter/fill_first_word_reg[13]/C

Slack:                    inf
  Source:                 aresetn
                            (input port)
  Destination:            u_core/u_mem_adapter/fill_first_word_reg[14]/CE
                            (rising edge-triggered cell FDRE clocked by aclk  {rise@0.000ns fall@10.000ns period=20.000ns})
  Path Group:             (none)
  Path Type:              Setup (Max at Slow Process Corner)
  Data Path Delay:        9.411ns  (logic 3.011ns (31.994%)  route 6.400ns (68.006%))
  Logic Levels:           39  (CARRY8=14 LUT2=3 LUT3=2 LUT4=4 LUT5=6 LUT6=10)
  Clock Path Skew:        0.024ns (DCD - SCD + CPR)
    Destination Clock Delay (DCD):    0.024ns
    Source Clock Delay      (SCD):    0.000ns
    Clock Pessimism Removal (CPR):    0.000ns
  Clock Uncertainty:      0.225ns  ((TSJ^2 + TIJ^2)^1/2 + DJ) / 2 + PE + UU
    Total System Jitter     (TSJ):    0.050ns
    Total Input Jitter      (TIJ):    0.000ns
    Discrete Jitter          (DJ):    0.000ns
    Phase Error              (PE):    0.000ns
    User Uncertainty         (UU):    0.200ns

    Location             Delay type                Incr(ns)  Path(ns)    Netlist Resource(s)
  -------------------------------------------------------------------    -------------------
                                                      0.000     0.000 f  aresetn (IN)
                         net (fo=18, unset)           0.000     0.000    u_core/aresetn
                         LUT2 (Prop_LUT2_I0_O)        0.064     0.064 f  u_core/u_mem_adapter_i_1/O
                         net (fo=4, unplaced)         0.226     0.290    u_core/u_mem_adapter/aresetn
                         LUT5 (Prop_LUT5_I4_O)        0.085     0.375 r  u_core/u_mem_adapter/scalar_address_hold[0]_i_4/O
                         net (fo=3, unplaced)         0.162     0.537    u_core/u_mem_adapter/scalar_address_hold[0]_i_4_n_0
                         LUT5 (Prop_LUT5_I1_O)        0.064     0.601 r  u_core/u_mem_adapter/fill_start_word[31]_i_2/O
                         net (fo=101, unplaced)       0.242     0.843    u_core/u_mem_adapter/fill_start_word[31]_i_2_n_0
                         LUT5 (Prop_LUT5_I3_O)        0.064     0.907 r  u_core/u_mem_adapter/four_k_split_o_i_26/O
                         net (fo=4, unplaced)         0.168     1.075    u_core/u_mem_adapter/p_1_in[0]
                         LUT6 (Prop_LUT6_I0_O)        0.064     1.139 r  u_core/u_mem_adapter/four_k_split_o_i_34/O
                         net (fo=1, unplaced)         0.018     1.157    u_core/u_mem_adapter/four_k_split_o_i_34_n_0
                         CARRY8 (Prop_CARRY8_S[0]_O[4])
                                                      0.255     1.412 f  u_core/u_mem_adapter/four_k_split_o_reg_i_6/O[4]
                         net (fo=4, unplaced)         0.224     1.636    u_core/u_mem_adapter/four_k_split_o_reg_i_6_n_11
                         LUT4 (Prop_LUT4_I3_O)        0.135     1.771 r  u_core/u_mem_adapter/four_k_split_o_i_57/O
                         net (fo=1, unplaced)         0.232     2.003    u_core/u_mem_adapter/four_k_split_o_i_57_n_0
                         CARRY8 (Prop_CARRY8_DI[2]_CO[7])
                                                      0.142     2.145 r  u_core/u_mem_adapter/four_k_split_o_reg_i_47/CO[7]
                         net (fo=1, unplaced)         0.007     2.152    u_core/u_mem_adapter/four_k_split_o_reg_i_47_n_0
                         CARRY8 (Prop_CARRY8_CI_CO[7])
                                                      0.030     2.182 r  u_core/u_mem_adapter/four_k_split_o_reg_i_35/CO[7]
                         net (fo=1, unplaced)         0.007     2.189    u_core/u_mem_adapter/four_k_split_o_reg_i_35_n_0
                         CARRY8 (Prop_CARRY8_CI_CO[0])
                                                      0.068     2.257 r  u_core/u_mem_adapter/four_k_split_o_reg_i_7/CO[0]
                         net (fo=9, unplaced)         0.245     2.502    u_core/u_mem_adapter/clamped_contiguous_words1
                         LUT4 (Prop_LUT4_I1_O)        0.085     2.587 f  u_core/u_mem_adapter/four_k_split_o_i_3/O
                         net (fo=19, unplaced)        0.262     2.849    u_core/u_mem_adapter/four_k_split_o_i_3_n_0
                         LUT6 (Prop_LUT6_I5_O)        0.039     2.888 r  u_core/u_mem_adapter/four_k_split_o_i_13/O
                         net (fo=2, unplaced)         0.259     3.147    u_core/u_mem_adapter/four_k_split_o_i_13_n_0
                         CARRY8 (Prop_CARRY8_DI[0]_CO[4])
                                                      0.229     3.376 r  u_core/u_mem_adapter/fill_desc_beats_reg[0][2]_i_2/CO[4]
                         net (fo=9, unplaced)         0.243     3.619    u_core/u_mem_adapter/fill_desc_beats_reg[0][2]_i_2_n_3
                         LUT6 (Prop_LUT6_I5_O)        0.039     3.658 r  u_core/u_mem_adapter/fill_desc_beats[0][0]_i_2/O
                         net (fo=14, unplaced)        0.255     3.913    u_core/u_mem_adapter/fill_desc_beats[0][0]_i_2_n_0
                         LUT2 (Prop_LUT2_I1_O)        0.040     3.953 r  u_core/u_mem_adapter/fill_desc_addr[1][10]_i_4/O
                         net (fo=1, unplaced)         0.017     3.970    u_core/u_mem_adapter/fill_desc_addr[1][10]_i_4_n_0
                         CARRY8 (Prop_CARRY8_S[1]_O[2])
                                                      0.144     4.114 r  u_core/u_mem_adapter/fill_desc_addr_reg[1][10]_i_1/O[2]
                         net (fo=9, unplaced)         0.245     4.359    u_core/u_mem_adapter/fill_desc_addr_reg[1][10]_i_1_n_13
                         LUT6 (Prop_LUT6_I0_O)        0.100     4.459 f  u_core/u_mem_adapter/fill_desc_beats[1][2]_i_23/O
                         net (fo=2, unplaced)         0.156     4.615    u_core/u_mem_adapter/fill_desc_beats[1][2]_i_23_n_0
                         LUT6 (Prop_LUT6_I4_O)        0.064     4.679 f  u_core/u_mem_adapter/fill_desc_beats[1][2]_i_10/O
                         net (fo=1, unplaced)         0.259     4.938    u_core/u_mem_adapter/fill_desc_beats[1][2]_i_10_n_0
                         CARRY8 (Prop_CARRY8_DI[0]_CO[4])
                                                      0.229     5.167 f  u_core/u_mem_adapter/fill_desc_beats_reg[1][2]_i_3/CO[4]
                         net (fo=7, unplaced)         0.237     5.404    u_core/u_mem_adapter/planned_second_beats1
                         LUT6 (Prop_LUT6_I0_O)        0.039     5.443 f  u_core/u_mem_adapter/fill_desc_beats[1][1]_i_11/O
                         net (fo=1, unplaced)         0.214     5.657    u_core/u_mem_adapter/fill_desc_beats[1][1]_i_11_n_0
                         LUT6 (Prop_LUT6_I5_O)        0.039     5.696 f  u_core/u_mem_adapter/fill_desc_beats[1][1]_i_6/O
                         net (fo=1, unplaced)         0.214     5.910    u_core/u_mem_adapter/fill_desc_beats[1][1]_i_6_n_0
                         LUT6 (Prop_LUT6_I5_O)        0.039     5.949 r  u_core/u_mem_adapter/fill_desc_beats[1][1]_i_1/O
                         net (fo=6, unplaced)         0.236     6.185    u_core/u_mem_adapter/fill_desc_beats[1][1]_i_1_n_0
                         LUT4 (Prop_LUT4_I2_O)        0.039     6.224 f  u_core/u_mem_adapter/fill_valid_words[3]_i_2/O
                         net (fo=6, unplaced)         0.236     6.460    u_core/u_mem_adapter/fill_valid_words[3]_i_2_n_0
                         LUT2 (Prop_LUT2_I1_O)        0.039     6.499 r  u_core/u_mem_adapter/linefill_start_o_i_209/O
                         net (fo=2, unplaced)         0.214     6.713    u_core/u_mem_adapter/linefill_start_o_i_209_n_0
                         LUT5 (Prop_LUT5_I3_O)        0.039     6.752 r  u_core/u_mem_adapter/linefill_start_o_i_212/O
                         net (fo=1, unplaced)         0.019     6.771    u_core/u_mem_adapter/linefill_start_o_i_212_n_0
                         CARRY8 (Prop_CARRY8_S[5]_CO[7])
                                                      0.204     6.975 r  u_core/u_mem_adapter/linefill_start_o_reg_i_198/CO[7]
                         net (fo=1, unplaced)         0.007     6.982    u_core/u_mem_adapter/linefill_start_o_reg_i_198_n_0
                         CARRY8 (Prop_CARRY8_CI_CO[7])
                                                      0.030     7.012 r  u_core/u_mem_adapter/linefill_start_o_reg_i_189/CO[7]
                         net (fo=1, unplaced)         0.007     7.019    u_core/u_mem_adapter/linefill_start_o_reg_i_189_n_0
                         CARRY8 (Prop_CARRY8_CI_CO[7])
                                                      0.030     7.049 r  u_core/u_mem_adapter/linefill_start_o_reg_i_165/CO[7]
                         net (fo=1, unplaced)         0.007     7.056    u_core/u_mem_adapter/linefill_start_o_reg_i_165_n_0
                         CARRY8 (Prop_CARRY8_CI_CO[7])
                                                      0.030     7.086 r  u_core/u_mem_adapter/linefill_start_o_reg_i_131/CO[7]
                         net (fo=1, unplaced)         0.007     7.093    u_core/u_mem_adapter/linefill_start_o_reg_i_131_n_0
                         CARRY8 (Prop_CARRY8_CI_CO[7])
                                                      0.030     7.123 r  u_core/u_mem_adapter/linefill_start_o_reg_i_85/CO[7]
                         net (fo=1, unplaced)         0.007     7.130    u_core/u_mem_adapter/linefill_start_o_reg_i_85_n_0
                         CARRY8 (Prop_CARRY8_CI_CO[7])
                                                      0.030     7.160 r  u_core/u_mem_adapter/linefill_start_o_reg_i_41/CO[7]
                         net (fo=1, unplaced)         0.007     7.167    u_core/u_mem_adapter/linefill_start_o_reg_i_41_n_0
                         CARRY8 (Prop_CARRY8_CI_O[4])
                                                      0.109     7.276 f  u_core/u_mem_adapter/linefill_start_o_reg_i_86/O[4]
                         net (fo=1, unplaced)         0.213     7.489    u_core/u_mem_adapter/planned_end_address_wide0[53]
                         LUT4 (Prop_LUT4_I1_O)        0.115     7.604 f  u_core/u_mem_adapter/linefill_start_o_i_87/O
                         net (fo=1, unplaced)         0.214     7.818    u_core/u_mem_adapter/linefill_start_o_i_87_n_0
                         LUT5 (Prop_LUT5_I4_O)        0.039     7.857 f  u_core/u_mem_adapter/linefill_start_o_i_39/O
                         net (fo=1, unplaced)         0.156     8.013    u_core/u_mem_adapter/linefill_start_o_i_39_n_0
                         LUT5 (Prop_LUT5_I0_O)        0.064     8.077 f  u_core/u_mem_adapter/linefill_start_o_i_12/O
                         net (fo=2, unplaced)         0.214     8.291    u_core/u_mem_adapter/linefill_start_o_i_12_n_0
                         LUT6 (Prop_LUT6_I5_O)        0.039     8.330 f  u_core/u_mem_adapter/linefill_start_o_i_7/O
                         net (fo=2, unplaced)         0.214     8.544    u_core/u_mem_adapter/linefill_start_o_i_7_n_0
                         LUT6 (Prop_LUT6_I5_O)        0.039     8.583 f  u_core/u_mem_adapter/linefill_start_o_i_4/O
                         net (fo=2, unplaced)         0.214     8.797    u_core/u_mem_adapter/linefill_start_o_i_4_n_0
                         LUT3 (Prop_LUT3_I2_O)        0.039     8.836 r  u_core/u_mem_adapter/linefill_start_o_i_1/O
                         net (fo=194, unplaced)       0.314     9.150    u_core/u_mem_adapter/fill_valid_words
                         LUT3 (Prop_LUT3_I0_O)        0.039     9.189 r  u_core/u_mem_adapter/fill_r_beat_index[2]_i_1/O
                         net (fo=35, unplaced)        0.222     9.411    u_core/u_mem_adapter/fill_first_word
                         FDRE                                         r  u_core/u_mem_adapter/fill_first_word_reg[14]/CE
  -------------------------------------------------------------------    -------------------

                         (clock aclk rise edge)       0.000     0.000 r  
                                                      0.000     0.000 r  aclk (IN)
                         net (fo=62495, unset)        0.024     0.024    u_core/u_mem_adapter/aclk
                         FDRE                                         r  u_core/u_mem_adapter/fill_first_word_reg[14]/C

Slack:                    inf
  Source:                 aresetn
                            (input port)
  Destination:            u_core/u_mem_adapter/fill_first_word_reg[15]/CE
                            (rising edge-triggered cell FDRE clocked by aclk  {rise@0.000ns fall@10.000ns period=20.000ns})
  Path Group:             (none)
  Path Type:              Setup (Max at Slow Process Corner)
  Data Path Delay:        9.411ns  (logic 3.011ns (31.994%)  route 6.400ns (68.006%))
  Logic Levels:           39  (CARRY8=14 LUT2=3 LUT3=2 LUT4=4 LUT5=6 LUT6=10)
  Clock Path Skew:        0.024ns (DCD - SCD + CPR)
    Destination Clock Delay (DCD):    0.024ns
    Source Clock Delay      (SCD):    0.000ns
    Clock Pessimism Removal (CPR):    0.000ns
  Clock Uncertainty:      0.225ns  ((TSJ^2 + TIJ^2)^1/2 + DJ) / 2 + PE + UU
    Total System Jitter     (TSJ):    0.050ns
    Total Input Jitter      (TIJ):    0.000ns
    Discrete Jitter          (DJ):    0.000ns
    Phase Error              (PE):    0.000ns
    User Uncertainty         (UU):    0.200ns

    Location             Delay type                Incr(ns)  Path(ns)    Netlist Resource(s)
  -------------------------------------------------------------------    -------------------
                                                      0.000     0.000 f  aresetn (IN)
                         net (fo=18, unset)           0.000     0.000    u_core/aresetn
                         LUT2 (Prop_LUT2_I0_O)        0.064     0.064 f  u_core/u_mem_adapter_i_1/O
                         net (fo=4, unplaced)         0.226     0.290    u_core/u_mem_adapter/aresetn
                         LUT5 (Prop_LUT5_I4_O)        0.085     0.375 r  u_core/u_mem_adapter/scalar_address_hold[0]_i_4/O
                         net (fo=3, unplaced)         0.162     0.537    u_core/u_mem_adapter/scalar_address_hold[0]_i_4_n_0
                         LUT5 (Prop_LUT5_I1_O)        0.064     0.601 r  u_core/u_mem_adapter/fill_start_word[31]_i_2/O
                         net (fo=101, unplaced)       0.242     0.843    u_core/u_mem_adapter/fill_start_word[31]_i_2_n_0
                         LUT5 (Prop_LUT5_I3_O)        0.064     0.907 r  u_core/u_mem_adapter/four_k_split_o_i_26/O
                         net (fo=4, unplaced)         0.168     1.075    u_core/u_mem_adapter/p_1_in[0]
                         LUT6 (Prop_LUT6_I0_O)        0.064     1.139 r  u_core/u_mem_adapter/four_k_split_o_i_34/O
                         net (fo=1, unplaced)         0.018     1.157    u_core/u_mem_adapter/four_k_split_o_i_34_n_0
                         CARRY8 (Prop_CARRY8_S[0]_O[4])
                                                      0.255     1.412 f  u_core/u_mem_adapter/four_k_split_o_reg_i_6/O[4]
                         net (fo=4, unplaced)         0.224     1.636    u_core/u_mem_adapter/four_k_split_o_reg_i_6_n_11
                         LUT4 (Prop_LUT4_I3_O)        0.135     1.771 r  u_core/u_mem_adapter/four_k_split_o_i_57/O
                         net (fo=1, unplaced)         0.232     2.003    u_core/u_mem_adapter/four_k_split_o_i_57_n_0
                         CARRY8 (Prop_CARRY8_DI[2]_CO[7])
                                                      0.142     2.145 r  u_core/u_mem_adapter/four_k_split_o_reg_i_47/CO[7]
                         net (fo=1, unplaced)         0.007     2.152    u_core/u_mem_adapter/four_k_split_o_reg_i_47_n_0
                         CARRY8 (Prop_CARRY8_CI_CO[7])
                                                      0.030     2.182 r  u_core/u_mem_adapter/four_k_split_o_reg_i_35/CO[7]
                         net (fo=1, unplaced)         0.007     2.189    u_core/u_mem_adapter/four_k_split_o_reg_i_35_n_0
                         CARRY8 (Prop_CARRY8_CI_CO[0])
                                                      0.068     2.257 r  u_core/u_mem_adapter/four_k_split_o_reg_i_7/CO[0]
                         net (fo=9, unplaced)         0.245     2.502    u_core/u_mem_adapter/clamped_contiguous_words1
                         LUT4 (Prop_LUT4_I1_O)        0.085     2.587 f  u_core/u_mem_adapter/four_k_split_o_i_3/O
                         net (fo=19, unplaced)        0.262     2.849    u_core/u_mem_adapter/four_k_split_o_i_3_n_0
                         LUT6 (Prop_LUT6_I5_O)        0.039     2.888 r  u_core/u_mem_adapter/four_k_split_o_i_13/O
                         net (fo=2, unplaced)         0.259     3.147    u_core/u_mem_adapter/four_k_split_o_i_13_n_0
                         CARRY8 (Prop_CARRY8_DI[0]_CO[4])
                                                      0.229     3.376 r  u_core/u_mem_adapter/fill_desc_beats_reg[0][2]_i_2/CO[4]
                         net (fo=9, unplaced)         0.243     3.619    u_core/u_mem_adapter/fill_desc_beats_reg[0][2]_i_2_n_3
                         LUT6 (Prop_LUT6_I5_O)        0.039     3.658 r  u_core/u_mem_adapter/fill_desc_beats[0][0]_i_2/O
                         net (fo=14, unplaced)        0.255     3.913    u_core/u_mem_adapter/fill_desc_beats[0][0]_i_2_n_0
                         LUT2 (Prop_LUT2_I1_O)        0.040     3.953 r  u_core/u_mem_adapter/fill_desc_addr[1][10]_i_4/O
                         net (fo=1, unplaced)         0.017     3.970    u_core/u_mem_adapter/fill_desc_addr[1][10]_i_4_n_0
                         CARRY8 (Prop_CARRY8_S[1]_O[2])
                                                      0.144     4.114 r  u_core/u_mem_adapter/fill_desc_addr_reg[1][10]_i_1/O[2]
                         net (fo=9, unplaced)         0.245     4.359    u_core/u_mem_adapter/fill_desc_addr_reg[1][10]_i_1_n_13
                         LUT6 (Prop_LUT6_I0_O)        0.100     4.459 f  u_core/u_mem_adapter/fill_desc_beats[1][2]_i_23/O
                         net (fo=2, unplaced)         0.156     4.615    u_core/u_mem_adapter/fill_desc_beats[1][2]_i_23_n_0
                         LUT6 (Prop_LUT6_I4_O)        0.064     4.679 f  u_core/u_mem_adapter/fill_desc_beats[1][2]_i_10/O
                         net (fo=1, unplaced)         0.259     4.938    u_core/u_mem_adapter/fill_desc_beats[1][2]_i_10_n_0
                         CARRY8 (Prop_CARRY8_DI[0]_CO[4])
                                                      0.229     5.167 f  u_core/u_mem_adapter/fill_desc_beats_reg[1][2]_i_3/CO[4]
                         net (fo=7, unplaced)         0.237     5.404    u_core/u_mem_adapter/planned_second_beats1
                         LUT6 (Prop_LUT6_I0_O)        0.039     5.443 f  u_core/u_mem_adapter/fill_desc_beats[1][1]_i_11/O
                         net (fo=1, unplaced)         0.214     5.657    u_core/u_mem_adapter/fill_desc_beats[1][1]_i_11_n_0
                         LUT6 (Prop_LUT6_I5_O)        0.039     5.696 f  u_core/u_mem_adapter/fill_desc_beats[1][1]_i_6/O
                         net (fo=1, unplaced)         0.214     5.910    u_core/u_mem_adapter/fill_desc_beats[1][1]_i_6_n_0
                         LUT6 (Prop_LUT6_I5_O)        0.039     5.949 r  u_core/u_mem_adapter/fill_desc_beats[1][1]_i_1/O
                         net (fo=6, unplaced)         0.236     6.185    u_core/u_mem_adapter/fill_desc_beats[1][1]_i_1_n_0
                         LUT4 (Prop_LUT4_I2_O)        0.039     6.224 f  u_core/u_mem_adapter/fill_valid_words[3]_i_2/O
                         net (fo=6, unplaced)         0.236     6.460    u_core/u_mem_adapter/fill_valid_words[3]_i_2_n_0
                         LUT2 (Prop_LUT2_I1_O)        0.039     6.499 r  u_core/u_mem_adapter/linefill_start_o_i_209/O
                         net (fo=2, unplaced)         0.214     6.713    u_core/u_mem_adapter/linefill_start_o_i_209_n_0
                         LUT5 (Prop_LUT5_I3_O)        0.039     6.752 r  u_core/u_mem_adapter/linefill_start_o_i_212/O
                         net (fo=1, unplaced)         0.019     6.771    u_core/u_mem_adapter/linefill_start_o_i_212_n_0
                         CARRY8 (Prop_CARRY8_S[5]_CO[7])
                                                      0.204     6.975 r  u_core/u_mem_adapter/linefill_start_o_reg_i_198/CO[7]
                         net (fo=1, unplaced)         0.007     6.982    u_core/u_mem_adapter/linefill_start_o_reg_i_198_n_0
                         CARRY8 (Prop_CARRY8_CI_CO[7])
                                                      0.030     7.012 r  u_core/u_mem_adapter/linefill_start_o_reg_i_189/CO[7]
                         net (fo=1, unplaced)         0.007     7.019    u_core/u_mem_adapter/linefill_start_o_reg_i_189_n_0
                         CARRY8 (Prop_CARRY8_CI_CO[7])
                                                      0.030     7.049 r  u_core/u_mem_adapter/linefill_start_o_reg_i_165/CO[7]
                         net (fo=1, unplaced)         0.007     7.056    u_core/u_mem_adapter/linefill_start_o_reg_i_165_n_0
                         CARRY8 (Prop_CARRY8_CI_CO[7])
                                                      0.030     7.086 r  u_core/u_mem_adapter/linefill_start_o_reg_i_131/CO[7]
                         net (fo=1, unplaced)         0.007     7.093    u_core/u_mem_adapter/linefill_start_o_reg_i_131_n_0
                         CARRY8 (Prop_CARRY8_CI_CO[7])
                                                      0.030     7.123 r  u_core/u_mem_adapter/linefill_start_o_reg_i_85/CO[7]
                         net (fo=1, unplaced)         0.007     7.130    u_core/u_mem_adapter/linefill_start_o_reg_i_85_n_0
                         CARRY8 (Prop_CARRY8_CI_CO[7])
                                                      0.030     7.160 r  u_core/u_mem_adapter/linefill_start_o_reg_i_41/CO[7]
                         net (fo=1, unplaced)         0.007     7.167    u_core/u_mem_adapter/linefill_start_o_reg_i_41_n_0
                         CARRY8 (Prop_CARRY8_CI_O[4])
                                                      0.109     7.276 f  u_core/u_mem_adapter/linefill_start_o_reg_i_86/O[4]
                         net (fo=1, unplaced)         0.213     7.489    u_core/u_mem_adapter/planned_end_address_wide0[53]
                         LUT4 (Prop_LUT4_I1_O)        0.115     7.604 f  u_core/u_mem_adapter/linefill_start_o_i_87/O
                         net (fo=1, unplaced)         0.214     7.818    u_core/u_mem_adapter/linefill_start_o_i_87_n_0
                         LUT5 (Prop_LUT5_I4_O)        0.039     7.857 f  u_core/u_mem_adapter/linefill_start_o_i_39/O
                         net (fo=1, unplaced)         0.156     8.013    u_core/u_mem_adapter/linefill_start_o_i_39_n_0
                         LUT5 (Prop_LUT5_I0_O)        0.064     8.077 f  u_core/u_mem_adapter/linefill_start_o_i_12/O
                         net (fo=2, unplaced)         0.214     8.291    u_core/u_mem_adapter/linefill_start_o_i_12_n_0
                         LUT6 (Prop_LUT6_I5_O)        0.039     8.330 f  u_core/u_mem_adapter/linefill_start_o_i_7/O
                         net (fo=2, unplaced)         0.214     8.544    u_core/u_mem_adapter/linefill_start_o_i_7_n_0
                         LUT6 (Prop_LUT6_I5_O)        0.039     8.583 f  u_core/u_mem_adapter/linefill_start_o_i_4/O
                         net (fo=2, unplaced)         0.214     8.797    u_core/u_mem_adapter/linefill_start_o_i_4_n_0
                         LUT3 (Prop_LUT3_I2_O)        0.039     8.836 r  u_core/u_mem_adapter/linefill_start_o_i_1/O
                         net (fo=194, unplaced)       0.314     9.150    u_core/u_mem_adapter/fill_valid_words
                         LUT3 (Prop_LUT3_I0_O)        0.039     9.189 r  u_core/u_mem_adapter/fill_r_beat_index[2]_i_1/O
                         net (fo=35, unplaced)        0.222     9.411    u_core/u_mem_adapter/fill_first_word
                         FDRE                                         r  u_core/u_mem_adapter/fill_first_word_reg[15]/CE
  -------------------------------------------------------------------    -------------------

                         (clock aclk rise edge)       0.000     0.000 r  
                                                      0.000     0.000 r  aclk (IN)
                         net (fo=62495, unset)        0.024     0.024    u_core/u_mem_adapter/aclk
                         FDRE                                         r  u_core/u_mem_adapter/fill_first_word_reg[15]/C

Slack:                    inf
  Source:                 aresetn
                            (input port)
  Destination:            u_core/u_mem_adapter/fill_first_word_reg[16]/CE
                            (rising edge-triggered cell FDRE clocked by aclk  {rise@0.000ns fall@10.000ns period=20.000ns})
  Path Group:             (none)
  Path Type:              Setup (Max at Slow Process Corner)
  Data Path Delay:        9.411ns  (logic 3.011ns (31.994%)  route 6.400ns (68.006%))
  Logic Levels:           39  (CARRY8=14 LUT2=3 LUT3=2 LUT4=4 LUT5=6 LUT6=10)
  Clock Path Skew:        0.024ns (DCD - SCD + CPR)
    Destination Clock Delay (DCD):    0.024ns
    Source Clock Delay      (SCD):    0.000ns
    Clock Pessimism Removal (CPR):    0.000ns
  Clock Uncertainty:      0.225ns  ((TSJ^2 + TIJ^2)^1/2 + DJ) / 2 + PE + UU
    Total System Jitter     (TSJ):    0.050ns
    Total Input Jitter      (TIJ):    0.000ns
    Discrete Jitter          (DJ):    0.000ns
    Phase Error              (PE):    0.000ns
    User Uncertainty         (UU):    0.200ns

    Location             Delay type                Incr(ns)  Path(ns)    Netlist Resource(s)
  -------------------------------------------------------------------    -------------------
                                                      0.000     0.000 f  aresetn (IN)
                         net (fo=18, unset)           0.000     0.000    u_core/aresetn
                         LUT2 (Prop_LUT2_I0_O)        0.064     0.064 f  u_core/u_mem_adapter_i_1/O
                         net (fo=4, unplaced)         0.226     0.290    u_core/u_mem_adapter/aresetn
                         LUT5 (Prop_LUT5_I4_O)        0.085     0.375 r  u_core/u_mem_adapter/scalar_address_hold[0]_i_4/O
                         net (fo=3, unplaced)         0.162     0.537    u_core/u_mem_adapter/scalar_address_hold[0]_i_4_n_0
                         LUT5 (Prop_LUT5_I1_O)        0.064     0.601 r  u_core/u_mem_adapter/fill_start_word[31]_i_2/O
                         net (fo=101, unplaced)       0.242     0.843    u_core/u_mem_adapter/fill_start_word[31]_i_2_n_0
                         LUT5 (Prop_LUT5_I3_O)        0.064     0.907 r  u_core/u_mem_adapter/four_k_split_o_i_26/O
                         net (fo=4, unplaced)         0.168     1.075    u_core/u_mem_adapter/p_1_in[0]
                         LUT6 (Prop_LUT6_I0_O)        0.064     1.139 r  u_core/u_mem_adapter/four_k_split_o_i_34/O
                         net (fo=1, unplaced)         0.018     1.157    u_core/u_mem_adapter/four_k_split_o_i_34_n_0
                         CARRY8 (Prop_CARRY8_S[0]_O[4])
                                                      0.255     1.412 f  u_core/u_mem_adapter/four_k_split_o_reg_i_6/O[4]
                         net (fo=4, unplaced)         0.224     1.636    u_core/u_mem_adapter/four_k_split_o_reg_i_6_n_11
                         LUT4 (Prop_LUT4_I3_O)        0.135     1.771 r  u_core/u_mem_adapter/four_k_split_o_i_57/O
                         net (fo=1, unplaced)         0.232     2.003    u_core/u_mem_adapter/four_k_split_o_i_57_n_0
                         CARRY8 (Prop_CARRY8_DI[2]_CO[7])
                                                      0.142     2.145 r  u_core/u_mem_adapter/four_k_split_o_reg_i_47/CO[7]
                         net (fo=1, unplaced)         0.007     2.152    u_core/u_mem_adapter/four_k_split_o_reg_i_47_n_0
                         CARRY8 (Prop_CARRY8_CI_CO[7])
                                                      0.030     2.182 r  u_core/u_mem_adapter/four_k_split_o_reg_i_35/CO[7]
                         net (fo=1, unplaced)         0.007     2.189    u_core/u_mem_adapter/four_k_split_o_reg_i_35_n_0
                         CARRY8 (Prop_CARRY8_CI_CO[0])
                                                      0.068     2.257 r  u_core/u_mem_adapter/four_k_split_o_reg_i_7/CO[0]
                         net (fo=9, unplaced)         0.245     2.502    u_core/u_mem_adapter/clamped_contiguous_words1
                         LUT4 (Prop_LUT4_I1_O)        0.085     2.587 f  u_core/u_mem_adapter/four_k_split_o_i_3/O
                         net (fo=19, unplaced)        0.262     2.849    u_core/u_mem_adapter/four_k_split_o_i_3_n_0
                         LUT6 (Prop_LUT6_I5_O)        0.039     2.888 r  u_core/u_mem_adapter/four_k_split_o_i_13/O
                         net (fo=2, unplaced)         0.259     3.147    u_core/u_mem_adapter/four_k_split_o_i_13_n_0
                         CARRY8 (Prop_CARRY8_DI[0]_CO[4])
                                                      0.229     3.376 r  u_core/u_mem_adapter/fill_desc_beats_reg[0][2]_i_2/CO[4]
                         net (fo=9, unplaced)         0.243     3.619    u_core/u_mem_adapter/fill_desc_beats_reg[0][2]_i_2_n_3
                         LUT6 (Prop_LUT6_I5_O)        0.039     3.658 r  u_core/u_mem_adapter/fill_desc_beats[0][0]_i_2/O
                         net (fo=14, unplaced)        0.255     3.913    u_core/u_mem_adapter/fill_desc_beats[0][0]_i_2_n_0
                         LUT2 (Prop_LUT2_I1_O)        0.040     3.953 r  u_core/u_mem_adapter/fill_desc_addr[1][10]_i_4/O
                         net (fo=1, unplaced)         0.017     3.970    u_core/u_mem_adapter/fill_desc_addr[1][10]_i_4_n_0
                         CARRY8 (Prop_CARRY8_S[1]_O[2])
                                                      0.144     4.114 r  u_core/u_mem_adapter/fill_desc_addr_reg[1][10]_i_1/O[2]
                         net (fo=9, unplaced)         0.245     4.359    u_core/u_mem_adapter/fill_desc_addr_reg[1][10]_i_1_n_13
                         LUT6 (Prop_LUT6_I0_O)        0.100     4.459 f  u_core/u_mem_adapter/fill_desc_beats[1][2]_i_23/O
                         net (fo=2, unplaced)         0.156     4.615    u_core/u_mem_adapter/fill_desc_beats[1][2]_i_23_n_0
                         LUT6 (Prop_LUT6_I4_O)        0.064     4.679 f  u_core/u_mem_adapter/fill_desc_beats[1][2]_i_10/O
                         net (fo=1, unplaced)         0.259     4.938    u_core/u_mem_adapter/fill_desc_beats[1][2]_i_10_n_0
                         CARRY8 (Prop_CARRY8_DI[0]_CO[4])
                                                      0.229     5.167 f  u_core/u_mem_adapter/fill_desc_beats_reg[1][2]_i_3/CO[4]
                         net (fo=7, unplaced)         0.237     5.404    u_core/u_mem_adapter/planned_second_beats1
                         LUT6 (Prop_LUT6_I0_O)        0.039     5.443 f  u_core/u_mem_adapter/fill_desc_beats[1][1]_i_11/O
                         net (fo=1, unplaced)         0.214     5.657    u_core/u_mem_adapter/fill_desc_beats[1][1]_i_11_n_0
                         LUT6 (Prop_LUT6_I5_O)        0.039     5.696 f  u_core/u_mem_adapter/fill_desc_beats[1][1]_i_6/O
                         net (fo=1, unplaced)         0.214     5.910    u_core/u_mem_adapter/fill_desc_beats[1][1]_i_6_n_0
                         LUT6 (Prop_LUT6_I5_O)        0.039     5.949 r  u_core/u_mem_adapter/fill_desc_beats[1][1]_i_1/O
                         net (fo=6, unplaced)         0.236     6.185    u_core/u_mem_adapter/fill_desc_beats[1][1]_i_1_n_0
                         LUT4 (Prop_LUT4_I2_O)        0.039     6.224 f  u_core/u_mem_adapter/fill_valid_words[3]_i_2/O
                         net (fo=6, unplaced)         0.236     6.460    u_core/u_mem_adapter/fill_valid_words[3]_i_2_n_0
                         LUT2 (Prop_LUT2_I1_O)        0.039     6.499 r  u_core/u_mem_adapter/linefill_start_o_i_209/O
                         net (fo=2, unplaced)         0.214     6.713    u_core/u_mem_adapter/linefill_start_o_i_209_n_0
                         LUT5 (Prop_LUT5_I3_O)        0.039     6.752 r  u_core/u_mem_adapter/linefill_start_o_i_212/O
                         net (fo=1, unplaced)         0.019     6.771    u_core/u_mem_adapter/linefill_start_o_i_212_n_0
                         CARRY8 (Prop_CARRY8_S[5]_CO[7])
                                                      0.204     6.975 r  u_core/u_mem_adapter/linefill_start_o_reg_i_198/CO[7]
                         net (fo=1, unplaced)         0.007     6.982    u_core/u_mem_adapter/linefill_start_o_reg_i_198_n_0
                         CARRY8 (Prop_CARRY8_CI_CO[7])
                                                      0.030     7.012 r  u_core/u_mem_adapter/linefill_start_o_reg_i_189/CO[7]
                         net (fo=1, unplaced)         0.007     7.019    u_core/u_mem_adapter/linefill_start_o_reg_i_189_n_0
                         CARRY8 (Prop_CARRY8_CI_CO[7])
                                                      0.030     7.049 r  u_core/u_mem_adapter/linefill_start_o_reg_i_165/CO[7]
                         net (fo=1, unplaced)         0.007     7.056    u_core/u_mem_adapter/linefill_start_o_reg_i_165_n_0
                         CARRY8 (Prop_CARRY8_CI_CO[7])
                                                      0.030     7.086 r  u_core/u_mem_adapter/linefill_start_o_reg_i_131/CO[7]
                         net (fo=1, unplaced)         0.007     7.093    u_core/u_mem_adapter/linefill_start_o_reg_i_131_n_0
                         CARRY8 (Prop_CARRY8_CI_CO[7])
                                                      0.030     7.123 r  u_core/u_mem_adapter/linefill_start_o_reg_i_85/CO[7]
                         net (fo=1, unplaced)         0.007     7.130    u_core/u_mem_adapter/linefill_start_o_reg_i_85_n_0
                         CARRY8 (Prop_CARRY8_CI_CO[7])
                                                      0.030     7.160 r  u_core/u_mem_adapter/linefill_start_o_reg_i_41/CO[7]
                         net (fo=1, unplaced)         0.007     7.167    u_core/u_mem_adapter/linefill_start_o_reg_i_41_n_0
                         CARRY8 (Prop_CARRY8_CI_O[4])
                                                      0.109     7.276 f  u_core/u_mem_adapter/linefill_start_o_reg_i_86/O[4]
                         net (fo=1, unplaced)         0.213     7.489    u_core/u_mem_adapter/planned_end_address_wide0[53]
                         LUT4 (Prop_LUT4_I1_O)        0.115     7.604 f  u_core/u_mem_adapter/linefill_start_o_i_87/O
                         net (fo=1, unplaced)         0.214     7.818    u_core/u_mem_adapter/linefill_start_o_i_87_n_0
                         LUT5 (Prop_LUT5_I4_O)        0.039     7.857 f  u_core/u_mem_adapter/linefill_start_o_i_39/O
                         net (fo=1, unplaced)         0.156     8.013    u_core/u_mem_adapter/linefill_start_o_i_39_n_0
                         LUT5 (Prop_LUT5_I0_O)        0.064     8.077 f  u_core/u_mem_adapter/linefill_start_o_i_12/O
                         net (fo=2, unplaced)         0.214     8.291    u_core/u_mem_adapter/linefill_start_o_i_12_n_0
                         LUT6 (Prop_LUT6_I5_O)        0.039     8.330 f  u_core/u_mem_adapter/linefill_start_o_i_7/O
                         net (fo=2, unplaced)         0.214     8.544    u_core/u_mem_adapter/linefill_start_o_i_7_n_0
                         LUT6 (Prop_LUT6_I5_O)        0.039     8.583 f  u_core/u_mem_adapter/linefill_start_o_i_4/O
                         net (fo=2, unplaced)         0.214     8.797    u_core/u_mem_adapter/linefill_start_o_i_4_n_0
                         LUT3 (Prop_LUT3_I2_O)        0.039     8.836 r  u_core/u_mem_adapter/linefill_start_o_i_1/O
                         net (fo=194, unplaced)       0.314     9.150    u_core/u_mem_adapter/fill_valid_words
                         LUT3 (Prop_LUT3_I0_O)        0.039     9.189 r  u_core/u_mem_adapter/fill_r_beat_index[2]_i_1/O
                         net (fo=35, unplaced)        0.222     9.411    u_core/u_mem_adapter/fill_first_word
                         FDRE                                         r  u_core/u_mem_adapter/fill_first_word_reg[16]/CE
  -------------------------------------------------------------------    -------------------

                         (clock aclk rise edge)       0.000     0.000 r  
                                                      0.000     0.000 r  aclk (IN)
                         net (fo=62495, unset)        0.024     0.024    u_core/u_mem_adapter/aclk
                         FDRE                                         r  u_core/u_mem_adapter/fill_first_word_reg[16]/C

Slack:                    inf
  Source:                 aresetn
                            (input port)
  Destination:            u_core/u_mem_adapter/fill_first_word_reg[17]/CE
                            (rising edge-triggered cell FDRE clocked by aclk  {rise@0.000ns fall@10.000ns period=20.000ns})
  Path Group:             (none)
  Path Type:              Setup (Max at Slow Process Corner)
  Data Path Delay:        9.411ns  (logic 3.011ns (31.994%)  route 6.400ns (68.006%))
  Logic Levels:           39  (CARRY8=14 LUT2=3 LUT3=2 LUT4=4 LUT5=6 LUT6=10)
  Clock Path Skew:        0.024ns (DCD - SCD + CPR)
    Destination Clock Delay (DCD):    0.024ns
    Source Clock Delay      (SCD):    0.000ns
    Clock Pessimism Removal (CPR):    0.000ns
  Clock Uncertainty:      0.225ns  ((TSJ^2 + TIJ^2)^1/2 + DJ) / 2 + PE + UU
    Total System Jitter     (TSJ):    0.050ns
    Total Input Jitter      (TIJ):    0.000ns
    Discrete Jitter          (DJ):    0.000ns
    Phase Error              (PE):    0.000ns
    User Uncertainty         (UU):    0.200ns

    Location             Delay type                Incr(ns)  Path(ns)    Netlist Resource(s)
  -------------------------------------------------------------------    -------------------
                                                      0.000     0.000 f  aresetn (IN)
                         net (fo=18, unset)           0.000     0.000    u_core/aresetn
                         LUT2 (Prop_LUT2_I0_O)        0.064     0.064 f  u_core/u_mem_adapter_i_1/O
                         net (fo=4, unplaced)         0.226     0.290    u_core/u_mem_adapter/aresetn
                         LUT5 (Prop_LUT5_I4_O)        0.085     0.375 r  u_core/u_mem_adapter/scalar_address_hold[0]_i_4/O
                         net (fo=3, unplaced)         0.162     0.537    u_core/u_mem_adapter/scalar_address_hold[0]_i_4_n_0
                         LUT5 (Prop_LUT5_I1_O)        0.064     0.601 r  u_core/u_mem_adapter/fill_start_word[31]_i_2/O
                         net (fo=101, unplaced)       0.242     0.843    u_core/u_mem_adapter/fill_start_word[31]_i_2_n_0
                         LUT5 (Prop_LUT5_I3_O)        0.064     0.907 r  u_core/u_mem_adapter/four_k_split_o_i_26/O
                         net (fo=4, unplaced)         0.168     1.075    u_core/u_mem_adapter/p_1_in[0]
                         LUT6 (Prop_LUT6_I0_O)        0.064     1.139 r  u_core/u_mem_adapter/four_k_split_o_i_34/O
                         net (fo=1, unplaced)         0.018     1.157    u_core/u_mem_adapter/four_k_split_o_i_34_n_0
                         CARRY8 (Prop_CARRY8_S[0]_O[4])
                                                      0.255     1.412 f  u_core/u_mem_adapter/four_k_split_o_reg_i_6/O[4]
                         net (fo=4, unplaced)         0.224     1.636    u_core/u_mem_adapter/four_k_split_o_reg_i_6_n_11
                         LUT4 (Prop_LUT4_I3_O)        0.135     1.771 r  u_core/u_mem_adapter/four_k_split_o_i_57/O
                         net (fo=1, unplaced)         0.232     2.003    u_core/u_mem_adapter/four_k_split_o_i_57_n_0
                         CARRY8 (Prop_CARRY8_DI[2]_CO[7])
                                                      0.142     2.145 r  u_core/u_mem_adapter/four_k_split_o_reg_i_47/CO[7]
                         net (fo=1, unplaced)         0.007     2.152    u_core/u_mem_adapter/four_k_split_o_reg_i_47_n_0
                         CARRY8 (Prop_CARRY8_CI_CO[7])
                                                      0.030     2.182 r  u_core/u_mem_adapter/four_k_split_o_reg_i_35/CO[7]
                         net (fo=1, unplaced)         0.007     2.189    u_core/u_mem_adapter/four_k_split_o_reg_i_35_n_0
                         CARRY8 (Prop_CARRY8_CI_CO[0])
                                                      0.068     2.257 r  u_core/u_mem_adapter/four_k_split_o_reg_i_7/CO[0]
                         net (fo=9, unplaced)         0.245     2.502    u_core/u_mem_adapter/clamped_contiguous_words1
                         LUT4 (Prop_LUT4_I1_O)        0.085     2.587 f  u_core/u_mem_adapter/four_k_split_o_i_3/O
                         net (fo=19, unplaced)        0.262     2.849    u_core/u_mem_adapter/four_k_split_o_i_3_n_0
                         LUT6 (Prop_LUT6_I5_O)        0.039     2.888 r  u_core/u_mem_adapter/four_k_split_o_i_13/O
                         net (fo=2, unplaced)         0.259     3.147    u_core/u_mem_adapter/four_k_split_o_i_13_n_0
                         CARRY8 (Prop_CARRY8_DI[0]_CO[4])
                                                      0.229     3.376 r  u_core/u_mem_adapter/fill_desc_beats_reg[0][2]_i_2/CO[4]
                         net (fo=9, unplaced)         0.243     3.619    u_core/u_mem_adapter/fill_desc_beats_reg[0][2]_i_2_n_3
                         LUT6 (Prop_LUT6_I5_O)        0.039     3.658 r  u_core/u_mem_adapter/fill_desc_beats[0][0]_i_2/O
                         net (fo=14, unplaced)        0.255     3.913    u_core/u_mem_adapter/fill_desc_beats[0][0]_i_2_n_0
                         LUT2 (Prop_LUT2_I1_O)        0.040     3.953 r  u_core/u_mem_adapter/fill_desc_addr[1][10]_i_4/O
                         net (fo=1, unplaced)         0.017     3.970    u_core/u_mem_adapter/fill_desc_addr[1][10]_i_4_n_0
                         CARRY8 (Prop_CARRY8_S[1]_O[2])
                                                      0.144     4.114 r  u_core/u_mem_adapter/fill_desc_addr_reg[1][10]_i_1/O[2]
                         net (fo=9, unplaced)         0.245     4.359    u_core/u_mem_adapter/fill_desc_addr_reg[1][10]_i_1_n_13
                         LUT6 (Prop_LUT6_I0_O)        0.100     4.459 f  u_core/u_mem_adapter/fill_desc_beats[1][2]_i_23/O
                         net (fo=2, unplaced)         0.156     4.615    u_core/u_mem_adapter/fill_desc_beats[1][2]_i_23_n_0
                         LUT6 (Prop_LUT6_I4_O)        0.064     4.679 f  u_core/u_mem_adapter/fill_desc_beats[1][2]_i_10/O
                         net (fo=1, unplaced)         0.259     4.938    u_core/u_mem_adapter/fill_desc_beats[1][2]_i_10_n_0
                         CARRY8 (Prop_CARRY8_DI[0]_CO[4])
                                                      0.229     5.167 f  u_core/u_mem_adapter/fill_desc_beats_reg[1][2]_i_3/CO[4]
                         net (fo=7, unplaced)         0.237     5.404    u_core/u_mem_adapter/planned_second_beats1
                         LUT6 (Prop_LUT6_I0_O)        0.039     5.443 f  u_core/u_mem_adapter/fill_desc_beats[1][1]_i_11/O
                         net (fo=1, unplaced)         0.214     5.657    u_core/u_mem_adapter/fill_desc_beats[1][1]_i_11_n_0
                         LUT6 (Prop_LUT6_I5_O)        0.039     5.696 f  u_core/u_mem_adapter/fill_desc_beats[1][1]_i_6/O
                         net (fo=1, unplaced)         0.214     5.910    u_core/u_mem_adapter/fill_desc_beats[1][1]_i_6_n_0
                         LUT6 (Prop_LUT6_I5_O)        0.039     5.949 r  u_core/u_mem_adapter/fill_desc_beats[1][1]_i_1/O
                         net (fo=6, unplaced)         0.236     6.185    u_core/u_mem_adapter/fill_desc_beats[1][1]_i_1_n_0
                         LUT4 (Prop_LUT4_I2_O)        0.039     6.224 f  u_core/u_mem_adapter/fill_valid_words[3]_i_2/O
                         net (fo=6, unplaced)         0.236     6.460    u_core/u_mem_adapter/fill_valid_words[3]_i_2_n_0
                         LUT2 (Prop_LUT2_I1_O)        0.039     6.499 r  u_core/u_mem_adapter/linefill_start_o_i_209/O
                         net (fo=2, unplaced)         0.214     6.713    u_core/u_mem_adapter/linefill_start_o_i_209_n_0
                         LUT5 (Prop_LUT5_I3_O)        0.039     6.752 r  u_core/u_mem_adapter/linefill_start_o_i_212/O
                         net (fo=1, unplaced)         0.019     6.771    u_core/u_mem_adapter/linefill_start_o_i_212_n_0
                         CARRY8 (Prop_CARRY8_S[5]_CO[7])
                                                      0.204     6.975 r  u_core/u_mem_adapter/linefill_start_o_reg_i_198/CO[7]
                         net (fo=1, unplaced)         0.007     6.982    u_core/u_mem_adapter/linefill_start_o_reg_i_198_n_0
                         CARRY8 (Prop_CARRY8_CI_CO[7])
                                                      0.030     7.012 r  u_core/u_mem_adapter/linefill_start_o_reg_i_189/CO[7]
                         net (fo=1, unplaced)         0.007     7.019    u_core/u_mem_adapter/linefill_start_o_reg_i_189_n_0
                         CARRY8 (Prop_CARRY8_CI_CO[7])
                                                      0.030     7.049 r  u_core/u_mem_adapter/linefill_start_o_reg_i_165/CO[7]
                         net (fo=1, unplaced)         0.007     7.056    u_core/u_mem_adapter/linefill_start_o_reg_i_165_n_0
                         CARRY8 (Prop_CARRY8_CI_CO[7])
                                                      0.030     7.086 r  u_core/u_mem_adapter/linefill_start_o_reg_i_131/CO[7]
                         net (fo=1, unplaced)         0.007     7.093    u_core/u_mem_adapter/linefill_start_o_reg_i_131_n_0
                         CARRY8 (Prop_CARRY8_CI_CO[7])
                                                      0.030     7.123 r  u_core/u_mem_adapter/linefill_start_o_reg_i_85/CO[7]
                         net (fo=1, unplaced)         0.007     7.130    u_core/u_mem_adapter/linefill_start_o_reg_i_85_n_0
                         CARRY8 (Prop_CARRY8_CI_CO[7])
                                                      0.030     7.160 r  u_core/u_mem_adapter/linefill_start_o_reg_i_41/CO[7]
                         net (fo=1, unplaced)         0.007     7.167    u_core/u_mem_adapter/linefill_start_o_reg_i_41_n_0
                         CARRY8 (Prop_CARRY8_CI_O[4])
                                                      0.109     7.276 f  u_core/u_mem_adapter/linefill_start_o_reg_i_86/O[4]
                         net (fo=1, unplaced)         0.213     7.489    u_core/u_mem_adapter/planned_end_address_wide0[53]
                         LUT4 (Prop_LUT4_I1_O)        0.115     7.604 f  u_core/u_mem_adapter/linefill_start_o_i_87/O
                         net (fo=1, unplaced)         0.214     7.818    u_core/u_mem_adapter/linefill_start_o_i_87_n_0
                         LUT5 (Prop_LUT5_I4_O)        0.039     7.857 f  u_core/u_mem_adapter/linefill_start_o_i_39/O
                         net (fo=1, unplaced)         0.156     8.013    u_core/u_mem_adapter/linefill_start_o_i_39_n_0
                         LUT5 (Prop_LUT5_I0_O)        0.064     8.077 f  u_core/u_mem_adapter/linefill_start_o_i_12/O
                         net (fo=2, unplaced)         0.214     8.291    u_core/u_mem_adapter/linefill_start_o_i_12_n_0
                         LUT6 (Prop_LUT6_I5_O)        0.039     8.330 f  u_core/u_mem_adapter/linefill_start_o_i_7/O
                         net (fo=2, unplaced)         0.214     8.544    u_core/u_mem_adapter/linefill_start_o_i_7_n_0
                         LUT6 (Prop_LUT6_I5_O)        0.039     8.583 f  u_core/u_mem_adapter/linefill_start_o_i_4/O
                         net (fo=2, unplaced)         0.214     8.797    u_core/u_mem_adapter/linefill_start_o_i_4_n_0
                         LUT3 (Prop_LUT3_I2_O)        0.039     8.836 r  u_core/u_mem_adapter/linefill_start_o_i_1/O
                         net (fo=194, unplaced)       0.314     9.150    u_core/u_mem_adapter/fill_valid_words
                         LUT3 (Prop_LUT3_I0_O)        0.039     9.189 r  u_core/u_mem_adapter/fill_r_beat_index[2]_i_1/O
                         net (fo=35, unplaced)        0.222     9.411    u_core/u_mem_adapter/fill_first_word
                         FDRE                                         r  u_core/u_mem_adapter/fill_first_word_reg[17]/CE
  -------------------------------------------------------------------    -------------------

                         (clock aclk rise edge)       0.000     0.000 r  
                                                      0.000     0.000 r  aclk (IN)
                         net (fo=62495, unset)        0.024     0.024    u_core/u_mem_adapter/aclk
                         FDRE                                         r  u_core/u_mem_adapter/fill_first_word_reg[17]/C

Slack:                    inf
  Source:                 aresetn
                            (input port)
  Destination:            u_core/u_mem_adapter/fill_first_word_reg[18]/CE
                            (rising edge-triggered cell FDRE clocked by aclk  {rise@0.000ns fall@10.000ns period=20.000ns})
  Path Group:             (none)
  Path Type:              Setup (Max at Slow Process Corner)
  Data Path Delay:        9.411ns  (logic 3.011ns (31.994%)  route 6.400ns (68.006%))
  Logic Levels:           39  (CARRY8=14 LUT2=3 LUT3=2 LUT4=4 LUT5=6 LUT6=10)
  Clock Path Skew:        0.024ns (DCD - SCD + CPR)
    Destination Clock Delay (DCD):    0.024ns
    Source Clock Delay      (SCD):    0.000ns
    Clock Pessimism Removal (CPR):    0.000ns
  Clock Uncertainty:      0.225ns  ((TSJ^2 + TIJ^2)^1/2 + DJ) / 2 + PE + UU
    Total System Jitter     (TSJ):    0.050ns
    Total Input Jitter      (TIJ):    0.000ns
    Discrete Jitter          (DJ):    0.000ns
    Phase Error              (PE):    0.000ns
    User Uncertainty         (UU):    0.200ns

    Location             Delay type                Incr(ns)  Path(ns)    Netlist Resource(s)
  -------------------------------------------------------------------    -------------------
                                                      0.000     0.000 f  aresetn (IN)
                         net (fo=18, unset)           0.000     0.000    u_core/aresetn
                         LUT2 (Prop_LUT2_I0_O)        0.064     0.064 f  u_core/u_mem_adapter_i_1/O
                         net (fo=4, unplaced)         0.226     0.290    u_core/u_mem_adapter/aresetn
                         LUT5 (Prop_LUT5_I4_O)        0.085     0.375 r  u_core/u_mem_adapter/scalar_address_hold[0]_i_4/O
                         net (fo=3, unplaced)         0.162     0.537    u_core/u_mem_adapter/scalar_address_hold[0]_i_4_n_0
                         LUT5 (Prop_LUT5_I1_O)        0.064     0.601 r  u_core/u_mem_adapter/fill_start_word[31]_i_2/O
                         net (fo=101, unplaced)       0.242     0.843    u_core/u_mem_adapter/fill_start_word[31]_i_2_n_0
                         LUT5 (Prop_LUT5_I3_O)        0.064     0.907 r  u_core/u_mem_adapter/four_k_split_o_i_26/O
                         net (fo=4, unplaced)         0.168     1.075    u_core/u_mem_adapter/p_1_in[0]
                         LUT6 (Prop_LUT6_I0_O)        0.064     1.139 r  u_core/u_mem_adapter/four_k_split_o_i_34/O
                         net (fo=1, unplaced)         0.018     1.157    u_core/u_mem_adapter/four_k_split_o_i_34_n_0
                         CARRY8 (Prop_CARRY8_S[0]_O[4])
                                                      0.255     1.412 f  u_core/u_mem_adapter/four_k_split_o_reg_i_6/O[4]
                         net (fo=4, unplaced)         0.224     1.636    u_core/u_mem_adapter/four_k_split_o_reg_i_6_n_11
                         LUT4 (Prop_LUT4_I3_O)        0.135     1.771 r  u_core/u_mem_adapter/four_k_split_o_i_57/O
                         net (fo=1, unplaced)         0.232     2.003    u_core/u_mem_adapter/four_k_split_o_i_57_n_0
                         CARRY8 (Prop_CARRY8_DI[2]_CO[7])
                                                      0.142     2.145 r  u_core/u_mem_adapter/four_k_split_o_reg_i_47/CO[7]
                         net (fo=1, unplaced)         0.007     2.152    u_core/u_mem_adapter/four_k_split_o_reg_i_47_n_0
                         CARRY8 (Prop_CARRY8_CI_CO[7])
                                                      0.030     2.182 r  u_core/u_mem_adapter/four_k_split_o_reg_i_35/CO[7]
                         net (fo=1, unplaced)         0.007     2.189    u_core/u_mem_adapter/four_k_split_o_reg_i_35_n_0
                         CARRY8 (Prop_CARRY8_CI_CO[0])
                                                      0.068     2.257 r  u_core/u_mem_adapter/four_k_split_o_reg_i_7/CO[0]
                         net (fo=9, unplaced)         0.245     2.502    u_core/u_mem_adapter/clamped_contiguous_words1
                         LUT4 (Prop_LUT4_I1_O)        0.085     2.587 f  u_core/u_mem_adapter/four_k_split_o_i_3/O
                         net (fo=19, unplaced)        0.262     2.849    u_core/u_mem_adapter/four_k_split_o_i_3_n_0
                         LUT6 (Prop_LUT6_I5_O)        0.039     2.888 r  u_core/u_mem_adapter/four_k_split_o_i_13/O
                         net (fo=2, unplaced)         0.259     3.147    u_core/u_mem_adapter/four_k_split_o_i_13_n_0
                         CARRY8 (Prop_CARRY8_DI[0]_CO[4])
                                                      0.229     3.376 r  u_core/u_mem_adapter/fill_desc_beats_reg[0][2]_i_2/CO[4]
                         net (fo=9, unplaced)         0.243     3.619    u_core/u_mem_adapter/fill_desc_beats_reg[0][2]_i_2_n_3
                         LUT6 (Prop_LUT6_I5_O)        0.039     3.658 r  u_core/u_mem_adapter/fill_desc_beats[0][0]_i_2/O
                         net (fo=14, unplaced)        0.255     3.913    u_core/u_mem_adapter/fill_desc_beats[0][0]_i_2_n_0
                         LUT2 (Prop_LUT2_I1_O)        0.040     3.953 r  u_core/u_mem_adapter/fill_desc_addr[1][10]_i_4/O
                         net (fo=1, unplaced)         0.017     3.970    u_core/u_mem_adapter/fill_desc_addr[1][10]_i_4_n_0
                         CARRY8 (Prop_CARRY8_S[1]_O[2])
                                                      0.144     4.114 r  u_core/u_mem_adapter/fill_desc_addr_reg[1][10]_i_1/O[2]
                         net (fo=9, unplaced)         0.245     4.359    u_core/u_mem_adapter/fill_desc_addr_reg[1][10]_i_1_n_13
                         LUT6 (Prop_LUT6_I0_O)        0.100     4.459 f  u_core/u_mem_adapter/fill_desc_beats[1][2]_i_23/O
                         net (fo=2, unplaced)         0.156     4.615    u_core/u_mem_adapter/fill_desc_beats[1][2]_i_23_n_0
                         LUT6 (Prop_LUT6_I4_O)        0.064     4.679 f  u_core/u_mem_adapter/fill_desc_beats[1][2]_i_10/O
                         net (fo=1, unplaced)         0.259     4.938    u_core/u_mem_adapter/fill_desc_beats[1][2]_i_10_n_0
                         CARRY8 (Prop_CARRY8_DI[0]_CO[4])
                                                      0.229     5.167 f  u_core/u_mem_adapter/fill_desc_beats_reg[1][2]_i_3/CO[4]
                         net (fo=7, unplaced)         0.237     5.404    u_core/u_mem_adapter/planned_second_beats1
                         LUT6 (Prop_LUT6_I0_O)        0.039     5.443 f  u_core/u_mem_adapter/fill_desc_beats[1][1]_i_11/O
                         net (fo=1, unplaced)         0.214     5.657    u_core/u_mem_adapter/fill_desc_beats[1][1]_i_11_n_0
                         LUT6 (Prop_LUT6_I5_O)        0.039     5.696 f  u_core/u_mem_adapter/fill_desc_beats[1][1]_i_6/O
                         net (fo=1, unplaced)         0.214     5.910    u_core/u_mem_adapter/fill_desc_beats[1][1]_i_6_n_0
                         LUT6 (Prop_LUT6_I5_O)        0.039     5.949 r  u_core/u_mem_adapter/fill_desc_beats[1][1]_i_1/O
                         net (fo=6, unplaced)         0.236     6.185    u_core/u_mem_adapter/fill_desc_beats[1][1]_i_1_n_0
                         LUT4 (Prop_LUT4_I2_O)        0.039     6.224 f  u_core/u_mem_adapter/fill_valid_words[3]_i_2/O
                         net (fo=6, unplaced)         0.236     6.460    u_core/u_mem_adapter/fill_valid_words[3]_i_2_n_0
                         LUT2 (Prop_LUT2_I1_O)        0.039     6.499 r  u_core/u_mem_adapter/linefill_start_o_i_209/O
                         net (fo=2, unplaced)         0.214     6.713    u_core/u_mem_adapter/linefill_start_o_i_209_n_0
                         LUT5 (Prop_LUT5_I3_O)        0.039     6.752 r  u_core/u_mem_adapter/linefill_start_o_i_212/O
                         net (fo=1, unplaced)         0.019     6.771    u_core/u_mem_adapter/linefill_start_o_i_212_n_0
                         CARRY8 (Prop_CARRY8_S[5]_CO[7])
                                                      0.204     6.975 r  u_core/u_mem_adapter/linefill_start_o_reg_i_198/CO[7]
                         net (fo=1, unplaced)         0.007     6.982    u_core/u_mem_adapter/linefill_start_o_reg_i_198_n_0
                         CARRY8 (Prop_CARRY8_CI_CO[7])
                                                      0.030     7.012 r  u_core/u_mem_adapter/linefill_start_o_reg_i_189/CO[7]
                         net (fo=1, unplaced)         0.007     7.019    u_core/u_mem_adapter/linefill_start_o_reg_i_189_n_0
                         CARRY8 (Prop_CARRY8_CI_CO[7])
                                                      0.030     7.049 r  u_core/u_mem_adapter/linefill_start_o_reg_i_165/CO[7]
                         net (fo=1, unplaced)         0.007     7.056    u_core/u_mem_adapter/linefill_start_o_reg_i_165_n_0
                         CARRY8 (Prop_CARRY8_CI_CO[7])
                                                      0.030     7.086 r  u_core/u_mem_adapter/linefill_start_o_reg_i_131/CO[7]
                         net (fo=1, unplaced)         0.007     7.093    u_core/u_mem_adapter/linefill_start_o_reg_i_131_n_0
                         CARRY8 (Prop_CARRY8_CI_CO[7])
                                                      0.030     7.123 r  u_core/u_mem_adapter/linefill_start_o_reg_i_85/CO[7]
                         net (fo=1, unplaced)         0.007     7.130    u_core/u_mem_adapter/linefill_start_o_reg_i_85_n_0
                         CARRY8 (Prop_CARRY8_CI_CO[7])
                                                      0.030     7.160 r  u_core/u_mem_adapter/linefill_start_o_reg_i_41/CO[7]
                         net (fo=1, unplaced)         0.007     7.167    u_core/u_mem_adapter/linefill_start_o_reg_i_41_n_0
                         CARRY8 (Prop_CARRY8_CI_O[4])
                                                      0.109     7.276 f  u_core/u_mem_adapter/linefill_start_o_reg_i_86/O[4]
                         net (fo=1, unplaced)         0.213     7.489    u_core/u_mem_adapter/planned_end_address_wide0[53]
                         LUT4 (Prop_LUT4_I1_O)        0.115     7.604 f  u_core/u_mem_adapter/linefill_start_o_i_87/O
                         net (fo=1, unplaced)         0.214     7.818    u_core/u_mem_adapter/linefill_start_o_i_87_n_0
                         LUT5 (Prop_LUT5_I4_O)        0.039     7.857 f  u_core/u_mem_adapter/linefill_start_o_i_39/O
                         net (fo=1, unplaced)         0.156     8.013    u_core/u_mem_adapter/linefill_start_o_i_39_n_0
                         LUT5 (Prop_LUT5_I0_O)        0.064     8.077 f  u_core/u_mem_adapter/linefill_start_o_i_12/O
                         net (fo=2, unplaced)         0.214     8.291    u_core/u_mem_adapter/linefill_start_o_i_12_n_0
                         LUT6 (Prop_LUT6_I5_O)        0.039     8.330 f  u_core/u_mem_adapter/linefill_start_o_i_7/O
                         net (fo=2, unplaced)         0.214     8.544    u_core/u_mem_adapter/linefill_start_o_i_7_n_0
                         LUT6 (Prop_LUT6_I5_O)        0.039     8.583 f  u_core/u_mem_adapter/linefill_start_o_i_4/O
                         net (fo=2, unplaced)         0.214     8.797    u_core/u_mem_adapter/linefill_start_o_i_4_n_0
                         LUT3 (Prop_LUT3_I2_O)        0.039     8.836 r  u_core/u_mem_adapter/linefill_start_o_i_1/O
                         net (fo=194, unplaced)       0.314     9.150    u_core/u_mem_adapter/fill_valid_words
                         LUT3 (Prop_LUT3_I0_O)        0.039     9.189 r  u_core/u_mem_adapter/fill_r_beat_index[2]_i_1/O
                         net (fo=35, unplaced)        0.222     9.411    u_core/u_mem_adapter/fill_first_word
                         FDRE                                         r  u_core/u_mem_adapter/fill_first_word_reg[18]/CE
  -------------------------------------------------------------------    -------------------

                         (clock aclk rise edge)       0.000     0.000 r  
                                                      0.000     0.000 r  aclk (IN)
                         net (fo=62495, unset)        0.024     0.024    u_core/u_mem_adapter/aclk
                         FDRE                                         r  u_core/u_mem_adapter/fill_first_word_reg[18]/C

Slack:                    inf
  Source:                 aresetn
                            (input port)
  Destination:            u_core/u_mem_adapter/fill_first_word_reg[19]/CE
                            (rising edge-triggered cell FDRE clocked by aclk  {rise@0.000ns fall@10.000ns period=20.000ns})
  Path Group:             (none)
  Path Type:              Setup (Max at Slow Process Corner)
  Data Path Delay:        9.411ns  (logic 3.011ns (31.994%)  route 6.400ns (68.006%))
  Logic Levels:           39  (CARRY8=14 LUT2=3 LUT3=2 LUT4=4 LUT5=6 LUT6=10)
  Clock Path Skew:        0.024ns (DCD - SCD + CPR)
    Destination Clock Delay (DCD):    0.024ns
    Source Clock Delay      (SCD):    0.000ns
    Clock Pessimism Removal (CPR):    0.000ns
  Clock Uncertainty:      0.225ns  ((TSJ^2 + TIJ^2)^1/2 + DJ) / 2 + PE + UU
    Total System Jitter     (TSJ):    0.050ns
    Total Input Jitter      (TIJ):    0.000ns
    Discrete Jitter          (DJ):    0.000ns
    Phase Error              (PE):    0.000ns
    User Uncertainty         (UU):    0.200ns

    Location             Delay type                Incr(ns)  Path(ns)    Netlist Resource(s)
  -------------------------------------------------------------------    -------------------
                                                      0.000     0.000 f  aresetn (IN)
                         net (fo=18, unset)           0.000     0.000    u_core/aresetn
                         LUT2 (Prop_LUT2_I0_O)        0.064     0.064 f  u_core/u_mem_adapter_i_1/O
                         net (fo=4, unplaced)         0.226     0.290    u_core/u_mem_adapter/aresetn
                         LUT5 (Prop_LUT5_I4_O)        0.085     0.375 r  u_core/u_mem_adapter/scalar_address_hold[0]_i_4/O
                         net (fo=3, unplaced)         0.162     0.537    u_core/u_mem_adapter/scalar_address_hold[0]_i_4_n_0
                         LUT5 (Prop_LUT5_I1_O)        0.064     0.601 r  u_core/u_mem_adapter/fill_start_word[31]_i_2/O
                         net (fo=101, unplaced)       0.242     0.843    u_core/u_mem_adapter/fill_start_word[31]_i_2_n_0
                         LUT5 (Prop_LUT5_I3_O)        0.064     0.907 r  u_core/u_mem_adapter/four_k_split_o_i_26/O
                         net (fo=4, unplaced)         0.168     1.075    u_core/u_mem_adapter/p_1_in[0]
                         LUT6 (Prop_LUT6_I0_O)        0.064     1.139 r  u_core/u_mem_adapter/four_k_split_o_i_34/O
                         net (fo=1, unplaced)         0.018     1.157    u_core/u_mem_adapter/four_k_split_o_i_34_n_0
                         CARRY8 (Prop_CARRY8_S[0]_O[4])
                                                      0.255     1.412 f  u_core/u_mem_adapter/four_k_split_o_reg_i_6/O[4]
                         net (fo=4, unplaced)         0.224     1.636    u_core/u_mem_adapter/four_k_split_o_reg_i_6_n_11
                         LUT4 (Prop_LUT4_I3_O)        0.135     1.771 r  u_core/u_mem_adapter/four_k_split_o_i_57/O
                         net (fo=1, unplaced)         0.232     2.003    u_core/u_mem_adapter/four_k_split_o_i_57_n_0
                         CARRY8 (Prop_CARRY8_DI[2]_CO[7])
                                                      0.142     2.145 r  u_core/u_mem_adapter/four_k_split_o_reg_i_47/CO[7]
                         net (fo=1, unplaced)         0.007     2.152    u_core/u_mem_adapter/four_k_split_o_reg_i_47_n_0
                         CARRY8 (Prop_CARRY8_CI_CO[7])
                                                      0.030     2.182 r  u_core/u_mem_adapter/four_k_split_o_reg_i_35/CO[7]
                         net (fo=1, unplaced)         0.007     2.189    u_core/u_mem_adapter/four_k_split_o_reg_i_35_n_0
                         CARRY8 (Prop_CARRY8_CI_CO[0])
                                                      0.068     2.257 r  u_core/u_mem_adapter/four_k_split_o_reg_i_7/CO[0]
                         net (fo=9, unplaced)         0.245     2.502    u_core/u_mem_adapter/clamped_contiguous_words1
                         LUT4 (Prop_LUT4_I1_O)        0.085     2.587 f  u_core/u_mem_adapter/four_k_split_o_i_3/O
                         net (fo=19, unplaced)        0.262     2.849    u_core/u_mem_adapter/four_k_split_o_i_3_n_0
                         LUT6 (Prop_LUT6_I5_O)        0.039     2.888 r  u_core/u_mem_adapter/four_k_split_o_i_13/O
                         net (fo=2, unplaced)         0.259     3.147    u_core/u_mem_adapter/four_k_split_o_i_13_n_0
                         CARRY8 (Prop_CARRY8_DI[0]_CO[4])
                                                      0.229     3.376 r  u_core/u_mem_adapter/fill_desc_beats_reg[0][2]_i_2/CO[4]
                         net (fo=9, unplaced)         0.243     3.619    u_core/u_mem_adapter/fill_desc_beats_reg[0][2]_i_2_n_3
                         LUT6 (Prop_LUT6_I5_O)        0.039     3.658 r  u_core/u_mem_adapter/fill_desc_beats[0][0]_i_2/O
                         net (fo=14, unplaced)        0.255     3.913    u_core/u_mem_adapter/fill_desc_beats[0][0]_i_2_n_0
                         LUT2 (Prop_LUT2_I1_O)        0.040     3.953 r  u_core/u_mem_adapter/fill_desc_addr[1][10]_i_4/O
                         net (fo=1, unplaced)         0.017     3.970    u_core/u_mem_adapter/fill_desc_addr[1][10]_i_4_n_0
                         CARRY8 (Prop_CARRY8_S[1]_O[2])
                                                      0.144     4.114 r  u_core/u_mem_adapter/fill_desc_addr_reg[1][10]_i_1/O[2]
                         net (fo=9, unplaced)         0.245     4.359    u_core/u_mem_adapter/fill_desc_addr_reg[1][10]_i_1_n_13
                         LUT6 (Prop_LUT6_I0_O)        0.100     4.459 f  u_core/u_mem_adapter/fill_desc_beats[1][2]_i_23/O
                         net (fo=2, unplaced)         0.156     4.615    u_core/u_mem_adapter/fill_desc_beats[1][2]_i_23_n_0
                         LUT6 (Prop_LUT6_I4_O)        0.064     4.679 f  u_core/u_mem_adapter/fill_desc_beats[1][2]_i_10/O
                         net (fo=1, unplaced)         0.259     4.938    u_core/u_mem_adapter/fill_desc_beats[1][2]_i_10_n_0
                         CARRY8 (Prop_CARRY8_DI[0]_CO[4])
                                                      0.229     5.167 f  u_core/u_mem_adapter/fill_desc_beats_reg[1][2]_i_3/CO[4]
                         net (fo=7, unplaced)         0.237     5.404    u_core/u_mem_adapter/planned_second_beats1
                         LUT6 (Prop_LUT6_I0_O)        0.039     5.443 f  u_core/u_mem_adapter/fill_desc_beats[1][1]_i_11/O
                         net (fo=1, unplaced)         0.214     5.657    u_core/u_mem_adapter/fill_desc_beats[1][1]_i_11_n_0
                         LUT6 (Prop_LUT6_I5_O)        0.039     5.696 f  u_core/u_mem_adapter/fill_desc_beats[1][1]_i_6/O
                         net (fo=1, unplaced)         0.214     5.910    u_core/u_mem_adapter/fill_desc_beats[1][1]_i_6_n_0
                         LUT6 (Prop_LUT6_I5_O)        0.039     5.949 r  u_core/u_mem_adapter/fill_desc_beats[1][1]_i_1/O
                         net (fo=6, unplaced)         0.236     6.185    u_core/u_mem_adapter/fill_desc_beats[1][1]_i_1_n_0
                         LUT4 (Prop_LUT4_I2_O)        0.039     6.224 f  u_core/u_mem_adapter/fill_valid_words[3]_i_2/O
                         net (fo=6, unplaced)         0.236     6.460    u_core/u_mem_adapter/fill_valid_words[3]_i_2_n_0
                         LUT2 (Prop_LUT2_I1_O)        0.039     6.499 r  u_core/u_mem_adapter/linefill_start_o_i_209/O
                         net (fo=2, unplaced)         0.214     6.713    u_core/u_mem_adapter/linefill_start_o_i_209_n_0
                         LUT5 (Prop_LUT5_I3_O)        0.039     6.752 r  u_core/u_mem_adapter/linefill_start_o_i_212/O
                         net (fo=1, unplaced)         0.019     6.771    u_core/u_mem_adapter/linefill_start_o_i_212_n_0
                         CARRY8 (Prop_CARRY8_S[5]_CO[7])
                                                      0.204     6.975 r  u_core/u_mem_adapter/linefill_start_o_reg_i_198/CO[7]
                         net (fo=1, unplaced)         0.007     6.982    u_core/u_mem_adapter/linefill_start_o_reg_i_198_n_0
                         CARRY8 (Prop_CARRY8_CI_CO[7])
                                                      0.030     7.012 r  u_core/u_mem_adapter/linefill_start_o_reg_i_189/CO[7]
                         net (fo=1, unplaced)         0.007     7.019    u_core/u_mem_adapter/linefill_start_o_reg_i_189_n_0
                         CARRY8 (Prop_CARRY8_CI_CO[7])
                                                      0.030     7.049 r  u_core/u_mem_adapter/linefill_start_o_reg_i_165/CO[7]
                         net (fo=1, unplaced)         0.007     7.056    u_core/u_mem_adapter/linefill_start_o_reg_i_165_n_0
                         CARRY8 (Prop_CARRY8_CI_CO[7])
                                                      0.030     7.086 r  u_core/u_mem_adapter/linefill_start_o_reg_i_131/CO[7]
                         net (fo=1, unplaced)         0.007     7.093    u_core/u_mem_adapter/linefill_start_o_reg_i_131_n_0
                         CARRY8 (Prop_CARRY8_CI_CO[7])
                                                      0.030     7.123 r  u_core/u_mem_adapter/linefill_start_o_reg_i_85/CO[7]
                         net (fo=1, unplaced)         0.007     7.130    u_core/u_mem_adapter/linefill_start_o_reg_i_85_n_0
                         CARRY8 (Prop_CARRY8_CI_CO[7])
                                                      0.030     7.160 r  u_core/u_mem_adapter/linefill_start_o_reg_i_41/CO[7]
                         net (fo=1, unplaced)         0.007     7.167    u_core/u_mem_adapter/linefill_start_o_reg_i_41_n_0
                         CARRY8 (Prop_CARRY8_CI_O[4])
                                                      0.109     7.276 f  u_core/u_mem_adapter/linefill_start_o_reg_i_86/O[4]
                         net (fo=1, unplaced)         0.213     7.489    u_core/u_mem_adapter/planned_end_address_wide0[53]
                         LUT4 (Prop_LUT4_I1_O)        0.115     7.604 f  u_core/u_mem_adapter/linefill_start_o_i_87/O
                         net (fo=1, unplaced)         0.214     7.818    u_core/u_mem_adapter/linefill_start_o_i_87_n_0
                         LUT5 (Prop_LUT5_I4_O)        0.039     7.857 f  u_core/u_mem_adapter/linefill_start_o_i_39/O
                         net (fo=1, unplaced)         0.156     8.013    u_core/u_mem_adapter/linefill_start_o_i_39_n_0
                         LUT5 (Prop_LUT5_I0_O)        0.064     8.077 f  u_core/u_mem_adapter/linefill_start_o_i_12/O
                         net (fo=2, unplaced)         0.214     8.291    u_core/u_mem_adapter/linefill_start_o_i_12_n_0
                         LUT6 (Prop_LUT6_I5_O)        0.039     8.330 f  u_core/u_mem_adapter/linefill_start_o_i_7/O
                         net (fo=2, unplaced)         0.214     8.544    u_core/u_mem_adapter/linefill_start_o_i_7_n_0
                         LUT6 (Prop_LUT6_I5_O)        0.039     8.583 f  u_core/u_mem_adapter/linefill_start_o_i_4/O
                         net (fo=2, unplaced)         0.214     8.797    u_core/u_mem_adapter/linefill_start_o_i_4_n_0
                         LUT3 (Prop_LUT3_I2_O)        0.039     8.836 r  u_core/u_mem_adapter/linefill_start_o_i_1/O
                         net (fo=194, unplaced)       0.314     9.150    u_core/u_mem_adapter/fill_valid_words
                         LUT3 (Prop_LUT3_I0_O)        0.039     9.189 r  u_core/u_mem_adapter/fill_r_beat_index[2]_i_1/O
                         net (fo=35, unplaced)        0.222     9.411    u_core/u_mem_adapter/fill_first_word
                         FDRE                                         r  u_core/u_mem_adapter/fill_first_word_reg[19]/CE
  -------------------------------------------------------------------    -------------------

                         (clock aclk rise edge)       0.000     0.000 r  
                                                      0.000     0.000 r  aclk (IN)
                         net (fo=62495, unset)        0.024     0.024    u_core/u_mem_adapter/aclk
                         FDRE                                         r  u_core/u_mem_adapter/fill_first_word_reg[19]/C

Slack:                    inf
  Source:                 aresetn
                            (input port)
  Destination:            u_core/u_mem_adapter/fill_first_word_reg[1]/CE
                            (rising edge-triggered cell FDRE clocked by aclk  {rise@0.000ns fall@10.000ns period=20.000ns})
  Path Group:             (none)
  Path Type:              Setup (Max at Slow Process Corner)
  Data Path Delay:        9.411ns  (logic 3.011ns (31.994%)  route 6.400ns (68.006%))
  Logic Levels:           39  (CARRY8=14 LUT2=3 LUT3=2 LUT4=4 LUT5=6 LUT6=10)
  Clock Path Skew:        0.024ns (DCD - SCD + CPR)
    Destination Clock Delay (DCD):    0.024ns
    Source Clock Delay      (SCD):    0.000ns
    Clock Pessimism Removal (CPR):    0.000ns
  Clock Uncertainty:      0.225ns  ((TSJ^2 + TIJ^2)^1/2 + DJ) / 2 + PE + UU
    Total System Jitter     (TSJ):    0.050ns
    Total Input Jitter      (TIJ):    0.000ns
    Discrete Jitter          (DJ):    0.000ns
    Phase Error              (PE):    0.000ns
    User Uncertainty         (UU):    0.200ns

    Location             Delay type                Incr(ns)  Path(ns)    Netlist Resource(s)
  -------------------------------------------------------------------    -------------------
                                                      0.000     0.000 f  aresetn (IN)
                         net (fo=18, unset)           0.000     0.000    u_core/aresetn
                         LUT2 (Prop_LUT2_I0_O)        0.064     0.064 f  u_core/u_mem_adapter_i_1/O
                         net (fo=4, unplaced)         0.226     0.290    u_core/u_mem_adapter/aresetn
                         LUT5 (Prop_LUT5_I4_O)        0.085     0.375 r  u_core/u_mem_adapter/scalar_address_hold[0]_i_4/O
                         net (fo=3, unplaced)         0.162     0.537    u_core/u_mem_adapter/scalar_address_hold[0]_i_4_n_0
                         LUT5 (Prop_LUT5_I1_O)        0.064     0.601 r  u_core/u_mem_adapter/fill_start_word[31]_i_2/O
                         net (fo=101, unplaced)       0.242     0.843    u_core/u_mem_adapter/fill_start_word[31]_i_2_n_0
                         LUT5 (Prop_LUT5_I3_O)        0.064     0.907 r  u_core/u_mem_adapter/four_k_split_o_i_26/O
                         net (fo=4, unplaced)         0.168     1.075    u_core/u_mem_adapter/p_1_in[0]
                         LUT6 (Prop_LUT6_I0_O)        0.064     1.139 r  u_core/u_mem_adapter/four_k_split_o_i_34/O
                         net (fo=1, unplaced)         0.018     1.157    u_core/u_mem_adapter/four_k_split_o_i_34_n_0
                         CARRY8 (Prop_CARRY8_S[0]_O[4])
                                                      0.255     1.412 f  u_core/u_mem_adapter/four_k_split_o_reg_i_6/O[4]
                         net (fo=4, unplaced)         0.224     1.636    u_core/u_mem_adapter/four_k_split_o_reg_i_6_n_11
                         LUT4 (Prop_LUT4_I3_O)        0.135     1.771 r  u_core/u_mem_adapter/four_k_split_o_i_57/O
                         net (fo=1, unplaced)         0.232     2.003    u_core/u_mem_adapter/four_k_split_o_i_57_n_0
                         CARRY8 (Prop_CARRY8_DI[2]_CO[7])
                                                      0.142     2.145 r  u_core/u_mem_adapter/four_k_split_o_reg_i_47/CO[7]
                         net (fo=1, unplaced)         0.007     2.152    u_core/u_mem_adapter/four_k_split_o_reg_i_47_n_0
                         CARRY8 (Prop_CARRY8_CI_CO[7])
                                                      0.030     2.182 r  u_core/u_mem_adapter/four_k_split_o_reg_i_35/CO[7]
                         net (fo=1, unplaced)         0.007     2.189    u_core/u_mem_adapter/four_k_split_o_reg_i_35_n_0
                         CARRY8 (Prop_CARRY8_CI_CO[0])
                                                      0.068     2.257 r  u_core/u_mem_adapter/four_k_split_o_reg_i_7/CO[0]
                         net (fo=9, unplaced)         0.245     2.502    u_core/u_mem_adapter/clamped_contiguous_words1
                         LUT4 (Prop_LUT4_I1_O)        0.085     2.587 f  u_core/u_mem_adapter/four_k_split_o_i_3/O
                         net (fo=19, unplaced)        0.262     2.849    u_core/u_mem_adapter/four_k_split_o_i_3_n_0
                         LUT6 (Prop_LUT6_I5_O)        0.039     2.888 r  u_core/u_mem_adapter/four_k_split_o_i_13/O
                         net (fo=2, unplaced)         0.259     3.147    u_core/u_mem_adapter/four_k_split_o_i_13_n_0
                         CARRY8 (Prop_CARRY8_DI[0]_CO[4])
                                                      0.229     3.376 r  u_core/u_mem_adapter/fill_desc_beats_reg[0][2]_i_2/CO[4]
                         net (fo=9, unplaced)         0.243     3.619    u_core/u_mem_adapter/fill_desc_beats_reg[0][2]_i_2_n_3
                         LUT6 (Prop_LUT6_I5_O)        0.039     3.658 r  u_core/u_mem_adapter/fill_desc_beats[0][0]_i_2/O
                         net (fo=14, unplaced)        0.255     3.913    u_core/u_mem_adapter/fill_desc_beats[0][0]_i_2_n_0
                         LUT2 (Prop_LUT2_I1_O)        0.040     3.953 r  u_core/u_mem_adapter/fill_desc_addr[1][10]_i_4/O
                         net (fo=1, unplaced)         0.017     3.970    u_core/u_mem_adapter/fill_desc_addr[1][10]_i_4_n_0
                         CARRY8 (Prop_CARRY8_S[1]_O[2])
                                                      0.144     4.114 r  u_core/u_mem_adapter/fill_desc_addr_reg[1][10]_i_1/O[2]
                         net (fo=9, unplaced)         0.245     4.359    u_core/u_mem_adapter/fill_desc_addr_reg[1][10]_i_1_n_13
                         LUT6 (Prop_LUT6_I0_O)        0.100     4.459 f  u_core/u_mem_adapter/fill_desc_beats[1][2]_i_23/O
                         net (fo=2, unplaced)         0.156     4.615    u_core/u_mem_adapter/fill_desc_beats[1][2]_i_23_n_0
                         LUT6 (Prop_LUT6_I4_O)        0.064     4.679 f  u_core/u_mem_adapter/fill_desc_beats[1][2]_i_10/O
                         net (fo=1, unplaced)         0.259     4.938    u_core/u_mem_adapter/fill_desc_beats[1][2]_i_10_n_0
                         CARRY8 (Prop_CARRY8_DI[0]_CO[4])
                                                      0.229     5.167 f  u_core/u_mem_adapter/fill_desc_beats_reg[1][2]_i_3/CO[4]
                         net (fo=7, unplaced)         0.237     5.404    u_core/u_mem_adapter/planned_second_beats1
                         LUT6 (Prop_LUT6_I0_O)        0.039     5.443 f  u_core/u_mem_adapter/fill_desc_beats[1][1]_i_11/O
                         net (fo=1, unplaced)         0.214     5.657    u_core/u_mem_adapter/fill_desc_beats[1][1]_i_11_n_0
                         LUT6 (Prop_LUT6_I5_O)        0.039     5.696 f  u_core/u_mem_adapter/fill_desc_beats[1][1]_i_6/O
                         net (fo=1, unplaced)         0.214     5.910    u_core/u_mem_adapter/fill_desc_beats[1][1]_i_6_n_0
                         LUT6 (Prop_LUT6_I5_O)        0.039     5.949 r  u_core/u_mem_adapter/fill_desc_beats[1][1]_i_1/O
                         net (fo=6, unplaced)         0.236     6.185    u_core/u_mem_adapter/fill_desc_beats[1][1]_i_1_n_0
                         LUT4 (Prop_LUT4_I2_O)        0.039     6.224 f  u_core/u_mem_adapter/fill_valid_words[3]_i_2/O
                         net (fo=6, unplaced)         0.236     6.460    u_core/u_mem_adapter/fill_valid_words[3]_i_2_n_0
                         LUT2 (Prop_LUT2_I1_O)        0.039     6.499 r  u_core/u_mem_adapter/linefill_start_o_i_209/O
                         net (fo=2, unplaced)         0.214     6.713    u_core/u_mem_adapter/linefill_start_o_i_209_n_0
                         LUT5 (Prop_LUT5_I3_O)        0.039     6.752 r  u_core/u_mem_adapter/linefill_start_o_i_212/O
                         net (fo=1, unplaced)         0.019     6.771    u_core/u_mem_adapter/linefill_start_o_i_212_n_0
                         CARRY8 (Prop_CARRY8_S[5]_CO[7])
                                                      0.204     6.975 r  u_core/u_mem_adapter/linefill_start_o_reg_i_198/CO[7]
                         net (fo=1, unplaced)         0.007     6.982    u_core/u_mem_adapter/linefill_start_o_reg_i_198_n_0
                         CARRY8 (Prop_CARRY8_CI_CO[7])
                                                      0.030     7.012 r  u_core/u_mem_adapter/linefill_start_o_reg_i_189/CO[7]
                         net (fo=1, unplaced)         0.007     7.019    u_core/u_mem_adapter/linefill_start_o_reg_i_189_n_0
                         CARRY8 (Prop_CARRY8_CI_CO[7])
                                                      0.030     7.049 r  u_core/u_mem_adapter/linefill_start_o_reg_i_165/CO[7]
                         net (fo=1, unplaced)         0.007     7.056    u_core/u_mem_adapter/linefill_start_o_reg_i_165_n_0
                         CARRY8 (Prop_CARRY8_CI_CO[7])
                                                      0.030     7.086 r  u_core/u_mem_adapter/linefill_start_o_reg_i_131/CO[7]
                         net (fo=1, unplaced)         0.007     7.093    u_core/u_mem_adapter/linefill_start_o_reg_i_131_n_0
                         CARRY8 (Prop_CARRY8_CI_CO[7])
                                                      0.030     7.123 r  u_core/u_mem_adapter/linefill_start_o_reg_i_85/CO[7]
                         net (fo=1, unplaced)         0.007     7.130    u_core/u_mem_adapter/linefill_start_o_reg_i_85_n_0
                         CARRY8 (Prop_CARRY8_CI_CO[7])
                                                      0.030     7.160 r  u_core/u_mem_adapter/linefill_start_o_reg_i_41/CO[7]
                         net (fo=1, unplaced)         0.007     7.167    u_core/u_mem_adapter/linefill_start_o_reg_i_41_n_0
                         CARRY8 (Prop_CARRY8_CI_O[4])
                                                      0.109     7.276 f  u_core/u_mem_adapter/linefill_start_o_reg_i_86/O[4]
                         net (fo=1, unplaced)         0.213     7.489    u_core/u_mem_adapter/planned_end_address_wide0[53]
                         LUT4 (Prop_LUT4_I1_O)        0.115     7.604 f  u_core/u_mem_adapter/linefill_start_o_i_87/O
                         net (fo=1, unplaced)         0.214     7.818    u_core/u_mem_adapter/linefill_start_o_i_87_n_0
                         LUT5 (Prop_LUT5_I4_O)        0.039     7.857 f  u_core/u_mem_adapter/linefill_start_o_i_39/O
                         net (fo=1, unplaced)         0.156     8.013    u_core/u_mem_adapter/linefill_start_o_i_39_n_0
                         LUT5 (Prop_LUT5_I0_O)        0.064     8.077 f  u_core/u_mem_adapter/linefill_start_o_i_12/O
                         net (fo=2, unplaced)         0.214     8.291    u_core/u_mem_adapter/linefill_start_o_i_12_n_0
                         LUT6 (Prop_LUT6_I5_O)        0.039     8.330 f  u_core/u_mem_adapter/linefill_start_o_i_7/O
                         net (fo=2, unplaced)         0.214     8.544    u_core/u_mem_adapter/linefill_start_o_i_7_n_0
                         LUT6 (Prop_LUT6_I5_O)        0.039     8.583 f  u_core/u_mem_adapter/linefill_start_o_i_4/O
                         net (fo=2, unplaced)         0.214     8.797    u_core/u_mem_adapter/linefill_start_o_i_4_n_0
                         LUT3 (Prop_LUT3_I2_O)        0.039     8.836 r  u_core/u_mem_adapter/linefill_start_o_i_1/O
                         net (fo=194, unplaced)       0.314     9.150    u_core/u_mem_adapter/fill_valid_words
                         LUT3 (Prop_LUT3_I0_O)        0.039     9.189 r  u_core/u_mem_adapter/fill_r_beat_index[2]_i_1/O
                         net (fo=35, unplaced)        0.222     9.411    u_core/u_mem_adapter/fill_first_word
                         FDRE                                         r  u_core/u_mem_adapter/fill_first_word_reg[1]/CE
  -------------------------------------------------------------------    -------------------

                         (clock aclk rise edge)       0.000     0.000 r  
                                                      0.000     0.000 r  aclk (IN)
                         net (fo=62495, unset)        0.024     0.024    u_core/u_mem_adapter/aclk
                         FDRE                                         r  u_core/u_mem_adapter/fill_first_word_reg[1]/C

Slack:                    inf
  Source:                 aresetn
                            (input port)
  Destination:            u_core/u_mem_adapter/fill_first_word_reg[20]/CE
                            (rising edge-triggered cell FDRE clocked by aclk  {rise@0.000ns fall@10.000ns period=20.000ns})
  Path Group:             (none)
  Path Type:              Setup (Max at Slow Process Corner)
  Data Path Delay:        9.411ns  (logic 3.011ns (31.994%)  route 6.400ns (68.006%))
  Logic Levels:           39  (CARRY8=14 LUT2=3 LUT3=2 LUT4=4 LUT5=6 LUT6=10)
  Clock Path Skew:        0.024ns (DCD - SCD + CPR)
    Destination Clock Delay (DCD):    0.024ns
    Source Clock Delay      (SCD):    0.000ns
    Clock Pessimism Removal (CPR):    0.000ns
  Clock Uncertainty:      0.225ns  ((TSJ^2 + TIJ^2)^1/2 + DJ) / 2 + PE + UU
    Total System Jitter     (TSJ):    0.050ns
    Total Input Jitter      (TIJ):    0.000ns
    Discrete Jitter          (DJ):    0.000ns
    Phase Error              (PE):    0.000ns
    User Uncertainty         (UU):    0.200ns

    Location             Delay type                Incr(ns)  Path(ns)    Netlist Resource(s)
  -------------------------------------------------------------------    -------------------
                                                      0.000     0.000 f  aresetn (IN)
                         net (fo=18, unset)           0.000     0.000    u_core/aresetn
                         LUT2 (Prop_LUT2_I0_O)        0.064     0.064 f  u_core/u_mem_adapter_i_1/O
                         net (fo=4, unplaced)         0.226     0.290    u_core/u_mem_adapter/aresetn
                         LUT5 (Prop_LUT5_I4_O)        0.085     0.375 r  u_core/u_mem_adapter/scalar_address_hold[0]_i_4/O
                         net (fo=3, unplaced)         0.162     0.537    u_core/u_mem_adapter/scalar_address_hold[0]_i_4_n_0
                         LUT5 (Prop_LUT5_I1_O)        0.064     0.601 r  u_core/u_mem_adapter/fill_start_word[31]_i_2/O
                         net (fo=101, unplaced)       0.242     0.843    u_core/u_mem_adapter/fill_start_word[31]_i_2_n_0
                         LUT5 (Prop_LUT5_I3_O)        0.064     0.907 r  u_core/u_mem_adapter/four_k_split_o_i_26/O
                         net (fo=4, unplaced)         0.168     1.075    u_core/u_mem_adapter/p_1_in[0]
                         LUT6 (Prop_LUT6_I0_O)        0.064     1.139 r  u_core/u_mem_adapter/four_k_split_o_i_34/O
                         net (fo=1, unplaced)         0.018     1.157    u_core/u_mem_adapter/four_k_split_o_i_34_n_0
                         CARRY8 (Prop_CARRY8_S[0]_O[4])
                                                      0.255     1.412 f  u_core/u_mem_adapter/four_k_split_o_reg_i_6/O[4]
                         net (fo=4, unplaced)         0.224     1.636    u_core/u_mem_adapter/four_k_split_o_reg_i_6_n_11
                         LUT4 (Prop_LUT4_I3_O)        0.135     1.771 r  u_core/u_mem_adapter/four_k_split_o_i_57/O
                         net (fo=1, unplaced)         0.232     2.003    u_core/u_mem_adapter/four_k_split_o_i_57_n_0
                         CARRY8 (Prop_CARRY8_DI[2]_CO[7])
                                                      0.142     2.145 r  u_core/u_mem_adapter/four_k_split_o_reg_i_47/CO[7]
                         net (fo=1, unplaced)         0.007     2.152    u_core/u_mem_adapter/four_k_split_o_reg_i_47_n_0
                         CARRY8 (Prop_CARRY8_CI_CO[7])
                                                      0.030     2.182 r  u_core/u_mem_adapter/four_k_split_o_reg_i_35/CO[7]
                         net (fo=1, unplaced)         0.007     2.189    u_core/u_mem_adapter/four_k_split_o_reg_i_35_n_0
                         CARRY8 (Prop_CARRY8_CI_CO[0])
                                                      0.068     2.257 r  u_core/u_mem_adapter/four_k_split_o_reg_i_7/CO[0]
                         net (fo=9, unplaced)         0.245     2.502    u_core/u_mem_adapter/clamped_contiguous_words1
                         LUT4 (Prop_LUT4_I1_O)        0.085     2.587 f  u_core/u_mem_adapter/four_k_split_o_i_3/O
                         net (fo=19, unplaced)        0.262     2.849    u_core/u_mem_adapter/four_k_split_o_i_3_n_0
                         LUT6 (Prop_LUT6_I5_O)        0.039     2.888 r  u_core/u_mem_adapter/four_k_split_o_i_13/O
                         net (fo=2, unplaced)         0.259     3.147    u_core/u_mem_adapter/four_k_split_o_i_13_n_0
                         CARRY8 (Prop_CARRY8_DI[0]_CO[4])
                                                      0.229     3.376 r  u_core/u_mem_adapter/fill_desc_beats_reg[0][2]_i_2/CO[4]
                         net (fo=9, unplaced)         0.243     3.619    u_core/u_mem_adapter/fill_desc_beats_reg[0][2]_i_2_n_3
                         LUT6 (Prop_LUT6_I5_O)        0.039     3.658 r  u_core/u_mem_adapter/fill_desc_beats[0][0]_i_2/O
                         net (fo=14, unplaced)        0.255     3.913    u_core/u_mem_adapter/fill_desc_beats[0][0]_i_2_n_0
                         LUT2 (Prop_LUT2_I1_O)        0.040     3.953 r  u_core/u_mem_adapter/fill_desc_addr[1][10]_i_4/O
                         net (fo=1, unplaced)         0.017     3.970    u_core/u_mem_adapter/fill_desc_addr[1][10]_i_4_n_0
                         CARRY8 (Prop_CARRY8_S[1]_O[2])
                                                      0.144     4.114 r  u_core/u_mem_adapter/fill_desc_addr_reg[1][10]_i_1/O[2]
                         net (fo=9, unplaced)         0.245     4.359    u_core/u_mem_adapter/fill_desc_addr_reg[1][10]_i_1_n_13
                         LUT6 (Prop_LUT6_I0_O)        0.100     4.459 f  u_core/u_mem_adapter/fill_desc_beats[1][2]_i_23/O
                         net (fo=2, unplaced)         0.156     4.615    u_core/u_mem_adapter/fill_desc_beats[1][2]_i_23_n_0
                         LUT6 (Prop_LUT6_I4_O)        0.064     4.679 f  u_core/u_mem_adapter/fill_desc_beats[1][2]_i_10/O
                         net (fo=1, unplaced)         0.259     4.938    u_core/u_mem_adapter/fill_desc_beats[1][2]_i_10_n_0
                         CARRY8 (Prop_CARRY8_DI[0]_CO[4])
                                                      0.229     5.167 f  u_core/u_mem_adapter/fill_desc_beats_reg[1][2]_i_3/CO[4]
                         net (fo=7, unplaced)         0.237     5.404    u_core/u_mem_adapter/planned_second_beats1
                         LUT6 (Prop_LUT6_I0_O)        0.039     5.443 f  u_core/u_mem_adapter/fill_desc_beats[1][1]_i_11/O
                         net (fo=1, unplaced)         0.214     5.657    u_core/u_mem_adapter/fill_desc_beats[1][1]_i_11_n_0
                         LUT6 (Prop_LUT6_I5_O)        0.039     5.696 f  u_core/u_mem_adapter/fill_desc_beats[1][1]_i_6/O
                         net (fo=1, unplaced)         0.214     5.910    u_core/u_mem_adapter/fill_desc_beats[1][1]_i_6_n_0
                         LUT6 (Prop_LUT6_I5_O)        0.039     5.949 r  u_core/u_mem_adapter/fill_desc_beats[1][1]_i_1/O
                         net (fo=6, unplaced)         0.236     6.185    u_core/u_mem_adapter/fill_desc_beats[1][1]_i_1_n_0
                         LUT4 (Prop_LUT4_I2_O)        0.039     6.224 f  u_core/u_mem_adapter/fill_valid_words[3]_i_2/O
                         net (fo=6, unplaced)         0.236     6.460    u_core/u_mem_adapter/fill_valid_words[3]_i_2_n_0
                         LUT2 (Prop_LUT2_I1_O)        0.039     6.499 r  u_core/u_mem_adapter/linefill_start_o_i_209/O
                         net (fo=2, unplaced)         0.214     6.713    u_core/u_mem_adapter/linefill_start_o_i_209_n_0
                         LUT5 (Prop_LUT5_I3_O)        0.039     6.752 r  u_core/u_mem_adapter/linefill_start_o_i_212/O
                         net (fo=1, unplaced)         0.019     6.771    u_core/u_mem_adapter/linefill_start_o_i_212_n_0
                         CARRY8 (Prop_CARRY8_S[5]_CO[7])
                                                      0.204     6.975 r  u_core/u_mem_adapter/linefill_start_o_reg_i_198/CO[7]
                         net (fo=1, unplaced)         0.007     6.982    u_core/u_mem_adapter/linefill_start_o_reg_i_198_n_0
                         CARRY8 (Prop_CARRY8_CI_CO[7])
                                                      0.030     7.012 r  u_core/u_mem_adapter/linefill_start_o_reg_i_189/CO[7]
                         net (fo=1, unplaced)         0.007     7.019    u_core/u_mem_adapter/linefill_start_o_reg_i_189_n_0
                         CARRY8 (Prop_CARRY8_CI_CO[7])
                                                      0.030     7.049 r  u_core/u_mem_adapter/linefill_start_o_reg_i_165/CO[7]
                         net (fo=1, unplaced)         0.007     7.056    u_core/u_mem_adapter/linefill_start_o_reg_i_165_n_0
                         CARRY8 (Prop_CARRY8_CI_CO[7])
                                                      0.030     7.086 r  u_core/u_mem_adapter/linefill_start_o_reg_i_131/CO[7]
                         net (fo=1, unplaced)         0.007     7.093    u_core/u_mem_adapter/linefill_start_o_reg_i_131_n_0
                         CARRY8 (Prop_CARRY8_CI_CO[7])
                                                      0.030     7.123 r  u_core/u_mem_adapter/linefill_start_o_reg_i_85/CO[7]
                         net (fo=1, unplaced)         0.007     7.130    u_core/u_mem_adapter/linefill_start_o_reg_i_85_n_0
                         CARRY8 (Prop_CARRY8_CI_CO[7])
                                                      0.030     7.160 r  u_core/u_mem_adapter/linefill_start_o_reg_i_41/CO[7]
                         net (fo=1, unplaced)         0.007     7.167    u_core/u_mem_adapter/linefill_start_o_reg_i_41_n_0
                         CARRY8 (Prop_CARRY8_CI_O[4])
                                                      0.109     7.276 f  u_core/u_mem_adapter/linefill_start_o_reg_i_86/O[4]
                         net (fo=1, unplaced)         0.213     7.489    u_core/u_mem_adapter/planned_end_address_wide0[53]
                         LUT4 (Prop_LUT4_I1_O)        0.115     7.604 f  u_core/u_mem_adapter/linefill_start_o_i_87/O
                         net (fo=1, unplaced)         0.214     7.818    u_core/u_mem_adapter/linefill_start_o_i_87_n_0
                         LUT5 (Prop_LUT5_I4_O)        0.039     7.857 f  u_core/u_mem_adapter/linefill_start_o_i_39/O
                         net (fo=1, unplaced)         0.156     8.013    u_core/u_mem_adapter/linefill_start_o_i_39_n_0
                         LUT5 (Prop_LUT5_I0_O)        0.064     8.077 f  u_core/u_mem_adapter/linefill_start_o_i_12/O
                         net (fo=2, unplaced)         0.214     8.291    u_core/u_mem_adapter/linefill_start_o_i_12_n_0
                         LUT6 (Prop_LUT6_I5_O)        0.039     8.330 f  u_core/u_mem_adapter/linefill_start_o_i_7/O
                         net (fo=2, unplaced)         0.214     8.544    u_core/u_mem_adapter/linefill_start_o_i_7_n_0
                         LUT6 (Prop_LUT6_I5_O)        0.039     8.583 f  u_core/u_mem_adapter/linefill_start_o_i_4/O
                         net (fo=2, unplaced)         0.214     8.797    u_core/u_mem_adapter/linefill_start_o_i_4_n_0
                         LUT3 (Prop_LUT3_I2_O)        0.039     8.836 r  u_core/u_mem_adapter/linefill_start_o_i_1/O
                         net (fo=194, unplaced)       0.314     9.150    u_core/u_mem_adapter/fill_valid_words
                         LUT3 (Prop_LUT3_I0_O)        0.039     9.189 r  u_core/u_mem_adapter/fill_r_beat_index[2]_i_1/O
                         net (fo=35, unplaced)        0.222     9.411    u_core/u_mem_adapter/fill_first_word
                         FDRE                                         r  u_core/u_mem_adapter/fill_first_word_reg[20]/CE
  -------------------------------------------------------------------    -------------------

                         (clock aclk rise edge)       0.000     0.000 r  
                                                      0.000     0.000 r  aclk (IN)
                         net (fo=62495, unset)        0.024     0.024    u_core/u_mem_adapter/aclk
                         FDRE                                         r  u_core/u_mem_adapter/fill_first_word_reg[20]/C

Slack:                    inf
  Source:                 aresetn
                            (input port)
  Destination:            u_core/u_mem_adapter/fill_first_word_reg[21]/CE
                            (rising edge-triggered cell FDRE clocked by aclk  {rise@0.000ns fall@10.000ns period=20.000ns})
  Path Group:             (none)
  Path Type:              Setup (Max at Slow Process Corner)
  Data Path Delay:        9.411ns  (logic 3.011ns (31.994%)  route 6.400ns (68.006%))
  Logic Levels:           39  (CARRY8=14 LUT2=3 LUT3=2 LUT4=4 LUT5=6 LUT6=10)
  Clock Path Skew:        0.024ns (DCD - SCD + CPR)
    Destination Clock Delay (DCD):    0.024ns
    Source Clock Delay      (SCD):    0.000ns
    Clock Pessimism Removal (CPR):    0.000ns
  Clock Uncertainty:      0.225ns  ((TSJ^2 + TIJ^2)^1/2 + DJ) / 2 + PE + UU
    Total System Jitter     (TSJ):    0.050ns
    Total Input Jitter      (TIJ):    0.000ns
    Discrete Jitter          (DJ):    0.000ns
    Phase Error              (PE):    0.000ns
    User Uncertainty         (UU):    0.200ns

    Location             Delay type                Incr(ns)  Path(ns)    Netlist Resource(s)
  -------------------------------------------------------------------    -------------------
                                                      0.000     0.000 f  aresetn (IN)
                         net (fo=18, unset)           0.000     0.000    u_core/aresetn
                         LUT2 (Prop_LUT2_I0_O)        0.064     0.064 f  u_core/u_mem_adapter_i_1/O
                         net (fo=4, unplaced)         0.226     0.290    u_core/u_mem_adapter/aresetn
                         LUT5 (Prop_LUT5_I4_O)        0.085     0.375 r  u_core/u_mem_adapter/scalar_address_hold[0]_i_4/O
                         net (fo=3, unplaced)         0.162     0.537    u_core/u_mem_adapter/scalar_address_hold[0]_i_4_n_0
                         LUT5 (Prop_LUT5_I1_O)        0.064     0.601 r  u_core/u_mem_adapter/fill_start_word[31]_i_2/O
                         net (fo=101, unplaced)       0.242     0.843    u_core/u_mem_adapter/fill_start_word[31]_i_2_n_0
                         LUT5 (Prop_LUT5_I3_O)        0.064     0.907 r  u_core/u_mem_adapter/four_k_split_o_i_26/O
                         net (fo=4, unplaced)         0.168     1.075    u_core/u_mem_adapter/p_1_in[0]
                         LUT6 (Prop_LUT6_I0_O)        0.064     1.139 r  u_core/u_mem_adapter/four_k_split_o_i_34/O
                         net (fo=1, unplaced)         0.018     1.157    u_core/u_mem_adapter/four_k_split_o_i_34_n_0
                         CARRY8 (Prop_CARRY8_S[0]_O[4])
                                                      0.255     1.412 f  u_core/u_mem_adapter/four_k_split_o_reg_i_6/O[4]
                         net (fo=4, unplaced)         0.224     1.636    u_core/u_mem_adapter/four_k_split_o_reg_i_6_n_11
                         LUT4 (Prop_LUT4_I3_O)        0.135     1.771 r  u_core/u_mem_adapter/four_k_split_o_i_57/O
                         net (fo=1, unplaced)         0.232     2.003    u_core/u_mem_adapter/four_k_split_o_i_57_n_0
                         CARRY8 (Prop_CARRY8_DI[2]_CO[7])
                                                      0.142     2.145 r  u_core/u_mem_adapter/four_k_split_o_reg_i_47/CO[7]
                         net (fo=1, unplaced)         0.007     2.152    u_core/u_mem_adapter/four_k_split_o_reg_i_47_n_0
                         CARRY8 (Prop_CARRY8_CI_CO[7])
                                                      0.030     2.182 r  u_core/u_mem_adapter/four_k_split_o_reg_i_35/CO[7]
                         net (fo=1, unplaced)         0.007     2.189    u_core/u_mem_adapter/four_k_split_o_reg_i_35_n_0
                         CARRY8 (Prop_CARRY8_CI_CO[0])
                                                      0.068     2.257 r  u_core/u_mem_adapter/four_k_split_o_reg_i_7/CO[0]
                         net (fo=9, unplaced)         0.245     2.502    u_core/u_mem_adapter/clamped_contiguous_words1
                         LUT4 (Prop_LUT4_I1_O)        0.085     2.587 f  u_core/u_mem_adapter/four_k_split_o_i_3/O
                         net (fo=19, unplaced)        0.262     2.849    u_core/u_mem_adapter/four_k_split_o_i_3_n_0
                         LUT6 (Prop_LUT6_I5_O)        0.039     2.888 r  u_core/u_mem_adapter/four_k_split_o_i_13/O
                         net (fo=2, unplaced)         0.259     3.147    u_core/u_mem_adapter/four_k_split_o_i_13_n_0
                         CARRY8 (Prop_CARRY8_DI[0]_CO[4])
                                                      0.229     3.376 r  u_core/u_mem_adapter/fill_desc_beats_reg[0][2]_i_2/CO[4]
                         net (fo=9, unplaced)         0.243     3.619    u_core/u_mem_adapter/fill_desc_beats_reg[0][2]_i_2_n_3
                         LUT6 (Prop_LUT6_I5_O)        0.039     3.658 r  u_core/u_mem_adapter/fill_desc_beats[0][0]_i_2/O
                         net (fo=14, unplaced)        0.255     3.913    u_core/u_mem_adapter/fill_desc_beats[0][0]_i_2_n_0
                         LUT2 (Prop_LUT2_I1_O)        0.040     3.953 r  u_core/u_mem_adapter/fill_desc_addr[1][10]_i_4/O
                         net (fo=1, unplaced)         0.017     3.970    u_core/u_mem_adapter/fill_desc_addr[1][10]_i_4_n_0
                         CARRY8 (Prop_CARRY8_S[1]_O[2])
                                                      0.144     4.114 r  u_core/u_mem_adapter/fill_desc_addr_reg[1][10]_i_1/O[2]
                         net (fo=9, unplaced)         0.245     4.359    u_core/u_mem_adapter/fill_desc_addr_reg[1][10]_i_1_n_13
                         LUT6 (Prop_LUT6_I0_O)        0.100     4.459 f  u_core/u_mem_adapter/fill_desc_beats[1][2]_i_23/O
                         net (fo=2, unplaced)         0.156     4.615    u_core/u_mem_adapter/fill_desc_beats[1][2]_i_23_n_0
                         LUT6 (Prop_LUT6_I4_O)        0.064     4.679 f  u_core/u_mem_adapter/fill_desc_beats[1][2]_i_10/O
                         net (fo=1, unplaced)         0.259     4.938    u_core/u_mem_adapter/fill_desc_beats[1][2]_i_10_n_0
                         CARRY8 (Prop_CARRY8_DI[0]_CO[4])
                                                      0.229     5.167 f  u_core/u_mem_adapter/fill_desc_beats_reg[1][2]_i_3/CO[4]
                         net (fo=7, unplaced)         0.237     5.404    u_core/u_mem_adapter/planned_second_beats1
                         LUT6 (Prop_LUT6_I0_O)        0.039     5.443 f  u_core/u_mem_adapter/fill_desc_beats[1][1]_i_11/O
                         net (fo=1, unplaced)         0.214     5.657    u_core/u_mem_adapter/fill_desc_beats[1][1]_i_11_n_0
                         LUT6 (Prop_LUT6_I5_O)        0.039     5.696 f  u_core/u_mem_adapter/fill_desc_beats[1][1]_i_6/O
                         net (fo=1, unplaced)         0.214     5.910    u_core/u_mem_adapter/fill_desc_beats[1][1]_i_6_n_0
                         LUT6 (Prop_LUT6_I5_O)        0.039     5.949 r  u_core/u_mem_adapter/fill_desc_beats[1][1]_i_1/O
                         net (fo=6, unplaced)         0.236     6.185    u_core/u_mem_adapter/fill_desc_beats[1][1]_i_1_n_0
                         LUT4 (Prop_LUT4_I2_O)        0.039     6.224 f  u_core/u_mem_adapter/fill_valid_words[3]_i_2/O
                         net (fo=6, unplaced)         0.236     6.460    u_core/u_mem_adapter/fill_valid_words[3]_i_2_n_0
                         LUT2 (Prop_LUT2_I1_O)        0.039     6.499 r  u_core/u_mem_adapter/linefill_start_o_i_209/O
                         net (fo=2, unplaced)         0.214     6.713    u_core/u_mem_adapter/linefill_start_o_i_209_n_0
                         LUT5 (Prop_LUT5_I3_O)        0.039     6.752 r  u_core/u_mem_adapter/linefill_start_o_i_212/O
                         net (fo=1, unplaced)         0.019     6.771    u_core/u_mem_adapter/linefill_start_o_i_212_n_0
                         CARRY8 (Prop_CARRY8_S[5]_CO[7])
                                                      0.204     6.975 r  u_core/u_mem_adapter/linefill_start_o_reg_i_198/CO[7]
                         net (fo=1, unplaced)         0.007     6.982    u_core/u_mem_adapter/linefill_start_o_reg_i_198_n_0
                         CARRY8 (Prop_CARRY8_CI_CO[7])
                                                      0.030     7.012 r  u_core/u_mem_adapter/linefill_start_o_reg_i_189/CO[7]
                         net (fo=1, unplaced)         0.007     7.019    u_core/u_mem_adapter/linefill_start_o_reg_i_189_n_0
                         CARRY8 (Prop_CARRY8_CI_CO[7])
                                                      0.030     7.049 r  u_core/u_mem_adapter/linefill_start_o_reg_i_165/CO[7]
                         net (fo=1, unplaced)         0.007     7.056    u_core/u_mem_adapter/linefill_start_o_reg_i_165_n_0
                         CARRY8 (Prop_CARRY8_CI_CO[7])
                                                      0.030     7.086 r  u_core/u_mem_adapter/linefill_start_o_reg_i_131/CO[7]
                         net (fo=1, unplaced)         0.007     7.093    u_core/u_mem_adapter/linefill_start_o_reg_i_131_n_0
                         CARRY8 (Prop_CARRY8_CI_CO[7])
                                                      0.030     7.123 r  u_core/u_mem_adapter/linefill_start_o_reg_i_85/CO[7]
                         net (fo=1, unplaced)         0.007     7.130    u_core/u_mem_adapter/linefill_start_o_reg_i_85_n_0
                         CARRY8 (Prop_CARRY8_CI_CO[7])
                                                      0.030     7.160 r  u_core/u_mem_adapter/linefill_start_o_reg_i_41/CO[7]
                         net (fo=1, unplaced)         0.007     7.167    u_core/u_mem_adapter/linefill_start_o_reg_i_41_n_0
                         CARRY8 (Prop_CARRY8_CI_O[4])
                                                      0.109     7.276 f  u_core/u_mem_adapter/linefill_start_o_reg_i_86/O[4]
                         net (fo=1, unplaced)         0.213     7.489    u_core/u_mem_adapter/planned_end_address_wide0[53]
                         LUT4 (Prop_LUT4_I1_O)        0.115     7.604 f  u_core/u_mem_adapter/linefill_start_o_i_87/O
                         net (fo=1, unplaced)         0.214     7.818    u_core/u_mem_adapter/linefill_start_o_i_87_n_0
                         LUT5 (Prop_LUT5_I4_O)        0.039     7.857 f  u_core/u_mem_adapter/linefill_start_o_i_39/O
                         net (fo=1, unplaced)         0.156     8.013    u_core/u_mem_adapter/linefill_start_o_i_39_n_0
                         LUT5 (Prop_LUT5_I0_O)        0.064     8.077 f  u_core/u_mem_adapter/linefill_start_o_i_12/O
                         net (fo=2, unplaced)         0.214     8.291    u_core/u_mem_adapter/linefill_start_o_i_12_n_0
                         LUT6 (Prop_LUT6_I5_O)        0.039     8.330 f  u_core/u_mem_adapter/linefill_start_o_i_7/O
                         net (fo=2, unplaced)         0.214     8.544    u_core/u_mem_adapter/linefill_start_o_i_7_n_0
                         LUT6 (Prop_LUT6_I5_O)        0.039     8.583 f  u_core/u_mem_adapter/linefill_start_o_i_4/O
                         net (fo=2, unplaced)         0.214     8.797    u_core/u_mem_adapter/linefill_start_o_i_4_n_0
                         LUT3 (Prop_LUT3_I2_O)        0.039     8.836 r  u_core/u_mem_adapter/linefill_start_o_i_1/O
                         net (fo=194, unplaced)       0.314     9.150    u_core/u_mem_adapter/fill_valid_words
                         LUT3 (Prop_LUT3_I0_O)        0.039     9.189 r  u_core/u_mem_adapter/fill_r_beat_index[2]_i_1/O
                         net (fo=35, unplaced)        0.222     9.411    u_core/u_mem_adapter/fill_first_word
                         FDRE                                         r  u_core/u_mem_adapter/fill_first_word_reg[21]/CE
  -------------------------------------------------------------------    -------------------

                         (clock aclk rise edge)       0.000     0.000 r  
                                                      0.000     0.000 r  aclk (IN)
                         net (fo=62495, unset)        0.024     0.024    u_core/u_mem_adapter/aclk
                         FDRE                                         r  u_core/u_mem_adapter/fill_first_word_reg[21]/C

Slack:                    inf
  Source:                 aresetn
                            (input port)
  Destination:            u_core/u_mem_adapter/fill_first_word_reg[22]/CE
                            (rising edge-triggered cell FDRE clocked by aclk  {rise@0.000ns fall@10.000ns period=20.000ns})
  Path Group:             (none)
  Path Type:              Setup (Max at Slow Process Corner)
  Data Path Delay:        9.411ns  (logic 3.011ns (31.994%)  route 6.400ns (68.006%))
  Logic Levels:           39  (CARRY8=14 LUT2=3 LUT3=2 LUT4=4 LUT5=6 LUT6=10)
  Clock Path Skew:        0.024ns (DCD - SCD + CPR)
    Destination Clock Delay (DCD):    0.024ns
    Source Clock Delay      (SCD):    0.000ns
    Clock Pessimism Removal (CPR):    0.000ns
  Clock Uncertainty:      0.225ns  ((TSJ^2 + TIJ^2)^1/2 + DJ) / 2 + PE + UU
    Total System Jitter     (TSJ):    0.050ns
    Total Input Jitter      (TIJ):    0.000ns
    Discrete Jitter          (DJ):    0.000ns
    Phase Error              (PE):    0.000ns
    User Uncertainty         (UU):    0.200ns

    Location             Delay type                Incr(ns)  Path(ns)    Netlist Resource(s)
  -------------------------------------------------------------------    -------------------
                                                      0.000     0.000 f  aresetn (IN)
                         net (fo=18, unset)           0.000     0.000    u_core/aresetn
                         LUT2 (Prop_LUT2_I0_O)        0.064     0.064 f  u_core/u_mem_adapter_i_1/O
                         net (fo=4, unplaced)         0.226     0.290    u_core/u_mem_adapter/aresetn
                         LUT5 (Prop_LUT5_I4_O)        0.085     0.375 r  u_core/u_mem_adapter/scalar_address_hold[0]_i_4/O
                         net (fo=3, unplaced)         0.162     0.537    u_core/u_mem_adapter/scalar_address_hold[0]_i_4_n_0
                         LUT5 (Prop_LUT5_I1_O)        0.064     0.601 r  u_core/u_mem_adapter/fill_start_word[31]_i_2/O
                         net (fo=101, unplaced)       0.242     0.843    u_core/u_mem_adapter/fill_start_word[31]_i_2_n_0
                         LUT5 (Prop_LUT5_I3_O)        0.064     0.907 r  u_core/u_mem_adapter/four_k_split_o_i_26/O
                         net (fo=4, unplaced)         0.168     1.075    u_core/u_mem_adapter/p_1_in[0]
                         LUT6 (Prop_LUT6_I0_O)        0.064     1.139 r  u_core/u_mem_adapter/four_k_split_o_i_34/O
                         net (fo=1, unplaced)         0.018     1.157    u_core/u_mem_adapter/four_k_split_o_i_34_n_0
                         CARRY8 (Prop_CARRY8_S[0]_O[4])
                                                      0.255     1.412 f  u_core/u_mem_adapter/four_k_split_o_reg_i_6/O[4]
                         net (fo=4, unplaced)         0.224     1.636    u_core/u_mem_adapter/four_k_split_o_reg_i_6_n_11
                         LUT4 (Prop_LUT4_I3_O)        0.135     1.771 r  u_core/u_mem_adapter/four_k_split_o_i_57/O
                         net (fo=1, unplaced)         0.232     2.003    u_core/u_mem_adapter/four_k_split_o_i_57_n_0
                         CARRY8 (Prop_CARRY8_DI[2]_CO[7])
                                                      0.142     2.145 r  u_core/u_mem_adapter/four_k_split_o_reg_i_47/CO[7]
                         net (fo=1, unplaced)         0.007     2.152    u_core/u_mem_adapter/four_k_split_o_reg_i_47_n_0
                         CARRY8 (Prop_CARRY8_CI_CO[7])
                                                      0.030     2.182 r  u_core/u_mem_adapter/four_k_split_o_reg_i_35/CO[7]
                         net (fo=1, unplaced)         0.007     2.189    u_core/u_mem_adapter/four_k_split_o_reg_i_35_n_0
                         CARRY8 (Prop_CARRY8_CI_CO[0])
                                                      0.068     2.257 r  u_core/u_mem_adapter/four_k_split_o_reg_i_7/CO[0]
                         net (fo=9, unplaced)         0.245     2.502    u_core/u_mem_adapter/clamped_contiguous_words1
                         LUT4 (Prop_LUT4_I1_O)        0.085     2.587 f  u_core/u_mem_adapter/four_k_split_o_i_3/O
                         net (fo=19, unplaced)        0.262     2.849    u_core/u_mem_adapter/four_k_split_o_i_3_n_0
                         LUT6 (Prop_LUT6_I5_O)        0.039     2.888 r  u_core/u_mem_adapter/four_k_split_o_i_13/O
                         net (fo=2, unplaced)         0.259     3.147    u_core/u_mem_adapter/four_k_split_o_i_13_n_0
                         CARRY8 (Prop_CARRY8_DI[0]_CO[4])
                                                      0.229     3.376 r  u_core/u_mem_adapter/fill_desc_beats_reg[0][2]_i_2/CO[4]
                         net (fo=9, unplaced)         0.243     3.619    u_core/u_mem_adapter/fill_desc_beats_reg[0][2]_i_2_n_3
                         LUT6 (Prop_LUT6_I5_O)        0.039     3.658 r  u_core/u_mem_adapter/fill_desc_beats[0][0]_i_2/O
                         net (fo=14, unplaced)        0.255     3.913    u_core/u_mem_adapter/fill_desc_beats[0][0]_i_2_n_0
                         LUT2 (Prop_LUT2_I1_O)        0.040     3.953 r  u_core/u_mem_adapter/fill_desc_addr[1][10]_i_4/O
                         net (fo=1, unplaced)         0.017     3.970    u_core/u_mem_adapter/fill_desc_addr[1][10]_i_4_n_0
                         CARRY8 (Prop_CARRY8_S[1]_O[2])
                                                      0.144     4.114 r  u_core/u_mem_adapter/fill_desc_addr_reg[1][10]_i_1/O[2]
                         net (fo=9, unplaced)         0.245     4.359    u_core/u_mem_adapter/fill_desc_addr_reg[1][10]_i_1_n_13
                         LUT6 (Prop_LUT6_I0_O)        0.100     4.459 f  u_core/u_mem_adapter/fill_desc_beats[1][2]_i_23/O
                         net (fo=2, unplaced)         0.156     4.615    u_core/u_mem_adapter/fill_desc_beats[1][2]_i_23_n_0
                         LUT6 (Prop_LUT6_I4_O)        0.064     4.679 f  u_core/u_mem_adapter/fill_desc_beats[1][2]_i_10/O
                         net (fo=1, unplaced)         0.259     4.938    u_core/u_mem_adapter/fill_desc_beats[1][2]_i_10_n_0
                         CARRY8 (Prop_CARRY8_DI[0]_CO[4])
                                                      0.229     5.167 f  u_core/u_mem_adapter/fill_desc_beats_reg[1][2]_i_3/CO[4]
                         net (fo=7, unplaced)         0.237     5.404    u_core/u_mem_adapter/planned_second_beats1
                         LUT6 (Prop_LUT6_I0_O)        0.039     5.443 f  u_core/u_mem_adapter/fill_desc_beats[1][1]_i_11/O
                         net (fo=1, unplaced)         0.214     5.657    u_core/u_mem_adapter/fill_desc_beats[1][1]_i_11_n_0
                         LUT6 (Prop_LUT6_I5_O)        0.039     5.696 f  u_core/u_mem_adapter/fill_desc_beats[1][1]_i_6/O
                         net (fo=1, unplaced)         0.214     5.910    u_core/u_mem_adapter/fill_desc_beats[1][1]_i_6_n_0
                         LUT6 (Prop_LUT6_I5_O)        0.039     5.949 r  u_core/u_mem_adapter/fill_desc_beats[1][1]_i_1/O
                         net (fo=6, unplaced)         0.236     6.185    u_core/u_mem_adapter/fill_desc_beats[1][1]_i_1_n_0
                         LUT4 (Prop_LUT4_I2_O)        0.039     6.224 f  u_core/u_mem_adapter/fill_valid_words[3]_i_2/O
                         net (fo=6, unplaced)         0.236     6.460    u_core/u_mem_adapter/fill_valid_words[3]_i_2_n_0
                         LUT2 (Prop_LUT2_I1_O)        0.039     6.499 r  u_core/u_mem_adapter/linefill_start_o_i_209/O
                         net (fo=2, unplaced)         0.214     6.713    u_core/u_mem_adapter/linefill_start_o_i_209_n_0
                         LUT5 (Prop_LUT5_I3_O)        0.039     6.752 r  u_core/u_mem_adapter/linefill_start_o_i_212/O
                         net (fo=1, unplaced)         0.019     6.771    u_core/u_mem_adapter/linefill_start_o_i_212_n_0
                         CARRY8 (Prop_CARRY8_S[5]_CO[7])
                                                      0.204     6.975 r  u_core/u_mem_adapter/linefill_start_o_reg_i_198/CO[7]
                         net (fo=1, unplaced)         0.007     6.982    u_core/u_mem_adapter/linefill_start_o_reg_i_198_n_0
                         CARRY8 (Prop_CARRY8_CI_CO[7])
                                                      0.030     7.012 r  u_core/u_mem_adapter/linefill_start_o_reg_i_189/CO[7]
                         net (fo=1, unplaced)         0.007     7.019    u_core/u_mem_adapter/linefill_start_o_reg_i_189_n_0
                         CARRY8 (Prop_CARRY8_CI_CO[7])
                                                      0.030     7.049 r  u_core/u_mem_adapter/linefill_start_o_reg_i_165/CO[7]
                         net (fo=1, unplaced)         0.007     7.056    u_core/u_mem_adapter/linefill_start_o_reg_i_165_n_0
                         CARRY8 (Prop_CARRY8_CI_CO[7])
                                                      0.030     7.086 r  u_core/u_mem_adapter/linefill_start_o_reg_i_131/CO[7]
                         net (fo=1, unplaced)         0.007     7.093    u_core/u_mem_adapter/linefill_start_o_reg_i_131_n_0
                         CARRY8 (Prop_CARRY8_CI_CO[7])
                                                      0.030     7.123 r  u_core/u_mem_adapter/linefill_start_o_reg_i_85/CO[7]
                         net (fo=1, unplaced)         0.007     7.130    u_core/u_mem_adapter/linefill_start_o_reg_i_85_n_0
                         CARRY8 (Prop_CARRY8_CI_CO[7])
                                                      0.030     7.160 r  u_core/u_mem_adapter/linefill_start_o_reg_i_41/CO[7]
                         net (fo=1, unplaced)         0.007     7.167    u_core/u_mem_adapter/linefill_start_o_reg_i_41_n_0
                         CARRY8 (Prop_CARRY8_CI_O[4])
                                                      0.109     7.276 f  u_core/u_mem_adapter/linefill_start_o_reg_i_86/O[4]
                         net (fo=1, unplaced)         0.213     7.489    u_core/u_mem_adapter/planned_end_address_wide0[53]
                         LUT4 (Prop_LUT4_I1_O)        0.115     7.604 f  u_core/u_mem_adapter/linefill_start_o_i_87/O
                         net (fo=1, unplaced)         0.214     7.818    u_core/u_mem_adapter/linefill_start_o_i_87_n_0
                         LUT5 (Prop_LUT5_I4_O)        0.039     7.857 f  u_core/u_mem_adapter/linefill_start_o_i_39/O
                         net (fo=1, unplaced)         0.156     8.013    u_core/u_mem_adapter/linefill_start_o_i_39_n_0
                         LUT5 (Prop_LUT5_I0_O)        0.064     8.077 f  u_core/u_mem_adapter/linefill_start_o_i_12/O
                         net (fo=2, unplaced)         0.214     8.291    u_core/u_mem_adapter/linefill_start_o_i_12_n_0
                         LUT6 (Prop_LUT6_I5_O)        0.039     8.330 f  u_core/u_mem_adapter/linefill_start_o_i_7/O
                         net (fo=2, unplaced)         0.214     8.544    u_core/u_mem_adapter/linefill_start_o_i_7_n_0
                         LUT6 (Prop_LUT6_I5_O)        0.039     8.583 f  u_core/u_mem_adapter/linefill_start_o_i_4/O
                         net (fo=2, unplaced)         0.214     8.797    u_core/u_mem_adapter/linefill_start_o_i_4_n_0
                         LUT3 (Prop_LUT3_I2_O)        0.039     8.836 r  u_core/u_mem_adapter/linefill_start_o_i_1/O
                         net (fo=194, unplaced)       0.314     9.150    u_core/u_mem_adapter/fill_valid_words
                         LUT3 (Prop_LUT3_I0_O)        0.039     9.189 r  u_core/u_mem_adapter/fill_r_beat_index[2]_i_1/O
                         net (fo=35, unplaced)        0.222     9.411    u_core/u_mem_adapter/fill_first_word
                         FDRE                                         r  u_core/u_mem_adapter/fill_first_word_reg[22]/CE
  -------------------------------------------------------------------    -------------------

                         (clock aclk rise edge)       0.000     0.000 r  
                                                      0.000     0.000 r  aclk (IN)
                         net (fo=62495, unset)        0.024     0.024    u_core/u_mem_adapter/aclk
                         FDRE                                         r  u_core/u_mem_adapter/fill_first_word_reg[22]/C

Slack:                    inf
  Source:                 aresetn
                            (input port)
  Destination:            u_core/u_mem_adapter/fill_first_word_reg[23]/CE
                            (rising edge-triggered cell FDRE clocked by aclk  {rise@0.000ns fall@10.000ns period=20.000ns})
  Path Group:             (none)
  Path Type:              Setup (Max at Slow Process Corner)
  Data Path Delay:        9.411ns  (logic 3.011ns (31.994%)  route 6.400ns (68.006%))
  Logic Levels:           39  (CARRY8=14 LUT2=3 LUT3=2 LUT4=4 LUT5=6 LUT6=10)
  Clock Path Skew:        0.024ns (DCD - SCD + CPR)
    Destination Clock Delay (DCD):    0.024ns
    Source Clock Delay      (SCD):    0.000ns
    Clock Pessimism Removal (CPR):    0.000ns
  Clock Uncertainty:      0.225ns  ((TSJ^2 + TIJ^2)^1/2 + DJ) / 2 + PE + UU
    Total System Jitter     (TSJ):    0.050ns
    Total Input Jitter      (TIJ):    0.000ns
    Discrete Jitter          (DJ):    0.000ns
    Phase Error              (PE):    0.000ns
    User Uncertainty         (UU):    0.200ns

    Location             Delay type                Incr(ns)  Path(ns)    Netlist Resource(s)
  -------------------------------------------------------------------    -------------------
                                                      0.000     0.000 f  aresetn (IN)
                         net (fo=18, unset)           0.000     0.000    u_core/aresetn
                         LUT2 (Prop_LUT2_I0_O)        0.064     0.064 f  u_core/u_mem_adapter_i_1/O
                         net (fo=4, unplaced)         0.226     0.290    u_core/u_mem_adapter/aresetn
                         LUT5 (Prop_LUT5_I4_O)        0.085     0.375 r  u_core/u_mem_adapter/scalar_address_hold[0]_i_4/O
                         net (fo=3, unplaced)         0.162     0.537    u_core/u_mem_adapter/scalar_address_hold[0]_i_4_n_0
                         LUT5 (Prop_LUT5_I1_O)        0.064     0.601 r  u_core/u_mem_adapter/fill_start_word[31]_i_2/O
                         net (fo=101, unplaced)       0.242     0.843    u_core/u_mem_adapter/fill_start_word[31]_i_2_n_0
                         LUT5 (Prop_LUT5_I3_O)        0.064     0.907 r  u_core/u_mem_adapter/four_k_split_o_i_26/O
                         net (fo=4, unplaced)         0.168     1.075    u_core/u_mem_adapter/p_1_in[0]
                         LUT6 (Prop_LUT6_I0_O)        0.064     1.139 r  u_core/u_mem_adapter/four_k_split_o_i_34/O
                         net (fo=1, unplaced)         0.018     1.157    u_core/u_mem_adapter/four_k_split_o_i_34_n_0
                         CARRY8 (Prop_CARRY8_S[0]_O[4])
                                                      0.255     1.412 f  u_core/u_mem_adapter/four_k_split_o_reg_i_6/O[4]
                         net (fo=4, unplaced)         0.224     1.636    u_core/u_mem_adapter/four_k_split_o_reg_i_6_n_11
                         LUT4 (Prop_LUT4_I3_O)        0.135     1.771 r  u_core/u_mem_adapter/four_k_split_o_i_57/O
                         net (fo=1, unplaced)         0.232     2.003    u_core/u_mem_adapter/four_k_split_o_i_57_n_0
                         CARRY8 (Prop_CARRY8_DI[2]_CO[7])
                                                      0.142     2.145 r  u_core/u_mem_adapter/four_k_split_o_reg_i_47/CO[7]
                         net (fo=1, unplaced)         0.007     2.152    u_core/u_mem_adapter/four_k_split_o_reg_i_47_n_0
                         CARRY8 (Prop_CARRY8_CI_CO[7])
                                                      0.030     2.182 r  u_core/u_mem_adapter/four_k_split_o_reg_i_35/CO[7]
                         net (fo=1, unplaced)         0.007     2.189    u_core/u_mem_adapter/four_k_split_o_reg_i_35_n_0
                         CARRY8 (Prop_CARRY8_CI_CO[0])
                                                      0.068     2.257 r  u_core/u_mem_adapter/four_k_split_o_reg_i_7/CO[0]
                         net (fo=9, unplaced)         0.245     2.502    u_core/u_mem_adapter/clamped_contiguous_words1
                         LUT4 (Prop_LUT4_I1_O)        0.085     2.587 f  u_core/u_mem_adapter/four_k_split_o_i_3/O
                         net (fo=19, unplaced)        0.262     2.849    u_core/u_mem_adapter/four_k_split_o_i_3_n_0
                         LUT6 (Prop_LUT6_I5_O)        0.039     2.888 r  u_core/u_mem_adapter/four_k_split_o_i_13/O
                         net (fo=2, unplaced)         0.259     3.147    u_core/u_mem_adapter/four_k_split_o_i_13_n_0
                         CARRY8 (Prop_CARRY8_DI[0]_CO[4])
                                                      0.229     3.376 r  u_core/u_mem_adapter/fill_desc_beats_reg[0][2]_i_2/CO[4]
                         net (fo=9, unplaced)         0.243     3.619    u_core/u_mem_adapter/fill_desc_beats_reg[0][2]_i_2_n_3
                         LUT6 (Prop_LUT6_I5_O)        0.039     3.658 r  u_core/u_mem_adapter/fill_desc_beats[0][0]_i_2/O
                         net (fo=14, unplaced)        0.255     3.913    u_core/u_mem_adapter/fill_desc_beats[0][0]_i_2_n_0
                         LUT2 (Prop_LUT2_I1_O)        0.040     3.953 r  u_core/u_mem_adapter/fill_desc_addr[1][10]_i_4/O
                         net (fo=1, unplaced)         0.017     3.970    u_core/u_mem_adapter/fill_desc_addr[1][10]_i_4_n_0
                         CARRY8 (Prop_CARRY8_S[1]_O[2])
                                                      0.144     4.114 r  u_core/u_mem_adapter/fill_desc_addr_reg[1][10]_i_1/O[2]
                         net (fo=9, unplaced)         0.245     4.359    u_core/u_mem_adapter/fill_desc_addr_reg[1][10]_i_1_n_13
                         LUT6 (Prop_LUT6_I0_O)        0.100     4.459 f  u_core/u_mem_adapter/fill_desc_beats[1][2]_i_23/O
                         net (fo=2, unplaced)         0.156     4.615    u_core/u_mem_adapter/fill_desc_beats[1][2]_i_23_n_0
                         LUT6 (Prop_LUT6_I4_O)        0.064     4.679 f  u_core/u_mem_adapter/fill_desc_beats[1][2]_i_10/O
                         net (fo=1, unplaced)         0.259     4.938    u_core/u_mem_adapter/fill_desc_beats[1][2]_i_10_n_0
                         CARRY8 (Prop_CARRY8_DI[0]_CO[4])
                                                      0.229     5.167 f  u_core/u_mem_adapter/fill_desc_beats_reg[1][2]_i_3/CO[4]
                         net (fo=7, unplaced)         0.237     5.404    u_core/u_mem_adapter/planned_second_beats1
                         LUT6 (Prop_LUT6_I0_O)        0.039     5.443 f  u_core/u_mem_adapter/fill_desc_beats[1][1]_i_11/O
                         net (fo=1, unplaced)         0.214     5.657    u_core/u_mem_adapter/fill_desc_beats[1][1]_i_11_n_0
                         LUT6 (Prop_LUT6_I5_O)        0.039     5.696 f  u_core/u_mem_adapter/fill_desc_beats[1][1]_i_6/O
                         net (fo=1, unplaced)         0.214     5.910    u_core/u_mem_adapter/fill_desc_beats[1][1]_i_6_n_0
                         LUT6 (Prop_LUT6_I5_O)        0.039     5.949 r  u_core/u_mem_adapter/fill_desc_beats[1][1]_i_1/O
                         net (fo=6, unplaced)         0.236     6.185    u_core/u_mem_adapter/fill_desc_beats[1][1]_i_1_n_0
                         LUT4 (Prop_LUT4_I2_O)        0.039     6.224 f  u_core/u_mem_adapter/fill_valid_words[3]_i_2/O
                         net (fo=6, unplaced)         0.236     6.460    u_core/u_mem_adapter/fill_valid_words[3]_i_2_n_0
                         LUT2 (Prop_LUT2_I1_O)        0.039     6.499 r  u_core/u_mem_adapter/linefill_start_o_i_209/O
                         net (fo=2, unplaced)         0.214     6.713    u_core/u_mem_adapter/linefill_start_o_i_209_n_0
                         LUT5 (Prop_LUT5_I3_O)        0.039     6.752 r  u_core/u_mem_adapter/linefill_start_o_i_212/O
                         net (fo=1, unplaced)         0.019     6.771    u_core/u_mem_adapter/linefill_start_o_i_212_n_0
                         CARRY8 (Prop_CARRY8_S[5]_CO[7])
                                                      0.204     6.975 r  u_core/u_mem_adapter/linefill_start_o_reg_i_198/CO[7]
                         net (fo=1, unplaced)         0.007     6.982    u_core/u_mem_adapter/linefill_start_o_reg_i_198_n_0
                         CARRY8 (Prop_CARRY8_CI_CO[7])
                                                      0.030     7.012 r  u_core/u_mem_adapter/linefill_start_o_reg_i_189/CO[7]
                         net (fo=1, unplaced)         0.007     7.019    u_core/u_mem_adapter/linefill_start_o_reg_i_189_n_0
                         CARRY8 (Prop_CARRY8_CI_CO[7])
                                                      0.030     7.049 r  u_core/u_mem_adapter/linefill_start_o_reg_i_165/CO[7]
                         net (fo=1, unplaced)         0.007     7.056    u_core/u_mem_adapter/linefill_start_o_reg_i_165_n_0
                         CARRY8 (Prop_CARRY8_CI_CO[7])
                                                      0.030     7.086 r  u_core/u_mem_adapter/linefill_start_o_reg_i_131/CO[7]
                         net (fo=1, unplaced)         0.007     7.093    u_core/u_mem_adapter/linefill_start_o_reg_i_131_n_0
                         CARRY8 (Prop_CARRY8_CI_CO[7])
                                                      0.030     7.123 r  u_core/u_mem_adapter/linefill_start_o_reg_i_85/CO[7]
                         net (fo=1, unplaced)         0.007     7.130    u_core/u_mem_adapter/linefill_start_o_reg_i_85_n_0
                         CARRY8 (Prop_CARRY8_CI_CO[7])
                                                      0.030     7.160 r  u_core/u_mem_adapter/linefill_start_o_reg_i_41/CO[7]
                         net (fo=1, unplaced)         0.007     7.167    u_core/u_mem_adapter/linefill_start_o_reg_i_41_n_0
                         CARRY8 (Prop_CARRY8_CI_O[4])
                                                      0.109     7.276 f  u_core/u_mem_adapter/linefill_start_o_reg_i_86/O[4]
                         net (fo=1, unplaced)         0.213     7.489    u_core/u_mem_adapter/planned_end_address_wide0[53]
                         LUT4 (Prop_LUT4_I1_O)        0.115     7.604 f  u_core/u_mem_adapter/linefill_start_o_i_87/O
                         net (fo=1, unplaced)         0.214     7.818    u_core/u_mem_adapter/linefill_start_o_i_87_n_0
                         LUT5 (Prop_LUT5_I4_O)        0.039     7.857 f  u_core/u_mem_adapter/linefill_start_o_i_39/O
                         net (fo=1, unplaced)         0.156     8.013    u_core/u_mem_adapter/linefill_start_o_i_39_n_0
                         LUT5 (Prop_LUT5_I0_O)        0.064     8.077 f  u_core/u_mem_adapter/linefill_start_o_i_12/O
                         net (fo=2, unplaced)         0.214     8.291    u_core/u_mem_adapter/linefill_start_o_i_12_n_0
                         LUT6 (Prop_LUT6_I5_O)        0.039     8.330 f  u_core/u_mem_adapter/linefill_start_o_i_7/O
                         net (fo=2, unplaced)         0.214     8.544    u_core/u_mem_adapter/linefill_start_o_i_7_n_0
                         LUT6 (Prop_LUT6_I5_O)        0.039     8.583 f  u_core/u_mem_adapter/linefill_start_o_i_4/O
                         net (fo=2, unplaced)         0.214     8.797    u_core/u_mem_adapter/linefill_start_o_i_4_n_0
                         LUT3 (Prop_LUT3_I2_O)        0.039     8.836 r  u_core/u_mem_adapter/linefill_start_o_i_1/O
                         net (fo=194, unplaced)       0.314     9.150    u_core/u_mem_adapter/fill_valid_words
                         LUT3 (Prop_LUT3_I0_O)        0.039     9.189 r  u_core/u_mem_adapter/fill_r_beat_index[2]_i_1/O
                         net (fo=35, unplaced)        0.222     9.411    u_core/u_mem_adapter/fill_first_word
                         FDRE                                         r  u_core/u_mem_adapter/fill_first_word_reg[23]/CE
  -------------------------------------------------------------------    -------------------

                         (clock aclk rise edge)       0.000     0.000 r  
                                                      0.000     0.000 r  aclk (IN)
                         net (fo=62495, unset)        0.024     0.024    u_core/u_mem_adapter/aclk
                         FDRE                                         r  u_core/u_mem_adapter/fill_first_word_reg[23]/C

Slack:                    inf
  Source:                 aresetn
                            (input port)
  Destination:            u_core/u_mem_adapter/fill_first_word_reg[24]/CE
                            (rising edge-triggered cell FDRE clocked by aclk  {rise@0.000ns fall@10.000ns period=20.000ns})
  Path Group:             (none)
  Path Type:              Setup (Max at Slow Process Corner)
  Data Path Delay:        9.411ns  (logic 3.011ns (31.994%)  route 6.400ns (68.006%))
  Logic Levels:           39  (CARRY8=14 LUT2=3 LUT3=2 LUT4=4 LUT5=6 LUT6=10)
  Clock Path Skew:        0.024ns (DCD - SCD + CPR)
    Destination Clock Delay (DCD):    0.024ns
    Source Clock Delay      (SCD):    0.000ns
    Clock Pessimism Removal (CPR):    0.000ns
  Clock Uncertainty:      0.225ns  ((TSJ^2 + TIJ^2)^1/2 + DJ) / 2 + PE + UU
    Total System Jitter     (TSJ):    0.050ns
    Total Input Jitter      (TIJ):    0.000ns
    Discrete Jitter          (DJ):    0.000ns
    Phase Error              (PE):    0.000ns
    User Uncertainty         (UU):    0.200ns

    Location             Delay type                Incr(ns)  Path(ns)    Netlist Resource(s)
  -------------------------------------------------------------------    -------------------
                                                      0.000     0.000 f  aresetn (IN)
                         net (fo=18, unset)           0.000     0.000    u_core/aresetn
                         LUT2 (Prop_LUT2_I0_O)        0.064     0.064 f  u_core/u_mem_adapter_i_1/O
                         net (fo=4, unplaced)         0.226     0.290    u_core/u_mem_adapter/aresetn
                         LUT5 (Prop_LUT5_I4_O)        0.085     0.375 r  u_core/u_mem_adapter/scalar_address_hold[0]_i_4/O
                         net (fo=3, unplaced)         0.162     0.537    u_core/u_mem_adapter/scalar_address_hold[0]_i_4_n_0
                         LUT5 (Prop_LUT5_I1_O)        0.064     0.601 r  u_core/u_mem_adapter/fill_start_word[31]_i_2/O
                         net (fo=101, unplaced)       0.242     0.843    u_core/u_mem_adapter/fill_start_word[31]_i_2_n_0
                         LUT5 (Prop_LUT5_I3_O)        0.064     0.907 r  u_core/u_mem_adapter/four_k_split_o_i_26/O
                         net (fo=4, unplaced)         0.168     1.075    u_core/u_mem_adapter/p_1_in[0]
                         LUT6 (Prop_LUT6_I0_O)        0.064     1.139 r  u_core/u_mem_adapter/four_k_split_o_i_34/O
                         net (fo=1, unplaced)         0.018     1.157    u_core/u_mem_adapter/four_k_split_o_i_34_n_0
                         CARRY8 (Prop_CARRY8_S[0]_O[4])
                                                      0.255     1.412 f  u_core/u_mem_adapter/four_k_split_o_reg_i_6/O[4]
                         net (fo=4, unplaced)         0.224     1.636    u_core/u_mem_adapter/four_k_split_o_reg_i_6_n_11
                         LUT4 (Prop_LUT4_I3_O)        0.135     1.771 r  u_core/u_mem_adapter/four_k_split_o_i_57/O
                         net (fo=1, unplaced)         0.232     2.003    u_core/u_mem_adapter/four_k_split_o_i_57_n_0
                         CARRY8 (Prop_CARRY8_DI[2]_CO[7])
                                                      0.142     2.145 r  u_core/u_mem_adapter/four_k_split_o_reg_i_47/CO[7]
                         net (fo=1, unplaced)         0.007     2.152    u_core/u_mem_adapter/four_k_split_o_reg_i_47_n_0
                         CARRY8 (Prop_CARRY8_CI_CO[7])
                                                      0.030     2.182 r  u_core/u_mem_adapter/four_k_split_o_reg_i_35/CO[7]
                         net (fo=1, unplaced)         0.007     2.189    u_core/u_mem_adapter/four_k_split_o_reg_i_35_n_0
                         CARRY8 (Prop_CARRY8_CI_CO[0])
                                                      0.068     2.257 r  u_core/u_mem_adapter/four_k_split_o_reg_i_7/CO[0]
                         net (fo=9, unplaced)         0.245     2.502    u_core/u_mem_adapter/clamped_contiguous_words1
                         LUT4 (Prop_LUT4_I1_O)        0.085     2.587 f  u_core/u_mem_adapter/four_k_split_o_i_3/O
                         net (fo=19, unplaced)        0.262     2.849    u_core/u_mem_adapter/four_k_split_o_i_3_n_0
                         LUT6 (Prop_LUT6_I5_O)        0.039     2.888 r  u_core/u_mem_adapter/four_k_split_o_i_13/O
                         net (fo=2, unplaced)         0.259     3.147    u_core/u_mem_adapter/four_k_split_o_i_13_n_0
                         CARRY8 (Prop_CARRY8_DI[0]_CO[4])
                                                      0.229     3.376 r  u_core/u_mem_adapter/fill_desc_beats_reg[0][2]_i_2/CO[4]
                         net (fo=9, unplaced)         0.243     3.619    u_core/u_mem_adapter/fill_desc_beats_reg[0][2]_i_2_n_3
                         LUT6 (Prop_LUT6_I5_O)        0.039     3.658 r  u_core/u_mem_adapter/fill_desc_beats[0][0]_i_2/O
                         net (fo=14, unplaced)        0.255     3.913    u_core/u_mem_adapter/fill_desc_beats[0][0]_i_2_n_0
                         LUT2 (Prop_LUT2_I1_O)        0.040     3.953 r  u_core/u_mem_adapter/fill_desc_addr[1][10]_i_4/O
                         net (fo=1, unplaced)         0.017     3.970    u_core/u_mem_adapter/fill_desc_addr[1][10]_i_4_n_0
                         CARRY8 (Prop_CARRY8_S[1]_O[2])
                                                      0.144     4.114 r  u_core/u_mem_adapter/fill_desc_addr_reg[1][10]_i_1/O[2]
                         net (fo=9, unplaced)         0.245     4.359    u_core/u_mem_adapter/fill_desc_addr_reg[1][10]_i_1_n_13
                         LUT6 (Prop_LUT6_I0_O)        0.100     4.459 f  u_core/u_mem_adapter/fill_desc_beats[1][2]_i_23/O
                         net (fo=2, unplaced)         0.156     4.615    u_core/u_mem_adapter/fill_desc_beats[1][2]_i_23_n_0
                         LUT6 (Prop_LUT6_I4_O)        0.064     4.679 f  u_core/u_mem_adapter/fill_desc_beats[1][2]_i_10/O
                         net (fo=1, unplaced)         0.259     4.938    u_core/u_mem_adapter/fill_desc_beats[1][2]_i_10_n_0
                         CARRY8 (Prop_CARRY8_DI[0]_CO[4])
                                                      0.229     5.167 f  u_core/u_mem_adapter/fill_desc_beats_reg[1][2]_i_3/CO[4]
                         net (fo=7, unplaced)         0.237     5.404    u_core/u_mem_adapter/planned_second_beats1
                         LUT6 (Prop_LUT6_I0_O)        0.039     5.443 f  u_core/u_mem_adapter/fill_desc_beats[1][1]_i_11/O
                         net (fo=1, unplaced)         0.214     5.657    u_core/u_mem_adapter/fill_desc_beats[1][1]_i_11_n_0
                         LUT6 (Prop_LUT6_I5_O)        0.039     5.696 f  u_core/u_mem_adapter/fill_desc_beats[1][1]_i_6/O
                         net (fo=1, unplaced)         0.214     5.910    u_core/u_mem_adapter/fill_desc_beats[1][1]_i_6_n_0
                         LUT6 (Prop_LUT6_I5_O)        0.039     5.949 r  u_core/u_mem_adapter/fill_desc_beats[1][1]_i_1/O
                         net (fo=6, unplaced)         0.236     6.185    u_core/u_mem_adapter/fill_desc_beats[1][1]_i_1_n_0
                         LUT4 (Prop_LUT4_I2_O)        0.039     6.224 f  u_core/u_mem_adapter/fill_valid_words[3]_i_2/O
                         net (fo=6, unplaced)         0.236     6.460    u_core/u_mem_adapter/fill_valid_words[3]_i_2_n_0
                         LUT2 (Prop_LUT2_I1_O)        0.039     6.499 r  u_core/u_mem_adapter/linefill_start_o_i_209/O
                         net (fo=2, unplaced)         0.214     6.713    u_core/u_mem_adapter/linefill_start_o_i_209_n_0
                         LUT5 (Prop_LUT5_I3_O)        0.039     6.752 r  u_core/u_mem_adapter/linefill_start_o_i_212/O
                         net (fo=1, unplaced)         0.019     6.771    u_core/u_mem_adapter/linefill_start_o_i_212_n_0
                         CARRY8 (Prop_CARRY8_S[5]_CO[7])
                                                      0.204     6.975 r  u_core/u_mem_adapter/linefill_start_o_reg_i_198/CO[7]
                         net (fo=1, unplaced)         0.007     6.982    u_core/u_mem_adapter/linefill_start_o_reg_i_198_n_0
                         CARRY8 (Prop_CARRY8_CI_CO[7])
                                                      0.030     7.012 r  u_core/u_mem_adapter/linefill_start_o_reg_i_189/CO[7]
                         net (fo=1, unplaced)         0.007     7.019    u_core/u_mem_adapter/linefill_start_o_reg_i_189_n_0
                         CARRY8 (Prop_CARRY8_CI_CO[7])
                                                      0.030     7.049 r  u_core/u_mem_adapter/linefill_start_o_reg_i_165/CO[7]
                         net (fo=1, unplaced)         0.007     7.056    u_core/u_mem_adapter/linefill_start_o_reg_i_165_n_0
                         CARRY8 (Prop_CARRY8_CI_CO[7])
                                                      0.030     7.086 r  u_core/u_mem_adapter/linefill_start_o_reg_i_131/CO[7]
                         net (fo=1, unplaced)         0.007     7.093    u_core/u_mem_adapter/linefill_start_o_reg_i_131_n_0
                         CARRY8 (Prop_CARRY8_CI_CO[7])
                                                      0.030     7.123 r  u_core/u_mem_adapter/linefill_start_o_reg_i_85/CO[7]
                         net (fo=1, unplaced)         0.007     7.130    u_core/u_mem_adapter/linefill_start_o_reg_i_85_n_0
                         CARRY8 (Prop_CARRY8_CI_CO[7])
                                                      0.030     7.160 r  u_core/u_mem_adapter/linefill_start_o_reg_i_41/CO[7]
                         net (fo=1, unplaced)         0.007     7.167    u_core/u_mem_adapter/linefill_start_o_reg_i_41_n_0
                         CARRY8 (Prop_CARRY8_CI_O[4])
                                                      0.109     7.276 f  u_core/u_mem_adapter/linefill_start_o_reg_i_86/O[4]
                         net (fo=1, unplaced)         0.213     7.489    u_core/u_mem_adapter/planned_end_address_wide0[53]
                         LUT4 (Prop_LUT4_I1_O)        0.115     7.604 f  u_core/u_mem_adapter/linefill_start_o_i_87/O
                         net (fo=1, unplaced)         0.214     7.818    u_core/u_mem_adapter/linefill_start_o_i_87_n_0
                         LUT5 (Prop_LUT5_I4_O)        0.039     7.857 f  u_core/u_mem_adapter/linefill_start_o_i_39/O
                         net (fo=1, unplaced)         0.156     8.013    u_core/u_mem_adapter/linefill_start_o_i_39_n_0
                         LUT5 (Prop_LUT5_I0_O)        0.064     8.077 f  u_core/u_mem_adapter/linefill_start_o_i_12/O
                         net (fo=2, unplaced)         0.214     8.291    u_core/u_mem_adapter/linefill_start_o_i_12_n_0
                         LUT6 (Prop_LUT6_I5_O)        0.039     8.330 f  u_core/u_mem_adapter/linefill_start_o_i_7/O
                         net (fo=2, unplaced)         0.214     8.544    u_core/u_mem_adapter/linefill_start_o_i_7_n_0
                         LUT6 (Prop_LUT6_I5_O)        0.039     8.583 f  u_core/u_mem_adapter/linefill_start_o_i_4/O
                         net (fo=2, unplaced)         0.214     8.797    u_core/u_mem_adapter/linefill_start_o_i_4_n_0
                         LUT3 (Prop_LUT3_I2_O)        0.039     8.836 r  u_core/u_mem_adapter/linefill_start_o_i_1/O
                         net (fo=194, unplaced)       0.314     9.150    u_core/u_mem_adapter/fill_valid_words
                         LUT3 (Prop_LUT3_I0_O)        0.039     9.189 r  u_core/u_mem_adapter/fill_r_beat_index[2]_i_1/O
                         net (fo=35, unplaced)        0.222     9.411    u_core/u_mem_adapter/fill_first_word
                         FDRE                                         r  u_core/u_mem_adapter/fill_first_word_reg[24]/CE
  -------------------------------------------------------------------    -------------------

                         (clock aclk rise edge)       0.000     0.000 r  
                                                      0.000     0.000 r  aclk (IN)
                         net (fo=62495, unset)        0.024     0.024    u_core/u_mem_adapter/aclk
                         FDRE                                         r  u_core/u_mem_adapter/fill_first_word_reg[24]/C

Slack:                    inf
  Source:                 aresetn
                            (input port)
  Destination:            u_core/u_mem_adapter/fill_first_word_reg[25]/CE
                            (rising edge-triggered cell FDRE clocked by aclk  {rise@0.000ns fall@10.000ns period=20.000ns})
  Path Group:             (none)
  Path Type:              Setup (Max at Slow Process Corner)
  Data Path Delay:        9.411ns  (logic 3.011ns (31.994%)  route 6.400ns (68.006%))
  Logic Levels:           39  (CARRY8=14 LUT2=3 LUT3=2 LUT4=4 LUT5=6 LUT6=10)
  Clock Path Skew:        0.024ns (DCD - SCD + CPR)
    Destination Clock Delay (DCD):    0.024ns
    Source Clock Delay      (SCD):    0.000ns
    Clock Pessimism Removal (CPR):    0.000ns
  Clock Uncertainty:      0.225ns  ((TSJ^2 + TIJ^2)^1/2 + DJ) / 2 + PE + UU
    Total System Jitter     (TSJ):    0.050ns
    Total Input Jitter      (TIJ):    0.000ns
    Discrete Jitter          (DJ):    0.000ns
    Phase Error              (PE):    0.000ns
    User Uncertainty         (UU):    0.200ns

    Location             Delay type                Incr(ns)  Path(ns)    Netlist Resource(s)
  -------------------------------------------------------------------    -------------------
                                                      0.000     0.000 f  aresetn (IN)
                         net (fo=18, unset)           0.000     0.000    u_core/aresetn
                         LUT2 (Prop_LUT2_I0_O)        0.064     0.064 f  u_core/u_mem_adapter_i_1/O
                         net (fo=4, unplaced)         0.226     0.290    u_core/u_mem_adapter/aresetn
                         LUT5 (Prop_LUT5_I4_O)        0.085     0.375 r  u_core/u_mem_adapter/scalar_address_hold[0]_i_4/O
                         net (fo=3, unplaced)         0.162     0.537    u_core/u_mem_adapter/scalar_address_hold[0]_i_4_n_0
                         LUT5 (Prop_LUT5_I1_O)        0.064     0.601 r  u_core/u_mem_adapter/fill_start_word[31]_i_2/O
                         net (fo=101, unplaced)       0.242     0.843    u_core/u_mem_adapter/fill_start_word[31]_i_2_n_0
                         LUT5 (Prop_LUT5_I3_O)        0.064     0.907 r  u_core/u_mem_adapter/four_k_split_o_i_26/O
                         net (fo=4, unplaced)         0.168     1.075    u_core/u_mem_adapter/p_1_in[0]
                         LUT6 (Prop_LUT6_I0_O)        0.064     1.139 r  u_core/u_mem_adapter/four_k_split_o_i_34/O
                         net (fo=1, unplaced)         0.018     1.157    u_core/u_mem_adapter/four_k_split_o_i_34_n_0
                         CARRY8 (Prop_CARRY8_S[0]_O[4])
                                                      0.255     1.412 f  u_core/u_mem_adapter/four_k_split_o_reg_i_6/O[4]
                         net (fo=4, unplaced)         0.224     1.636    u_core/u_mem_adapter/four_k_split_o_reg_i_6_n_11
                         LUT4 (Prop_LUT4_I3_O)        0.135     1.771 r  u_core/u_mem_adapter/four_k_split_o_i_57/O
                         net (fo=1, unplaced)         0.232     2.003    u_core/u_mem_adapter/four_k_split_o_i_57_n_0
                         CARRY8 (Prop_CARRY8_DI[2]_CO[7])
                                                      0.142     2.145 r  u_core/u_mem_adapter/four_k_split_o_reg_i_47/CO[7]
                         net (fo=1, unplaced)         0.007     2.152    u_core/u_mem_adapter/four_k_split_o_reg_i_47_n_0
                         CARRY8 (Prop_CARRY8_CI_CO[7])
                                                      0.030     2.182 r  u_core/u_mem_adapter/four_k_split_o_reg_i_35/CO[7]
                         net (fo=1, unplaced)         0.007     2.189    u_core/u_mem_adapter/four_k_split_o_reg_i_35_n_0
                         CARRY8 (Prop_CARRY8_CI_CO[0])
                                                      0.068     2.257 r  u_core/u_mem_adapter/four_k_split_o_reg_i_7/CO[0]
                         net (fo=9, unplaced)         0.245     2.502    u_core/u_mem_adapter/clamped_contiguous_words1
                         LUT4 (Prop_LUT4_I1_O)        0.085     2.587 f  u_core/u_mem_adapter/four_k_split_o_i_3/O
                         net (fo=19, unplaced)        0.262     2.849    u_core/u_mem_adapter/four_k_split_o_i_3_n_0
                         LUT6 (Prop_LUT6_I5_O)        0.039     2.888 r  u_core/u_mem_adapter/four_k_split_o_i_13/O
                         net (fo=2, unplaced)         0.259     3.147    u_core/u_mem_adapter/four_k_split_o_i_13_n_0
                         CARRY8 (Prop_CARRY8_DI[0]_CO[4])
                                                      0.229     3.376 r  u_core/u_mem_adapter/fill_desc_beats_reg[0][2]_i_2/CO[4]
                         net (fo=9, unplaced)         0.243     3.619    u_core/u_mem_adapter/fill_desc_beats_reg[0][2]_i_2_n_3
                         LUT6 (Prop_LUT6_I5_O)        0.039     3.658 r  u_core/u_mem_adapter/fill_desc_beats[0][0]_i_2/O
                         net (fo=14, unplaced)        0.255     3.913    u_core/u_mem_adapter/fill_desc_beats[0][0]_i_2_n_0
                         LUT2 (Prop_LUT2_I1_O)        0.040     3.953 r  u_core/u_mem_adapter/fill_desc_addr[1][10]_i_4/O
                         net (fo=1, unplaced)         0.017     3.970    u_core/u_mem_adapter/fill_desc_addr[1][10]_i_4_n_0
                         CARRY8 (Prop_CARRY8_S[1]_O[2])
                                                      0.144     4.114 r  u_core/u_mem_adapter/fill_desc_addr_reg[1][10]_i_1/O[2]
                         net (fo=9, unplaced)         0.245     4.359    u_core/u_mem_adapter/fill_desc_addr_reg[1][10]_i_1_n_13
                         LUT6 (Prop_LUT6_I0_O)        0.100     4.459 f  u_core/u_mem_adapter/fill_desc_beats[1][2]_i_23/O
                         net (fo=2, unplaced)         0.156     4.615    u_core/u_mem_adapter/fill_desc_beats[1][2]_i_23_n_0
                         LUT6 (Prop_LUT6_I4_O)        0.064     4.679 f  u_core/u_mem_adapter/fill_desc_beats[1][2]_i_10/O
                         net (fo=1, unplaced)         0.259     4.938    u_core/u_mem_adapter/fill_desc_beats[1][2]_i_10_n_0
                         CARRY8 (Prop_CARRY8_DI[0]_CO[4])
                                                      0.229     5.167 f  u_core/u_mem_adapter/fill_desc_beats_reg[1][2]_i_3/CO[4]
                         net (fo=7, unplaced)         0.237     5.404    u_core/u_mem_adapter/planned_second_beats1
                         LUT6 (Prop_LUT6_I0_O)        0.039     5.443 f  u_core/u_mem_adapter/fill_desc_beats[1][1]_i_11/O
                         net (fo=1, unplaced)         0.214     5.657    u_core/u_mem_adapter/fill_desc_beats[1][1]_i_11_n_0
                         LUT6 (Prop_LUT6_I5_O)        0.039     5.696 f  u_core/u_mem_adapter/fill_desc_beats[1][1]_i_6/O
                         net (fo=1, unplaced)         0.214     5.910    u_core/u_mem_adapter/fill_desc_beats[1][1]_i_6_n_0
                         LUT6 (Prop_LUT6_I5_O)        0.039     5.949 r  u_core/u_mem_adapter/fill_desc_beats[1][1]_i_1/O
                         net (fo=6, unplaced)         0.236     6.185    u_core/u_mem_adapter/fill_desc_beats[1][1]_i_1_n_0
                         LUT4 (Prop_LUT4_I2_O)        0.039     6.224 f  u_core/u_mem_adapter/fill_valid_words[3]_i_2/O
                         net (fo=6, unplaced)         0.236     6.460    u_core/u_mem_adapter/fill_valid_words[3]_i_2_n_0
                         LUT2 (Prop_LUT2_I1_O)        0.039     6.499 r  u_core/u_mem_adapter/linefill_start_o_i_209/O
                         net (fo=2, unplaced)         0.214     6.713    u_core/u_mem_adapter/linefill_start_o_i_209_n_0
                         LUT5 (Prop_LUT5_I3_O)        0.039     6.752 r  u_core/u_mem_adapter/linefill_start_o_i_212/O
                         net (fo=1, unplaced)         0.019     6.771    u_core/u_mem_adapter/linefill_start_o_i_212_n_0
                         CARRY8 (Prop_CARRY8_S[5]_CO[7])
                                                      0.204     6.975 r  u_core/u_mem_adapter/linefill_start_o_reg_i_198/CO[7]
                         net (fo=1, unplaced)         0.007     6.982    u_core/u_mem_adapter/linefill_start_o_reg_i_198_n_0
                         CARRY8 (Prop_CARRY8_CI_CO[7])
                                                      0.030     7.012 r  u_core/u_mem_adapter/linefill_start_o_reg_i_189/CO[7]
                         net (fo=1, unplaced)         0.007     7.019    u_core/u_mem_adapter/linefill_start_o_reg_i_189_n_0
                         CARRY8 (Prop_CARRY8_CI_CO[7])
                                                      0.030     7.049 r  u_core/u_mem_adapter/linefill_start_o_reg_i_165/CO[7]
                         net (fo=1, unplaced)         0.007     7.056    u_core/u_mem_adapter/linefill_start_o_reg_i_165_n_0
                         CARRY8 (Prop_CARRY8_CI_CO[7])
                                                      0.030     7.086 r  u_core/u_mem_adapter/linefill_start_o_reg_i_131/CO[7]
                         net (fo=1, unplaced)         0.007     7.093    u_core/u_mem_adapter/linefill_start_o_reg_i_131_n_0
                         CARRY8 (Prop_CARRY8_CI_CO[7])
                                                      0.030     7.123 r  u_core/u_mem_adapter/linefill_start_o_reg_i_85/CO[7]
                         net (fo=1, unplaced)         0.007     7.130    u_core/u_mem_adapter/linefill_start_o_reg_i_85_n_0
                         CARRY8 (Prop_CARRY8_CI_CO[7])
                                                      0.030     7.160 r  u_core/u_mem_adapter/linefill_start_o_reg_i_41/CO[7]
                         net (fo=1, unplaced)         0.007     7.167    u_core/u_mem_adapter/linefill_start_o_reg_i_41_n_0
                         CARRY8 (Prop_CARRY8_CI_O[4])
                                                      0.109     7.276 f  u_core/u_mem_adapter/linefill_start_o_reg_i_86/O[4]
                         net (fo=1, unplaced)         0.213     7.489    u_core/u_mem_adapter/planned_end_address_wide0[53]
                         LUT4 (Prop_LUT4_I1_O)        0.115     7.604 f  u_core/u_mem_adapter/linefill_start_o_i_87/O
                         net (fo=1, unplaced)         0.214     7.818    u_core/u_mem_adapter/linefill_start_o_i_87_n_0
                         LUT5 (Prop_LUT5_I4_O)        0.039     7.857 f  u_core/u_mem_adapter/linefill_start_o_i_39/O
                         net (fo=1, unplaced)         0.156     8.013    u_core/u_mem_adapter/linefill_start_o_i_39_n_0
                         LUT5 (Prop_LUT5_I0_O)        0.064     8.077 f  u_core/u_mem_adapter/linefill_start_o_i_12/O
                         net (fo=2, unplaced)         0.214     8.291    u_core/u_mem_adapter/linefill_start_o_i_12_n_0
                         LUT6 (Prop_LUT6_I5_O)        0.039     8.330 f  u_core/u_mem_adapter/linefill_start_o_i_7/O
                         net (fo=2, unplaced)         0.214     8.544    u_core/u_mem_adapter/linefill_start_o_i_7_n_0
                         LUT6 (Prop_LUT6_I5_O)        0.039     8.583 f  u_core/u_mem_adapter/linefill_start_o_i_4/O
                         net (fo=2, unplaced)         0.214     8.797    u_core/u_mem_adapter/linefill_start_o_i_4_n_0
                         LUT3 (Prop_LUT3_I2_O)        0.039     8.836 r  u_core/u_mem_adapter/linefill_start_o_i_1/O
                         net (fo=194, unplaced)       0.314     9.150    u_core/u_mem_adapter/fill_valid_words
                         LUT3 (Prop_LUT3_I0_O)        0.039     9.189 r  u_core/u_mem_adapter/fill_r_beat_index[2]_i_1/O
                         net (fo=35, unplaced)        0.222     9.411    u_core/u_mem_adapter/fill_first_word
                         FDRE                                         r  u_core/u_mem_adapter/fill_first_word_reg[25]/CE
  -------------------------------------------------------------------    -------------------

                         (clock aclk rise edge)       0.000     0.000 r  
                                                      0.000     0.000 r  aclk (IN)
                         net (fo=62495, unset)        0.024     0.024    u_core/u_mem_adapter/aclk
                         FDRE                                         r  u_core/u_mem_adapter/fill_first_word_reg[25]/C

Slack:                    inf
  Source:                 aresetn
                            (input port)
  Destination:            u_core/u_mem_adapter/fill_first_word_reg[26]/CE
                            (rising edge-triggered cell FDRE clocked by aclk  {rise@0.000ns fall@10.000ns period=20.000ns})
  Path Group:             (none)
  Path Type:              Setup (Max at Slow Process Corner)
  Data Path Delay:        9.411ns  (logic 3.011ns (31.994%)  route 6.400ns (68.006%))
  Logic Levels:           39  (CARRY8=14 LUT2=3 LUT3=2 LUT4=4 LUT5=6 LUT6=10)
  Clock Path Skew:        0.024ns (DCD - SCD + CPR)
    Destination Clock Delay (DCD):    0.024ns
    Source Clock Delay      (SCD):    0.000ns
    Clock Pessimism Removal (CPR):    0.000ns
  Clock Uncertainty:      0.225ns  ((TSJ^2 + TIJ^2)^1/2 + DJ) / 2 + PE + UU
    Total System Jitter     (TSJ):    0.050ns
    Total Input Jitter      (TIJ):    0.000ns
    Discrete Jitter          (DJ):    0.000ns
    Phase Error              (PE):    0.000ns
    User Uncertainty         (UU):    0.200ns

    Location             Delay type                Incr(ns)  Path(ns)    Netlist Resource(s)
  -------------------------------------------------------------------    -------------------
                                                      0.000     0.000 f  aresetn (IN)
                         net (fo=18, unset)           0.000     0.000    u_core/aresetn
                         LUT2 (Prop_LUT2_I0_O)        0.064     0.064 f  u_core/u_mem_adapter_i_1/O
                         net (fo=4, unplaced)         0.226     0.290    u_core/u_mem_adapter/aresetn
                         LUT5 (Prop_LUT5_I4_O)        0.085     0.375 r  u_core/u_mem_adapter/scalar_address_hold[0]_i_4/O
                         net (fo=3, unplaced)         0.162     0.537    u_core/u_mem_adapter/scalar_address_hold[0]_i_4_n_0
                         LUT5 (Prop_LUT5_I1_O)        0.064     0.601 r  u_core/u_mem_adapter/fill_start_word[31]_i_2/O
                         net (fo=101, unplaced)       0.242     0.843    u_core/u_mem_adapter/fill_start_word[31]_i_2_n_0
                         LUT5 (Prop_LUT5_I3_O)        0.064     0.907 r  u_core/u_mem_adapter/four_k_split_o_i_26/O
                         net (fo=4, unplaced)         0.168     1.075    u_core/u_mem_adapter/p_1_in[0]
                         LUT6 (Prop_LUT6_I0_O)        0.064     1.139 r  u_core/u_mem_adapter/four_k_split_o_i_34/O
                         net (fo=1, unplaced)         0.018     1.157    u_core/u_mem_adapter/four_k_split_o_i_34_n_0
                         CARRY8 (Prop_CARRY8_S[0]_O[4])
                                                      0.255     1.412 f  u_core/u_mem_adapter/four_k_split_o_reg_i_6/O[4]
                         net (fo=4, unplaced)         0.224     1.636    u_core/u_mem_adapter/four_k_split_o_reg_i_6_n_11
                         LUT4 (Prop_LUT4_I3_O)        0.135     1.771 r  u_core/u_mem_adapter/four_k_split_o_i_57/O
                         net (fo=1, unplaced)         0.232     2.003    u_core/u_mem_adapter/four_k_split_o_i_57_n_0
                         CARRY8 (Prop_CARRY8_DI[2]_CO[7])
                                                      0.142     2.145 r  u_core/u_mem_adapter/four_k_split_o_reg_i_47/CO[7]
                         net (fo=1, unplaced)         0.007     2.152    u_core/u_mem_adapter/four_k_split_o_reg_i_47_n_0
                         CARRY8 (Prop_CARRY8_CI_CO[7])
                                                      0.030     2.182 r  u_core/u_mem_adapter/four_k_split_o_reg_i_35/CO[7]
                         net (fo=1, unplaced)         0.007     2.189    u_core/u_mem_adapter/four_k_split_o_reg_i_35_n_0
                         CARRY8 (Prop_CARRY8_CI_CO[0])
                                                      0.068     2.257 r  u_core/u_mem_adapter/four_k_split_o_reg_i_7/CO[0]
                         net (fo=9, unplaced)         0.245     2.502    u_core/u_mem_adapter/clamped_contiguous_words1
                         LUT4 (Prop_LUT4_I1_O)        0.085     2.587 f  u_core/u_mem_adapter/four_k_split_o_i_3/O
                         net (fo=19, unplaced)        0.262     2.849    u_core/u_mem_adapter/four_k_split_o_i_3_n_0
                         LUT6 (Prop_LUT6_I5_O)        0.039     2.888 r  u_core/u_mem_adapter/four_k_split_o_i_13/O
                         net (fo=2, unplaced)         0.259     3.147    u_core/u_mem_adapter/four_k_split_o_i_13_n_0
                         CARRY8 (Prop_CARRY8_DI[0]_CO[4])
                                                      0.229     3.376 r  u_core/u_mem_adapter/fill_desc_beats_reg[0][2]_i_2/CO[4]
                         net (fo=9, unplaced)         0.243     3.619    u_core/u_mem_adapter/fill_desc_beats_reg[0][2]_i_2_n_3
                         LUT6 (Prop_LUT6_I5_O)        0.039     3.658 r  u_core/u_mem_adapter/fill_desc_beats[0][0]_i_2/O
                         net (fo=14, unplaced)        0.255     3.913    u_core/u_mem_adapter/fill_desc_beats[0][0]_i_2_n_0
                         LUT2 (Prop_LUT2_I1_O)        0.040     3.953 r  u_core/u_mem_adapter/fill_desc_addr[1][10]_i_4/O
                         net (fo=1, unplaced)         0.017     3.970    u_core/u_mem_adapter/fill_desc_addr[1][10]_i_4_n_0
                         CARRY8 (Prop_CARRY8_S[1]_O[2])
                                                      0.144     4.114 r  u_core/u_mem_adapter/fill_desc_addr_reg[1][10]_i_1/O[2]
                         net (fo=9, unplaced)         0.245     4.359    u_core/u_mem_adapter/fill_desc_addr_reg[1][10]_i_1_n_13
                         LUT6 (Prop_LUT6_I0_O)        0.100     4.459 f  u_core/u_mem_adapter/fill_desc_beats[1][2]_i_23/O
                         net (fo=2, unplaced)         0.156     4.615    u_core/u_mem_adapter/fill_desc_beats[1][2]_i_23_n_0
                         LUT6 (Prop_LUT6_I4_O)        0.064     4.679 f  u_core/u_mem_adapter/fill_desc_beats[1][2]_i_10/O
                         net (fo=1, unplaced)         0.259     4.938    u_core/u_mem_adapter/fill_desc_beats[1][2]_i_10_n_0
                         CARRY8 (Prop_CARRY8_DI[0]_CO[4])
                                                      0.229     5.167 f  u_core/u_mem_adapter/fill_desc_beats_reg[1][2]_i_3/CO[4]
                         net (fo=7, unplaced)         0.237     5.404    u_core/u_mem_adapter/planned_second_beats1
                         LUT6 (Prop_LUT6_I0_O)        0.039     5.443 f  u_core/u_mem_adapter/fill_desc_beats[1][1]_i_11/O
                         net (fo=1, unplaced)         0.214     5.657    u_core/u_mem_adapter/fill_desc_beats[1][1]_i_11_n_0
                         LUT6 (Prop_LUT6_I5_O)        0.039     5.696 f  u_core/u_mem_adapter/fill_desc_beats[1][1]_i_6/O
                         net (fo=1, unplaced)         0.214     5.910    u_core/u_mem_adapter/fill_desc_beats[1][1]_i_6_n_0
                         LUT6 (Prop_LUT6_I5_O)        0.039     5.949 r  u_core/u_mem_adapter/fill_desc_beats[1][1]_i_1/O
                         net (fo=6, unplaced)         0.236     6.185    u_core/u_mem_adapter/fill_desc_beats[1][1]_i_1_n_0
                         LUT4 (Prop_LUT4_I2_O)        0.039     6.224 f  u_core/u_mem_adapter/fill_valid_words[3]_i_2/O
                         net (fo=6, unplaced)         0.236     6.460    u_core/u_mem_adapter/fill_valid_words[3]_i_2_n_0
                         LUT2 (Prop_LUT2_I1_O)        0.039     6.499 r  u_core/u_mem_adapter/linefill_start_o_i_209/O
                         net (fo=2, unplaced)         0.214     6.713    u_core/u_mem_adapter/linefill_start_o_i_209_n_0
                         LUT5 (Prop_LUT5_I3_O)        0.039     6.752 r  u_core/u_mem_adapter/linefill_start_o_i_212/O
                         net (fo=1, unplaced)         0.019     6.771    u_core/u_mem_adapter/linefill_start_o_i_212_n_0
                         CARRY8 (Prop_CARRY8_S[5]_CO[7])
                                                      0.204     6.975 r  u_core/u_mem_adapter/linefill_start_o_reg_i_198/CO[7]
                         net (fo=1, unplaced)         0.007     6.982    u_core/u_mem_adapter/linefill_start_o_reg_i_198_n_0
                         CARRY8 (Prop_CARRY8_CI_CO[7])
                                                      0.030     7.012 r  u_core/u_mem_adapter/linefill_start_o_reg_i_189/CO[7]
                         net (fo=1, unplaced)         0.007     7.019    u_core/u_mem_adapter/linefill_start_o_reg_i_189_n_0
                         CARRY8 (Prop_CARRY8_CI_CO[7])
                                                      0.030     7.049 r  u_core/u_mem_adapter/linefill_start_o_reg_i_165/CO[7]
                         net (fo=1, unplaced)         0.007     7.056    u_core/u_mem_adapter/linefill_start_o_reg_i_165_n_0
                         CARRY8 (Prop_CARRY8_CI_CO[7])
                                                      0.030     7.086 r  u_core/u_mem_adapter/linefill_start_o_reg_i_131/CO[7]
                         net (fo=1, unplaced)         0.007     7.093    u_core/u_mem_adapter/linefill_start_o_reg_i_131_n_0
                         CARRY8 (Prop_CARRY8_CI_CO[7])
                                                      0.030     7.123 r  u_core/u_mem_adapter/linefill_start_o_reg_i_85/CO[7]
                         net (fo=1, unplaced)         0.007     7.130    u_core/u_mem_adapter/linefill_start_o_reg_i_85_n_0
                         CARRY8 (Prop_CARRY8_CI_CO[7])
                                                      0.030     7.160 r  u_core/u_mem_adapter/linefill_start_o_reg_i_41/CO[7]
                         net (fo=1, unplaced)         0.007     7.167    u_core/u_mem_adapter/linefill_start_o_reg_i_41_n_0
                         CARRY8 (Prop_CARRY8_CI_O[4])
                                                      0.109     7.276 f  u_core/u_mem_adapter/linefill_start_o_reg_i_86/O[4]
                         net (fo=1, unplaced)         0.213     7.489    u_core/u_mem_adapter/planned_end_address_wide0[53]
                         LUT4 (Prop_LUT4_I1_O)        0.115     7.604 f  u_core/u_mem_adapter/linefill_start_o_i_87/O
                         net (fo=1, unplaced)         0.214     7.818    u_core/u_mem_adapter/linefill_start_o_i_87_n_0
                         LUT5 (Prop_LUT5_I4_O)        0.039     7.857 f  u_core/u_mem_adapter/linefill_start_o_i_39/O
                         net (fo=1, unplaced)         0.156     8.013    u_core/u_mem_adapter/linefill_start_o_i_39_n_0
                         LUT5 (Prop_LUT5_I0_O)        0.064     8.077 f  u_core/u_mem_adapter/linefill_start_o_i_12/O
                         net (fo=2, unplaced)         0.214     8.291    u_core/u_mem_adapter/linefill_start_o_i_12_n_0
                         LUT6 (Prop_LUT6_I5_O)        0.039     8.330 f  u_core/u_mem_adapter/linefill_start_o_i_7/O
                         net (fo=2, unplaced)         0.214     8.544    u_core/u_mem_adapter/linefill_start_o_i_7_n_0
                         LUT6 (Prop_LUT6_I5_O)        0.039     8.583 f  u_core/u_mem_adapter/linefill_start_o_i_4/O
                         net (fo=2, unplaced)         0.214     8.797    u_core/u_mem_adapter/linefill_start_o_i_4_n_0
                         LUT3 (Prop_LUT3_I2_O)        0.039     8.836 r  u_core/u_mem_adapter/linefill_start_o_i_1/O
                         net (fo=194, unplaced)       0.314     9.150    u_core/u_mem_adapter/fill_valid_words
                         LUT3 (Prop_LUT3_I0_O)        0.039     9.189 r  u_core/u_mem_adapter/fill_r_beat_index[2]_i_1/O
                         net (fo=35, unplaced)        0.222     9.411    u_core/u_mem_adapter/fill_first_word
                         FDRE                                         r  u_core/u_mem_adapter/fill_first_word_reg[26]/CE
  -------------------------------------------------------------------    -------------------

                         (clock aclk rise edge)       0.000     0.000 r  
                                                      0.000     0.000 r  aclk (IN)
                         net (fo=62495, unset)        0.024     0.024    u_core/u_mem_adapter/aclk
                         FDRE                                         r  u_core/u_mem_adapter/fill_first_word_reg[26]/C

Slack:                    inf
  Source:                 aresetn
                            (input port)
  Destination:            u_core/u_mem_adapter/fill_first_word_reg[27]/CE
                            (rising edge-triggered cell FDRE clocked by aclk  {rise@0.000ns fall@10.000ns period=20.000ns})
  Path Group:             (none)
  Path Type:              Setup (Max at Slow Process Corner)
  Data Path Delay:        9.411ns  (logic 3.011ns (31.994%)  route 6.400ns (68.006%))
  Logic Levels:           39  (CARRY8=14 LUT2=3 LUT3=2 LUT4=4 LUT5=6 LUT6=10)
  Clock Path Skew:        0.024ns (DCD - SCD + CPR)
    Destination Clock Delay (DCD):    0.024ns
    Source Clock Delay      (SCD):    0.000ns
    Clock Pessimism Removal (CPR):    0.000ns
  Clock Uncertainty:      0.225ns  ((TSJ^2 + TIJ^2)^1/2 + DJ) / 2 + PE + UU
    Total System Jitter     (TSJ):    0.050ns
    Total Input Jitter      (TIJ):    0.000ns
    Discrete Jitter          (DJ):    0.000ns
    Phase Error              (PE):    0.000ns
    User Uncertainty         (UU):    0.200ns

    Location             Delay type                Incr(ns)  Path(ns)    Netlist Resource(s)
  -------------------------------------------------------------------    -------------------
                                                      0.000     0.000 f  aresetn (IN)
                         net (fo=18, unset)           0.000     0.000    u_core/aresetn
                         LUT2 (Prop_LUT2_I0_O)        0.064     0.064 f  u_core/u_mem_adapter_i_1/O
                         net (fo=4, unplaced)         0.226     0.290    u_core/u_mem_adapter/aresetn
                         LUT5 (Prop_LUT5_I4_O)        0.085     0.375 r  u_core/u_mem_adapter/scalar_address_hold[0]_i_4/O
                         net (fo=3, unplaced)         0.162     0.537    u_core/u_mem_adapter/scalar_address_hold[0]_i_4_n_0
                         LUT5 (Prop_LUT5_I1_O)        0.064     0.601 r  u_core/u_mem_adapter/fill_start_word[31]_i_2/O
                         net (fo=101, unplaced)       0.242     0.843    u_core/u_mem_adapter/fill_start_word[31]_i_2_n_0
                         LUT5 (Prop_LUT5_I3_O)        0.064     0.907 r  u_core/u_mem_adapter/four_k_split_o_i_26/O
                         net (fo=4, unplaced)         0.168     1.075    u_core/u_mem_adapter/p_1_in[0]
                         LUT6 (Prop_LUT6_I0_O)        0.064     1.139 r  u_core/u_mem_adapter/four_k_split_o_i_34/O
                         net (fo=1, unplaced)         0.018     1.157    u_core/u_mem_adapter/four_k_split_o_i_34_n_0
                         CARRY8 (Prop_CARRY8_S[0]_O[4])
                                                      0.255     1.412 f  u_core/u_mem_adapter/four_k_split_o_reg_i_6/O[4]
                         net (fo=4, unplaced)         0.224     1.636    u_core/u_mem_adapter/four_k_split_o_reg_i_6_n_11
                         LUT4 (Prop_LUT4_I3_O)        0.135     1.771 r  u_core/u_mem_adapter/four_k_split_o_i_57/O
                         net (fo=1, unplaced)         0.232     2.003    u_core/u_mem_adapter/four_k_split_o_i_57_n_0
                         CARRY8 (Prop_CARRY8_DI[2]_CO[7])
                                                      0.142     2.145 r  u_core/u_mem_adapter/four_k_split_o_reg_i_47/CO[7]
                         net (fo=1, unplaced)         0.007     2.152    u_core/u_mem_adapter/four_k_split_o_reg_i_47_n_0
                         CARRY8 (Prop_CARRY8_CI_CO[7])
                                                      0.030     2.182 r  u_core/u_mem_adapter/four_k_split_o_reg_i_35/CO[7]
                         net (fo=1, unplaced)         0.007     2.189    u_core/u_mem_adapter/four_k_split_o_reg_i_35_n_0
                         CARRY8 (Prop_CARRY8_CI_CO[0])
                                                      0.068     2.257 r  u_core/u_mem_adapter/four_k_split_o_reg_i_7/CO[0]
                         net (fo=9, unplaced)         0.245     2.502    u_core/u_mem_adapter/clamped_contiguous_words1
                         LUT4 (Prop_LUT4_I1_O)        0.085     2.587 f  u_core/u_mem_adapter/four_k_split_o_i_3/O
                         net (fo=19, unplaced)        0.262     2.849    u_core/u_mem_adapter/four_k_split_o_i_3_n_0
                         LUT6 (Prop_LUT6_I5_O)        0.039     2.888 r  u_core/u_mem_adapter/four_k_split_o_i_13/O
                         net (fo=2, unplaced)         0.259     3.147    u_core/u_mem_adapter/four_k_split_o_i_13_n_0
                         CARRY8 (Prop_CARRY8_DI[0]_CO[4])
                                                      0.229     3.376 r  u_core/u_mem_adapter/fill_desc_beats_reg[0][2]_i_2/CO[4]
                         net (fo=9, unplaced)         0.243     3.619    u_core/u_mem_adapter/fill_desc_beats_reg[0][2]_i_2_n_3
                         LUT6 (Prop_LUT6_I5_O)        0.039     3.658 r  u_core/u_mem_adapter/fill_desc_beats[0][0]_i_2/O
                         net (fo=14, unplaced)        0.255     3.913    u_core/u_mem_adapter/fill_desc_beats[0][0]_i_2_n_0
                         LUT2 (Prop_LUT2_I1_O)        0.040     3.953 r  u_core/u_mem_adapter/fill_desc_addr[1][10]_i_4/O
                         net (fo=1, unplaced)         0.017     3.970    u_core/u_mem_adapter/fill_desc_addr[1][10]_i_4_n_0
                         CARRY8 (Prop_CARRY8_S[1]_O[2])
                                                      0.144     4.114 r  u_core/u_mem_adapter/fill_desc_addr_reg[1][10]_i_1/O[2]
                         net (fo=9, unplaced)         0.245     4.359    u_core/u_mem_adapter/fill_desc_addr_reg[1][10]_i_1_n_13
                         LUT6 (Prop_LUT6_I0_O)        0.100     4.459 f  u_core/u_mem_adapter/fill_desc_beats[1][2]_i_23/O
                         net (fo=2, unplaced)         0.156     4.615    u_core/u_mem_adapter/fill_desc_beats[1][2]_i_23_n_0
                         LUT6 (Prop_LUT6_I4_O)        0.064     4.679 f  u_core/u_mem_adapter/fill_desc_beats[1][2]_i_10/O
                         net (fo=1, unplaced)         0.259     4.938    u_core/u_mem_adapter/fill_desc_beats[1][2]_i_10_n_0
                         CARRY8 (Prop_CARRY8_DI[0]_CO[4])
                                                      0.229     5.167 f  u_core/u_mem_adapter/fill_desc_beats_reg[1][2]_i_3/CO[4]
                         net (fo=7, unplaced)         0.237     5.404    u_core/u_mem_adapter/planned_second_beats1
                         LUT6 (Prop_LUT6_I0_O)        0.039     5.443 f  u_core/u_mem_adapter/fill_desc_beats[1][1]_i_11/O
                         net (fo=1, unplaced)         0.214     5.657    u_core/u_mem_adapter/fill_desc_beats[1][1]_i_11_n_0
                         LUT6 (Prop_LUT6_I5_O)        0.039     5.696 f  u_core/u_mem_adapter/fill_desc_beats[1][1]_i_6/O
                         net (fo=1, unplaced)         0.214     5.910    u_core/u_mem_adapter/fill_desc_beats[1][1]_i_6_n_0
                         LUT6 (Prop_LUT6_I5_O)        0.039     5.949 r  u_core/u_mem_adapter/fill_desc_beats[1][1]_i_1/O
                         net (fo=6, unplaced)         0.236     6.185    u_core/u_mem_adapter/fill_desc_beats[1][1]_i_1_n_0
                         LUT4 (Prop_LUT4_I2_O)        0.039     6.224 f  u_core/u_mem_adapter/fill_valid_words[3]_i_2/O
                         net (fo=6, unplaced)         0.236     6.460    u_core/u_mem_adapter/fill_valid_words[3]_i_2_n_0
                         LUT2 (Prop_LUT2_I1_O)        0.039     6.499 r  u_core/u_mem_adapter/linefill_start_o_i_209/O
                         net (fo=2, unplaced)         0.214     6.713    u_core/u_mem_adapter/linefill_start_o_i_209_n_0
                         LUT5 (Prop_LUT5_I3_O)        0.039     6.752 r  u_core/u_mem_adapter/linefill_start_o_i_212/O
                         net (fo=1, unplaced)         0.019     6.771    u_core/u_mem_adapter/linefill_start_o_i_212_n_0
                         CARRY8 (Prop_CARRY8_S[5]_CO[7])
                                                      0.204     6.975 r  u_core/u_mem_adapter/linefill_start_o_reg_i_198/CO[7]
                         net (fo=1, unplaced)         0.007     6.982    u_core/u_mem_adapter/linefill_start_o_reg_i_198_n_0
                         CARRY8 (Prop_CARRY8_CI_CO[7])
                                                      0.030     7.012 r  u_core/u_mem_adapter/linefill_start_o_reg_i_189/CO[7]
                         net (fo=1, unplaced)         0.007     7.019    u_core/u_mem_adapter/linefill_start_o_reg_i_189_n_0
                         CARRY8 (Prop_CARRY8_CI_CO[7])
                                                      0.030     7.049 r  u_core/u_mem_adapter/linefill_start_o_reg_i_165/CO[7]
                         net (fo=1, unplaced)         0.007     7.056    u_core/u_mem_adapter/linefill_start_o_reg_i_165_n_0
                         CARRY8 (Prop_CARRY8_CI_CO[7])
                                                      0.030     7.086 r  u_core/u_mem_adapter/linefill_start_o_reg_i_131/CO[7]
                         net (fo=1, unplaced)         0.007     7.093    u_core/u_mem_adapter/linefill_start_o_reg_i_131_n_0
                         CARRY8 (Prop_CARRY8_CI_CO[7])
                                                      0.030     7.123 r  u_core/u_mem_adapter/linefill_start_o_reg_i_85/CO[7]
                         net (fo=1, unplaced)         0.007     7.130    u_core/u_mem_adapter/linefill_start_o_reg_i_85_n_0
                         CARRY8 (Prop_CARRY8_CI_CO[7])
                                                      0.030     7.160 r  u_core/u_mem_adapter/linefill_start_o_reg_i_41/CO[7]
                         net (fo=1, unplaced)         0.007     7.167    u_core/u_mem_adapter/linefill_start_o_reg_i_41_n_0
                         CARRY8 (Prop_CARRY8_CI_O[4])
                                                      0.109     7.276 f  u_core/u_mem_adapter/linefill_start_o_reg_i_86/O[4]
                         net (fo=1, unplaced)         0.213     7.489    u_core/u_mem_adapter/planned_end_address_wide0[53]
                         LUT4 (Prop_LUT4_I1_O)        0.115     7.604 f  u_core/u_mem_adapter/linefill_start_o_i_87/O
                         net (fo=1, unplaced)         0.214     7.818    u_core/u_mem_adapter/linefill_start_o_i_87_n_0
                         LUT5 (Prop_LUT5_I4_O)        0.039     7.857 f  u_core/u_mem_adapter/linefill_start_o_i_39/O
                         net (fo=1, unplaced)         0.156     8.013    u_core/u_mem_adapter/linefill_start_o_i_39_n_0
                         LUT5 (Prop_LUT5_I0_O)        0.064     8.077 f  u_core/u_mem_adapter/linefill_start_o_i_12/O
                         net (fo=2, unplaced)         0.214     8.291    u_core/u_mem_adapter/linefill_start_o_i_12_n_0
                         LUT6 (Prop_LUT6_I5_O)        0.039     8.330 f  u_core/u_mem_adapter/linefill_start_o_i_7/O
                         net (fo=2, unplaced)         0.214     8.544    u_core/u_mem_adapter/linefill_start_o_i_7_n_0
                         LUT6 (Prop_LUT6_I5_O)        0.039     8.583 f  u_core/u_mem_adapter/linefill_start_o_i_4/O
                         net (fo=2, unplaced)         0.214     8.797    u_core/u_mem_adapter/linefill_start_o_i_4_n_0
                         LUT3 (Prop_LUT3_I2_O)        0.039     8.836 r  u_core/u_mem_adapter/linefill_start_o_i_1/O
                         net (fo=194, unplaced)       0.314     9.150    u_core/u_mem_adapter/fill_valid_words
                         LUT3 (Prop_LUT3_I0_O)        0.039     9.189 r  u_core/u_mem_adapter/fill_r_beat_index[2]_i_1/O
                         net (fo=35, unplaced)        0.222     9.411    u_core/u_mem_adapter/fill_first_word
                         FDRE                                         r  u_core/u_mem_adapter/fill_first_word_reg[27]/CE
  -------------------------------------------------------------------    -------------------

                         (clock aclk rise edge)       0.000     0.000 r  
                                                      0.000     0.000 r  aclk (IN)
                         net (fo=62495, unset)        0.024     0.024    u_core/u_mem_adapter/aclk
                         FDRE                                         r  u_core/u_mem_adapter/fill_first_word_reg[27]/C





