:0: sorry: constant selects in always_* processes are not fully supported (the process will be sensitive to all bits in 'core_events_i[71:0]').
:0: sorry: constant selects in always_* processes are not fully supported (the process will be sensitive to all bits in 'core_events_i[71:0]').
rtl/axi/control/vit_phase_e_profile_counters.sv:369: sorry: constant selects in always_* processes are not fully supported (the process will be sensitive to all bits in 'legacy_sum[word=+legacy_index[31:0]][64:0]').
rtl/axi/control/vit_phase_e_profile_counters.sv:370: sorry: constant selects in always_* processes are not fully supported (the process will be sensitive to all bits in 'legacy_sum[word=+legacy_index[31:0]][64:0]').
:0: sorry: constant selects in always_* processes are not fully supported (the process will be sensitive to all bits in 'core_events_i[71:0]').
:0: sorry: constant selects in always_* processes are not fully supported (the process will be sensitive to all bits in 'core_events_i[71:0]').
:0: sorry: constant selects in always_* processes are not fully supported (the process will be sensitive to all bits in 'core_events_i[71:0]').
:0: sorry: constant selects in always_* processes are not fully supported (the process will be sensitive to all bits in 'core_events_i[71:0]').
:0: sorry: constant selects in always_* processes are not fully supported (the process will be sensitive to all bits in 'core_events_i[71:0]').
:0: sorry: constant selects in always_* processes are not fully supported (the process will be sensitive to all bits in 'core_events_i[71:0]').
:0: sorry: constant selects in always_* processes are not fully supported (the process will be sensitive to all bits in 'core_events_i[71:0]').
rtl/axi/control/vit_phase_e_profile_counters.sv:428: sorry: constant selects in always_* processes are not fully supported (the process will be sensitive to all bits in 'core_events_i[71:0]').
:0: sorry: constant selects in always_* processes are not fully supported (the process will be sensitive to all bits in 'core_events_i[71:0]').
rtl/axi/control/vit_phase_e_profile_counters.sv:431: sorry: constant selects in always_* processes are not fully supported (the process will be sensitive to all bits in 'core_events_i[71:0]').
:0: sorry: constant selects in always_* processes are not fully supported (the process will be sensitive to all bits in 'core_events_i[71:0]').
:0: sorry: constant selects in always_* processes are not fully supported (the process will be sensitive to all bits in 'core_events_i[71:0]').
:0: sorry: constant selects in always_* processes are not fully supported (the process will be sensitive to all bits in 'core_events_i[71:0]').
:0: sorry: constant selects in always_* processes are not fully supported (the process will be sensitive to all bits in 'core_events_i[71:0]').
:0: sorry: constant selects in always_* processes are not fully supported (the process will be sensitive to all bits in 'core_events_i[71:0]').
:0: sorry: constant selects in always_* processes are not fully supported (the process will be sensitive to all bits in 'core_events_i[71:0]').
:0: sorry: constant selects in always_* processes are not fully supported (the process will be sensitive to all bits in 'core_events_i[71:0]').
:0: sorry: constant selects in always_* processes are not fully supported (the process will be sensitive to all bits in 'core_events_i[71:0]').
rtl/axi/control/vit_phase_e_profile_counters.sv:482: sorry: constant selects in always_* processes are not fully supported (the process will be sensitive to all bits in 'global_sum[word=+global_index[31:0]][64:0]').
rtl/axi/control/vit_phase_e_profile_counters.sv:483: sorry: constant selects in always_* processes are not fully supported (the process will be sensitive to all bits in 'global_sum[word=+global_index[31:0]][64:0]').
:0: sorry: constant selects in always_* processes are not fully supported (the process will be sensitive to all bits in 'core_events_i[71:0]').
:0: sorry: constant selects in always_* processes are not fully supported (the process will be sensitive to all bits in 'core_events_i[71:0]').
rtl/axi/control/vit_phase_e_profile_counters.sv:495: sorry: constant selects in always_* processes are not fully supported (the process will be sensitive to all bits in '+opcode_index[31:0]').
rtl/axi/control/vit_phase_e_profile_counters.sv:498: sorry: constant selects in always_* processes are not fully supported (the process will be sensitive to all bits in '+opcode_index[31:0]').
rtl/axi/control/vit_phase_e_profile_counters.sv:511: sorry: constant selects in always_* processes are not fully supported (the process will be sensitive to all bits in 'opcode_count_sum[word=+opcode_index[31:0]][64:0]').
rtl/axi/control/vit_phase_e_profile_counters.sv:512: sorry: constant selects in always_* processes are not fully supported (the process will be sensitive to all bits in 'opcode_count_sum[word=+opcode_index[31:0]][64:0]').
rtl/axi/control/vit_phase_e_profile_counters.sv:519: sorry: constant selects in always_* processes are not fully supported (the process will be sensitive to all bits in 'opcode_cycle_sum[word=+opcode_index[31:0]][64:0]').
rtl/axi/control/vit_phase_e_profile_counters.sv:520: sorry: constant selects in always_* processes are not fully supported (the process will be sensitive to all bits in 'opcode_cycle_sum[word=+opcode_index[31:0]][64:0]').
rtl/axi/control/vit_phase_e_profile_counters.sv:544: sorry: constant selects in always_* processes are not fully supported (the process will be sensitive to all bits in 'histogram_sum[word=+histogram_index[31:0]][64:0]').
rtl/axi/control/vit_phase_e_profile_counters.sv:545: sorry: constant selects in always_* processes are not fully supported (the process will be sensitive to all bits in 'histogram_sum[word=+histogram_index[31:0]][64:0]').
:0: sorry: constant selects in always_* processes are not fully supported (the process will be sensitive to all bits in 'core_events_i[71:0]').
:0: sorry: constant selects in always_* processes are not fully supported (the process will be sensitive to all bits in 'core_events_i[71:0]').
:0: sorry: constant selects in always_* processes are not fully supported (the process will be sensitive to all bits in 'core_events_i[71:0]').
:0: sorry: constant selects in always_* processes are not fully supported (the process will be sensitive to all bits in 'core_events_i[71:0]').
:0: sorry: constant selects in always_* processes are not fully supported (the process will be sensitive to all bits in 'core_events_i[71:0]').
:0: sorry: constant selects in always_* processes are not fully supported (the process will be sensitive to all bits in 'core_events_i[71:0]').
:0: sorry: constant selects in always_* processes are not fully supported (the process will be sensitive to all bits in 'core_events_i[71:0]').
rtl/axi/control/vit_phase_e_m5_axi_counters.sv:100: sorry: constant selects in always_* processes are not fully supported (the process will be sensitive to all bits in 'sum[word=+comb_index[31:0]][64:0]').
rtl/axi/control/vit_phase_e_m5_axi_counters.sv:101: sorry: constant selects in always_* processes are not fully supported (the process will be sensitive to all bits in 'sum[word=+comb_index[31:0]][64:0]').
rtl/axi/control/vit_phase_e_m7_overlap_counters.sv:144: sorry: constant selects in always_* processes are not fully supported (the process will be sensitive to all bits in 'events_i[75:0]').
rtl/axi/control/vit_phase_e_m7_overlap_counters.sv:146: sorry: constant selects in always_* processes are not fully supported (the process will be sensitive to all bits in 'events_i[75:0]').
:0: sorry: constant selects in always_* processes are not fully supported (the process will be sensitive to all bits in 'events_i[75:0]').
:0: sorry: constant selects in always_* processes are not fully supported (the process will be sensitive to all bits in 'events_i[75:0]').
:0: sorry: constant selects in always_* processes are not fully supported (the process will be sensitive to all bits in 'events_i[75:0]').
:0: sorry: constant selects in always_* processes are not fully supported (the process will be sensitive to all bits in 'events_i[75:0]').
:0: sorry: constant selects in always_* processes are not fully supported (the process will be sensitive to all bits in 'events_i[75:0]').
:0: sorry: constant selects in always_* processes are not fully supported (the process will be sensitive to all bits in 'events_i[75:0]').
:0: sorry: constant selects in always_* processes are not fully supported (the process will be sensitive to all bits in 'events_i[75:0]').
:0: sorry: constant selects in always_* processes are not fully supported (the process will be sensitive to all bits in 'events_i[75:0]').
:0: sorry: constant selects in always_* processes are not fully supported (the process will be sensitive to all bits in 'events_i[75:0]').
:0: sorry: constant selects in always_* processes are not fully supported (the process will be sensitive to all bits in 'events_i[75:0]').
:0: sorry: constant selects in always_* processes are not fully supported (the process will be sensitive to all bits in 'events_i[75:0]').
:0: sorry: constant selects in always_* processes are not fully supported (the process will be sensitive to all bits in 'events_i[75:0]').
:0: sorry: constant selects in always_* processes are not fully supported (the process will be sensitive to all bits in 'events_i[75:0]').
:0: sorry: constant selects in always_* processes are not fully supported (the process will be sensitive to all bits in 'events_i[75:0]').
:0: sorry: constant selects in always_* processes are not fully supported (the process will be sensitive to all bits in 'events_i[75:0]').
rtl/axi/control/vit_phase_e_m7_overlap_counters.sv:189: sorry: constant selects in always_* processes are not fully supported (the process will be sensitive to all bits in 'sum[word=+comb_index[31:0]][64:0]').
rtl/axi/control/vit_phase_e_m7_overlap_counters.sv:190: sorry: constant selects in always_* processes are not fully supported (the process will be sensitive to all bits in 'sum[word=+comb_index[31:0]][64:0]').
rtl/axi/control/vit_phase_e_m7_overlap_counters.sv:196: sorry: constant selects in always_* processes are not fully supported (the process will be sensitive to all bits in 'events_i[75:0]').
rtl/axi/control/vit_phase_e_m7_overlap_counters.sv:197: sorry: constant selects in always_* processes are not fully supported (the process will be sensitive to all bits in 'events_i[75:0]').
rtl/axi/control/vit_phase_e_m7_overlap_counters.sv:201: sorry: constant selects in always_* processes are not fully supported (the process will be sensitive to all bits in 'events_i[75:0]').
rtl/axi/control/vit_phase_e_m7_overlap_counters.sv:202: sorry: constant selects in always_* processes are not fully supported (the process will be sensitive to all bits in 'events_i[75:0]').
:0: sorry: constant selects in always_* processes are not fully supported (the process will be sensitive to all bits in 'events_i[75:0]').
:0: sorry: constant selects in always_* processes are not fully supported (the process will be sensitive to all bits in 'events_i[75:0]').
:0: sorry: constant selects in always_* processes are not fully supported (the process will be sensitive to all bits in 'events_i[75:0]').
:0: sorry: constant selects in always_* processes are not fully supported (the process will be sensitive to all bits in 'events_i[75:0]').
:0: sorry: constant selects in always_* processes are not fully supported (the process will be sensitive to all bits in 'events_i[75:0]').
:0: sorry: constant selects in always_* processes are not fully supported (the process will be sensitive to all bits in 'events_i[75:0]').
:0: sorry: constant selects in always_* processes are not fully supported (the process will be sensitive to all bits in 'events_i[75:0]').
:0: sorry: constant selects in always_* processes are not fully supported (the process will be sensitive to all bits in 'events_i[75:0]').
:0: sorry: constant selects in always_* processes are not fully supported (the process will be sensitive to all bits in 'events_i[75:0]').
rtl/axi/control/vit_phase_e_m7_overlap_counters.sv:284: sorry: constant selects in always_* processes are not fully supported (the process will be sensitive to all bits in 'published[word='sd19][63:0]').
rtl/axi/control/vit_phase_e_m7_overlap_counters.sv:285: sorry: constant selects in always_* processes are not fully supported (the process will be sensitive to all bits in 'published[word='sd22][63:0]').
rtl/axi/control/vit_phase_e_m7_overlap_counters.sv:290: sorry: constant selects in always_* processes are not fully supported (the process will be sensitive to all bits in 'error_published[19:0]').
rtl/axi/control/vit_phase_e_m7_overlap_counters.sv:290: sorry: constant selects in always_* processes are not fully supported (the process will be sensitive to all bits in 'error_published[19:0]').
rtl/axi/control/vit_phase_e_m7_overlap_counters.sv:291: sorry: constant selects in always_* processes are not fully supported (the process will be sensitive to all bits in 'error_published[19:0]').
rtl/axi/control/vit_phase_e_m7_overlap_counters.sv:291: sorry: constant selects in always_* processes are not fully supported (the process will be sensitive to all bits in 'error_published[19:0]').
:0: sorry: constant selects in always_* processes are not fully supported (the process will be sensitive to all bits in 'active_job[55:0]').
:0: sorry: constant selects in always_* processes are not fully supported (the process will be sensitive to all bits in 'active_job[55:0]').
:0: sorry: constant selects in always_* processes are not fully supported (the process will be sensitive to all bits in 'active_job[55:0]').
:0: sorry: constant selects in always_* processes are not fully supported (the process will be sensitive to all bits in 'active_job[55:0]').
:0: sorry: constant selects in always_* processes are not fully supported (the process will be sensitive to all bits in 'active_job[55:0]').
:0: sorry: constant selects in always_* processes are not fully supported (the process will be sensitive to all bits in 'active_job[55:0]').
:0: sorry: constant selects in always_* processes are not fully supported (the process will be sensitive to all bits in 'active_job[55:0]').
:0: sorry: constant selects in always_* processes are not fully supported (the process will be sensitive to all bits in 'active_global_params[255:0]').
:0: sorry: constant selects in always_* processes are not fully supported (the process will be sensitive to all bits in 'active_global_params[255:0]').
:0: sorry: constant selects in always_* processes are not fully supported (the process will be sensitive to all bits in 'active_job[55:0]').
:0: sorry: constant selects in always_* processes are not fully supported (the process will be sensitive to all bits in 'active_job[55:0]').
:0: sorry: constant selects in always_* processes are not fully supported (the process will be sensitive to all bits in 'value[511:0]').
rtl/control/vit_phase_e_sequencer.sv:180: sorry: constant selects in always_* processes are not fully supported (the process will be sensitive to all bits in 'rounded_reduction[32:0]').
rtl/control/vit_phase_e_sequencer.sv:165: sorry: constant selects in always_* processes are not fully supported (the process will be sensitive to all bits in 'rounded_reduction[32:0]').
:0: sorry: constant selects in always_* processes are not fully supported (the process will be sensitive to all bits in 'active_job[55:0]').
:0: sorry: constant selects in always_* processes are not fully supported (the process will be sensitive to all bits in 'active_global_params[255:0]').
:0: sorry: constant selects in always_* processes are not fully supported (the process will be sensitive to all bits in 'active_job[55:0]').
:0: sorry: constant selects in always_* processes are not fully supported (the process will be sensitive to all bits in 'active_job[55:0]').
:0: sorry: constant selects in always_* processes are not fully supported (the process will be sensitive to all bits in 'active_global_params[255:0]').
:0: sorry: constant selects in always_* processes are not fully supported (the process will be sensitive to all bits in 'active_job[55:0]').
:0: sorry: constant selects in always_* processes are not fully supported (the process will be sensitive to all bits in 'active_layer_params[511:0]').
:0: sorry: constant selects in always_* processes are not fully supported (the process will be sensitive to all bits in 'active_layer_params[511:0]').
:0: sorry: constant selects in always_* processes are not fully supported (the process will be sensitive to all bits in 'active_job[55:0]').
:0: sorry: constant selects in always_* processes are not fully supported (the process will be sensitive to all bits in 'active_layer_params[511:0]').
:0: sorry: constant selects in always_* processes are not fully supported (the process will be sensitive to all bits in 'active_layer_params[511:0]').
:0: sorry: constant selects in always_* processes are not fully supported (the process will be sensitive to all bits in 'active_job[55:0]').
:0: sorry: constant selects in always_* processes are not fully supported (the process will be sensitive to all bits in 'active_job[55:0]').
:0: sorry: constant selects in always_* processes are not fully supported (the process will be sensitive to all bits in 'value[511:0]').
rtl/control/vit_phase_e_sequencer.sv:180: sorry: constant selects in always_* processes are not fully supported (the process will be sensitive to all bits in 'rounded_reduction[32:0]').
rtl/control/vit_phase_e_sequencer.sv:165: sorry: constant selects in always_* processes are not fully supported (the process will be sensitive to all bits in 'rounded_reduction[32:0]').
:0: sorry: constant selects in always_* processes are not fully supported (the process will be sensitive to all bits in 'active_job[55:0]').
:0: sorry: constant selects in always_* processes are not fully supported (the process will be sensitive to all bits in 'active_job[55:0]').
:0: sorry: constant selects in always_* processes are not fully supported (the process will be sensitive to all bits in 'active_layer_params[511:0]').
:0: sorry: constant selects in always_* processes are not fully supported (the process will be sensitive to all bits in 'active_layer_params[511:0]').
:0: sorry: constant selects in always_* processes are not fully supported (the process will be sensitive to all bits in 'active_job[55:0]').
:0: sorry: constant selects in always_* processes are not fully supported (the process will be sensitive to all bits in 'active_job[55:0]').
:0: sorry: constant selects in always_* processes are not fully supported (the process will be sensitive to all bits in 'value[511:0]').
rtl/control/vit_phase_e_sequencer.sv:180: sorry: constant selects in always_* processes are not fully supported (the process will be sensitive to all bits in 'rounded_reduction[32:0]').
rtl/control/vit_phase_e_sequencer.sv:165: sorry: constant selects in always_* processes are not fully supported (the process will be sensitive to all bits in 'rounded_reduction[32:0]').
:0: sorry: constant selects in always_* processes are not fully supported (the process will be sensitive to all bits in 'active_job[55:0]').
:0: sorry: constant selects in always_* processes are not fully supported (the process will be sensitive to all bits in 'active_job[55:0]').
:0: sorry: constant selects in always_* processes are not fully supported (the process will be sensitive to all bits in 'active_layer_params[511:0]').
:0: sorry: constant selects in always_* processes are not fully supported (the process will be sensitive to all bits in 'active_layer_params[511:0]').
:0: sorry: constant selects in always_* processes are not fully supported (the process will be sensitive to all bits in 'active_job[55:0]').
:0: sorry: constant selects in always_* processes are not fully supported (the process will be sensitive to all bits in 'active_job[55:0]').
:0: sorry: constant selects in always_* processes are not fully supported (the process will be sensitive to all bits in 'value[511:0]').
rtl/control/vit_phase_e_sequencer.sv:180: sorry: constant selects in always_* processes are not fully supported (the process will be sensitive to all bits in 'rounded_reduction[32:0]').
rtl/control/vit_phase_e_sequencer.sv:165: sorry: constant selects in always_* processes are not fully supported (the process will be sensitive to all bits in 'rounded_reduction[32:0]').
:0: sorry: constant selects in always_* processes are not fully supported (the process will be sensitive to all bits in 'active_job[55:0]').
:0: sorry: constant selects in always_* processes are not fully supported (the process will be sensitive to all bits in 'active_job[55:0]').
:0: sorry: constant selects in always_* processes are not fully supported (the process will be sensitive to all bits in 'active_job[55:0]').
:0: sorry: constant selects in always_* processes are not fully supported (the process will be sensitive to all bits in 'active_job[55:0]').
:0: sorry: constant selects in always_* processes are not fully supported (the process will be sensitive to all bits in 'active_job[55:0]').
:0: sorry: constant selects in always_* processes are not fully supported (the process will be sensitive to all bits in 'value[511:0]').
rtl/control/vit_phase_e_sequencer.sv:180: sorry: constant selects in always_* processes are not fully supported (the process will be sensitive to all bits in 'rounded_reduction[32:0]').
rtl/control/vit_phase_e_sequencer.sv:165: sorry: constant selects in always_* processes are not fully supported (the process will be sensitive to all bits in 'rounded_reduction[32:0]').
:0: sorry: constant selects in always_* processes are not fully supported (the process will be sensitive to all bits in 'active_job[55:0]').
:0: sorry: constant selects in always_* processes are not fully supported (the process will be sensitive to all bits in 'active_job[55:0]').
:0: sorry: constant selects in always_* processes are not fully supported (the process will be sensitive to all bits in 'active_job[55:0]').
:0: sorry: constant selects in always_* processes are not fully supported (the process will be sensitive to all bits in 'active_job[55:0]').
:0: sorry: constant selects in always_* processes are not fully supported (the process will be sensitive to all bits in 'active_job[55:0]').
:0: sorry: constant selects in always_* processes are not fully supported (the process will be sensitive to all bits in 'value[511:0]').
rtl/control/vit_phase_e_sequencer.sv:180: sorry: constant selects in always_* processes are not fully supported (the process will be sensitive to all bits in 'rounded_reduction[32:0]').
rtl/control/vit_phase_e_sequencer.sv:165: sorry: constant selects in always_* processes are not fully supported (the process will be sensitive to all bits in 'rounded_reduction[32:0]').
:0: sorry: constant selects in always_* processes are not fully supported (the process will be sensitive to all bits in 'active_job[55:0]').
:0: sorry: constant selects in always_* processes are not fully supported (the process will be sensitive to all bits in 'active_job[55:0]').
:0: sorry: constant selects in always_* processes are not fully supported (the process will be sensitive to all bits in 'active_layer_params[511:0]').
:0: sorry: constant selects in always_* processes are not fully supported (the process will be sensitive to all bits in 'active_layer_params[511:0]').
:0: sorry: constant selects in always_* processes are not fully supported (the process will be sensitive to all bits in 'active_job[55:0]').
:0: sorry: constant selects in always_* processes are not fully supported (the process will be sensitive to all bits in 'active_job[55:0]').
:0: sorry: constant selects in always_* processes are not fully supported (the process will be sensitive to all bits in 'value[511:0]').
rtl/control/vit_phase_e_sequencer.sv:180: sorry: constant selects in always_* processes are not fully supported (the process will be sensitive to all bits in 'rounded_reduction[32:0]').
rtl/control/vit_phase_e_sequencer.sv:165: sorry: constant selects in always_* processes are not fully supported (the process will be sensitive to all bits in 'rounded_reduction[32:0]').
:0: sorry: constant selects in always_* processes are not fully supported (the process will be sensitive to all bits in 'active_job[55:0]').
:0: sorry: constant selects in always_* processes are not fully supported (the process will be sensitive to all bits in 'active_job[55:0]').
:0: sorry: constant selects in always_* processes are not fully supported (the process will be sensitive to all bits in 'active_layer_params[511:0]').
:0: sorry: constant selects in always_* processes are not fully supported (the process will be sensitive to all bits in 'active_layer_params[511:0]').
:0: sorry: constant selects in always_* processes are not fully supported (the process will be sensitive to all bits in 'active_job[55:0]').
:0: sorry: constant selects in always_* processes are not fully supported (the process will be sensitive to all bits in 'active_layer_params[511:0]').
:0: sorry: constant selects in always_* processes are not fully supported (the process will be sensitive to all bits in 'active_layer_params[511:0]').
:0: sorry: constant selects in always_* processes are not fully supported (the process will be sensitive to all bits in 'active_job[55:0]').
:0: sorry: constant selects in always_* processes are not fully supported (the process will be sensitive to all bits in 'active_job[55:0]').
:0: sorry: constant selects in always_* processes are not fully supported (the process will be sensitive to all bits in 'value[511:0]').
rtl/control/vit_phase_e_sequencer.sv:180: sorry: constant selects in always_* processes are not fully supported (the process will be sensitive to all bits in 'rounded_reduction[32:0]').
rtl/control/vit_phase_e_sequencer.sv:165: sorry: constant selects in always_* processes are not fully supported (the process will be sensitive to all bits in 'rounded_reduction[32:0]').
:0: sorry: constant selects in always_* processes are not fully supported (the process will be sensitive to all bits in 'active_job[55:0]').
:0: sorry: constant selects in always_* processes are not fully supported (the process will be sensitive to all bits in 'active_job[55:0]').
:0: sorry: constant selects in always_* processes are not fully supported (the process will be sensitive to all bits in 'active_layer_params[511:0]').
:0: sorry: constant selects in always_* processes are not fully supported (the process will be sensitive to all bits in 'active_layer_params[511:0]').
:0: sorry: constant selects in always_* processes are not fully supported (the process will be sensitive to all bits in 'active_job[55:0]').
:0: sorry: constant selects in always_* processes are not fully supported (the process will be sensitive to all bits in 'active_job[55:0]').
:0: sorry: constant selects in always_* processes are not fully supported (the process will be sensitive to all bits in 'value[511:0]').
rtl/control/vit_phase_e_sequencer.sv:180: sorry: constant selects in always_* processes are not fully supported (the process will be sensitive to all bits in 'rounded_reduction[32:0]').
rtl/control/vit_phase_e_sequencer.sv:165: sorry: constant selects in always_* processes are not fully supported (the process will be sensitive to all bits in 'rounded_reduction[32:0]').
:0: sorry: constant selects in always_* processes are not fully supported (the process will be sensitive to all bits in 'active_job[55:0]').
:0: sorry: constant selects in always_* processes are not fully supported (the process will be sensitive to all bits in 'active_job[55:0]').
:0: sorry: constant selects in always_* processes are not fully supported (the process will be sensitive to all bits in 'active_global_params[255:0]').
:0: sorry: constant selects in always_* processes are not fully supported (the process will be sensitive to all bits in 'active_global_params[255:0]').
:0: sorry: constant selects in always_* processes are not fully supported (the process will be sensitive to all bits in 'active_job[55:0]').
:0: sorry: constant selects in always_* processes are not fully supported (the process will be sensitive to all bits in 'active_job[55:0]').
:0: sorry: constant selects in always_* processes are not fully supported (the process will be sensitive to all bits in 'active_global_params[255:0]').
:0: sorry: constant selects in always_* processes are not fully supported (the process will be sensitive to all bits in 'active_global_params[255:0]').
:0: sorry: constant selects in always_* processes are not fully supported (the process will be sensitive to all bits in 'active_job[55:0]').
:0: sorry: constant selects in always_* processes are not fully supported (the process will be sensitive to all bits in 'active_job[55:0]').
:0: sorry: constant selects in always_* processes are not fully supported (the process will be sensitive to all bits in 'value[511:0]').
rtl/control/vit_phase_e_sequencer.sv:180: sorry: constant selects in always_* processes are not fully supported (the process will be sensitive to all bits in 'rounded_reduction[32:0]').
rtl/control/vit_phase_e_sequencer.sv:165: sorry: constant selects in always_* processes are not fully supported (the process will be sensitive to all bits in 'rounded_reduction[32:0]').
:0: sorry: constant selects in always_* processes are not fully supported (the process will be sensitive to all bits in 'active_job[55:0]').
:0: sorry: constant selects in always_* processes are not fully supported (the process will be sensitive to all bits in 'active_job[55:0]').
:0: sorry: constant selects in always_* processes are not fully supported (the process will be sensitive to all bits in 'active_cmd[511:0]').
:0: sorry: constant selects in always_* processes are not fully supported (the process will be sensitive to all bits in 'active_cmd[511:0]').
:0: sorry: constant selects in always_* processes are not fully supported (the process will be sensitive to all bits in 'active_cmd[511:0]').
:0: sorry: constant selects in always_* processes are not fully supported (the process will be sensitive to all bits in 'active_cmd[511:0]').
:0: sorry: constant selects in always_* processes are not fully supported (the process will be sensitive to all bits in 'active_cmd[511:0]').
:0: sorry: constant selects in always_* processes are not fully supported (the process will be sensitive to all bits in 'active_cmd[511:0]').
:0: sorry: constant selects in always_* processes are not fully supported (the process will be sensitive to all bits in 'active_cmd[511:0]').
:0: sorry: constant selects in always_* processes are not fully supported (the process will be sensitive to all bits in 'active_cmd[511:0]').
:0: sorry: constant selects in always_* processes are not fully supported (the process will be sensitive to all bits in 'active_cmd[511:0]').
:0: sorry: constant selects in always_* processes are not fully supported (the process will be sensitive to all bits in 'active_cmd[511:0]').
:0: sorry: constant selects in always_* processes are not fully supported (the process will be sensitive to all bits in 'active_cmd[511:0]').
:0: sorry: constant selects in always_* processes are not fully supported (the process will be sensitive to all bits in 'active_cmd[511:0]').
:0: sorry: constant selects in always_* processes are not fully supported (the process will be sensitive to all bits in 'active_cmd[511:0]').
:0: sorry: constant selects in always_* processes are not fully supported (the process will be sensitive to all bits in 'active_cmd[511:0]').
:0: sorry: constant selects in always_* processes are not fully supported (the process will be sensitive to all bits in 'active_cmd[511:0]').
:0: sorry: constant selects in always_* processes are not fully supported (the process will be sensitive to all bits in 'active_cmd[511:0]').
:0: sorry: constant selects in always_* processes are not fully supported (the process will be sensitive to all bits in 'active_cmd[511:0]').
:0: sorry: constant selects in always_* processes are not fully supported (the process will be sensitive to all bits in 'active_cmd[511:0]').
:0: sorry: constant selects in always_* processes are not fully supported (the process will be sensitive to all bits in 'active_cmd[511:0]').
:0: sorry: constant selects in always_* processes are not fully supported (the process will be sensitive to all bits in 'active_cmd[511:0]').
:0: sorry: constant selects in always_* processes are not fully supported (the process will be sensitive to all bits in 'active_cmd[511:0]').
:0: sorry: constant selects in always_* processes are not fully supported (the process will be sensitive to all bits in 'active_cmd[511:0]').
:0: sorry: constant selects in always_* processes are not fully supported (the process will be sensitive to all bits in 'active_cmd[511:0]').
:0: sorry: constant selects in always_* processes are not fully supported (the process will be sensitive to all bits in 'active_cmd[511:0]').
:0: sorry: constant selects in always_* processes are not fully supported (the process will be sensitive to all bits in 'active_cmd[511:0]').
:0: sorry: constant selects in always_* processes are not fully supported (the process will be sensitive to all bits in 'active_cmd[511:0]').
:0: sorry: constant selects in always_* processes are not fully supported (the process will be sensitive to all bits in 'active_cmd[511:0]').
:0: sorry: constant selects in always_* processes are not fully supported (the process will be sensitive to all bits in 'active_cmd[511:0]').
:0: sorry: constant selects in always_* processes are not fully supported (the process will be sensitive to all bits in 'active_cmd[511:0]').
rtl/core/vit_phase_e_read_address_router.sv:341: sorry: constant selects in always_* processes are not fully supported (the process will be sensitive to all bits in 'active_cmd[511:0]').
rtl/core/vit_phase_e_read_address_router.sv:347: sorry: constant selects in always_* processes are not fully supported (the process will be sensitive to all bits in 'candidate_remaining_words_wide[32:0]').
:0: sorry: constant selects in always_* processes are not fully supported (the process will be sensitive to all bits in 'active_cmd[511:0]').
:0: sorry: constant selects in always_* processes are not fully supported (the process will be sensitive to all bits in 'active_cmd[511:0]').
:0: sorry: constant selects in always_* processes are not fully supported (the process will be sensitive to all bits in 'active_cmd[511:0]').
:0: sorry: constant selects in always_* processes are not fully supported (the process will be sensitive to all bits in 'active_cmd[511:0]').
:0: sorry: constant selects in always_* processes are not fully supported (the process will be sensitive to all bits in 'active_cmd[511:0]').
:0: sorry: constant selects in always_* processes are not fully supported (the process will be sensitive to all bits in 'active_cmd[511:0]').
:0: sorry: constant selects in always_* processes are not fully supported (the process will be sensitive to all bits in 'active_cmd[511:0]').
:0: sorry: constant selects in always_* processes are not fully supported (the process will be sensitive to all bits in 'active_cmd[511:0]').
:0: sorry: constant selects in always_* processes are not fully supported (the process will be sensitive to all bits in 'active_cmd[511:0]').
:0: sorry: constant selects in always_* processes are not fully supported (the process will be sensitive to all bits in 'active_cmd[511:0]').
:0: sorry: constant selects in always_* processes are not fully supported (the process will be sensitive to all bits in 'active_cmd[511:0]').
:0: sorry: constant selects in always_* processes are not fully supported (the process will be sensitive to all bits in 'active_cmd[511:0]').
:0: sorry: constant selects in always_* processes are not fully supported (the process will be sensitive to all bits in 'active_cmd[511:0]').
:0: sorry: constant selects in always_* processes are not fully supported (the process will be sensitive to all bits in 'active_cmd[511:0]').
:0: sorry: constant selects in always_* processes are not fully supported (the process will be sensitive to all bits in 'active_cmd[511:0]').
:0: sorry: constant selects in always_* processes are not fully supported (the process will be sensitive to all bits in 'active_cmd[511:0]').
:0: sorry: constant selects in always_* processes are not fully supported (the process will be sensitive to all bits in 'active_cmd[511:0]').
rtl/core/vit_phase_e_read_address_router.sv:439: sorry: constant selects in always_* processes are not fully supported (the process will be sensitive to all bits in 'candidate_address_wide[95:0]').
rtl/core/vit_phase_e_read_address_router.sv:440: sorry: constant selects in always_* processes are not fully supported (the process will be sensitive to all bits in 'candidate_address_wide[95:0]').
:0: sorry: constant selects in always_* processes are not fully supported (the process will be sensitive to all bits in 'active_cmd[511:0]').
:0: sorry: constant selects in always_* processes are not fully supported (the process will be sensitive to all bits in 'active_cmd[511:0]').
:0: sorry: constant selects in always_* processes are not fully supported (the process will be sensitive to all bits in 'active_cmd[511:0]').
:0: sorry: constant selects in always_* processes are not fully supported (the process will be sensitive to all bits in 'active_cmd[511:0]').
:0: sorry: constant selects in always_* processes are not fully supported (the process will be sensitive to all bits in 'active_cmd[511:0]').
:0: sorry: constant selects in always_* processes are not fully supported (the process will be sensitive to all bits in 'active_cmd[511:0]').
:0: sorry: constant selects in always_* processes are not fully supported (the process will be sensitive to all bits in 'active_cmd[511:0]').
rtl/core/vit_phase_e_write_address_router.sv:177: sorry: constant selects in always_* processes are not fully supported (the process will be sensitive to all bits in 'candidate_address_wide[95:0]').
rtl/core/vit_phase_e_write_address_router.sv:178: sorry: constant selects in always_* processes are not fully supported (the process will be sensitive to all bits in 'candidate_address_wide[95:0]').
rtl/leaf/fp16/vit_fp32_to_fp16_rne_gradual.sv:37: sorry: constant selects in always_* processes are not fully supported (the process will be sensitive to all bits in 'fp32_i[31:0]').
rtl/leaf/fp16/vit_fp32_to_fp16_rne_gradual.sv:38: sorry: constant selects in always_* processes are not fully supported (the process will be sensitive to all bits in 'fp32_i[31:0]').
rtl/leaf/fp16/vit_fp32_to_fp16_rne_gradual.sv:39: sorry: constant selects in always_* processes are not fully supported (the process will be sensitive to all bits in 'fp32_i[31:0]').
rtl/leaf/fp16/vit_fp32_to_fp16_rne_gradual.sv:44: sorry: constant selects in always_* processes are not fully supported (the process will be sensitive to all bits in 'fraction[22:0]').
rtl/leaf/fp16/vit_fp32_to_fp16_rne_gradual.sv:46: sorry: constant selects in always_* processes are not fully supported (the process will be sensitive to all bits in 'fraction[22:0]').
rtl/leaf/fp16/vit_fp32_to_fp16_rne_gradual.sv:46: sorry: constant selects in always_* processes are not fully supported (the process will be sensitive to all bits in 'fraction[22:0]').
rtl/leaf/fp16/vit_fp32_to_fp16_rne_gradual.sv:46: sorry: constant selects in always_* processes are not fully supported (the process will be sensitive to all bits in 'normal_retained[10:0]').
rtl/leaf/fp16/vit_fp32_to_fp16_rne_gradual.sv:75: sorry: constant selects in always_* processes are not fully supported (the process will be sensitive to all bits in 'normal_rounded[11:0]').
rtl/leaf/fp16/vit_fp32_to_fp16_rne_gradual.sv:80: sorry: constant selects in always_* processes are not fully supported (the process will be sensitive to all bits in '+half_exponent[31:0]').
rtl/leaf/fp16/vit_fp32_to_fp16_rne_gradual.sv:85: sorry: constant selects in always_* processes are not fully supported (the process will be sensitive to all bits in '+half_exponent[31:0]').
rtl/leaf/fp16/vit_fp32_to_fp16_rne_gradual.sv:86: sorry: constant selects in always_* processes are not fully supported (the process will be sensitive to all bits in 'normal_rounded[11:0]').
rtl/leaf/fp16/vit_fp32_to_fp16_rne_gradual.sv:105: sorry: constant selects in always_* processes are not fully supported (the process will be sensitive to all bits in 'subnormal_truncated[24:0]').
rtl/leaf/fp16/vit_fp32_to_fp16_rne_gradual.sv:113: sorry: constant selects in always_* processes are not fully supported (the process will be sensitive to all bits in 'subnormal_rounded[24:0]').
rtl/leaf/fp16/vit_fp32_to_fp16_rne_gradual.sv:37: sorry: constant selects in always_* processes are not fully supported (the process will be sensitive to all bits in 'fp32_i[31:0]').
rtl/leaf/fp16/vit_fp32_to_fp16_rne_gradual.sv:38: sorry: constant selects in always_* processes are not fully supported (the process will be sensitive to all bits in 'fp32_i[31:0]').
rtl/leaf/fp16/vit_fp32_to_fp16_rne_gradual.sv:39: sorry: constant selects in always_* processes are not fully supported (the process will be sensitive to all bits in 'fp32_i[31:0]').
rtl/leaf/fp16/vit_fp32_to_fp16_rne_gradual.sv:44: sorry: constant selects in always_* processes are not fully supported (the process will be sensitive to all bits in 'fraction[22:0]').
rtl/leaf/fp16/vit_fp32_to_fp16_rne_gradual.sv:46: sorry: constant selects in always_* processes are not fully supported (the process will be sensitive to all bits in 'fraction[22:0]').
rtl/leaf/fp16/vit_fp32_to_fp16_rne_gradual.sv:46: sorry: constant selects in always_* processes are not fully supported (the process will be sensitive to all bits in 'fraction[22:0]').
rtl/leaf/fp16/vit_fp32_to_fp16_rne_gradual.sv:46: sorry: constant selects in always_* processes are not fully supported (the process will be sensitive to all bits in 'normal_retained[10:0]').
rtl/leaf/fp16/vit_fp32_to_fp16_rne_gradual.sv:75: sorry: constant selects in always_* processes are not fully supported (the process will be sensitive to all bits in 'normal_rounded[11:0]').
rtl/leaf/fp16/vit_fp32_to_fp16_rne_gradual.sv:80: sorry: constant selects in always_* processes are not fully supported (the process will be sensitive to all bits in '+half_exponent[31:0]').
rtl/leaf/fp16/vit_fp32_to_fp16_rne_gradual.sv:85: sorry: constant selects in always_* processes are not fully supported (the process will be sensitive to all bits in '+half_exponent[31:0]').
rtl/leaf/fp16/vit_fp32_to_fp16_rne_gradual.sv:86: sorry: constant selects in always_* processes are not fully supported (the process will be sensitive to all bits in 'normal_rounded[11:0]').
rtl/leaf/fp16/vit_fp32_to_fp16_rne_gradual.sv:105: sorry: constant selects in always_* processes are not fully supported (the process will be sensitive to all bits in 'subnormal_truncated[24:0]').
rtl/leaf/fp16/vit_fp32_to_fp16_rne_gradual.sv:113: sorry: constant selects in always_* processes are not fully supported (the process will be sensitive to all bits in 'subnormal_rounded[24:0]').
rtl/leaf/fp16/vit_fp32_to_fp16_rne_gradual.sv:37: sorry: constant selects in always_* processes are not fully supported (the process will be sensitive to all bits in 'fp32_i[31:0]').
rtl/leaf/fp16/vit_fp32_to_fp16_rne_gradual.sv:38: sorry: constant selects in always_* processes are not fully supported (the process will be sensitive to all bits in 'fp32_i[31:0]').
rtl/leaf/fp16/vit_fp32_to_fp16_rne_gradual.sv:39: sorry: constant selects in always_* processes are not fully supported (the process will be sensitive to all bits in 'fp32_i[31:0]').
rtl/leaf/fp16/vit_fp32_to_fp16_rne_gradual.sv:44: sorry: constant selects in always_* processes are not fully supported (the process will be sensitive to all bits in 'fraction[22:0]').
rtl/leaf/fp16/vit_fp32_to_fp16_rne_gradual.sv:46: sorry: constant selects in always_* processes are not fully supported (the process will be sensitive to all bits in 'fraction[22:0]').
rtl/leaf/fp16/vit_fp32_to_fp16_rne_gradual.sv:46: sorry: constant selects in always_* processes are not fully supported (the process will be sensitive to all bits in 'fraction[22:0]').
rtl/leaf/fp16/vit_fp32_to_fp16_rne_gradual.sv:46: sorry: constant selects in always_* processes are not fully supported (the process will be sensitive to all bits in 'normal_retained[10:0]').
rtl/leaf/fp16/vit_fp32_to_fp16_rne_gradual.sv:75: sorry: constant selects in always_* processes are not fully supported (the process will be sensitive to all bits in 'normal_rounded[11:0]').
rtl/leaf/fp16/vit_fp32_to_fp16_rne_gradual.sv:80: sorry: constant selects in always_* processes are not fully supported (the process will be sensitive to all bits in '+half_exponent[31:0]').
rtl/leaf/fp16/vit_fp32_to_fp16_rne_gradual.sv:85: sorry: constant selects in always_* processes are not fully supported (the process will be sensitive to all bits in '+half_exponent[31:0]').
rtl/leaf/fp16/vit_fp32_to_fp16_rne_gradual.sv:86: sorry: constant selects in always_* processes are not fully supported (the process will be sensitive to all bits in 'normal_rounded[11:0]').
rtl/leaf/fp16/vit_fp32_to_fp16_rne_gradual.sv:105: sorry: constant selects in always_* processes are not fully supported (the process will be sensitive to all bits in 'subnormal_truncated[24:0]').
rtl/leaf/fp16/vit_fp32_to_fp16_rne_gradual.sv:113: sorry: constant selects in always_* processes are not fully supported (the process will be sensitive to all bits in 'subnormal_rounded[24:0]').
rtl/leaf/fp16/vit_fp32_to_fp16_rne_gradual.sv:37: sorry: constant selects in always_* processes are not fully supported (the process will be sensitive to all bits in 'fp32_i[31:0]').
rtl/leaf/fp16/vit_fp32_to_fp16_rne_gradual.sv:38: sorry: constant selects in always_* processes are not fully supported (the process will be sensitive to all bits in 'fp32_i[31:0]').
rtl/leaf/fp16/vit_fp32_to_fp16_rne_gradual.sv:39: sorry: constant selects in always_* processes are not fully supported (the process will be sensitive to all bits in 'fp32_i[31:0]').
rtl/leaf/fp16/vit_fp32_to_fp16_rne_gradual.sv:44: sorry: constant selects in always_* processes are not fully supported (the process will be sensitive to all bits in 'fraction[22:0]').
rtl/leaf/fp16/vit_fp32_to_fp16_rne_gradual.sv:46: sorry: constant selects in always_* processes are not fully supported (the process will be sensitive to all bits in 'fraction[22:0]').
rtl/leaf/fp16/vit_fp32_to_fp16_rne_gradual.sv:46: sorry: constant selects in always_* processes are not fully supported (the process will be sensitive to all bits in 'fraction[22:0]').
rtl/leaf/fp16/vit_fp32_to_fp16_rne_gradual.sv:46: sorry: constant selects in always_* processes are not fully supported (the process will be sensitive to all bits in 'normal_retained[10:0]').
rtl/leaf/fp16/vit_fp32_to_fp16_rne_gradual.sv:75: sorry: constant selects in always_* processes are not fully supported (the process will be sensitive to all bits in 'normal_rounded[11:0]').
rtl/leaf/fp16/vit_fp32_to_fp16_rne_gradual.sv:80: sorry: constant selects in always_* processes are not fully supported (the process will be sensitive to all bits in '+half_exponent[31:0]').
rtl/leaf/fp16/vit_fp32_to_fp16_rne_gradual.sv:85: sorry: constant selects in always_* processes are not fully supported (the process will be sensitive to all bits in '+half_exponent[31:0]').
rtl/leaf/fp16/vit_fp32_to_fp16_rne_gradual.sv:86: sorry: constant selects in always_* processes are not fully supported (the process will be sensitive to all bits in 'normal_rounded[11:0]').
rtl/leaf/fp16/vit_fp32_to_fp16_rne_gradual.sv:105: sorry: constant selects in always_* processes are not fully supported (the process will be sensitive to all bits in 'subnormal_truncated[24:0]').
rtl/leaf/fp16/vit_fp32_to_fp16_rne_gradual.sv:113: sorry: constant selects in always_* processes are not fully supported (the process will be sensitive to all bits in 'subnormal_rounded[24:0]').
rtl/leaf/fp16/vit_fp32_to_fp16_rne_gradual.sv:37: sorry: constant selects in always_* processes are not fully supported (the process will be sensitive to all bits in 'fp32_i[31:0]').
rtl/leaf/fp16/vit_fp32_to_fp16_rne_gradual.sv:38: sorry: constant selects in always_* processes are not fully supported (the process will be sensitive to all bits in 'fp32_i[31:0]').
rtl/leaf/fp16/vit_fp32_to_fp16_rne_gradual.sv:39: sorry: constant selects in always_* processes are not fully supported (the process will be sensitive to all bits in 'fp32_i[31:0]').
rtl/leaf/fp16/vit_fp32_to_fp16_rne_gradual.sv:44: sorry: constant selects in always_* processes are not fully supported (the process will be sensitive to all bits in 'fraction[22:0]').
rtl/leaf/fp16/vit_fp32_to_fp16_rne_gradual.sv:46: sorry: constant selects in always_* processes are not fully supported (the process will be sensitive to all bits in 'fraction[22:0]').
rtl/leaf/fp16/vit_fp32_to_fp16_rne_gradual.sv:46: sorry: constant selects in always_* processes are not fully supported (the process will be sensitive to all bits in 'fraction[22:0]').
rtl/leaf/fp16/vit_fp32_to_fp16_rne_gradual.sv:46: sorry: constant selects in always_* processes are not fully supported (the process will be sensitive to all bits in 'normal_retained[10:0]').
rtl/leaf/fp16/vit_fp32_to_fp16_rne_gradual.sv:75: sorry: constant selects in always_* processes are not fully supported (the process will be sensitive to all bits in 'normal_rounded[11:0]').
rtl/leaf/fp16/vit_fp32_to_fp16_rne_gradual.sv:80: sorry: constant selects in always_* processes are not fully supported (the process will be sensitive to all bits in '+half_exponent[31:0]').
rtl/leaf/fp16/vit_fp32_to_fp16_rne_gradual.sv:85: sorry: constant selects in always_* processes are not fully supported (the process will be sensitive to all bits in '+half_exponent[31:0]').
rtl/leaf/fp16/vit_fp32_to_fp16_rne_gradual.sv:86: sorry: constant selects in always_* processes are not fully supported (the process will be sensitive to all bits in 'normal_rounded[11:0]').
rtl/leaf/fp16/vit_fp32_to_fp16_rne_gradual.sv:105: sorry: constant selects in always_* processes are not fully supported (the process will be sensitive to all bits in 'subnormal_truncated[24:0]').
rtl/leaf/fp16/vit_fp32_to_fp16_rne_gradual.sv:113: sorry: constant selects in always_* processes are not fully supported (the process will be sensitive to all bits in 'subnormal_rounded[24:0]').
rtl/leaf/fp16/vit_fp32_to_fp16_rne_gradual.sv:37: sorry: constant selects in always_* processes are not fully supported (the process will be sensitive to all bits in 'fp32_i[31:0]').
rtl/leaf/fp16/vit_fp32_to_fp16_rne_gradual.sv:38: sorry: constant selects in always_* processes are not fully supported (the process will be sensitive to all bits in 'fp32_i[31:0]').
rtl/leaf/fp16/vit_fp32_to_fp16_rne_gradual.sv:39: sorry: constant selects in always_* processes are not fully supported (the process will be sensitive to all bits in 'fp32_i[31:0]').
rtl/leaf/fp16/vit_fp32_to_fp16_rne_gradual.sv:44: sorry: constant selects in always_* processes are not fully supported (the process will be sensitive to all bits in 'fraction[22:0]').
rtl/leaf/fp16/vit_fp32_to_fp16_rne_gradual.sv:46: sorry: constant selects in always_* processes are not fully supported (the process will be sensitive to all bits in 'fraction[22:0]').
rtl/leaf/fp16/vit_fp32_to_fp16_rne_gradual.sv:46: sorry: constant selects in always_* processes are not fully supported (the process will be sensitive to all bits in 'fraction[22:0]').
rtl/leaf/fp16/vit_fp32_to_fp16_rne_gradual.sv:46: sorry: constant selects in always_* processes are not fully supported (the process will be sensitive to all bits in 'normal_retained[10:0]').
rtl/leaf/fp16/vit_fp32_to_fp16_rne_gradual.sv:75: sorry: constant selects in always_* processes are not fully supported (the process will be sensitive to all bits in 'normal_rounded[11:0]').
rtl/leaf/fp16/vit_fp32_to_fp16_rne_gradual.sv:80: sorry: constant selects in always_* processes are not fully supported (the process will be sensitive to all bits in '+half_exponent[31:0]').
rtl/leaf/fp16/vit_fp32_to_fp16_rne_gradual.sv:85: sorry: constant selects in always_* processes are not fully supported (the process will be sensitive to all bits in '+half_exponent[31:0]').
rtl/leaf/fp16/vit_fp32_to_fp16_rne_gradual.sv:86: sorry: constant selects in always_* processes are not fully supported (the process will be sensitive to all bits in 'normal_rounded[11:0]').
rtl/leaf/fp16/vit_fp32_to_fp16_rne_gradual.sv:105: sorry: constant selects in always_* processes are not fully supported (the process will be sensitive to all bits in 'subnormal_truncated[24:0]').
rtl/leaf/fp16/vit_fp32_to_fp16_rne_gradual.sv:113: sorry: constant selects in always_* processes are not fully supported (the process will be sensitive to all bits in 'subnormal_rounded[24:0]').
rtl/leaf/fp16/vit_fp32_to_fp16_rne_gradual.sv:37: sorry: constant selects in always_* processes are not fully supported (the process will be sensitive to all bits in 'fp32_i[31:0]').
rtl/leaf/fp16/vit_fp32_to_fp16_rne_gradual.sv:38: sorry: constant selects in always_* processes are not fully supported (the process will be sensitive to all bits in 'fp32_i[31:0]').
rtl/leaf/fp16/vit_fp32_to_fp16_rne_gradual.sv:39: sorry: constant selects in always_* processes are not fully supported (the process will be sensitive to all bits in 'fp32_i[31:0]').
rtl/leaf/fp16/vit_fp32_to_fp16_rne_gradual.sv:44: sorry: constant selects in always_* processes are not fully supported (the process will be sensitive to all bits in 'fraction[22:0]').
rtl/leaf/fp16/vit_fp32_to_fp16_rne_gradual.sv:46: sorry: constant selects in always_* processes are not fully supported (the process will be sensitive to all bits in 'fraction[22:0]').
rtl/leaf/fp16/vit_fp32_to_fp16_rne_gradual.sv:46: sorry: constant selects in always_* processes are not fully supported (the process will be sensitive to all bits in 'fraction[22:0]').
rtl/leaf/fp16/vit_fp32_to_fp16_rne_gradual.sv:46: sorry: constant selects in always_* processes are not fully supported (the process will be sensitive to all bits in 'normal_retained[10:0]').
rtl/leaf/fp16/vit_fp32_to_fp16_rne_gradual.sv:75: sorry: constant selects in always_* processes are not fully supported (the process will be sensitive to all bits in 'normal_rounded[11:0]').
rtl/leaf/fp16/vit_fp32_to_fp16_rne_gradual.sv:80: sorry: constant selects in always_* processes are not fully supported (the process will be sensitive to all bits in '+half_exponent[31:0]').
rtl/leaf/fp16/vit_fp32_to_fp16_rne_gradual.sv:85: sorry: constant selects in always_* processes are not fully supported (the process will be sensitive to all bits in '+half_exponent[31:0]').
rtl/leaf/fp16/vit_fp32_to_fp16_rne_gradual.sv:86: sorry: constant selects in always_* processes are not fully supported (the process will be sensitive to all bits in 'normal_rounded[11:0]').
rtl/leaf/fp16/vit_fp32_to_fp16_rne_gradual.sv:105: sorry: constant selects in always_* processes are not fully supported (the process will be sensitive to all bits in 'subnormal_truncated[24:0]').
rtl/leaf/fp16/vit_fp32_to_fp16_rne_gradual.sv:113: sorry: constant selects in always_* processes are not fully supported (the process will be sensitive to all bits in 'subnormal_rounded[24:0]').
rtl/leaf/fp16/vit_fp32_to_fp16_rne_gradual.sv:37: sorry: constant selects in always_* processes are not fully supported (the process will be sensitive to all bits in 'fp32_i[31:0]').
rtl/leaf/fp16/vit_fp32_to_fp16_rne_gradual.sv:38: sorry: constant selects in always_* processes are not fully supported (the process will be sensitive to all bits in 'fp32_i[31:0]').
rtl/leaf/fp16/vit_fp32_to_fp16_rne_gradual.sv:39: sorry: constant selects in always_* processes are not fully supported (the process will be sensitive to all bits in 'fp32_i[31:0]').
rtl/leaf/fp16/vit_fp32_to_fp16_rne_gradual.sv:44: sorry: constant selects in always_* processes are not fully supported (the process will be sensitive to all bits in 'fraction[22:0]').
rtl/leaf/fp16/vit_fp32_to_fp16_rne_gradual.sv:46: sorry: constant selects in always_* processes are not fully supported (the process will be sensitive to all bits in 'fraction[22:0]').
rtl/leaf/fp16/vit_fp32_to_fp16_rne_gradual.sv:46: sorry: constant selects in always_* processes are not fully supported (the process will be sensitive to all bits in 'fraction[22:0]').
rtl/leaf/fp16/vit_fp32_to_fp16_rne_gradual.sv:46: sorry: constant selects in always_* processes are not fully supported (the process will be sensitive to all bits in 'normal_retained[10:0]').
rtl/leaf/fp16/vit_fp32_to_fp16_rne_gradual.sv:75: sorry: constant selects in always_* processes are not fully supported (the process will be sensitive to all bits in 'normal_rounded[11:0]').
rtl/leaf/fp16/vit_fp32_to_fp16_rne_gradual.sv:80: sorry: constant selects in always_* processes are not fully supported (the process will be sensitive to all bits in '+half_exponent[31:0]').
rtl/leaf/fp16/vit_fp32_to_fp16_rne_gradual.sv:85: sorry: constant selects in always_* processes are not fully supported (the process will be sensitive to all bits in '+half_exponent[31:0]').
rtl/leaf/fp16/vit_fp32_to_fp16_rne_gradual.sv:86: sorry: constant selects in always_* processes are not fully supported (the process will be sensitive to all bits in 'normal_rounded[11:0]').
rtl/leaf/fp16/vit_fp32_to_fp16_rne_gradual.sv:105: sorry: constant selects in always_* processes are not fully supported (the process will be sensitive to all bits in 'subnormal_truncated[24:0]').
rtl/leaf/fp16/vit_fp32_to_fp16_rne_gradual.sv:113: sorry: constant selects in always_* processes are not fully supported (the process will be sensitive to all bits in 'subnormal_rounded[24:0]').
rtl/leaf/fp16/vit_fp32_to_fp16_rne_gradual.sv:37: sorry: constant selects in always_* processes are not fully supported (the process will be sensitive to all bits in 'fp32_i[31:0]').
rtl/leaf/fp16/vit_fp32_to_fp16_rne_gradual.sv:38: sorry: constant selects in always_* processes are not fully supported (the process will be sensitive to all bits in 'fp32_i[31:0]').
rtl/leaf/fp16/vit_fp32_to_fp16_rne_gradual.sv:39: sorry: constant selects in always_* processes are not fully supported (the process will be sensitive to all bits in 'fp32_i[31:0]').
rtl/leaf/fp16/vit_fp32_to_fp16_rne_gradual.sv:44: sorry: constant selects in always_* processes are not fully supported (the process will be sensitive to all bits in 'fraction[22:0]').
rtl/leaf/fp16/vit_fp32_to_fp16_rne_gradual.sv:46: sorry: constant selects in always_* processes are not fully supported (the process will be sensitive to all bits in 'fraction[22:0]').
rtl/leaf/fp16/vit_fp32_to_fp16_rne_gradual.sv:46: sorry: constant selects in always_* processes are not fully supported (the process will be sensitive to all bits in 'fraction[22:0]').
rtl/leaf/fp16/vit_fp32_to_fp16_rne_gradual.sv:46: sorry: constant selects in always_* processes are not fully supported (the process will be sensitive to all bits in 'normal_retained[10:0]').
rtl/leaf/fp16/vit_fp32_to_fp16_rne_gradual.sv:75: sorry: constant selects in always_* processes are not fully supported (the process will be sensitive to all bits in 'normal_rounded[11:0]').
rtl/leaf/fp16/vit_fp32_to_fp16_rne_gradual.sv:80: sorry: constant selects in always_* processes are not fully supported (the process will be sensitive to all bits in '+half_exponent[31:0]').
rtl/leaf/fp16/vit_fp32_to_fp16_rne_gradual.sv:85: sorry: constant selects in always_* processes are not fully supported (the process will be sensitive to all bits in '+half_exponent[31:0]').
rtl/leaf/fp16/vit_fp32_to_fp16_rne_gradual.sv:86: sorry: constant selects in always_* processes are not fully supported (the process will be sensitive to all bits in 'normal_rounded[11:0]').
rtl/leaf/fp16/vit_fp32_to_fp16_rne_gradual.sv:105: sorry: constant selects in always_* processes are not fully supported (the process will be sensitive to all bits in 'subnormal_truncated[24:0]').
rtl/leaf/fp16/vit_fp32_to_fp16_rne_gradual.sv:113: sorry: constant selects in always_* processes are not fully supported (the process will be sensitive to all bits in 'subnormal_rounded[24:0]').
rtl/leaf/fp16/vit_fp32_to_fp16_rne_gradual.sv:37: sorry: constant selects in always_* processes are not fully supported (the process will be sensitive to all bits in 'fp32_i[31:0]').
rtl/leaf/fp16/vit_fp32_to_fp16_rne_gradual.sv:38: sorry: constant selects in always_* processes are not fully supported (the process will be sensitive to all bits in 'fp32_i[31:0]').
rtl/leaf/fp16/vit_fp32_to_fp16_rne_gradual.sv:39: sorry: constant selects in always_* processes are not fully supported (the process will be sensitive to all bits in 'fp32_i[31:0]').
rtl/leaf/fp16/vit_fp32_to_fp16_rne_gradual.sv:44: sorry: constant selects in always_* processes are not fully supported (the process will be sensitive to all bits in 'fraction[22:0]').
rtl/leaf/fp16/vit_fp32_to_fp16_rne_gradual.sv:46: sorry: constant selects in always_* processes are not fully supported (the process will be sensitive to all bits in 'fraction[22:0]').
rtl/leaf/fp16/vit_fp32_to_fp16_rne_gradual.sv:46: sorry: constant selects in always_* processes are not fully supported (the process will be sensitive to all bits in 'fraction[22:0]').
rtl/leaf/fp16/vit_fp32_to_fp16_rne_gradual.sv:46: sorry: constant selects in always_* processes are not fully supported (the process will be sensitive to all bits in 'normal_retained[10:0]').
rtl/leaf/fp16/vit_fp32_to_fp16_rne_gradual.sv:75: sorry: constant selects in always_* processes are not fully supported (the process will be sensitive to all bits in 'normal_rounded[11:0]').
rtl/leaf/fp16/vit_fp32_to_fp16_rne_gradual.sv:80: sorry: constant selects in always_* processes are not fully supported (the process will be sensitive to all bits in '+half_exponent[31:0]').
rtl/leaf/fp16/vit_fp32_to_fp16_rne_gradual.sv:85: sorry: constant selects in always_* processes are not fully supported (the process will be sensitive to all bits in '+half_exponent[31:0]').
rtl/leaf/fp16/vit_fp32_to_fp16_rne_gradual.sv:86: sorry: constant selects in always_* processes are not fully supported (the process will be sensitive to all bits in 'normal_rounded[11:0]').
rtl/leaf/fp16/vit_fp32_to_fp16_rne_gradual.sv:105: sorry: constant selects in always_* processes are not fully supported (the process will be sensitive to all bits in 'subnormal_truncated[24:0]').
rtl/leaf/fp16/vit_fp32_to_fp16_rne_gradual.sv:113: sorry: constant selects in always_* processes are not fully supported (the process will be sensitive to all bits in 'subnormal_rounded[24:0]').
rtl/leaf/fp16/vit_fp16_mul_to_fp32_comb_nodsp.sv:62: sorry: constant selects in always_* processes are not fully supported (the process will be sensitive to all bits in 'a[15:0]').
rtl/leaf/fp16/vit_fp16_mul_to_fp32_comb_nodsp.sv:62: sorry: constant selects in always_* processes are not fully supported (the process will be sensitive to all bits in 'b[15:0]').
rtl/leaf/fp16/vit_fp16_mul_to_fp32_comb_nodsp.sv:63: sorry: constant selects in always_* processes are not fully supported (the process will be sensitive to all bits in 'a[15:0]').
rtl/leaf/fp16/vit_fp16_mul_to_fp32_comb_nodsp.sv:64: sorry: constant selects in always_* processes are not fully supported (the process will be sensitive to all bits in 'b[15:0]').
rtl/leaf/fp16/vit_fp16_mul_to_fp32_comb_nodsp.sv:65: sorry: constant selects in always_* processes are not fully supported (the process will be sensitive to all bits in 'a[15:0]').
rtl/leaf/fp16/vit_fp16_mul_to_fp32_comb_nodsp.sv:66: sorry: constant selects in always_* processes are not fully supported (the process will be sensitive to all bits in 'b[15:0]').
rtl/leaf/fp16/vit_fp16_mul_to_fp32_comb_nodsp.sv:129: sorry: constant selects in always_* processes are not fully supported (the process will be sensitive to all bits in '+result_exponent_integer[31:0]').
rtl/leaf/fp16/vit_fp16_mul_to_fp32_comb_nodsp.sv:130: sorry: constant selects in always_* processes are not fully supported (the process will be sensitive to all bits in 'normalized_product[23:0]').
rtl/leaf/fp16/vit_fp32_product_to_fixed_exact.sv:31: sorry: constant selects in always_* processes are not fully supported (the process will be sensitive to all bits in 'product[31:0]').
rtl/leaf/fp16/vit_fp32_product_to_fixed_exact.sv:32: sorry: constant selects in always_* processes are not fully supported (the process will be sensitive to all bits in 'product[31:0]').
rtl/leaf/fp16/vit_fp32_product_to_fixed_exact.sv:33: sorry: constant selects in always_* processes are not fully supported (the process will be sensitive to all bits in 'product[31:0]').
rtl/leaf/fp16/vit_fixed_analyze.sv:21: sorry: constant selects in always_* processes are not fully supported (the process will be sensitive to all bits in '+value[92:0]').
rtl/leaf/fp16/vit_fixed_analyze.sv:35: sorry: constant selects in always_* processes are not fully supported (the process will be sensitive to all bits in '+scan_index[31:0]').
rtl/leaf/fp16/vit_fixed_normalized_to_fp32_rne.sv:57: sorry: constant selects in always_* processes are not fully supported (the process will be sensitive to all bits in 'shifted_magnitude[92:0]').
rtl/leaf/fp16/vit_fixed_normalized_to_fp32_rne.sv:67: sorry: constant selects in always_* processes are not fully supported (the process will be sensitive to all bits in 'shifted_magnitude[92:0]').
rtl/leaf/fp16/vit_fixed_normalized_to_fp32_rne.sv:70: sorry: constant selects in always_* processes are not fully supported (the process will be sensitive to all bits in 'mantissa_main[23:0]').
rtl/leaf/fp16/vit_fixed_normalized_to_fp32_rne.sv:73: sorry: constant selects in always_* processes are not fully supported (the process will be sensitive to all bits in 'rounded_mantissa[24:0]').
rtl/leaf/fp16/vit_fixed_normalized_to_fp32_rne.sv:74: sorry: constant selects in always_* processes are not fully supported (the process will be sensitive to all bits in 'rounded_mantissa[24:0]').
rtl/leaf/fp16/vit_fixed_normalized_to_fp32_rne.sv:77: sorry: constant selects in always_* processes are not fully supported (the process will be sensitive to all bits in 'rounded_mantissa[24:0]').
rtl/leaf/fp16/vit_fixed_normalized_to_fp32_rne.sv:87: sorry: constant selects in always_* processes are not fully supported (the process will be sensitive to all bits in '+exponent_field[31:0]').
rtl/leaf/fp16/vit_fixed_normalized_to_fp32_rne.sv:88: sorry: constant selects in always_* processes are not fully supported (the process will be sensitive to all bits in 'mantissa_main[23:0]').
rtl/leaf/fp16/vit_fp16_mul_to_fp32_comb_nodsp.sv:62: sorry: constant selects in always_* processes are not fully supported (the process will be sensitive to all bits in 'a[15:0]').
rtl/leaf/fp16/vit_fp16_mul_to_fp32_comb_nodsp.sv:62: sorry: constant selects in always_* processes are not fully supported (the process will be sensitive to all bits in 'b[15:0]').
rtl/leaf/fp16/vit_fp16_mul_to_fp32_comb_nodsp.sv:63: sorry: constant selects in always_* processes are not fully supported (the process will be sensitive to all bits in 'a[15:0]').
rtl/leaf/fp16/vit_fp16_mul_to_fp32_comb_nodsp.sv:64: sorry: constant selects in always_* processes are not fully supported (the process will be sensitive to all bits in 'b[15:0]').
rtl/leaf/fp16/vit_fp16_mul_to_fp32_comb_nodsp.sv:65: sorry: constant selects in always_* processes are not fully supported (the process will be sensitive to all bits in 'a[15:0]').
rtl/leaf/fp16/vit_fp16_mul_to_fp32_comb_nodsp.sv:66: sorry: constant selects in always_* processes are not fully supported (the process will be sensitive to all bits in 'b[15:0]').
rtl/leaf/fp16/vit_fp16_mul_to_fp32_comb_nodsp.sv:129: sorry: constant selects in always_* processes are not fully supported (the process will be sensitive to all bits in '+result_exponent_integer[31:0]').
rtl/leaf/fp16/vit_fp16_mul_to_fp32_comb_nodsp.sv:130: sorry: constant selects in always_* processes are not fully supported (the process will be sensitive to all bits in 'normalized_product[23:0]').
rtl/leaf/fp16/vit_fp32_product_to_fixed_exact.sv:31: sorry: constant selects in always_* processes are not fully supported (the process will be sensitive to all bits in 'product[31:0]').
rtl/leaf/fp16/vit_fp32_product_to_fixed_exact.sv:32: sorry: constant selects in always_* processes are not fully supported (the process will be sensitive to all bits in 'product[31:0]').
rtl/leaf/fp16/vit_fp32_product_to_fixed_exact.sv:33: sorry: constant selects in always_* processes are not fully supported (the process will be sensitive to all bits in 'product[31:0]').
rtl/leaf/fp16/vit_fixed_analyze.sv:21: sorry: constant selects in always_* processes are not fully supported (the process will be sensitive to all bits in '+value[92:0]').
rtl/leaf/fp16/vit_fixed_analyze.sv:35: sorry: constant selects in always_* processes are not fully supported (the process will be sensitive to all bits in '+scan_index[31:0]').
rtl/leaf/fp16/vit_fixed_normalized_to_fp32_rne.sv:57: sorry: constant selects in always_* processes are not fully supported (the process will be sensitive to all bits in 'shifted_magnitude[92:0]').
rtl/leaf/fp16/vit_fixed_normalized_to_fp32_rne.sv:67: sorry: constant selects in always_* processes are not fully supported (the process will be sensitive to all bits in 'shifted_magnitude[92:0]').
rtl/leaf/fp16/vit_fixed_normalized_to_fp32_rne.sv:70: sorry: constant selects in always_* processes are not fully supported (the process will be sensitive to all bits in 'mantissa_main[23:0]').
rtl/leaf/fp16/vit_fixed_normalized_to_fp32_rne.sv:73: sorry: constant selects in always_* processes are not fully supported (the process will be sensitive to all bits in 'rounded_mantissa[24:0]').
rtl/leaf/fp16/vit_fixed_normalized_to_fp32_rne.sv:74: sorry: constant selects in always_* processes are not fully supported (the process will be sensitive to all bits in 'rounded_mantissa[24:0]').
rtl/leaf/fp16/vit_fixed_normalized_to_fp32_rne.sv:77: sorry: constant selects in always_* processes are not fully supported (the process will be sensitive to all bits in 'rounded_mantissa[24:0]').
rtl/leaf/fp16/vit_fixed_normalized_to_fp32_rne.sv:87: sorry: constant selects in always_* processes are not fully supported (the process will be sensitive to all bits in '+exponent_field[31:0]').
rtl/leaf/fp16/vit_fixed_normalized_to_fp32_rne.sv:88: sorry: constant selects in always_* processes are not fully supported (the process will be sensitive to all bits in 'mantissa_main[23:0]').
rtl/leaf/fp16/vit_fp16_mul_to_fp32_comb_nodsp.sv:62: sorry: constant selects in always_* processes are not fully supported (the process will be sensitive to all bits in 'a[15:0]').
rtl/leaf/fp16/vit_fp16_mul_to_fp32_comb_nodsp.sv:62: sorry: constant selects in always_* processes are not fully supported (the process will be sensitive to all bits in 'b[15:0]').
rtl/leaf/fp16/vit_fp16_mul_to_fp32_comb_nodsp.sv:63: sorry: constant selects in always_* processes are not fully supported (the process will be sensitive to all bits in 'a[15:0]').
rtl/leaf/fp16/vit_fp16_mul_to_fp32_comb_nodsp.sv:64: sorry: constant selects in always_* processes are not fully supported (the process will be sensitive to all bits in 'b[15:0]').
rtl/leaf/fp16/vit_fp16_mul_to_fp32_comb_nodsp.sv:65: sorry: constant selects in always_* processes are not fully supported (the process will be sensitive to all bits in 'a[15:0]').
rtl/leaf/fp16/vit_fp16_mul_to_fp32_comb_nodsp.sv:66: sorry: constant selects in always_* processes are not fully supported (the process will be sensitive to all bits in 'b[15:0]').
rtl/leaf/fp16/vit_fp16_mul_to_fp32_comb_nodsp.sv:129: sorry: constant selects in always_* processes are not fully supported (the process will be sensitive to all bits in '+result_exponent_integer[31:0]').
rtl/leaf/fp16/vit_fp16_mul_to_fp32_comb_nodsp.sv:130: sorry: constant selects in always_* processes are not fully supported (the process will be sensitive to all bits in 'normalized_product[23:0]').
rtl/leaf/fp16/vit_fp32_product_to_fixed_exact.sv:31: sorry: constant selects in always_* processes are not fully supported (the process will be sensitive to all bits in 'product[31:0]').
rtl/leaf/fp16/vit_fp32_product_to_fixed_exact.sv:32: sorry: constant selects in always_* processes are not fully supported (the process will be sensitive to all bits in 'product[31:0]').
rtl/leaf/fp16/vit_fp32_product_to_fixed_exact.sv:33: sorry: constant selects in always_* processes are not fully supported (the process will be sensitive to all bits in 'product[31:0]').
rtl/leaf/fp16/vit_fixed_analyze.sv:21: sorry: constant selects in always_* processes are not fully supported (the process will be sensitive to all bits in '+value[92:0]').
rtl/leaf/fp16/vit_fixed_analyze.sv:35: sorry: constant selects in always_* processes are not fully supported (the process will be sensitive to all bits in '+scan_index[31:0]').
rtl/leaf/fp16/vit_fixed_normalized_to_fp32_rne.sv:57: sorry: constant selects in always_* processes are not fully supported (the process will be sensitive to all bits in 'shifted_magnitude[92:0]').
rtl/leaf/fp16/vit_fixed_normalized_to_fp32_rne.sv:67: sorry: constant selects in always_* processes are not fully supported (the process will be sensitive to all bits in 'shifted_magnitude[92:0]').
rtl/leaf/fp16/vit_fixed_normalized_to_fp32_rne.sv:70: sorry: constant selects in always_* processes are not fully supported (the process will be sensitive to all bits in 'mantissa_main[23:0]').
rtl/leaf/fp16/vit_fixed_normalized_to_fp32_rne.sv:73: sorry: constant selects in always_* processes are not fully supported (the process will be sensitive to all bits in 'rounded_mantissa[24:0]').
rtl/leaf/fp16/vit_fixed_normalized_to_fp32_rne.sv:74: sorry: constant selects in always_* processes are not fully supported (the process will be sensitive to all bits in 'rounded_mantissa[24:0]').
rtl/leaf/fp16/vit_fixed_normalized_to_fp32_rne.sv:77: sorry: constant selects in always_* processes are not fully supported (the process will be sensitive to all bits in 'rounded_mantissa[24:0]').
rtl/leaf/fp16/vit_fixed_normalized_to_fp32_rne.sv:87: sorry: constant selects in always_* processes are not fully supported (the process will be sensitive to all bits in '+exponent_field[31:0]').
rtl/leaf/fp16/vit_fixed_normalized_to_fp32_rne.sv:88: sorry: constant selects in always_* processes are not fully supported (the process will be sensitive to all bits in 'mantissa_main[23:0]').
rtl/leaf/fp16/vit_fp16_mul_to_fp32_comb_nodsp.sv:62: sorry: constant selects in always_* processes are not fully supported (the process will be sensitive to all bits in 'a[15:0]').
rtl/leaf/fp16/vit_fp16_mul_to_fp32_comb_nodsp.sv:62: sorry: constant selects in always_* processes are not fully supported (the process will be sensitive to all bits in 'b[15:0]').
rtl/leaf/fp16/vit_fp16_mul_to_fp32_comb_nodsp.sv:63: sorry: constant selects in always_* processes are not fully supported (the process will be sensitive to all bits in 'a[15:0]').
rtl/leaf/fp16/vit_fp16_mul_to_fp32_comb_nodsp.sv:64: sorry: constant selects in always_* processes are not fully supported (the process will be sensitive to all bits in 'b[15:0]').
rtl/leaf/fp16/vit_fp16_mul_to_fp32_comb_nodsp.sv:65: sorry: constant selects in always_* processes are not fully supported (the process will be sensitive to all bits in 'a[15:0]').
rtl/leaf/fp16/vit_fp16_mul_to_fp32_comb_nodsp.sv:66: sorry: constant selects in always_* processes are not fully supported (the process will be sensitive to all bits in 'b[15:0]').
rtl/leaf/fp16/vit_fp16_mul_to_fp32_comb_nodsp.sv:129: sorry: constant selects in always_* processes are not fully supported (the process will be sensitive to all bits in '+result_exponent_integer[31:0]').
rtl/leaf/fp16/vit_fp16_mul_to_fp32_comb_nodsp.sv:130: sorry: constant selects in always_* processes are not fully supported (the process will be sensitive to all bits in 'normalized_product[23:0]').
rtl/leaf/fp16/vit_fp32_product_to_fixed_exact.sv:31: sorry: constant selects in always_* processes are not fully supported (the process will be sensitive to all bits in 'product[31:0]').
rtl/leaf/fp16/vit_fp32_product_to_fixed_exact.sv:32: sorry: constant selects in always_* processes are not fully supported (the process will be sensitive to all bits in 'product[31:0]').
rtl/leaf/fp16/vit_fp32_product_to_fixed_exact.sv:33: sorry: constant selects in always_* processes are not fully supported (the process will be sensitive to all bits in 'product[31:0]').
rtl/leaf/fp16/vit_fixed_analyze.sv:21: sorry: constant selects in always_* processes are not fully supported (the process will be sensitive to all bits in '+value[92:0]').
rtl/leaf/fp16/vit_fixed_analyze.sv:35: sorry: constant selects in always_* processes are not fully supported (the process will be sensitive to all bits in '+scan_index[31:0]').
rtl/leaf/fp16/vit_fixed_normalized_to_fp32_rne.sv:57: sorry: constant selects in always_* processes are not fully supported (the process will be sensitive to all bits in 'shifted_magnitude[92:0]').
rtl/leaf/fp16/vit_fixed_normalized_to_fp32_rne.sv:67: sorry: constant selects in always_* processes are not fully supported (the process will be sensitive to all bits in 'shifted_magnitude[92:0]').
rtl/leaf/fp16/vit_fixed_normalized_to_fp32_rne.sv:70: sorry: constant selects in always_* processes are not fully supported (the process will be sensitive to all bits in 'mantissa_main[23:0]').
rtl/leaf/fp16/vit_fixed_normalized_to_fp32_rne.sv:73: sorry: constant selects in always_* processes are not fully supported (the process will be sensitive to all bits in 'rounded_mantissa[24:0]').
rtl/leaf/fp16/vit_fixed_normalized_to_fp32_rne.sv:74: sorry: constant selects in always_* processes are not fully supported (the process will be sensitive to all bits in 'rounded_mantissa[24:0]').
rtl/leaf/fp16/vit_fixed_normalized_to_fp32_rne.sv:77: sorry: constant selects in always_* processes are not fully supported (the process will be sensitive to all bits in 'rounded_mantissa[24:0]').
rtl/leaf/fp16/vit_fixed_normalized_to_fp32_rne.sv:87: sorry: constant selects in always_* processes are not fully supported (the process will be sensitive to all bits in '+exponent_field[31:0]').
rtl/leaf/fp16/vit_fixed_normalized_to_fp32_rne.sv:88: sorry: constant selects in always_* processes are not fully supported (the process will be sensitive to all bits in 'mantissa_main[23:0]').
rtl/leaf/fp16/vit_fp16_mul_to_fp32_comb_nodsp.sv:62: sorry: constant selects in always_* processes are not fully supported (the process will be sensitive to all bits in 'a[15:0]').
rtl/leaf/fp16/vit_fp16_mul_to_fp32_comb_nodsp.sv:62: sorry: constant selects in always_* processes are not fully supported (the process will be sensitive to all bits in 'b[15:0]').
rtl/leaf/fp16/vit_fp16_mul_to_fp32_comb_nodsp.sv:63: sorry: constant selects in always_* processes are not fully supported (the process will be sensitive to all bits in 'a[15:0]').
rtl/leaf/fp16/vit_fp16_mul_to_fp32_comb_nodsp.sv:64: sorry: constant selects in always_* processes are not fully supported (the process will be sensitive to all bits in 'b[15:0]').
rtl/leaf/fp16/vit_fp16_mul_to_fp32_comb_nodsp.sv:65: sorry: constant selects in always_* processes are not fully supported (the process will be sensitive to all bits in 'a[15:0]').
rtl/leaf/fp16/vit_fp16_mul_to_fp32_comb_nodsp.sv:66: sorry: constant selects in always_* processes are not fully supported (the process will be sensitive to all bits in 'b[15:0]').
rtl/leaf/fp16/vit_fp16_mul_to_fp32_comb_nodsp.sv:129: sorry: constant selects in always_* processes are not fully supported (the process will be sensitive to all bits in '+result_exponent_integer[31:0]').
rtl/leaf/fp16/vit_fp16_mul_to_fp32_comb_nodsp.sv:130: sorry: constant selects in always_* processes are not fully supported (the process will be sensitive to all bits in 'normalized_product[23:0]').
rtl/leaf/fp16/vit_fp32_product_to_fixed_exact.sv:31: sorry: constant selects in always_* processes are not fully supported (the process will be sensitive to all bits in 'product[31:0]').
rtl/leaf/fp16/vit_fp32_product_to_fixed_exact.sv:32: sorry: constant selects in always_* processes are not fully supported (the process will be sensitive to all bits in 'product[31:0]').
rtl/leaf/fp16/vit_fp32_product_to_fixed_exact.sv:33: sorry: constant selects in always_* processes are not fully supported (the process will be sensitive to all bits in 'product[31:0]').
rtl/leaf/fp16/vit_fixed_analyze.sv:21: sorry: constant selects in always_* processes are not fully supported (the process will be sensitive to all bits in '+value[92:0]').
rtl/leaf/fp16/vit_fixed_analyze.sv:35: sorry: constant selects in always_* processes are not fully supported (the process will be sensitive to all bits in '+scan_index[31:0]').
rtl/leaf/fp16/vit_fixed_normalized_to_fp32_rne.sv:57: sorry: constant selects in always_* processes are not fully supported (the process will be sensitive to all bits in 'shifted_magnitude[92:0]').
rtl/leaf/fp16/vit_fixed_normalized_to_fp32_rne.sv:67: sorry: constant selects in always_* processes are not fully supported (the process will be sensitive to all bits in 'shifted_magnitude[92:0]').
rtl/leaf/fp16/vit_fixed_normalized_to_fp32_rne.sv:70: sorry: constant selects in always_* processes are not fully supported (the process will be sensitive to all bits in 'mantissa_main[23:0]').
rtl/leaf/fp16/vit_fixed_normalized_to_fp32_rne.sv:73: sorry: constant selects in always_* processes are not fully supported (the process will be sensitive to all bits in 'rounded_mantissa[24:0]').
rtl/leaf/fp16/vit_fixed_normalized_to_fp32_rne.sv:74: sorry: constant selects in always_* processes are not fully supported (the process will be sensitive to all bits in 'rounded_mantissa[24:0]').
rtl/leaf/fp16/vit_fixed_normalized_to_fp32_rne.sv:77: sorry: constant selects in always_* processes are not fully supported (the process will be sensitive to all bits in 'rounded_mantissa[24:0]').
rtl/leaf/fp16/vit_fixed_normalized_to_fp32_rne.sv:87: sorry: constant selects in always_* processes are not fully supported (the process will be sensitive to all bits in '+exponent_field[31:0]').
rtl/leaf/fp16/vit_fixed_normalized_to_fp32_rne.sv:88: sorry: constant selects in always_* processes are not fully supported (the process will be sensitive to all bits in 'mantissa_main[23:0]').
rtl/leaf/fp16/vit_fp16_mul_to_fp32_comb_nodsp.sv:62: sorry: constant selects in always_* processes are not fully supported (the process will be sensitive to all bits in 'a[15:0]').
rtl/leaf/fp16/vit_fp16_mul_to_fp32_comb_nodsp.sv:62: sorry: constant selects in always_* processes are not fully supported (the process will be sensitive to all bits in 'b[15:0]').
rtl/leaf/fp16/vit_fp16_mul_to_fp32_comb_nodsp.sv:63: sorry: constant selects in always_* processes are not fully supported (the process will be sensitive to all bits in 'a[15:0]').
rtl/leaf/fp16/vit_fp16_mul_to_fp32_comb_nodsp.sv:64: sorry: constant selects in always_* processes are not fully supported (the process will be sensitive to all bits in 'b[15:0]').
rtl/leaf/fp16/vit_fp16_mul_to_fp32_comb_nodsp.sv:65: sorry: constant selects in always_* processes are not fully supported (the process will be sensitive to all bits in 'a[15:0]').
rtl/leaf/fp16/vit_fp16_mul_to_fp32_comb_nodsp.sv:66: sorry: constant selects in always_* processes are not fully supported (the process will be sensitive to all bits in 'b[15:0]').
rtl/leaf/fp16/vit_fp16_mul_to_fp32_comb_nodsp.sv:129: sorry: constant selects in always_* processes are not fully supported (the process will be sensitive to all bits in '+result_exponent_integer[31:0]').
rtl/leaf/fp16/vit_fp16_mul_to_fp32_comb_nodsp.sv:130: sorry: constant selects in always_* processes are not fully supported (the process will be sensitive to all bits in 'normalized_product[23:0]').
rtl/leaf/fp16/vit_fp32_product_to_fixed_exact.sv:31: sorry: constant selects in always_* processes are not fully supported (the process will be sensitive to all bits in 'product[31:0]').
rtl/leaf/fp16/vit_fp32_product_to_fixed_exact.sv:32: sorry: constant selects in always_* processes are not fully supported (the process will be sensitive to all bits in 'product[31:0]').
rtl/leaf/fp16/vit_fp32_product_to_fixed_exact.sv:33: sorry: constant selects in always_* processes are not fully supported (the process will be sensitive to all bits in 'product[31:0]').
rtl/leaf/fp16/vit_fixed_analyze.sv:21: sorry: constant selects in always_* processes are not fully supported (the process will be sensitive to all bits in '+value[92:0]').
rtl/leaf/fp16/vit_fixed_analyze.sv:35: sorry: constant selects in always_* processes are not fully supported (the process will be sensitive to all bits in '+scan_index[31:0]').
rtl/leaf/fp16/vit_fixed_normalized_to_fp32_rne.sv:57: sorry: constant selects in always_* processes are not fully supported (the process will be sensitive to all bits in 'shifted_magnitude[92:0]').
rtl/leaf/fp16/vit_fixed_normalized_to_fp32_rne.sv:67: sorry: constant selects in always_* processes are not fully supported (the process will be sensitive to all bits in 'shifted_magnitude[92:0]').
rtl/leaf/fp16/vit_fixed_normalized_to_fp32_rne.sv:70: sorry: constant selects in always_* processes are not fully supported (the process will be sensitive to all bits in 'mantissa_main[23:0]').
rtl/leaf/fp16/vit_fixed_normalized_to_fp32_rne.sv:73: sorry: constant selects in always_* processes are not fully supported (the process will be sensitive to all bits in 'rounded_mantissa[24:0]').
rtl/leaf/fp16/vit_fixed_normalized_to_fp32_rne.sv:74: sorry: constant selects in always_* processes are not fully supported (the process will be sensitive to all bits in 'rounded_mantissa[24:0]').
rtl/leaf/fp16/vit_fixed_normalized_to_fp32_rne.sv:77: sorry: constant selects in always_* processes are not fully supported (the process will be sensitive to all bits in 'rounded_mantissa[24:0]').
rtl/leaf/fp16/vit_fixed_normalized_to_fp32_rne.sv:87: sorry: constant selects in always_* processes are not fully supported (the process will be sensitive to all bits in '+exponent_field[31:0]').
rtl/leaf/fp16/vit_fixed_normalized_to_fp32_rne.sv:88: sorry: constant selects in always_* processes are not fully supported (the process will be sensitive to all bits in 'mantissa_main[23:0]').
rtl/leaf/fp16/vit_fp16_mul_to_fp32_comb_nodsp.sv:62: sorry: constant selects in always_* processes are not fully supported (the process will be sensitive to all bits in 'a[15:0]').
rtl/leaf/fp16/vit_fp16_mul_to_fp32_comb_nodsp.sv:62: sorry: constant selects in always_* processes are not fully supported (the process will be sensitive to all bits in 'b[15:0]').
rtl/leaf/fp16/vit_fp16_mul_to_fp32_comb_nodsp.sv:63: sorry: constant selects in always_* processes are not fully supported (the process will be sensitive to all bits in 'a[15:0]').
rtl/leaf/fp16/vit_fp16_mul_to_fp32_comb_nodsp.sv:64: sorry: constant selects in always_* processes are not fully supported (the process will be sensitive to all bits in 'b[15:0]').
rtl/leaf/fp16/vit_fp16_mul_to_fp32_comb_nodsp.sv:65: sorry: constant selects in always_* processes are not fully supported (the process will be sensitive to all bits in 'a[15:0]').
rtl/leaf/fp16/vit_fp16_mul_to_fp32_comb_nodsp.sv:66: sorry: constant selects in always_* processes are not fully supported (the process will be sensitive to all bits in 'b[15:0]').
rtl/leaf/fp16/vit_fp16_mul_to_fp32_comb_nodsp.sv:129: sorry: constant selects in always_* processes are not fully supported (the process will be sensitive to all bits in '+result_exponent_integer[31:0]').
rtl/leaf/fp16/vit_fp16_mul_to_fp32_comb_nodsp.sv:130: sorry: constant selects in always_* processes are not fully supported (the process will be sensitive to all bits in 'normalized_product[23:0]').
rtl/leaf/fp16/vit_fp32_product_to_fixed_exact.sv:31: sorry: constant selects in always_* processes are not fully supported (the process will be sensitive to all bits in 'product[31:0]').
rtl/leaf/fp16/vit_fp32_product_to_fixed_exact.sv:32: sorry: constant selects in always_* processes are not fully supported (the process will be sensitive to all bits in 'product[31:0]').
rtl/leaf/fp16/vit_fp32_product_to_fixed_exact.sv:33: sorry: constant selects in always_* processes are not fully supported (the process will be sensitive to all bits in 'product[31:0]').
rtl/leaf/fp16/vit_fixed_analyze.sv:21: sorry: constant selects in always_* processes are not fully supported (the process will be sensitive to all bits in '+value[92:0]').
rtl/leaf/fp16/vit_fixed_analyze.sv:35: sorry: constant selects in always_* processes are not fully supported (the process will be sensitive to all bits in '+scan_index[31:0]').
rtl/leaf/fp16/vit_fixed_normalized_to_fp32_rne.sv:57: sorry: constant selects in always_* processes are not fully supported (the process will be sensitive to all bits in 'shifted_magnitude[92:0]').
rtl/leaf/fp16/vit_fixed_normalized_to_fp32_rne.sv:67: sorry: constant selects in always_* processes are not fully supported (the process will be sensitive to all bits in 'shifted_magnitude[92:0]').
rtl/leaf/fp16/vit_fixed_normalized_to_fp32_rne.sv:70: sorry: constant selects in always_* processes are not fully supported (the process will be sensitive to all bits in 'mantissa_main[23:0]').
rtl/leaf/fp16/vit_fixed_normalized_to_fp32_rne.sv:73: sorry: constant selects in always_* processes are not fully supported (the process will be sensitive to all bits in 'rounded_mantissa[24:0]').
rtl/leaf/fp16/vit_fixed_normalized_to_fp32_rne.sv:74: sorry: constant selects in always_* processes are not fully supported (the process will be sensitive to all bits in 'rounded_mantissa[24:0]').
rtl/leaf/fp16/vit_fixed_normalized_to_fp32_rne.sv:77: sorry: constant selects in always_* processes are not fully supported (the process will be sensitive to all bits in 'rounded_mantissa[24:0]').
rtl/leaf/fp16/vit_fixed_normalized_to_fp32_rne.sv:87: sorry: constant selects in always_* processes are not fully supported (the process will be sensitive to all bits in '+exponent_field[31:0]').
rtl/leaf/fp16/vit_fixed_normalized_to_fp32_rne.sv:88: sorry: constant selects in always_* processes are not fully supported (the process will be sensitive to all bits in 'mantissa_main[23:0]').
rtl/leaf/fp16/vit_fp16_mul_to_fp32_comb_nodsp.sv:62: sorry: constant selects in always_* processes are not fully supported (the process will be sensitive to all bits in 'a[15:0]').
rtl/leaf/fp16/vit_fp16_mul_to_fp32_comb_nodsp.sv:62: sorry: constant selects in always_* processes are not fully supported (the process will be sensitive to all bits in 'b[15:0]').
rtl/leaf/fp16/vit_fp16_mul_to_fp32_comb_nodsp.sv:63: sorry: constant selects in always_* processes are not fully supported (the process will be sensitive to all bits in 'a[15:0]').
rtl/leaf/fp16/vit_fp16_mul_to_fp32_comb_nodsp.sv:64: sorry: constant selects in always_* processes are not fully supported (the process will be sensitive to all bits in 'b[15:0]').
rtl/leaf/fp16/vit_fp16_mul_to_fp32_comb_nodsp.sv:65: sorry: constant selects in always_* processes are not fully supported (the process will be sensitive to all bits in 'a[15:0]').
rtl/leaf/fp16/vit_fp16_mul_to_fp32_comb_nodsp.sv:66: sorry: constant selects in always_* processes are not fully supported (the process will be sensitive to all bits in 'b[15:0]').
rtl/leaf/fp16/vit_fp16_mul_to_fp32_comb_nodsp.sv:129: sorry: constant selects in always_* processes are not fully supported (the process will be sensitive to all bits in '+result_exponent_integer[31:0]').
rtl/leaf/fp16/vit_fp16_mul_to_fp32_comb_nodsp.sv:130: sorry: constant selects in always_* processes are not fully supported (the process will be sensitive to all bits in 'normalized_product[23:0]').
rtl/leaf/fp16/vit_fp32_product_to_fixed_exact.sv:31: sorry: constant selects in always_* processes are not fully supported (the process will be sensitive to all bits in 'product[31:0]').
rtl/leaf/fp16/vit_fp32_product_to_fixed_exact.sv:32: sorry: constant selects in always_* processes are not fully supported (the process will be sensitive to all bits in 'product[31:0]').
rtl/leaf/fp16/vit_fp32_product_to_fixed_exact.sv:33: sorry: constant selects in always_* processes are not fully supported (the process will be sensitive to all bits in 'product[31:0]').
rtl/leaf/fp16/vit_fixed_analyze.sv:21: sorry: constant selects in always_* processes are not fully supported (the process will be sensitive to all bits in '+value[92:0]').
rtl/leaf/fp16/vit_fixed_analyze.sv:35: sorry: constant selects in always_* processes are not fully supported (the process will be sensitive to all bits in '+scan_index[31:0]').
rtl/leaf/fp16/vit_fixed_normalized_to_fp32_rne.sv:57: sorry: constant selects in always_* processes are not fully supported (the process will be sensitive to all bits in 'shifted_magnitude[92:0]').
rtl/leaf/fp16/vit_fixed_normalized_to_fp32_rne.sv:67: sorry: constant selects in always_* processes are not fully supported (the process will be sensitive to all bits in 'shifted_magnitude[92:0]').
rtl/leaf/fp16/vit_fixed_normalized_to_fp32_rne.sv:70: sorry: constant selects in always_* processes are not fully supported (the process will be sensitive to all bits in 'mantissa_main[23:0]').
rtl/leaf/fp16/vit_fixed_normalized_to_fp32_rne.sv:73: sorry: constant selects in always_* processes are not fully supported (the process will be sensitive to all bits in 'rounded_mantissa[24:0]').
rtl/leaf/fp16/vit_fixed_normalized_to_fp32_rne.sv:74: sorry: constant selects in always_* processes are not fully supported (the process will be sensitive to all bits in 'rounded_mantissa[24:0]').
rtl/leaf/fp16/vit_fixed_normalized_to_fp32_rne.sv:77: sorry: constant selects in always_* processes are not fully supported (the process will be sensitive to all bits in 'rounded_mantissa[24:0]').
rtl/leaf/fp16/vit_fixed_normalized_to_fp32_rne.sv:87: sorry: constant selects in always_* processes are not fully supported (the process will be sensitive to all bits in '+exponent_field[31:0]').
rtl/leaf/fp16/vit_fixed_normalized_to_fp32_rne.sv:88: sorry: constant selects in always_* processes are not fully supported (the process will be sensitive to all bits in 'mantissa_main[23:0]').
rtl/blocks/gemm/vit_gemm_fp16_stream_array.sv:352: sorry: constant selects in always_* processes are not fully supported (the process will be sensitive to all bits in 'bias_index_q[3:0]').
rtl/blocks/gemm/vit_gemm_fp16_stream_array.sv:355: sorry: constant selects in always_* processes are not fully supported (the process will be sensitive to all bits in 'bias_index_q[3:0]').
rtl/blocks/vector/vit_vector_engine_fp32.sv:150: sorry: constant selects in always_* processes are not fully supported (the process will be sensitive to all bits in 'lane_mask_shift[15:0]').
rtl/leaf/fp32/vit_fp32_recip_u32_serial.sv:70: sorry: constant selects in always_* processes are not fully supported (the process will be sensitive to all bits in 'quotient[63:0]').
rtl/leaf/fp32/vit_fp32_recip_u32_serial.sv:76: sorry: constant selects in always_* processes are not fully supported (the process will be sensitive to all bits in 'rounded_quotient[63:0]').
rtl/blocks/layernorm/vit_layernorm_engine_fp32.sv:332: sorry: constant selects in always_* processes are not fully supported (the process will be sensitive to all bits in 'token_mean[31:0]').
rtl/blocks/layernorm/vit_layernorm_engine_fp32.sv:333: sorry: constant selects in always_* processes are not fully supported (the process will be sensitive to all bits in 'token_mean[31:0]').
rtl/blocks/layernorm/vit_layernorm_engine_fp32.sv:332: sorry: constant selects in always_* processes are not fully supported (the process will be sensitive to all bits in 'token_mean[31:0]').
rtl/blocks/layernorm/vit_layernorm_engine_fp32.sv:333: sorry: constant selects in always_* processes are not fully supported (the process will be sensitive to all bits in 'token_mean[31:0]').
rtl/blocks/layernorm/vit_layernorm_engine_fp32.sv:375: sorry: constant selects in always_* processes are not fully supported (the process will be sensitive to all bits in 'rsqrt_scaled_product[31:0]').
rtl/blocks/layernorm/vit_layernorm_engine_fp32.sv:376: sorry: constant selects in always_* processes are not fully supported (the process will be sensitive to all bits in 'rsqrt_scaled_product[31:0]').
rtl/leaf/fp32/vit_fp32_to_u32_floor_comb.sv:14: sorry: constant selects in always_* processes are not fully supported (the process will be sensitive to all bits in 'value[31:0]').
rtl/leaf/fp32/vit_fp32_to_u32_floor_comb.sv:15: sorry: constant selects in always_* processes are not fully supported (the process will be sensitive to all bits in 'value[31:0]').
rtl/leaf/fp32/vit_fp32_to_u32_floor_comb.sv:17: sorry: constant selects in always_* processes are not fully supported (the process will be sensitive to all bits in 'value[31:0]').
rtl/leaf/fp32/vit_fp32_to_u32_floor_comb.sv:17: sorry: constant selects in always_* processes are not fully supported (the process will be sensitive to all bits in 'value[31:0]').
rtl/leaf/fp32/vit_fp32_to_u32_floor_comb.sv:19: sorry: constant selects in always_* processes are not fully supported (the process will be sensitive to all bits in 'value[31:0]').
rtl/leaf/fp32/vit_fp32_from_u32_comb.sv:40: sorry: constant selects in always_* processes are not fully supported (the process will be sensitive to all bits in 'shifted_value[63:0]').
rtl/leaf/fp32/vit_fp32_from_u32_comb.sv:44: sorry: constant selects in always_* processes are not fully supported (the process will be sensitive to all bits in 'shifted_value[63:0]').
rtl/leaf/fp32/vit_fp32_from_u32_comb.sv:49: sorry: constant selects in always_* processes are not fully supported (the process will be sensitive to all bits in 'rounded_mantissa[24:0]').
rtl/leaf/fp32/vit_fp32_from_u32_comb.sv:53: sorry: constant selects in always_* processes are not fully supported (the process will be sensitive to all bits in 'rounded_mantissa[24:0]').
rtl/leaf/fp32/vit_fp32_from_u32_comb.sv:63: sorry: constant selects in always_* processes are not fully supported (the process will be sensitive to all bits in '+biased_exponent[31:0]').
rtl/leaf/fp32/vit_fp32_from_u32_comb.sv:64: sorry: constant selects in always_* processes are not fully supported (the process will be sensitive to all bits in 'rounded_mantissa[24:0]').
rtl/leaf/fp32/vit_fp32_scale_pow2_down_comb.sv:16: sorry: constant selects in always_* processes are not fully supported (the process will be sensitive to all bits in 'value[31:0]').
rtl/leaf/fp32/vit_fp32_scale_pow2_down_comb.sv:17: sorry: constant selects in always_* processes are not fully supported (the process will be sensitive to all bits in 'value[31:0]').
rtl/leaf/fp32/vit_fp32_scale_pow2_down_comb.sv:18: sorry: constant selects in always_* processes are not fully supported (the process will be sensitive to all bits in 'value[31:0]').
rtl/leaf/fp32/vit_fp32_scale_pow2_down_comb.sv:19: sorry: constant selects in always_* processes are not fully supported (the process will be sensitive to all bits in 'value[31:0]').
rtl/leaf/fp32/vit_fp32_scale_pow2_down_comb.sv:20: sorry: constant selects in always_* processes are not fully supported (the process will be sensitive to all bits in 'value[31:0]').
rtl/leaf/fp32/vit_fp32_scale_pow2_down_comb.sv:27: sorry: constant selects in always_* processes are not fully supported (the process will be sensitive to all bits in 'value[31:0]').
rtl/leaf/fp32/vit_fp32_scale_pow2_down_comb.sv:28: sorry: constant selects in always_* processes are not fully supported (the process will be sensitive to all bits in 'value[31:0]').
rtl/leaf/fp32/vit_fp32_scale_pow2_down_comb.sv:30: sorry: constant selects in always_* processes are not fully supported (the process will be sensitive to all bits in 'value[31:0]').
rtl/leaf/fp32/vit_fp32_scale_pow2_down_comb.sv:32: sorry: constant selects in always_* processes are not fully supported (the process will be sensitive to all bits in 'value[31:0]').
rtl/leaf/fp32/vit_fp32_scale_pow2_down_comb.sv:33: sorry: constant selects in always_* processes are not fully supported (the process will be sensitive to all bits in '+result_exponent[31:0]').
rtl/leaf/fp32/vit_fp32_scale_pow2_down_comb.sv:34: sorry: constant selects in always_* processes are not fully supported (the process will be sensitive to all bits in 'value[31:0]').
rtl/blocks/softmax/vit_softmax_engine_fp32.sv:351: sorry: constant selects in always_* processes are not fully supported (the process will be sensitive to all bits in 'row_maximum[31:0]').
rtl/blocks/softmax/vit_softmax_engine_fp32.sv:352: sorry: constant selects in always_* processes are not fully supported (the process will be sensitive to all bits in 'row_maximum[31:0]').
rtl/blocks/softmax/vit_softmax_engine_fp32.sv:357: sorry: constant selects in always_* processes are not fully supported (the process will be sensitive to all bits in 'centered_value[31:0]').
rtl/blocks/softmax/vit_softmax_engine_fp32.sv:368: sorry: constant selects in always_* processes are not fully supported (the process will be sensitive to all bits in 'centered_value[31:0]').
rtl/blocks/softmax/vit_softmax_engine_fp32.sv:370: sorry: constant selects in always_* processes are not fully supported (the process will be sensitive to all bits in 'exp_scale_product[31:0]').
rtl/blocks/softmax/vit_softmax_engine_fp32.sv:371: sorry: constant selects in always_* processes are not fully supported (the process will be sensitive to all bits in 'exp_scale_product[31:0]').
rtl/blocks/softmax/vit_softmax_engine_fp32.sv:382: sorry: constant selects in always_* processes are not fully supported (the process will be sensitive to all bits in 'centered_value[31:0]').
rtl/blocks/softmax/vit_softmax_engine_fp32.sv:384: sorry: constant selects in always_* processes are not fully supported (the process will be sensitive to all bits in 'exp_scale_product[31:0]').
rtl/blocks/softmax/vit_softmax_engine_fp32.sv:385: sorry: constant selects in always_* processes are not fully supported (the process will be sensitive to all bits in 'exp_scale_product[31:0]').
rtl/blocks/softmax/vit_softmax_engine_fp32.sv:420: sorry: constant selects in always_* processes are not fully supported (the process will be sensitive to all bits in 'reciprocal_product[31:0]').
rtl/blocks/softmax/vit_softmax_engine_fp32.sv:421: sorry: constant selects in always_* processes are not fully supported (the process will be sensitive to all bits in 'reciprocal_product[31:0]').
rtl/leaf/fp32/vit_fp32_to_u32_floor_comb.sv:14: sorry: constant selects in always_* processes are not fully supported (the process will be sensitive to all bits in 'value[31:0]').
rtl/leaf/fp32/vit_fp32_to_u32_floor_comb.sv:15: sorry: constant selects in always_* processes are not fully supported (the process will be sensitive to all bits in 'value[31:0]').
rtl/leaf/fp32/vit_fp32_to_u32_floor_comb.sv:17: sorry: constant selects in always_* processes are not fully supported (the process will be sensitive to all bits in 'value[31:0]').
rtl/leaf/fp32/vit_fp32_to_u32_floor_comb.sv:17: sorry: constant selects in always_* processes are not fully supported (the process will be sensitive to all bits in 'value[31:0]').
rtl/leaf/fp32/vit_fp32_to_u32_floor_comb.sv:19: sorry: constant selects in always_* processes are not fully supported (the process will be sensitive to all bits in 'value[31:0]').
rtl/leaf/fp32/vit_fp32_from_u32_comb.sv:40: sorry: constant selects in always_* processes are not fully supported (the process will be sensitive to all bits in 'shifted_value[63:0]').
rtl/leaf/fp32/vit_fp32_from_u32_comb.sv:44: sorry: constant selects in always_* processes are not fully supported (the process will be sensitive to all bits in 'shifted_value[63:0]').
rtl/leaf/fp32/vit_fp32_from_u32_comb.sv:49: sorry: constant selects in always_* processes are not fully supported (the process will be sensitive to all bits in 'rounded_mantissa[24:0]').
rtl/leaf/fp32/vit_fp32_from_u32_comb.sv:53: sorry: constant selects in always_* processes are not fully supported (the process will be sensitive to all bits in 'rounded_mantissa[24:0]').
rtl/leaf/fp32/vit_fp32_from_u32_comb.sv:63: sorry: constant selects in always_* processes are not fully supported (the process will be sensitive to all bits in '+biased_exponent[31:0]').
rtl/leaf/fp32/vit_fp32_from_u32_comb.sv:64: sorry: constant selects in always_* processes are not fully supported (the process will be sensitive to all bits in 'rounded_mantissa[24:0]').
rtl/leaf/fp32/vit_fp32_scale_pow2_down_comb.sv:16: sorry: constant selects in always_* processes are not fully supported (the process will be sensitive to all bits in 'value[31:0]').
rtl/leaf/fp32/vit_fp32_scale_pow2_down_comb.sv:17: sorry: constant selects in always_* processes are not fully supported (the process will be sensitive to all bits in 'value[31:0]').
rtl/leaf/fp32/vit_fp32_scale_pow2_down_comb.sv:18: sorry: constant selects in always_* processes are not fully supported (the process will be sensitive to all bits in 'value[31:0]').
rtl/leaf/fp32/vit_fp32_scale_pow2_down_comb.sv:19: sorry: constant selects in always_* processes are not fully supported (the process will be sensitive to all bits in 'value[31:0]').
rtl/leaf/fp32/vit_fp32_scale_pow2_down_comb.sv:20: sorry: constant selects in always_* processes are not fully supported (the process will be sensitive to all bits in 'value[31:0]').
rtl/leaf/fp32/vit_fp32_scale_pow2_down_comb.sv:27: sorry: constant selects in always_* processes are not fully supported (the process will be sensitive to all bits in 'value[31:0]').
rtl/leaf/fp32/vit_fp32_scale_pow2_down_comb.sv:28: sorry: constant selects in always_* processes are not fully supported (the process will be sensitive to all bits in 'value[31:0]').
rtl/leaf/fp32/vit_fp32_scale_pow2_down_comb.sv:30: sorry: constant selects in always_* processes are not fully supported (the process will be sensitive to all bits in 'value[31:0]').
rtl/leaf/fp32/vit_fp32_scale_pow2_down_comb.sv:32: sorry: constant selects in always_* processes are not fully supported (the process will be sensitive to all bits in 'value[31:0]').
rtl/leaf/fp32/vit_fp32_scale_pow2_down_comb.sv:33: sorry: constant selects in always_* processes are not fully supported (the process will be sensitive to all bits in '+result_exponent[31:0]').
rtl/leaf/fp32/vit_fp32_scale_pow2_down_comb.sv:34: sorry: constant selects in always_* processes are not fully supported (the process will be sensitive to all bits in 'value[31:0]').
rtl/blocks/gelu/vit_fp32_gelu_serial.sv:224: sorry: constant selects in always_* processes are not fully supported (the process will be sensitive to all bits in 'input_value[31:0]').
rtl/blocks/gelu/vit_fp32_gelu_serial.sv:246: sorry: constant selects in always_* processes are not fully supported (the process will be sensitive to all bits in 'reciprocal_product[31:0]').
rtl/blocks/gelu/vit_fp32_gelu_serial.sv:247: sorry: constant selects in always_* processes are not fully supported (the process will be sensitive to all bits in 'reciprocal_product[31:0]').
rtl/blocks/gelu/vit_fp32_gelu_serial.sv:288: sorry: constant selects in always_* processes are not fully supported (the process will be sensitive to all bits in 'exp_scale_product[31:0]').
rtl/blocks/gelu/vit_fp32_gelu_serial.sv:289: sorry: constant selects in always_* processes are not fully supported (the process will be sensitive to all bits in 'exp_scale_product[31:0]').
rtl/blocks/gelu/vit_fp32_gelu_serial.sv:302: sorry: constant selects in always_* processes are not fully supported (the process will be sensitive to all bits in 'exp_scale_product[31:0]').
rtl/blocks/gelu/vit_fp32_gelu_serial.sv:303: sorry: constant selects in always_* processes are not fully supported (the process will be sensitive to all bits in 'exp_scale_product[31:0]').
rtl/blocks/gelu/vit_fp32_gelu_serial.sv:333: sorry: constant selects in always_* processes are not fully supported (the process will be sensitive to all bits in 'polynomial_exponential[31:0]').
rtl/blocks/gelu/vit_fp32_gelu_serial.sv:334: sorry: constant selects in always_* processes are not fully supported (the process will be sensitive to all bits in 'polynomial_exponential[31:0]').
rtl/blocks/gelu/vit_fp32_gelu_serial.sv:341: sorry: constant selects in always_* processes are not fully supported (the process will be sensitive to all bits in 'input_value[31:0]').
rtl/blocks/gelu/vit_fp32_gelu_serial.sv:342: sorry: constant selects in always_* processes are not fully supported (the process will be sensitive to all bits in 'erf_magnitude[31:0]').
rtl/blocks/argmax/vit_argmax_engine_fp32.sv:77: sorry: constant selects in always_* processes are not fully supported (the process will be sensitive to all bits in 'input_data[31:0]').
:0: sorry: constant selects in always_* processes are not fully supported (the process will be sensitive to all bits in 'active_cmd[511:0]').
:0: sorry: constant selects in always_* processes are not fully supported (the process will be sensitive to all bits in 'profile_command[511:0]').
:0: sorry: constant selects in always_* processes are not fully supported (the process will be sensitive to all bits in 'profile_command[511:0]').
:0: sorry: constant selects in always_* processes are not fully supported (the process will be sensitive to all bits in 'profile_command[511:0]').
:0: sorry: constant selects in always_* processes are not fully supported (the process will be sensitive to all bits in 'profile_command[511:0]').
:0: sorry: constant selects in always_* processes are not fully supported (the process will be sensitive to all bits in 'profile_command[511:0]').
:0: sorry: constant selects in always_* processes are not fully supported (the process will be sensitive to all bits in 'active_cmd[511:0]').
:0: sorry: constant selects in always_* processes are not fully supported (the process will be sensitive to all bits in 'active_cmd[511:0]').
rtl/axi/memory/vit_phase_e_axi_mem_adapter.sv:342: sorry: constant selects in always_* processes are not fully supported (the process will be sensitive to all bits in 'selected_base[63:0]').
rtl/axi/memory/vit_phase_e_axi_mem_adapter.sv:343: sorry: constant selects in always_* processes are not fully supported (the process will be sensitive to all bits in 'physical_address_wide[64:0]').
rtl/axi/memory/vit_phase_e_axi_mem_adapter.sv:344: sorry: constant selects in always_* processes are not fully supported (the process will be sensitive to all bits in 'physical_address_wide[64:0]').
rtl/axi/memory/vit_phase_e_axi_mem_adapter.sv:365: sorry: constant selects in always_* processes are not fully supported (the process will be sensitive to all bits in 'request_words_remaining[32:0]').
rtl/axi/memory/vit_phase_e_axi_mem_adapter.sv:370: sorry: constant selects in always_* processes are not fully supported (the process will be sensitive to all bits in 'clamped_contiguous_words[6:0]').
rtl/axi/memory/vit_phase_e_axi_mem_adapter.sv:372: sorry: constant selects in always_* processes are not fully supported (the process will be sensitive to all bits in 'physical_address_wide[64:0]').
rtl/axi/memory/vit_phase_e_axi_mem_adapter.sv:379: sorry: constant selects in always_* processes are not fully supported (the process will be sensitive to all bits in 'planned_wide_beats[4:0]').
rtl/axi/memory/vit_phase_e_axi_mem_adapter.sv:381: sorry: constant selects in always_* processes are not fully supported (the process will be sensitive to all bits in 'first_page_beats[8:0]').
rtl/axi/memory/vit_phase_e_axi_mem_adapter.sv:388: sorry: constant selects in always_* processes are not fully supported (the process will be sensitive to all bits in 'planned_second_address_wide[64:0]').
rtl/axi/memory/vit_phase_e_axi_mem_adapter.sv:396: sorry: constant selects in always_* processes are not fully supported (the process will be sensitive to all bits in 'planned_wide_beats[4:0]').
rtl/axi/memory/vit_phase_e_axi_mem_adapter.sv:400: sorry: constant selects in always_* processes are not fully supported (the process will be sensitive to all bits in 'second_page_beats[8:0]').
rtl/axi/memory/vit_phase_e_axi_mem_adapter.sv:411: sorry: constant selects in always_* processes are not fully supported (the process will be sensitive to all bits in 'planned_end_address_wide[64:0]').
rtl/axi/memory/vit_phase_e_axi_mem_adapter.sv:425: sorry: constant selects in always_* processes are not fully supported (the process will be sensitive to all bits in 'physical_address_wide[64:0]').
rtl/axi/memory/vit_phase_e_axi_mem_adapter.sv:431: sorry: constant selects in always_* processes are not fully supported (the process will be sensitive to all bits in 'line_hit_delta[31:0]').
rtl/axi/vit_phase_e_axi_wrapper.sv:424: sorry: constant selects in always_* processes are not fully supported (the process will be sensitive to all bits in 'job_config[31:0]').
rtl/axi/vit_phase_e_axi_wrapper.sv:425: sorry: constant selects in always_* processes are not fully supported (the process will be sensitive to all bits in 'job_config[31:0]').
rtl/axi/vit_phase_e_axi_wrapper.sv:426: sorry: constant selects in always_* processes are not fully supported (the process will be sensitive to all bits in 'job_config[31:0]').
rtl/axi/vit_phase_e_axi_wrapper.sv:427: sorry: constant selects in always_* processes are not fully supported (the process will be sensitive to all bits in 'job_config[31:0]').
rtl/axi/vit_phase_e_axi_wrapper.sv:428: sorry: constant selects in always_* processes are not fully supported (the process will be sensitive to all bits in 'job_config[31:0]').
rtl/axi/vit_phase_e_axi_wrapper.sv:429: sorry: constant selects in always_* processes are not fully supported (the process will be sensitive to all bits in 'job_config[31:0]').
rtl/axi/vit_phase_e_axi_wrapper.sv:430: sorry: constant selects in always_* processes are not fully supported (the process will be sensitive to all bits in 'execution_mode[31:0]').
rtl/axi/vit_phase_e_axi_wrapper.sv:431: sorry: constant selects in always_* processes are not fully supported (the process will be sensitive to all bits in 'execution_mode[31:0]').
rtl/axi/vit_phase_e_axi_wrapper.sv:433: sorry: constant selects in always_* processes are not fully supported (the process will be sensitive to all bits in 'execution_mode[31:0]').
rtl/axi/vit_phase_e_axi_wrapper.sv:433: sorry: constant selects in always_* processes are not fully supported (the process will be sensitive to all bits in 'execution_mode[31:0]').
rtl/axi/vit_phase_e_axi_wrapper.sv:440: sorry: constant selects in always_* processes are not fully supported (the process will be sensitive to all bits in 'global_params_active_flat[255:0]').
rtl/axi/vit_phase_e_axi_wrapper.sv:442: sorry: constant selects in always_* processes are not fully supported (the process will be sensitive to all bits in 'global_params_active_flat[255:0]').
rtl/axi/vit_phase_e_axi_wrapper.sv:444: sorry: constant selects in always_* processes are not fully supported (the process will be sensitive to all bits in 'global_params_active_flat[255:0]').
rtl/axi/vit_phase_e_axi_wrapper.sv:446: sorry: constant selects in always_* processes are not fully supported (the process will be sensitive to all bits in 'global_params_active_flat[255:0]').
rtl/axi/vit_phase_e_axi_wrapper.sv:448: sorry: constant selects in always_* processes are not fully supported (the process will be sensitive to all bits in 'global_params_active_flat[255:0]').
rtl/axi/vit_phase_e_axi_wrapper.sv:450: sorry: constant selects in always_* processes are not fully supported (the process will be sensitive to all bits in 'global_params_active_flat[255:0]').
rtl/axi/vit_phase_e_axi_wrapper.sv:452: sorry: constant selects in always_* processes are not fully supported (the process will be sensitive to all bits in 'global_params_active_flat[255:0]').
rtl/axi/vit_phase_e_axi_wrapper.sv:454: sorry: constant selects in always_* processes are not fully supported (the process will be sensitive to all bits in 'global_params_active_flat[255:0]').
rtl/blocks/gemm/vit_gemm_dual_mode_array.sv:565: warning: System task ($fatal) cannot be synthesized in an always_ff process.
rtl/blocks/gemm/vit_gemm_fp16_parallel_scheduler.sv:916: warning: System task ($fatal) cannot be synthesized in an always_ff process.
rtl/blocks/gemm/vit_gemm_fp16_parallel_scheduler.sv:922: warning: System task ($fatal) cannot be synthesized in an always_ff process.
rtl/blocks/gemm/vit_gemm_fp16_parallel_scheduler.sv:932: warning: System task ($fatal) cannot be synthesized in an always_ff process.
rtl/blocks/gemm/vit_gemm_fp16_parallel_scheduler.sv:936: warning: System task ($fatal) cannot be synthesized in an always_ff process.
rtl/blocks/gemm/vit_gemm_fp16_parallel_scheduler.sv:939: warning: System task ($fatal) cannot be synthesized in an always_ff process.
rtl/blocks/gemm/vit_gemm_fp16_parallel_scheduler.sv:943: warning: System task ($fatal) cannot be synthesized in an always_ff process.
rtl/blocks/gemm/vit_gemm_fp16_parallel_scheduler.sv:946: warning: System task ($fatal) cannot be synthesized in an always_ff process.
rtl/blocks/gemm/vit_gemm_fp16_parallel_scheduler.sv:949: warning: System task ($fatal) cannot be synthesized in an always_ff process.
rtl/blocks/gemm/vit_gemm_fp16_parallel_scheduler.sv:952: warning: System task ($fatal) cannot be synthesized in an always_ff process.
rtl/blocks/gemm/vit_gemm_fp16_stream_array.sv:548: warning: System task ($fatal) cannot be synthesized in an always_ff process.
rtl/blocks/gemm/vit_gemm_activation_panel_cache.sv:68: warning: System task ($fatal) cannot be synthesized in an always_ff process.
