#-----------------------------------------------------------
# Vivado v2023.2 (64-bit)
# SW Build 4029153 on Fri Oct 13 20:13:54 MDT 2023
# IP Build 4028589 on Sat Oct 14 00:45:43 MDT 2023
# SharedData Build 4025554 on Tue Oct 10 17:18:54 MDT 2023
# Start of session at: Sun Aug  9 03:34:51 2026
# Process ID: 1890191
# Current directory: /home/s23520579/Vivado_project/vit_m8_board_candidate_67c18532_workspace_20260809/vivado_server_307_perf_v1_m8_nongemm_nodsp_2023_2
# Command line: vivado -mode batch -notrace -log server_logs/40_board_synth.vivado.log -journal server_logs/40_board_synth.vivado.jou -source scripts/server/40_run_board_synth.tcl
# Log file: /home/s23520579/Vivado_project/vit_m8_board_candidate_67c18532_workspace_20260809/vivado_server_307_perf_v1_m8_nongemm_nodsp_2023_2/server_logs/40_board_synth.vivado.log
# Journal file: /home/s23520579/Vivado_project/vit_m8_board_candidate_67c18532_workspace_20260809/vivado_server_307_perf_v1_m8_nongemm_nodsp_2023_2/server_logs/40_board_synth.vivado.jou
# Running On: ubuntu, OS: Linux, CPU Frequency: 2095.078 MHz, CPU Physical cores: 8, Host memory: 270263 MB
#-----------------------------------------------------------
source scripts/server/40_run_board_synth.tcl -notrace
INFO: require_bundle_manifest routes to M8 DEVELOPMENT_UNSEALED verification
M8_RECEIPT_CLOSURE_PASS receipts=6 entries=658 sidecars=3 payload_replay=FULL
M8_METADATA_PREFLIGHT_PASS sources=80 ordered=db4e84bbe7b28dcccf4d5e574027be06b5162ae9789e0f2ef0ab2dcfb0fffb7e filelist=88166c76fac96e7f4b59f486a3d5867a94001e6d72014ad7187b5e4de40f3524 ip=0x0001000D abi=v1.13 parent=M7S8 receipts=BOUND full_vivado=PENDING bit_xsa=NOT_GENERATED
M8_DEVELOPMENT_MANIFEST_PASS entries=409
M8_DEVELOPMENT_MANIFEST_SHA256=67c18532e3bb16b24ec6983f99cc54a3ffafb05fe6c02cf0385465c316b31078
M8_DEVELOPMENT_PREFLIGHT_PASS status=DEVELOPMENT_UNSEALED seal=PENDING_M8_SEAL
PASS: M8 DEVELOPMENT_UNSEALED source manifest is valid: /home/s23520579/Vivado_project/vit_m8_board_candidate_67c18532_workspace_20260809/vivado_server_307_perf_v1_m8_nongemm_nodsp_2023_2/M8_DEVELOPMENT_SHA256SUMS.txt
PASS: Vivado version is 2023.2
create_project: Time (s): cpu = 00:00:09 ; elapsed = 00:00:09 . Memory (MB): peak = 1318.059 ; gain = 38.840 ; free physical = 229307 ; free virtual = 246164
INFO: opened temporary in-memory project for catalog checks
INFO: closed temporary in-memory catalog project
PASS: FPGA part, board part and required IP catalog are present
PASS: Vivado general.maxThreads=4
Scanning sources...
Finished scanning sources
WARNING: [Board 49-151] The current board 'digilentinc.com::gzu_5ev:1.1' is from a local repo. The vivado install has a corresponding board with version greater than or equal to the local repo board. Please use boards from vivado install to avoid any upgrade/migrate issues
INFO: [IP_Flow 19-234] Refreshing IP repositories
INFO: [IP_Flow 19-1704] No user IP repositories specified
INFO: [IP_Flow 19-2313] Loaded Vivado IP repository '/data/tools/Xilinx/Vivado/2023.2/data/ip'.
update_compile_order: Time (s): cpu = 00:00:25 ; elapsed = 00:00:11 . Memory (MB): peak = 1604.859 ; gain = 112.051 ; free physical = 228904 ; free virtual = 245762
PASS: synth_1 FLATTEN_HIERARCHY=none
PASS: ViT_googlebase project synchronized
  TOP     : vit_system_wrapper
  MAX_DSP : 0
  FLATTEN : none
  RTL     : repository-relative sources from filelists/full_axi.f
PASS: hardware top is vit_system_wrapper
PASS: retained native AXI-128 BD contract report is exact
PASS: vit_system_vit_phase_e_axi_0_0_synth_1 FLATTEN_HIERARCHY=none MAX_DSP=0
INFO: [IP_Flow 19-6924] IPCACHE: Running cache check for IP inst: vit_system_vit_phase_e_axi_0_0
INFO: [IP_Flow 19-6930] IPCACHE: runCacheChecks() number of threads = 8
INFO: [IP_Flow 19-6921] IPCACHE: Adding cache check func to thread queue for IP vit_system_proc_sys_reset_0_0
INFO: [IP_Flow 19-6921] IPCACHE: Adding cache check func to thread queue for IP vit_system_smartconnect_control_0
INFO: [IP_Flow 19-6921] IPCACHE: Adding cache check func to thread queue for IP vit_system_smartconnect_ddr_0
INFO: [IP_Flow 19-6921] IPCACHE: Adding cache check func to thread queue for IP vit_system_zynq_ultra_ps_e_0_0
INFO: [IP_Flow 19-8020] IPCACHE: runCacheChecks() calling threadPool finishWork()
INFO: [IP_Flow 19-6924] IPCACHE: Running cache check for IP inst: vit_system_smartconnect_control_0
INFO: [IP_Flow 19-6924] IPCACHE: Running cache check for IP inst: vit_system_smartconnect_ddr_0
INFO: [IP_Flow 19-6924] IPCACHE: Running cache check for IP inst: vit_system_proc_sys_reset_0_0
INFO: [IP_Flow 19-6924] IPCACHE: Running cache check for IP inst: vit_system_zynq_ultra_ps_e_0_0
WARNING: [Vivado 12-7122] Auto Incremental Compile:: No reference checkpoint was found in run synth_1. Auto-incremental flow will not be run, the standard flow will be run instead.
[Sun Aug  9 03:35:27 2026] Launched vit_system_zynq_ultra_ps_e_0_0_synth_1, vit_system_smartconnect_control_0_synth_1, vit_system_smartconnect_ddr_0_synth_1, vit_system_proc_sys_reset_0_0_synth_1, vit_system_vit_phase_e_axi_0_0_synth_1...
Run output will be captured here:
vit_system_zynq_ultra_ps_e_0_0_synth_1: /home/s23520579/Vivado_project/vit_m8_board_candidate_67c18532_workspace_20260809/vivado_server_307_perf_v1_m8_nongemm_nodsp_2023_2/VIT_googlebase_rtl/ViT_googlebase/ViT_googlebase.runs/vit_system_zynq_ultra_ps_e_0_0_synth_1/runme.log
vit_system_smartconnect_control_0_synth_1: /home/s23520579/Vivado_project/vit_m8_board_candidate_67c18532_workspace_20260809/vivado_server_307_perf_v1_m8_nongemm_nodsp_2023_2/VIT_googlebase_rtl/ViT_googlebase/ViT_googlebase.runs/vit_system_smartconnect_control_0_synth_1/runme.log
vit_system_smartconnect_ddr_0_synth_1: /home/s23520579/Vivado_project/vit_m8_board_candidate_67c18532_workspace_20260809/vivado_server_307_perf_v1_m8_nongemm_nodsp_2023_2/VIT_googlebase_rtl/ViT_googlebase/ViT_googlebase.runs/vit_system_smartconnect_ddr_0_synth_1/runme.log
vit_system_proc_sys_reset_0_0_synth_1: /home/s23520579/Vivado_project/vit_m8_board_candidate_67c18532_workspace_20260809/vivado_server_307_perf_v1_m8_nongemm_nodsp_2023_2/VIT_googlebase_rtl/ViT_googlebase/ViT_googlebase.runs/vit_system_proc_sys_reset_0_0_synth_1/runme.log
vit_system_vit_phase_e_axi_0_0_synth_1: /home/s23520579/Vivado_project/vit_m8_board_candidate_67c18532_workspace_20260809/vivado_server_307_perf_v1_m8_nongemm_nodsp_2023_2/VIT_googlebase_rtl/ViT_googlebase/ViT_googlebase.runs/vit_system_vit_phase_e_axi_0_0_synth_1/runme.log
[Sun Aug  9 03:35:27 2026] Launched synth_1...
Run output will be captured here: /home/s23520579/Vivado_project/vit_m8_board_candidate_67c18532_workspace_20260809/vivado_server_307_perf_v1_m8_nongemm_nodsp_2023_2/VIT_googlebase_rtl/ViT_googlebase/ViT_googlebase.runs/synth_1/runme.log
[Sun Aug  9 03:35:27 2026] Waiting for synth_1 to finish...

*** Running vivado
    with args -log vit_system_wrapper.vds -m64 -product Vivado -mode batch -messageDb vivado.pb -notrace -source vit_system_wrapper.tcl


****** Vivado v2023.2 (64-bit)
  **** SW Build 4029153 on Fri Oct 13 20:13:54 MDT 2023
  **** IP Build 4028589 on Sat Oct 14 00:45:43 MDT 2023
  **** SharedData Build 4025554 on Tue Oct 10 17:18:54 MDT 2023
    ** Copyright 1986-2022 Xilinx, Inc. All Rights Reserved.
    ** Copyright 2022-2023 Advanced Micro Devices, Inc. All Rights Reserved.

source vit_system_wrapper.tcl -notrace
create_project: Time (s): cpu = 00:00:08 ; elapsed = 00:00:08 . Memory (MB): peak = 1317.055 ; gain = 37.840 ; free physical = 229765 ; free virtual = 246812
INFO: [IP_Flow 19-234] Refreshing IP repositories
INFO: [IP_Flow 19-1704] No user IP repositories specified
INFO: [IP_Flow 19-2313] Loaded Vivado IP repository '/data/tools/Xilinx/Vivado/2023.2/data/ip'.
Command: synth_design -top vit_system_wrapper -part xczu5ev-sfvc784-1-e -flatten_hierarchy none -max_dsp 0
Starting synth_design
Attempting to get a license for feature 'Synthesis' and/or device 'xczu5ev'
INFO: [Common 17-349] Got license for feature 'Synthesis' and/or device 'xczu5ev'
INFO: [Vivado_Tcl 4-287] User specified maximum number of block DSP allowed in design is 0
INFO: [Device 21-403] Loading part xczu5ev-sfvc784-1-e
INFO: [Synth 8-7079] Multithreading enabled for synth_design using a maximum of 4 processes.
INFO: [Synth 8-7078] Launching helper process for spawning children vivado processes
INFO: [Synth 8-7075] Helper process launched with PID 1901103
---------------------------------------------------------------------------------
Starting RTL Elaboration : Time (s): cpu = 00:00:04 ; elapsed = 00:00:04 . Memory (MB): peak = 2607.824 ; gain = 285.777 ; free physical = 228196 ; free virtual = 245243
---------------------------------------------------------------------------------
INFO: [Synth 8-6157] synthesizing module 'vit_system_wrapper' [/home/s23520579/Vivado_project/vit_m8_board_candidate_67c18532_workspace_20260809/vivado_server_307_perf_v1_m8_nongemm_nodsp_2023_2/VIT_googlebase_rtl/ViT_googlebase/ViT_googlebase.gen/sources_1/bd/vit_system/hdl/vit_system_wrapper.v:13]
INFO: [Synth 8-6157] synthesizing module 'vit_system' [/home/s23520579/Vivado_project/vit_m8_board_candidate_67c18532_workspace_20260809/vivado_server_307_perf_v1_m8_nongemm_nodsp_2023_2/VIT_googlebase_rtl/ViT_googlebase/ViT_googlebase.gen/sources_1/bd/vit_system/synth/vit_system.v:13]
INFO: [Synth 8-6157] synthesizing module 'vit_system_const_one_0' [/home/s23520579/Vivado_project/vit_m8_board_candidate_67c18532_workspace_20260809/vivado_server_307_perf_v1_m8_nongemm_nodsp_2023_2/VIT_googlebase_rtl/ViT_googlebase/ViT_googlebase.gen/sources_1/bd/vit_system/ip/vit_system_const_one_0/synth/vit_system_const_one_0.v:53]
INFO: [Synth 8-6157] synthesizing module 'xlconstant_v1_1_8_xlconstant' [/home/s23520579/Vivado_project/vit_m8_board_candidate_67c18532_workspace_20260809/vivado_server_307_perf_v1_m8_nongemm_nodsp_2023_2/VIT_googlebase_rtl/ViT_googlebase/ViT_googlebase.gen/sources_1/bd/vit_system/ipshared/d390/hdl/xlconstant_v1_1_vl_rfs.v:68]
INFO: [Synth 8-6155] done synthesizing module 'xlconstant_v1_1_8_xlconstant' (0#1) [/home/s23520579/Vivado_project/vit_m8_board_candidate_67c18532_workspace_20260809/vivado_server_307_perf_v1_m8_nongemm_nodsp_2023_2/VIT_googlebase_rtl/ViT_googlebase/ViT_googlebase.gen/sources_1/bd/vit_system/ipshared/d390/hdl/xlconstant_v1_1_vl_rfs.v:68]
INFO: [Synth 8-6155] done synthesizing module 'vit_system_const_one_0' (0#1) [/home/s23520579/Vivado_project/vit_m8_board_candidate_67c18532_workspace_20260809/vivado_server_307_perf_v1_m8_nongemm_nodsp_2023_2/VIT_googlebase_rtl/ViT_googlebase/ViT_googlebase.gen/sources_1/bd/vit_system/ip/vit_system_const_one_0/synth/vit_system_const_one_0.v:53]
INFO: [Synth 8-6157] synthesizing module 'vit_system_const_zero_0' [/home/s23520579/Vivado_project/vit_m8_board_candidate_67c18532_workspace_20260809/vivado_server_307_perf_v1_m8_nongemm_nodsp_2023_2/VIT_googlebase_rtl/ViT_googlebase/ViT_googlebase.gen/sources_1/bd/vit_system/ip/vit_system_const_zero_0/synth/vit_system_const_zero_0.v:53]
INFO: [Synth 8-6157] synthesizing module 'xlconstant_v1_1_8_xlconstant__parameterized0' [/home/s23520579/Vivado_project/vit_m8_board_candidate_67c18532_workspace_20260809/vivado_server_307_perf_v1_m8_nongemm_nodsp_2023_2/VIT_googlebase_rtl/ViT_googlebase/ViT_googlebase.gen/sources_1/bd/vit_system/ipshared/d390/hdl/xlconstant_v1_1_vl_rfs.v:68]
INFO: [Synth 8-6155] done synthesizing module 'xlconstant_v1_1_8_xlconstant__parameterized0' (0#1) [/home/s23520579/Vivado_project/vit_m8_board_candidate_67c18532_workspace_20260809/vivado_server_307_perf_v1_m8_nongemm_nodsp_2023_2/VIT_googlebase_rtl/ViT_googlebase/ViT_googlebase.gen/sources_1/bd/vit_system/ipshared/d390/hdl/xlconstant_v1_1_vl_rfs.v:68]
INFO: [Synth 8-6155] done synthesizing module 'vit_system_const_zero_0' (0#1) [/home/s23520579/Vivado_project/vit_m8_board_candidate_67c18532_workspace_20260809/vivado_server_307_perf_v1_m8_nongemm_nodsp_2023_2/VIT_googlebase_rtl/ViT_googlebase/ViT_googlebase.gen/sources_1/bd/vit_system/ip/vit_system_const_zero_0/synth/vit_system_const_zero_0.v:53]
INFO: [Synth 8-6157] synthesizing module 'vit_system_proc_sys_reset_0_0' [/home/s23520579/Vivado_project/vit_m8_board_candidate_67c18532_workspace_20260809/vivado_server_307_perf_v1_m8_nongemm_nodsp_2023_2/VIT_googlebase_rtl/ViT_googlebase/ViT_googlebase.runs/synth_1/.Xil/Vivado-1900895-ubuntu/realtime/vit_system_proc_sys_reset_0_0_stub.v:6]
INFO: [Synth 8-6155] done synthesizing module 'vit_system_proc_sys_reset_0_0' (0#1) [/home/s23520579/Vivado_project/vit_m8_board_candidate_67c18532_workspace_20260809/vivado_server_307_perf_v1_m8_nongemm_nodsp_2023_2/VIT_googlebase_rtl/ViT_googlebase/ViT_googlebase.runs/synth_1/.Xil/Vivado-1900895-ubuntu/realtime/vit_system_proc_sys_reset_0_0_stub.v:6]
WARNING: [Synth 8-7071] port 'mb_reset' of module 'vit_system_proc_sys_reset_0_0' is unconnected for instance 'proc_sys_reset_0' [/home/s23520579/Vivado_project/vit_m8_board_candidate_67c18532_workspace_20260809/vivado_server_307_perf_v1_m8_nongemm_nodsp_2023_2/VIT_googlebase_rtl/ViT_googlebase/ViT_googlebase.gen/sources_1/bd/vit_system/synth/vit_system.v:157]
WARNING: [Synth 8-7071] port 'bus_struct_reset' of module 'vit_system_proc_sys_reset_0_0' is unconnected for instance 'proc_sys_reset_0' [/home/s23520579/Vivado_project/vit_m8_board_candidate_67c18532_workspace_20260809/vivado_server_307_perf_v1_m8_nongemm_nodsp_2023_2/VIT_googlebase_rtl/ViT_googlebase/ViT_googlebase.gen/sources_1/bd/vit_system/synth/vit_system.v:157]
WARNING: [Synth 8-7071] port 'peripheral_reset' of module 'vit_system_proc_sys_reset_0_0' is unconnected for instance 'proc_sys_reset_0' [/home/s23520579/Vivado_project/vit_m8_board_candidate_67c18532_workspace_20260809/vivado_server_307_perf_v1_m8_nongemm_nodsp_2023_2/VIT_googlebase_rtl/ViT_googlebase/ViT_googlebase.gen/sources_1/bd/vit_system/synth/vit_system.v:157]
WARNING: [Synth 8-7023] instance 'proc_sys_reset_0' of module 'vit_system_proc_sys_reset_0_0' has 10 connections declared, but only 7 given [/home/s23520579/Vivado_project/vit_m8_board_candidate_67c18532_workspace_20260809/vivado_server_307_perf_v1_m8_nongemm_nodsp_2023_2/VIT_googlebase_rtl/ViT_googlebase/ViT_googlebase.gen/sources_1/bd/vit_system/synth/vit_system.v:157]
INFO: [Synth 8-6157] synthesizing module 'vit_system_smartconnect_control_0' [/home/s23520579/Vivado_project/vit_m8_board_candidate_67c18532_workspace_20260809/vivado_server_307_perf_v1_m8_nongemm_nodsp_2023_2/VIT_googlebase_rtl/ViT_googlebase/ViT_googlebase.runs/synth_1/.Xil/Vivado-1900895-ubuntu/realtime/vit_system_smartconnect_control_0_stub.v:6]
INFO: [Synth 8-6155] done synthesizing module 'vit_system_smartconnect_control_0' (0#1) [/home/s23520579/Vivado_project/vit_m8_board_candidate_67c18532_workspace_20260809/vivado_server_307_perf_v1_m8_nongemm_nodsp_2023_2/VIT_googlebase_rtl/ViT_googlebase/ViT_googlebase.runs/synth_1/.Xil/Vivado-1900895-ubuntu/realtime/vit_system_smartconnect_control_0_stub.v:6]
INFO: [Synth 8-6157] synthesizing module 'vit_system_smartconnect_ddr_0' [/home/s23520579/Vivado_project/vit_m8_board_candidate_67c18532_workspace_20260809/vivado_server_307_perf_v1_m8_nongemm_nodsp_2023_2/VIT_googlebase_rtl/ViT_googlebase/ViT_googlebase.runs/synth_1/.Xil/Vivado-1900895-ubuntu/realtime/vit_system_smartconnect_ddr_0_stub.v:6]
INFO: [Synth 8-6155] done synthesizing module 'vit_system_smartconnect_ddr_0' (0#1) [/home/s23520579/Vivado_project/vit_m8_board_candidate_67c18532_workspace_20260809/vivado_server_307_perf_v1_m8_nongemm_nodsp_2023_2/VIT_googlebase_rtl/ViT_googlebase/ViT_googlebase.runs/synth_1/.Xil/Vivado-1900895-ubuntu/realtime/vit_system_smartconnect_ddr_0_stub.v:6]
INFO: [Synth 8-6157] synthesizing module 'vit_system_vit_phase_e_axi_0_0' [/home/s23520579/Vivado_project/vit_m8_board_candidate_67c18532_workspace_20260809/vivado_server_307_perf_v1_m8_nongemm_nodsp_2023_2/VIT_googlebase_rtl/ViT_googlebase/ViT_googlebase.runs/synth_1/.Xil/Vivado-1900895-ubuntu/realtime/vit_system_vit_phase_e_axi_0_0_stub.v:6]
INFO: [Synth 8-6155] done synthesizing module 'vit_system_vit_phase_e_axi_0_0' (0#1) [/home/s23520579/Vivado_project/vit_m8_board_candidate_67c18532_workspace_20260809/vivado_server_307_perf_v1_m8_nongemm_nodsp_2023_2/VIT_googlebase_rtl/ViT_googlebase/ViT_googlebase.runs/synth_1/.Xil/Vivado-1900895-ubuntu/realtime/vit_system_vit_phase_e_axi_0_0_stub.v:6]
INFO: [Synth 8-6157] synthesizing module 'vit_system_zynq_ultra_ps_e_0_0' [/home/s23520579/Vivado_project/vit_m8_board_candidate_67c18532_workspace_20260809/vivado_server_307_perf_v1_m8_nongemm_nodsp_2023_2/VIT_googlebase_rtl/ViT_googlebase/ViT_googlebase.runs/synth_1/.Xil/Vivado-1900895-ubuntu/realtime/vit_system_zynq_ultra_ps_e_0_0_stub.v:6]
INFO: [Synth 8-6155] done synthesizing module 'vit_system_zynq_ultra_ps_e_0_0' (0#1) [/home/s23520579/Vivado_project/vit_m8_board_candidate_67c18532_workspace_20260809/vivado_server_307_perf_v1_m8_nongemm_nodsp_2023_2/VIT_googlebase_rtl/ViT_googlebase/ViT_googlebase.runs/synth_1/.Xil/Vivado-1900895-ubuntu/realtime/vit_system_zynq_ultra_ps_e_0_0_stub.v:6]
WARNING: [Synth 8-7071] port 'saxigp2_bid' of module 'vit_system_zynq_ultra_ps_e_0_0' is unconnected for instance 'zynq_ultra_ps_e_0' [/home/s23520579/Vivado_project/vit_m8_board_candidate_67c18532_workspace_20260809/vivado_server_307_perf_v1_m8_nongemm_nodsp_2023_2/VIT_googlebase_rtl/ViT_googlebase/ViT_googlebase.gen/sources_1/bd/vit_system/synth/vit_system.v:359]
WARNING: [Synth 8-7071] port 'saxigp2_rid' of module 'vit_system_zynq_ultra_ps_e_0_0' is unconnected for instance 'zynq_ultra_ps_e_0' [/home/s23520579/Vivado_project/vit_m8_board_candidate_67c18532_workspace_20260809/vivado_server_307_perf_v1_m8_nongemm_nodsp_2023_2/VIT_googlebase_rtl/ViT_googlebase/ViT_googlebase.gen/sources_1/bd/vit_system/synth/vit_system.v:359]
WARNING: [Synth 8-7071] port 'emio_enet0_enet_tsu_timer_cnt' of module 'vit_system_zynq_ultra_ps_e_0_0' is unconnected for instance 'zynq_ultra_ps_e_0' [/home/s23520579/Vivado_project/vit_m8_board_candidate_67c18532_workspace_20260809/vivado_server_307_perf_v1_m8_nongemm_nodsp_2023_2/VIT_googlebase_rtl/ViT_googlebase/ViT_googlebase.gen/sources_1/bd/vit_system/synth/vit_system.v:359]
WARNING: [Synth 8-7071] port 'dp_aux_data_out' of module 'vit_system_zynq_ultra_ps_e_0_0' is unconnected for instance 'zynq_ultra_ps_e_0' [/home/s23520579/Vivado_project/vit_m8_board_candidate_67c18532_workspace_20260809/vivado_server_307_perf_v1_m8_nongemm_nodsp_2023_2/VIT_googlebase_rtl/ViT_googlebase/ViT_googlebase.gen/sources_1/bd/vit_system/synth/vit_system.v:359]
WARNING: [Synth 8-7071] port 'dp_aux_data_oe_n' of module 'vit_system_zynq_ultra_ps_e_0_0' is unconnected for instance 'zynq_ultra_ps_e_0' [/home/s23520579/Vivado_project/vit_m8_board_candidate_67c18532_workspace_20260809/vivado_server_307_perf_v1_m8_nongemm_nodsp_2023_2/VIT_googlebase_rtl/ViT_googlebase/ViT_googlebase.gen/sources_1/bd/vit_system/synth/vit_system.v:359]
WARNING: [Synth 8-7023] instance 'zynq_ultra_ps_e_0' of module 'vit_system_zynq_ultra_ps_e_0_0' has 88 connections declared, but only 83 given [/home/s23520579/Vivado_project/vit_m8_board_candidate_67c18532_workspace_20260809/vivado_server_307_perf_v1_m8_nongemm_nodsp_2023_2/VIT_googlebase_rtl/ViT_googlebase/ViT_googlebase.gen/sources_1/bd/vit_system/synth/vit_system.v:359]
INFO: [Synth 8-6155] done synthesizing module 'vit_system' (0#1) [/home/s23520579/Vivado_project/vit_m8_board_candidate_67c18532_workspace_20260809/vivado_server_307_perf_v1_m8_nongemm_nodsp_2023_2/VIT_googlebase_rtl/ViT_googlebase/ViT_googlebase.gen/sources_1/bd/vit_system/synth/vit_system.v:13]
INFO: [Synth 8-6155] done synthesizing module 'vit_system_wrapper' (0#1) [/home/s23520579/Vivado_project/vit_m8_board_candidate_67c18532_workspace_20260809/vivado_server_307_perf_v1_m8_nongemm_nodsp_2023_2/VIT_googlebase_rtl/ViT_googlebase/ViT_googlebase.gen/sources_1/bd/vit_system/hdl/vit_system_wrapper.v:13]
---------------------------------------------------------------------------------
Finished RTL Elaboration : Time (s): cpu = 00:00:05 ; elapsed = 00:00:05 . Memory (MB): peak = 2688.793 ; gain = 366.746 ; free physical = 228092 ; free virtual = 245140
---------------------------------------------------------------------------------
---------------------------------------------------------------------------------
Start Handling Custom Attributes
---------------------------------------------------------------------------------
---------------------------------------------------------------------------------
Finished Handling Custom Attributes : Time (s): cpu = 00:00:05 ; elapsed = 00:00:05 . Memory (MB): peak = 2691.762 ; gain = 369.715 ; free physical = 228092 ; free virtual = 245140
---------------------------------------------------------------------------------
---------------------------------------------------------------------------------
Finished RTL Optimization Phase 1 : Time (s): cpu = 00:00:05 ; elapsed = 00:00:05 . Memory (MB): peak = 2691.762 ; gain = 369.715 ; free physical = 228092 ; free virtual = 245140
---------------------------------------------------------------------------------
Netlist sorting complete. Time (s): cpu = 00:00:00.01 ; elapsed = 00:00:00.01 . Memory (MB): peak = 2691.762 ; gain = 0.000 ; free physical = 228092 ; free virtual = 245140
INFO: [Project 1-570] Preparing netlist for logic optimization

Processing XDC Constraints
Initializing timing engine
Parsing XDC File [/home/s23520579/Vivado_project/vit_m8_board_candidate_67c18532_workspace_20260809/vivado_server_307_perf_v1_m8_nongemm_nodsp_2023_2/VIT_googlebase_rtl/ViT_googlebase/ViT_googlebase.gen/sources_1/bd/vit_system/ip/vit_system_zynq_ultra_ps_e_0_0/vit_system_zynq_ultra_ps_e_0_0/vit_system_zynq_ultra_ps_e_0_0_in_context.xdc] for cell 'vit_system_i/zynq_ultra_ps_e_0'
Finished Parsing XDC File [/home/s23520579/Vivado_project/vit_m8_board_candidate_67c18532_workspace_20260809/vivado_server_307_perf_v1_m8_nongemm_nodsp_2023_2/VIT_googlebase_rtl/ViT_googlebase/ViT_googlebase.gen/sources_1/bd/vit_system/ip/vit_system_zynq_ultra_ps_e_0_0/vit_system_zynq_ultra_ps_e_0_0/vit_system_zynq_ultra_ps_e_0_0_in_context.xdc] for cell 'vit_system_i/zynq_ultra_ps_e_0'
Parsing XDC File [/home/s23520579/Vivado_project/vit_m8_board_candidate_67c18532_workspace_20260809/vivado_server_307_perf_v1_m8_nongemm_nodsp_2023_2/VIT_googlebase_rtl/ViT_googlebase/ViT_googlebase.gen/sources_1/bd/vit_system/ip/vit_system_smartconnect_control_0/vit_system_smartconnect_control_0/vit_system_smartconnect_control_0_in_context.xdc] for cell 'vit_system_i/smartconnect_control'
Finished Parsing XDC File [/home/s23520579/Vivado_project/vit_m8_board_candidate_67c18532_workspace_20260809/vivado_server_307_perf_v1_m8_nongemm_nodsp_2023_2/VIT_googlebase_rtl/ViT_googlebase/ViT_googlebase.gen/sources_1/bd/vit_system/ip/vit_system_smartconnect_control_0/vit_system_smartconnect_control_0/vit_system_smartconnect_control_0_in_context.xdc] for cell 'vit_system_i/smartconnect_control'
Parsing XDC File [/home/s23520579/Vivado_project/vit_m8_board_candidate_67c18532_workspace_20260809/vivado_server_307_perf_v1_m8_nongemm_nodsp_2023_2/VIT_googlebase_rtl/ViT_googlebase/ViT_googlebase.gen/sources_1/bd/vit_system/ip/vit_system_smartconnect_ddr_0/vit_system_smartconnect_ddr_0/vit_system_smartconnect_ddr_0_in_context.xdc] for cell 'vit_system_i/smartconnect_ddr'
Finished Parsing XDC File [/home/s23520579/Vivado_project/vit_m8_board_candidate_67c18532_workspace_20260809/vivado_server_307_perf_v1_m8_nongemm_nodsp_2023_2/VIT_googlebase_rtl/ViT_googlebase/ViT_googlebase.gen/sources_1/bd/vit_system/ip/vit_system_smartconnect_ddr_0/vit_system_smartconnect_ddr_0/vit_system_smartconnect_ddr_0_in_context.xdc] for cell 'vit_system_i/smartconnect_ddr'
Parsing XDC File [/home/s23520579/Vivado_project/vit_m8_board_candidate_67c18532_workspace_20260809/vivado_server_307_perf_v1_m8_nongemm_nodsp_2023_2/VIT_googlebase_rtl/ViT_googlebase/ViT_googlebase.gen/sources_1/bd/vit_system/ip/vit_system_proc_sys_reset_0_0/vit_system_proc_sys_reset_0_0/vit_system_proc_sys_reset_0_0_in_context.xdc] for cell 'vit_system_i/proc_sys_reset_0'
Finished Parsing XDC File [/home/s23520579/Vivado_project/vit_m8_board_candidate_67c18532_workspace_20260809/vivado_server_307_perf_v1_m8_nongemm_nodsp_2023_2/VIT_googlebase_rtl/ViT_googlebase/ViT_googlebase.gen/sources_1/bd/vit_system/ip/vit_system_proc_sys_reset_0_0/vit_system_proc_sys_reset_0_0/vit_system_proc_sys_reset_0_0_in_context.xdc] for cell 'vit_system_i/proc_sys_reset_0'
Parsing XDC File [/home/s23520579/Vivado_project/vit_m8_board_candidate_67c18532_workspace_20260809/vivado_server_307_perf_v1_m8_nongemm_nodsp_2023_2/VIT_googlebase_rtl/ViT_googlebase/ViT_googlebase.gen/sources_1/bd/vit_system/ip/vit_system_vit_phase_e_axi_0_0/vit_system_vit_phase_e_axi_0_0/vit_system_vit_phase_e_axi_0_0_in_context.xdc] for cell 'vit_system_i/vit_phase_e_axi_0'
Finished Parsing XDC File [/home/s23520579/Vivado_project/vit_m8_board_candidate_67c18532_workspace_20260809/vivado_server_307_perf_v1_m8_nongemm_nodsp_2023_2/VIT_googlebase_rtl/ViT_googlebase/ViT_googlebase.gen/sources_1/bd/vit_system/ip/vit_system_vit_phase_e_axi_0_0/vit_system_vit_phase_e_axi_0_0/vit_system_vit_phase_e_axi_0_0_in_context.xdc] for cell 'vit_system_i/vit_phase_e_axi_0'
Parsing XDC File [/home/s23520579/Vivado_project/vit_m8_board_candidate_67c18532_workspace_20260809/vivado_server_307_perf_v1_m8_nongemm_nodsp_2023_2/scripts/vivado/no_dsp.xdc]
Finished Parsing XDC File [/home/s23520579/Vivado_project/vit_m8_board_candidate_67c18532_workspace_20260809/vivado_server_307_perf_v1_m8_nongemm_nodsp_2023_2/scripts/vivado/no_dsp.xdc]
Parsing XDC File [/home/s23520579/Vivado_project/vit_m8_board_candidate_67c18532_workspace_20260809/vivado_server_307_perf_v1_m8_nongemm_nodsp_2023_2/VIT_googlebase_rtl/ViT_googlebase/ViT_googlebase.runs/synth_1/dont_touch.xdc]
Finished Parsing XDC File [/home/s23520579/Vivado_project/vit_m8_board_candidate_67c18532_workspace_20260809/vivado_server_307_perf_v1_m8_nongemm_nodsp_2023_2/VIT_googlebase_rtl/ViT_googlebase/ViT_googlebase.runs/synth_1/dont_touch.xdc]
Completed Processing XDC Constraints

Netlist sorting complete. Time (s): cpu = 00:00:00 ; elapsed = 00:00:00 . Memory (MB): peak = 2732.684 ; gain = 0.000 ; free physical = 228089 ; free virtual = 245137
INFO: [Project 1-111] Unisim Transformation Summary:
No Unisim elements were transformed.

Constraint Validation Runtime : Time (s): cpu = 00:00:00.01 ; elapsed = 00:00:00.01 . Memory (MB): peak = 2732.719 ; gain = 0.000 ; free physical = 228089 ; free virtual = 245137
---------------------------------------------------------------------------------
Finished Constraint Validation : Time (s): cpu = 00:00:15 ; elapsed = 00:00:15 . Memory (MB): peak = 2732.719 ; gain = 410.672 ; free physical = 228094 ; free virtual = 245142
---------------------------------------------------------------------------------
---------------------------------------------------------------------------------
Start Loading Part and Timing Information
---------------------------------------------------------------------------------
Loading part: xczu5ev-sfvc784-1-e
INFO: [Synth 8-6742] Reading net delay rules and data
---------------------------------------------------------------------------------
Finished Loading Part and Timing Information : Time (s): cpu = 00:00:15 ; elapsed = 00:00:15 . Memory (MB): peak = 2732.719 ; gain = 410.672 ; free physical = 228094 ; free virtual = 245142
---------------------------------------------------------------------------------
---------------------------------------------------------------------------------
Start Applying 'set_property' XDC Constraints
---------------------------------------------------------------------------------
Applied set_property USE_DSP = NO for vit_system_i. (constraint file  /home/s23520579/Vivado_project/vit_m8_board_candidate_67c18532_workspace_20260809/vivado_server_307_perf_v1_m8_nongemm_nodsp_2023_2/scripts/vivado/no_dsp.xdc, line 5).
Applied set_property USE_DSP = NO for vit_system_i/const_one. (constraint file  /home/s23520579/Vivado_project/vit_m8_board_candidate_67c18532_workspace_20260809/vivado_server_307_perf_v1_m8_nongemm_nodsp_2023_2/scripts/vivado/no_dsp.xdc, line 5).
Applied set_property USE_DSP = NO for vit_system_i/const_zero. (constraint file  /home/s23520579/Vivado_project/vit_m8_board_candidate_67c18532_workspace_20260809/vivado_server_307_perf_v1_m8_nongemm_nodsp_2023_2/scripts/vivado/no_dsp.xdc, line 5).
Applied set_property USE_DSP = NO for vit_system_i/proc_sys_reset_0. (constraint file  /home/s23520579/Vivado_project/vit_m8_board_candidate_67c18532_workspace_20260809/vivado_server_307_perf_v1_m8_nongemm_nodsp_2023_2/scripts/vivado/no_dsp.xdc, line 5).
Applied set_property USE_DSP = NO for vit_system_i/smartconnect_control. (constraint file  /home/s23520579/Vivado_project/vit_m8_board_candidate_67c18532_workspace_20260809/vivado_server_307_perf_v1_m8_nongemm_nodsp_2023_2/scripts/vivado/no_dsp.xdc, line 5).
Applied set_property USE_DSP = NO for vit_system_i/smartconnect_ddr. (constraint file  /home/s23520579/Vivado_project/vit_m8_board_candidate_67c18532_workspace_20260809/vivado_server_307_perf_v1_m8_nongemm_nodsp_2023_2/scripts/vivado/no_dsp.xdc, line 5).
Applied set_property USE_DSP = NO for vit_system_i/vit_phase_e_axi_0. (constraint file  /home/s23520579/Vivado_project/vit_m8_board_candidate_67c18532_workspace_20260809/vivado_server_307_perf_v1_m8_nongemm_nodsp_2023_2/scripts/vivado/no_dsp.xdc, line 5).
Applied set_property USE_DSP = NO for vit_system_i/zynq_ultra_ps_e_0. (constraint file  /home/s23520579/Vivado_project/vit_m8_board_candidate_67c18532_workspace_20260809/vivado_server_307_perf_v1_m8_nongemm_nodsp_2023_2/scripts/vivado/no_dsp.xdc, line 5).
Applied set_property KEEP_HIERARCHY = SOFT for vit_system_i. (constraint file  auto generated constraint).
Applied set_property KEEP_HIERARCHY = SOFT for vit_system_i/zynq_ultra_ps_e_0. (constraint file  auto generated constraint).
Applied set_property KEEP_HIERARCHY = SOFT for vit_system_i/smartconnect_control. (constraint file  auto generated constraint).
Applied set_property KEEP_HIERARCHY = SOFT for vit_system_i/smartconnect_ddr. (constraint file  auto generated constraint).
Applied set_property KEEP_HIERARCHY = SOFT for vit_system_i/proc_sys_reset_0. (constraint file  auto generated constraint).
Applied set_property KEEP_HIERARCHY = SOFT for vit_system_i/const_zero. (constraint file  auto generated constraint).
Applied set_property KEEP_HIERARCHY = SOFT for vit_system_i/const_one. (constraint file  auto generated constraint).
Applied set_property KEEP_HIERARCHY = SOFT for vit_system_i/vit_phase_e_axi_0. (constraint file  auto generated constraint).
---------------------------------------------------------------------------------
Finished applying 'set_property' XDC Constraints : Time (s): cpu = 00:00:15 ; elapsed = 00:00:15 . Memory (MB): peak = 2732.719 ; gain = 410.672 ; free physical = 228094 ; free virtual = 245142
---------------------------------------------------------------------------------
---------------------------------------------------------------------------------
Finished RTL Optimization Phase 2 : Time (s): cpu = 00:00:15 ; elapsed = 00:00:16 . Memory (MB): peak = 2732.719 ; gain = 410.672 ; free physical = 228093 ; free virtual = 245142
---------------------------------------------------------------------------------
---------------------------------------------------------------------------------
Start RTL Component Statistics 
---------------------------------------------------------------------------------
Detailed RTL Component Info : 
---------------------------------------------------------------------------------
Finished RTL Component Statistics 
---------------------------------------------------------------------------------
---------------------------------------------------------------------------------
Start Part Resource Summary
---------------------------------------------------------------------------------
Part Resources:
DSPs: 1248 (col length:96)
BRAMs: 288 (col length: RAMB18 96 RAMB36 48)
---------------------------------------------------------------------------------
Finished Part Resource Summary
---------------------------------------------------------------------------------
---------------------------------------------------------------------------------
Start Cross Boundary and Area Optimization
---------------------------------------------------------------------------------
WARNING: [Synth 8-7080] Parallel synthesis criteria is not met
---------------------------------------------------------------------------------
Finished Cross Boundary and Area Optimization : Time (s): cpu = 00:00:17 ; elapsed = 00:00:17 . Memory (MB): peak = 2732.719 ; gain = 410.672 ; free physical = 228090 ; free virtual = 245143
---------------------------------------------------------------------------------
---------------------------------------------------------------------------------
Start Applying XDC Timing Constraints
---------------------------------------------------------------------------------
---------------------------------------------------------------------------------
Finished Applying XDC Timing Constraints : Time (s): cpu = 00:00:25 ; elapsed = 00:00:25 . Memory (MB): peak = 3245.504 ; gain = 923.457 ; free physical = 227643 ; free virtual = 244696
---------------------------------------------------------------------------------
---------------------------------------------------------------------------------
Start Timing Optimization
---------------------------------------------------------------------------------
---------------------------------------------------------------------------------
Finished Timing Optimization : Time (s): cpu = 00:00:25 ; elapsed = 00:00:25 . Memory (MB): peak = 3245.504 ; gain = 923.457 ; free physical = 227643 ; free virtual = 244696
---------------------------------------------------------------------------------
---------------------------------------------------------------------------------
Start Technology Mapping
---------------------------------------------------------------------------------
---------------------------------------------------------------------------------
Finished Technology Mapping : Time (s): cpu = 00:00:25 ; elapsed = 00:00:25 . Memory (MB): peak = 3255.520 ; gain = 933.473 ; free physical = 227635 ; free virtual = 244688
---------------------------------------------------------------------------------
---------------------------------------------------------------------------------
Start IO Insertion
---------------------------------------------------------------------------------
---------------------------------------------------------------------------------
Start Final Netlist Cleanup
---------------------------------------------------------------------------------
---------------------------------------------------------------------------------
Finished Final Netlist Cleanup
---------------------------------------------------------------------------------
---------------------------------------------------------------------------------
Finished IO Insertion : Time (s): cpu = 00:00:29 ; elapsed = 00:00:29 . Memory (MB): peak = 3269.395 ; gain = 947.348 ; free physical = 227652 ; free virtual = 244705
---------------------------------------------------------------------------------
---------------------------------------------------------------------------------
Start Renaming Generated Instances
---------------------------------------------------------------------------------
---------------------------------------------------------------------------------
Finished Renaming Generated Instances : Time (s): cpu = 00:00:29 ; elapsed = 00:00:29 . Memory (MB): peak = 3269.395 ; gain = 947.348 ; free physical = 227652 ; free virtual = 244705
---------------------------------------------------------------------------------
---------------------------------------------------------------------------------
Start Handling Custom Attributes
---------------------------------------------------------------------------------
---------------------------------------------------------------------------------
Finished Handling Custom Attributes : Time (s): cpu = 00:00:29 ; elapsed = 00:00:29 . Memory (MB): peak = 3269.395 ; gain = 947.348 ; free physical = 227651 ; free virtual = 244704
---------------------------------------------------------------------------------
---------------------------------------------------------------------------------
Start Writing Synthesis Report
---------------------------------------------------------------------------------

Report BlackBoxes: 
+------+----------------------------------+----------+
|      |BlackBox name                     |Instances |
+------+----------------------------------+----------+
|1     |vit_system_proc_sys_reset_0_0     |         1|
|2     |vit_system_smartconnect_control_0 |         1|
|3     |vit_system_smartconnect_ddr_0     |         1|
|4     |vit_system_vit_phase_e_axi_0_0    |         1|
|5     |vit_system_zynq_ultra_ps_e_0_0    |         1|
+------+----------------------------------+----------+

Report Cell Usage: 
+------+--------------------------------+------+
|      |Cell                            |Count |
+------+--------------------------------+------+
|1     |vit_system_proc_sys_reset_0     |     1|
|2     |vit_system_smartconnect_control |     1|
|3     |vit_system_smartconnect_ddr     |     1|
|4     |vit_system_vit_phase_e_axi_0    |     1|
|5     |vit_system_zynq_ultra_ps_e_0    |     1|
+------+--------------------------------+------+
---------------------------------------------------------------------------------
Finished Writing Synthesis Report : Time (s): cpu = 00:00:29 ; elapsed = 00:00:29 . Memory (MB): peak = 3269.395 ; gain = 947.348 ; free physical = 227651 ; free virtual = 244704
---------------------------------------------------------------------------------
Synthesis finished with 0 errors, 0 critical warnings and 1 warnings.
Synthesis Optimization Runtime : Time (s): cpu = 00:00:23 ; elapsed = 00:00:24 . Memory (MB): peak = 3269.395 ; gain = 906.391 ; free physical = 227653 ; free virtual = 244706
Synthesis Optimization Complete : Time (s): cpu = 00:00:29 ; elapsed = 00:00:29 . Memory (MB): peak = 3269.402 ; gain = 947.348 ; free physical = 227653 ; free virtual = 244706
INFO: [Project 1-571] Translating synthesized netlist
Netlist sorting complete. Time (s): cpu = 00:00:00 ; elapsed = 00:00:00 . Memory (MB): peak = 3269.402 ; gain = 0.000 ; free physical = 227653 ; free virtual = 244706
INFO: [Project 1-570] Preparing netlist for logic optimization
INFO: [Opt 31-138] Pushed 0 inverter(s) to 0 load pin(s).
Netlist sorting complete. Time (s): cpu = 00:00:00 ; elapsed = 00:00:00 . Memory (MB): peak = 3305.082 ; gain = 0.000 ; free physical = 227878 ; free virtual = 244931
INFO: [Project 1-111] Unisim Transformation Summary:
No Unisim elements were transformed.

Synth Design complete | Checksum: d0cc15d2
INFO: [Common 17-83] Releasing license: Synthesis
39 Infos, 11 Warnings, 0 Critical Warnings and 0 Errors encountered.
synth_design completed successfully
synth_design: Time (s): cpu = 00:00:37 ; elapsed = 00:00:35 . Memory (MB): peak = 3319.055 ; gain = 1939.211 ; free physical = 227872 ; free virtual = 244925
INFO: [Common 17-2834] synth_design peak Physical Memory [PSS] (MB): overall = 2422.272; main = 2422.272; forked = 331.235
INFO: [Common 17-2834] synth_design peak Virtual Memory [VSS] (MB): overall = 3768.383; main = 3319.023; forked = 982.805
INFO: [Common 17-1381] The checkpoint '/home/s23520579/Vivado_project/vit_m8_board_candidate_67c18532_workspace_20260809/vivado_server_307_perf_v1_m8_nongemm_nodsp_2023_2/VIT_googlebase_rtl/ViT_googlebase/ViT_googlebase.runs/synth_1/vit_system_wrapper.dcp' has been generated.
INFO: [runtcl-4] Executing : report_utilization -file vit_system_wrapper_utilization_synth.rpt -pb vit_system_wrapper_utilization_synth.pb
INFO: [Common 17-206] Exiting Vivado at Sun Aug  9 03:47:42 2026...
[Sun Aug  9 03:47:52 2026] synth_1 finished
wait_on_runs: Time (s): cpu = 00:11:38 ; elapsed = 00:12:25 . Memory (MB): peak = 1604.859 ; gain = 0.000 ; free physical = 230150 ; free virtual = 247197
PASS: synth_1 completed: synth_design Complete!
PASS: synth_1 is current
PASS: vit_system_vit_phase_e_axi_0_0_synth_1 completed: synth_design Complete!
PASS: vit_system_vit_phase_e_axi_0_0_synth_1 is current
PASS: vit_system_vit_phase_e_axi_0_0_synth_1 FLATTEN_HIERARCHY=none MAX_DSP=0
Design is defaulting to impl run constrset: constrs_1
Design is defaulting to synth run part: xczu5ev-sfvc784-1-e
INFO: [Device 21-403] Loading part xczu5ev-sfvc784-1-e
INFO: [Project 1-454] Reading design checkpoint '/home/s23520579/Vivado_project/vit_m8_board_candidate_67c18532_workspace_20260809/vivado_server_307_perf_v1_m8_nongemm_nodsp_2023_2/VIT_googlebase_rtl/ViT_googlebase/ViT_googlebase.gen/sources_1/bd/vit_system/ip/vit_system_proc_sys_reset_0_0/vit_system_proc_sys_reset_0_0.dcp' for cell 'vit_system_i/proc_sys_reset_0'
INFO: [Project 1-454] Reading design checkpoint '/home/s23520579/Vivado_project/vit_m8_board_candidate_67c18532_workspace_20260809/vivado_server_307_perf_v1_m8_nongemm_nodsp_2023_2/VIT_googlebase_rtl/ViT_googlebase/ViT_googlebase.gen/sources_1/bd/vit_system/ip/vit_system_smartconnect_control_0/vit_system_smartconnect_control_0.dcp' for cell 'vit_system_i/smartconnect_control'
INFO: [Project 1-454] Reading design checkpoint '/home/s23520579/Vivado_project/vit_m8_board_candidate_67c18532_workspace_20260809/vivado_server_307_perf_v1_m8_nongemm_nodsp_2023_2/VIT_googlebase_rtl/ViT_googlebase/ViT_googlebase.gen/sources_1/bd/vit_system/ip/vit_system_smartconnect_ddr_0/vit_system_smartconnect_ddr_0.dcp' for cell 'vit_system_i/smartconnect_ddr'
INFO: [Project 1-454] Reading design checkpoint '/home/s23520579/Vivado_project/vit_m8_board_candidate_67c18532_workspace_20260809/vivado_server_307_perf_v1_m8_nongemm_nodsp_2023_2/VIT_googlebase_rtl/ViT_googlebase/ViT_googlebase.gen/sources_1/bd/vit_system/ip/vit_system_vit_phase_e_axi_0_0/vit_system_vit_phase_e_axi_0_0.dcp' for cell 'vit_system_i/vit_phase_e_axi_0'
INFO: [Project 1-454] Reading design checkpoint '/home/s23520579/Vivado_project/vit_m8_board_candidate_67c18532_workspace_20260809/vivado_server_307_perf_v1_m8_nongemm_nodsp_2023_2/VIT_googlebase_rtl/ViT_googlebase/ViT_googlebase.gen/sources_1/bd/vit_system/ip/vit_system_zynq_ultra_ps_e_0_0/vit_system_zynq_ultra_ps_e_0_0.dcp' for cell 'vit_system_i/zynq_ultra_ps_e_0'
Netlist sorting complete. Time (s): cpu = 00:00:00.92 ; elapsed = 00:00:00.92 . Memory (MB): peak = 2486.488 ; gain = 0.000 ; free physical = 229125 ; free virtual = 246173
INFO: [Netlist 29-17] Analyzing 8579 Unisim elements for replacement
INFO: [Netlist 29-28] Unisim Transformation completed in 0 CPU seconds
INFO: [Project 1-479] Netlist was created with Vivado 2023.2
INFO: [Project 1-570] Preparing netlist for logic optimization
Parsing XDC File [/home/s23520579/Vivado_project/vit_m8_board_candidate_67c18532_workspace_20260809/vivado_server_307_perf_v1_m8_nongemm_nodsp_2023_2/VIT_googlebase_rtl/ViT_googlebase/ViT_googlebase.gen/sources_1/bd/vit_system/ip/vit_system_smartconnect_ddr_0/bd_0/ip/ip_1/bd_819f_psr_aclk_0_board.xdc] for cell 'vit_system_i/smartconnect_ddr/inst/clk_map/psr_aclk/U0'
Finished Parsing XDC File [/home/s23520579/Vivado_project/vit_m8_board_candidate_67c18532_workspace_20260809/vivado_server_307_perf_v1_m8_nongemm_nodsp_2023_2/VIT_googlebase_rtl/ViT_googlebase/ViT_googlebase.gen/sources_1/bd/vit_system/ip/vit_system_smartconnect_ddr_0/bd_0/ip/ip_1/bd_819f_psr_aclk_0_board.xdc] for cell 'vit_system_i/smartconnect_ddr/inst/clk_map/psr_aclk/U0'
Parsing XDC File [/home/s23520579/Vivado_project/vit_m8_board_candidate_67c18532_workspace_20260809/vivado_server_307_perf_v1_m8_nongemm_nodsp_2023_2/VIT_googlebase_rtl/ViT_googlebase/ViT_googlebase.gen/sources_1/bd/vit_system/ip/vit_system_proc_sys_reset_0_0/vit_system_proc_sys_reset_0_0.xdc] for cell 'vit_system_i/proc_sys_reset_0/U0'
Finished Parsing XDC File [/home/s23520579/Vivado_project/vit_m8_board_candidate_67c18532_workspace_20260809/vivado_server_307_perf_v1_m8_nongemm_nodsp_2023_2/VIT_googlebase_rtl/ViT_googlebase/ViT_googlebase.gen/sources_1/bd/vit_system/ip/vit_system_proc_sys_reset_0_0/vit_system_proc_sys_reset_0_0.xdc] for cell 'vit_system_i/proc_sys_reset_0/U0'
Parsing XDC File [/home/s23520579/Vivado_project/vit_m8_board_candidate_67c18532_workspace_20260809/vivado_server_307_perf_v1_m8_nongemm_nodsp_2023_2/VIT_googlebase_rtl/ViT_googlebase/ViT_googlebase.gen/sources_1/bd/vit_system/ip/vit_system_proc_sys_reset_0_0/vit_system_proc_sys_reset_0_0_board.xdc] for cell 'vit_system_i/proc_sys_reset_0/U0'
Finished Parsing XDC File [/home/s23520579/Vivado_project/vit_m8_board_candidate_67c18532_workspace_20260809/vivado_server_307_perf_v1_m8_nongemm_nodsp_2023_2/VIT_googlebase_rtl/ViT_googlebase/ViT_googlebase.gen/sources_1/bd/vit_system/ip/vit_system_proc_sys_reset_0_0/vit_system_proc_sys_reset_0_0_board.xdc] for cell 'vit_system_i/proc_sys_reset_0/U0'
Parsing XDC File [/home/s23520579/Vivado_project/vit_m8_board_candidate_67c18532_workspace_20260809/vivado_server_307_perf_v1_m8_nongemm_nodsp_2023_2/VIT_googlebase_rtl/ViT_googlebase/ViT_googlebase.gen/sources_1/bd/vit_system/ip/vit_system_smartconnect_ddr_0/smartconnect.xdc] for cell 'vit_system_i/smartconnect_ddr/inst'
WARNING: [Vivado_Tcl 4-919] Waiver ID 'CDC-1' -from list should not be empty. [/home/s23520579/Vivado_project/vit_m8_board_candidate_67c18532_workspace_20260809/vivado_server_307_perf_v1_m8_nongemm_nodsp_2023_2/VIT_googlebase_rtl/ViT_googlebase/ViT_googlebase.gen/sources_1/bd/vit_system/ip/vit_system_smartconnect_ddr_0/smartconnect.xdc:1]
WARNING: [Vivado_Tcl 4-921] Waiver ID 'CDC-1' -to list should not be empty. [/home/s23520579/Vivado_project/vit_m8_board_candidate_67c18532_workspace_20260809/vivado_server_307_perf_v1_m8_nongemm_nodsp_2023_2/VIT_googlebase_rtl/ViT_googlebase/ViT_googlebase.gen/sources_1/bd/vit_system/ip/vit_system_smartconnect_ddr_0/smartconnect.xdc:2]
WARNING: [Vivado_Tcl 4-921] Waiver ID 'CDC-1' -to list should not be empty. [/home/s23520579/Vivado_project/vit_m8_board_candidate_67c18532_workspace_20260809/vivado_server_307_perf_v1_m8_nongemm_nodsp_2023_2/VIT_googlebase_rtl/ViT_googlebase/ViT_googlebase.gen/sources_1/bd/vit_system/ip/vit_system_smartconnect_ddr_0/smartconnect.xdc:3]
WARNING: [Vivado_Tcl 4-921] Waiver ID 'CDC-1' -to list should not be empty. [/home/s23520579/Vivado_project/vit_m8_board_candidate_67c18532_workspace_20260809/vivado_server_307_perf_v1_m8_nongemm_nodsp_2023_2/VIT_googlebase_rtl/ViT_googlebase/ViT_googlebase.gen/sources_1/bd/vit_system/ip/vit_system_smartconnect_ddr_0/smartconnect.xdc:4]
WARNING: [Vivado_Tcl 4-921] Waiver ID 'CDC-1' -to list should not be empty. [/home/s23520579/Vivado_project/vit_m8_board_candidate_67c18532_workspace_20260809/vivado_server_307_perf_v1_m8_nongemm_nodsp_2023_2/VIT_googlebase_rtl/ViT_googlebase/ViT_googlebase.gen/sources_1/bd/vit_system/ip/vit_system_smartconnect_ddr_0/smartconnect.xdc:5]
WARNING: [Vivado_Tcl 4-921] Waiver ID 'CDC-1' -to list should not be empty. [/home/s23520579/Vivado_project/vit_m8_board_candidate_67c18532_workspace_20260809/vivado_server_307_perf_v1_m8_nongemm_nodsp_2023_2/VIT_googlebase_rtl/ViT_googlebase/ViT_googlebase.gen/sources_1/bd/vit_system/ip/vit_system_smartconnect_ddr_0/smartconnect.xdc:6]
WARNING: [Vivado_Tcl 4-921] Waiver ID 'CDC-1' -to list should not be empty. [/home/s23520579/Vivado_project/vit_m8_board_candidate_67c18532_workspace_20260809/vivado_server_307_perf_v1_m8_nongemm_nodsp_2023_2/VIT_googlebase_rtl/ViT_googlebase/ViT_googlebase.gen/sources_1/bd/vit_system/ip/vit_system_smartconnect_ddr_0/smartconnect.xdc:7]
WARNING: [Vivado_Tcl 4-921] Waiver ID 'CDC-1' -to list should not be empty. [/home/s23520579/Vivado_project/vit_m8_board_candidate_67c18532_workspace_20260809/vivado_server_307_perf_v1_m8_nongemm_nodsp_2023_2/VIT_googlebase_rtl/ViT_googlebase/ViT_googlebase.gen/sources_1/bd/vit_system/ip/vit_system_smartconnect_ddr_0/smartconnect.xdc:8]
WARNING: [Vivado_Tcl 4-921] Waiver ID 'CDC-1' -to list should not be empty. [/home/s23520579/Vivado_project/vit_m8_board_candidate_67c18532_workspace_20260809/vivado_server_307_perf_v1_m8_nongemm_nodsp_2023_2/VIT_googlebase_rtl/ViT_googlebase/ViT_googlebase.gen/sources_1/bd/vit_system/ip/vit_system_smartconnect_ddr_0/smartconnect.xdc:9]
WARNING: [Vivado_Tcl 4-921] Waiver ID 'CDC-1' -to list should not be empty. [/home/s23520579/Vivado_project/vit_m8_board_candidate_67c18532_workspace_20260809/vivado_server_307_perf_v1_m8_nongemm_nodsp_2023_2/VIT_googlebase_rtl/ViT_googlebase/ViT_googlebase.gen/sources_1/bd/vit_system/ip/vit_system_smartconnect_ddr_0/smartconnect.xdc:10]
Finished Parsing XDC File [/home/s23520579/Vivado_project/vit_m8_board_candidate_67c18532_workspace_20260809/vivado_server_307_perf_v1_m8_nongemm_nodsp_2023_2/VIT_googlebase_rtl/ViT_googlebase/ViT_googlebase.gen/sources_1/bd/vit_system/ip/vit_system_smartconnect_ddr_0/smartconnect.xdc] for cell 'vit_system_i/smartconnect_ddr/inst'
Parsing XDC File [/home/s23520579/Vivado_project/vit_m8_board_candidate_67c18532_workspace_20260809/vivado_server_307_perf_v1_m8_nongemm_nodsp_2023_2/VIT_googlebase_rtl/ViT_googlebase/ViT_googlebase.gen/sources_1/bd/vit_system/ip/vit_system_smartconnect_ddr_0/bd_0/ip/ip_10/bd_819f_sbn_0_clocks.xdc] for cell 'vit_system_i/smartconnect_ddr/inst/s00_nodes/s00_b_node/inst'
WARNING: [Vivado_Tcl 4-921] Waiver ID 'CDC-1' -to list should not be empty. [/home/s23520579/Vivado_project/vit_m8_board_candidate_67c18532_workspace_20260809/vivado_server_307_perf_v1_m8_nongemm_nodsp_2023_2/VIT_googlebase_rtl/ViT_googlebase/ViT_googlebase.gen/sources_1/bd/vit_system/ip/vit_system_smartconnect_ddr_0/bd_0/ip/ip_10/bd_819f_sbn_0_clocks.xdc:49]
WARNING: [Vivado_Tcl 4-921] Waiver ID 'CDC-1' -to list should not be empty. [/home/s23520579/Vivado_project/vit_m8_board_candidate_67c18532_workspace_20260809/vivado_server_307_perf_v1_m8_nongemm_nodsp_2023_2/VIT_googlebase_rtl/ViT_googlebase/ViT_googlebase.gen/sources_1/bd/vit_system/ip/vit_system_smartconnect_ddr_0/bd_0/ip/ip_10/bd_819f_sbn_0_clocks.xdc:52]
WARNING: [Vivado_Tcl 4-921] Waiver ID 'CDC-1' -to list should not be empty. [/home/s23520579/Vivado_project/vit_m8_board_candidate_67c18532_workspace_20260809/vivado_server_307_perf_v1_m8_nongemm_nodsp_2023_2/VIT_googlebase_rtl/ViT_googlebase/ViT_googlebase.gen/sources_1/bd/vit_system/ip/vit_system_smartconnect_ddr_0/bd_0/ip/ip_10/bd_819f_sbn_0_clocks.xdc:55]
WARNING: [Vivado_Tcl 4-921] Waiver ID 'CDC-1' -to list should not be empty. [/home/s23520579/Vivado_project/vit_m8_board_candidate_67c18532_workspace_20260809/vivado_server_307_perf_v1_m8_nongemm_nodsp_2023_2/VIT_googlebase_rtl/ViT_googlebase/ViT_googlebase.gen/sources_1/bd/vit_system/ip/vit_system_smartconnect_ddr_0/bd_0/ip/ip_10/bd_819f_sbn_0_clocks.xdc:59]
WARNING: [Vivado_Tcl 4-921] Waiver ID 'CDC-1' -to list should not be empty. [/home/s23520579/Vivado_project/vit_m8_board_candidate_67c18532_workspace_20260809/vivado_server_307_perf_v1_m8_nongemm_nodsp_2023_2/VIT_googlebase_rtl/ViT_googlebase/ViT_googlebase.gen/sources_1/bd/vit_system/ip/vit_system_smartconnect_ddr_0/bd_0/ip/ip_10/bd_819f_sbn_0_clocks.xdc:63]
WARNING: [Vivado_Tcl 4-921] Waiver ID 'CDC-1' -to list should not be empty. [/home/s23520579/Vivado_project/vit_m8_board_candidate_67c18532_workspace_20260809/vivado_server_307_perf_v1_m8_nongemm_nodsp_2023_2/VIT_googlebase_rtl/ViT_googlebase/ViT_googlebase.gen/sources_1/bd/vit_system/ip/vit_system_smartconnect_ddr_0/bd_0/ip/ip_10/bd_819f_sbn_0_clocks.xdc:66]
WARNING: [Vivado_Tcl 4-921] Waiver ID 'CDC-1' -to list should not be empty. [/home/s23520579/Vivado_project/vit_m8_board_candidate_67c18532_workspace_20260809/vivado_server_307_perf_v1_m8_nongemm_nodsp_2023_2/VIT_googlebase_rtl/ViT_googlebase/ViT_googlebase.gen/sources_1/bd/vit_system/ip/vit_system_smartconnect_ddr_0/bd_0/ip/ip_10/bd_819f_sbn_0_clocks.xdc:70]
WARNING: [Vivado_Tcl 4-921] Waiver ID 'CDC-1' -to list should not be empty. [/home/s23520579/Vivado_project/vit_m8_board_candidate_67c18532_workspace_20260809/vivado_server_307_perf_v1_m8_nongemm_nodsp_2023_2/VIT_googlebase_rtl/ViT_googlebase/ViT_googlebase.gen/sources_1/bd/vit_system/ip/vit_system_smartconnect_ddr_0/bd_0/ip/ip_10/bd_819f_sbn_0_clocks.xdc:73]
WARNING: [Vivado_Tcl 4-921] Waiver ID 'CDC-1' -to list should not be empty. [/home/s23520579/Vivado_project/vit_m8_board_candidate_67c18532_workspace_20260809/vivado_server_307_perf_v1_m8_nongemm_nodsp_2023_2/VIT_googlebase_rtl/ViT_googlebase/ViT_googlebase.gen/sources_1/bd/vit_system/ip/vit_system_smartconnect_ddr_0/bd_0/ip/ip_10/bd_819f_sbn_0_clocks.xdc:76]
WARNING: [Vivado_Tcl 4-921] Waiver ID 'CDC-1' -to list should not be empty. [/home/s23520579/Vivado_project/vit_m8_board_candidate_67c18532_workspace_20260809/vivado_server_307_perf_v1_m8_nongemm_nodsp_2023_2/VIT_googlebase_rtl/ViT_googlebase/ViT_googlebase.gen/sources_1/bd/vit_system/ip/vit_system_smartconnect_ddr_0/bd_0/ip/ip_10/bd_819f_sbn_0_clocks.xdc:79]
WARNING: [Vivado_Tcl 4-921] Waiver ID 'CDC-1' -to list should not be empty. [/home/s23520579/Vivado_project/vit_m8_board_candidate_67c18532_workspace_20260809/vivado_server_307_perf_v1_m8_nongemm_nodsp_2023_2/VIT_googlebase_rtl/ViT_googlebase/ViT_googlebase.gen/sources_1/bd/vit_system/ip/vit_system_smartconnect_ddr_0/bd_0/ip/ip_10/bd_819f_sbn_0_clocks.xdc:82]
WARNING: [Vivado_Tcl 4-921] Waiver ID 'CDC-4' -to list should not be empty. [/home/s23520579/Vivado_project/vit_m8_board_candidate_67c18532_workspace_20260809/vivado_server_307_perf_v1_m8_nongemm_nodsp_2023_2/VIT_googlebase_rtl/ViT_googlebase/ViT_googlebase.gen/sources_1/bd/vit_system/ip/vit_system_smartconnect_ddr_0/bd_0/ip/ip_10/bd_819f_sbn_0_clocks.xdc:85]
WARNING: [Vivado_Tcl 4-921] Waiver ID 'CDC-4' -to list should not be empty. [/home/s23520579/Vivado_project/vit_m8_board_candidate_67c18532_workspace_20260809/vivado_server_307_perf_v1_m8_nongemm_nodsp_2023_2/VIT_googlebase_rtl/ViT_googlebase/ViT_googlebase.gen/sources_1/bd/vit_system/ip/vit_system_smartconnect_ddr_0/bd_0/ip/ip_10/bd_819f_sbn_0_clocks.xdc:88]
WARNING: [Vivado_Tcl 4-921] Waiver ID 'CDC-2' -to list should not be empty. [/home/s23520579/Vivado_project/vit_m8_board_candidate_67c18532_workspace_20260809/vivado_server_307_perf_v1_m8_nongemm_nodsp_2023_2/VIT_googlebase_rtl/ViT_googlebase/ViT_googlebase.gen/sources_1/bd/vit_system/ip/vit_system_smartconnect_ddr_0/bd_0/ip/ip_10/bd_819f_sbn_0_clocks.xdc:91]
WARNING: [Vivado_Tcl 4-921] Waiver ID 'CDC-2' -to list should not be empty. [/home/s23520579/Vivado_project/vit_m8_board_candidate_67c18532_workspace_20260809/vivado_server_307_perf_v1_m8_nongemm_nodsp_2023_2/VIT_googlebase_rtl/ViT_googlebase/ViT_googlebase.gen/sources_1/bd/vit_system/ip/vit_system_smartconnect_ddr_0/bd_0/ip/ip_10/bd_819f_sbn_0_clocks.xdc:94]
WARNING: [Vivado_Tcl 4-921] Waiver ID 'CDC-2' -to list should not be empty. [/home/s23520579/Vivado_project/vit_m8_board_candidate_67c18532_workspace_20260809/vivado_server_307_perf_v1_m8_nongemm_nodsp_2023_2/VIT_googlebase_rtl/ViT_googlebase/ViT_googlebase.gen/sources_1/bd/vit_system/ip/vit_system_smartconnect_ddr_0/bd_0/ip/ip_10/bd_819f_sbn_0_clocks.xdc:97]
WARNING: [Vivado_Tcl 4-921] Waiver ID 'CDC-2' -to list should not be empty. [/home/s23520579/Vivado_project/vit_m8_board_candidate_67c18532_workspace_20260809/vivado_server_307_perf_v1_m8_nongemm_nodsp_2023_2/VIT_googlebase_rtl/ViT_googlebase/ViT_googlebase.gen/sources_1/bd/vit_system/ip/vit_system_smartconnect_ddr_0/bd_0/ip/ip_10/bd_819f_sbn_0_clocks.xdc:100]
WARNING: [Vivado_Tcl 4-921] Waiver ID 'CDC-1' -to list should not be empty. [/home/s23520579/Vivado_project/vit_m8_board_candidate_67c18532_workspace_20260809/vivado_server_307_perf_v1_m8_nongemm_nodsp_2023_2/VIT_googlebase_rtl/ViT_googlebase/ViT_googlebase.gen/sources_1/bd/vit_system/ip/vit_system_smartconnect_ddr_0/bd_0/ip/ip_10/bd_819f_sbn_0_clocks.xdc:104]
WARNING: [Vivado_Tcl 4-921] Waiver ID 'CDC-10' -to list should not be empty. [/home/s23520579/Vivado_project/vit_m8_board_candidate_67c18532_workspace_20260809/vivado_server_307_perf_v1_m8_nongemm_nodsp_2023_2/VIT_googlebase_rtl/ViT_googlebase/ViT_googlebase.gen/sources_1/bd/vit_system/ip/vit_system_smartconnect_ddr_0/bd_0/ip/ip_10/bd_819f_sbn_0_clocks.xdc:107]
WARNING: [Vivado_Tcl 4-921] Waiver ID 'CDC-10' -to list should not be empty. [/home/s23520579/Vivado_project/vit_m8_board_candidate_67c18532_workspace_20260809/vivado_server_307_perf_v1_m8_nongemm_nodsp_2023_2/VIT_googlebase_rtl/ViT_googlebase/ViT_googlebase.gen/sources_1/bd/vit_system/ip/vit_system_smartconnect_ddr_0/bd_0/ip/ip_10/bd_819f_sbn_0_clocks.xdc:110]
WARNING: [Vivado_Tcl 4-921] Waiver ID 'CDC-1' -to list should not be empty. [/home/s23520579/Vivado_project/vit_m8_board_candidate_67c18532_workspace_20260809/vivado_server_307_perf_v1_m8_nongemm_nodsp_2023_2/VIT_googlebase_rtl/ViT_googlebase/ViT_googlebase.gen/sources_1/bd/vit_system/ip/vit_system_smartconnect_ddr_0/bd_0/ip/ip_10/bd_819f_sbn_0_clocks.xdc:113]
WARNING: [Vivado_Tcl 4-921] Waiver ID 'CDC-1' -to list should not be empty. [/home/s23520579/Vivado_project/vit_m8_board_candidate_67c18532_workspace_20260809/vivado_server_307_perf_v1_m8_nongemm_nodsp_2023_2/VIT_googlebase_rtl/ViT_googlebase/ViT_googlebase.gen/sources_1/bd/vit_system/ip/vit_system_smartconnect_ddr_0/bd_0/ip/ip_10/bd_819f_sbn_0_clocks.xdc:116]
WARNING: [Vivado_Tcl 4-921] Waiver ID 'CDC-1' -to list should not be empty. [/home/s23520579/Vivado_project/vit_m8_board_candidate_67c18532_workspace_20260809/vivado_server_307_perf_v1_m8_nongemm_nodsp_2023_2/VIT_googlebase_rtl/ViT_googlebase/ViT_googlebase.gen/sources_1/bd/vit_system/ip/vit_system_smartconnect_ddr_0/bd_0/ip/ip_10/bd_819f_sbn_0_clocks.xdc:119]
WARNING: [Vivado_Tcl 4-921] Waiver ID 'CDC-13' -to list should not be empty. [/home/s23520579/Vivado_project/vit_m8_board_candidate_67c18532_workspace_20260809/vivado_server_307_perf_v1_m8_nongemm_nodsp_2023_2/VIT_googlebase_rtl/ViT_googlebase/ViT_googlebase.gen/sources_1/bd/vit_system/ip/vit_system_smartconnect_ddr_0/bd_0/ip/ip_10/bd_819f_sbn_0_clocks.xdc:122]
WARNING: [Vivado_Tcl 4-921] Waiver ID 'CDC-1' -to list should not be empty. [/home/s23520579/Vivado_project/vit_m8_board_candidate_67c18532_workspace_20260809/vivado_server_307_perf_v1_m8_nongemm_nodsp_2023_2/VIT_googlebase_rtl/ViT_googlebase/ViT_googlebase.gen/sources_1/bd/vit_system/ip/vit_system_smartconnect_ddr_0/bd_0/ip/ip_10/bd_819f_sbn_0_clocks.xdc:125]
WARNING: [Vivado_Tcl 4-921] Waiver ID 'CDC-1' -to list should not be empty. [/home/s23520579/Vivado_project/vit_m8_board_candidate_67c18532_workspace_20260809/vivado_server_307_perf_v1_m8_nongemm_nodsp_2023_2/VIT_googlebase_rtl/ViT_googlebase/ViT_googlebase.gen/sources_1/bd/vit_system/ip/vit_system_smartconnect_ddr_0/bd_0/ip/ip_10/bd_819f_sbn_0_clocks.xdc:128]
WARNING: [Vivado_Tcl 4-921] Waiver ID 'CDC-13' -to list should not be empty. [/home/s23520579/Vivado_project/vit_m8_board_candidate_67c18532_workspace_20260809/vivado_server_307_perf_v1_m8_nongemm_nodsp_2023_2/VIT_googlebase_rtl/ViT_googlebase/ViT_googlebase.gen/sources_1/bd/vit_system/ip/vit_system_smartconnect_ddr_0/bd_0/ip/ip_10/bd_819f_sbn_0_clocks.xdc:131]
WARNING: [Vivado_Tcl 4-921] Waiver ID 'CDC-1' -to list should not be empty. [/home/s23520579/Vivado_project/vit_m8_board_candidate_67c18532_workspace_20260809/vivado_server_307_perf_v1_m8_nongemm_nodsp_2023_2/VIT_googlebase_rtl/ViT_googlebase/ViT_googlebase.gen/sources_1/bd/vit_system/ip/vit_system_smartconnect_ddr_0/bd_0/ip/ip_10/bd_819f_sbn_0_clocks.xdc:134]
WARNING: [Vivado_Tcl 4-921] Waiver ID 'CDC-10' -to list should not be empty. [/home/s23520579/Vivado_project/vit_m8_board_candidate_67c18532_workspace_20260809/vivado_server_307_perf_v1_m8_nongemm_nodsp_2023_2/VIT_googlebase_rtl/ViT_googlebase/ViT_googlebase.gen/sources_1/bd/vit_system/ip/vit_system_smartconnect_ddr_0/bd_0/ip/ip_10/bd_819f_sbn_0_clocks.xdc:137]
WARNING: [Vivado_Tcl 4-921] Waiver ID 'CDC-1' -to list should not be empty. [/home/s23520579/Vivado_project/vit_m8_board_candidate_67c18532_workspace_20260809/vivado_server_307_perf_v1_m8_nongemm_nodsp_2023_2/VIT_googlebase_rtl/ViT_googlebase/ViT_googlebase.gen/sources_1/bd/vit_system/ip/vit_system_smartconnect_ddr_0/bd_0/ip/ip_10/bd_819f_sbn_0_clocks.xdc:140]
WARNING: [Vivado_Tcl 4-921] Waiver ID 'CDC-1' -to list should not be empty. [/home/s23520579/Vivado_project/vit_m8_board_candidate_67c18532_workspace_20260809/vivado_server_307_perf_v1_m8_nongemm_nodsp_2023_2/VIT_googlebase_rtl/ViT_googlebase/ViT_googlebase.gen/sources_1/bd/vit_system/ip/vit_system_smartconnect_ddr_0/bd_0/ip/ip_10/bd_819f_sbn_0_clocks.xdc:143]
WARNING: [Vivado_Tcl 4-921] Waiver ID 'CDC-1' -to list should not be empty. [/home/s23520579/Vivado_project/vit_m8_board_candidate_67c18532_workspace_20260809/vivado_server_307_perf_v1_m8_nongemm_nodsp_2023_2/VIT_googlebase_rtl/ViT_googlebase/ViT_googlebase.gen/sources_1/bd/vit_system/ip/vit_system_smartconnect_ddr_0/bd_0/ip/ip_10/bd_819f_sbn_0_clocks.xdc:146]
WARNING: [Vivado_Tcl 4-921] Waiver ID 'CDC-2' -to list should not be empty. [/home/s23520579/Vivado_project/vit_m8_board_candidate_67c18532_workspace_20260809/vivado_server_307_perf_v1_m8_nongemm_nodsp_2023_2/VIT_googlebase_rtl/ViT_googlebase/ViT_googlebase.gen/sources_1/bd/vit_system/ip/vit_system_smartconnect_ddr_0/bd_0/ip/ip_10/bd_819f_sbn_0_clocks.xdc:149]
WARNING: [Vivado_Tcl 4-921] Waiver ID 'CDC-1' -to list should not be empty. [/home/s23520579/Vivado_project/vit_m8_board_candidate_67c18532_workspace_20260809/vivado_server_307_perf_v1_m8_nongemm_nodsp_2023_2/VIT_googlebase_rtl/ViT_googlebase/ViT_googlebase.gen/sources_1/bd/vit_system/ip/vit_system_smartconnect_ddr_0/bd_0/ip/ip_10/bd_819f_sbn_0_clocks.xdc:152]
WARNING: [Vivado_Tcl 4-921] Waiver ID 'CDC-1' -to list should not be empty. [/home/s23520579/Vivado_project/vit_m8_board_candidate_67c18532_workspace_20260809/vivado_server_307_perf_v1_m8_nongemm_nodsp_2023_2/VIT_googlebase_rtl/ViT_googlebase/ViT_googlebase.gen/sources_1/bd/vit_system/ip/vit_system_smartconnect_ddr_0/bd_0/ip/ip_10/bd_819f_sbn_0_clocks.xdc:155]
WARNING: [Vivado_Tcl 4-921] Waiver ID 'CDC-1' -to list should not be empty. [/home/s23520579/Vivado_project/vit_m8_board_candidate_67c18532_workspace_20260809/vivado_server_307_perf_v1_m8_nongemm_nodsp_2023_2/VIT_googlebase_rtl/ViT_googlebase/ViT_googlebase.gen/sources_1/bd/vit_system/ip/vit_system_smartconnect_ddr_0/bd_0/ip/ip_10/bd_819f_sbn_0_clocks.xdc:158]
WARNING: [Vivado_Tcl 4-921] Waiver ID 'CDC-10' -to list should not be empty. [/home/s23520579/Vivado_project/vit_m8_board_candidate_67c18532_workspace_20260809/vivado_server_307_perf_v1_m8_nongemm_nodsp_2023_2/VIT_googlebase_rtl/ViT_googlebase/ViT_googlebase.gen/sources_1/bd/vit_system/ip/vit_system_smartconnect_ddr_0/bd_0/ip/ip_10/bd_819f_sbn_0_clocks.xdc:161]
WARNING: [Vivado_Tcl 4-921] Waiver ID 'CDC-4' -to list should not be empty. [/home/s23520579/Vivado_project/vit_m8_board_candidate_67c18532_workspace_20260809/vivado_server_307_perf_v1_m8_nongemm_nodsp_2023_2/VIT_googlebase_rtl/ViT_googlebase/ViT_googlebase.gen/sources_1/bd/vit_system/ip/vit_system_smartconnect_ddr_0/bd_0/ip/ip_10/bd_819f_sbn_0_clocks.xdc:164]
WARNING: [Vivado_Tcl 4-921] Waiver ID 'CDC-4' -to list should not be empty. [/home/s23520579/Vivado_project/vit_m8_board_candidate_67c18532_workspace_20260809/vivado_server_307_perf_v1_m8_nongemm_nodsp_2023_2/VIT_googlebase_rtl/ViT_googlebase/ViT_googlebase.gen/sources_1/bd/vit_system/ip/vit_system_smartconnect_ddr_0/bd_0/ip/ip_10/bd_819f_sbn_0_clocks.xdc:167]
WARNING: [Vivado_Tcl 4-921] Waiver ID 'CDC-4' -to list should not be empty. [/home/s23520579/Vivado_project/vit_m8_board_candidate_67c18532_workspace_20260809/vivado_server_307_perf_v1_m8_nongemm_nodsp_2023_2/VIT_googlebase_rtl/ViT_googlebase/ViT_googlebase.gen/sources_1/bd/vit_system/ip/vit_system_smartconnect_ddr_0/bd_0/ip/ip_10/bd_819f_sbn_0_clocks.xdc:171]
WARNING: [Vivado_Tcl 4-921] Waiver ID 'CDC-4' -to list should not be empty. [/home/s23520579/Vivado_project/vit_m8_board_candidate_67c18532_workspace_20260809/vivado_server_307_perf_v1_m8_nongemm_nodsp_2023_2/VIT_googlebase_rtl/ViT_googlebase/ViT_googlebase.gen/sources_1/bd/vit_system/ip/vit_system_smartconnect_ddr_0/bd_0/ip/ip_10/bd_819f_sbn_0_clocks.xdc:174]
WARNING: [Vivado_Tcl 4-921] Waiver ID 'CDC-1' -to list should not be empty. [/home/s23520579/Vivado_project/vit_m8_board_candidate_67c18532_workspace_20260809/vivado_server_307_perf_v1_m8_nongemm_nodsp_2023_2/VIT_googlebase_rtl/ViT_googlebase/ViT_googlebase.gen/sources_1/bd/vit_system/ip/vit_system_smartconnect_ddr_0/bd_0/ip/ip_10/bd_819f_sbn_0_clocks.xdc:178]
Finished Parsing XDC File [/home/s23520579/Vivado_project/vit_m8_board_candidate_67c18532_workspace_20260809/vivado_server_307_perf_v1_m8_nongemm_nodsp_2023_2/VIT_googlebase_rtl/ViT_googlebase/ViT_googlebase.gen/sources_1/bd/vit_system/ip/vit_system_smartconnect_ddr_0/bd_0/ip/ip_10/bd_819f_sbn_0_clocks.xdc] for cell 'vit_system_i/smartconnect_ddr/inst/s00_nodes/s00_b_node/inst'
Parsing XDC File [/home/s23520579/Vivado_project/vit_m8_board_candidate_67c18532_workspace_20260809/vivado_server_307_perf_v1_m8_nongemm_nodsp_2023_2/VIT_googlebase_rtl/ViT_googlebase/ViT_googlebase.gen/sources_1/bd/vit_system/ip/vit_system_smartconnect_ddr_0/bd_0/ip/ip_9/bd_819f_swn_0_clocks.xdc] for cell 'vit_system_i/smartconnect_ddr/inst/s00_nodes/s00_w_node/inst'
WARNING: [Vivado_Tcl 4-921] Waiver ID 'CDC-1' -to list should not be empty. [/home/s23520579/Vivado_project/vit_m8_board_candidate_67c18532_workspace_20260809/vivado_server_307_perf_v1_m8_nongemm_nodsp_2023_2/VIT_googlebase_rtl/ViT_googlebase/ViT_googlebase.gen/sources_1/bd/vit_system/ip/vit_system_smartconnect_ddr_0/bd_0/ip/ip_9/bd_819f_swn_0_clocks.xdc:49]
WARNING: [Vivado_Tcl 4-921] Waiver ID 'CDC-1' -to list should not be empty. [/home/s23520579/Vivado_project/vit_m8_board_candidate_67c18532_workspace_20260809/vivado_server_307_perf_v1_m8_nongemm_nodsp_2023_2/VIT_googlebase_rtl/ViT_googlebase/ViT_googlebase.gen/sources_1/bd/vit_system/ip/vit_system_smartconnect_ddr_0/bd_0/ip/ip_9/bd_819f_swn_0_clocks.xdc:52]
WARNING: [Vivado_Tcl 4-921] Waiver ID 'CDC-1' -to list should not be empty. [/home/s23520579/Vivado_project/vit_m8_board_candidate_67c18532_workspace_20260809/vivado_server_307_perf_v1_m8_nongemm_nodsp_2023_2/VIT_googlebase_rtl/ViT_googlebase/ViT_googlebase.gen/sources_1/bd/vit_system/ip/vit_system_smartconnect_ddr_0/bd_0/ip/ip_9/bd_819f_swn_0_clocks.xdc:55]
WARNING: [Vivado_Tcl 4-921] Waiver ID 'CDC-1' -to list should not be empty. [/home/s23520579/Vivado_project/vit_m8_board_candidate_67c18532_workspace_20260809/vivado_server_307_perf_v1_m8_nongemm_nodsp_2023_2/VIT_googlebase_rtl/ViT_googlebase/ViT_googlebase.gen/sources_1/bd/vit_system/ip/vit_system_smartconnect_ddr_0/bd_0/ip/ip_9/bd_819f_swn_0_clocks.xdc:59]
WARNING: [Vivado_Tcl 4-921] Waiver ID 'CDC-1' -to list should not be empty. [/home/s23520579/Vivado_project/vit_m8_board_candidate_67c18532_workspace_20260809/vivado_server_307_perf_v1_m8_nongemm_nodsp_2023_2/VIT_googlebase_rtl/ViT_googlebase/ViT_googlebase.gen/sources_1/bd/vit_system/ip/vit_system_smartconnect_ddr_0/bd_0/ip/ip_9/bd_819f_swn_0_clocks.xdc:63]
WARNING: [Vivado_Tcl 4-921] Waiver ID 'CDC-1' -to list should not be empty. [/home/s23520579/Vivado_project/vit_m8_board_candidate_67c18532_workspace_20260809/vivado_server_307_perf_v1_m8_nongemm_nodsp_2023_2/VIT_googlebase_rtl/ViT_googlebase/ViT_googlebase.gen/sources_1/bd/vit_system/ip/vit_system_smartconnect_ddr_0/bd_0/ip/ip_9/bd_819f_swn_0_clocks.xdc:66]
WARNING: [Vivado_Tcl 4-921] Waiver ID 'CDC-1' -to list should not be empty. [/home/s23520579/Vivado_project/vit_m8_board_candidate_67c18532_workspace_20260809/vivado_server_307_perf_v1_m8_nongemm_nodsp_2023_2/VIT_googlebase_rtl/ViT_googlebase/ViT_googlebase.gen/sources_1/bd/vit_system/ip/vit_system_smartconnect_ddr_0/bd_0/ip/ip_9/bd_819f_swn_0_clocks.xdc:70]
WARNING: [Vivado_Tcl 4-921] Waiver ID 'CDC-1' -to list should not be empty. [/home/s23520579/Vivado_project/vit_m8_board_candidate_67c18532_workspace_20260809/vivado_server_307_perf_v1_m8_nongemm_nodsp_2023_2/VIT_googlebase_rtl/ViT_googlebase/ViT_googlebase.gen/sources_1/bd/vit_system/ip/vit_system_smartconnect_ddr_0/bd_0/ip/ip_9/bd_819f_swn_0_clocks.xdc:73]
WARNING: [Vivado_Tcl 4-921] Waiver ID 'CDC-1' -to list should not be empty. [/home/s23520579/Vivado_project/vit_m8_board_candidate_67c18532_workspace_20260809/vivado_server_307_perf_v1_m8_nongemm_nodsp_2023_2/VIT_googlebase_rtl/ViT_googlebase/ViT_googlebase.gen/sources_1/bd/vit_system/ip/vit_system_smartconnect_ddr_0/bd_0/ip/ip_9/bd_819f_swn_0_clocks.xdc:76]
WARNING: [Vivado_Tcl 4-921] Waiver ID 'CDC-1' -to list should not be empty. [/home/s23520579/Vivado_project/vit_m8_board_candidate_67c18532_workspace_20260809/vivado_server_307_perf_v1_m8_nongemm_nodsp_2023_2/VIT_googlebase_rtl/ViT_googlebase/ViT_googlebase.gen/sources_1/bd/vit_system/ip/vit_system_smartconnect_ddr_0/bd_0/ip/ip_9/bd_819f_swn_0_clocks.xdc:79]
WARNING: [Vivado_Tcl 4-921] Waiver ID 'CDC-1' -to list should not be empty. [/home/s23520579/Vivado_project/vit_m8_board_candidate_67c18532_workspace_20260809/vivado_server_307_perf_v1_m8_nongemm_nodsp_2023_2/VIT_googlebase_rtl/ViT_googlebase/ViT_googlebase.gen/sources_1/bd/vit_system/ip/vit_system_smartconnect_ddr_0/bd_0/ip/ip_9/bd_819f_swn_0_clocks.xdc:82]
WARNING: [Vivado_Tcl 4-921] Waiver ID 'CDC-4' -to list should not be empty. [/home/s23520579/Vivado_project/vit_m8_board_candidate_67c18532_workspace_20260809/vivado_server_307_perf_v1_m8_nongemm_nodsp_2023_2/VIT_googlebase_rtl/ViT_googlebase/ViT_googlebase.gen/sources_1/bd/vit_system/ip/vit_system_smartconnect_ddr_0/bd_0/ip/ip_9/bd_819f_swn_0_clocks.xdc:85]
WARNING: [Vivado_Tcl 4-921] Waiver ID 'CDC-4' -to list should not be empty. [/home/s23520579/Vivado_project/vit_m8_board_candidate_67c18532_workspace_20260809/vivado_server_307_perf_v1_m8_nongemm_nodsp_2023_2/VIT_googlebase_rtl/ViT_googlebase/ViT_googlebase.gen/sources_1/bd/vit_system/ip/vit_system_smartconnect_ddr_0/bd_0/ip/ip_9/bd_819f_swn_0_clocks.xdc:88]
WARNING: [Vivado_Tcl 4-921] Waiver ID 'CDC-2' -to list should not be empty. [/home/s23520579/Vivado_project/vit_m8_board_candidate_67c18532_workspace_20260809/vivado_server_307_perf_v1_m8_nongemm_nodsp_2023_2/VIT_googlebase_rtl/ViT_googlebase/ViT_googlebase.gen/sources_1/bd/vit_system/ip/vit_system_smartconnect_ddr_0/bd_0/ip/ip_9/bd_819f_swn_0_clocks.xdc:91]
WARNING: [Vivado_Tcl 4-921] Waiver ID 'CDC-2' -to list should not be empty. [/home/s23520579/Vivado_project/vit_m8_board_candidate_67c18532_workspace_20260809/vivado_server_307_perf_v1_m8_nongemm_nodsp_2023_2/VIT_googlebase_rtl/ViT_googlebase/ViT_googlebase.gen/sources_1/bd/vit_system/ip/vit_system_smartconnect_ddr_0/bd_0/ip/ip_9/bd_819f_swn_0_clocks.xdc:94]
WARNING: [Vivado_Tcl 4-921] Waiver ID 'CDC-2' -to list should not be empty. [/home/s23520579/Vivado_project/vit_m8_board_candidate_67c18532_workspace_20260809/vivado_server_307_perf_v1_m8_nongemm_nodsp_2023_2/VIT_googlebase_rtl/ViT_googlebase/ViT_googlebase.gen/sources_1/bd/vit_system/ip/vit_system_smartconnect_ddr_0/bd_0/ip/ip_9/bd_819f_swn_0_clocks.xdc:97]
WARNING: [Vivado_Tcl 4-921] Waiver ID 'CDC-2' -to list should not be empty. [/home/s23520579/Vivado_project/vit_m8_board_candidate_67c18532_workspace_20260809/vivado_server_307_perf_v1_m8_nongemm_nodsp_2023_2/VIT_googlebase_rtl/ViT_googlebase/ViT_googlebase.gen/sources_1/bd/vit_system/ip/vit_system_smartconnect_ddr_0/bd_0/ip/ip_9/bd_819f_swn_0_clocks.xdc:100]
WARNING: [Vivado_Tcl 4-921] Waiver ID 'CDC-1' -to list should not be empty. [/home/s23520579/Vivado_project/vit_m8_board_candidate_67c18532_workspace_20260809/vivado_server_307_perf_v1_m8_nongemm_nodsp_2023_2/VIT_googlebase_rtl/ViT_googlebase/ViT_googlebase.gen/sources_1/bd/vit_system/ip/vit_system_smartconnect_ddr_0/bd_0/ip/ip_9/bd_819f_swn_0_clocks.xdc:104]
WARNING: [Vivado_Tcl 4-921] Waiver ID 'CDC-10' -to list should not be empty. [/home/s23520579/Vivado_project/vit_m8_board_candidate_67c18532_workspace_20260809/vivado_server_307_perf_v1_m8_nongemm_nodsp_2023_2/VIT_googlebase_rtl/ViT_googlebase/ViT_googlebase.gen/sources_1/bd/vit_system/ip/vit_system_smartconnect_ddr_0/bd_0/ip/ip_9/bd_819f_swn_0_clocks.xdc:107]
WARNING: [Vivado_Tcl 4-921] Waiver ID 'CDC-10' -to list should not be empty. [/home/s23520579/Vivado_project/vit_m8_board_candidate_67c18532_workspace_20260809/vivado_server_307_perf_v1_m8_nongemm_nodsp_2023_2/VIT_googlebase_rtl/ViT_googlebase/ViT_googlebase.gen/sources_1/bd/vit_system/ip/vit_system_smartconnect_ddr_0/bd_0/ip/ip_9/bd_819f_swn_0_clocks.xdc:110]
WARNING: [Vivado_Tcl 4-921] Waiver ID 'CDC-1' -to list should not be empty. [/home/s23520579/Vivado_project/vit_m8_board_candidate_67c18532_workspace_20260809/vivado_server_307_perf_v1_m8_nongemm_nodsp_2023_2/VIT_googlebase_rtl/ViT_googlebase/ViT_googlebase.gen/sources_1/bd/vit_system/ip/vit_system_smartconnect_ddr_0/bd_0/ip/ip_9/bd_819f_swn_0_clocks.xdc:113]
WARNING: [Vivado_Tcl 4-921] Waiver ID 'CDC-1' -to list should not be empty. [/home/s23520579/Vivado_project/vit_m8_board_candidate_67c18532_workspace_20260809/vivado_server_307_perf_v1_m8_nongemm_nodsp_2023_2/VIT_googlebase_rtl/ViT_googlebase/ViT_googlebase.gen/sources_1/bd/vit_system/ip/vit_system_smartconnect_ddr_0/bd_0/ip/ip_9/bd_819f_swn_0_clocks.xdc:116]
WARNING: [Vivado_Tcl 4-921] Waiver ID 'CDC-1' -to list should not be empty. [/home/s23520579/Vivado_project/vit_m8_board_candidate_67c18532_workspace_20260809/vivado_server_307_perf_v1_m8_nongemm_nodsp_2023_2/VIT_googlebase_rtl/ViT_googlebase/ViT_googlebase.gen/sources_1/bd/vit_system/ip/vit_system_smartconnect_ddr_0/bd_0/ip/ip_9/bd_819f_swn_0_clocks.xdc:119]
WARNING: [Vivado_Tcl 4-921] Waiver ID 'CDC-13' -to list should not be empty. [/home/s23520579/Vivado_project/vit_m8_board_candidate_67c18532_workspace_20260809/vivado_server_307_perf_v1_m8_nongemm_nodsp_2023_2/VIT_googlebase_rtl/ViT_googlebase/ViT_googlebase.gen/sources_1/bd/vit_system/ip/vit_system_smartconnect_ddr_0/bd_0/ip/ip_9/bd_819f_swn_0_clocks.xdc:122]
WARNING: [Vivado_Tcl 4-921] Waiver ID 'CDC-1' -to list should not be empty. [/home/s23520579/Vivado_project/vit_m8_board_candidate_67c18532_workspace_20260809/vivado_server_307_perf_v1_m8_nongemm_nodsp_2023_2/VIT_googlebase_rtl/ViT_googlebase/ViT_googlebase.gen/sources_1/bd/vit_system/ip/vit_system_smartconnect_ddr_0/bd_0/ip/ip_9/bd_819f_swn_0_clocks.xdc:125]
WARNING: [Vivado_Tcl 4-921] Waiver ID 'CDC-1' -to list should not be empty. [/home/s23520579/Vivado_project/vit_m8_board_candidate_67c18532_workspace_20260809/vivado_server_307_perf_v1_m8_nongemm_nodsp_2023_2/VIT_googlebase_rtl/ViT_googlebase/ViT_googlebase.gen/sources_1/bd/vit_system/ip/vit_system_smartconnect_ddr_0/bd_0/ip/ip_9/bd_819f_swn_0_clocks.xdc:128]
WARNING: [Vivado_Tcl 4-921] Waiver ID 'CDC-13' -to list should not be empty. [/home/s23520579/Vivado_project/vit_m8_board_candidate_67c18532_workspace_20260809/vivado_server_307_perf_v1_m8_nongemm_nodsp_2023_2/VIT_googlebase_rtl/ViT_googlebase/ViT_googlebase.gen/sources_1/bd/vit_system/ip/vit_system_smartconnect_ddr_0/bd_0/ip/ip_9/bd_819f_swn_0_clocks.xdc:131]
WARNING: [Vivado_Tcl 4-921] Waiver ID 'CDC-1' -to list should not be empty. [/home/s23520579/Vivado_project/vit_m8_board_candidate_67c18532_workspace_20260809/vivado_server_307_perf_v1_m8_nongemm_nodsp_2023_2/VIT_googlebase_rtl/ViT_googlebase/ViT_googlebase.gen/sources_1/bd/vit_system/ip/vit_system_smartconnect_ddr_0/bd_0/ip/ip_9/bd_819f_swn_0_clocks.xdc:134]
WARNING: [Vivado_Tcl 4-921] Waiver ID 'CDC-10' -to list should not be empty. [/home/s23520579/Vivado_project/vit_m8_board_candidate_67c18532_workspace_20260809/vivado_server_307_perf_v1_m8_nongemm_nodsp_2023_2/VIT_googlebase_rtl/ViT_googlebase/ViT_googlebase.gen/sources_1/bd/vit_system/ip/vit_system_smartconnect_ddr_0/bd_0/ip/ip_9/bd_819f_swn_0_clocks.xdc:137]
WARNING: [Vivado_Tcl 4-921] Waiver ID 'CDC-1' -to list should not be empty. [/home/s23520579/Vivado_project/vit_m8_board_candidate_67c18532_workspace_20260809/vivado_server_307_perf_v1_m8_nongemm_nodsp_2023_2/VIT_googlebase_rtl/ViT_googlebase/ViT_googlebase.gen/sources_1/bd/vit_system/ip/vit_system_smartconnect_ddr_0/bd_0/ip/ip_9/bd_819f_swn_0_clocks.xdc:140]
WARNING: [Vivado_Tcl 4-921] Waiver ID 'CDC-1' -to list should not be empty. [/home/s23520579/Vivado_project/vit_m8_board_candidate_67c18532_workspace_20260809/vivado_server_307_perf_v1_m8_nongemm_nodsp_2023_2/VIT_googlebase_rtl/ViT_googlebase/ViT_googlebase.gen/sources_1/bd/vit_system/ip/vit_system_smartconnect_ddr_0/bd_0/ip/ip_9/bd_819f_swn_0_clocks.xdc:143]
WARNING: [Vivado_Tcl 4-921] Waiver ID 'CDC-1' -to list should not be empty. [/home/s23520579/Vivado_project/vit_m8_board_candidate_67c18532_workspace_20260809/vivado_server_307_perf_v1_m8_nongemm_nodsp_2023_2/VIT_googlebase_rtl/ViT_googlebase/ViT_googlebase.gen/sources_1/bd/vit_system/ip/vit_system_smartconnect_ddr_0/bd_0/ip/ip_9/bd_819f_swn_0_clocks.xdc:146]
WARNING: [Vivado_Tcl 4-921] Waiver ID 'CDC-2' -to list should not be empty. [/home/s23520579/Vivado_project/vit_m8_board_candidate_67c18532_workspace_20260809/vivado_server_307_perf_v1_m8_nongemm_nodsp_2023_2/VIT_googlebase_rtl/ViT_googlebase/ViT_googlebase.gen/sources_1/bd/vit_system/ip/vit_system_smartconnect_ddr_0/bd_0/ip/ip_9/bd_819f_swn_0_clocks.xdc:149]
WARNING: [Vivado_Tcl 4-921] Waiver ID 'CDC-1' -to list should not be empty. [/home/s23520579/Vivado_project/vit_m8_board_candidate_67c18532_workspace_20260809/vivado_server_307_perf_v1_m8_nongemm_nodsp_2023_2/VIT_googlebase_rtl/ViT_googlebase/ViT_googlebase.gen/sources_1/bd/vit_system/ip/vit_system_smartconnect_ddr_0/bd_0/ip/ip_9/bd_819f_swn_0_clocks.xdc:152]
WARNING: [Vivado_Tcl 4-921] Waiver ID 'CDC-1' -to list should not be empty. [/home/s23520579/Vivado_project/vit_m8_board_candidate_67c18532_workspace_20260809/vivado_server_307_perf_v1_m8_nongemm_nodsp_2023_2/VIT_googlebase_rtl/ViT_googlebase/ViT_googlebase.gen/sources_1/bd/vit_system/ip/vit_system_smartconnect_ddr_0/bd_0/ip/ip_9/bd_819f_swn_0_clocks.xdc:155]
WARNING: [Vivado_Tcl 4-921] Waiver ID 'CDC-1' -to list should not be empty. [/home/s23520579/Vivado_project/vit_m8_board_candidate_67c18532_workspace_20260809/vivado_server_307_perf_v1_m8_nongemm_nodsp_2023_2/VIT_googlebase_rtl/ViT_googlebase/ViT_googlebase.gen/sources_1/bd/vit_system/ip/vit_system_smartconnect_ddr_0/bd_0/ip/ip_9/bd_819f_swn_0_clocks.xdc:158]
WARNING: [Vivado_Tcl 4-921] Waiver ID 'CDC-10' -to list should not be empty. [/home/s23520579/Vivado_project/vit_m8_board_candidate_67c18532_workspace_20260809/vivado_server_307_perf_v1_m8_nongemm_nodsp_2023_2/VIT_googlebase_rtl/ViT_googlebase/ViT_googlebase.gen/sources_1/bd/vit_system/ip/vit_system_smartconnect_ddr_0/bd_0/ip/ip_9/bd_819f_swn_0_clocks.xdc:161]
WARNING: [Vivado_Tcl 4-921] Waiver ID 'CDC-4' -to list should not be empty. [/home/s23520579/Vivado_project/vit_m8_board_candidate_67c18532_workspace_20260809/vivado_server_307_perf_v1_m8_nongemm_nodsp_2023_2/VIT_googlebase_rtl/ViT_googlebase/ViT_googlebase.gen/sources_1/bd/vit_system/ip/vit_system_smartconnect_ddr_0/bd_0/ip/ip_9/bd_819f_swn_0_clocks.xdc:164]
WARNING: [Vivado_Tcl 4-921] Waiver ID 'CDC-4' -to list should not be empty. [/home/s23520579/Vivado_project/vit_m8_board_candidate_67c18532_workspace_20260809/vivado_server_307_perf_v1_m8_nongemm_nodsp_2023_2/VIT_googlebase_rtl/ViT_googlebase/ViT_googlebase.gen/sources_1/bd/vit_system/ip/vit_system_smartconnect_ddr_0/bd_0/ip/ip_9/bd_819f_swn_0_clocks.xdc:167]
WARNING: [Vivado_Tcl 4-921] Waiver ID 'CDC-4' -to list should not be empty. [/home/s23520579/Vivado_project/vit_m8_board_candidate_67c18532_workspace_20260809/vivado_server_307_perf_v1_m8_nongemm_nodsp_2023_2/VIT_googlebase_rtl/ViT_googlebase/ViT_googlebase.gen/sources_1/bd/vit_system/ip/vit_system_smartconnect_ddr_0/bd_0/ip/ip_9/bd_819f_swn_0_clocks.xdc:171]
INFO: [Common 17-14] Message 'Vivado 12-180' appears 100 times and further instances of the messages will be disabled. Use the Tcl command set_msg_config to change the current settings. [/home/s23520579/Vivado_project/vit_m8_board_candidate_67c18532_workspace_20260809/vivado_server_307_perf_v1_m8_nongemm_nodsp_2023_2/VIT_googlebase_rtl/ViT_googlebase/ViT_googlebase.gen/sources_1/bd/vit_system/ip/vit_system_smartconnect_ddr_0/bd_0/ip/ip_9/bd_819f_swn_0_clocks.xdc:174]
WARNING: [Vivado_Tcl 4-921] Waiver ID 'CDC-4' -to list should not be empty. [/home/s23520579/Vivado_project/vit_m8_board_candidate_67c18532_workspace_20260809/vivado_server_307_perf_v1_m8_nongemm_nodsp_2023_2/VIT_googlebase_rtl/ViT_googlebase/ViT_googlebase.gen/sources_1/bd/vit_system/ip/vit_system_smartconnect_ddr_0/bd_0/ip/ip_9/bd_819f_swn_0_clocks.xdc:174]
WARNING: [Vivado_Tcl 4-921] Waiver ID 'CDC-1' -to list should not be empty. [/home/s23520579/Vivado_project/vit_m8_board_candidate_67c18532_workspace_20260809/vivado_server_307_perf_v1_m8_nongemm_nodsp_2023_2/VIT_googlebase_rtl/ViT_googlebase/ViT_googlebase.gen/sources_1/bd/vit_system/ip/vit_system_smartconnect_ddr_0/bd_0/ip/ip_9/bd_819f_swn_0_clocks.xdc:178]
Finished Parsing XDC File [/home/s23520579/Vivado_project/vit_m8_board_candidate_67c18532_workspace_20260809/vivado_server_307_perf_v1_m8_nongemm_nodsp_2023_2/VIT_googlebase_rtl/ViT_googlebase/ViT_googlebase.gen/sources_1/bd/vit_system/ip/vit_system_smartconnect_ddr_0/bd_0/ip/ip_9/bd_819f_swn_0_clocks.xdc] for cell 'vit_system_i/smartconnect_ddr/inst/s00_nodes/s00_w_node/inst'
Parsing XDC File [/home/s23520579/Vivado_project/vit_m8_board_candidate_67c18532_workspace_20260809/vivado_server_307_perf_v1_m8_nongemm_nodsp_2023_2/VIT_googlebase_rtl/ViT_googlebase/ViT_googlebase.gen/sources_1/bd/vit_system/ip/vit_system_smartconnect_ddr_0/bd_0/ip/ip_8/bd_819f_sawn_0_clocks.xdc] for cell 'vit_system_i/smartconnect_ddr/inst/s00_nodes/s00_aw_node/inst'
WARNING: [Vivado_Tcl 4-921] Waiver ID 'CDC-1' -to list should not be empty. [/home/s23520579/Vivado_project/vit_m8_board_candidate_67c18532_workspace_20260809/vivado_server_307_perf_v1_m8_nongemm_nodsp_2023_2/VIT_googlebase_rtl/ViT_googlebase/ViT_googlebase.gen/sources_1/bd/vit_system/ip/vit_system_smartconnect_ddr_0/bd_0/ip/ip_8/bd_819f_sawn_0_clocks.xdc:49]
WARNING: [Vivado_Tcl 4-921] Waiver ID 'CDC-1' -to list should not be empty. [/home/s23520579/Vivado_project/vit_m8_board_candidate_67c18532_workspace_20260809/vivado_server_307_perf_v1_m8_nongemm_nodsp_2023_2/VIT_googlebase_rtl/ViT_googlebase/ViT_googlebase.gen/sources_1/bd/vit_system/ip/vit_system_smartconnect_ddr_0/bd_0/ip/ip_8/bd_819f_sawn_0_clocks.xdc:52]
WARNING: [Vivado_Tcl 4-921] Waiver ID 'CDC-1' -to list should not be empty. [/home/s23520579/Vivado_project/vit_m8_board_candidate_67c18532_workspace_20260809/vivado_server_307_perf_v1_m8_nongemm_nodsp_2023_2/VIT_googlebase_rtl/ViT_googlebase/ViT_googlebase.gen/sources_1/bd/vit_system/ip/vit_system_smartconnect_ddr_0/bd_0/ip/ip_8/bd_819f_sawn_0_clocks.xdc:55]
WARNING: [Vivado_Tcl 4-921] Waiver ID 'CDC-1' -to list should not be empty. [/home/s23520579/Vivado_project/vit_m8_board_candidate_67c18532_workspace_20260809/vivado_server_307_perf_v1_m8_nongemm_nodsp_2023_2/VIT_googlebase_rtl/ViT_googlebase/ViT_googlebase.gen/sources_1/bd/vit_system/ip/vit_system_smartconnect_ddr_0/bd_0/ip/ip_8/bd_819f_sawn_0_clocks.xdc:59]
WARNING: [Vivado_Tcl 4-921] Waiver ID 'CDC-1' -to list should not be empty. [/home/s23520579/Vivado_project/vit_m8_board_candidate_67c18532_workspace_20260809/vivado_server_307_perf_v1_m8_nongemm_nodsp_2023_2/VIT_googlebase_rtl/ViT_googlebase/ViT_googlebase.gen/sources_1/bd/vit_system/ip/vit_system_smartconnect_ddr_0/bd_0/ip/ip_8/bd_819f_sawn_0_clocks.xdc:63]
WARNING: [Vivado_Tcl 4-921] Waiver ID 'CDC-1' -to list should not be empty. [/home/s23520579/Vivado_project/vit_m8_board_candidate_67c18532_workspace_20260809/vivado_server_307_perf_v1_m8_nongemm_nodsp_2023_2/VIT_googlebase_rtl/ViT_googlebase/ViT_googlebase.gen/sources_1/bd/vit_system/ip/vit_system_smartconnect_ddr_0/bd_0/ip/ip_8/bd_819f_sawn_0_clocks.xdc:66]
WARNING: [Vivado_Tcl 4-921] Waiver ID 'CDC-1' -to list should not be empty. [/home/s23520579/Vivado_project/vit_m8_board_candidate_67c18532_workspace_20260809/vivado_server_307_perf_v1_m8_nongemm_nodsp_2023_2/VIT_googlebase_rtl/ViT_googlebase/ViT_googlebase.gen/sources_1/bd/vit_system/ip/vit_system_smartconnect_ddr_0/bd_0/ip/ip_8/bd_819f_sawn_0_clocks.xdc:70]
INFO: [Common 17-14] Message 'Vivado_Tcl 4-921' appears 100 times and further instances of the messages will be disabled. Use the Tcl command set_msg_config to change the current settings. [/home/s23520579/Vivado_project/vit_m8_board_candidate_67c18532_workspace_20260809/vivado_server_307_perf_v1_m8_nongemm_nodsp_2023_2/VIT_googlebase_rtl/ViT_googlebase/ViT_googlebase.gen/sources_1/bd/vit_system/ip/vit_system_smartconnect_ddr_0/bd_0/ip/ip_8/bd_819f_sawn_0_clocks.xdc:70]
Finished Parsing XDC File [/home/s23520579/Vivado_project/vit_m8_board_candidate_67c18532_workspace_20260809/vivado_server_307_perf_v1_m8_nongemm_nodsp_2023_2/VIT_googlebase_rtl/ViT_googlebase/ViT_googlebase.gen/sources_1/bd/vit_system/ip/vit_system_smartconnect_ddr_0/bd_0/ip/ip_8/bd_819f_sawn_0_clocks.xdc] for cell 'vit_system_i/smartconnect_ddr/inst/s00_nodes/s00_aw_node/inst'
Parsing XDC File [/home/s23520579/Vivado_project/vit_m8_board_candidate_67c18532_workspace_20260809/vivado_server_307_perf_v1_m8_nongemm_nodsp_2023_2/VIT_googlebase_rtl/ViT_googlebase/ViT_googlebase.gen/sources_1/bd/vit_system/ip/vit_system_smartconnect_ddr_0/bd_0/ip/ip_7/bd_819f_srn_0_clocks.xdc] for cell 'vit_system_i/smartconnect_ddr/inst/s00_nodes/s00_r_node/inst'
Finished Parsing XDC File [/home/s23520579/Vivado_project/vit_m8_board_candidate_67c18532_workspace_20260809/vivado_server_307_perf_v1_m8_nongemm_nodsp_2023_2/VIT_googlebase_rtl/ViT_googlebase/ViT_googlebase.gen/sources_1/bd/vit_system/ip/vit_system_smartconnect_ddr_0/bd_0/ip/ip_7/bd_819f_srn_0_clocks.xdc] for cell 'vit_system_i/smartconnect_ddr/inst/s00_nodes/s00_r_node/inst'
Parsing XDC File [/home/s23520579/Vivado_project/vit_m8_board_candidate_67c18532_workspace_20260809/vivado_server_307_perf_v1_m8_nongemm_nodsp_2023_2/VIT_googlebase_rtl/ViT_googlebase/ViT_googlebase.gen/sources_1/bd/vit_system/ip/vit_system_smartconnect_ddr_0/bd_0/ip/ip_6/bd_819f_sarn_0_clocks.xdc] for cell 'vit_system_i/smartconnect_ddr/inst/s00_nodes/s00_ar_node/inst'
Finished Parsing XDC File [/home/s23520579/Vivado_project/vit_m8_board_candidate_67c18532_workspace_20260809/vivado_server_307_perf_v1_m8_nongemm_nodsp_2023_2/VIT_googlebase_rtl/ViT_googlebase/ViT_googlebase.gen/sources_1/bd/vit_system/ip/vit_system_smartconnect_ddr_0/bd_0/ip/ip_6/bd_819f_sarn_0_clocks.xdc] for cell 'vit_system_i/smartconnect_ddr/inst/s00_nodes/s00_ar_node/inst'
Parsing XDC File [/home/s23520579/Vivado_project/vit_m8_board_candidate_67c18532_workspace_20260809/vivado_server_307_perf_v1_m8_nongemm_nodsp_2023_2/VIT_googlebase_rtl/ViT_googlebase/ViT_googlebase.gen/sources_1/bd/vit_system/ip/vit_system_smartconnect_ddr_0/bd_0/ip/ip_1/bd_819f_psr_aclk_0.xdc] for cell 'vit_system_i/smartconnect_ddr/inst/clk_map/psr_aclk/U0'
Finished Parsing XDC File [/home/s23520579/Vivado_project/vit_m8_board_candidate_67c18532_workspace_20260809/vivado_server_307_perf_v1_m8_nongemm_nodsp_2023_2/VIT_googlebase_rtl/ViT_googlebase/ViT_googlebase.gen/sources_1/bd/vit_system/ip/vit_system_smartconnect_ddr_0/bd_0/ip/ip_1/bd_819f_psr_aclk_0.xdc] for cell 'vit_system_i/smartconnect_ddr/inst/clk_map/psr_aclk/U0'
Parsing XDC File [/home/s23520579/Vivado_project/vit_m8_board_candidate_67c18532_workspace_20260809/vivado_server_307_perf_v1_m8_nongemm_nodsp_2023_2/VIT_googlebase_rtl/ViT_googlebase/ViT_googlebase.gen/sources_1/bd/vit_system/ip/vit_system_zynq_ultra_ps_e_0_0/vit_system_zynq_ultra_ps_e_0_0.xdc] for cell 'vit_system_i/zynq_ultra_ps_e_0/inst'
Finished Parsing XDC File [/home/s23520579/Vivado_project/vit_m8_board_candidate_67c18532_workspace_20260809/vivado_server_307_perf_v1_m8_nongemm_nodsp_2023_2/VIT_googlebase_rtl/ViT_googlebase/ViT_googlebase.gen/sources_1/bd/vit_system/ip/vit_system_zynq_ultra_ps_e_0_0/vit_system_zynq_ultra_ps_e_0_0.xdc] for cell 'vit_system_i/zynq_ultra_ps_e_0/inst'
Parsing XDC File [/home/s23520579/Vivado_project/vit_m8_board_candidate_67c18532_workspace_20260809/vivado_server_307_perf_v1_m8_nongemm_nodsp_2023_2/VIT_googlebase_rtl/ViT_googlebase/ViT_googlebase.gen/sources_1/bd/vit_system/ip/vit_system_smartconnect_control_0/smartconnect.xdc] for cell 'vit_system_i/smartconnect_control/inst'
WARNING: [Vivado_Tcl 4-919] Waiver ID 'CDC-1' -from list should not be empty. [/home/s23520579/Vivado_project/vit_m8_board_candidate_67c18532_workspace_20260809/vivado_server_307_perf_v1_m8_nongemm_nodsp_2023_2/VIT_googlebase_rtl/ViT_googlebase/ViT_googlebase.gen/sources_1/bd/vit_system/ip/vit_system_smartconnect_control_0/smartconnect.xdc:1]
WARNING: [Vivado_Tcl 4-919] Waiver ID 'CDC-1' -from list should not be empty. [/home/s23520579/Vivado_project/vit_m8_board_candidate_67c18532_workspace_20260809/vivado_server_307_perf_v1_m8_nongemm_nodsp_2023_2/VIT_googlebase_rtl/ViT_googlebase/ViT_googlebase.gen/sources_1/bd/vit_system/ip/vit_system_smartconnect_control_0/smartconnect.xdc:2]
WARNING: [Vivado_Tcl 4-919] Waiver ID 'CDC-1' -from list should not be empty. [/home/s23520579/Vivado_project/vit_m8_board_candidate_67c18532_workspace_20260809/vivado_server_307_perf_v1_m8_nongemm_nodsp_2023_2/VIT_googlebase_rtl/ViT_googlebase/ViT_googlebase.gen/sources_1/bd/vit_system/ip/vit_system_smartconnect_control_0/smartconnect.xdc:6]
Finished Parsing XDC File [/home/s23520579/Vivado_project/vit_m8_board_candidate_67c18532_workspace_20260809/vivado_server_307_perf_v1_m8_nongemm_nodsp_2023_2/VIT_googlebase_rtl/ViT_googlebase/ViT_googlebase.gen/sources_1/bd/vit_system/ip/vit_system_smartconnect_control_0/smartconnect.xdc] for cell 'vit_system_i/smartconnect_control/inst'
Parsing XDC File [/home/s23520579/Vivado_project/vit_m8_board_candidate_67c18532_workspace_20260809/vivado_server_307_perf_v1_m8_nongemm_nodsp_2023_2/VIT_googlebase_rtl/ViT_googlebase/ViT_googlebase.gen/sources_1/bd/vit_system/ip/vit_system_smartconnect_control_0/bd_0/ip/ip_10/bd_875e_sbn_0_clocks.xdc] for cell 'vit_system_i/smartconnect_control/inst/s00_nodes/s00_b_node/inst'
Finished Parsing XDC File [/home/s23520579/Vivado_project/vit_m8_board_candidate_67c18532_workspace_20260809/vivado_server_307_perf_v1_m8_nongemm_nodsp_2023_2/VIT_googlebase_rtl/ViT_googlebase/ViT_googlebase.gen/sources_1/bd/vit_system/ip/vit_system_smartconnect_control_0/bd_0/ip/ip_10/bd_875e_sbn_0_clocks.xdc] for cell 'vit_system_i/smartconnect_control/inst/s00_nodes/s00_b_node/inst'
Parsing XDC File [/home/s23520579/Vivado_project/vit_m8_board_candidate_67c18532_workspace_20260809/vivado_server_307_perf_v1_m8_nongemm_nodsp_2023_2/VIT_googlebase_rtl/ViT_googlebase/ViT_googlebase.gen/sources_1/bd/vit_system/ip/vit_system_smartconnect_control_0/bd_0/ip/ip_9/bd_875e_swn_0_clocks.xdc] for cell 'vit_system_i/smartconnect_control/inst/s00_nodes/s00_w_node/inst'
Finished Parsing XDC File [/home/s23520579/Vivado_project/vit_m8_board_candidate_67c18532_workspace_20260809/vivado_server_307_perf_v1_m8_nongemm_nodsp_2023_2/VIT_googlebase_rtl/ViT_googlebase/ViT_googlebase.gen/sources_1/bd/vit_system/ip/vit_system_smartconnect_control_0/bd_0/ip/ip_9/bd_875e_swn_0_clocks.xdc] for cell 'vit_system_i/smartconnect_control/inst/s00_nodes/s00_w_node/inst'
Parsing XDC File [/home/s23520579/Vivado_project/vit_m8_board_candidate_67c18532_workspace_20260809/vivado_server_307_perf_v1_m8_nongemm_nodsp_2023_2/VIT_googlebase_rtl/ViT_googlebase/ViT_googlebase.gen/sources_1/bd/vit_system/ip/vit_system_smartconnect_control_0/bd_0/ip/ip_8/bd_875e_sawn_0_clocks.xdc] for cell 'vit_system_i/smartconnect_control/inst/s00_nodes/s00_aw_node/inst'
Finished Parsing XDC File [/home/s23520579/Vivado_project/vit_m8_board_candidate_67c18532_workspace_20260809/vivado_server_307_perf_v1_m8_nongemm_nodsp_2023_2/VIT_googlebase_rtl/ViT_googlebase/ViT_googlebase.gen/sources_1/bd/vit_system/ip/vit_system_smartconnect_control_0/bd_0/ip/ip_8/bd_875e_sawn_0_clocks.xdc] for cell 'vit_system_i/smartconnect_control/inst/s00_nodes/s00_aw_node/inst'
Parsing XDC File [/home/s23520579/Vivado_project/vit_m8_board_candidate_67c18532_workspace_20260809/vivado_server_307_perf_v1_m8_nongemm_nodsp_2023_2/VIT_googlebase_rtl/ViT_googlebase/ViT_googlebase.gen/sources_1/bd/vit_system/ip/vit_system_smartconnect_control_0/bd_0/ip/ip_7/bd_875e_srn_0_clocks.xdc] for cell 'vit_system_i/smartconnect_control/inst/s00_nodes/s00_r_node/inst'
Finished Parsing XDC File [/home/s23520579/Vivado_project/vit_m8_board_candidate_67c18532_workspace_20260809/vivado_server_307_perf_v1_m8_nongemm_nodsp_2023_2/VIT_googlebase_rtl/ViT_googlebase/ViT_googlebase.gen/sources_1/bd/vit_system/ip/vit_system_smartconnect_control_0/bd_0/ip/ip_7/bd_875e_srn_0_clocks.xdc] for cell 'vit_system_i/smartconnect_control/inst/s00_nodes/s00_r_node/inst'
Parsing XDC File [/home/s23520579/Vivado_project/vit_m8_board_candidate_67c18532_workspace_20260809/vivado_server_307_perf_v1_m8_nongemm_nodsp_2023_2/VIT_googlebase_rtl/ViT_googlebase/ViT_googlebase.gen/sources_1/bd/vit_system/ip/vit_system_smartconnect_control_0/bd_0/ip/ip_6/bd_875e_sarn_0_clocks.xdc] for cell 'vit_system_i/smartconnect_control/inst/s00_nodes/s00_ar_node/inst'
Finished Parsing XDC File [/home/s23520579/Vivado_project/vit_m8_board_candidate_67c18532_workspace_20260809/vivado_server_307_perf_v1_m8_nongemm_nodsp_2023_2/VIT_googlebase_rtl/ViT_googlebase/ViT_googlebase.gen/sources_1/bd/vit_system/ip/vit_system_smartconnect_control_0/bd_0/ip/ip_6/bd_875e_sarn_0_clocks.xdc] for cell 'vit_system_i/smartconnect_control/inst/s00_nodes/s00_ar_node/inst'
Parsing XDC File [/home/s23520579/Vivado_project/vit_m8_board_candidate_67c18532_workspace_20260809/vivado_server_307_perf_v1_m8_nongemm_nodsp_2023_2/VIT_googlebase_rtl/ViT_googlebase/ViT_googlebase.gen/sources_1/bd/vit_system/ip/vit_system_smartconnect_control_0/bd_0/ip/ip_1/bd_875e_psr_aclk_0.xdc] for cell 'vit_system_i/smartconnect_control/inst/clk_map/psr_aclk/U0'
Finished Parsing XDC File [/home/s23520579/Vivado_project/vit_m8_board_candidate_67c18532_workspace_20260809/vivado_server_307_perf_v1_m8_nongemm_nodsp_2023_2/VIT_googlebase_rtl/ViT_googlebase/ViT_googlebase.gen/sources_1/bd/vit_system/ip/vit_system_smartconnect_control_0/bd_0/ip/ip_1/bd_875e_psr_aclk_0.xdc] for cell 'vit_system_i/smartconnect_control/inst/clk_map/psr_aclk/U0'
Parsing XDC File [/home/s23520579/Vivado_project/vit_m8_board_candidate_67c18532_workspace_20260809/vivado_server_307_perf_v1_m8_nongemm_nodsp_2023_2/VIT_googlebase_rtl/ViT_googlebase/ViT_googlebase.gen/sources_1/bd/vit_system/ip/vit_system_smartconnect_control_0/bd_0/ip/ip_1/bd_875e_psr_aclk_0_board.xdc] for cell 'vit_system_i/smartconnect_control/inst/clk_map/psr_aclk/U0'
Finished Parsing XDC File [/home/s23520579/Vivado_project/vit_m8_board_candidate_67c18532_workspace_20260809/vivado_server_307_perf_v1_m8_nongemm_nodsp_2023_2/VIT_googlebase_rtl/ViT_googlebase/ViT_googlebase.gen/sources_1/bd/vit_system/ip/vit_system_smartconnect_control_0/bd_0/ip/ip_1/bd_875e_psr_aclk_0_board.xdc] for cell 'vit_system_i/smartconnect_control/inst/clk_map/psr_aclk/U0'
Parsing XDC File [/home/s23520579/Vivado_project/vit_m8_board_candidate_67c18532_workspace_20260809/vivado_server_307_perf_v1_m8_nongemm_nodsp_2023_2/scripts/vivado/no_dsp.xdc]
Finished Parsing XDC File [/home/s23520579/Vivado_project/vit_m8_board_candidate_67c18532_workspace_20260809/vivado_server_307_perf_v1_m8_nongemm_nodsp_2023_2/scripts/vivado/no_dsp.xdc]
INFO: [Project 1-1714] 33 XPM XDC files have been applied to the design.
INFO: [Opt 31-138] Pushed 0 inverter(s) to 0 load pin(s).
INFO: [Project 1-1687] 436 scoped IP constraints or related sub-commands were skipped due to synthesis logic optimizations usually triggered by constant connectivity or unconnected output pins. To review the skipped constraints and messages, run the command 'set_param netlist.IPMsgFiltering false' before opening the design.
Netlist sorting complete. Time (s): cpu = 00:00:00.01 ; elapsed = 00:00:00.01 . Memory (MB): peak = 3347.680 ; gain = 0.000 ; free physical = 228600 ; free virtual = 245648
INFO: [Project 1-111] Unisim Transformation Summary:
  A total of 138 instances were transformed.
  RAM32M => RAM32M (RAMD32(x6), RAMS32(x2)): 1 instance 
  RAM32M16 => RAM32M16 (RAMD32(x14), RAMS32(x2)): 85 instances
  RAM64M8 => RAM64M8 (RAMD64E(x8)): 52 instances

open_run: Time (s): cpu = 00:00:52 ; elapsed = 00:00:45 . Memory (MB): peak = 3347.680 ; gain = 1742.820 ; free physical = 228600 ; free virtual = 245648
PASS: non-vacuous NPU subtree LUT=123144 FF=39646
  reachability: /home/s23520579/Vivado_project/vit_m8_board_candidate_67c18532_workspace_20260809/vivado_server_307_perf_v1_m8_nongemm_nodsp_2023_2/VIT_googlebase_rtl/reports/board_post_synth_reachability.rpt
  black boxes : /home/s23520579/Vivado_project/vit_m8_board_candidate_67c18532_workspace_20260809/vivado_server_307_perf_v1_m8_nongemm_nodsp_2023_2/VIT_googlebase_rtl/reports/board_post_synth_blackboxes.rpt
PASS: board_post_synth blackbox count is 0
PASS: board_post_synth inferred latch count is 0
PASS: board_post_synth DSP48/DSP58 primitive count is 0
PASS: board_post_synth M8 RAMB36 hierarchy is 32+4+3+1+1=41 with no RAMB18/URAM or hierarchy LUTRAM
INFO: [Timing 38-35] Done setting XDC timing constraints.
check_timing: Time (s): cpu = 00:00:52 ; elapsed = 00:00:32 . Memory (MB): peak = 4522.816 ; gain = 1175.137 ; free physical = 227306 ; free virtual = 244355
PASS: board_post_synth combinational-loop count is 0
PASS: board_post_synth CLB-LUT fit used=103620 available=117120 headroom=13500
report_ram_utilization: Time (s): cpu = 00:00:00 ; elapsed = 00:00:00 . Memory (MB): peak = 4522.816 ; gain = 0.000 ; free physical = 227231 ; free virtual = 244281
INFO: [Timing 38-91] UpdateTimingParams: Speed grade: -1, Temperature grade: E, Delay Type: max.
INFO: [Timing 38-191] Multithreading enabled for timing update using a maximum of 4 CPUs
report_timing_summary: Time (s): cpu = 00:00:12 ; elapsed = 00:00:06 . Memory (MB): peak = 4522.816 ; gain = 0.000 ; free physical = 226952 ; free virtual = 244003
INFO: [Timing 38-480] Writing timing data to binary archive.
Write ShapeDB Complete: Time (s): cpu = 00:00:01 ; elapsed = 00:00:00.34 . Memory (MB): peak = 4522.816 ; gain = 0.000 ; free physical = 226840 ; free virtual = 243925
INFO: [Common 17-1381] The checkpoint '/home/s23520579/Vivado_project/vit_m8_board_candidate_67c18532_workspace_20260809/vivado_server_307_perf_v1_m8_nongemm_nodsp_2023_2/VIT_googlebase_rtl/artifacts/board_post_synth.dcp' has been generated.
write_checkpoint: Time (s): cpu = 00:00:16 ; elapsed = 00:00:11 . Memory (MB): peak = 4522.816 ; gain = 0.000 ; free physical = 226355 ; free virtual = 243463
PASS: clean production board synthesis completed
  top       : design_1
  checkpoint: /home/s23520579/Vivado_project/vit_m8_board_candidate_67c18532_workspace_20260809/vivado_server_307_perf_v1_m8_nongemm_nodsp_2023_2/VIT_googlebase_rtl/artifacts/board_post_synth.dcp
  blackboxes: /home/s23520579/Vivado_project/vit_m8_board_candidate_67c18532_workspace_20260809/vivado_server_307_perf_v1_m8_nongemm_nodsp_2023_2/VIT_googlebase_rtl/reports/board_post_synth_blackboxes.rpt
  latches   : /home/s23520579/Vivado_project/vit_m8_board_candidate_67c18532_workspace_20260809/vivado_server_307_perf_v1_m8_nongemm_nodsp_2023_2/VIT_googlebase_rtl/reports/board_post_synth_latches.rpt
  loop gate : /home/s23520579/Vivado_project/vit_m8_board_candidate_67c18532_workspace_20260809/vivado_server_307_perf_v1_m8_nongemm_nodsp_2023_2/VIT_googlebase_rtl/reports/board_post_synth_combinational_loops.rpt
  RAM gate  : /home/s23520579/Vivado_project/vit_m8_board_candidate_67c18532_workspace_20260809/vivado_server_307_perf_v1_m8_nongemm_nodsp_2023_2/VIT_googlebase_rtl/reports/board_post_synth_m8_ram_mapping.rpt
  LUT fit   : /home/s23520579/Vivado_project/vit_m8_board_candidate_67c18532_workspace_20260809/vivado_server_307_perf_v1_m8_nongemm_nodsp_2023_2/VIT_googlebase_rtl/reports/board_post_synth_lut_fit_gate.rpt
INFO: [Common 17-206] Exiting Vivado at Sun Aug  9 03:49:34 2026...
