automaton_id,module,classification,state_register,state_encoding,clock,reset,moore_mealy_drawing_style,current_state_or_mode,transition_guard_or_signal,next_state_or_update,micro_op_or_control_effect,g3_transition_row_id,source_path,source_locator
CM-HOST-JOB,vit_phase_e_axi_wrapper,implicit,job_pending; recovery_required_q,IDLE/PENDING/RUNNING/RECOVERY,aclk,aresetn (synchronous active-low),Implicit protocol automaton — không nên ép thành Moore hoặc Mealy thuần; vẽ theo mode/occupancy/valid tracker + guard. G2: MIXED_OR_PROTOCOL; exact registered side effects listed,0/ALL,!aresetn,"IDLE, clear all wrapper-owned registers",CONTROL_RESET,FSM_HOST_JOB_LIFECYCLE:L40,rtl/axi/vit_phase_e_axi_wrapper.sv,"L253; 0/ALL; guard=!aresetn; target=IDLE, clear all wrapper-owned registers"
CM-HOST-JOB,vit_phase_e_axi_wrapper,implicit,job_pending; recovery_required_q,IDLE/PENDING/RUNNING/RECOVERY,aclk,aresetn (synchronous active-low),Implicit protocol automaton — không nên ép thành Moore hoặc Mealy thuần; vẽ theo mode/occupancy/valid tracker + guard. G2: MIXED_OR_PROTOCOL; exact registered side effects listed,1/any,clear_error_pulse,clear error/reject stickies; không clear recovery,CONTROL_ONLY,FSM_HOST_JOB_LIFECYCLE:L41,rtl/axi/vit_phase_e_axi_wrapper.sv,L253; 1/any; guard=clear_error_pulse; target=clear error/reject stickies; không clear recovery
CM-HOST-JOB,vit_phase_e_axi_wrapper,implicit,job_pending; recovery_required_q,IDLE/PENDING/RUNNING/RECOVERY,aclk,aresetn (synchronous active-low),Implicit protocol automaton — không nên ép thành Moore hoặc Mealy thuần; vẽ theo mode/occupancy/valid tracker + guard. G2: MIXED_OR_PROTOCOL; exact registered side effects listed,2/IDLE,start_pulse && accept,snapshot all job fields; job_pending=1,JOB_SNAPSHOT,FSM_HOST_JOB_LIFECYCLE:L42,rtl/axi/vit_phase_e_axi_wrapper.sv,L253; 2/IDLE; guard=start_pulse && accept; target=snapshot all job fields; job_pending=1
CM-HOST-JOB,vit_phase_e_axi_wrapper,implicit,job_pending; recovery_required_q,IDLE/PENDING/RUNNING/RECOVERY,aclk,aresetn (synchronous active-low),Implicit protocol automaton — không nên ép thành Moore hoặc Mealy thuần; vẽ theo mode/occupancy/valid tracker + guard. G2: MIXED_OR_PROTOCOL; exact registered side effects listed,2/not acceptable,start_pulse,reject priority BUSY > RESET_REQUIRED > EXECUTION_MODE > MODEL_ALIGNMENT,CONTROL_ONLY,FSM_HOST_JOB_LIFECYCLE:L43,rtl/axi/vit_phase_e_axi_wrapper.sv,L253; 2/not acceptable; guard=start_pulse; target=reject priority BUSY > RESET_REQUIRED > EXECUTION_MODE > MODEL_ALIGNMENT
CM-HOST-JOB,vit_phase_e_axi_wrapper,implicit,job_pending; recovery_required_q,IDLE/PENDING/RUNNING/RECOVERY,aclk,aresetn (synchronous active-low),Implicit protocol automaton — không nên ép thành Moore hoặc Mealy thuần; vẽ theo mode/occupancy/valid tracker + guard. G2: MIXED_OR_PROTOCOL; exact registered side effects listed,3/PENDING,job_fire,job_pending=0; NPU captures job same edge,JOB_DISPATCH,FSM_HOST_JOB_LIFECYCLE:L44,rtl/axi/vit_phase_e_axi_wrapper.sv,L253; 3/PENDING; guard=job_fire; target=job_pending=0; NPU captures job same edge
CM-HOST-JOB,vit_phase_e_axi_wrapper,implicit,job_pending; recovery_required_q,IDLE/PENDING/RUNNING/RECOVERY,aclk,aresetn (synchronous active-low),Implicit protocol automaton — không nên ép thành Moore hoặc Mealy thuần; vẽ theo mode/occupancy/valid tracker + guard. G2: MIXED_OR_PROTOCOL; exact registered side effects listed,4/RUN,terminal && npu_error,"sticky error, code/info; recovery_required_q=1",CONTROL_ONLY,FSM_HOST_JOB_LIFECYCLE:L45,rtl/axi/vit_phase_e_axi_wrapper.sv,"L253; 4/RUN; guard=terminal && npu_error; target=sticky error, code/info; recovery_required_q=1"
CM-HOST-JOB,vit_phase_e_axi_wrapper,implicit,job_pending; recovery_required_q,IDLE/PENDING/RUNNING/RECOVERY,aclk,aresetn (synchronous active-low),Implicit protocol automaton — không nên ép thành Moore hoặc Mealy thuần; vẽ theo mode/occupancy/valid tracker + guard. G2: MIXED_OR_PROTOCOL; exact registered side effects listed,4/RUN,terminal && !npu_error,sticky done,CONTROL_ONLY,FSM_HOST_JOB_LIFECYCLE:L46,rtl/axi/vit_phase_e_axi_wrapper.sv,L253; 4/RUN; guard=terminal && !npu_error; target=sticky done
CM-HOST-JOB,vit_phase_e_axi_wrapper,implicit,job_pending; recovery_required_q,IDLE/PENDING/RUNNING/RECOVERY,aclk,aresetn (synchronous active-low),Implicit protocol automaton — không nên ép thành Moore hoặc Mealy thuần; vẽ theo mode/occupancy/valid tracker + guard. G2: MIXED_OR_PROTOCOL; exact registered side effects listed,5/IDLE,soft_reset_pulse,clear pending/stickies/recovery directly; pulse local_reset_pulse one cycle,CONTROL_RESET,FSM_HOST_JOB_LIFECYCLE:L47,rtl/axi/vit_phase_e_axi_wrapper.sv,L253; 5/IDLE; guard=soft_reset_pulse; target=clear pending/stickies/recovery directly; pulse local_reset_pulse one cycle
CM-HOST-JOB,vit_phase_e_axi_wrapper,implicit,job_pending; recovery_required_q,IDLE/PENDING/RUNNING/RECOVERY,aclk,aresetn (synchronous active-low),Implicit protocol automaton — không nên ép thành Moore hoặc Mealy thuần; vẽ theo mode/occupancy/valid tracker + guard. G2: MIXED_OR_PROTOCOL; exact registered side effects listed,5/busy,soft_reset_pulse,BUSY error,CONTROL_ONLY,FSM_HOST_JOB_LIFECYCLE:L48,rtl/axi/vit_phase_e_axi_wrapper.sv,L253; 5/busy; guard=soft_reset_pulse; target=BUSY error
CM-HOST-JOB,vit_phase_e_axi_wrapper,implicit,job_pending; recovery_required_q,IDLE/PENDING/RUNNING/RECOVERY,aclk,aresetn (synchronous active-low),Implicit protocol automaton — không nên ép thành Moore hoặc Mealy thuần; vẽ theo mode/occupancy/valid tracker + guard. G2: MIXED_OR_PROTOCOL; exact registered side effects listed,6/any,abort_pulse,unsupported-abort error,CONTROL_ONLY,FSM_HOST_JOB_LIFECYCLE:L49,rtl/axi/vit_phase_e_axi_wrapper.sv,L253; 6/any; guard=abort_pulse; target=unsupported-abort error
CM-HOST-JOB,vit_phase_e_axi_wrapper,implicit,job_pending; recovery_required_q,IDLE/PENDING/RUNNING/RECOVERY,aclk,aresetn (synchronous active-low),Implicit protocol automaton — không nên ép thành Moore hoặc Mealy thuần; vẽ theo mode/occupancy/valid tracker + guard. G2: MIXED_OR_PROTOCOL; exact registered side effects listed,last,otherwise,hold,CONTROL_ONLY,FSM_HOST_JOB_LIFECYCLE:L50,rtl/axi/vit_phase_e_axi_wrapper.sv,L253; last; guard=otherwise; target=hold
CM-AXIL-WRITE,vit_axi_lite_control_regs,implicit,awaddr_hold_valid; wdata_hold_valid; s_axi_bvalid,EMPTY/CAPTURED/RESPONSE,aclk,aresetn (synchronous active-low),Implicit protocol automaton — không nên ép thành Moore hoặc Mealy thuần; vẽ theo mode/occupancy/valid tracker + guard. G2: MIXED_OR_PROTOCOL; exact registered side effects listed,any,rst,EMPTY,CONTROL_RESET,FSM_AXIL_WRITE:L41,rtl/axi/control/vit_axi_lite_control_regs.sv,L239; any; guard=rst; target=EMPTY
CM-AXIL-WRITE,vit_axi_lite_control_regs,implicit,awaddr_hold_valid; wdata_hold_valid; s_axi_bvalid,EMPTY/CAPTURED/RESPONSE,aclk,aresetn (synchronous active-low),Implicit protocol automaton — không nên ép thành Moore hoặc Mealy thuần; vẽ theo mode/occupancy/valid tracker + guard. G2: MIXED_OR_PROTOCOL; exact registered side effects listed,EMPTY,aw_fire,FULL; latch AWADDR,CAPTURE_AW,FSM_AXIL_WRITE:L42,rtl/axi/control/vit_axi_lite_control_regs.sv,L239; EMPTY; guard=aw_fire; target=FULL; latch AWADDR
CM-AXIL-WRITE,vit_axi_lite_control_regs,implicit,awaddr_hold_valid; wdata_hold_valid; s_axi_bvalid,EMPTY/CAPTURED/RESPONSE,aclk,aresetn (synchronous active-low),Implicit protocol automaton — không nên ép thành Moore hoặc Mealy thuần; vẽ theo mode/occupancy/valid tracker + guard. G2: MIXED_OR_PROTOCOL; exact registered side effects listed,FULL,write_commit,EMPTY,CONSUME_AW,FSM_AXIL_WRITE:L43,rtl/axi/control/vit_axi_lite_control_regs.sv,L239; FULL; guard=write_commit; target=EMPTY
CM-AXIL-WRITE,vit_axi_lite_control_regs,implicit,awaddr_hold_valid; wdata_hold_valid; s_axi_bvalid,EMPTY/CAPTURED/RESPONSE,aclk,aresetn (synchronous active-low),Implicit protocol automaton — không nên ép thành Moore hoặc Mealy thuần; vẽ theo mode/occupancy/valid tracker + guard. G2: MIXED_OR_PROTOCOL; exact registered side effects listed,any,otherwise,hold,CONTROL_ONLY,FSM_AXIL_WRITE:L44,rtl/axi/control/vit_axi_lite_control_regs.sv,L239; any; guard=otherwise; target=hold
CM-AXIL-WRITE,vit_axi_lite_control_regs,implicit,awaddr_hold_valid; wdata_hold_valid; s_axi_bvalid,EMPTY/CAPTURED/RESPONSE,aclk,aresetn (synchronous active-low),Implicit protocol automaton — không nên ép thành Moore hoặc Mealy thuần; vẽ theo mode/occupancy/valid tracker + guard. G2: MIXED_OR_PROTOCOL; exact registered side effects listed,EMPTY,w_fire,FULL; latch WDATA/WSTRB,CAPTURE_W,FSM_AXIL_WRITE:L50,rtl/axi/control/vit_axi_lite_control_regs.sv,L239; EMPTY; guard=w_fire; target=FULL; latch WDATA/WSTRB
CM-AXIL-WRITE,vit_axi_lite_control_regs,implicit,awaddr_hold_valid; wdata_hold_valid; s_axi_bvalid,EMPTY/CAPTURED/RESPONSE,aclk,aresetn (synchronous active-low),Implicit protocol automaton — không nên ép thành Moore hoặc Mealy thuần; vẽ theo mode/occupancy/valid tracker + guard. G2: MIXED_OR_PROTOCOL; exact registered side effects listed,FULL,write_commit,EMPTY,CONSUME_W,FSM_AXIL_WRITE:L51,rtl/axi/control/vit_axi_lite_control_regs.sv,L239; FULL; guard=write_commit; target=EMPTY
CM-AXIL-WRITE,vit_axi_lite_control_regs,implicit,awaddr_hold_valid; wdata_hold_valid; s_axi_bvalid,EMPTY/CAPTURED/RESPONSE,aclk,aresetn (synchronous active-low),Implicit protocol automaton — không nên ép thành Moore hoặc Mealy thuần; vẽ theo mode/occupancy/valid tracker + guard. G2: MIXED_OR_PROTOCOL; exact registered side effects listed,FULL,b_fire and no same-edge commit possible,EMPTY,RETIRE_B,FSM_AXIL_WRITE:L58,rtl/axi/control/vit_axi_lite_control_regs.sv,L239; FULL; guard=b_fire and no same-edge commit possible; target=EMPTY
CM-AXIL-WRITE,vit_axi_lite_control_regs,implicit,awaddr_hold_valid; wdata_hold_valid; s_axi_bvalid,EMPTY/CAPTURED/RESPONSE,aclk,aresetn (synchronous active-low),Implicit protocol automaton — không nên ép thành Moore hoặc Mealy thuần; vẽ theo mode/occupancy/valid tracker + guard. G2: MIXED_OR_PROTOCOL; exact registered side effects listed,EMPTY,write_commit,FULL; BRESP=OKAY/SLVERR,COMMIT_REGISTER_OR_TABLE,FSM_AXIL_WRITE:L59,rtl/axi/control/vit_axi_lite_control_regs.sv,L239; EMPTY; guard=write_commit; target=FULL; BRESP=OKAY/SLVERR
CM-AXIL-READ,vit_axi_lite_control_regs,implicit,s_axi_rvalid; layer_read_pending,IDLE/TABLE_WAIT/RESPONSE,aclk,aresetn (synchronous active-low),Implicit protocol automaton — không nên ép thành Moore hoặc Mealy thuần; vẽ theo mode/occupancy/valid tracker + guard. G2: MIXED_OR_PROTOCOL; exact registered side effects listed,any,rst,pending=0,CONTROL_RESET,FSM_AXIL_READ:L36,rtl/axi/control/vit_axi_lite_control_regs.sv,L250; any; guard=rst; target=pending=0
CM-AXIL-READ,vit_axi_lite_control_regs,implicit,s_axi_rvalid; layer_read_pending,IDLE/TABLE_WAIT/RESPONSE,aclk,aresetn (synchronous active-low),Implicit protocol automaton — không nên ép thành Moore hoặc Mealy thuần; vẽ theo mode/occupancy/valid tracker + guard. G2: MIXED_OR_PROTOCOL; exact registered side effects listed,no-pending,ar_fire && layer_addr && aligned,pending=1; table A read enable/address,TABLE_READ_REQUEST,FSM_AXIL_READ:L37,rtl/axi/control/vit_axi_lite_control_regs.sv,L250; no-pending; guard=ar_fire && layer_addr && aligned; target=pending=1; table A read enable/address
CM-AXIL-READ,vit_axi_lite_control_regs,implicit,s_axi_rvalid; layer_read_pending,IDLE/TABLE_WAIT/RESPONSE,aclk,aresetn (synchronous active-low),Implicit protocol automaton — không nên ép thành Moore hoặc Mealy thuần; vẽ theo mode/occupancy/valid tracker + guard. G2: MIXED_OR_PROTOCOL; exact registered side effects listed,pending,table_read_data_valid_i,pending=0; publish R/OKAY,TABLE_READ_RETURN,FSM_AXIL_READ:L38,rtl/axi/control/vit_axi_lite_control_regs.sv,L250; pending; guard=table_read_data_valid_i; target=pending=0; publish R/OKAY
CM-AXIL-READ,vit_axi_lite_control_regs,implicit,s_axi_rvalid; layer_read_pending,IDLE/TABLE_WAIT/RESPONSE,aclk,aresetn (synchronous active-low),Implicit protocol automaton — không nên ép thành Moore hoặc Mealy thuần; vẽ theo mode/occupancy/valid tracker + guard. G2: MIXED_OR_PROTOCOL; exact registered side effects listed,any,otherwise,hold,CONTROL_ONLY,FSM_AXIL_READ:L39,rtl/axi/control/vit_axi_lite_control_regs.sv,L250; any; guard=otherwise; target=hold
CM-AXIL-READ,vit_axi_lite_control_regs,implicit,s_axi_rvalid; layer_read_pending,IDLE/TABLE_WAIT/RESPONSE,aclk,aresetn (synchronous active-low),Implicit protocol automaton — không nên ép thành Moore hoặc Mealy thuần; vẽ theo mode/occupancy/valid tracker + guard. G2: MIXED_OR_PROTOCOL; exact registered side effects listed,any,rst,EMPTY/data=0/OKAY,CONTROL_RESET,FSM_AXIL_READ:L44,rtl/axi/control/vit_axi_lite_control_regs.sv,L250; any; guard=rst; target=EMPTY/data=0/OKAY
CM-AXIL-READ,vit_axi_lite_control_regs,implicit,s_axi_rvalid; layer_read_pending,IDLE/TABLE_WAIT/RESPONSE,aclk,aresetn (synchronous active-low),Implicit protocol automaton — không nên ép thành Moore hoặc Mealy thuần; vẽ theo mode/occupancy/valid tracker + guard. G2: MIXED_OR_PROTOCOL; exact registered side effects listed,FULL,r_fire,EMPTY,RETIRE_R,FSM_AXIL_READ:L45,rtl/axi/control/vit_axi_lite_control_regs.sv,L250; FULL; guard=r_fire; target=EMPTY
CM-AXIL-READ,vit_axi_lite_control_regs,implicit,s_axi_rvalid; layer_read_pending,IDLE/TABLE_WAIT/RESPONSE,aclk,aresetn (synchronous active-low),Implicit protocol automaton — không nên ép thành Moore hoặc Mealy thuần; vẽ theo mode/occupancy/valid tracker + guard. G2: MIXED_OR_PROTOCOL; exact registered side effects listed,EMPTY,ar_fire && (!aligned || !supported),"FULL, zero/SLVERR",LOCAL_ERROR_RESPONSE,FSM_AXIL_READ:L46,rtl/axi/control/vit_axi_lite_control_regs.sv,"L250; EMPTY; guard=ar_fire && (!aligned || !supported); target=FULL, zero/SLVERR"
CM-AXIL-READ,vit_axi_lite_control_regs,implicit,s_axi_rvalid; layer_read_pending,IDLE/TABLE_WAIT/RESPONSE,aclk,aresetn (synchronous active-low),Implicit protocol automaton — không nên ép thành Moore hoặc Mealy thuần; vẽ theo mode/occupancy/valid tracker + guard. G2: MIXED_OR_PROTOCOL; exact registered side effects listed,EMPTY,ar_fire && !layer_addr && legal,"FULL, decoded data/OKAY",LOCAL_READ_RESPONSE,FSM_AXIL_READ:L47,rtl/axi/control/vit_axi_lite_control_regs.sv,"L250; EMPTY; guard=ar_fire && !layer_addr && legal; target=FULL, decoded data/OKAY"
CM-AXIL-READ,vit_axi_lite_control_regs,implicit,s_axi_rvalid; layer_read_pending,IDLE/TABLE_WAIT/RESPONSE,aclk,aresetn (synchronous active-low),Implicit protocol automaton — không nên ép thành Moore hoặc Mealy thuần; vẽ theo mode/occupancy/valid tracker + guard. G2: MIXED_OR_PROTOCOL; exact registered side effects listed,EMPTY,pending and table_read_data_valid_i,"FULL, table data/OKAY",TABLE_READ_RETURN,FSM_AXIL_READ:L48,rtl/axi/control/vit_axi_lite_control_regs.sv,"L250; EMPTY; guard=pending and table_read_data_valid_i; target=FULL, table data/OKAY"
CM-IRQ-STICKY,vit_axi_lite_control_regs,implicit,irq_status_o,bitwise sticky; event wins RW1C,aclk,aresetn (synchronous active-low),Implicit protocol automaton — không nên ép thành Moore hoặc Mealy thuần; vẽ theo mode/occupancy/valid tracker + guard. G2: MIXED_OR_PROTOCOL; exact registered side effects listed,any,!aresetn,0,CONTROL_RESET,FSM_IRQ_STICKY:L33,rtl/axi/control/vit_axi_lite_control_regs.sv,L790; any; guard=!aresetn; target=0
CM-IRQ-STICKY,vit_axi_lite_control_regs,implicit,irq_status_o,bitwise sticky; event wins RW1C,aclk,aresetn (synchronous active-low),Implicit protocol automaton — không nên ép thành Moore hoặc Mealy thuần; vẽ theo mode/occupancy/valid tracker + guard. G2: MIXED_OR_PROTOCOL; exact registered side effects listed,any,otherwise,(old & ~irq_clear_mask) | irq_event_i,STICKY_EVENT_UPDATE,FSM_IRQ_STICKY:L34,rtl/axi/control/vit_axi_lite_control_regs.sv,L790; any; guard=otherwise; target=(old & ~irq_clear_mask) | irq_event_i
CM-SEQUENCER,vit_phase_e_sequencer,explicit,state,"SEQ_IDLE,SEQ_LOAD_LAYER,SEQ_ISSUE,SEQ_WAIT_COMMAND,SEQ_CHECKPOINT,SEQ_ADVANCE,SEQ_DONE",clk,rst (synchronous active-high),MIXED / protocol — khi vẽ: state-qualified outputs có thể xem là Moore-like; guard/input quyết định transition và registered micro-op là Mealy-controlled. G2: MIXED_OR_PROTOCOL; exact registered side effects listed,ALL,rst,"IDLE, clear",CONTROL_RESET,FSM_PHASE_SEQUENCER:L36,rtl/control/vit_phase_e_sequencer.sv,"L114-L122; ALL; guard=rst; target=IDLE, clear"
CM-SEQUENCER,vit_phase_e_sequencer,explicit,state,"SEQ_IDLE,SEQ_LOAD_LAYER,SEQ_ISSUE,SEQ_WAIT_COMMAND,SEQ_CHECKPOINT,SEQ_ADVANCE,SEQ_DONE",clk,rst (synchronous active-high),MIXED / protocol — khi vẽ: state-qualified outputs có thể xem là Moore-like; guard/input quyết định transition và registered micro-op là Mealy-controlled. G2: MIXED_OR_PROTOCOL; exact registered side effects listed,IDLE,no job,hold,CONTROL_ONLY,FSM_PHASE_SEQUENCER:L37,rtl/control/vit_phase_e_sequencer.sv,L114-L122; IDLE; guard=no job; target=hold
CM-SEQUENCER,vit_phase_e_sequencer,explicit,state,"SEQ_IDLE,SEQ_LOAD_LAYER,SEQ_ISSUE,SEQ_WAIT_COMMAND,SEQ_CHECKPOINT,SEQ_ADVANCE,SEQ_DONE",clk,rst (synchronous active-high),MIXED / protocol — khi vẽ: state-qualified outputs có thể xem là Moore-like; guard/input quyết định transition và registered micro-op là Mealy-controlled. G2: MIXED_OR_PROTOCOL; exact registered side effects listed,IDLE,valid E01/E04,"ISSUE, section EMBEDDING/FINAL",JOB_CONTEXT_LOAD,FSM_PHASE_SEQUENCER:L38,rtl/control/vit_phase_e_sequencer.sv,"L114-L122; IDLE; guard=valid E01/E04; target=ISSUE, section EMBEDDING/FINAL"
CM-SEQUENCER,vit_phase_e_sequencer,explicit,state,"SEQ_IDLE,SEQ_LOAD_LAYER,SEQ_ISSUE,SEQ_WAIT_COMMAND,SEQ_CHECKPOINT,SEQ_ADVANCE,SEQ_DONE",clk,rst (synchronous active-high),MIXED / protocol — khi vẽ: state-qualified outputs có thể xem là Moore-like; guard/input quyết định transition và registered micro-op là Mealy-controlled. G2: MIXED_OR_PROTOCOL; exact registered side effects listed,IDLE,valid E02/E03/E05 encoder start,LOAD_LAYER or initial ISSUE,JOB_CONTEXT_LOAD,FSM_PHASE_SEQUENCER:L39,rtl/control/vit_phase_e_sequencer.sv,L114-L122; IDLE; guard=valid E02/E03/E05 encoder start; target=LOAD_LAYER or initial ISSUE
CM-SEQUENCER,vit_phase_e_sequencer,explicit,state,"SEQ_IDLE,SEQ_LOAD_LAYER,SEQ_ISSUE,SEQ_WAIT_COMMAND,SEQ_CHECKPOINT,SEQ_ADVANCE,SEQ_DONE",clk,rst (synchronous active-high),MIXED / protocol — khi vẽ: state-qualified outputs có thể xem là Moore-like; guard/input quyết định transition và registered micro-op là Mealy-controlled. G2: MIXED_OR_PROTOCOL; exact registered side effects listed,IDLE,bad phase/layer/zero E05 layers,DONE; typed error,LOCAL_ERROR,FSM_PHASE_SEQUENCER:L40,rtl/control/vit_phase_e_sequencer.sv,L114-L122; IDLE; guard=bad phase/layer/zero E05 layers; target=DONE; typed error
CM-SEQUENCER,vit_phase_e_sequencer,explicit,state,"SEQ_IDLE,SEQ_LOAD_LAYER,SEQ_ISSUE,SEQ_WAIT_COMMAND,SEQ_CHECKPOINT,SEQ_ADVANCE,SEQ_DONE",clk,rst (synchronous active-high),MIXED / protocol — khi vẽ: state-qualified outputs có thể xem là Moore-like; guard/input quyết định transition và registered micro-op là Mealy-controlled. G2: MIXED_OR_PROTOCOL; exact registered side effects listed,LOAD_LAYER,layer_param_valid,"latch params,step=0,ISSUE",LAYER_PARAM_CAPTURE,FSM_PHASE_SEQUENCER:L41,rtl/control/vit_phase_e_sequencer.sv,"L114-L122; LOAD_LAYER; guard=layer_param_valid; target=latch params,step=0,ISSUE"
CM-SEQUENCER,vit_phase_e_sequencer,explicit,state,"SEQ_IDLE,SEQ_LOAD_LAYER,SEQ_ISSUE,SEQ_WAIT_COMMAND,SEQ_CHECKPOINT,SEQ_ADVANCE,SEQ_DONE",clk,rst (synchronous active-high),MIXED / protocol — khi vẽ: state-qualified outputs có thể xem là Moore-like; guard/input quyết định transition và registered micro-op là Mealy-controlled. G2: MIXED_OR_PROTOCOL; exact registered side effects listed,LOAD_LAYER,otherwise,hold,CONTROL_ONLY,FSM_PHASE_SEQUENCER:L42,rtl/control/vit_phase_e_sequencer.sv,L114-L122; LOAD_LAYER; guard=otherwise; target=hold
CM-SEQUENCER,vit_phase_e_sequencer,explicit,state,"SEQ_IDLE,SEQ_LOAD_LAYER,SEQ_ISSUE,SEQ_WAIT_COMMAND,SEQ_CHECKPOINT,SEQ_ADVANCE,SEQ_DONE",clk,rst (synchronous active-high),MIXED / protocol — khi vẽ: state-qualified outputs có thể xem là Moore-like; guard/input quyết định transition và registered micro-op là Mealy-controlled. G2: MIXED_OR_PROTOCOL; exact registered side effects listed,ISSUE,cmd_ready,WAIT_COMMAND,COMMAND_DISPATCH,FSM_PHASE_SEQUENCER:L43,rtl/control/vit_phase_e_sequencer.sv,L114-L122; ISSUE; guard=cmd_ready; target=WAIT_COMMAND
CM-SEQUENCER,vit_phase_e_sequencer,explicit,state,"SEQ_IDLE,SEQ_LOAD_LAYER,SEQ_ISSUE,SEQ_WAIT_COMMAND,SEQ_CHECKPOINT,SEQ_ADVANCE,SEQ_DONE",clk,rst (synchronous active-high),MIXED / protocol — khi vẽ: state-qualified outputs có thể xem là Moore-like; guard/input quyết định transition và registered micro-op là Mealy-controlled. G2: MIXED_OR_PROTOCOL; exact registered side effects listed,ISSUE,otherwise,hold command,CONTROL_ONLY,FSM_PHASE_SEQUENCER:L44,rtl/control/vit_phase_e_sequencer.sv,L114-L122; ISSUE; guard=otherwise; target=hold command
CM-SEQUENCER,vit_phase_e_sequencer,explicit,state,"SEQ_IDLE,SEQ_LOAD_LAYER,SEQ_ISSUE,SEQ_WAIT_COMMAND,SEQ_CHECKPOINT,SEQ_ADVANCE,SEQ_DONE",clk,rst (synchronous active-high),MIXED / protocol — khi vẽ: state-qualified outputs có thể xem là Moore-like; guard/input quyết định transition và registered micro-op là Mealy-controlled. G2: MIXED_OR_PROTOCOL; exact registered side effects listed,WAIT_COMMAND,cmd_error,DONE; command error context,CONTROL_ONLY,FSM_PHASE_SEQUENCER:L45,rtl/control/vit_phase_e_sequencer.sv,L114-L122; WAIT_COMMAND; guard=cmd_error; target=DONE; command error context
CM-SEQUENCER,vit_phase_e_sequencer,explicit,state,"SEQ_IDLE,SEQ_LOAD_LAYER,SEQ_ISSUE,SEQ_WAIT_COMMAND,SEQ_CHECKPOINT,SEQ_ADVANCE,SEQ_DONE",clk,rst (synchronous active-high),MIXED / protocol — khi vẽ: state-qualified outputs có thể xem là Moore-like; guard/input quyết định transition và registered micro-op là Mealy-controlled. G2: MIXED_OR_PROTOCOL; exact registered side effects listed,WAIT_COMMAND,!cmd_error&&cmd_done&&checkpoint_enable,CHECKPOINT,CONTROL_ONLY,FSM_PHASE_SEQUENCER:L46,rtl/control/vit_phase_e_sequencer.sv,L114-L122; WAIT_COMMAND; guard=!cmd_error&&cmd_done&&checkpoint_enable; target=CHECKPOINT
CM-SEQUENCER,vit_phase_e_sequencer,explicit,state,"SEQ_IDLE,SEQ_LOAD_LAYER,SEQ_ISSUE,SEQ_WAIT_COMMAND,SEQ_CHECKPOINT,SEQ_ADVANCE,SEQ_DONE",clk,rst (synchronous active-high),MIXED / protocol — khi vẽ: state-qualified outputs có thể xem là Moore-like; guard/input quyết định transition và registered micro-op là Mealy-controlled. G2: MIXED_OR_PROTOCOL; exact registered side effects listed,WAIT_COMMAND,!cmd_error&&cmd_done&&!checkpoint_enable,ADVANCE,CONTROL_ONLY,FSM_PHASE_SEQUENCER:L47,rtl/control/vit_phase_e_sequencer.sv,L114-L122; WAIT_COMMAND; guard=!cmd_error&&cmd_done&&!checkpoint_enable; target=ADVANCE
CM-SEQUENCER,vit_phase_e_sequencer,explicit,state,"SEQ_IDLE,SEQ_LOAD_LAYER,SEQ_ISSUE,SEQ_WAIT_COMMAND,SEQ_CHECKPOINT,SEQ_ADVANCE,SEQ_DONE",clk,rst (synchronous active-high),MIXED / protocol — khi vẽ: state-qualified outputs có thể xem là Moore-like; guard/input quyết định transition và registered micro-op là Mealy-controlled. G2: MIXED_OR_PROTOCOL; exact registered side effects listed,WAIT_COMMAND,otherwise,hold,CONTROL_ONLY,FSM_PHASE_SEQUENCER:L48,rtl/control/vit_phase_e_sequencer.sv,L114-L122; WAIT_COMMAND; guard=otherwise; target=hold
CM-SEQUENCER,vit_phase_e_sequencer,explicit,state,"SEQ_IDLE,SEQ_LOAD_LAYER,SEQ_ISSUE,SEQ_WAIT_COMMAND,SEQ_CHECKPOINT,SEQ_ADVANCE,SEQ_DONE",clk,rst (synchronous active-high),MIXED / protocol — khi vẽ: state-qualified outputs có thể xem là Moore-like; guard/input quyết định transition và registered micro-op là Mealy-controlled. G2: MIXED_OR_PROTOCOL; exact registered side effects listed,CHECKPOINT,ready,ADVANCE,CHECKPOINT_TRANSFER,FSM_PHASE_SEQUENCER:L49,rtl/control/vit_phase_e_sequencer.sv,L114-L122; CHECKPOINT; guard=ready; target=ADVANCE
CM-SEQUENCER,vit_phase_e_sequencer,explicit,state,"SEQ_IDLE,SEQ_LOAD_LAYER,SEQ_ISSUE,SEQ_WAIT_COMMAND,SEQ_CHECKPOINT,SEQ_ADVANCE,SEQ_DONE",clk,rst (synchronous active-high),MIXED / protocol — khi vẽ: state-qualified outputs có thể xem là Moore-like; guard/input quyết định transition và registered micro-op là Mealy-controlled. G2: MIXED_OR_PROTOCOL; exact registered side effects listed,CHECKPOINT,otherwise,hold,CONTROL_ONLY,FSM_PHASE_SEQUENCER:L50,rtl/control/vit_phase_e_sequencer.sv,L114-L122; CHECKPOINT; guard=otherwise; target=hold
CM-SEQUENCER,vit_phase_e_sequencer,explicit,state,"SEQ_IDLE,SEQ_LOAD_LAYER,SEQ_ISSUE,SEQ_WAIT_COMMAND,SEQ_CHECKPOINT,SEQ_ADVANCE,SEQ_DONE",clk,rst (synchronous active-high),MIXED / protocol — khi vẽ: state-qualified outputs có thể xem là Moore-like; guard/input quyết định transition và registered micro-op là Mealy-controlled. G2: MIXED_OR_PROTOCOL; exact registered side effects listed,ADVANCE,section-specific next step/layer/section,ISSUE/LOAD_LAYER/DONE,CURSOR_ADVANCE,FSM_PHASE_SEQUENCER:L51,rtl/control/vit_phase_e_sequencer.sv,L114-L122; ADVANCE; guard=section-specific next step/layer/section; target=ISSUE/LOAD_LAYER/DONE
CM-SEQUENCER,vit_phase_e_sequencer,explicit,state,"SEQ_IDLE,SEQ_LOAD_LAYER,SEQ_ISSUE,SEQ_WAIT_COMMAND,SEQ_CHECKPOINT,SEQ_ADVANCE,SEQ_DONE",clk,rst (synchronous active-high),MIXED / protocol — khi vẽ: state-qualified outputs có thể xem là Moore-like; guard/input quyết định transition và registered micro-op là Mealy-controlled. G2: MIXED_OR_PROTOCOL; exact registered side effects listed,ADVANCE,illegal section,DONE; bad-phase error,LOCAL_ERROR,FSM_PHASE_SEQUENCER:L52,rtl/control/vit_phase_e_sequencer.sv,L114-L122; ADVANCE; guard=illegal section; target=DONE; bad-phase error
CM-SEQUENCER,vit_phase_e_sequencer,explicit,state,"SEQ_IDLE,SEQ_LOAD_LAYER,SEQ_ISSUE,SEQ_WAIT_COMMAND,SEQ_CHECKPOINT,SEQ_ADVANCE,SEQ_DONE",clk,rst (synchronous active-high),MIXED / protocol — khi vẽ: state-qualified outputs có thể xem là Moore-like; guard/input quyết định transition và registered micro-op là Mealy-controlled. G2: MIXED_OR_PROTOCOL; exact registered side effects listed,DONE,unconditional,IDLE,CONTROL_ONLY,FSM_PHASE_SEQUENCER:L53,rtl/control/vit_phase_e_sequencer.sv,L114-L122; DONE; guard=unconditional; target=IDLE
CM-SEQUENCER,vit_phase_e_sequencer,explicit,state,"SEQ_IDLE,SEQ_LOAD_LAYER,SEQ_ISSUE,SEQ_WAIT_COMMAND,SEQ_CHECKPOINT,SEQ_ADVANCE,SEQ_DONE",clk,rst (synchronous active-high),MIXED / protocol — khi vẽ: state-qualified outputs có thể xem là Moore-like; guard/input quyết định transition và registered micro-op là Mealy-controlled. G2: MIXED_OR_PROTOCOL; exact registered side effects listed,illegal state,default,DONE; bad-phase error,ILLEGAL_RECOVER,FSM_PHASE_SEQUENCER:L54,rtl/control/vit_phase_e_sequencer.sv,L114-L122; illegal state; guard=default; target=DONE; bad-phase error
CM-COMMAND,vit_phase_e_command_controller,explicit,state,"STATE_IDLE,STATE_WAIT_PARAMETER,STATE_LAUNCH,STATE_EXECUTE,STATE_REPORT",clk,rst (synchronous active-high),MIXED / protocol — khi vẽ: state-qualified outputs có thể xem là Moore-like; guard/input quyết định transition và registered micro-op là Mealy-controlled. G2: MIXED_OR_PROTOCOL; exact registered side effects listed,ALL,rst,"IDLE, clear all",CONTROL_RESET,FSM_COMMAND_CONTROLLER:L34,rtl/core/vit_phase_e_command_controller.sv,"L50-L56; ALL; guard=rst; target=IDLE, clear all"
CM-COMMAND,vit_phase_e_command_controller,explicit,state,"STATE_IDLE,STATE_WAIT_PARAMETER,STATE_LAUNCH,STATE_EXECUTE,STATE_REPORT",clk,rst (synchronous active-high),MIXED / protocol — khi vẽ: state-qualified outputs có thể xem là Moore-like; guard/input quyết định transition và registered micro-op là Mealy-controlled. G2: MIXED_OR_PROTOCOL; exact registered side effects listed,IDLE,cmd_valid & needs-param,"latch cmd,clear report error,WAIT_PARAMETER",COMMAND_CAPTURE,FSM_COMMAND_CONTROLLER:L35,rtl/core/vit_phase_e_command_controller.sv,"L106-L116; IDLE; guard=cmd_valid & needs-param; target=latch cmd,clear report error,WAIT_PARAMETER"
CM-COMMAND,vit_phase_e_command_controller,explicit,state,"STATE_IDLE,STATE_WAIT_PARAMETER,STATE_LAUNCH,STATE_EXECUTE,STATE_REPORT",clk,rst (synchronous active-high),MIXED / protocol — khi vẽ: state-qualified outputs có thể xem là Moore-like; guard/input quyết định transition và registered micro-op là Mealy-controlled. G2: MIXED_OR_PROTOCOL; exact registered side effects listed,IDLE,cmd_valid & !needs-param,"latch cmd,clear error,LAUNCH",COMMAND_CAPTURE,FSM_COMMAND_CONTROLLER:L36,rtl/core/vit_phase_e_command_controller.sv,"L106-L116; IDLE; guard=cmd_valid & !needs-param; target=latch cmd,clear error,LAUNCH"
CM-COMMAND,vit_phase_e_command_controller,explicit,state,"STATE_IDLE,STATE_WAIT_PARAMETER,STATE_LAUNCH,STATE_EXECUTE,STATE_REPORT",clk,rst (synchronous active-high),MIXED / protocol — khi vẽ: state-qualified outputs có thể xem là Moore-like; guard/input quyết định transition và registered micro-op là Mealy-controlled. G2: MIXED_OR_PROTOCOL; exact registered side effects listed,IDLE,otherwise,hold,CONTROL_ONLY,FSM_COMMAND_CONTROLLER:L37,rtl/core/vit_phase_e_command_controller.sv,L106-L116; IDLE; guard=otherwise; target=hold
CM-COMMAND,vit_phase_e_command_controller,explicit,state,"STATE_IDLE,STATE_WAIT_PARAMETER,STATE_LAUNCH,STATE_EXECUTE,STATE_REPORT",clk,rst (synchronous active-high),MIXED / protocol — khi vẽ: state-qualified outputs có thể xem là Moore-like; guard/input quyết định transition và registered micro-op là Mealy-controlled. G2: MIXED_OR_PROTOCOL; exact registered side effects listed,WAIT_PARAMETER,ready,LAUNCH,PARAMETER_GATE_RELEASE,FSM_COMMAND_CONTROLLER:L38,rtl/core/vit_phase_e_command_controller.sv,L117-L121; WAIT_PARAMETER; guard=ready; target=LAUNCH
CM-COMMAND,vit_phase_e_command_controller,explicit,state,"STATE_IDLE,STATE_WAIT_PARAMETER,STATE_LAUNCH,STATE_EXECUTE,STATE_REPORT",clk,rst (synchronous active-high),MIXED / protocol — khi vẽ: state-qualified outputs có thể xem là Moore-like; guard/input quyết định transition và registered micro-op là Mealy-controlled. G2: MIXED_OR_PROTOCOL; exact registered side effects listed,WAIT_PARAMETER,otherwise,hold,CONTROL_ONLY,FSM_COMMAND_CONTROLLER:L39,rtl/core/vit_phase_e_command_controller.sv,L117-L121; WAIT_PARAMETER; guard=otherwise; target=hold
CM-COMMAND,vit_phase_e_command_controller,explicit,state,"STATE_IDLE,STATE_WAIT_PARAMETER,STATE_LAUNCH,STATE_EXECUTE,STATE_REPORT",clk,rst (synchronous active-high),MIXED / protocol — khi vẽ: state-qualified outputs có thể xem là Moore-like; guard/input quyết định transition và registered micro-op là Mealy-controlled. G2: MIXED_OR_PROTOCOL; exact registered side effects listed,LAUNCH,invalid opcode,"report_error=1,REPORT",LOCAL_ERROR,FSM_COMMAND_CONTROLLER:L40,rtl/core/vit_phase_e_command_controller.sv,"L122-L131; LAUNCH; guard=invalid opcode; target=report_error=1,REPORT"
CM-COMMAND,vit_phase_e_command_controller,explicit,state,"STATE_IDLE,STATE_WAIT_PARAMETER,STATE_LAUNCH,STATE_EXECUTE,STATE_REPORT",clk,rst (synchronous active-high),MIXED / protocol — khi vẽ: state-qualified outputs có thể xem là Moore-like; guard/input quyết định transition và registered micro-op là Mealy-controlled. G2: MIXED_OR_PROTOCOL; exact registered side effects listed,LAUNCH,valid opcode,EXECUTE,ENGINE_LAUNCH,FSM_COMMAND_CONTROLLER:L41,rtl/core/vit_phase_e_command_controller.sv,L122-L131; LAUNCH; guard=valid opcode; target=EXECUTE
CM-COMMAND,vit_phase_e_command_controller,explicit,state,"STATE_IDLE,STATE_WAIT_PARAMETER,STATE_LAUNCH,STATE_EXECUTE,STATE_REPORT",clk,rst (synchronous active-high),MIXED / protocol — khi vẽ: state-qualified outputs có thể xem là Moore-like; guard/input quyết định transition và registered micro-op là Mealy-controlled. G2: MIXED_OR_PROTOCOL; exact registered side effects listed,EXECUTE,memory_error_latched,"report_error=1,REPORT",CONTROL_ONLY,FSM_COMMAND_CONTROLLER:L42,rtl/core/vit_phase_e_command_controller.sv,"L132-L141; EXECUTE; guard=memory_error_latched; target=report_error=1,REPORT"
CM-COMMAND,vit_phase_e_command_controller,explicit,state,"STATE_IDLE,STATE_WAIT_PARAMETER,STATE_LAUNCH,STATE_EXECUTE,STATE_REPORT",clk,rst (synchronous active-high),MIXED / protocol — khi vẽ: state-qualified outputs có thể xem là Moore-like; guard/input quyết định transition và registered micro-op là Mealy-controlled. G2: MIXED_OR_PROTOCOL; exact registered side effects listed,EXECUTE,!memory error & selected_done,"report_error=selected_error,REPORT",CONTROL_ONLY,FSM_COMMAND_CONTROLLER:L43,rtl/core/vit_phase_e_command_controller.sv,"L132-L141; EXECUTE; guard=!memory error & selected_done; target=report_error=selected_error,REPORT"
CM-COMMAND,vit_phase_e_command_controller,explicit,state,"STATE_IDLE,STATE_WAIT_PARAMETER,STATE_LAUNCH,STATE_EXECUTE,STATE_REPORT",clk,rst (synchronous active-high),MIXED / protocol — khi vẽ: state-qualified outputs có thể xem là Moore-like; guard/input quyết định transition và registered micro-op là Mealy-controlled. G2: MIXED_OR_PROTOCOL; exact registered side effects listed,EXECUTE,otherwise,hold,CONTROL_ONLY,FSM_COMMAND_CONTROLLER:L44,rtl/core/vit_phase_e_command_controller.sv,L132-L141; EXECUTE; guard=otherwise; target=hold
CM-COMMAND,vit_phase_e_command_controller,explicit,state,"STATE_IDLE,STATE_WAIT_PARAMETER,STATE_LAUNCH,STATE_EXECUTE,STATE_REPORT",clk,rst (synchronous active-high),MIXED / protocol — khi vẽ: state-qualified outputs có thể xem là Moore-like; guard/input quyết định transition và registered micro-op là Mealy-controlled. G2: MIXED_OR_PROTOCOL; exact registered side effects listed,REPORT,unconditional,"pulse done xor error,IDLE",COMMAND_RETIRE,FSM_COMMAND_CONTROLLER:L45,rtl/core/vit_phase_e_command_controller.sv,"L142-L147; REPORT; guard=unconditional; target=pulse done xor error,IDLE"
CM-COMMAND,vit_phase_e_command_controller,explicit,state,"STATE_IDLE,STATE_WAIT_PARAMETER,STATE_LAUNCH,STATE_EXECUTE,STATE_REPORT",clk,rst (synchronous active-high),MIXED / protocol — khi vẽ: state-qualified outputs có thể xem là Moore-like; guard/input quyết định transition và registered micro-op là Mealy-controlled. G2: MIXED_OR_PROTOCOL; exact registered side effects listed,illegal,default,"report_error=1,REPORT",ILLEGAL_RECOVER,FSM_COMMAND_CONTROLLER:L46,rtl/core/vit_phase_e_command_controller.sv,"L50-L56; illegal; guard=default; target=report_error=1,REPORT"
CM-LAYER-LOADER,vit_layer_param_loader,explicit,state,"LOAD_IDLE,LOAD_RUN,LOAD_RESPONSE,LOAD_WAIT_RELEASE",clk,rst (synchronous active-high),MIXED / protocol — khi vẽ: state-qualified outputs có thể xem là Moore-like; guard/input quyết định transition và registered micro-op là Mealy-controlled. G2: MIXED_OR_PROTOCOL; exact registered side effects listed,ALL,rst,"IDLE, clear",CONTROL_RESET,FSM_LAYER_PARAM_LOADER:L32,rtl/axi/control/vit_layer_param_loader.sv,"L28-L33; ALL; guard=rst; target=IDLE, clear"
CM-LAYER-LOADER,vit_layer_param_loader,explicit,state,"LOAD_IDLE,LOAD_RUN,LOAD_RESPONSE,LOAD_WAIT_RELEASE",clk,rst (synchronous active-high),MIXED / protocol — khi vẽ: state-qualified outputs có thể xem là Moore-like; guard/input quyết định transition và registered micro-op là Mealy-controlled. G2: MIXED_OR_PROTOCOL; exact registered side effects listed,IDLE,request_i && index_ok,RUN; latch index; clear counts/data,BEGIN_LAYER_LOAD,FSM_LAYER_PARAM_LOADER:L33,rtl/axi/control/vit_layer_param_loader.sv,L28-L33; IDLE; guard=request_i && index_ok; target=RUN; latch index; clear counts/data
CM-LAYER-LOADER,vit_layer_param_loader,explicit,state,"LOAD_IDLE,LOAD_RUN,LOAD_RESPONSE,LOAD_WAIT_RELEASE",clk,rst (synchronous active-high),MIXED / protocol — khi vẽ: state-qualified outputs có thể xem là Moore-like; guard/input quyết định transition và registered micro-op là Mealy-controlled. G2: MIXED_OR_PROTOCOL; exact registered side effects listed,IDLE,request_i && !index_ok,RESPONSE with zero data,LOCAL_ZERO_RESPONSE,FSM_LAYER_PARAM_LOADER:L34,rtl/axi/control/vit_layer_param_loader.sv,L28-L33; IDLE; guard=request_i && !index_ok; target=RESPONSE with zero data
CM-LAYER-LOADER,vit_layer_param_loader,explicit,state,"LOAD_IDLE,LOAD_RUN,LOAD_RESPONSE,LOAD_WAIT_RELEASE",clk,rst (synchronous active-high),MIXED / protocol — khi vẽ: state-qualified outputs có thể xem là Moore-like; guard/input quyết định transition và registered micro-op là Mealy-controlled. G2: MIXED_OR_PROTOCOL; exact registered side effects listed,IDLE,otherwise,hold,CONTROL_ONLY,FSM_LAYER_PARAM_LOADER:L35,rtl/axi/control/vit_layer_param_loader.sv,L28-L33; IDLE; guard=otherwise; target=hold
CM-LAYER-LOADER,vit_layer_param_loader,explicit,state,"LOAD_IDLE,LOAD_RUN,LOAD_RESPONSE,LOAD_WAIT_RELEASE",clk,rst (synchronous active-high),MIXED / protocol — khi vẽ: state-qualified outputs có thể xem là Moore-like; guard/input quyết định transition và registered micro-op là Mealy-controlled. G2: MIXED_OR_PROTOCOL; exact registered side effects listed,RUN,req_fire,issue_count++,TABLE_B_READ_REQUEST,FSM_LAYER_PARAM_LOADER:L36,rtl/axi/control/vit_layer_param_loader.sv,L28-L33; RUN; guard=req_fire; target=issue_count++
CM-LAYER-LOADER,vit_layer_param_loader,explicit,state,"LOAD_IDLE,LOAD_RUN,LOAD_RESPONSE,LOAD_WAIT_RELEASE",clk,rst (synchronous active-high),MIXED / protocol — khi vẽ: state-qualified outputs có thể xem là Moore-like; guard/input quyết định transition và registered micro-op là Mealy-controlled. G2: MIXED_OR_PROTOCOL; exact registered side effects listed,RUN,rsp_fire && !last_rsp,shift data; receive_count++,GATHER_WORD,FSM_LAYER_PARAM_LOADER:L37,rtl/axi/control/vit_layer_param_loader.sv,L28-L33; RUN; guard=rsp_fire && !last_rsp; target=shift data; receive_count++
CM-LAYER-LOADER,vit_layer_param_loader,explicit,state,"LOAD_IDLE,LOAD_RUN,LOAD_RESPONSE,LOAD_WAIT_RELEASE",clk,rst (synchronous active-high),MIXED / protocol — khi vẽ: state-qualified outputs có thể xem là Moore-like; guard/input quyết định transition và registered micro-op là Mealy-controlled. G2: MIXED_OR_PROTOCOL; exact registered side effects listed,RUN,rsp_fire && last_rsp,shift final data; RESPONSE,GATHER_FINAL_WORD,FSM_LAYER_PARAM_LOADER:L38,rtl/axi/control/vit_layer_param_loader.sv,L28-L33; RUN; guard=rsp_fire && last_rsp; target=shift final data; RESPONSE
CM-LAYER-LOADER,vit_layer_param_loader,explicit,state,"LOAD_IDLE,LOAD_RUN,LOAD_RESPONSE,LOAD_WAIT_RELEASE",clk,rst (synchronous active-high),MIXED / protocol — khi vẽ: state-qualified outputs có thể xem là Moore-like; guard/input quyết định transition và registered micro-op là Mealy-controlled. G2: MIXED_OR_PROTOCOL; exact registered side effects listed,RESPONSE,unconditional,WAIT_RELEASE,CONTROL_ONLY,FSM_LAYER_PARAM_LOADER:L39,rtl/axi/control/vit_layer_param_loader.sv,L28-L33; RESPONSE; guard=unconditional; target=WAIT_RELEASE
CM-LAYER-LOADER,vit_layer_param_loader,explicit,state,"LOAD_IDLE,LOAD_RUN,LOAD_RESPONSE,LOAD_WAIT_RELEASE",clk,rst (synchronous active-high),MIXED / protocol — khi vẽ: state-qualified outputs có thể xem là Moore-like; guard/input quyết định transition và registered micro-op là Mealy-controlled. G2: MIXED_OR_PROTOCOL; exact registered side effects listed,WAIT_RELEASE,!request_i,IDLE,CONTROL_ONLY,FSM_LAYER_PARAM_LOADER:L40,rtl/axi/control/vit_layer_param_loader.sv,L28-L33; WAIT_RELEASE; guard=!request_i; target=IDLE
CM-LAYER-LOADER,vit_layer_param_loader,explicit,state,"LOAD_IDLE,LOAD_RUN,LOAD_RESPONSE,LOAD_WAIT_RELEASE",clk,rst (synchronous active-high),MIXED / protocol — khi vẽ: state-qualified outputs có thể xem là Moore-like; guard/input quyết định transition và registered micro-op là Mealy-controlled. G2: MIXED_OR_PROTOCOL; exact registered side effects listed,WAIT_RELEASE,otherwise,hold,CONTROL_ONLY,FSM_LAYER_PARAM_LOADER:L41,rtl/axi/control/vit_layer_param_loader.sv,L28-L33; WAIT_RELEASE; guard=otherwise; target=hold
CM-LAYER-LOADER,vit_layer_param_loader,explicit,state,"LOAD_IDLE,LOAD_RUN,LOAD_RESPONSE,LOAD_WAIT_RELEASE",clk,rst (synchronous active-high),MIXED / protocol — khi vẽ: state-qualified outputs có thể xem là Moore-like; guard/input quyết định transition và registered micro-op là Mealy-controlled. G2: MIXED_OR_PROTOCOL; exact registered side effects listed,illegal,default,IDLE,ILLEGAL_RECOVER,FSM_LAYER_PARAM_LOADER:L42,rtl/axi/control/vit_layer_param_loader.sv,L28-L33; illegal; guard=default; target=IDLE
CM-LAYER-TABLE,vit_layer_param_table,implicit,word_valid; a_word_valid; a_rvalid_o; b_word_valid; b_rvalid_o,INVALID/VALID; IDLE/PENDING,clk,rst (synchronous active-high),Implicit protocol automaton — không nên ép thành Moore hoặc Mealy thuần; vẽ theo mode/occupancy/valid tracker + guard. G2: MIXED_OR_PROTOCOL; exact registered side effects listed,any,rst,IDLE; valid/data sideband clear,CONTROL_RESET,FSM_LAYER_PARAM_TABLE:L34,rtl/axi/control/vit_layer_param_table.sv,L45; any; guard=rst; target=IDLE; valid/data sideband clear
CM-LAYER-TABLE,vit_layer_param_table,implicit,word_valid; a_word_valid; a_rvalid_o; b_word_valid; b_rvalid_o,INVALID/VALID; IDLE/PENDING,clk,rst (synchronous active-high),Implicit protocol automaton — không nên ép thành Moore hoặc Mealy thuần; vẽ theo mode/occupancy/valid tracker + guard. G2: MIXED_OR_PROTOCOL; exact registered side effects listed,any,a_req,PULSE; sample old RAM and validity; optionally write bytes/set valid,TABLE_A_READ_FIRST_ACCESS,FSM_LAYER_PARAM_TABLE:L35,rtl/axi/control/vit_layer_param_table.sv,L45; any; guard=a_req; target=PULSE; sample old RAM and validity; optionally write bytes/set valid
CM-LAYER-TABLE,vit_layer_param_table,implicit,word_valid; a_word_valid; a_rvalid_o; b_word_valid; b_rvalid_o,INVALID/VALID; IDLE/PENDING,clk,rst (synchronous active-high),Implicit protocol automaton — không nên ép thành Moore hoặc Mealy thuần; vẽ theo mode/occupancy/valid tracker + guard. G2: MIXED_OR_PROTOCOL; exact registered side effects listed,any,!a_req,IDLE; data holds,CONTROL_ONLY,FSM_LAYER_PARAM_TABLE:L36,rtl/axi/control/vit_layer_param_table.sv,L45; any; guard=!a_req; target=IDLE; data holds
CM-LAYER-TABLE,vit_layer_param_table,implicit,word_valid; a_word_valid; a_rvalid_o; b_word_valid; b_rvalid_o,INVALID/VALID; IDLE/PENDING,clk,rst (synchronous active-high),Implicit protocol automaton — không nên ép thành Moore hoặc Mealy thuần; vẽ theo mode/occupancy/valid tracker + guard. G2: MIXED_OR_PROTOCOL; exact registered side effects listed,any,rst,IDLE,CONTROL_RESET,FSM_LAYER_PARAM_TABLE:L41,rtl/axi/control/vit_layer_param_table.sv,L45; any; guard=rst; target=IDLE
CM-LAYER-TABLE,vit_layer_param_table,implicit,word_valid; a_word_valid; a_rvalid_o; b_word_valid; b_rvalid_o,INVALID/VALID; IDLE/PENDING,clk,rst (synchronous active-high),Implicit protocol automaton — không nên ép thành Moore hoặc Mealy thuần; vẽ theo mode/occupancy/valid tracker + guard. G2: MIXED_OR_PROTOCOL; exact registered side effects listed,any,b_req,PULSE; sample old RAM/validity,TABLE_B_READ,FSM_LAYER_PARAM_TABLE:L42,rtl/axi/control/vit_layer_param_table.sv,L45; any; guard=b_req; target=PULSE; sample old RAM/validity
CM-LAYER-TABLE,vit_layer_param_table,implicit,word_valid; a_word_valid; a_rvalid_o; b_word_valid; b_rvalid_o,INVALID/VALID; IDLE/PENDING,clk,rst (synchronous active-high),Implicit protocol automaton — không nên ép thành Moore hoặc Mealy thuần; vẽ theo mode/occupancy/valid tracker + guard. G2: MIXED_OR_PROTOCOL; exact registered side effects listed,any,!b_req,IDLE; data holds,CONTROL_ONLY,FSM_LAYER_PARAM_TABLE:L43,rtl/axi/control/vit_layer_param_table.sv,L45; any; guard=!b_req; target=IDLE; data holds
CM-PERF-EPOCH,vit_phase_e_perf_counters,implicit,running_o; snapshot_valid_o; live_job_cycles; live_command_count; live_axi_read_count; live_axi_write_count; live_axi_request_stall_cycles; job_cycles_o; command_count_o; axi_read_count_o; axi_write_count_o; axi_request_stall_cycles_o,IDLE/RUNNING/PUBLISHED,clk,rst (synchronous active-high),Implicit protocol automaton — không nên ép thành Moore hoặc Mealy thuần; vẽ theo mode/occupancy/valid tracker + guard. G2: MIXED_OR_PROTOCOL; exact registered side effects listed,any,rst,EMPTY; all zero,CONTROL_RESET,FSM_PERF_EPOCH:L31,rtl/axi/control/vit_phase_e_perf_counters.sv,L21; any; guard=rst; target=EMPTY; all zero
CM-PERF-EPOCH,vit_phase_e_perf_counters,implicit,running_o; snapshot_valid_o; live_job_cycles; live_command_count; live_axi_read_count; live_axi_write_count; live_axi_request_stall_cycles; job_cycles_o; command_count_o; axi_read_count_o; axi_write_count_o; axi_request_stall_cycles_o,IDLE/RUNNING/PUBLISHED,clk,rst (synchronous active-high),Implicit protocol automaton — không nên ép thành Moore hoặc Mealy thuần; vẽ theo mode/occupancy/valid tracker + guard. G2: MIXED_OR_PROTOCOL; exact registered side effects listed,any,start,RUN; clear live/published/snapshot,EPOCH_START,FSM_PERF_EPOCH:L32,rtl/axi/control/vit_phase_e_perf_counters.sv,L21; any; guard=start; target=RUN; clear live/published/snapshot
CM-PERF-EPOCH,vit_phase_e_perf_counters,implicit,running_o; snapshot_valid_o; live_job_cycles; live_command_count; live_axi_read_count; live_axi_write_count; live_axi_request_stall_cycles; job_cycles_o; command_count_o; axi_read_count_o; axi_write_count_o; axi_request_stall_cycles_o,IDLE/RUNNING/PUBLISHED,clk,rst (synchronous active-high),Implicit protocol automaton — không nên ép thành Moore hoặc Mealy thuần; vẽ theo mode/occupancy/valid tracker + guard. G2: MIXED_OR_PROTOCOL; exact registered side effects listed,RUN,done,PUBLISHED; live increments; publish live+edge_delta,EPOCH_PUBLISH,FSM_PERF_EPOCH:L33,rtl/axi/control/vit_phase_e_perf_counters.sv,L21; RUN; guard=done; target=PUBLISHED; live increments; publish live+edge_delta
CM-PERF-EPOCH,vit_phase_e_perf_counters,implicit,running_o; snapshot_valid_o; live_job_cycles; live_command_count; live_axi_read_count; live_axi_write_count; live_axi_request_stall_cycles; job_cycles_o; command_count_o; axi_read_count_o; axi_write_count_o; axi_request_stall_cycles_o,IDLE/RUNNING/PUBLISHED,clk,rst (synchronous active-high),Implicit protocol automaton — không nên ép thành Moore hoặc Mealy thuần; vẽ theo mode/occupancy/valid tracker + guard. G2: MIXED_OR_PROTOCOL; exact registered side effects listed,RUN,!done,RUN; add event deltas,COUNTER_ACCUMULATE,FSM_PERF_EPOCH:L34,rtl/axi/control/vit_phase_e_perf_counters.sv,L21; RUN; guard=!done; target=RUN; add event deltas
CM-PERF-EPOCH,vit_phase_e_perf_counters,implicit,running_o; snapshot_valid_o; live_job_cycles; live_command_count; live_axi_read_count; live_axi_write_count; live_axi_request_stall_cycles; job_cycles_o; command_count_o; axi_read_count_o; axi_write_count_o; axi_request_stall_cycles_o,IDLE/RUNNING/PUBLISHED,clk,rst (synchronous active-high),Implicit protocol automaton — không nên ép thành Moore hoặc Mealy thuần; vẽ theo mode/occupancy/valid tracker + guard. G2: MIXED_OR_PROTOCOL; exact registered side effects listed,EMPTY/PUBLISHED,no start,hold,CONTROL_ONLY,FSM_PERF_EPOCH:L35,rtl/axi/control/vit_phase_e_perf_counters.sv,L21; EMPTY/PUBLISHED; guard=no start; target=hold
CM-PROFILE-EPOCH,vit_phase_e_profile_counters,implicit,profile_running_o; profile_snapshot_valid_o; global_live; global_published; opcode_count_live; opcode_count_published; opcode_cycle_live; opcode_cycle_published; histogram_live; histogram_published; error_status_live; error_status_published,IDLE/RUNNING/PUBLISHED,clk,rst (synchronous active-high),Implicit protocol automaton — không nên ép thành Moore hoặc Mealy thuần; vẽ theo mode/occupancy/valid tracker + guard. G2: MIXED_OR_PROTOCOL; exact registered side effects listed,any,rst,EMPTY; clear all registered banks/trackers,CONTROL_RESET,FSM_PROFILE_EPOCH:L35,rtl/axi/control/vit_phase_e_profile_counters.sv,L51; any; guard=rst; target=EMPTY; clear all registered banks/trackers
CM-PROFILE-EPOCH,vit_phase_e_profile_counters,implicit,profile_running_o; profile_snapshot_valid_o; global_live; global_published; opcode_count_live; opcode_count_published; opcode_cycle_live; opcode_cycle_published; histogram_live; histogram_published; error_status_live; error_status_published,IDLE/RUNNING/PUBLISHED,clk,rst (synchronous active-high),Implicit protocol automaton — không nên ép thành Moore hoặc Mealy thuần; vẽ theo mode/occupancy/valid tracker + guard. G2: MIXED_OR_PROTOCOL; exact registered side effects listed,any,start,RUN; clear live/published/status/trackers,PROFILE_EPOCH_START,FSM_PROFILE_EPOCH:L36,rtl/axi/control/vit_phase_e_profile_counters.sv,L51; any; guard=start; target=RUN; clear live/published/status/trackers
CM-PROFILE-EPOCH,vit_phase_e_profile_counters,implicit,profile_running_o; profile_snapshot_valid_o; global_live; global_published; opcode_count_live; opcode_count_published; opcode_cycle_live; opcode_cycle_published; histogram_live; histogram_published; error_status_live; error_status_published,IDLE/RUNNING/PUBLISHED,clk,rst (synchronous active-high),Implicit protocol automaton — không nên ép thành Moore hoặc Mealy thuần; vẽ theo mode/occupancy/valid tracker + guard. G2: MIXED_OR_PROTOCOL; exact registered side effects listed,RUN,done,PUBLISHED; update live and atomically copy all next banks,PROFILE_EPOCH_PUBLISH,FSM_PROFILE_EPOCH:L37,rtl/axi/control/vit_phase_e_profile_counters.sv,L51; RUN; guard=done; target=PUBLISHED; update live and atomically copy all next banks
CM-PROFILE-EPOCH,vit_phase_e_profile_counters,implicit,profile_running_o; profile_snapshot_valid_o; global_live; global_published; opcode_count_live; opcode_count_published; opcode_cycle_live; opcode_cycle_published; histogram_live; histogram_published; error_status_live; error_status_published,IDLE/RUNNING/PUBLISHED,clk,rst (synchronous active-high),Implicit protocol automaton — không nên ép thành Moore hoặc Mealy thuần; vẽ theo mode/occupancy/valid tracker + guard. G2: MIXED_OR_PROTOCOL; exact registered side effects listed,RUN,!done,RUN; commit all next live banks,PROFILE_ACCUMULATE,FSM_PROFILE_EPOCH:L38,rtl/axi/control/vit_phase_e_profile_counters.sv,L51; RUN; guard=!done; target=RUN; commit all next live banks
CM-PROFILE-EPOCH,vit_phase_e_profile_counters,implicit,profile_running_o; profile_snapshot_valid_o; global_live; global_published; opcode_count_live; opcode_count_published; opcode_cycle_live; opcode_cycle_published; histogram_live; histogram_published; error_status_live; error_status_published,IDLE/RUNNING/PUBLISHED,clk,rst (synchronous active-high),Implicit protocol automaton — không nên ép thành Moore hoặc Mealy thuần; vẽ theo mode/occupancy/valid tracker + guard. G2: MIXED_OR_PROTOCOL; exact registered side effects listed,EMPTY/PUBLISHED,no start,hold published data,CONTROL_ONLY,FSM_PROFILE_EPOCH:L39,rtl/axi/control/vit_phase_e_profile_counters.sv,L51; EMPTY/PUBLISHED; guard=no start; target=hold published data
CM-PROFILE-TRACE,vit_phase_e_profile_counters,implicit,trace_count_live; trace_count_o; trace_truncated_live; trace_truncated_o; trace_read_address; trace_read_pending_o; trace_selected_valid_o,EMPTY/CAPTURING/FULL; IDLE/PENDING/VALID,clk,rst (synchronous active-high),Implicit protocol automaton — không nên ép thành Moore hoặc Mealy thuần; vẽ theo mode/occupancy/valid tracker + guard. G2: MIXED_OR_PROTOCOL; exact registered side effects listed,inactive,"cmd_accept, with or without same-edge cmd_complete",active; latch opcode/tag/section/layer/step;duration=0; simultaneous cmd_complete also sets ERROR_COMPLETE_WITHOUT_ACTIVE because the pre-edge tracker was inactive; no trace is stored,TRACE_COMMAND_CLAIM + optional TRACE_PROTOCOL_ERROR,FSM_PROFILE_TRACE_TRACKERS:L44,rtl/axi/control/vit_phase_e_profile_counters.sv,"L175; inactive; guard=cmd_accept, with or without same-edge cmd_complete; target=active; latch opcode/tag/section/layer/step;duration=0; simultaneous cmd_complete also sets ERROR_COMPLETE_WITHOUT_ACTIVE because the pre-edge tracker was inactive; no trace is stored"
CM-PROFILE-TRACE,vit_phase_e_profile_counters,implicit,trace_count_live; trace_count_o; trace_truncated_live; trace_truncated_o; trace_read_address; trace_read_pending_o; trace_selected_valid_o,EMPTY/CAPTURING/FULL; IDLE/PENDING/VALID,clk,rst (synchronous active-high),Implicit protocol automaton — không nên ép thành Moore hoặc Mealy thuần; vẽ theo mode/occupancy/valid tracker + guard. G2: MIXED_OR_PROTOCOL; exact registered side effects listed,active,"trace_completion, with or without same-edge cmd_accept",inactive; optionally write old bound metadata to RAM/count++; reset duration; simultaneous accept also sets ERROR_ACCEPT_WHILE_ACTIVE,TRACE_COMMAND_COMMIT + optional TRACE_PROTOCOL_ERROR,FSM_PROFILE_TRACE_TRACKERS:L45,rtl/axi/control/vit_phase_e_profile_counters.sv,"L175; active; guard=trace_completion, with or without same-edge cmd_accept; target=inactive; optionally write old bound metadata to RAM/count++; reset duration; simultaneous accept also sets ERROR_ACCEPT_WHILE_ACTIVE"
CM-PROFILE-TRACE,vit_phase_e_profile_counters,implicit,trace_count_live; trace_count_o; trace_truncated_live; trace_truncated_o; trace_read_address; trace_read_pending_o; trace_selected_valid_o,EMPTY/CAPTURING/FULL; IDLE/PENDING/VALID,clk,rst (synchronous active-high),Implicit protocol automaton — không nên ép thành Moore hoặc Mealy thuần; vẽ theo mode/occupancy/valid tracker + guard. G2: MIXED_OR_PROTOCOL; exact registered side effects listed,active,!trace_completion && cmd_accept,metadata does not overwrite; duration ages; set ERROR_ACCEPT_WHILE_ACTIVE,TRACE_COMMAND_AGE + TRACE_PROTOCOL_ERROR,FSM_PROFILE_TRACE_TRACKERS:L46,rtl/axi/control/vit_phase_e_profile_counters.sv,L175; active; guard=!trace_completion && cmd_accept; target=metadata does not overwrite; duration ages; set ERROR_ACCEPT_WHILE_ACTIVE
CM-PROFILE-TRACE,vit_phase_e_profile_counters,implicit,trace_count_live; trace_count_o; trace_truncated_live; trace_truncated_o; trace_read_address; trace_read_pending_o; trace_selected_valid_o,EMPTY/CAPTURING/FULL; IDLE/PENDING/VALID,clk,rst (synchronous active-high),Implicit protocol automaton — không nên ép thành Moore hoặc Mealy thuần; vẽ theo mode/occupancy/valid tracker + guard. G2: MIXED_OR_PROTOCOL; exact registered side effects listed,active,!trace_completion && !cmd_accept,duration=duration+1 modulo 2^64; at max it wraps to zero and sets sticky duration-overflow,TRACE_COMMAND_AGE,FSM_PROFILE_TRACE_TRACKERS:L47,rtl/axi/control/vit_phase_e_profile_counters.sv,L175; active; guard=!trace_completion && !cmd_accept; target=duration=duration+1 modulo 2^64; at max it wraps to zero and sets sticky duration-overflow
CM-PROFILE-TRACE,vit_phase_e_profile_counters,implicit,trace_count_live; trace_count_o; trace_truncated_live; trace_truncated_o; trace_read_address; trace_read_pending_o; trace_selected_valid_o,EMPTY/CAPTURING/FULL; IDLE/PENDING/VALID,clk,rst (synchronous active-high),Implicit protocol automaton — không nên ép thành Moore hoặc Mealy thuần; vẽ theo mode/occupancy/valid tracker + guard. G2: MIXED_OR_PROTOCOL; exact registered side effects listed,inactive,!cmd_accept && cmd_complete,stay inactive; set ERROR_COMPLETE_WITHOUT_ACTIVE,TRACE_PROTOCOL_ERROR,FSM_PROFILE_TRACE_TRACKERS:L48,rtl/axi/control/vit_phase_e_profile_counters.sv,L175; inactive; guard=!cmd_accept && cmd_complete; target=stay inactive; set ERROR_COMPLETE_WITHOUT_ACTIVE
CM-PROFILE-TRACE,vit_phase_e_profile_counters,implicit,trace_count_live; trace_count_o; trace_truncated_live; trace_truncated_o; trace_read_address; trace_read_pending_o; trace_selected_valid_o,EMPTY/CAPTURING/FULL; IDLE/PENDING/VALID,clk,rst (synchronous active-high),Implicit protocol automaton — không nên ép thành Moore hoặc Mealy thuần; vẽ theo mode/occupancy/valid tracker + guard. G2: MIXED_OR_PROTOCOL; exact registered side effects listed,inactive,no accept/cmd_complete,hold,CONTROL_ONLY,FSM_PROFILE_TRACE_TRACKERS:L49,rtl/axi/control/vit_phase_e_profile_counters.sv,L175; inactive; guard=no accept/cmd_complete; target=hold
CM-PROFILE-TRACE,vit_phase_e_profile_counters,implicit,trace_count_live; trace_count_o; trace_truncated_live; trace_truncated_o; trace_read_address; trace_read_pending_o; trace_selected_valid_o,EMPTY/CAPTURING/FULL; IDLE/PENDING/VALID,clk,rst (synchronous active-high),Implicit protocol automaton — không nên ép thành Moore hoặc Mealy thuần; vẽ theo mode/occupancy/valid tracker + guard. G2: MIXED_OR_PROTOCOL; exact registered side effects listed,0,"AR and RLAST same edge, legacy alias inactive",remain0; sample zero-cycle first-R latency; no queue debt,AR_LATENCY_ZERO_CYCLE_RETIRE,FSM_PROFILE_TRACE_TRACKERS:L59,rtl/axi/control/vit_phase_e_profile_counters.sv,"L175; 0; guard=AR and RLAST same edge, legacy alias inactive; target=remain0; sample zero-cycle first-R latency; no queue debt"
CM-PROFILE-TRACE,vit_phase_e_profile_counters,implicit,trace_count_live; trace_count_o; trace_truncated_live; trace_truncated_o; trace_read_address; trace_read_pending_o; trace_selected_valid_o,EMPTY/CAPTURING/FULL; IDLE/PENDING/VALID,clk,rst (synchronous active-high),Implicit protocol automaton — không nên ép thành Moore hoặc Mealy thuần; vẽ theo mode/occupancy/valid tracker + guard. G2: MIXED_OR_PROTOCOL; exact registered side effects listed,0,"AR and RLAST same edge, legacy alias active","count remains0, but alias active/wait retain their old values; histogram samples the pre-edge alias wait",AR_LATENCY_ALIAS_ZERO_CYCLE_RETIRE,FSM_PROFILE_TRACE_TRACKERS:L60,rtl/axi/control/vit_phase_e_profile_counters.sv,"L175; 0; guard=AR and RLAST same edge, legacy alias active; target=count remains0, but alias active/wait retain their old values; histogram samples the pre-edge alias wait"
CM-PROFILE-TRACE,vit_phase_e_profile_counters,implicit,trace_count_live; trace_count_o; trace_truncated_live; trace_truncated_o; trace_read_address; trace_read_pending_o; trace_selected_valid_o,EMPTY/CAPTURING/FULL; IDLE/PENDING/VALID,clk,rst (synchronous active-high),Implicit protocol automaton — không nên ép thành Moore hoặc Mealy thuần; vẽ theo mode/occupancy/valid tracker + guard. G2: MIXED_OR_PROTOCOL; exact registered side effects listed,0,AR and nonlast R same edge,"1; slot0 wait0,first_seen0=1",AR_LATENCY_PUSH_SEEN,FSM_PROFILE_TRACE_TRACKERS:L61,rtl/axi/control/vit_phase_e_profile_counters.sv,"L175; 0; guard=AR and nonlast R same edge; target=1; slot0 wait0,first_seen0=1"
CM-PROFILE-TRACE,vit_phase_e_profile_counters,implicit,trace_count_live; trace_count_o; trace_truncated_live; trace_truncated_o; trace_read_address; trace_read_pending_o; trace_selected_valid_o,EMPTY/CAPTURING/FULL; IDLE/PENDING/VALID,clk,rst (synchronous active-high),Implicit protocol automaton — không nên ép thành Moore hoặc Mealy thuần; vẽ theo mode/occupancy/valid tracker + guard. G2: MIXED_OR_PROTOCOL; exact registered side effects listed,0,AR and no R beat,"1; slot0 wait0,first_seen0=0",AR_LATENCY_PUSH,FSM_PROFILE_TRACE_TRACKERS:L62,rtl/axi/control/vit_phase_e_profile_counters.sv,"L175; 0; guard=AR and no R beat; target=1; slot0 wait0,first_seen0=0"
CM-PROFILE-TRACE,vit_phase_e_profile_counters,implicit,trace_count_live; trace_count_o; trace_truncated_live; trace_truncated_o; trace_read_address; trace_read_pending_o; trace_selected_valid_o,EMPTY/CAPTURING/FULL; IDLE/PENDING/VALID,clk,rst (synchronous active-high),Implicit protocol automaton — không nên ép thành Moore hoặc Mealy thuần; vẽ theo mode/occupancy/valid tracker + guard. G2: MIXED_OR_PROTOCOL; exact registered side effects listed,0,R beat without AR and read_latency_active=0,remain0; set ERROR_R_WITHOUT_AR; no queue mutation,TRACE_PROTOCOL_ERROR,FSM_PROFILE_TRACE_TRACKERS:L63,rtl/axi/control/vit_phase_e_profile_counters.sv,L175; 0; guard=R beat without AR and read_latency_active=0; target=remain0; set ERROR_R_WITHOUT_AR; no queue mutation
CM-PROFILE-TRACE,vit_phase_e_profile_counters,implicit,trace_count_live; trace_count_o; trace_truncated_live; trace_truncated_o; trace_read_address; trace_read_pending_o; trace_selected_valid_o,EMPTY/CAPTURING/FULL; IDLE/PENDING/VALID,clk,rst (synchronous active-high),Implicit protocol automaton — không nên ép thành Moore hoặc Mealy thuần; vẽ theo mode/occupancy/valid tracker + guard. G2: MIXED_OR_PROTOCOL; exact registered side effects listed,0,R beat without AR and legacy alias read_latency_active=1,remain0; clear alias/wait; compatibility-only saturation-test recovery,AR_LATENCY_ALIAS_CLEAR,FSM_PROFILE_TRACE_TRACKERS:L64,rtl/axi/control/vit_phase_e_profile_counters.sv,L175; 0; guard=R beat without AR and legacy alias read_latency_active=1; target=remain0; clear alias/wait; compatibility-only saturation-test recovery
CM-PROFILE-TRACE,vit_phase_e_profile_counters,implicit,trace_count_live; trace_count_o; trace_truncated_live; trace_truncated_o; trace_read_address; trace_read_pending_o; trace_selected_valid_o,EMPTY/CAPTURING/FULL; IDLE/PENDING/VALID,clk,rst (synchronous active-high),Implicit protocol automaton — không nên ép thành Moore hoặc Mealy thuần; vẽ theo mode/occupancy/valid tracker + guard. G2: MIXED_OR_PROTOCOL; exact registered side effects listed,0,no AR/R beat,remain0,CONTROL_ONLY,FSM_PROFILE_TRACE_TRACKERS:L65,rtl/axi/control/vit_phase_e_profile_counters.sv,L175; 0; guard=no AR/R beat; target=remain0
CM-PROFILE-TRACE,vit_phase_e_profile_counters,implicit,trace_count_live; trace_count_o; trace_truncated_live; trace_truncated_o; trace_read_address; trace_read_pending_o; trace_selected_valid_o,EMPTY/CAPTURING/FULL; IDLE/PENDING/VALID,clk,rst (synchronous active-high),Implicit protocol automaton — không nên ép thành Moore hoặc Mealy thuần; vẽ theo mode/occupancy/valid tracker + guard. G2: MIXED_OR_PROTOCOL; exact registered side effects listed,1,RLAST + AR,remain1; retire old head and replace it with new unseen slot0,AR_LATENCY_EXCHANGE,FSM_PROFILE_TRACE_TRACKERS:L66,rtl/axi/control/vit_phase_e_profile_counters.sv,L175; 1; guard=RLAST + AR; target=remain1; retire old head and replace it with new unseen slot0
CM-PROFILE-TRACE,vit_phase_e_profile_counters,implicit,trace_count_live; trace_count_o; trace_truncated_live; trace_truncated_o; trace_read_address; trace_read_pending_o; trace_selected_valid_o,EMPTY/CAPTURING/FULL; IDLE/PENDING/VALID,clk,rst (synchronous active-high),Implicit protocol automaton — không nên ép thành Moore hoặc Mealy thuần; vẽ theo mode/occupancy/valid tracker + guard. G2: MIXED_OR_PROTOCOL; exact registered side effects listed,1,RLAST without AR,0; clear head,AR_LATENCY_POP,FSM_PROFILE_TRACE_TRACKERS:L67,rtl/axi/control/vit_phase_e_profile_counters.sv,L175; 1; guard=RLAST without AR; target=0; clear head
CM-PROFILE-TRACE,vit_phase_e_profile_counters,implicit,trace_count_live; trace_count_o; trace_truncated_live; trace_truncated_o; trace_read_address; trace_read_pending_o; trace_selected_valid_o,EMPTY/CAPTURING/FULL; IDLE/PENDING/VALID,clk,rst (synchronous active-high),Implicit protocol automaton — không nên ép thành Moore hoặc Mealy thuần; vẽ theo mode/occupancy/valid tracker + guard. G2: MIXED_OR_PROTOCOL; exact registered side effects listed,1,nonlast R + AR,2; mark slot0 seen and initialize unseen slot1,AR_FIRST_R_OBSERVE + AR_LATENCY_PUSH,FSM_PROFILE_TRACE_TRACKERS:L68,rtl/axi/control/vit_phase_e_profile_counters.sv,L175; 1; guard=nonlast R + AR; target=2; mark slot0 seen and initialize unseen slot1
CM-PROFILE-TRACE,vit_phase_e_profile_counters,implicit,trace_count_live; trace_count_o; trace_truncated_live; trace_truncated_o; trace_read_address; trace_read_pending_o; trace_selected_valid_o,EMPTY/CAPTURING/FULL; IDLE/PENDING/VALID,clk,rst (synchronous active-high),Implicit protocol automaton — không nên ép thành Moore hoặc Mealy thuần; vẽ theo mode/occupancy/valid tracker + guard. G2: MIXED_OR_PROTOCOL; exact registered side effects listed,1,nonlast R without AR,remain1; mark slot0 seen; histogram samples old wait if first beat,AR_FIRST_R_OBSERVE,FSM_PROFILE_TRACE_TRACKERS:L69,rtl/axi/control/vit_phase_e_profile_counters.sv,L175; 1; guard=nonlast R without AR; target=remain1; mark slot0 seen; histogram samples old wait if first beat
CM-PROFILE-TRACE,vit_phase_e_profile_counters,implicit,trace_count_live; trace_count_o; trace_truncated_live; trace_truncated_o; trace_read_address; trace_read_pending_o; trace_selected_valid_o,EMPTY/CAPTURING/FULL; IDLE/PENDING/VALID,clk,rst (synchronous active-high),Implicit protocol automaton — không nên ép thành Moore hoặc Mealy thuần; vẽ theo mode/occupancy/valid tracker + guard. G2: MIXED_OR_PROTOCOL; exact registered side effects listed,1,AR without R beat,2; initialize unseen slot1,AR_LATENCY_PUSH,FSM_PROFILE_TRACE_TRACKERS:L70,rtl/axi/control/vit_phase_e_profile_counters.sv,L175; 1; guard=AR without R beat; target=2; initialize unseen slot1
CM-PROFILE-TRACE,vit_phase_e_profile_counters,implicit,trace_count_live; trace_count_o; trace_truncated_live; trace_truncated_o; trace_read_address; trace_read_pending_o; trace_selected_valid_o,EMPTY/CAPTURING/FULL; IDLE/PENDING/VALID,clk,rst (synchronous active-high),Implicit protocol automaton — không nên ép thành Moore hoặc Mealy thuần; vẽ theo mode/occupancy/valid tracker + guard. G2: MIXED_OR_PROTOCOL; exact registered side effects listed,1,no AR/R beat,"remain1; age every unseen slot, saturating",LATENCY_AGE,FSM_PROFILE_TRACE_TRACKERS:L71,rtl/axi/control/vit_phase_e_profile_counters.sv,"L175; 1; guard=no AR/R beat; target=remain1; age every unseen slot, saturating"
CM-PROFILE-TRACE,vit_phase_e_profile_counters,implicit,trace_count_live; trace_count_o; trace_truncated_live; trace_truncated_o; trace_read_address; trace_read_pending_o; trace_selected_valid_o,EMPTY/CAPTURING/FULL; IDLE/PENDING/VALID,clk,rst (synchronous active-high),Implicit protocol automaton — không nên ép thành Moore hoặc Mealy thuần; vẽ theo mode/occupancy/valid tracker + guard. G2: MIXED_OR_PROTOCOL; exact registered side effects listed,2,RLAST + AR,"remain2; retire head, shift slot1→slot0 and fill new unseen slot1",AR_LATENCY_SHIFT_PUSH,FSM_PROFILE_TRACE_TRACKERS:L72,rtl/axi/control/vit_phase_e_profile_counters.sv,"L175; 2; guard=RLAST + AR; target=remain2; retire head, shift slot1→slot0 and fill new unseen slot1"
CM-PROFILE-TRACE,vit_phase_e_profile_counters,implicit,trace_count_live; trace_count_o; trace_truncated_live; trace_truncated_o; trace_read_address; trace_read_pending_o; trace_selected_valid_o,EMPTY/CAPTURING/FULL; IDLE/PENDING/VALID,clk,rst (synchronous active-high),Implicit protocol automaton — không nên ép thành Moore hoặc Mealy thuần; vẽ theo mode/occupancy/valid tracker + guard. G2: MIXED_OR_PROTOCOL; exact registered side effects listed,2,RLAST without AR,1; retire head and shift slot1→slot0,AR_LATENCY_SHIFT,FSM_PROFILE_TRACE_TRACKERS:L73,rtl/axi/control/vit_phase_e_profile_counters.sv,L175; 2; guard=RLAST without AR; target=1; retire head and shift slot1→slot0
CM-PROFILE-TRACE,vit_phase_e_profile_counters,implicit,trace_count_live; trace_count_o; trace_truncated_live; trace_truncated_o; trace_read_address; trace_read_pending_o; trace_selected_valid_o,EMPTY/CAPTURING/FULL; IDLE/PENDING/VALID,clk,rst (synchronous active-high),Implicit protocol automaton — không nên ép thành Moore hoặc Mealy thuần; vẽ theo mode/occupancy/valid tracker + guard. G2: MIXED_OR_PROTOCOL; exact registered side effects listed,2,nonlast R + AR,remain2; mark head seen; drop new AR tracker and set overflow error,AR_FIRST_R_OBSERVE + TRACE_PROTOCOL_ERROR,FSM_PROFILE_TRACE_TRACKERS:L74,rtl/axi/control/vit_phase_e_profile_counters.sv,L175; 2; guard=nonlast R + AR; target=remain2; mark head seen; drop new AR tracker and set overflow error
CM-PROFILE-TRACE,vit_phase_e_profile_counters,implicit,trace_count_live; trace_count_o; trace_truncated_live; trace_truncated_o; trace_read_address; trace_read_pending_o; trace_selected_valid_o,EMPTY/CAPTURING/FULL; IDLE/PENDING/VALID,clk,rst (synchronous active-high),Implicit protocol automaton — không nên ép thành Moore hoặc Mealy thuần; vẽ theo mode/occupancy/valid tracker + guard. G2: MIXED_OR_PROTOCOL; exact registered side effects listed,2,nonlast R without AR,remain2; mark head seen if first beat,AR_FIRST_R_OBSERVE,FSM_PROFILE_TRACE_TRACKERS:L75,rtl/axi/control/vit_phase_e_profile_counters.sv,L175; 2; guard=nonlast R without AR; target=remain2; mark head seen if first beat
CM-PROFILE-TRACE,vit_phase_e_profile_counters,implicit,trace_count_live; trace_count_o; trace_truncated_live; trace_truncated_o; trace_read_address; trace_read_pending_o; trace_selected_valid_o,EMPTY/CAPTURING/FULL; IDLE/PENDING/VALID,clk,rst (synchronous active-high),Implicit protocol automaton — không nên ép thành Moore hoặc Mealy thuần; vẽ theo mode/occupancy/valid tracker + guard. G2: MIXED_OR_PROTOCOL; exact registered side effects listed,2,AR without R beat,remain2; drop new tracker entry and set overflow error,TRACE_PROTOCOL_ERROR,FSM_PROFILE_TRACE_TRACKERS:L76,rtl/axi/control/vit_phase_e_profile_counters.sv,L175; 2; guard=AR without R beat; target=remain2; drop new tracker entry and set overflow error
CM-PROFILE-TRACE,vit_phase_e_profile_counters,implicit,trace_count_live; trace_count_o; trace_truncated_live; trace_truncated_o; trace_read_address; trace_read_pending_o; trace_selected_valid_o,EMPTY/CAPTURING/FULL; IDLE/PENDING/VALID,clk,rst (synchronous active-high),Implicit protocol automaton — không nên ép thành Moore hoặc Mealy thuần; vẽ theo mode/occupancy/valid tracker + guard. G2: MIXED_OR_PROTOCOL; exact registered side effects listed,2,no AR/R beat,"remain2; age every unseen slot, saturating",LATENCY_AGE,FSM_PROFILE_TRACE_TRACKERS:L77,rtl/axi/control/vit_phase_e_profile_counters.sv,"L175; 2; guard=no AR/R beat; target=remain2; age every unseen slot, saturating"
CM-PROFILE-TRACE,vit_phase_e_profile_counters,implicit,trace_count_live; trace_count_o; trace_truncated_live; trace_truncated_o; trace_read_address; trace_read_pending_o; trace_selected_valid_o,EMPTY/CAPTURING/FULL; IDLE/PENDING/VALID,clk,rst (synchronous active-high),Implicit protocol automaton — không nên ép thành Moore hoặc Mealy thuần; vẽ theo mode/occupancy/valid tracker + guard. G2: MIXED_OR_PROTOCOL; exact registered side effects listed,active,"B response, with or without same-edge write accept","inactive,wait0; histogram samples old active wait; simultaneous accept also sets ERROR_AW_WHILE_ACTIVE",B_LATENCY_RETIRE + optional TRACE_PROTOCOL_ERROR,FSM_PROFILE_TRACE_TRACKERS:L88,rtl/axi/control/vit_phase_e_profile_counters.sv,"L175; active; guard=B response, with or without same-edge write accept; target=inactive,wait0; histogram samples old active wait; simultaneous accept also sets ERROR_AW_WHILE_ACTIVE"
CM-PROFILE-TRACE,vit_phase_e_profile_counters,implicit,trace_count_live; trace_count_o; trace_truncated_live; trace_truncated_o; trace_read_address; trace_read_pending_o; trace_selected_valid_o,EMPTY/CAPTURING/FULL; IDLE/PENDING/VALID,clk,rst (synchronous active-high),Implicit protocol automaton — không nên ép thành Moore hoặc Mealy thuần; vẽ theo mode/occupancy/valid tracker + guard. G2: MIXED_OR_PROTOCOL; exact registered side effects listed,inactive,B response + same-edge write accept,"inactive,wait0 because the later B block wins; histogram samples zero; neither without-AW nor accept-while-active error fires",B_LATENCY_START_RETIRE,FSM_PROFILE_TRACE_TRACKERS:L89,rtl/axi/control/vit_phase_e_profile_counters.sv,"L175; inactive; guard=B response + same-edge write accept; target=inactive,wait0 because the later B block wins; histogram samples zero; neither without-AW nor accept-while-active error fires"
CM-PROFILE-TRACE,vit_phase_e_profile_counters,implicit,trace_count_live; trace_count_o; trace_truncated_live; trace_truncated_o; trace_read_address; trace_read_pending_o; trace_selected_valid_o,EMPTY/CAPTURING/FULL; IDLE/PENDING/VALID,clk,rst (synchronous active-high),Implicit protocol automaton — không nên ép thành Moore hoặc Mealy thuần; vẽ theo mode/occupancy/valid tracker + guard. G2: MIXED_OR_PROTOCOL; exact registered side effects listed,inactive,B response without write accept,"remain inactive,wait0; set ERROR_B_WITHOUT_AW; do not add a latency histogram sample",TRACE_PROTOCOL_ERROR,FSM_PROFILE_TRACE_TRACKERS:L90,rtl/axi/control/vit_phase_e_profile_counters.sv,"L175; inactive; guard=B response without write accept; target=remain inactive,wait0; set ERROR_B_WITHOUT_AW; do not add a latency histogram sample"
CM-PROFILE-TRACE,vit_phase_e_profile_counters,implicit,trace_count_live; trace_count_o; trace_truncated_live; trace_truncated_o; trace_read_address; trace_read_pending_o; trace_selected_valid_o,EMPTY/CAPTURING/FULL; IDLE/PENDING/VALID,clk,rst (synchronous active-high),Implicit protocol automaton — không nên ép thành Moore hoặc Mealy thuần; vẽ theo mode/occupancy/valid tracker + guard. G2: MIXED_OR_PROTOCOL; exact registered side effects listed,active,no B response && write accept,"active,wait0; set ERROR_AW_WHILE_ACTIVE",B_LATENCY_START + TRACE_PROTOCOL_ERROR,FSM_PROFILE_TRACE_TRACKERS:L91,rtl/axi/control/vit_phase_e_profile_counters.sv,"L175; active; guard=no B response && write accept; target=active,wait0; set ERROR_AW_WHILE_ACTIVE"
CM-PROFILE-TRACE,vit_phase_e_profile_counters,implicit,trace_count_live; trace_count_o; trace_truncated_live; trace_truncated_o; trace_read_address; trace_read_pending_o; trace_selected_valid_o,EMPTY/CAPTURING/FULL; IDLE/PENDING/VALID,clk,rst (synchronous active-high),Implicit protocol automaton — không nên ép thành Moore hoặc Mealy thuần; vẽ theo mode/occupancy/valid tracker + guard. G2: MIXED_OR_PROTOCOL; exact registered side effects listed,inactive,no B response && write accept,"active,wait0",B_LATENCY_START,FSM_PROFILE_TRACE_TRACKERS:L92,rtl/axi/control/vit_phase_e_profile_counters.sv,"L175; inactive; guard=no B response && write accept; target=active,wait0"
CM-PROFILE-TRACE,vit_phase_e_profile_counters,implicit,trace_count_live; trace_count_o; trace_truncated_live; trace_truncated_o; trace_read_address; trace_read_pending_o; trace_selected_valid_o,EMPTY/CAPTURING/FULL; IDLE/PENDING/VALID,clk,rst (synchronous active-high),Implicit protocol automaton — không nên ép thành Moore hoặc Mealy thuần; vẽ theo mode/occupancy/valid tracker + guard. G2: MIXED_OR_PROTOCOL; exact registered side effects listed,active,no B response/accept && B-wait,wait++/saturate,LATENCY_AGE,FSM_PROFILE_TRACE_TRACKERS:L93,rtl/axi/control/vit_phase_e_profile_counters.sv,L175; active; guard=no B response/accept && B-wait; target=wait++/saturate
CM-PROFILE-TRACE,vit_phase_e_profile_counters,implicit,trace_count_live; trace_count_o; trace_truncated_live; trace_truncated_o; trace_read_address; trace_read_pending_o; trace_selected_valid_o,EMPTY/CAPTURING/FULL; IDLE/PENDING/VALID,clk,rst (synchronous active-high),Implicit protocol automaton — không nên ép thành Moore hoặc Mealy thuần; vẽ theo mode/occupancy/valid tracker + guard. G2: MIXED_OR_PROTOCOL; exact registered side effects listed,any,otherwise,hold,CONTROL_ONLY,FSM_PROFILE_TRACE_TRACKERS:L94,rtl/axi/control/vit_phase_e_profile_counters.sv,L175; any; guard=otherwise; target=hold
CM-PROFILE-TRACE,vit_phase_e_profile_counters,implicit,trace_count_live; trace_count_o; trace_truncated_live; trace_truncated_o; trace_read_address; trace_read_pending_o; trace_selected_valid_o,EMPTY/CAPTURING/FULL; IDLE/PENDING/VALID,clk,rst (synchronous active-high),Implicit protocol automaton — không nên ép thành Moore hoặc Mealy thuần; vẽ theo mode/occupancy/valid tracker + guard. G2: MIXED_OR_PROTOCOL; exact registered side effects listed,any,rst or START,"idle,selected invalid/data0",CONTROL_RESET,FSM_PROFILE_TRACE_TRACKERS:L103,rtl/axi/control/vit_phase_e_profile_counters.sv,"L175; any; guard=rst or START; target=idle,selected invalid/data0"
CM-PROFILE-TRACE,vit_phase_e_profile_counters,implicit,trace_count_live; trace_count_o; trace_truncated_live; trace_truncated_o; trace_read_address; trace_read_pending_o; trace_selected_valid_o,EMPTY/CAPTURING/FULL; IDLE/PENDING/VALID,clk,rst (synchronous active-high),Implicit protocol automaton — không nên ép thành Moore hoặc Mealy thuần; vẽ theo mode/occupancy/valid tracker + guard. G2: MIXED_OR_PROTOCOL; exact registered side effects listed,any,selector strobe,pending=1; latch address; selected_valid=0,TRACE_READ_REQUEST,FSM_PROFILE_TRACE_TRACKERS:L104,rtl/axi/control/vit_phase_e_profile_counters.sv,L175; any; guard=selector strobe; target=pending=1; latch address; selected_valid=0
CM-PROFILE-TRACE,vit_phase_e_profile_counters,implicit,trace_count_live; trace_count_o; trace_truncated_live; trace_truncated_o; trace_read_address; trace_read_pending_o; trace_selected_valid_o,EMPTY/CAPTURING/FULL; IDLE/PENDING/VALID,clk,rst (synchronous active-high),Implicit protocol automaton — không nên ép thành Moore hoặc Mealy thuần; vẽ theo mode/occupancy/valid tracker + guard. G2: MIXED_OR_PROTOCOL; exact registered side effects listed,pending,no new strobe,pending=0; if published/in-range latch RAM+valid else zero/invalid,TRACE_READ_RETURN,FSM_PROFILE_TRACE_TRACKERS:L105,rtl/axi/control/vit_phase_e_profile_counters.sv,L175; pending; guard=no new strobe; target=pending=0; if published/in-range latch RAM+valid else zero/invalid
CM-PROFILE-TRACE,vit_phase_e_profile_counters,implicit,trace_count_live; trace_count_o; trace_truncated_live; trace_truncated_o; trace_read_address; trace_read_pending_o; trace_selected_valid_o,EMPTY/CAPTURING/FULL; IDLE/PENDING/VALID,clk,rst (synchronous active-high),Implicit protocol automaton — không nên ép thành Moore hoặc Mealy thuần; vẽ theo mode/occupancy/valid tracker + guard. G2: MIXED_OR_PROTOCOL; exact registered side effects listed,idle,otherwise,hold,CONTROL_ONLY,FSM_PROFILE_TRACE_TRACKERS:L106,rtl/axi/control/vit_phase_e_profile_counters.sv,L175; idle; guard=otherwise; target=hold
CM-M5-EPOCH,vit_phase_e_m5_axi_counters,implicit,running_o; snapshot_valid_o; live; published; overflow_live; overflow_published; protocol_error_live; protocol_error_published,IDLE/RUNNING/PUBLISHED,clk,rst (synchronous active-high),Implicit protocol automaton — không nên ép thành Moore hoặc Mealy thuần; vẽ theo mode/occupancy/valid tracker + guard. G2: MIXED_OR_PROTOCOL; exact registered side effects listed,any,rst,EMPTY; clear banks/status,CONTROL_RESET,FSM_M5_EPOCH:L33,rtl/axi/control/vit_phase_e_m5_axi_counters.sv,L25; any; guard=rst; target=EMPTY; clear banks/status
CM-M5-EPOCH,vit_phase_e_m5_axi_counters,implicit,running_o; snapshot_valid_o; live; published; overflow_live; overflow_published; protocol_error_live; protocol_error_published,IDLE/RUNNING/PUBLISHED,clk,rst (synchronous active-high),Implicit protocol automaton — không nên ép thành Moore hoặc Mealy thuần; vẽ theo mode/occupancy/valid tracker + guard. G2: MIXED_OR_PROTOCOL; exact registered side effects listed,any,start,RUN; clear live/published/status,M5_EPOCH_START,FSM_M5_EPOCH:L34,rtl/axi/control/vit_phase_e_m5_axi_counters.sv,L25; any; guard=start; target=RUN; clear live/published/status
CM-M5-EPOCH,vit_phase_e_m5_axi_counters,implicit,running_o; snapshot_valid_o; live; published; overflow_live; overflow_published; protocol_error_live; protocol_error_published,IDLE/RUNNING/PUBLISHED,clk,rst (synchronous active-high),Implicit protocol automaton — không nên ép thành Moore hoặc Mealy thuần; vẽ theo mode/occupancy/valid tracker + guard. G2: MIXED_OR_PROTOCOL; exact registered side effects listed,RUN,done,PUBLISHED; commit live next and publish same next/status,M5_EPOCH_PUBLISH,FSM_M5_EPOCH:L35,rtl/axi/control/vit_phase_e_m5_axi_counters.sv,L25; RUN; guard=done; target=PUBLISHED; commit live next and publish same next/status
CM-M5-EPOCH,vit_phase_e_m5_axi_counters,implicit,running_o; snapshot_valid_o; live; published; overflow_live; overflow_published; protocol_error_live; protocol_error_published,IDLE/RUNNING/PUBLISHED,clk,rst (synchronous active-high),Implicit protocol automaton — không nên ép thành Moore hoặc Mealy thuần; vẽ theo mode/occupancy/valid tracker + guard. G2: MIXED_OR_PROTOCOL; exact registered side effects listed,RUN,!done,RUN; commit next live/status,M5_ACCUMULATE,FSM_M5_EPOCH:L36,rtl/axi/control/vit_phase_e_m5_axi_counters.sv,L25; RUN; guard=!done; target=RUN; commit next live/status
CM-M5-EPOCH,vit_phase_e_m5_axi_counters,implicit,running_o; snapshot_valid_o; live; published; overflow_live; overflow_published; protocol_error_live; protocol_error_published,IDLE/RUNNING/PUBLISHED,clk,rst (synchronous active-high),Implicit protocol automaton — không nên ép thành Moore hoặc Mealy thuần; vẽ theo mode/occupancy/valid tracker + guard. G2: MIXED_OR_PROTOCOL; exact registered side effects listed,EMPTY/PUBLISHED,no start,hold,CONTROL_ONLY,FSM_M5_EPOCH:L37,rtl/axi/control/vit_phase_e_m5_axi_counters.sv,L25; EMPTY/PUBLISHED; guard=no start; target=hold
CM-M7-EPOCH,vit_phase_e_m7_overlap_counters,implicit,running_o; snapshot_valid_o; live; published; overflow_live; overflow_published; error_live; error_published; claim_seen_live; claim_seen_published,IDLE/RUNNING/PUBLISHED,clk,rst (synchronous active-high),Implicit protocol automaton — không nên ép thành Moore hoặc Mealy thuần; vẽ theo mode/occupancy/valid tracker + guard. G2: MIXED_OR_PROTOCOL; exact registered side effects listed,any,rst,EMPTY; clear banks/status/claims,CONTROL_RESET,FSM_M7_EPOCH:L34,rtl/axi/control/vit_phase_e_m7_overlap_counters.sv,L24; any; guard=rst; target=EMPTY; clear banks/status/claims
CM-M7-EPOCH,vit_phase_e_m7_overlap_counters,implicit,running_o; snapshot_valid_o; live; published; overflow_live; overflow_published; error_live; error_published; claim_seen_live; claim_seen_published,IDLE/RUNNING/PUBLISHED,clk,rst (synchronous active-high),Implicit protocol automaton — không nên ép thành Moore hoặc Mealy thuần; vẽ theo mode/occupancy/valid tracker + guard. G2: MIXED_OR_PROTOCOL; exact registered side effects listed,any,start,RUN; clear live/published/status/claims,M7_EPOCH_START,FSM_M7_EPOCH:L35,rtl/axi/control/vit_phase_e_m7_overlap_counters.sv,L24; any; guard=start; target=RUN; clear live/published/status/claims
CM-M7-EPOCH,vit_phase_e_m7_overlap_counters,implicit,running_o; snapshot_valid_o; live; published; overflow_live; overflow_published; error_live; error_published; claim_seen_live; claim_seen_published,IDLE/RUNNING/PUBLISHED,clk,rst (synchronous active-high),Implicit protocol automaton — không nên ép thành Moore hoặc Mealy thuần; vẽ theo mode/occupancy/valid tracker + guard. G2: MIXED_OR_PROTOCOL; exact registered side effects listed,RUN,done,PUBLISHED; commit and publish all next/error/claim values,M7_EPOCH_PUBLISH,FSM_M7_EPOCH:L36,rtl/axi/control/vit_phase_e_m7_overlap_counters.sv,L24; RUN; guard=done; target=PUBLISHED; commit and publish all next/error/claim values
CM-M7-EPOCH,vit_phase_e_m7_overlap_counters,implicit,running_o; snapshot_valid_o; live; published; overflow_live; overflow_published; error_live; error_published; claim_seen_live; claim_seen_published,IDLE/RUNNING/PUBLISHED,clk,rst (synchronous active-high),Implicit protocol automaton — không nên ép thành Moore hoặc Mealy thuần; vẽ theo mode/occupancy/valid tracker + guard. G2: MIXED_OR_PROTOCOL; exact registered side effects listed,RUN,!done,RUN; commit live next/error/claims,M7_ACCUMULATE,FSM_M7_EPOCH:L37,rtl/axi/control/vit_phase_e_m7_overlap_counters.sv,L24; RUN; guard=!done; target=RUN; commit live next/error/claims
CM-M7-EPOCH,vit_phase_e_m7_overlap_counters,implicit,running_o; snapshot_valid_o; live; published; overflow_live; overflow_published; error_live; error_published; claim_seen_live; claim_seen_published,IDLE/RUNNING/PUBLISHED,clk,rst (synchronous active-high),Implicit protocol automaton — không nên ép thành Moore hoặc Mealy thuần; vẽ theo mode/occupancy/valid tracker + guard. G2: MIXED_OR_PROTOCOL; exact registered side effects listed,EMPTY/PUBLISHED,no start,hold,CONTROL_ONLY,FSM_M7_EPOCH:L38,rtl/axi/control/vit_phase_e_m7_overlap_counters.sv,L24; EMPTY/PUBLISHED; guard=no start; target=hold
CM-AXI-MASTER,vit_phase_e_axi_mem_adapter,explicit,state,"STATE_IDLE,STATE_SCALAR_READ_ADDRESS,STATE_SCALAR_READ_DATA,STATE_LINE_FILL,STATE_WRITE_ISSUE,STATE_WRITE_RESPONSE,STATE_LOCAL_RESPONSE,STATE_POISON_RESPONSE,STATE_POISON_FLUSH,STATE_POISON",aclk,aresetn (synchronous active-low),MIXED / protocol — khi vẽ: state-qualified outputs có thể xem là Moore-like; guard/input quyết định transition và registered micro-op là Mealy-controlled. G2: MIXED_OR_PROTOCOL; exact registered side effects listed,ALL,!aresetn,IDLE; clear,CONTROL_RESET,FSM_AXI_MASTER:L39,rtl/axi/memory/vit_phase_e_axi_mem_adapter.sv,L114-L125; ALL; guard=!aresetn; target=IDLE; clear
CM-AXI-MASTER,vit_phase_e_axi_mem_adapter,explicit,state,"STATE_IDLE,STATE_SCALAR_READ_ADDRESS,STATE_SCALAR_READ_DATA,STATE_LINE_FILL,STATE_WRITE_ISSUE,STATE_WRITE_RESPONSE,STATE_LOCAL_RESPONSE,STATE_POISON_RESPONSE,STATE_POISON_FLUSH,STATE_POISON",aclk,aresetn (synchronous active-low),MIXED / protocol — khi vẽ: state-qualified outputs có thể xem là Moore-like; guard/input quyết định transition và registered micro-op là Mealy-controlled. G2: MIXED_OR_PROTOCOL; exact registered side effects listed,IDLE,no req_core_start,hold,CONTROL_ONLY,FSM_AXI_MASTER:L40,rtl/axi/memory/vit_phase_e_axi_mem_adapter.sv,L751-L829; IDLE; guard=no req_core_start; target=hold
CM-AXI-MASTER,vit_phase_e_axi_mem_adapter,explicit,state,"STATE_IDLE,STATE_SCALAR_READ_ADDRESS,STATE_SCALAR_READ_DATA,STATE_LINE_FILL,STATE_WRITE_ISSUE,STATE_WRITE_RESPONSE,STATE_LOCAL_RESPONSE,STATE_POISON_RESPONSE,STATE_POISON_FLUSH,STATE_POISON",aclk,aresetn (synchronous active-low),MIXED / protocol — khi vẽ: state-qualified outputs có thể xem là Moore-like; guard/input quyết định transition và registered micro-op là Mealy-controlled. G2: MIXED_OR_PROTOCOL; exact registered side effects listed,IDLE,invalid logical request,"LOCAL_RESPONSE,error=1",LOCAL_ERROR_RESPONSE,FSM_AXI_MASTER:L41,rtl/axi/memory/vit_phase_e_axi_mem_adapter.sv,"L751-L829; IDLE; guard=invalid logical request; target=LOCAL_RESPONSE,error=1"
CM-AXI-MASTER,vit_phase_e_axi_mem_adapter,explicit,state,"STATE_IDLE,STATE_SCALAR_READ_ADDRESS,STATE_SCALAR_READ_DATA,STATE_LINE_FILL,STATE_WRITE_ISSUE,STATE_WRITE_RESPONSE,STATE_LOCAL_RESPONSE,STATE_POISON_RESPONSE,STATE_POISON_FLUSH,STATE_POISON",aclk,aresetn (synchronous active-low),MIXED / protocol — khi vẽ: state-qualified outputs có thể xem là Moore-like; guard/input quyết định transition và registered micro-op là Mealy-controlled. G2: MIXED_OR_PROTOCOL; exact registered side effects listed,IDLE,line hit,"LOCAL_RESPONSE,data=line word",LINE_HIT_RESPONSE,FSM_AXI_MASTER:L42,rtl/axi/memory/vit_phase_e_axi_mem_adapter.sv,"L751-L829; IDLE; guard=line hit; target=LOCAL_RESPONSE,data=line word"
CM-AXI-MASTER,vit_phase_e_axi_mem_adapter,explicit,state,"STATE_IDLE,STATE_SCALAR_READ_ADDRESS,STATE_SCALAR_READ_DATA,STATE_LINE_FILL,STATE_WRITE_ISSUE,STATE_WRITE_RESPONSE,STATE_LOCAL_RESPONSE,STATE_POISON_RESPONSE,STATE_POISON_FLUSH,STATE_POISON",aclk,aresetn (synchronous active-low),MIXED / protocol — khi vẽ: state-qualified outputs có thể xem là Moore-like; guard/input quyết định transition và registered micro-op là Mealy-controlled. G2: MIXED_OR_PROTOCOL; exact registered side effects listed,IDLE,legal linefill,"initialize descriptors,LINE_FILL",LINEFILL_START,FSM_AXI_MASTER:L43,rtl/axi/memory/vit_phase_e_axi_mem_adapter.sv,"L751-L829; IDLE; guard=legal linefill; target=initialize descriptors,LINE_FILL"
CM-AXI-MASTER,vit_phase_e_axi_mem_adapter,explicit,state,"STATE_IDLE,STATE_SCALAR_READ_ADDRESS,STATE_SCALAR_READ_DATA,STATE_LINE_FILL,STATE_WRITE_ISSUE,STATE_WRITE_RESPONSE,STATE_LOCAL_RESPONSE,STATE_POISON_RESPONSE,STATE_POISON_FLUSH,STATE_POISON",aclk,aresetn (synchronous active-low),MIXED / protocol — khi vẽ: state-qualified outputs có thể xem là Moore-like; guard/input quyết định transition và registered micro-op là Mealy-controlled. G2: MIXED_OR_PROTOCOL; exact registered side effects listed,IDLE,legal write,latch lane data/strobe;WRITE_ISSUE,WRITE_PREPARE,FSM_AXI_MASTER:L44,rtl/axi/memory/vit_phase_e_axi_mem_adapter.sv,L751-L829; IDLE; guard=legal write; target=latch lane data/strobe;WRITE_ISSUE
CM-AXI-MASTER,vit_phase_e_axi_mem_adapter,explicit,state,"STATE_IDLE,STATE_SCALAR_READ_ADDRESS,STATE_SCALAR_READ_DATA,STATE_LINE_FILL,STATE_WRITE_ISSUE,STATE_WRITE_RESPONSE,STATE_LOCAL_RESPONSE,STATE_POISON_RESPONSE,STATE_POISON_FLUSH,STATE_POISON",aclk,aresetn (synchronous active-low),MIXED / protocol — khi vẽ: state-qualified outputs có thể xem là Moore-like; guard/input quyết định transition và registered micro-op là Mealy-controlled. G2: MIXED_OR_PROTOCOL; exact registered side effects listed,IDLE,otherwise legal read,SCALAR_READ_ADDRESS,READ_PREPARE,FSM_AXI_MASTER:L45,rtl/axi/memory/vit_phase_e_axi_mem_adapter.sv,L751-L829; IDLE; guard=otherwise legal read; target=SCALAR_READ_ADDRESS
CM-AXI-MASTER,vit_phase_e_axi_mem_adapter,explicit,state,"STATE_IDLE,STATE_SCALAR_READ_ADDRESS,STATE_SCALAR_READ_DATA,STATE_LINE_FILL,STATE_WRITE_ISSUE,STATE_WRITE_RESPONSE,STATE_LOCAL_RESPONSE,STATE_POISON_RESPONSE,STATE_POISON_FLUSH,STATE_POISON",aclk,aresetn (synchronous active-low),MIXED / protocol — khi vẽ: state-qualified outputs có thể xem là Moore-like; guard/input quyết định transition và registered micro-op là Mealy-controlled. G2: MIXED_OR_PROTOCOL; exact registered side effects listed,SCALAR_READ_ADDRESS,AR fire,outstanding=1;SCALAR_READ_DATA,AXI_AR_ISSUE,FSM_AXI_MASTER:L46,rtl/axi/memory/vit_phase_e_axi_mem_adapter.sv,L830-L836; SCALAR_READ_ADDRESS; guard=AR fire; target=outstanding=1;SCALAR_READ_DATA
CM-AXI-MASTER,vit_phase_e_axi_mem_adapter,explicit,state,"STATE_IDLE,STATE_SCALAR_READ_ADDRESS,STATE_SCALAR_READ_DATA,STATE_LINE_FILL,STATE_WRITE_ISSUE,STATE_WRITE_RESPONSE,STATE_LOCAL_RESPONSE,STATE_POISON_RESPONSE,STATE_POISON_FLUSH,STATE_POISON",aclk,aresetn (synchronous active-low),MIXED / protocol — khi vẽ: state-qualified outputs có thể xem là Moore-like; guard/input quyết định transition và registered micro-op là Mealy-controlled. G2: MIXED_OR_PROTOCOL; exact registered side effects listed,SCALAR_READ_ADDRESS,otherwise,hold,CONTROL_ONLY,FSM_AXI_MASTER:L47,rtl/axi/memory/vit_phase_e_axi_mem_adapter.sv,L830-L836; SCALAR_READ_ADDRESS; guard=otherwise; target=hold
CM-AXI-MASTER,vit_phase_e_axi_mem_adapter,explicit,state,"STATE_IDLE,STATE_SCALAR_READ_ADDRESS,STATE_SCALAR_READ_DATA,STATE_LINE_FILL,STATE_WRITE_ISSUE,STATE_WRITE_RESPONSE,STATE_LOCAL_RESPONSE,STATE_POISON_RESPONSE,STATE_POISON_FLUSH,STATE_POISON",aclk,aresetn (synchronous active-low),MIXED / protocol — khi vẽ: state-qualified outputs có thể xem là Moore-like; guard/input quyết định transition và registered micro-op là Mealy-controlled. G2: MIXED_OR_PROTOCOL; exact registered side effects listed,SCALAR_READ_DATA,no R fire,hold,CONTROL_ONLY,FSM_AXI_MASTER:L48,rtl/axi/memory/vit_phase_e_axi_mem_adapter.sv,L837-L859; SCALAR_READ_DATA; guard=no R fire; target=hold
CM-AXI-MASTER,vit_phase_e_axi_mem_adapter,explicit,state,"STATE_IDLE,STATE_SCALAR_READ_ADDRESS,STATE_SCALAR_READ_DATA,STATE_LINE_FILL,STATE_WRITE_ISSUE,STATE_WRITE_RESPONSE,STATE_LOCAL_RESPONSE,STATE_POISON_RESPONSE,STATE_POISON_FLUSH,STATE_POISON",aclk,aresetn (synchronous active-low),MIXED / protocol — khi vẽ: state-qualified outputs có thể xem là Moore-like; guard/input quyết định transition và registered micro-op là Mealy-controlled. G2: MIXED_OR_PROTOCOL; exact registered side effects listed,SCALAR_READ_DATA,"R fire, bad ID or !RLAST","POISON_RESPONSE,error",AXI_R_FRAMING_ERROR,FSM_AXI_MASTER:L49,rtl/axi/memory/vit_phase_e_axi_mem_adapter.sv,"L837-L859; SCALAR_READ_DATA; guard=R fire, bad ID or !RLAST; target=POISON_RESPONSE,error"
CM-AXI-MASTER,vit_phase_e_axi_mem_adapter,explicit,state,"STATE_IDLE,STATE_SCALAR_READ_ADDRESS,STATE_SCALAR_READ_DATA,STATE_LINE_FILL,STATE_WRITE_ISSUE,STATE_WRITE_RESPONSE,STATE_LOCAL_RESPONSE,STATE_POISON_RESPONSE,STATE_POISON_FLUSH,STATE_POISON",aclk,aresetn (synchronous active-low),MIXED / protocol — khi vẽ: state-qualified outputs có thể xem là Moore-like; guard/input quyết định transition và registered micro-op là Mealy-controlled. G2: MIXED_OR_PROTOCOL; exact registered side effects listed,SCALAR_READ_DATA,"R fire, framing good",LOCAL_RESPONSE; lane data; RRESP status,AXI_R_RETIRE,FSM_AXI_MASTER:L50,rtl/axi/memory/vit_phase_e_axi_mem_adapter.sv,"L837-L859; SCALAR_READ_DATA; guard=R fire, framing good; target=LOCAL_RESPONSE; lane data; RRESP status"
CM-AXI-MASTER,vit_phase_e_axi_mem_adapter,explicit,state,"STATE_IDLE,STATE_SCALAR_READ_ADDRESS,STATE_SCALAR_READ_DATA,STATE_LINE_FILL,STATE_WRITE_ISSUE,STATE_WRITE_RESPONSE,STATE_LOCAL_RESPONSE,STATE_POISON_RESPONSE,STATE_POISON_FLUSH,STATE_POISON",aclk,aresetn (synchronous active-low),MIXED / protocol — khi vẽ: state-qualified outputs có thể xem là Moore-like; guard/input quyết định transition và registered micro-op là Mealy-controlled. G2: MIXED_OR_PROTOCOL; exact registered side effects listed,LINE_FILL,exact tracker relation,LOCAL_RESPONSE or POISON_RESPONSE,LINEFILL_ACCESS,FSM_AXI_MASTER:L51,rtl/axi/memory/vit_phase_e_axi_mem_adapter.sv,L860-L966; LINE_FILL; guard=exact tracker relation; target=LOCAL_RESPONSE or POISON_RESPONSE
CM-AXI-MASTER,vit_phase_e_axi_mem_adapter,explicit,state,"STATE_IDLE,STATE_SCALAR_READ_ADDRESS,STATE_SCALAR_READ_DATA,STATE_LINE_FILL,STATE_WRITE_ISSUE,STATE_WRITE_RESPONSE,STATE_LOCAL_RESPONSE,STATE_POISON_RESPONSE,STATE_POISON_FLUSH,STATE_POISON",aclk,aresetn (synchronous active-low),MIXED / protocol — khi vẽ: state-qualified outputs có thể xem là Moore-like; guard/input quyết định transition và registered micro-op là Mealy-controlled. G2: MIXED_OR_PROTOCOL; exact registered side effects listed,WRITE_ISSUE,independent AW/W fires until both complete,WRITE_RESPONSE,AXI_AW_W_ISSUE,FSM_AXI_MASTER:L52,rtl/axi/memory/vit_phase_e_axi_mem_adapter.sv,L967-L978; WRITE_ISSUE; guard=independent AW/W fires until both complete; target=WRITE_RESPONSE
CM-AXI-MASTER,vit_phase_e_axi_mem_adapter,explicit,state,"STATE_IDLE,STATE_SCALAR_READ_ADDRESS,STATE_SCALAR_READ_DATA,STATE_LINE_FILL,STATE_WRITE_ISSUE,STATE_WRITE_RESPONSE,STATE_LOCAL_RESPONSE,STATE_POISON_RESPONSE,STATE_POISON_FLUSH,STATE_POISON",aclk,aresetn (synchronous active-low),MIXED / protocol — khi vẽ: state-qualified outputs có thể xem là Moore-like; guard/input quyết định transition và registered micro-op là Mealy-controlled. G2: MIXED_OR_PROTOCOL; exact registered side effects listed,WRITE_RESPONSE,B fire,LOCAL_RESPONSE; BRESP/BID status,AXI_B_RETIRE,FSM_AXI_MASTER:L53,rtl/axi/memory/vit_phase_e_axi_mem_adapter.sv,L979-L991; WRITE_RESPONSE; guard=B fire; target=LOCAL_RESPONSE; BRESP/BID status
CM-AXI-MASTER,vit_phase_e_axi_mem_adapter,explicit,state,"STATE_IDLE,STATE_SCALAR_READ_ADDRESS,STATE_SCALAR_READ_DATA,STATE_LINE_FILL,STATE_WRITE_ISSUE,STATE_WRITE_RESPONSE,STATE_LOCAL_RESPONSE,STATE_POISON_RESPONSE,STATE_POISON_FLUSH,STATE_POISON",aclk,aresetn (synchronous active-low),MIXED / protocol — khi vẽ: state-qualified outputs có thể xem là Moore-like; guard/input quyết định transition và registered micro-op là Mealy-controlled. G2: MIXED_OR_PROTOCOL; exact registered side effects listed,LOCAL_RESPONSE,rsp_complete,IDLE,LOGICAL_RESPONSE_RETIRE,FSM_AXI_MASTER:L54,rtl/axi/memory/vit_phase_e_axi_mem_adapter.sv,L992-L1000; LOCAL_RESPONSE; guard=rsp_complete; target=IDLE
CM-AXI-MASTER,vit_phase_e_axi_mem_adapter,explicit,state,"STATE_IDLE,STATE_SCALAR_READ_ADDRESS,STATE_SCALAR_READ_DATA,STATE_LINE_FILL,STATE_WRITE_ISSUE,STATE_WRITE_RESPONSE,STATE_LOCAL_RESPONSE,STATE_POISON_RESPONSE,STATE_POISON_FLUSH,STATE_POISON",aclk,aresetn (synchronous active-low),MIXED / protocol — khi vẽ: state-qualified outputs có thể xem là Moore-like; guard/input quyết định transition và registered micro-op là Mealy-controlled. G2: MIXED_OR_PROTOCOL; exact registered side effects listed,POISON_RESPONSE,rsp_complete,POISON_FLUSH,POISON_TOKEN_RETIRE,FSM_AXI_MASTER:L55,rtl/axi/memory/vit_phase_e_axi_mem_adapter.sv,L114-L125; POISON_RESPONSE; guard=rsp_complete; target=POISON_FLUSH
CM-AXI-MASTER,vit_phase_e_axi_mem_adapter,explicit,state,"STATE_IDLE,STATE_SCALAR_READ_ADDRESS,STATE_SCALAR_READ_DATA,STATE_LINE_FILL,STATE_WRITE_ISSUE,STATE_WRITE_RESPONSE,STATE_LOCAL_RESPONSE,STATE_POISON_RESPONSE,STATE_POISON_FLUSH,STATE_POISON",aclk,aresetn (synchronous active-low),MIXED / protocol — khi vẽ: state-qualified outputs có thể xem là Moore-like; guard/input quyết định transition và registered micro-op là Mealy-controlled. G2: MIXED_OR_PROTOCOL; exact registered side effects listed,POISON_FLUSH,req FIFO empty,POISON,POISON_DRAIN_COMPLETE,FSM_AXI_MASTER:L56,rtl/axi/memory/vit_phase_e_axi_mem_adapter.sv,L114-L125; POISON_FLUSH; guard=req FIFO empty; target=POISON
CM-AXI-MASTER,vit_phase_e_axi_mem_adapter,explicit,state,"STATE_IDLE,STATE_SCALAR_READ_ADDRESS,STATE_SCALAR_READ_DATA,STATE_LINE_FILL,STATE_WRITE_ISSUE,STATE_WRITE_RESPONSE,STATE_LOCAL_RESPONSE,STATE_POISON_RESPONSE,STATE_POISON_FLUSH,STATE_POISON",aclk,aresetn (synchronous active-low),MIXED / protocol — khi vẽ: state-qualified outputs có thể xem là Moore-like; guard/input quyết định transition và registered micro-op là Mealy-controlled. G2: MIXED_OR_PROTOCOL; exact registered side effects listed,POISON_FLUSH,otherwise,hold while one queued token may flush,POISON_FLUSH_TOKEN,FSM_AXI_MASTER:L57,rtl/axi/memory/vit_phase_e_axi_mem_adapter.sv,L114-L125; POISON_FLUSH; guard=otherwise; target=hold while one queued token may flush
CM-AXI-MASTER,vit_phase_e_axi_mem_adapter,explicit,state,"STATE_IDLE,STATE_SCALAR_READ_ADDRESS,STATE_SCALAR_READ_DATA,STATE_LINE_FILL,STATE_WRITE_ISSUE,STATE_WRITE_RESPONSE,STATE_LOCAL_RESPONSE,STATE_POISON_RESPONSE,STATE_POISON_FLUSH,STATE_POISON",aclk,aresetn (synchronous active-low),MIXED / protocol — khi vẽ: state-qualified outputs có thể xem là Moore-like; guard/input quyết định transition và registered micro-op là Mealy-controlled. G2: MIXED_OR_PROTOCOL; exact registered side effects listed,POISON,always,hold terminal,CONTROL_ONLY,FSM_AXI_MASTER:L58,rtl/axi/memory/vit_phase_e_axi_mem_adapter.sv,L1016-L1020; POISON; guard=always; target=hold terminal
CM-AXI-MASTER,vit_phase_e_axi_mem_adapter,explicit,state,"STATE_IDLE,STATE_SCALAR_READ_ADDRESS,STATE_SCALAR_READ_DATA,STATE_LINE_FILL,STATE_WRITE_ISSUE,STATE_WRITE_RESPONSE,STATE_LOCAL_RESPONSE,STATE_POISON_RESPONSE,STATE_POISON_FLUSH,STATE_POISON",aclk,aresetn (synchronous active-low),MIXED / protocol — khi vẽ: state-qualified outputs có thể xem là Moore-like; guard/input quyết định transition và registered micro-op là Mealy-controlled. G2: MIXED_OR_PROTOCOL; exact registered side effects listed,illegal,default,"POISON_RESPONSE,error; invalidate line",ILLEGAL_RECOVER,FSM_AXI_MASTER:L59,rtl/axi/memory/vit_phase_e_axi_mem_adapter.sv,"L114-L125; illegal; guard=default; target=POISON_RESPONSE,error; invalidate line"
CM-AXI-REQ-FIFO,vit_phase_e_axi_mem_adapter,implicit,req_fifo_read_pointer; req_fifo_write_pointer; req_fifo_count,EMPTY/PARTIAL/FULL,aclk,aresetn (synchronous active-low),Implicit protocol automaton — không nên ép thành Moore hoặc Mealy thuần; vẽ theo mode/occupancy/valid tracker + guard. G2: MIXED_OR_PROTOCOL; exact registered side effects listed,any,reset,"0,pointers=0",CONTROL_RESET,FSM_AXI_REQ_FIFO:L33,rtl/axi/memory/vit_phase_e_axi_mem_adapter.sv,"L142; any; guard=reset; target=0,pointers=0"
CM-AXI-REQ-FIFO,vit_phase_e_axi_mem_adapter,implicit,req_fifo_read_pointer; req_fifo_write_pointer; req_fifo_count,EMPTY/PARTIAL/FULL,aclk,aresetn (synchronous active-low),Implicit protocol automaton — không nên ép thành Moore hoặc Mealy thuần; vẽ theo mode/occupancy/valid tracker + guard. G2: MIXED_OR_PROTOCOL; exact registered side effects listed,0/1,10,count+1; write payload/base/size; toggle WP,REQ_FIFO_PUSH,FSM_AXI_REQ_FIFO:L34,rtl/axi/memory/vit_phase_e_axi_mem_adapter.sv,L142; 0/1; guard=10; target=count+1; write payload/base/size; toggle WP
CM-AXI-REQ-FIFO,vit_phase_e_axi_mem_adapter,implicit,req_fifo_read_pointer; req_fifo_write_pointer; req_fifo_count,EMPTY/PARTIAL/FULL,aclk,aresetn (synchronous active-low),Implicit protocol automaton — không nên ép thành Moore hoặc Mealy thuần; vẽ theo mode/occupancy/valid tracker + guard. G2: MIXED_OR_PROTOCOL; exact registered side effects listed,1/2,01,count-1; toggle RP,REQ_FIFO_POP,FSM_AXI_REQ_FIFO:L35,rtl/axi/memory/vit_phase_e_axi_mem_adapter.sv,L142; 1/2; guard=01; target=count-1; toggle RP
CM-AXI-REQ-FIFO,vit_phase_e_axi_mem_adapter,implicit,req_fifo_read_pointer; req_fifo_write_pointer; req_fifo_count,EMPTY/PARTIAL/FULL,aclk,aresetn (synchronous active-low),Implicit protocol automaton — không nên ép thành Moore hoặc Mealy thuần; vẽ theo mode/occupancy/valid tracker + guard. G2: MIXED_OR_PROTOCOL; exact registered side effects listed,1/2,11,count hold; both pointers toggle; replace tail while consuming head,REQ_FIFO_EXCHANGE,FSM_AXI_REQ_FIFO:L36,rtl/axi/memory/vit_phase_e_axi_mem_adapter.sv,L142; 1/2; guard=11; target=count hold; both pointers toggle; replace tail while consuming head
CM-AXI-REQ-FIFO,vit_phase_e_axi_mem_adapter,implicit,req_fifo_read_pointer; req_fifo_write_pointer; req_fifo_count,EMPTY/PARTIAL/FULL,aclk,aresetn (synchronous active-low),Implicit protocol automaton — không nên ép thành Moore hoặc Mealy thuần; vẽ theo mode/occupancy/valid tracker + guard. G2: MIXED_OR_PROTOCOL; exact registered side effects listed,any,00,hold,CONTROL_ONLY,FSM_AXI_REQ_FIFO:L37,rtl/axi/memory/vit_phase_e_axi_mem_adapter.sv,L142; any; guard=00; target=hold
CM-AXI-RSP-FIFO,vit_phase_e_axi_mem_adapter,implicit,rsp_fifo_read_pointer; rsp_fifo_write_pointer; rsp_fifo_count,EMPTY/PARTIAL/FULL,aclk,aresetn (synchronous active-low),Implicit protocol automaton — không nên ép thành Moore hoặc Mealy thuần; vẽ theo mode/occupancy/valid tracker + guard. G2: MIXED_OR_PROTOCOL; exact registered side effects listed,any,reset,"0,pointers/data/error clear",CONTROL_RESET,FSM_AXI_RSP_FIFO:L32,rtl/axi/memory/vit_phase_e_axi_mem_adapter.sv,"L159; any; guard=reset; target=0,pointers/data/error clear"
CM-AXI-RSP-FIFO,vit_phase_e_axi_mem_adapter,implicit,rsp_fifo_read_pointer; rsp_fifo_write_pointer; rsp_fifo_count,EMPTY/PARTIAL/FULL,aclk,aresetn (synchronous active-low),Implicit protocol automaton — không nên ép thành Moore hoặc Mealy thuần; vẽ theo mode/occupancy/valid tracker + guard. G2: MIXED_OR_PROTOCOL; exact registered side effects listed,0/1,10,count+1; write data/error; toggle WP,RSP_FIFO_PUSH,FSM_AXI_RSP_FIFO:L33,rtl/axi/memory/vit_phase_e_axi_mem_adapter.sv,L159; 0/1; guard=10; target=count+1; write data/error; toggle WP
CM-AXI-RSP-FIFO,vit_phase_e_axi_mem_adapter,implicit,rsp_fifo_read_pointer; rsp_fifo_write_pointer; rsp_fifo_count,EMPTY/PARTIAL/FULL,aclk,aresetn (synchronous active-low),Implicit protocol automaton — không nên ép thành Moore hoặc Mealy thuần; vẽ theo mode/occupancy/valid tracker + guard. G2: MIXED_OR_PROTOCOL; exact registered side effects listed,1/2,01,count-1; toggle RP,RSP_FIFO_POP,FSM_AXI_RSP_FIFO:L34,rtl/axi/memory/vit_phase_e_axi_mem_adapter.sv,L159; 1/2; guard=01; target=count-1; toggle RP
CM-AXI-RSP-FIFO,vit_phase_e_axi_mem_adapter,implicit,rsp_fifo_read_pointer; rsp_fifo_write_pointer; rsp_fifo_count,EMPTY/PARTIAL/FULL,aclk,aresetn (synchronous active-low),Implicit protocol automaton — không nên ép thành Moore hoặc Mealy thuần; vẽ theo mode/occupancy/valid tracker + guard. G2: MIXED_OR_PROTOCOL; exact registered side effects listed,1/2,11,count hold; replace tail while retiring head,RSP_FIFO_EXCHANGE,FSM_AXI_RSP_FIFO:L35,rtl/axi/memory/vit_phase_e_axi_mem_adapter.sv,L159; 1/2; guard=11; target=count hold; replace tail while retiring head
CM-AXI-RSP-FIFO,vit_phase_e_axi_mem_adapter,implicit,rsp_fifo_read_pointer; rsp_fifo_write_pointer; rsp_fifo_count,EMPTY/PARTIAL/FULL,aclk,aresetn (synchronous active-low),Implicit protocol automaton — không nên ép thành Moore hoặc Mealy thuần; vẽ theo mode/occupancy/valid tracker + guard. G2: MIXED_OR_PROTOCOL; exact registered side effects listed,any,00,hold,CONTROL_ONLY,FSM_AXI_RSP_FIFO:L36,rtl/axi/memory/vit_phase_e_axi_mem_adapter.sv,L159; any; guard=00; target=hold
CM-AXI-LINEFILL,vit_phase_e_axi_mem_adapter,implicit,fill_burst_count; fill_ar_issue_index; fill_ar_accepted_count; fill_r_burst_index; fill_r_completed_count; fill_r_beat_index; fill_error; fill_discard,IDLE/ISSUING/OUTSTANDING/COLLECTING/COMPLETE,aclk,aresetn (synchronous active-low),Implicit protocol automaton — không nên ép thành Moore hoặc Mealy thuần; vẽ theo mode/occupancy/valid tracker + guard. G2: MIXED_OR_PROTOCOL; exact registered side effects listed,inactive,linefill admission,write 1/2 descriptors; indices/counts=0; invalidate old line,LINEFILL_CLAIM,FSM_AXI_LINEFILL:L34,rtl/axi/memory/vit_phase_e_axi_mem_adapter.sv,L239; inactive; guard=linefill admission; target=write 1/2 descriptors; indices/counts=0; invalidate old line
CM-AXI-LINEFILL,vit_phase_e_axi_mem_adapter,implicit,fill_burst_count; fill_ar_issue_index; fill_ar_accepted_count; fill_r_burst_index; fill_r_completed_count; fill_r_beat_index; fill_error; fill_discard,IDLE/ISSUING/OUTSTANDING/COLLECTING/COMPLETE,aclk,aresetn (synchronous active-low),Implicit protocol automaton — không nên ép thành Moore hoặc Mealy thuần; vẽ theo mode/occupancy/valid tracker + guard. G2: MIXED_OR_PROTOCOL; exact registered side effects listed,active,ar_fire,"issue_index++,accepted_count++",AXI_BURST_AR_ISSUE,FSM_AXI_LINEFILL:L35,rtl/axi/memory/vit_phase_e_axi_mem_adapter.sv,"L239; active; guard=ar_fire; target=issue_index++,accepted_count++"
CM-AXI-LINEFILL,vit_phase_e_axi_mem_adapter,implicit,fill_burst_count; fill_ar_issue_index; fill_ar_accepted_count; fill_r_burst_index; fill_r_completed_count; fill_r_beat_index; fill_error; fill_discard,IDLE/ISSUING/OUTSTANDING/COLLECTING/COMPLETE,aclk,aresetn (synchronous active-low),Implicit protocol automaton — không nên ép thành Moore hoặc Mealy thuần; vẽ theo mode/occupancy/valid tracker + guard. G2: MIXED_OR_PROTOCOL; exact registered side effects listed,active,r_fire && framing_error,"line invalid,error token,main POISON_RESPONSE",LINEFILL_FRAMING_ERROR,FSM_AXI_LINEFILL:L36,rtl/axi/memory/vit_phase_e_axi_mem_adapter.sv,"L239; active; guard=r_fire && framing_error; target=line invalid,error token,main POISON_RESPONSE"
CM-AXI-LINEFILL,vit_phase_e_axi_mem_adapter,implicit,fill_burst_count; fill_ar_issue_index; fill_ar_accepted_count; fill_r_burst_index; fill_r_completed_count; fill_r_beat_index; fill_error; fill_discard,IDLE/ISSUING/OUTSTANDING/COLLECTING/COMPLETE,aclk,aresetn (synchronous active-low),Implicit protocol automaton — không nên ép thành Moore hoặc Mealy thuần; vẽ theo mode/occupancy/valid tracker + guard. G2: MIXED_OR_PROTOCOL; exact registered side effects listed,active,r_fire&&!framing_error&&!RLAST,store four words; beat_index++,LINEFILL_BEAT_STORE,FSM_AXI_LINEFILL:L37,rtl/axi/memory/vit_phase_e_axi_mem_adapter.sv,L239; active; guard=r_fire&&!framing_error&&!RLAST; target=store four words; beat_index++
CM-AXI-LINEFILL,vit_phase_e_axi_mem_adapter,implicit,fill_burst_count; fill_ar_issue_index; fill_ar_accepted_count; fill_r_burst_index; fill_r_completed_count; fill_r_beat_index; fill_error; fill_discard,IDLE/ISSUING/OUTSTANDING/COLLECTING/COMPLETE,aclk,aresetn (synchronous active-low),Implicit protocol automaton — không nên ép thành Moore hoặc Mealy thuần; vẽ theo mode/occupancy/valid tracker + guard. G2: MIXED_OR_PROTOCOL; exact registered side effects listed,active,"good RLAST,more descriptor",store;completed++;burst_index++;beat=0,LINEFILL_BURST_RETIRE,FSM_AXI_LINEFILL:L38,rtl/axi/memory/vit_phase_e_axi_mem_adapter.sv,"L239; active; guard=good RLAST,more descriptor; target=store;completed++;burst_index++;beat=0"
CM-AXI-LINEFILL,vit_phase_e_axi_mem_adapter,implicit,fill_burst_count; fill_ar_issue_index; fill_ar_accepted_count; fill_r_burst_index; fill_r_completed_count; fill_r_beat_index; fill_error; fill_discard,IDLE/ISSUING/OUTSTANDING/COLLECTING/COMPLETE,aclk,aresetn (synchronous active-low),Implicit protocol automaton — không nên ép thành Moore hoặc Mealy thuần; vẽ theo mode/occupancy/valid tracker + guard. G2: MIXED_OR_PROTOCOL; exact registered side effects listed,active,final RLAST but accepted/completed totals mismatch,POISON_RESPONSE,LINEFILL_ACCOUNTING_ERROR,FSM_AXI_LINEFILL:L39,rtl/axi/memory/vit_phase_e_axi_mem_adapter.sv,L239; active; guard=final RLAST but accepted/completed totals mismatch; target=POISON_RESPONSE
CM-AXI-LINEFILL,vit_phase_e_axi_mem_adapter,implicit,fill_burst_count; fill_ar_issue_index; fill_ar_accepted_count; fill_r_burst_index; fill_r_completed_count; fill_r_beat_index; fill_error; fill_discard,IDLE/ISSUING/OUTSTANDING/COLLECTING/COMPLETE,aclk,aresetn (synchronous active-low),Implicit protocol automaton — không nên ép thành Moore hoặc Mealy thuần; vẽ theo mode/occupancy/valid tracker + guard. G2: MIXED_OR_PROTOCOL; exact registered side effects listed,active,final clean accounting,line valid iff no final error; main LOCAL_RESPONSE,LINEFILL_COMMIT,FSM_AXI_LINEFILL:L40,rtl/axi/memory/vit_phase_e_axi_mem_adapter.sv,L239; active; guard=final clean accounting; target=line valid iff no final error; main LOCAL_RESPONSE
CM-AXI-LINEFILL,vit_phase_e_axi_mem_adapter,implicit,fill_burst_count; fill_ar_issue_index; fill_ar_accepted_count; fill_r_burst_index; fill_r_completed_count; fill_r_beat_index; fill_error; fill_discard,IDLE/ISSUING/OUTSTANDING/COLLECTING/COMPLETE,aclk,aresetn (synchronous active-low),Implicit protocol automaton — không nên ép thành Moore hoặc Mealy thuần; vẽ theo mode/occupancy/valid tracker + guard. G2: MIXED_OR_PROTOCOL; exact registered side effects listed,active,cache invalidate,"fill_discard=1,fill_error=1; continue draining",LINEFILL_DISCARD_MARK,FSM_AXI_LINEFILL:L41,rtl/axi/memory/vit_phase_e_axi_mem_adapter.sv,"L239; active; guard=cache invalidate; target=fill_discard=1,fill_error=1; continue draining"
CM-AXI-LINEFILL,vit_phase_e_axi_mem_adapter,implicit,fill_burst_count; fill_ar_issue_index; fill_ar_accepted_count; fill_r_burst_index; fill_r_completed_count; fill_r_beat_index; fill_error; fill_discard,IDLE/ISSUING/OUTSTANDING/COLLECTING/COMPLETE,aclk,aresetn (synchronous active-low),Implicit protocol automaton — không nên ép thành Moore hoặc Mealy thuần; vẽ theo mode/occupancy/valid tracker + guard. G2: MIXED_OR_PROTOCOL; exact registered side effects listed,inactive,line hit request,consumed bitmap bit set,LINE_HIT_CONSUME,FSM_AXI_LINEFILL:L42,rtl/axi/memory/vit_phase_e_axi_mem_adapter.sv,L239; inactive; guard=line hit request; target=consumed bitmap bit set
CM-AXI-LINEFILL,vit_phase_e_axi_mem_adapter,implicit,fill_burst_count; fill_ar_issue_index; fill_ar_accepted_count; fill_r_burst_index; fill_r_completed_count; fill_r_beat_index; fill_error; fill_discard,IDLE/ISSUING/OUTSTANDING/COLLECTING/COMPLETE,aclk,aresetn (synchronous active-low),Implicit protocol automaton — không nên ép thành Moore hoặc Mealy thuần; vẽ theo mode/occupancy/valid tracker + guard. G2: MIXED_OR_PROTOCOL; exact registered side effects listed,any,otherwise,hold,CONTROL_ONLY,FSM_AXI_LINEFILL:L43,rtl/axi/memory/vit_phase_e_axi_mem_adapter.sv,L239; any; guard=otherwise; target=hold
CM-MEM-FRONTEND,vit_phase_e_memory_frontend,explicit,mem_state,"MEM_IDLE,MEM_READ_SELECT,MEM_READ_REQUEST,MEM_READ_RESPONSE,MEM_CACHE_RESPONSE,MEM_READ_DELIVER,MEM_WRITE_SELECT,MEM_WRITE_REQUEST,MEM_WRITE_RESPONSE,MEM_WRITE_DELIVER,MEM_GEMM_A_VECTOR_PRIME,MEM_GEMM_A_VECTOR_RUN,MEM_GEMM_A_VECTOR_DRAIN",clk,rst (synchronous active-high),MIXED / protocol — khi vẽ: state-qualified outputs có thể xem là Moore-like; guard/input quyết định transition và registered micro-op là Mealy-controlled. G2: MIXED_OR_PROTOCOL; exact registered side effects listed,IDLE/arbitration,load_req and not packed store-turn tie,READ_SELECT or VECTOR_PRIME; clear operand buffers,BEGIN_OPERAND_LOAD,FSM_MEMORY_FRONTEND:L43,rtl/core/vit_phase_e_memory_frontend.sv,L155-L170; IDLE/arbitration; guard=load_req and not packed store-turn tie; target=READ_SELECT or VECTOR_PRIME; clear operand buffers
CM-MEM-FRONTEND,vit_phase_e_memory_frontend,explicit,mem_state,"MEM_IDLE,MEM_READ_SELECT,MEM_READ_REQUEST,MEM_READ_RESPONSE,MEM_CACHE_RESPONSE,MEM_READ_DELIVER,MEM_WRITE_SELECT,MEM_WRITE_REQUEST,MEM_WRITE_RESPONSE,MEM_WRITE_DELIVER,MEM_GEMM_A_VECTOR_PRIME,MEM_GEMM_A_VECTOR_RUN,MEM_GEMM_A_VECTOR_DRAIN",clk,rst (synchronous active-high),MIXED / protocol — khi vẽ: state-qualified outputs có thể xem là Moore-like; guard/input quyết định transition và registered micro-op là Mealy-controlled. G2: MIXED_OR_PROTOCOL; exact registered side effects listed,IDLE/arbitration,packed simultaneous load/store first tie,load; set store-turn,ROUND_ROBIN_LOAD,FSM_MEMORY_FRONTEND:L44,rtl/core/vit_phase_e_memory_frontend.sv,L155-L170; IDLE/arbitration; guard=packed simultaneous load/store first tie; target=load; set store-turn
CM-MEM-FRONTEND,vit_phase_e_memory_frontend,explicit,mem_state,"MEM_IDLE,MEM_READ_SELECT,MEM_READ_REQUEST,MEM_READ_RESPONSE,MEM_CACHE_RESPONSE,MEM_READ_DELIVER,MEM_WRITE_SELECT,MEM_WRITE_REQUEST,MEM_WRITE_RESPONSE,MEM_WRITE_DELIVER,MEM_GEMM_A_VECTOR_PRIME,MEM_GEMM_A_VECTOR_RUN,MEM_GEMM_A_VECTOR_DRAIN",clk,rst (synchronous active-high),MIXED / protocol — khi vẽ: state-qualified outputs có thể xem là Moore-like; guard/input quyết định transition và registered micro-op là Mealy-controlled. G2: MIXED_OR_PROTOCOL; exact registered side effects listed,IDLE/arbitration,"store_req, packed defer eligible",IDLE; set defer once,CONTROL_ONLY,FSM_MEMORY_FRONTEND:L45,rtl/core/vit_phase_e_memory_frontend.sv,"L155-L170; IDLE/arbitration; guard=store_req, packed defer eligible; target=IDLE; set defer once"
CM-MEM-FRONTEND,vit_phase_e_memory_frontend,explicit,mem_state,"MEM_IDLE,MEM_READ_SELECT,MEM_READ_REQUEST,MEM_READ_RESPONSE,MEM_CACHE_RESPONSE,MEM_READ_DELIVER,MEM_WRITE_SELECT,MEM_WRITE_REQUEST,MEM_WRITE_RESPONSE,MEM_WRITE_DELIVER,MEM_GEMM_A_VECTOR_PRIME,MEM_GEMM_A_VECTOR_RUN,MEM_GEMM_A_VECTOR_DRAIN",clk,rst (synchronous active-high),MIXED / protocol — khi vẽ: state-qualified outputs có thể xem là Moore-like; guard/input quyết định transition và registered micro-op là Mealy-controlled. G2: MIXED_OR_PROTOCOL; exact registered side effects listed,IDLE/arbitration,store_req otherwise,snapshot result ownership; WRITE_SELECT; Argmax→WRITE_DELIVER,BEGIN_RESULT_STORE,FSM_MEMORY_FRONTEND:L46,rtl/core/vit_phase_e_memory_frontend.sv,L155-L170; IDLE/arbitration; guard=store_req otherwise; target=snapshot result ownership; WRITE_SELECT; Argmax→WRITE_DELIVER
CM-MEM-FRONTEND,vit_phase_e_memory_frontend,explicit,mem_state,"MEM_IDLE,MEM_READ_SELECT,MEM_READ_REQUEST,MEM_READ_RESPONSE,MEM_CACHE_RESPONSE,MEM_READ_DELIVER,MEM_WRITE_SELECT,MEM_WRITE_REQUEST,MEM_WRITE_RESPONSE,MEM_WRITE_DELIVER,MEM_GEMM_A_VECTOR_PRIME,MEM_GEMM_A_VECTOR_RUN,MEM_GEMM_A_VECTOR_DRAIN",clk,rst (synchronous active-high),MIXED / protocol — khi vẽ: state-qualified outputs có thể xem là Moore-like; guard/input quyết định transition và registered micro-op là Mealy-controlled. G2: MIXED_OR_PROTOCOL; exact registered side effects listed,IDLE,otherwise,hold/index=0,CONTROL_ONLY,FSM_MEMORY_FRONTEND:L47,rtl/core/vit_phase_e_memory_frontend.sv,L155-L170; IDLE; guard=otherwise; target=hold/index=0
CM-MEM-FRONTEND,vit_phase_e_memory_frontend,explicit,mem_state,"MEM_IDLE,MEM_READ_SELECT,MEM_READ_REQUEST,MEM_READ_RESPONSE,MEM_CACHE_RESPONSE,MEM_READ_DELIVER,MEM_WRITE_SELECT,MEM_WRITE_REQUEST,MEM_WRITE_RESPONSE,MEM_WRITE_DELIVER,MEM_GEMM_A_VECTOR_PRIME,MEM_GEMM_A_VECTOR_RUN,MEM_GEMM_A_VECTOR_DRAIN",clk,rst (synchronous active-high),MIXED / protocol — khi vẽ: state-qualified outputs có thể xem là Moore-like; guard/input quyết định transition và registered micro-op là Mealy-controlled. G2: MIXED_OR_PROTOCOL; exact registered side effects listed,READ_SELECT,candidate overflow,"latch error, IDLE",LOCAL_ERROR,FSM_MEMORY_FRONTEND:L48,rtl/core/vit_phase_e_memory_frontend.sv,"L155-L170; READ_SELECT; guard=candidate overflow; target=latch error, IDLE"
CM-MEM-FRONTEND,vit_phase_e_memory_frontend,explicit,mem_state,"MEM_IDLE,MEM_READ_SELECT,MEM_READ_REQUEST,MEM_READ_RESPONSE,MEM_CACHE_RESPONSE,MEM_READ_DELIVER,MEM_WRITE_SELECT,MEM_WRITE_REQUEST,MEM_WRITE_RESPONSE,MEM_WRITE_DELIVER,MEM_GEMM_A_VECTOR_PRIME,MEM_GEMM_A_VECTOR_RUN,MEM_GEMM_A_VECTOR_DRAIN",clk,rst (synchronous active-high),MIXED / protocol — khi vẽ: state-qualified outputs có thể xem là Moore-like; guard/input quyết định transition và registered micro-op là Mealy-controlled. G2: MIXED_OR_PROTOCOL; exact registered side effects listed,READ_SELECT,A/bias cache hit,CACHE_RESPONSE,CACHE_READ_REQUEST,FSM_MEMORY_FRONTEND:L49,rtl/core/vit_phase_e_memory_frontend.sv,L155-L170; READ_SELECT; guard=A/bias cache hit; target=CACHE_RESPONSE
CM-MEM-FRONTEND,vit_phase_e_memory_frontend,explicit,mem_state,"MEM_IDLE,MEM_READ_SELECT,MEM_READ_REQUEST,MEM_READ_RESPONSE,MEM_CACHE_RESPONSE,MEM_READ_DELIVER,MEM_WRITE_SELECT,MEM_WRITE_REQUEST,MEM_WRITE_RESPONSE,MEM_WRITE_DELIVER,MEM_GEMM_A_VECTOR_PRIME,MEM_GEMM_A_VECTOR_RUN,MEM_GEMM_A_VECTOR_DRAIN",clk,rst (synchronous active-high),MIXED / protocol — khi vẽ: state-qualified outputs có thể xem là Moore-like; guard/input quyết định transition và registered micro-op là Mealy-controlled. G2: MIXED_OR_PROTOCOL; exact registered side effects listed,READ_SELECT,no physical word,increment or READ_DELIVER,ZERO_OR_SKIP_WORD,FSM_MEMORY_FRONTEND:L50,rtl/core/vit_phase_e_memory_frontend.sv,L155-L170; READ_SELECT; guard=no physical word; target=increment or READ_DELIVER
CM-MEM-FRONTEND,vit_phase_e_memory_frontend,explicit,mem_state,"MEM_IDLE,MEM_READ_SELECT,MEM_READ_REQUEST,MEM_READ_RESPONSE,MEM_CACHE_RESPONSE,MEM_READ_DELIVER,MEM_WRITE_SELECT,MEM_WRITE_REQUEST,MEM_WRITE_RESPONSE,MEM_WRITE_DELIVER,MEM_GEMM_A_VECTOR_PRIME,MEM_GEMM_A_VECTOR_RUN,MEM_GEMM_A_VECTOR_DRAIN",clk,rst (synchronous active-high),MIXED / protocol — khi vẽ: state-qualified outputs có thể xem là Moore-like; guard/input quyết định transition và registered micro-op là Mealy-controlled. G2: MIXED_OR_PROTOCOL; exact registered side effects listed,READ_SELECT,physical candidate,READ_REQUEST,CONTROL_ONLY,FSM_MEMORY_FRONTEND:L51,rtl/core/vit_phase_e_memory_frontend.sv,L155-L170; READ_SELECT; guard=physical candidate; target=READ_REQUEST
CM-MEM-FRONTEND,vit_phase_e_memory_frontend,explicit,mem_state,"MEM_IDLE,MEM_READ_SELECT,MEM_READ_REQUEST,MEM_READ_RESPONSE,MEM_CACHE_RESPONSE,MEM_READ_DELIVER,MEM_WRITE_SELECT,MEM_WRITE_REQUEST,MEM_WRITE_RESPONSE,MEM_WRITE_DELIVER,MEM_GEMM_A_VECTOR_PRIME,MEM_GEMM_A_VECTOR_RUN,MEM_GEMM_A_VECTOR_DRAIN",clk,rst (synchronous active-high),MIXED / protocol — khi vẽ: state-qualified outputs có thể xem là Moore-like; guard/input quyết định transition và registered micro-op là Mealy-controlled. G2: MIXED_OR_PROTOCOL; exact registered side effects listed,READ_REQUEST,mem_req_fire,READ_RESPONSE,LOGICAL_READ_REQUEST,FSM_MEMORY_FRONTEND:L52,rtl/core/vit_phase_e_memory_frontend.sv,L155-L170; READ_REQUEST; guard=mem_req_fire; target=READ_RESPONSE
CM-MEM-FRONTEND,vit_phase_e_memory_frontend,explicit,mem_state,"MEM_IDLE,MEM_READ_SELECT,MEM_READ_REQUEST,MEM_READ_RESPONSE,MEM_CACHE_RESPONSE,MEM_READ_DELIVER,MEM_WRITE_SELECT,MEM_WRITE_REQUEST,MEM_WRITE_RESPONSE,MEM_WRITE_DELIVER,MEM_GEMM_A_VECTOR_PRIME,MEM_GEMM_A_VECTOR_RUN,MEM_GEMM_A_VECTOR_DRAIN",clk,rst (synchronous active-high),MIXED / protocol — khi vẽ: state-qualified outputs có thể xem là Moore-like; guard/input quyết định transition và registered micro-op là Mealy-controlled. G2: MIXED_OR_PROTOCOL; exact registered side effects listed,READ_RESPONSE,no response,hold,CONTROL_ONLY,FSM_MEMORY_FRONTEND:L53,rtl/core/vit_phase_e_memory_frontend.sv,L155-L170; READ_RESPONSE; guard=no response; target=hold
CM-MEM-FRONTEND,vit_phase_e_memory_frontend,explicit,mem_state,"MEM_IDLE,MEM_READ_SELECT,MEM_READ_REQUEST,MEM_READ_RESPONSE,MEM_CACHE_RESPONSE,MEM_READ_DELIVER,MEM_WRITE_SELECT,MEM_WRITE_REQUEST,MEM_WRITE_RESPONSE,MEM_WRITE_DELIVER,MEM_GEMM_A_VECTOR_PRIME,MEM_GEMM_A_VECTOR_RUN,MEM_GEMM_A_VECTOR_DRAIN",clk,rst (synchronous active-high),MIXED / protocol — khi vẽ: state-qualified outputs có thể xem là Moore-like; guard/input quyết định transition và registered micro-op là Mealy-controlled. G2: MIXED_OR_PROTOCOL; exact registered side effects listed,READ_RESPONSE,response error,"latch error, IDLE",LOCAL_ERROR,FSM_MEMORY_FRONTEND:L54,rtl/core/vit_phase_e_memory_frontend.sv,"L155-L170; READ_RESPONSE; guard=response error; target=latch error, IDLE"
CM-MEM-FRONTEND,vit_phase_e_memory_frontend,explicit,mem_state,"MEM_IDLE,MEM_READ_SELECT,MEM_READ_REQUEST,MEM_READ_RESPONSE,MEM_CACHE_RESPONSE,MEM_READ_DELIVER,MEM_WRITE_SELECT,MEM_WRITE_REQUEST,MEM_WRITE_RESPONSE,MEM_WRITE_DELIVER,MEM_GEMM_A_VECTOR_PRIME,MEM_GEMM_A_VECTOR_RUN,MEM_GEMM_A_VECTOR_DRAIN",clk,rst (synchronous active-high),MIXED / protocol — khi vẽ: state-qualified outputs có thể xem là Moore-like; guard/input quyết định transition và registered micro-op là Mealy-controlled. G2: MIXED_OR_PROTOCOL; exact registered side effects listed,READ_RESPONSE,good response,gather word; increment→READ_SELECT or READ_DELIVER,GATHER_OPERAND_WORD,FSM_MEMORY_FRONTEND:L55,rtl/core/vit_phase_e_memory_frontend.sv,L155-L170; READ_RESPONSE; guard=good response; target=gather word; increment→READ_SELECT or READ_DELIVER
CM-MEM-FRONTEND,vit_phase_e_memory_frontend,explicit,mem_state,"MEM_IDLE,MEM_READ_SELECT,MEM_READ_REQUEST,MEM_READ_RESPONSE,MEM_CACHE_RESPONSE,MEM_READ_DELIVER,MEM_WRITE_SELECT,MEM_WRITE_REQUEST,MEM_WRITE_RESPONSE,MEM_WRITE_DELIVER,MEM_GEMM_A_VECTOR_PRIME,MEM_GEMM_A_VECTOR_RUN,MEM_GEMM_A_VECTOR_DRAIN",clk,rst (synchronous active-high),MIXED / protocol — khi vẽ: state-qualified outputs có thể xem là Moore-like; guard/input quyết định transition và registered micro-op là Mealy-controlled. G2: MIXED_OR_PROTOCOL; exact registered side effects listed,CACHE_RESPONSE,A valid else bias valid,gather; increment/select or deliver,GATHER_CACHE_WORD,FSM_MEMORY_FRONTEND:L56,rtl/core/vit_phase_e_memory_frontend.sv,L155-L170; CACHE_RESPONSE; guard=A valid else bias valid; target=gather; increment/select or deliver
CM-MEM-FRONTEND,vit_phase_e_memory_frontend,explicit,mem_state,"MEM_IDLE,MEM_READ_SELECT,MEM_READ_REQUEST,MEM_READ_RESPONSE,MEM_CACHE_RESPONSE,MEM_READ_DELIVER,MEM_WRITE_SELECT,MEM_WRITE_REQUEST,MEM_WRITE_RESPONSE,MEM_WRITE_DELIVER,MEM_GEMM_A_VECTOR_PRIME,MEM_GEMM_A_VECTOR_RUN,MEM_GEMM_A_VECTOR_DRAIN",clk,rst (synchronous active-high),MIXED / protocol — khi vẽ: state-qualified outputs có thể xem là Moore-like; guard/input quyết định transition và registered micro-op là Mealy-controlled. G2: MIXED_OR_PROTOCOL; exact registered side effects listed,READ_DELIVER,unconditional,IDLE; optionally mark A-cache valid,OPERAND_BUNDLE_DELIVER,FSM_MEMORY_FRONTEND:L57,rtl/core/vit_phase_e_memory_frontend.sv,L155-L170; READ_DELIVER; guard=unconditional; target=IDLE; optionally mark A-cache valid
CM-MEM-FRONTEND,vit_phase_e_memory_frontend,explicit,mem_state,"MEM_IDLE,MEM_READ_SELECT,MEM_READ_REQUEST,MEM_READ_RESPONSE,MEM_CACHE_RESPONSE,MEM_READ_DELIVER,MEM_WRITE_SELECT,MEM_WRITE_REQUEST,MEM_WRITE_RESPONSE,MEM_WRITE_DELIVER,MEM_GEMM_A_VECTOR_PRIME,MEM_GEMM_A_VECTOR_RUN,MEM_GEMM_A_VECTOR_DRAIN",clk,rst (synchronous active-high),MIXED / protocol — khi vẽ: state-qualified outputs có thể xem là Moore-like; guard/input quyết định transition và registered micro-op là Mealy-controlled. G2: MIXED_OR_PROTOCOL; exact registered side effects listed,VECTOR PRIME/RUN/DRAIN,exact lane/valid guards,issue/capture rows; error→IDLE; finally READ_SELECT at B words,VECTOR_CACHE_GATHER,FSM_MEMORY_FRONTEND:L58,rtl/core/vit_phase_e_memory_frontend.sv,L155-L170; VECTOR PRIME/RUN/DRAIN; guard=exact lane/valid guards; target=issue/capture rows; error→IDLE; finally READ_SELECT at B words
CM-MEM-FRONTEND,vit_phase_e_memory_frontend,explicit,mem_state,"MEM_IDLE,MEM_READ_SELECT,MEM_READ_REQUEST,MEM_READ_RESPONSE,MEM_CACHE_RESPONSE,MEM_READ_DELIVER,MEM_WRITE_SELECT,MEM_WRITE_REQUEST,MEM_WRITE_RESPONSE,MEM_WRITE_DELIVER,MEM_GEMM_A_VECTOR_PRIME,MEM_GEMM_A_VECTOR_RUN,MEM_GEMM_A_VECTOR_DRAIN",clk,rst (synchronous active-high),MIXED / protocol — khi vẽ: state-qualified outputs có thể xem là Moore-like; guard/input quyết định transition và registered micro-op là Mealy-controlled. G2: MIXED_OR_PROTOCOL; exact registered side effects listed,WRITE_SELECT,address overflow,"latch error,IDLE",LOCAL_ERROR,FSM_MEMORY_FRONTEND:L59,rtl/core/vit_phase_e_memory_frontend.sv,"L155-L170; WRITE_SELECT; guard=address overflow; target=latch error,IDLE"
CM-MEM-FRONTEND,vit_phase_e_memory_frontend,explicit,mem_state,"MEM_IDLE,MEM_READ_SELECT,MEM_READ_REQUEST,MEM_READ_RESPONSE,MEM_CACHE_RESPONSE,MEM_READ_DELIVER,MEM_WRITE_SELECT,MEM_WRITE_REQUEST,MEM_WRITE_RESPONSE,MEM_WRITE_DELIVER,MEM_GEMM_A_VECTOR_PRIME,MEM_GEMM_A_VECTOR_RUN,MEM_GEMM_A_VECTOR_DRAIN",clk,rst (synchronous active-high),MIXED / protocol — khi vẽ: state-qualified outputs có thể xem là Moore-like; guard/input quyết định transition và registered micro-op là Mealy-controlled. G2: MIXED_OR_PROTOCOL; exact registered side effects listed,WRITE_SELECT,no physical word,increment or WRITE_DELIVER,SKIP_WRITE_WORD,FSM_MEMORY_FRONTEND:L60,rtl/core/vit_phase_e_memory_frontend.sv,L155-L170; WRITE_SELECT; guard=no physical word; target=increment or WRITE_DELIVER
CM-MEM-FRONTEND,vit_phase_e_memory_frontend,explicit,mem_state,"MEM_IDLE,MEM_READ_SELECT,MEM_READ_REQUEST,MEM_READ_RESPONSE,MEM_CACHE_RESPONSE,MEM_READ_DELIVER,MEM_WRITE_SELECT,MEM_WRITE_REQUEST,MEM_WRITE_RESPONSE,MEM_WRITE_DELIVER,MEM_GEMM_A_VECTOR_PRIME,MEM_GEMM_A_VECTOR_RUN,MEM_GEMM_A_VECTOR_DRAIN",clk,rst (synchronous active-high),MIXED / protocol — khi vẽ: state-qualified outputs có thể xem là Moore-like; guard/input quyết định transition và registered micro-op là Mealy-controlled. G2: MIXED_OR_PROTOCOL; exact registered side effects listed,WRITE_SELECT,candidate,WRITE_REQUEST,CONTROL_ONLY,FSM_MEMORY_FRONTEND:L61,rtl/core/vit_phase_e_memory_frontend.sv,L155-L170; WRITE_SELECT; guard=candidate; target=WRITE_REQUEST
CM-MEM-FRONTEND,vit_phase_e_memory_frontend,explicit,mem_state,"MEM_IDLE,MEM_READ_SELECT,MEM_READ_REQUEST,MEM_READ_RESPONSE,MEM_CACHE_RESPONSE,MEM_READ_DELIVER,MEM_WRITE_SELECT,MEM_WRITE_REQUEST,MEM_WRITE_RESPONSE,MEM_WRITE_DELIVER,MEM_GEMM_A_VECTOR_PRIME,MEM_GEMM_A_VECTOR_RUN,MEM_GEMM_A_VECTOR_DRAIN",clk,rst (synchronous active-high),MIXED / protocol — khi vẽ: state-qualified outputs có thể xem là Moore-like; guard/input quyết định transition và registered micro-op là Mealy-controlled. G2: MIXED_OR_PROTOCOL; exact registered side effects listed,WRITE_REQUEST,mem_req_fire,WRITE_RESPONSE,LOGICAL_WRITE_REQUEST,FSM_MEMORY_FRONTEND:L62,rtl/core/vit_phase_e_memory_frontend.sv,L155-L170; WRITE_REQUEST; guard=mem_req_fire; target=WRITE_RESPONSE
CM-MEM-FRONTEND,vit_phase_e_memory_frontend,explicit,mem_state,"MEM_IDLE,MEM_READ_SELECT,MEM_READ_REQUEST,MEM_READ_RESPONSE,MEM_CACHE_RESPONSE,MEM_READ_DELIVER,MEM_WRITE_SELECT,MEM_WRITE_REQUEST,MEM_WRITE_RESPONSE,MEM_WRITE_DELIVER,MEM_GEMM_A_VECTOR_PRIME,MEM_GEMM_A_VECTOR_RUN,MEM_GEMM_A_VECTOR_DRAIN",clk,rst (synchronous active-high),MIXED / protocol — khi vẽ: state-qualified outputs có thể xem là Moore-like; guard/input quyết định transition và registered micro-op là Mealy-controlled. G2: MIXED_OR_PROTOCOL; exact registered side effects listed,WRITE_RESPONSE,response error,"latch error,IDLE",LOCAL_ERROR,FSM_MEMORY_FRONTEND:L63,rtl/core/vit_phase_e_memory_frontend.sv,"L155-L170; WRITE_RESPONSE; guard=response error; target=latch error,IDLE"
CM-MEM-FRONTEND,vit_phase_e_memory_frontend,explicit,mem_state,"MEM_IDLE,MEM_READ_SELECT,MEM_READ_REQUEST,MEM_READ_RESPONSE,MEM_CACHE_RESPONSE,MEM_READ_DELIVER,MEM_WRITE_SELECT,MEM_WRITE_REQUEST,MEM_WRITE_RESPONSE,MEM_WRITE_DELIVER,MEM_GEMM_A_VECTOR_PRIME,MEM_GEMM_A_VECTOR_RUN,MEM_GEMM_A_VECTOR_DRAIN",clk,rst (synchronous active-high),MIXED / protocol — khi vẽ: state-qualified outputs có thể xem là Moore-like; guard/input quyết định transition và registered micro-op là Mealy-controlled. G2: MIXED_OR_PROTOCOL; exact registered side effects listed,WRITE_RESPONSE,good response,increment/select or WRITE_DELIVER,RETIRE_STORE_WORD,FSM_MEMORY_FRONTEND:L64,rtl/core/vit_phase_e_memory_frontend.sv,L155-L170; WRITE_RESPONSE; guard=good response; target=increment/select or WRITE_DELIVER
CM-MEM-FRONTEND,vit_phase_e_memory_frontend,explicit,mem_state,"MEM_IDLE,MEM_READ_SELECT,MEM_READ_REQUEST,MEM_READ_RESPONSE,MEM_CACHE_RESPONSE,MEM_READ_DELIVER,MEM_WRITE_SELECT,MEM_WRITE_REQUEST,MEM_WRITE_RESPONSE,MEM_WRITE_DELIVER,MEM_GEMM_A_VECTOR_PRIME,MEM_GEMM_A_VECTOR_RUN,MEM_GEMM_A_VECTOR_DRAIN",clk,rst (synchronous active-high),MIXED / protocol — khi vẽ: state-qualified outputs có thể xem là Moore-like; guard/input quyết định transition và registered micro-op là Mealy-controlled. G2: MIXED_OR_PROTOCOL; exact registered side effects listed,WRITE_DELIVER,"opcode GEMM and gemm_bias_cache_allowed && !gemm_bias_cache_valid && gemm_result_batch_index_store_q==0 && gemm_result_token_base_store_q==0 && ({1'b0,gemm_result_output_base_store_q}+33'(ARRAY_COLS))>={1'b0,active_cmd.dim3}",set gemm_bias_cache_valid=1; IDLE,BIAS_CACHE_OWNERSHIP_COMMIT,FSM_MEMORY_FRONTEND:L65,rtl/core/vit_phase_e_memory_frontend.sv,"L155-L170; WRITE_DELIVER; guard=opcode GEMM and gemm_bias_cache_allowed && !gemm_bias_cache_valid && gemm_result_batch_index_store_q==0 && gemm_result_token_base_store_q==0 && ({1'b0,gemm_result_output_base_store_q}+33'(ARRAY_COLS))>={1'b0,active_cmd.dim3}; target=set gemm_bias_cache_valid=1; IDLE"
CM-MEM-FRONTEND,vit_phase_e_memory_frontend,explicit,mem_state,"MEM_IDLE,MEM_READ_SELECT,MEM_READ_REQUEST,MEM_READ_RESPONSE,MEM_CACHE_RESPONSE,MEM_READ_DELIVER,MEM_WRITE_SELECT,MEM_WRITE_REQUEST,MEM_WRITE_RESPONSE,MEM_WRITE_DELIVER,MEM_GEMM_A_VECTOR_PRIME,MEM_GEMM_A_VECTOR_RUN,MEM_GEMM_A_VECTOR_DRAIN",clk,rst (synchronous active-high),MIXED / protocol — khi vẽ: state-qualified outputs có thể xem là Moore-like; guard/input quyết định transition và registered micro-op là Mealy-controlled. G2: MIXED_OR_PROTOCOL; exact registered side effects listed,WRITE_DELIVER,complement of the exact bias-commit guard,IDLE; bias-valid holds,RESULT_HANDSHAKE,FSM_MEMORY_FRONTEND:L66,rtl/core/vit_phase_e_memory_frontend.sv,L155-L170; WRITE_DELIVER; guard=complement of the exact bias-commit guard; target=IDLE; bias-valid holds
CM-MEM-FRONTEND,vit_phase_e_memory_frontend,explicit,mem_state,"MEM_IDLE,MEM_READ_SELECT,MEM_READ_REQUEST,MEM_READ_RESPONSE,MEM_CACHE_RESPONSE,MEM_READ_DELIVER,MEM_WRITE_SELECT,MEM_WRITE_REQUEST,MEM_WRITE_RESPONSE,MEM_WRITE_DELIVER,MEM_GEMM_A_VECTOR_PRIME,MEM_GEMM_A_VECTOR_RUN,MEM_GEMM_A_VECTOR_DRAIN",clk,rst (synchronous active-high),MIXED / protocol — khi vẽ: state-qualified outputs có thể xem là Moore-like; guard/input quyết định transition và registered micro-op là Mealy-controlled. G2: MIXED_OR_PROTOCOL; exact registered side effects listed,illegal,default,IDLE,ILLEGAL_RECOVER,FSM_MEMORY_FRONTEND:L67,rtl/core/vit_phase_e_memory_frontend.sv,L155-L170; illegal; guard=default; target=IDLE
CM-GEMM-PREFETCH,vit_phase_e_memory_frontend,implicit,gemm_a_vector_issue_lane_q; gemm_a_vector_response_lane_q; gemm_a_vector_request_active_q; gemm_a_vector_row_valid_q,IDLE/ISSUE/WAIT/ROW_VALID,clk,rst (synchronous active-high),Implicit protocol automaton — không nên ép thành Moore hoặc Mealy thuần; vẽ theo mode/occupancy/valid tracker + guard. G2: MIXED_OR_PROTOCOL; exact registered side effects listed,inactive,GEMM load admission and vector-path hit,snapshot coordinates/row-valid; lane counters=0; request-active=1; enter PRIME,PREFETCH_CLAIM,FSM_GEMM_MEMORY_TRACKERS:L92,rtl/core/vit_phase_e_memory_frontend.sv,L261; inactive; guard=GEMM load admission and vector-path hit; target=snapshot coordinates/row-valid; lane counters=0; request-active=1; enter PRIME
CM-GEMM-PREFETCH,vit_phase_e_memory_frontend,implicit,gemm_a_vector_issue_lane_q; gemm_a_vector_response_lane_q; gemm_a_vector_request_active_q; gemm_a_vector_row_valid_q,IDLE/ISSUE/WAIT/ROW_VALID,clk,rst (synchronous active-high),Implicit protocol automaton — không nên ép thành Moore hoặc Mealy thuần; vẽ theo mode/occupancy/valid tracker + guard. G2: MIXED_OR_PROTOCOL; exact registered side effects listed,PRIME,K-tail lane invalid,jump to first packed-B word/READ_SELECT,PREFETCH_ZERO_TAIL,FSM_GEMM_MEMORY_TRACKERS:L93,rtl/core/vit_phase_e_memory_frontend.sv,L261; PRIME; guard=K-tail lane invalid; target=jump to first packed-B word/READ_SELECT
CM-GEMM-PREFETCH,vit_phase_e_memory_frontend,implicit,gemm_a_vector_issue_lane_q; gemm_a_vector_response_lane_q; gemm_a_vector_request_active_q; gemm_a_vector_row_valid_q,IDLE/ISSUE/WAIT/ROW_VALID,clk,rst (synchronous active-high),Implicit protocol automaton — không nên ép thành Moore hoặc Mealy thuần; vẽ theo mode/occupancy/valid tracker + guard. G2: MIXED_OR_PROTOCOL; exact registered side effects listed,PRIME,final issue lane,record response lane; enter DRAIN,PREFETCH_FINAL_ISSUE,FSM_GEMM_MEMORY_TRACKERS:L94,rtl/core/vit_phase_e_memory_frontend.sv,L261; PRIME; guard=final issue lane; target=record response lane; enter DRAIN
CM-GEMM-PREFETCH,vit_phase_e_memory_frontend,implicit,gemm_a_vector_issue_lane_q; gemm_a_vector_response_lane_q; gemm_a_vector_request_active_q; gemm_a_vector_row_valid_q,IDLE/ISSUE/WAIT/ROW_VALID,clk,rst (synchronous active-high),Implicit protocol automaton — không nên ép thành Moore hoặc Mealy thuần; vẽ theo mode/occupancy/valid tracker + guard. G2: MIXED_OR_PROTOCOL; exact registered side effects listed,PRIME,more lanes,issue lane++; enter RUN,PREFETCH_ISSUE,FSM_GEMM_MEMORY_TRACKERS:L95,rtl/core/vit_phase_e_memory_frontend.sv,L261; PRIME; guard=more lanes; target=issue lane++; enter RUN
CM-GEMM-PREFETCH,vit_phase_e_memory_frontend,implicit,gemm_a_vector_issue_lane_q; gemm_a_vector_response_lane_q; gemm_a_vector_request_active_q; gemm_a_vector_row_valid_q,IDLE/ISSUE/WAIT/ROW_VALID,clk,rst (synchronous active-high),Implicit protocol automaton — không nên ép thành Moore hoặc Mealy thuần; vẽ theo mode/occupancy/valid tracker + guard. G2: MIXED_OR_PROTOCOL; exact registered side effects listed,RUN,response valid and more lanes,capture all valid rows; advance issue/response lanes,PREFETCH_CAPTURE_ISSUE,FSM_GEMM_MEMORY_TRACKERS:L96,rtl/core/vit_phase_e_memory_frontend.sv,L261; RUN; guard=response valid and more lanes; target=capture all valid rows; advance issue/response lanes
CM-GEMM-PREFETCH,vit_phase_e_memory_frontend,implicit,gemm_a_vector_issue_lane_q; gemm_a_vector_response_lane_q; gemm_a_vector_request_active_q; gemm_a_vector_row_valid_q,IDLE/ISSUE/WAIT/ROW_VALID,clk,rst (synchronous active-high),Implicit protocol automaton — không nên ép thành Moore hoặc Mealy thuần; vẽ theo mode/occupancy/valid tracker + guard. G2: MIXED_OR_PROTOCOL; exact registered side effects listed,RUN,response valid and final lane,capture; enter DRAIN,PREFETCH_CAPTURE_FINAL,FSM_GEMM_MEMORY_TRACKERS:L97,rtl/core/vit_phase_e_memory_frontend.sv,L261; RUN; guard=response valid and final lane; target=capture; enter DRAIN
CM-GEMM-PREFETCH,vit_phase_e_memory_frontend,implicit,gemm_a_vector_issue_lane_q; gemm_a_vector_response_lane_q; gemm_a_vector_request_active_q; gemm_a_vector_row_valid_q,IDLE/ISSUE/WAIT/ROW_VALID,clk,rst (synchronous active-high),Implicit protocol automaton — không nên ép thành Moore hoặc Mealy thuần; vẽ theo mode/occupancy/valid tracker + guard. G2: MIXED_OR_PROTOCOL; exact registered side effects listed,RUN/DRAIN,response missing when required,latch memory error; invalidate A; IDLE,PREFETCH_RESPONSE_ERROR,FSM_GEMM_MEMORY_TRACKERS:L98,rtl/core/vit_phase_e_memory_frontend.sv,L261; RUN/DRAIN; guard=response missing when required; target=latch memory error; invalidate A; IDLE
CM-GEMM-PREFETCH,vit_phase_e_memory_frontend,implicit,gemm_a_vector_issue_lane_q; gemm_a_vector_response_lane_q; gemm_a_vector_request_active_q; gemm_a_vector_row_valid_q,IDLE/ISSUE/WAIT/ROW_VALID,clk,rst (synchronous active-high),Implicit protocol automaton — không nên ép thành Moore hoặc Mealy thuần; vẽ theo mode/occupancy/valid tracker + guard. G2: MIXED_OR_PROTOCOL; exact registered side effects listed,DRAIN,response valid,capture final rows; request-active=0 later at deliver; READ_SELECT at B,PREFETCH_DRAIN,FSM_GEMM_MEMORY_TRACKERS:L99,rtl/core/vit_phase_e_memory_frontend.sv,L261; DRAIN; guard=response valid; target=capture final rows; request-active=0 later at deliver; READ_SELECT at B
CM-GEMM-PREFETCH,vit_phase_e_memory_frontend,implicit,gemm_a_vector_issue_lane_q; gemm_a_vector_response_lane_q; gemm_a_vector_request_active_q; gemm_a_vector_row_valid_q,IDLE/ISSUE/WAIT/ROW_VALID,clk,rst (synchronous active-high),Implicit protocol automaton — không nên ép thành Moore hoặc Mealy thuần; vẽ theo mode/occupancy/valid tracker + guard. G2: MIXED_OR_PROTOCOL; exact registered side effects listed,active,live coordinates differ from snapshot,latch coordinate error; IDLE,PREFETCH_COORDINATE_ERROR,FSM_GEMM_MEMORY_TRACKERS:L100,rtl/core/vit_phase_e_memory_frontend.sv,L261; active; guard=live coordinates differ from snapshot; target=latch coordinate error; IDLE
CM-GEMM-STORE-ARB,vit_phase_e_memory_frontend,implicit,gemm_packed_store_turn_q; gemm_packed_result_defer_q; gemm_result_address_base_store_q; gemm_result_generation_store_q; gemm_result_token_base_store_q; gemm_result_output_base_store_q; gemm_result_batch_index_store_q,DIRECT/DEFERRED/TURN,clk,rst (synchronous active-high),Implicit protocol automaton — không nên ép thành Moore hoặc Mealy thuần; vẽ theo mode/occupancy/valid tracker + guard. G2: MIXED_OR_PROTOCOL; exact registered side effects listed,IDLE,packed simultaneous load/store and turn=0,admit load; set store-turn=1; clear defer,STORE_ARB_LOAD_TURN,FSM_GEMM_MEMORY_TRACKERS:L105,rtl/core/vit_phase_e_memory_frontend.sv,L241; IDLE; guard=packed simultaneous load/store and turn=0; target=admit load; set store-turn=1; clear defer
CM-GEMM-STORE-ARB,vit_phase_e_memory_frontend,implicit,gemm_packed_store_turn_q; gemm_packed_result_defer_q; gemm_result_address_base_store_q; gemm_result_generation_store_q; gemm_result_token_base_store_q; gemm_result_output_base_store_q; gemm_result_batch_index_store_q,DIRECT/DEFERRED/TURN,clk,rst (synchronous active-high),Implicit protocol automaton — không nên ép thành Moore hoặc Mealy thuần; vẽ theo mode/occupancy/valid tracker + guard. G2: MIXED_OR_PROTOCOL; exact registered side effects listed,IDLE,packed simultaneous load/store and turn=1,admit store; clear turn/defer; snapshot destination/generation,STORE_ARB_STORE_TURN,FSM_GEMM_MEMORY_TRACKERS:L106,rtl/core/vit_phase_e_memory_frontend.sv,L241; IDLE; guard=packed simultaneous load/store and turn=1; target=admit store; clear turn/defer; snapshot destination/generation
CM-GEMM-STORE-ARB,vit_phase_e_memory_frontend,implicit,gemm_packed_store_turn_q; gemm_packed_result_defer_q; gemm_result_address_base_store_q; gemm_result_generation_store_q; gemm_result_token_base_store_q; gemm_result_output_base_store_q; gemm_result_batch_index_store_q,DIRECT/DEFERRED/TURN,clk,rst (synchronous active-high),Implicit protocol automaton — không nên ép thành Moore hoặc Mealy thuần; vẽ theo mode/occupancy/valid tracker + guard. G2: MIXED_OR_PROTOCOL; exact registered side effects listed,IDLE,"packed store alone, turn=0,defer=0",remain IDLE; set defer once,STORE_ARB_DEFER_ONCE,FSM_GEMM_MEMORY_TRACKERS:L107,rtl/core/vit_phase_e_memory_frontend.sv,"L241; IDLE; guard=packed store alone, turn=0,defer=0; target=remain IDLE; set defer once"
CM-GEMM-STORE-ARB,vit_phase_e_memory_frontend,implicit,gemm_packed_store_turn_q; gemm_packed_result_defer_q; gemm_result_address_base_store_q; gemm_result_generation_store_q; gemm_result_token_base_store_q; gemm_result_output_base_store_q; gemm_result_batch_index_store_q,DIRECT/DEFERRED/TURN,clk,rst (synchronous active-high),Implicit protocol automaton — không nên ép thành Moore hoặc Mealy thuần; vẽ theo mode/occupancy/valid tracker + guard. G2: MIXED_OR_PROTOCOL; exact registered side effects listed,IDLE,store otherwise,snapshot address/generation/token/output/batch; WRITE_SELECT,STORE_OWNERSHIP_CLAIM,FSM_GEMM_MEMORY_TRACKERS:L108,rtl/core/vit_phase_e_memory_frontend.sv,L241; IDLE; guard=store otherwise; target=snapshot address/generation/token/output/batch; WRITE_SELECT
CM-GEMM-STORE-ARB,vit_phase_e_memory_frontend,implicit,gemm_packed_store_turn_q; gemm_packed_result_defer_q; gemm_result_address_base_store_q; gemm_result_generation_store_q; gemm_result_token_base_store_q; gemm_result_output_base_store_q; gemm_result_batch_index_store_q,DIRECT/DEFERRED/TURN,clk,rst (synchronous active-high),Implicit protocol automaton — không nên ép thành Moore hoặc Mealy thuần; vẽ theo mode/occupancy/valid tracker + guard. G2: MIXED_OR_PROTOCOL; exact registered side effects listed,owned write path,all live fields equal snapshot,hold snapshot,CONTROL_ONLY,FSM_GEMM_MEMORY_TRACKERS:L109,rtl/core/vit_phase_e_memory_frontend.sv,L241; owned write path; guard=all live fields equal snapshot; target=hold snapshot
CM-GEMM-STORE-ARB,vit_phase_e_memory_frontend,implicit,gemm_packed_store_turn_q; gemm_packed_result_defer_q; gemm_result_address_base_store_q; gemm_result_generation_store_q; gemm_result_token_base_store_q; gemm_result_output_base_store_q; gemm_result_batch_index_store_q,DIRECT/DEFERRED/TURN,clk,rst (synchronous active-high),Implicit protocol automaton — không nên ép thành Moore hoặc Mealy thuần; vẽ theo mode/occupancy/valid tracker + guard. G2: MIXED_OR_PROTOCOL; exact registered side effects listed,admission/write,generation/address/coordinate mismatch,"frontend error, abandon IDLE",STORE_OWNERSHIP_ERROR,FSM_GEMM_MEMORY_TRACKERS:L110,rtl/core/vit_phase_e_memory_frontend.sv,"L241; admission/write; guard=generation/address/coordinate mismatch; target=frontend error, abandon IDLE"
CM-GEMM-STORE-ARB,vit_phase_e_memory_frontend,implicit,gemm_packed_store_turn_q; gemm_packed_result_defer_q; gemm_result_address_base_store_q; gemm_result_generation_store_q; gemm_result_token_base_store_q; gemm_result_output_base_store_q; gemm_result_batch_index_store_q,DIRECT/DEFERRED/TURN,clk,rst (synchronous active-high),Implicit protocol automaton — không nên ép thành Moore hoặc Mealy thuần; vẽ theo mode/occupancy/valid tracker + guard. G2: MIXED_OR_PROTOCOL; exact registered side effects listed,WRITE_DELIVER,unconditional,release by returning IDLE; stale snapshot is no longer owned,STORE_OWNERSHIP_RELEASE,FSM_GEMM_MEMORY_TRACKERS:L111,rtl/core/vit_phase_e_memory_frontend.sv,L241; WRITE_DELIVER; guard=unconditional; target=release by returning IDLE; stale snapshot is no longer owned
CM-GEMM-CACHE-OWNERSHIP,vit_phase_e_memory_frontend,implicit,gemm_a_cache_valid; gemm_a_cache_batch_tag; gemm_a_cache_token_tag; gemm_bias_cache_valid; gemm_bias_cache_column,INVALID/VALID with tags,clk,rst (synchronous active-high),Implicit protocol automaton — không nên ép thành Moore hoặc Mealy thuần; vẽ theo mode/occupancy/valid tracker + guard. G2: MIXED_OR_PROTOCOL; exact registered side effects listed,any,reset/command_accept,"A-valid=0,bias-valid=0",CACHE_OWNERSHIP_CLEAR,FSM_GEMM_MEMORY_TRACKERS:L79,rtl/core/vit_phase_e_memory_frontend.sv,"L243; any; guard=reset/command_accept; target=A-valid=0,bias-valid=0"
CM-GEMM-CACHE-OWNERSHIP,vit_phase_e_memory_frontend,implicit,gemm_a_cache_valid; gemm_a_cache_batch_tag; gemm_a_cache_token_tag; gemm_bias_cache_valid; gemm_bias_cache_column,INVALID/VALID with tags,clk,rst (synchronous active-high),Implicit protocol automaton — không nên ép thành Moore hoặc Mealy thuần; vẽ theo mode/occupancy/valid tracker + guard. G2: MIXED_OR_PROTOCOL; exact registered side effects listed,A invalid/tag changed at first output/K,new load admission,invalidate A; latch batch/token tags,A_CACHE_OWNERSHIP_CLAIM,FSM_GEMM_MEMORY_TRACKERS:L80,rtl/core/vit_phase_e_memory_frontend.sv,L243; A invalid/tag changed at first output/K; guard=new load admission; target=invalidate A; latch batch/token tags
CM-GEMM-CACHE-OWNERSHIP,vit_phase_e_memory_frontend,implicit,gemm_a_cache_valid; gemm_a_cache_batch_tag; gemm_a_cache_token_tag; gemm_bias_cache_valid; gemm_bias_cache_column,INVALID/VALID with tags,clk,rst (synchronous active-high),Implicit protocol automaton — không nên ép thành Moore hoặc Mealy thuần; vẽ theo mode/occupancy/valid tracker + guard. G2: MIXED_OR_PROTOCOL; exact registered side effects listed,A filling,successful responses,write cache words; ownership not yet valid,A_CACHE_FILL,FSM_GEMM_MEMORY_TRACKERS:L81,rtl/core/vit_phase_e_memory_frontend.sv,L243; A filling; guard=successful responses; target=write cache words; ownership not yet valid
CM-GEMM-CACHE-OWNERSHIP,vit_phase_e_memory_frontend,implicit,gemm_a_cache_valid; gemm_a_cache_batch_tag; gemm_a_cache_token_tag; gemm_bias_cache_valid; gemm_bias_cache_column,INVALID/VALID with tags,clk,rst (synchronous active-high),Implicit protocol automaton — không nên ép thành Moore hoặc Mealy thuần; vẽ theo mode/occupancy/valid tracker + guard. G2: MIXED_OR_PROTOCOL; exact registered side effects listed,A filling,final safe K delivery,A-valid=1,A_CACHE_OWNERSHIP_COMMIT,FSM_GEMM_MEMORY_TRACKERS:L82,rtl/core/vit_phase_e_memory_frontend.sv,L243; A filling; guard=final safe K delivery; target=A-valid=1
CM-GEMM-CACHE-OWNERSHIP,vit_phase_e_memory_frontend,implicit,gemm_a_cache_valid; gemm_a_cache_batch_tag; gemm_a_cache_token_tag; gemm_bias_cache_valid; gemm_bias_cache_column,INVALID/VALID with tags,clk,rst (synchronous active-high),Implicit protocol automaton — không nên ép thành Moore hoặc Mealy thuần; vẽ theo mode/occupancy/valid tracker + guard. G2: MIXED_OR_PROTOCOL; exact registered side effects listed,bias invalid,first batch/token bias responses,fill bias RAM,BIAS_CACHE_FILL,FSM_GEMM_MEMORY_TRACKERS:L83,rtl/core/vit_phase_e_memory_frontend.sv,L243; bias invalid; guard=first batch/token bias responses; target=fill bias RAM
CM-GEMM-CACHE-OWNERSHIP,vit_phase_e_memory_frontend,implicit,gemm_a_cache_valid; gemm_a_cache_batch_tag; gemm_a_cache_token_tag; gemm_bias_cache_valid; gemm_bias_cache_column,INVALID/VALID with tags,clk,rst (synchronous active-high),Implicit protocol automaton — không nên ép thành Moore hoặc Mealy thuần; vẽ theo mode/occupancy/valid tracker + guard. G2: MIXED_OR_PROTOCOL; exact registered side effects listed,bias invalid,final safe first batch/token store,bias-valid=1,BIAS_CACHE_OWNERSHIP_COMMIT,FSM_GEMM_MEMORY_TRACKERS:L84,rtl/core/vit_phase_e_memory_frontend.sv,L243; bias invalid; guard=final safe first batch/token store; target=bias-valid=1
CM-GEMM-CACHE-OWNERSHIP,vit_phase_e_memory_frontend,implicit,gemm_a_cache_valid; gemm_a_cache_batch_tag; gemm_a_cache_token_tag; gemm_bias_cache_valid; gemm_bias_cache_column,INVALID/VALID with tags,clk,rst (synchronous active-high),Implicit protocol automaton — không nên ép thành Moore hoặc Mealy thuần; vẽ theo mode/occupancy/valid tracker + guard. G2: MIXED_OR_PROTOCOL; exact registered side effects listed,any,"old memory_error_latched observed by quarantine, or generation/coordinate top-level error",clear both cache-valid bits; A vector request ownership clears,CACHE_OWNERSHIP_ABORT,FSM_GEMM_MEMORY_TRACKERS:L85,rtl/core/vit_phase_e_memory_frontend.sv,"L243; any; guard=old memory_error_latched observed by quarantine, or generation/coordinate top-level error; target=clear both cache-valid bits; A vector request ownership clears"
CM-GEMM-CACHE-OWNERSHIP,vit_phase_e_memory_frontend,implicit,gemm_a_cache_valid; gemm_a_cache_batch_tag; gemm_a_cache_token_tag; gemm_bias_cache_valid; gemm_bias_cache_column,INVALID/VALID with tags,clk,rst (synchronous active-high),Implicit protocol automaton — không nên ép thành Moore hoặc Mealy thuần; vẽ theo mode/occupancy/valid tracker + guard. G2: MIXED_OR_PROTOCOL; exact registered side effects listed,A vector active,gemm_a_vector_response_error in RUN/DRAIN,clear A-valid and vector request ownership in the same edge; latch memory error,A_CACHE_OWNERSHIP_ABORT,FSM_GEMM_MEMORY_TRACKERS:L86,rtl/core/vit_phase_e_memory_frontend.sv,L243; A vector active; guard=gemm_a_vector_response_error in RUN/DRAIN; target=clear A-valid and vector request ownership in the same edge; latch memory error
CM-GEMM-CACHE-OWNERSHIP,vit_phase_e_memory_frontend,implicit,gemm_a_cache_valid; gemm_a_cache_batch_tag; gemm_a_cache_token_tag; gemm_bias_cache_valid; gemm_bias_cache_column,INVALID/VALID with tags,clk,rst (synchronous active-high),Implicit protocol automaton — không nên ép thành Moore hoặc Mealy thuần; vẽ theo mode/occupancy/valid tracker + guard. G2: MIXED_OR_PROTOCOL; exact registered side effects listed,any,otherwise,hold,CONTROL_ONLY,FSM_GEMM_MEMORY_TRACKERS:L87,rtl/core/vit_phase_e_memory_frontend.sv,L243; any; guard=otherwise; target=hold
CM-GEMM-ADDR-CONTEXT,vit_gemm_memory_address_context,implicit,context_valid; previous_token_base; previous_output_base; previous_k_base; previous_batch_index; activation_address_base; weight_address_base; bias_address_base; result_address_base,INVALID/CURRENT/PREVIOUS,clk,rst (synchronous active-high); clear active-high,Implicit protocol automaton — không nên ép thành Moore hoặc Mealy thuần; vẽ theo mode/occupancy/valid tracker + guard. G2: MIXED_OR_PROTOCOL; exact registered side effects listed,any,rst or clear,invalidate; zero all bases/previous coords,CONTROL_RESET,FSM_GEMM_MEMORY_TRACKERS:L48,rtl/core/vit_gemm_memory_address_context.sv,L34; any; guard=rst or clear; target=invalidate; zero all bases/previous coords
CM-GEMM-ADDR-CONTEXT,vit_gemm_memory_address_context,implicit,context_valid; previous_token_base; previous_output_base; previous_k_base; previous_batch_index; activation_address_base; weight_address_base; bias_address_base; result_address_base,INVALID/CURRENT/PREVIOUS,clk,rst (synchronous active-high); clear active-high,Implicit protocol automaton — không nên ép thành Moore hoặc Mealy thuần; vẽ theo mode/occupancy/valid tracker + guard. G2: MIXED_OR_PROTOCOL; exact registered side effects listed,invalid,request_start,set valid; initialize all bases from descriptor,ADDRESS_CONTEXT_INIT,FSM_GEMM_MEMORY_TRACKERS:L49,rtl/core/vit_gemm_memory_address_context.sv,L34; invalid; guard=request_start; target=set valid; initialize all bases from descriptor
CM-GEMM-ADDR-CONTEXT,vit_gemm_memory_address_context,implicit,context_valid; previous_token_base; previous_output_base; previous_k_base; previous_batch_index; activation_address_base; weight_address_base; bias_address_base; result_address_base,INVALID/CURRENT/PREVIOUS,clk,rst (synchronous active-high); clear active-high,Implicit protocol automaton — không nên ép thành Moore hoặc Mealy thuần; vẽ theo mode/occupancy/valid tracker + guard. G2: MIXED_OR_PROTOCOL; exact registered side effects listed,valid,request_start & batch changed,increment batch bases; reset child bases,ADDRESS_BATCH_ADVANCE,FSM_GEMM_MEMORY_TRACKERS:L50,rtl/core/vit_gemm_memory_address_context.sv,L34; valid; guard=request_start & batch changed; target=increment batch bases; reset child bases
CM-GEMM-ADDR-CONTEXT,vit_gemm_memory_address_context,implicit,context_valid; previous_token_base; previous_output_base; previous_k_base; previous_batch_index; activation_address_base; weight_address_base; bias_address_base; result_address_base,INVALID/CURRENT/PREVIOUS,clk,rst (synchronous active-high); clear active-high,Implicit protocol automaton — không nên ép thành Moore hoặc Mealy thuần; vẽ theo mode/occupancy/valid tracker + guard. G2: MIXED_OR_PROTOCOL; exact registered side effects listed,valid,else token changed,advance token bases; reset weight/bias child,ADDRESS_TOKEN_ADVANCE,FSM_GEMM_MEMORY_TRACKERS:L51,rtl/core/vit_gemm_memory_address_context.sv,L34; valid; guard=else token changed; target=advance token bases; reset weight/bias child
CM-GEMM-ADDR-CONTEXT,vit_gemm_memory_address_context,implicit,context_valid; previous_token_base; previous_output_base; previous_k_base; previous_batch_index; activation_address_base; weight_address_base; bias_address_base; result_address_base,INVALID/CURRENT/PREVIOUS,clk,rst (synchronous active-high); clear active-high,Implicit protocol automaton — không nên ép thành Moore hoặc Mealy thuần; vẽ theo mode/occupancy/valid tracker + guard. G2: MIXED_OR_PROTOCOL; exact registered side effects listed,valid,else output changed,reset A; advance B/bias/result tile bases,ADDRESS_OUTPUT_ADVANCE,FSM_GEMM_MEMORY_TRACKERS:L52,rtl/core/vit_gemm_memory_address_context.sv,L34; valid; guard=else output changed; target=reset A; advance B/bias/result tile bases
CM-GEMM-ADDR-CONTEXT,vit_gemm_memory_address_context,implicit,context_valid; previous_token_base; previous_output_base; previous_k_base; previous_batch_index; activation_address_base; weight_address_base; bias_address_base; result_address_base,INVALID/CURRENT/PREVIOUS,clk,rst (synchronous active-high); clear active-high,Implicit protocol automaton — không nên ép thành Moore hoặc Mealy thuần; vẽ theo mode/occupancy/valid tracker + guard. G2: MIXED_OR_PROTOCOL; exact registered side effects listed,valid,else K changed & rewound,restore tile-local A/B bases,ADDRESS_K_REWIND,FSM_GEMM_MEMORY_TRACKERS:L53,rtl/core/vit_gemm_memory_address_context.sv,L34; valid; guard=else K changed & rewound; target=restore tile-local A/B bases
CM-GEMM-ADDR-CONTEXT,vit_gemm_memory_address_context,implicit,context_valid; previous_token_base; previous_output_base; previous_k_base; previous_batch_index; activation_address_base; weight_address_base; bias_address_base; result_address_base,INVALID/CURRENT/PREVIOUS,clk,rst (synchronous active-high); clear active-high,Implicit protocol automaton — không nên ép thành Moore hoặc Mealy thuần; vẽ theo mode/occupancy/valid tracker + guard. G2: MIXED_OR_PROTOCOL; exact registered side effects listed,valid,else K changed forward,advance A/B by packed/blocked/stride rule,ADDRESS_K_ADVANCE,FSM_GEMM_MEMORY_TRACKERS:L54,rtl/core/vit_gemm_memory_address_context.sv,L34; valid; guard=else K changed forward; target=advance A/B by packed/blocked/stride rule
CM-GEMM-ADDR-CONTEXT,vit_gemm_memory_address_context,implicit,context_valid; previous_token_base; previous_output_base; previous_k_base; previous_batch_index; activation_address_base; weight_address_base; bias_address_base; result_address_base,INVALID/CURRENT/PREVIOUS,clk,rst (synchronous active-high); clear active-high,Implicit protocol automaton — không nên ép thành Moore hoặc Mealy thuần; vẽ theo mode/occupancy/valid tracker + guard. G2: MIXED_OR_PROTOCOL; exact registered side effects listed,any,otherwise,hold,CONTROL_ONLY,FSM_GEMM_MEMORY_TRACKERS:L55,rtl/core/vit_gemm_memory_address_context.sv,L34; any; guard=otherwise; target=hold
CM-ACT-CACHE-READ,vit_gemm_activation_panel_cache,implicit,read_data_valid; vector_read_data_valid; read_row_hold,IDLE/REQUEST/VALID,clk,rst (synchronous active-high); clear active-high,Implicit protocol automaton — không nên ép thành Moore hoặc Mealy thuần; vẽ theo mode/occupancy/valid tracker + guard. G2: MIXED_OR_PROTOCOL; exact registered side effects listed,any,rst/clear,scalar/vector valid=0; row hold=0,CONTROL_RESET,FSM_GEMM_MEMORY_TRACKERS:L60,rtl/blocks/gemm/vit_gemm_activation_panel_cache.sv,L30; any; guard=rst/clear; target=scalar/vector valid=0; row hold=0
CM-ACT-CACHE-READ,vit_gemm_activation_panel_cache,implicit,read_data_valid; vector_read_data_valid; read_row_hold,IDLE/REQUEST/VALID,clk,rst (synchronous active-high); clear active-high,Implicit protocol automaton — không nên ép thành Moore hoặc Mealy thuần; vẽ theo mode/occupancy/valid tracker + guard. G2: MIXED_OR_PROTOCOL; exact registered side effects listed,any,vector_read_enable,vector valid=1 next cycle; all banks read shared K,A_CACHE_VECTOR_READ,FSM_GEMM_MEMORY_TRACKERS:L61,rtl/blocks/gemm/vit_gemm_activation_panel_cache.sv,L30; any; guard=vector_read_enable; target=vector valid=1 next cycle; all banks read shared K
CM-ACT-CACHE-READ,vit_gemm_activation_panel_cache,implicit,read_data_valid; vector_read_data_valid; read_row_hold,IDLE/REQUEST/VALID,clk,rst (synchronous active-high); clear active-high,Implicit protocol automaton — không nên ép thành Moore hoặc Mealy thuần; vẽ theo mode/occupancy/valid tracker + guard. G2: MIXED_OR_PROTOCOL; exact registered side effects listed,any,scalar read & !vector,scalar valid=1 next cycle; latch row/read selected bank,A_CACHE_SCALAR_READ,FSM_GEMM_MEMORY_TRACKERS:L62,rtl/blocks/gemm/vit_gemm_activation_panel_cache.sv,L30; any; guard=scalar read & !vector; target=scalar valid=1 next cycle; latch row/read selected bank
CM-ACT-CACHE-READ,vit_gemm_activation_panel_cache,implicit,read_data_valid; vector_read_data_valid; read_row_hold,IDLE/REQUEST/VALID,clk,rst (synchronous active-high); clear active-high,Implicit protocol automaton — không nên ép thành Moore hoặc Mealy thuần; vẽ theo mode/occupancy/valid tracker + guard. G2: MIXED_OR_PROTOCOL; exact registered side effects listed,any,no read,both valid=0; data registers hold,CONTROL_ONLY,FSM_GEMM_MEMORY_TRACKERS:L63,rtl/blocks/gemm/vit_gemm_activation_panel_cache.sv,L30; any; guard=no read; target=both valid=0; data registers hold
CM-BIAS-CACHE-READ,vit_gemm_bias_cache,implicit,read_data_valid; read_data,IDLE/REQUEST/VALID,clk,rst (synchronous active-high); clear active-high,Implicit protocol automaton — không nên ép thành Moore hoặc Mealy thuần; vẽ theo mode/occupancy/valid tracker + guard. G2: MIXED_OR_PROTOCOL; exact registered side effects listed,any,rst/clear,read valid/data=0,CONTROL_RESET,FSM_GEMM_MEMORY_TRACKERS:L71,rtl/blocks/gemm/vit_gemm_bias_cache.sv,L22; any; guard=rst/clear; target=read valid/data=0
CM-BIAS-CACHE-READ,vit_gemm_bias_cache,implicit,read_data_valid; read_data,IDLE/REQUEST/VALID,clk,rst (synchronous active-high); clear active-high,Implicit protocol automaton — không nên ép thành Moore hoặc Mealy thuần; vẽ theo mode/occupancy/valid tracker + guard. G2: MIXED_OR_PROTOCOL; exact registered side effects listed,any,read_enable,read valid=1 next cycle; sample indexed word,BIAS_CACHE_READ,FSM_GEMM_MEMORY_TRACKERS:L72,rtl/blocks/gemm/vit_gemm_bias_cache.sv,L22; any; guard=read_enable; target=read valid=1 next cycle; sample indexed word
CM-BIAS-CACHE-READ,vit_gemm_bias_cache,implicit,read_data_valid; read_data,IDLE/REQUEST/VALID,clk,rst (synchronous active-high); clear active-high,Implicit protocol automaton — không nên ép thành Moore hoặc Mealy thuần; vẽ theo mode/occupancy/valid tracker + guard. G2: MIXED_OR_PROTOCOL; exact registered side effects listed,any,write_enable,update indexed word; may coincide with read,BIAS_CACHE_WRITE,FSM_GEMM_MEMORY_TRACKERS:L73,rtl/blocks/gemm/vit_gemm_bias_cache.sv,L22; any; guard=write_enable; target=update indexed word; may coincide with read
CM-BIAS-CACHE-READ,vit_gemm_bias_cache,implicit,read_data_valid; read_data,IDLE/REQUEST/VALID,clk,rst (synchronous active-high); clear active-high,Implicit protocol automaton — không nên ép thành Moore hoặc Mealy thuần; vẽ theo mode/occupancy/valid tracker + guard. G2: MIXED_OR_PROTOCOL; exact registered side effects listed,any,no read,read valid=0; data holds,CONTROL_ONLY,FSM_GEMM_MEMORY_TRACKERS:L74,rtl/blocks/gemm/vit_gemm_bias_cache.sv,L22; any; guard=no read; target=read valid=0; data holds
CE-GEMM-SCHED,vit_gemm_fp16_parallel_scheduler,explicit,state,"STATE_IDLE,STATE_REQUEST_CHUNK,STATE_START_TILE,STATE_SEND_CHUNK,STATE_WAIT_RESULT,STATE_PACK_WAIT_FIRST,STATE_PACK_START_TILE,STATE_PACK_WAIT_PANEL,STATE_PACK_SEND_CHUNK,STATE_PACK_WAIT_RESULT,STATE_PACK_DRAIN_RESULT,STATE_DONE",clk,rst (synchronous active-high),MIXED / protocol — khi vẽ: state-qualified outputs có thể xem là Moore-like; guard/input quyết định transition và registered micro-op là Mealy-controlled. G2: MIXED_OR_PROTOCOL; exact registered side effects listed,STATE_IDLE,"Any batch/M/K/N zero -> error,DONE.",STATE_DONE,token_base; output_base; k_base; batch_index; config_error_q; fallback_column_q; panel_state_q[0]; panel_state_q[1]; load_request_active_q; load_bank_q; compute_bank_q; next_load_k_q; all_chunks_loaded_q; active_m; active_k; active_n; active_batch_count; active_bias_enable; active_weight_fp16_packed2; active_result_generation,CE_GEMM_SCHED:L26,rtl/blocks/gemm/vit_gemm_fp16_parallel_scheduler.sv,"L672-L708; STATE_IDLE; guard=Any batch/M/K/N zero -> error,DONE.; target=STATE_DONE; clause=1/1"
CE-GEMM-SCHED,vit_gemm_fp16_parallel_scheduler,explicit,state,"STATE_IDLE,STATE_REQUEST_CHUNK,STATE_START_TILE,STATE_SEND_CHUNK,STATE_WAIT_RESULT,STATE_PACK_WAIT_FIRST,STATE_PACK_START_TILE,STATE_PACK_WAIT_PANEL,STATE_PACK_SEND_CHUNK,STATE_PACK_WAIT_RESULT,STATE_PACK_DRAIN_RESULT,STATE_DONE",clk,rst (synchronous active-high),MIXED / protocol — khi vẽ: state-qualified outputs có thể xem là Moore-like; guard/input quyết định transition và registered micro-op là Mealy-controlled. G2: MIXED_OR_PROTOCOL; exact registered side effects listed,STATE_IDLE,"packed flag -> PACK_WAIT_FIRST, otherwise REQUEST_CHUNK.",STATE_PACK_WAIT_FIRST,token_base; output_base; k_base; batch_index; config_error_q; fallback_column_q; panel_state_q[0]; panel_state_q[1]; load_request_active_q; load_bank_q; compute_bank_q; next_load_k_q; all_chunks_loaded_q; active_m; active_k; active_n; active_batch_count; active_bias_enable; active_weight_fp16_packed2; active_result_generation,CE_GEMM_SCHED:L26,rtl/blocks/gemm/vit_gemm_fp16_parallel_scheduler.sv,"L672-L708; STATE_IDLE; guard=packed flag -> PACK_WAIT_FIRST, otherwise REQUEST_CHUNK.; target=STATE_PACK_WAIT_FIRST; clause=1/1"
CE-GEMM-SCHED,vit_gemm_fp16_parallel_scheduler,explicit,state,"STATE_IDLE,STATE_REQUEST_CHUNK,STATE_START_TILE,STATE_SEND_CHUNK,STATE_WAIT_RESULT,STATE_PACK_WAIT_FIRST,STATE_PACK_START_TILE,STATE_PACK_WAIT_PANEL,STATE_PACK_SEND_CHUNK,STATE_PACK_WAIT_RESULT,STATE_PACK_DRAIN_RESULT,STATE_DONE",clk,rst (synchronous active-high),MIXED / protocol — khi vẽ: state-qualified outputs có thể xem là Moore-like; guard/input quyết định transition và registered micro-op là Mealy-controlled. G2: MIXED_OR_PROTOCOL; exact registered side effects listed,STATE_IDLE,"packed flag -> PACK_WAIT_FIRST, otherwise REQUEST_CHUNK.",STATE_REQUEST_CHUNK,token_base; output_base; k_base; batch_index; config_error_q; fallback_column_q; panel_state_q[0]; panel_state_q[1]; load_request_active_q; load_bank_q; compute_bank_q; next_load_k_q; all_chunks_loaded_q; active_m; active_k; active_n; active_batch_count; active_bias_enable; active_weight_fp16_packed2; active_result_generation,CE_GEMM_SCHED:L26,rtl/blocks/gemm/vit_gemm_fp16_parallel_scheduler.sv,"L672-L708; STATE_IDLE; guard=packed flag -> PACK_WAIT_FIRST, otherwise REQUEST_CHUNK.; target=STATE_REQUEST_CHUNK; clause=1/1"
CE-GEMM-SCHED,vit_gemm_fp16_parallel_scheduler,explicit,state,"STATE_IDLE,STATE_REQUEST_CHUNK,STATE_START_TILE,STATE_SEND_CHUNK,STATE_WAIT_RESULT,STATE_PACK_WAIT_FIRST,STATE_PACK_START_TILE,STATE_PACK_WAIT_PANEL,STATE_PACK_SEND_CHUNK,STATE_PACK_WAIT_RESULT,STATE_PACK_DRAIN_RESULT,STATE_DONE",clk,rst (synchronous active-high),MIXED / protocol — khi vẽ: state-qualified outputs có thể xem là Moore-like; guard/input quyết định transition và registered micro-op là Mealy-controlled. G2: MIXED_OR_PROTOCOL; exact registered side effects listed,STATE_REQUEST_CHUNK,k_base==0 -> START_TILE,STATE_START_TILE,activation_q; weight_q; bias_q,CE_GEMM_SCHED:L27,rtl/blocks/gemm/vit_gemm_fp16_parallel_scheduler.sv,L709-L720; STATE_REQUEST_CHUNK; guard=k_base==0 -> START_TILE; target=STATE_START_TILE; clause=1/1
CE-GEMM-SCHED,vit_gemm_fp16_parallel_scheduler,explicit,state,"STATE_IDLE,STATE_REQUEST_CHUNK,STATE_START_TILE,STATE_SEND_CHUNK,STATE_WAIT_RESULT,STATE_PACK_WAIT_FIRST,STATE_PACK_START_TILE,STATE_PACK_WAIT_PANEL,STATE_PACK_SEND_CHUNK,STATE_PACK_WAIT_RESULT,STATE_PACK_DRAIN_RESULT,STATE_DONE",clk,rst (synchronous active-high),MIXED / protocol — khi vẽ: state-qualified outputs có thể xem là Moore-like; guard/input quyết định transition và registered micro-op là Mealy-controlled. G2: MIXED_OR_PROTOCOL; exact registered side effects listed,STATE_REQUEST_CHUNK,otherwise SEND_CHUNK.,STATE_SEND_CHUNK,activation_q; weight_q; bias_q,CE_GEMM_SCHED:L27,rtl/blocks/gemm/vit_gemm_fp16_parallel_scheduler.sv,L709-L720; STATE_REQUEST_CHUNK; guard=otherwise SEND_CHUNK.; target=STATE_SEND_CHUNK; clause=1/1
CE-GEMM-SCHED,vit_gemm_fp16_parallel_scheduler,explicit,state,"STATE_IDLE,STATE_REQUEST_CHUNK,STATE_START_TILE,STATE_SEND_CHUNK,STATE_WAIT_RESULT,STATE_PACK_WAIT_FIRST,STATE_PACK_START_TILE,STATE_PACK_WAIT_PANEL,STATE_PACK_SEND_CHUNK,STATE_PACK_WAIT_RESULT,STATE_PACK_DRAIN_RESULT,STATE_DONE",clk,rst (synchronous active-high),MIXED / protocol — khi vẽ: state-qualified outputs có thể xem là Moore-like; guard/input quyết định transition và registered micro-op là Mealy-controlled. G2: MIXED_OR_PROTOCOL; exact registered side effects listed,STATE_START_TILE,ready -> SEND_CHUNK,STATE_SEND_CHUNK,CONTROL_ONLY,CE_GEMM_SCHED:L28,rtl/blocks/gemm/vit_gemm_fp16_parallel_scheduler.sv,L721-L725; STATE_START_TILE; guard=ready -> SEND_CHUNK; target=STATE_SEND_CHUNK; clause=1/1
CE-GEMM-SCHED,vit_gemm_fp16_parallel_scheduler,explicit,state,"STATE_IDLE,STATE_REQUEST_CHUNK,STATE_START_TILE,STATE_SEND_CHUNK,STATE_WAIT_RESULT,STATE_PACK_WAIT_FIRST,STATE_PACK_START_TILE,STATE_PACK_WAIT_PANEL,STATE_PACK_SEND_CHUNK,STATE_PACK_WAIT_RESULT,STATE_PACK_DRAIN_RESULT,STATE_DONE",clk,rst (synchronous active-high),MIXED / protocol — khi vẽ: state-qualified outputs có thể xem là Moore-like; guard/input quyết định transition và registered micro-op là Mealy-controlled. G2: MIXED_OR_PROTOCOL; exact registered side effects listed,STATE_SEND_CHUNK,"fire,last -> WAIT_RESULT.",STATE_WAIT_RESULT,k_base,CE_GEMM_SCHED:L29,rtl/blocks/gemm/vit_gemm_fp16_parallel_scheduler.sv,"L726-L736; STATE_SEND_CHUNK; guard=fire,last -> WAIT_RESULT.; target=STATE_WAIT_RESULT; clause=1/1"
CE-GEMM-SCHED,vit_gemm_fp16_parallel_scheduler,explicit,state,"STATE_IDLE,STATE_REQUEST_CHUNK,STATE_START_TILE,STATE_SEND_CHUNK,STATE_WAIT_RESULT,STATE_PACK_WAIT_FIRST,STATE_PACK_START_TILE,STATE_PACK_WAIT_PANEL,STATE_PACK_SEND_CHUNK,STATE_PACK_WAIT_RESULT,STATE_PACK_DRAIN_RESULT,STATE_DONE",clk,rst (synchronous active-high),MIXED / protocol — khi vẽ: state-qualified outputs có thể xem là Moore-like; guard/input quyết định transition và registered micro-op là Mealy-controlled. G2: MIXED_OR_PROTOCOL; exact registered side effects listed,STATE_SEND_CHUNK,"Fire,not-last: k+=16 -> REQUEST_CHUNK.",STATE_REQUEST_CHUNK,k_base,CE_GEMM_SCHED:L29,rtl/blocks/gemm/vit_gemm_fp16_parallel_scheduler.sv,"L726-L736; STATE_SEND_CHUNK; guard=Fire,not-last: k+=16 -> REQUEST_CHUNK.; target=STATE_REQUEST_CHUNK; clause=1/1"
CE-GEMM-SCHED,vit_gemm_fp16_parallel_scheduler,explicit,state,"STATE_IDLE,STATE_REQUEST_CHUNK,STATE_START_TILE,STATE_SEND_CHUNK,STATE_WAIT_RESULT,STATE_PACK_WAIT_FIRST,STATE_PACK_START_TILE,STATE_PACK_WAIT_PANEL,STATE_PACK_SEND_CHUNK,STATE_PACK_WAIT_RESULT,STATE_PACK_DRAIN_RESULT,STATE_DONE",clk,rst (synchronous active-high),MIXED / protocol — khi vẽ: state-qualified outputs có thể xem là Moore-like; guard/input quyết định transition và registered micro-op là Mealy-controlled. G2: MIXED_OR_PROTOCOL; exact registered side effects listed,STATE_PACK_WAIT_FIRST,latch compute owner -> PACK_START_TILE.,STATE_PACK_START_TILE,compute_bank_q,CE_GEMM_SCHED:L31,rtl/blocks/gemm/vit_gemm_fp16_parallel_scheduler.sv,L737-L743; STATE_PACK_WAIT_FIRST; guard=latch compute owner -> PACK_START_TILE.; target=STATE_PACK_START_TILE; clause=1/1
CE-GEMM-SCHED,vit_gemm_fp16_parallel_scheduler,explicit,state,"STATE_IDLE,STATE_REQUEST_CHUNK,STATE_START_TILE,STATE_SEND_CHUNK,STATE_WAIT_RESULT,STATE_PACK_WAIT_FIRST,STATE_PACK_START_TILE,STATE_PACK_WAIT_PANEL,STATE_PACK_SEND_CHUNK,STATE_PACK_WAIT_RESULT,STATE_PACK_DRAIN_RESULT,STATE_DONE",clk,rst (synchronous active-high),MIXED / protocol — khi vẽ: state-qualified outputs có thể xem là Moore-like; guard/input quyết định transition và registered micro-op là Mealy-controlled. G2: MIXED_OR_PROTOCOL; exact registered side effects listed,STATE_PACK_START_TILE,ready: selected bank READY->COMPUTE -> PACK_SEND_CHUNK.,STATE_PACK_SEND_CHUNK,panel_state_q[compute_bank_q],CE_GEMM_SCHED:L32,rtl/blocks/gemm/vit_gemm_fp16_parallel_scheduler.sv,L744-L750; STATE_PACK_START_TILE; guard=ready: selected bank READY->COMPUTE -> PACK_SEND_CHUNK.; target=STATE_PACK_SEND_CHUNK; clause=1/1
CE-GEMM-SCHED,vit_gemm_fp16_parallel_scheduler,explicit,state,"STATE_IDLE,STATE_REQUEST_CHUNK,STATE_START_TILE,STATE_SEND_CHUNK,STATE_WAIT_RESULT,STATE_PACK_WAIT_FIRST,STATE_PACK_START_TILE,STATE_PACK_WAIT_PANEL,STATE_PACK_SEND_CHUNK,STATE_PACK_WAIT_RESULT,STATE_PACK_DRAIN_RESULT,STATE_DONE",clk,rst (synchronous active-high),MIXED / protocol — khi vẽ: state-qualified outputs có thể xem là Moore-like; guard/input quyết định transition và registered micro-op là Mealy-controlled. G2: MIXED_OR_PROTOCOL; exact registered side effects listed,STATE_PACK_WAIT_PANEL,claim selected READY->COMPUTE -> PACK_SEND_CHUNK.,STATE_PACK_SEND_CHUNK,compute_bank_q; panel_state_q[ready_bank_select],CE_GEMM_SCHED:L33,rtl/blocks/gemm/vit_gemm_fp16_parallel_scheduler.sv,L751-L758; STATE_PACK_WAIT_PANEL; guard=claim selected READY->COMPUTE -> PACK_SEND_CHUNK.; target=STATE_PACK_SEND_CHUNK; clause=1/1
CE-GEMM-SCHED,vit_gemm_fp16_parallel_scheduler,explicit,state,"STATE_IDLE,STATE_REQUEST_CHUNK,STATE_START_TILE,STATE_SEND_CHUNK,STATE_WAIT_RESULT,STATE_PACK_WAIT_FIRST,STATE_PACK_START_TILE,STATE_PACK_WAIT_PANEL,STATE_PACK_SEND_CHUNK,STATE_PACK_WAIT_RESULT,STATE_PACK_DRAIN_RESULT,STATE_DONE",clk,rst (synchronous active-high),MIXED / protocol — khi vẽ: state-qualified outputs có thể xem là Moore-like; guard/input quyết định transition và registered micro-op là Mealy-controlled. G2: MIXED_OR_PROTOCOL; exact registered side effects listed,STATE_PACK_SEND_CHUNK,"last panel -> PACK_WAIT_RESULT, otherwise PACK_WAIT_PANEL.",STATE_PACK_WAIT_RESULT,panel_state_q[compute_bank_q],CE_GEMM_SCHED:L34,rtl/blocks/gemm/vit_gemm_fp16_parallel_scheduler.sv,"L759-L768; STATE_PACK_SEND_CHUNK; guard=last panel -> PACK_WAIT_RESULT, otherwise PACK_WAIT_PANEL.; target=STATE_PACK_WAIT_RESULT; clause=1/1"
CE-GEMM-SCHED,vit_gemm_fp16_parallel_scheduler,explicit,state,"STATE_IDLE,STATE_REQUEST_CHUNK,STATE_START_TILE,STATE_SEND_CHUNK,STATE_WAIT_RESULT,STATE_PACK_WAIT_FIRST,STATE_PACK_START_TILE,STATE_PACK_WAIT_PANEL,STATE_PACK_SEND_CHUNK,STATE_PACK_WAIT_RESULT,STATE_PACK_DRAIN_RESULT,STATE_DONE",clk,rst (synchronous active-high),MIXED / protocol — khi vẽ: state-qualified outputs có thể xem là Moore-like; guard/input quyết định transition và registered micro-op là Mealy-controlled. G2: MIXED_OR_PROTOCOL; exact registered side effects listed,STATE_PACK_SEND_CHUNK,"last panel -> PACK_WAIT_RESULT, otherwise PACK_WAIT_PANEL.",STATE_PACK_WAIT_PANEL,panel_state_q[compute_bank_q],CE_GEMM_SCHED:L34,rtl/blocks/gemm/vit_gemm_fp16_parallel_scheduler.sv,"L759-L768; STATE_PACK_SEND_CHUNK; guard=last panel -> PACK_WAIT_RESULT, otherwise PACK_WAIT_PANEL.; target=STATE_PACK_WAIT_PANEL; clause=1/1"
CE-GEMM-SCHED,vit_gemm_fp16_parallel_scheduler,explicit,state,"STATE_IDLE,STATE_REQUEST_CHUNK,STATE_START_TILE,STATE_SEND_CHUNK,STATE_WAIT_RESULT,STATE_PACK_WAIT_FIRST,STATE_PACK_START_TILE,STATE_PACK_WAIT_PANEL,STATE_PACK_SEND_CHUNK,STATE_PACK_WAIT_RESULT,STATE_PACK_DRAIN_RESULT,STATE_DONE",clk,rst (synchronous active-high),MIXED / protocol — khi vẽ: state-qualified outputs có thể xem là Moore-like; guard/input quyết định transition và registered micro-op là Mealy-controlled. G2: MIXED_OR_PROTOCOL; exact registered side effects listed,STATE_PACK_WAIT_RESULT,"if FIFO empty or single entry pops same edge -> DONE, else DRAIN.",STATE_DONE,config_error_q; panel_state_q[0]; panel_state_q[1]; load_request_active_q; all_chunks_loaded_q; load_bank_q; compute_bank_q; next_load_k_q; k_base; fallback_column_q; output_base; token_base; batch_index,CE_GEMM_SCHED:L35,rtl/blocks/gemm/vit_gemm_fp16_parallel_scheduler.sv,"L769-L827; STATE_PACK_WAIT_RESULT; guard=if FIFO empty or single entry pops same edge -> DONE, else DRAIN.; target=STATE_DONE; clause=1/1"
CE-GEMM-SCHED,vit_gemm_fp16_parallel_scheduler,explicit,state,"STATE_IDLE,STATE_REQUEST_CHUNK,STATE_START_TILE,STATE_SEND_CHUNK,STATE_WAIT_RESULT,STATE_PACK_WAIT_FIRST,STATE_PACK_START_TILE,STATE_PACK_WAIT_PANEL,STATE_PACK_SEND_CHUNK,STATE_PACK_WAIT_RESULT,STATE_PACK_DRAIN_RESULT,STATE_DONE",clk,rst (synchronous active-high),MIXED / protocol — khi vẽ: state-qualified outputs có thể xem là Moore-like; guard/input quyết định transition và registered micro-op là Mealy-controlled. G2: MIXED_OR_PROTOCOL; exact registered side effects listed,STATE_PACK_WAIT_RESULT,"Highest priority poisoned valid: set error, stop/free producer; if FIFO empty or single entry pops same edge -> DONE, else DRAIN. Else fifo_push_fire: reset panel-load context/K. First S8 pass with col1 -> fallback and WAIT_FIRST; final tile -> DRAIN; else advance output/token/batch -> WAIT_FIRST. Otherwise self (including FIFO-full stall).",STATE_PACK_DRAIN_RESULT,config_error_q; panel_state_q[0]; panel_state_q[1]; load_request_active_q; all_chunks_loaded_q; load_bank_q; compute_bank_q; next_load_k_q; k_base; fallback_column_q; output_base; token_base; batch_index,CE_GEMM_SCHED:L35,rtl/blocks/gemm/vit_gemm_fp16_parallel_scheduler.sv,"L769-L827; STATE_PACK_WAIT_RESULT; guard=Highest priority poisoned valid: set error, stop/free producer; if FIFO empty or single entry pops same edge -> DONE, else DRAIN. Else fifo_push_fire: reset panel-load context/K. First S8 pass with col1 -> fallback and WAIT_FIRST; final tile -> DRAIN; else advance output/token/batch -> WAIT_FIRST. Otherwise self (including FIFO-full stall).; target=STATE_PACK_DRAIN_RESULT; clause=1/1"
CE-GEMM-SCHED,vit_gemm_fp16_parallel_scheduler,explicit,state,"STATE_IDLE,STATE_REQUEST_CHUNK,STATE_START_TILE,STATE_SEND_CHUNK,STATE_WAIT_RESULT,STATE_PACK_WAIT_FIRST,STATE_PACK_START_TILE,STATE_PACK_WAIT_PANEL,STATE_PACK_SEND_CHUNK,STATE_PACK_WAIT_RESULT,STATE_PACK_DRAIN_RESULT,STATE_DONE",clk,rst (synchronous active-high),MIXED / protocol — khi vẽ: state-qualified outputs có thể xem là Moore-like; guard/input quyết định transition và registered micro-op là Mealy-controlled. G2: MIXED_OR_PROTOCOL; exact registered side effects listed,STATE_PACK_WAIT_RESULT,"Highest priority poisoned valid: set error, stop/free producer; if FIFO empty or single entry pops same edge -> DONE, else DRAIN. Else fifo_push_fire: reset panel-load context/K. First S8 pass with col1 -> fallback and WAIT_FIRST; final tile -> DRAIN; else advance output/token/batch -> WAIT_FIRST. Otherwise self (including FIFO-full stall).",STATE_PACK_WAIT_FIRST,config_error_q; panel_state_q[0]; panel_state_q[1]; load_request_active_q; all_chunks_loaded_q; load_bank_q; compute_bank_q; next_load_k_q; k_base; fallback_column_q; output_base; token_base; batch_index,CE_GEMM_SCHED:L35,rtl/blocks/gemm/vit_gemm_fp16_parallel_scheduler.sv,"L769-L827; STATE_PACK_WAIT_RESULT; guard=Highest priority poisoned valid: set error, stop/free producer; if FIFO empty or single entry pops same edge -> DONE, else DRAIN. Else fifo_push_fire: reset panel-load context/K. First S8 pass with col1 -> fallback and WAIT_FIRST; final tile -> DRAIN; else advance output/token/batch -> WAIT_FIRST. Otherwise self (including FIFO-full stall).; target=STATE_PACK_WAIT_FIRST; clause=1/1"
CE-GEMM-SCHED,vit_gemm_fp16_parallel_scheduler,explicit,state,"STATE_IDLE,STATE_REQUEST_CHUNK,STATE_START_TILE,STATE_SEND_CHUNK,STATE_WAIT_RESULT,STATE_PACK_WAIT_FIRST,STATE_PACK_START_TILE,STATE_PACK_WAIT_PANEL,STATE_PACK_SEND_CHUNK,STATE_PACK_WAIT_RESULT,STATE_PACK_DRAIN_RESULT,STATE_DONE",clk,rst (synchronous active-high),MIXED / protocol — khi vẽ: state-qualified outputs có thể xem là Moore-like; guard/input quyết định transition và registered micro-op là Mealy-controlled. G2: MIXED_OR_PROTOCOL; exact registered side effects listed,STATE_PACK_DRAIN_RESULT,"Only fifo_pop_fire && occupancy==1: final old head accepted, clear context -> DONE",STATE_DONE,panel_state_q[0]; panel_state_q[1]; load_request_active_q; load_bank_q; compute_bank_q; next_load_k_q; all_chunks_loaded_q; k_base,CE_GEMM_SCHED:L36,rtl/blocks/gemm/vit_gemm_fp16_parallel_scheduler.sv,"L828-L841; STATE_PACK_DRAIN_RESULT; guard=Only fifo_pop_fire && occupancy==1: final old head accepted, clear context -> DONE; target=STATE_DONE; clause=1/1"
CE-GEMM-SCHED,vit_gemm_fp16_parallel_scheduler,explicit,state,"STATE_IDLE,STATE_REQUEST_CHUNK,STATE_START_TILE,STATE_SEND_CHUNK,STATE_WAIT_RESULT,STATE_PACK_WAIT_FIRST,STATE_PACK_START_TILE,STATE_PACK_WAIT_PANEL,STATE_PACK_SEND_CHUNK,STATE_PACK_WAIT_RESULT,STATE_PACK_DRAIN_RESULT,STATE_DONE",clk,rst (synchronous active-high),MIXED / protocol — khi vẽ: state-qualified outputs có thể xem là Moore-like; guard/input quyết định transition và registered micro-op là Mealy-controlled. G2: MIXED_OR_PROTOCOL; exact registered side effects listed,STATE_WAIT_RESULT,"Highest priority bridge_valid&&numerical_error: consume internally, set error -> DONE.",STATE_DONE,config_error_q; k_base; fallback_column_q; output_base; token_base; batch_index,CE_GEMM_SCHED:L30,rtl/blocks/gemm/vit_gemm_fp16_parallel_scheduler.sv,"L842-L878; STATE_WAIT_RESULT; guard=Highest priority bridge_valid&&numerical_error: consume internally, set error -> DONE.; target=STATE_DONE; clause=1/2"
CE-GEMM-SCHED,vit_gemm_fp16_parallel_scheduler,explicit,state,"STATE_IDLE,STATE_REQUEST_CHUNK,STATE_START_TILE,STATE_SEND_CHUNK,STATE_WAIT_RESULT,STATE_PACK_WAIT_FIRST,STATE_PACK_START_TILE,STATE_PACK_WAIT_PANEL,STATE_PACK_SEND_CHUNK,STATE_PACK_WAIT_RESULT,STATE_PACK_DRAIN_RESULT,STATE_DONE",clk,rst (synchronous active-high),MIXED / protocol — khi vẽ: state-qualified outputs có thể xem là Moore-like; guard/input quyết định transition và registered micro-op là Mealy-controlled. G2: MIXED_OR_PROTOCOL; exact registered side effects listed,STATE_WAIT_RESULT,final -> DONE.,STATE_DONE,config_error_q; k_base; fallback_column_q; output_base; token_base; batch_index,CE_GEMM_SCHED:L30,rtl/blocks/gemm/vit_gemm_fp16_parallel_scheduler.sv,L842-L878; STATE_WAIT_RESULT; guard=final -> DONE.; target=STATE_DONE; clause=2/2
CE-GEMM-SCHED,vit_gemm_fp16_parallel_scheduler,explicit,state,"STATE_IDLE,STATE_REQUEST_CHUNK,STATE_START_TILE,STATE_SEND_CHUNK,STATE_WAIT_RESULT,STATE_PACK_WAIT_FIRST,STATE_PACK_START_TILE,STATE_PACK_WAIT_PANEL,STATE_PACK_SEND_CHUNK,STATE_PACK_WAIT_RESULT,STATE_PACK_DRAIN_RESULT,STATE_DONE",clk,rst (synchronous active-high),MIXED / protocol — khi vẽ: state-qualified outputs có thể xem là Moore-like; guard/input quyết định transition và registered micro-op là Mealy-controlled. G2: MIXED_OR_PROTOCOL; exact registered side effects listed,STATE_WAIT_RESULT,"Highest priority bridge_valid&&numerical_error: consume internally, set error -> DONE. Else bridge_valid&&result_ready: k=0; for S8 first pass with valid col1 set fallback -> REQUEST; else advance output by 2, then token by 8, then batch; final -> DONE. Otherwise self; clean result_valid is held by bridge.",STATE_REQUEST_CHUNK,config_error_q; k_base; fallback_column_q; output_base; token_base; batch_index,CE_GEMM_SCHED:L30,rtl/blocks/gemm/vit_gemm_fp16_parallel_scheduler.sv,"L842-L878; STATE_WAIT_RESULT; guard=Highest priority bridge_valid&&numerical_error: consume internally, set error -> DONE. Else bridge_valid&&result_ready: k=0; for S8 first pass with valid col1 set fallback -> REQUEST; else advance output by 2, then token by 8, then batch; final -> DONE. Otherwise self; clean result_valid is held by bridge.; target=STATE_REQUEST_CHUNK; clause=1/1"
CE-GEMM-SCHED,vit_gemm_fp16_parallel_scheduler,explicit,state,"STATE_IDLE,STATE_REQUEST_CHUNK,STATE_START_TILE,STATE_SEND_CHUNK,STATE_WAIT_RESULT,STATE_PACK_WAIT_FIRST,STATE_PACK_START_TILE,STATE_PACK_WAIT_PANEL,STATE_PACK_SEND_CHUNK,STATE_PACK_WAIT_RESULT,STATE_PACK_DRAIN_RESULT,STATE_DONE",clk,rst (synchronous active-high),MIXED / protocol — khi vẽ: state-qualified outputs có thể xem là Moore-like; guard/input quyết định transition và registered micro-op là Mealy-controlled. G2: MIXED_OR_PROTOCOL; exact registered side effects listed,STATE_DONE,free panels/cancel producer/clear all-loaded -> IDLE.,STATE_IDLE,panel_state_q[0]; panel_state_q[1]; load_request_active_q; all_chunks_loaded_q,CE_GEMM_SCHED:L37,rtl/blocks/gemm/vit_gemm_fp16_parallel_scheduler.sv,L879-L886; STATE_DONE; guard=free panels/cancel producer/clear all-loaded -> IDLE.; target=STATE_IDLE; clause=1/1
CE-GEMM-PANEL[0..1],vit_gemm_fp16_parallel_scheduler,explicit,panel_state_q[0:1],"PANEL_FREE,PANEL_RESERVED,PANEL_READY,PANEL_COMPUTE",clk,rst (synchronous active-high),MIXED / protocol — khi vẽ: state-qualified outputs có thể xem là Moore-like; guard/input quyết định transition và registered micro-op là Mealy-controlled. G2: MIXED_OR_PROTOCOL; exact registered side effects listed; MIXED_OR_PROTOCOL; synchronous registered reset side effects listed,PANEL_FREE,"In a packed load-active main state, if no request is outstanding, not all chunks loaded, and selected free: producer writes command coordinates/K/batch/last, latches load bank, sets request active, bank -> RESERVED. Free selector prefers bank0.",SOURCE ASSIGNMENTS TO PANEL_FREE,panel_state_q[0:1],CE_GEMM_PANEL_OWNERSHIP:L21,rtl/blocks/gemm/vit_gemm_fp16_parallel_scheduler.sv,"L611;L612;L680;L681;L761;L772;L773;L787;L788;L830;L831;L880;L881;L889;L890; PANEL_FREE; guard=In a packed load-active main state, if no request is outstanding, not all chunks loaded, and selected free: producer writes command coordinates/K/batch/last, latches load bank, sets request active, bank -> RESERVED. Free selector prefers bank0.; target=SOURCE ASSIGNMENTS TO PANEL_FREE; clause=1/1"
CE-GEMM-PANEL[0..1],vit_gemm_fp16_parallel_scheduler,explicit,panel_state_q[0:1],"PANEL_FREE,PANEL_RESERVED,PANEL_READY,PANEL_COMPUTE",clk,rst (synchronous active-high),MIXED / protocol — khi vẽ: state-qualified outputs có thể xem là Moore-like; guard/input quyết định transition và registered micro-op là Mealy-controlled. G2: MIXED_OR_PROTOCOL; exact registered side effects listed; MIXED_OR_PROTOCOL; synchronous registered reset side effects listed,PANEL_RESERVED,"data_valid: write the selected bank payload, bank -> READY, clear request; update all-loaded or next-load-K. No data: self. Cleanup/reset -> FREE.",SOURCE ASSIGNMENTS TO PANEL_RESERVED,panel_state_q[0:1],CE_GEMM_PANEL_OWNERSHIP:L22,rtl/blocks/gemm/vit_gemm_fp16_parallel_scheduler.sv,"L658; PANEL_RESERVED; guard=data_valid: write the selected bank payload, bank -> READY, clear request; update all-loaded or next-load-K. No data: self. Cleanup/reset -> FREE.; target=SOURCE ASSIGNMENTS TO PANEL_RESERVED; clause=1/1"
CE-GEMM-PANEL[0..1],vit_gemm_fp16_parallel_scheduler,explicit,panel_state_q[0:1],"PANEL_FREE,PANEL_RESERVED,PANEL_READY,PANEL_COMPUTE",clk,rst (synchronous active-high),MIXED / protocol — khi vẽ: state-qualified outputs có thể xem là Moore-like; guard/input quyết định transition và registered micro-op là Mealy-controlled. G2: MIXED_OR_PROTOCOL; exact registered side effects listed; MIXED_OR_PROTOCOL; synchronous registered reset side effects listed,PANEL_READY,"WAIT_FIRST selects READY and records compute bank, but transition to COMPUTE occurs in PACK_START only when bridge start-ready. WAIT_PANEL selects and sets COMPUTE on the claim edge. Cleanup -> FREE.",SOURCE ASSIGNMENTS TO PANEL_READY,panel_state_q[0:1],CE_GEMM_PANEL_OWNERSHIP:L23,rtl/blocks/gemm/vit_gemm_fp16_parallel_scheduler.sv,"L647; PANEL_READY; guard=WAIT_FIRST selects READY and records compute bank, but transition to COMPUTE occurs in PACK_START only when bridge start-ready. WAIT_PANEL selects and sets COMPUTE on the claim edge. Cleanup -> FREE.; target=SOURCE ASSIGNMENTS TO PANEL_READY; clause=1/1"
CE-GEMM-PANEL[0..1],vit_gemm_fp16_parallel_scheduler,explicit,panel_state_q[0:1],"PANEL_FREE,PANEL_RESERVED,PANEL_READY,PANEL_COMPUTE",clk,rst (synchronous active-high),MIXED / protocol — khi vẽ: state-qualified outputs có thể xem là Moore-like; guard/input quyết định transition và registered micro-op là Mealy-controlled. G2: MIXED_OR_PROTOCOL; exact registered side effects listed; MIXED_OR_PROTOCOL; synchronous registered reset side effects listed,PANEL_COMPUTE,PACK_SEND + bridge chunk-ready: release -> FREE and advance to WAIT_PANEL or WAIT_RESULT. No ready: self/stable. Cleanup -> FREE.,SOURCE ASSIGNMENTS TO PANEL_COMPUTE,panel_state_q[0:1],CE_GEMM_PANEL_OWNERSHIP:L24,rtl/blocks/gemm/vit_gemm_fp16_parallel_scheduler.sv,L746;L754; PANEL_COMPUTE; guard=PACK_SEND + bridge chunk-ready: release -> FREE and advance to WAIT_PANEL or WAIT_RESULT. No ready: self/stable. Cleanup -> FREE.; target=SOURCE ASSIGNMENTS TO PANEL_COMPUTE; clause=1/1
CE-GEMM-STREAM-ARRAY,vit_gemm_fp16_stream_array,explicit,state,"STATE_IDLE,STATE_WAIT_CHUNK,STATE_FEED,STATE_WAIT_RESULTS,STATE_BIAS,STATE_OUTPUT",clk,rst (synchronous active-high),MIXED / protocol — khi vẽ: state-qualified outputs có thể xem là Moore-like; guard/input quyết định transition và registered micro-op là Mealy-controlled. G2: MIXED_OR_PROTOCOL; exact registered side effects listed,STATE_IDLE,"Accept start: latch bias/token/output/pass/packing and initial bias, clear result/flags, derive selected output mask (S8 col0 or fallback col1), clear capture -> WAIT_CHUNK.",STATE_WAIT_CHUNK,"Accept start: latch bias/token/output/pass/packing and initial bias, clear result/flags, derive selected output mask (S8 col0 or fallback col1), clear capture -> WAIT_CHUNK.",CE_GEMM_STREAM_ARRAY:L24,rtl/blocks/gemm/vit_gemm_fp16_stream_array.sv,"L411-L437; STATE_IDLE; guard=Accept start: latch bias/token/output/pass/packing and initial bias, clear result/flags, derive selected output mask (S8 col0 or fallback col1), clear capture -> WAIT_CHUNK.; target=STATE_WAIT_CHUNK; clause=1/1"
CE-GEMM-STREAM-ARRAY,vit_gemm_fp16_stream_array,explicit,state,"STATE_IDLE,STATE_WAIT_CHUNK,STATE_FEED,STATE_WAIT_RESULTS,STATE_BIAS,STATE_OUTPUT",clk,rst (synchronous active-high),MIXED / protocol — khi vẽ: state-qualified outputs có thể xem là Moore-like; guard/input quyết định transition và registered micro-op là Mealy-controlled. G2: MIXED_OR_PROTOCOL; exact registered side effects listed,STATE_WAIT_CHUNK,"lane=0, term_pending=all8 -> FEED.",STATE_FEED,"chunk_valid latches K16 A/B/lane mask/last; refresh bias on final K panel; lane=0, term_pending=all8 -> FEED.",CE_GEMM_STREAM_ARRAY:L25,rtl/blocks/gemm/vit_gemm_fp16_stream_array.sv,"L438-L456; STATE_WAIT_CHUNK; guard=lane=0, term_pending=all8 -> FEED.; target=STATE_FEED; clause=1/1"
CE-GEMM-STREAM-ARRAY,vit_gemm_fp16_stream_array,explicit,state,"STATE_IDLE,STATE_WAIT_CHUNK,STATE_FEED,STATE_WAIT_RESULTS,STATE_BIAS,STATE_OUTPUT",clk,rst (synchronous active-high),MIXED / protocol — khi vẽ: state-qualified outputs có thể xem là Moore-like; guard/input quyết định transition và registered micro-op là Mealy-controlled. G2: MIXED_OR_PROTOCOL; exact registered side effects listed,STATE_FEED,"When all accepted: lane15+last -> clear capture,WAIT_RESULTS",STATE_WAIT_RESULTS,"No term_fire self. On fires clear matching pending bits. When all accepted: lane15+last -> clear capture,WAIT_RESULTS; lane15+not-last -> WAIT_CHUNK; otherwise lane++,reload all pending and self FEED.",CE_GEMM_STREAM_ARRAY:L26,rtl/blocks/gemm/vit_gemm_fp16_stream_array.sv,"L457-L476; STATE_FEED; guard=When all accepted: lane15+last -> clear capture,WAIT_RESULTS; target=STATE_WAIT_RESULTS; clause=1/1"
CE-GEMM-STREAM-ARRAY,vit_gemm_fp16_stream_array,explicit,state,"STATE_IDLE,STATE_WAIT_CHUNK,STATE_FEED,STATE_WAIT_RESULTS,STATE_BIAS,STATE_OUTPUT",clk,rst (synchronous active-high),MIXED / protocol — khi vẽ: state-qualified outputs có thể xem là Moore-like; guard/input quyết định transition và registered micro-op là Mealy-controlled. G2: MIXED_OR_PROTOCOL; exact registered side effects listed,STATE_FEED,lane15+not-last -> WAIT_CHUNK,STATE_WAIT_CHUNK,"No term_fire self. On fires clear matching pending bits. When all accepted: lane15+last -> clear capture,WAIT_RESULTS; lane15+not-last -> WAIT_CHUNK; otherwise lane++,reload all pending and self FEED.",CE_GEMM_STREAM_ARRAY:L26,rtl/blocks/gemm/vit_gemm_fp16_stream_array.sv,L457-L476; STATE_FEED; guard=lane15+not-last -> WAIT_CHUNK; target=STATE_WAIT_CHUNK; clause=1/1
CE-GEMM-STREAM-ARRAY,vit_gemm_fp16_stream_array,explicit,state,"STATE_IDLE,STATE_WAIT_CHUNK,STATE_FEED,STATE_WAIT_RESULTS,STATE_BIAS,STATE_OUTPUT",clk,rst (synchronous active-high),MIXED / protocol — khi vẽ: state-qualified outputs có thể xem là Moore-like; guard/input quyết định transition và registered micro-op là Mealy-controlled. G2: MIXED_OR_PROTOCOL; exact registered side effects listed,STATE_WAIT_RESULTS,When all eight captured set bias index=0 -> BIAS,STATE_BIAS,Capture each independent result/flag on its fire; update capture mask. When all eight captured set bias index=0 -> BIAS; otherwise self.,CE_GEMM_STREAM_ARRAY:L27,rtl/blocks/gemm/vit_gemm_fp16_stream_array.sv,L477-L499; STATE_WAIT_RESULTS; guard=When all eight captured set bias index=0 -> BIAS; target=STATE_BIAS; clause=1/1
CE-GEMM-STREAM-ARRAY,vit_gemm_fp16_stream_array,explicit,state,"STATE_IDLE,STATE_WAIT_CHUNK,STATE_FEED,STATE_WAIT_RESULTS,STATE_BIAS,STATE_OUTPUT",clk,rst (synchronous active-high),MIXED / protocol — khi vẽ: state-qualified outputs có thể xem là Moore-like; guard/input quyết định transition và registered micro-op là Mealy-controlled. G2: MIXED_OR_PROTOCOL; exact registered side effects listed,STATE_BIAS,index7 -> OUTPUT,STATE_OUTPUT,"For valid token/selected col, commit raw or bias-added FP32 word and merge NaN/Inf flags. index7 -> OUTPUT; else index++.",CE_GEMM_STREAM_ARRAY:L28,rtl/blocks/gemm/vit_gemm_fp16_stream_array.sv,L500-L528; STATE_BIAS; guard=index7 -> OUTPUT; target=STATE_OUTPUT; clause=1/1
CE-GEMM-STREAM-ARRAY,vit_gemm_fp16_stream_array,explicit,state,"STATE_IDLE,STATE_WAIT_CHUNK,STATE_FEED,STATE_WAIT_RESULTS,STATE_BIAS,STATE_OUTPUT",clk,rst (synchronous active-high),MIXED / protocol — khi vẽ: state-qualified outputs có thể xem là Moore-like; guard/input quyết định transition và registered micro-op là Mealy-controlled. G2: MIXED_OR_PROTOCOL; exact registered side effects listed,STATE_OUTPUT,Ready: pulse registered done_o=1 and return IDLE.,STATE_IDLE,!result_ready self. Ready: pulse registered done_o=1 and return IDLE.,CE_GEMM_STREAM_ARRAY:L29,rtl/blocks/gemm/vit_gemm_fp16_stream_array.sv,L529-L535; STATE_OUTPUT; guard=Ready: pulse registered done_o=1 and return IDLE.; target=STATE_IDLE; clause=1/1
CE-GEMM-STREAM-ARRAY,vit_gemm_fp16_stream_array,explicit,state,"STATE_IDLE,STATE_WAIT_CHUNK,STATE_FEED,STATE_WAIT_RESULTS,STATE_BIAS,STATE_OUTPUT",clk,rst (synchronous active-high),MIXED / protocol — khi vẽ: state-qualified outputs có thể xem là Moore-like; guard/input quyết định transition và registered micro-op là Mealy-controlled. G2: MIXED_OR_PROTOCOL; exact registered side effects listed,default 6/7,no error/default payload rewrite.,"state->IDLE; later outputs become invalid, registers hold.","state->IDLE; later outputs become invalid, registers hold.",CE_GEMM_STREAM_ARRAY:L30,rtl/blocks/gemm/vit_gemm_fp16_stream_array.sv,"L68-L75; default 6/7; guard=no error/default payload rewrite.; target=state->IDLE; later outputs become invalid, registers hold."
CE-GEMM-DOT-STREAM[0..7],vit_fp16_dot_stream_csa_nodsp,implicit,s0_valid; s1_valid; s2_valid; f0_valid; f1_valid; f2_valid; out_valid; accumulator_term_count; accumulator_sum; accumulator_carry; accumulator_nan; accumulator_pos_inf; accumulator_neg_inf; accumulator_subnormal_flushed; accumulator_alignment_error; accumulator_length_error,EMPTY/PIPELINED/ACCUMULATING/OUTPUT,clk,rst_n (synchronous active-low),Implicit protocol automaton — không nên ép thành Moore hoặc Mealy thuần; vẽ theo mode/occupancy/valid tracker + guard. G2: MIXED_OR_PROTOCOL; exact registered side effects listed,Term accept / s0,"Capture A/B/enable/TLAST whenever input valid; s0_valid<=tvalid. If not valid, valid clears while payload may hold. Acceptance is tvalid&&tready.","Capture A/B/enable/TLAST whenever input valid; s0_valid<=tvalid. If not valid, valid clears while payload may hold. Acceptance is tvalid&&tready.",s0_valid; s1_valid; s2_valid; f0_valid; f1_valid; f2_valid; out_valid; accumulator_term_count; accumulator_sum; accumulator_carry; accumulator_nan; accumulator_pos_inf; accumulator_neg_inf; accumulator_subnormal_flushed; accumulator_alignment_error; accumulator_length_error,CE_GEMM_DOT_STREAM:L29,rtl/leaf/fp16/vit_fp16_dot_stream_csa_nodsp.sv,"L48; Term accept / s0; guard=Capture A/B/enable/TLAST whenever input valid; s0_valid<=tvalid. If not valid, valid clears while payload may hold. Acceptance is tvalid&&tready.; target=Capture A/B/enable/TLAST whenever input valid; s0_valid<=tvalid. If not valid, valid clears while payload may hold. Acceptance is tvalid&&tready."
CE-GEMM-DOT-STREAM[0..7],vit_fp16_dot_stream_csa_nodsp,implicit,s0_valid; s1_valid; s2_valid; f0_valid; f1_valid; f2_valid; out_valid; accumulator_term_count; accumulator_sum; accumulator_carry; accumulator_nan; accumulator_pos_inf; accumulator_neg_inf; accumulator_subnormal_flushed; accumulator_alignment_error; accumulator_length_error,EMPTY/PIPELINED/ACCUMULATING/OUTPUT,clk,rst_n (synchronous active-low),Implicit protocol automaton — không nên ép thành Moore hoặc Mealy thuần; vẽ theo mode/occupancy/valid tracker + guard. G2: MIXED_OR_PROTOCOL; exact registered side effects listed,Product / s1,s1_valid<=s0_valid. Enabled term uses combinational FP16 product plus NaN/Inf/sign/subnormal flags; disabled term becomes exact zero and clears all special flags. TLAST propagates.,s1_valid<=s0_valid. Enabled term uses combinational FP16 product plus NaN/Inf/sign/subnormal flags; disabled term becomes exact zero and clears all special flags. TLAST propagates.,s0_valid; s1_valid; s2_valid; f0_valid; f1_valid; f2_valid; out_valid; accumulator_term_count; accumulator_sum; accumulator_carry; accumulator_nan; accumulator_pos_inf; accumulator_neg_inf; accumulator_subnormal_flushed; accumulator_alignment_error; accumulator_length_error,CE_GEMM_DOT_STREAM:L30,rtl/leaf/fp16/vit_fp16_dot_stream_csa_nodsp.sv,L48; Product / s1; guard=s1_valid<=s0_valid. Enabled term uses combinational FP16 product plus NaN/Inf/sign/subnormal flags; disabled term becomes exact zero and clears all special flags. TLAST propagates.; target=s1_valid<=s0_valid. Enabled term uses combinational FP16 product plus NaN/Inf/sign/subnormal flags; disabled term becomes exact zero and clears all special flags. TLAST propagates.
CE-GEMM-DOT-STREAM[0..7],vit_fp16_dot_stream_csa_nodsp,implicit,s0_valid; s1_valid; s2_valid; f0_valid; f1_valid; f2_valid; out_valid; accumulator_term_count; accumulator_sum; accumulator_carry; accumulator_nan; accumulator_pos_inf; accumulator_neg_inf; accumulator_subnormal_flushed; accumulator_alignment_error; accumulator_length_error,EMPTY/PIPELINED/ACCUMULATING/OUTPUT,clk,rst_n (synchronous active-low),Implicit protocol automaton — không nên ép thành Moore hoặc Mealy thuần; vẽ theo mode/occupancy/valid tracker + guard. G2: MIXED_OR_PROTOCOL; exact registered side effects listed,Alignment / s2,s2_valid<=s1_valid. Convert finite FP32 product exactly to signed fixed addend; latch alignment lost/range overflow and special flags/TLAST.,s2_valid<=s1_valid. Convert finite FP32 product exactly to signed fixed addend; latch alignment lost/range overflow and special flags/TLAST.,s0_valid; s1_valid; s2_valid; f0_valid; f1_valid; f2_valid; out_valid; accumulator_term_count; accumulator_sum; accumulator_carry; accumulator_nan; accumulator_pos_inf; accumulator_neg_inf; accumulator_subnormal_flushed; accumulator_alignment_error; accumulator_length_error,CE_GEMM_DOT_STREAM:L31,rtl/leaf/fp16/vit_fp16_dot_stream_csa_nodsp.sv,L48; Alignment / s2; guard=s2_valid<=s1_valid. Convert finite FP32 product exactly to signed fixed addend; latch alignment lost/range overflow and special flags/TLAST.; target=s2_valid<=s1_valid. Convert finite FP32 product exactly to signed fixed addend; latch alignment lost/range overflow and special flags/TLAST.
CE-GEMM-DOT-STREAM[0..7],vit_fp16_dot_stream_csa_nodsp,implicit,s0_valid; s1_valid; s2_valid; f0_valid; f1_valid; f2_valid; out_valid; accumulator_term_count; accumulator_sum; accumulator_carry; accumulator_nan; accumulator_pos_inf; accumulator_neg_inf; accumulator_subnormal_flushed; accumulator_alignment_error; accumulator_length_error,EMPTY/PIPELINED/ACCUMULATING/OUTPUT,clk,rst_n (synchronous active-low),Implicit protocol automaton — không nên ép thành Moore hoặc Mealy thuần; vẽ theo mode/occupancy/valid tracker + guard. G2: MIXED_OR_PROTOCOL; exact registered side effects listed,CSA accumulate,"On valid non-last s2, compute sum^carry^addend and majority carry shifted left, increment term count, OR special/alignment/length flags. Otherwise holds.","On valid non-last s2, compute sum^carry^addend and majority carry shifted left, increment term count, OR special/alignment/length flags. Otherwise holds.",s0_valid; s1_valid; s2_valid; f0_valid; f1_valid; f2_valid; out_valid; accumulator_term_count; accumulator_sum; accumulator_carry; accumulator_nan; accumulator_pos_inf; accumulator_neg_inf; accumulator_subnormal_flushed; accumulator_alignment_error; accumulator_length_error,CE_GEMM_DOT_STREAM:L32,rtl/leaf/fp16/vit_fp16_dot_stream_csa_nodsp.sv,"L48; CSA accumulate; guard=On valid non-last s2, compute sum^carry^addend and majority carry shifted left, increment term count, OR special/alignment/length flags. Otherwise holds.; target=On valid non-last s2, compute sum^carry^addend and majority carry shifted left, increment term count, OR special/alignment/length flags. Otherwise holds."
CE-GEMM-DOT-STREAM[0..7],vit_fp16_dot_stream_csa_nodsp,implicit,s0_valid; s1_valid; s2_valid; f0_valid; f1_valid; f2_valid; out_valid; accumulator_term_count; accumulator_sum; accumulator_carry; accumulator_nan; accumulator_pos_inf; accumulator_neg_inf; accumulator_subnormal_flushed; accumulator_alignment_error; accumulator_length_error,EMPTY/PIPELINED/ACCUMULATING/OUTPUT,clk,rst_n (synchronous active-low),Implicit protocol automaton — không nên ép thành Moore hoặc Mealy thuần; vẽ theo mode/occupancy/valid tracker + guard. G2: MIXED_OR_PROTOCOL; exact registered side effects listed,TLAST fork / f0,"On valid last s2, snapshot next CSA sum/carry and combined flags, then clear accumulator/count/flags for the next dot. Invalid is NaN or alignment or length; force-Inf only for a single-sign infinity without invalid.","On valid last s2, snapshot next CSA sum/carry and combined flags, then clear accumulator/count/flags for the next dot. Invalid is NaN or alignment or length; force-Inf only for a single-sign infinity without invalid.",s0_valid; s1_valid; s2_valid; f0_valid; f1_valid; f2_valid; out_valid; accumulator_term_count; accumulator_sum; accumulator_carry; accumulator_nan; accumulator_pos_inf; accumulator_neg_inf; accumulator_subnormal_flushed; accumulator_alignment_error; accumulator_length_error,CE_GEMM_DOT_STREAM:L33,rtl/leaf/fp16/vit_fp16_dot_stream_csa_nodsp.sv,"L48; TLAST fork / f0; guard=On valid last s2, snapshot next CSA sum/carry and combined flags, then clear accumulator/count/flags for the next dot. Invalid is NaN or alignment or length; force-Inf only for a single-sign infinity without invalid.; target=On valid last s2, snapshot next CSA sum/carry and combined flags, then clear accumulator/count/flags for the next dot. Invalid is NaN or alignment or length; force-Inf only for a single-sign infinity without invalid."
CE-GEMM-DOT-STREAM[0..7],vit_fp16_dot_stream_csa_nodsp,implicit,s0_valid; s1_valid; s2_valid; f0_valid; f1_valid; f2_valid; out_valid; accumulator_term_count; accumulator_sum; accumulator_carry; accumulator_nan; accumulator_pos_inf; accumulator_neg_inf; accumulator_subnormal_flushed; accumulator_alignment_error; accumulator_length_error,EMPTY/PIPELINED/ACCUMULATING/OUTPUT,clk,rst_n (synchronous active-low),Implicit protocol automaton — không nên ép thành Moore hoặc Mealy thuần; vẽ theo mode/occupancy/valid tracker + guard. G2: MIXED_OR_PROTOCOL; exact registered side effects listed,Carry propagate/analyze / f1,"f1_valid<=f0_valid; add signed f0 sum+carry and latch flags. Combinational analyzer derives sign, magnitude, zero, leading index.","f1_valid<=f0_valid; add signed f0 sum+carry and latch flags. Combinational analyzer derives sign, magnitude, zero, leading index.",s0_valid; s1_valid; s2_valid; f0_valid; f1_valid; f2_valid; out_valid; accumulator_term_count; accumulator_sum; accumulator_carry; accumulator_nan; accumulator_pos_inf; accumulator_neg_inf; accumulator_subnormal_flushed; accumulator_alignment_error; accumulator_length_error,CE_GEMM_DOT_STREAM:L34,rtl/leaf/fp16/vit_fp16_dot_stream_csa_nodsp.sv,"L48; Carry propagate/analyze / f1; guard=f1_valid<=f0_valid; add signed f0 sum+carry and latch flags. Combinational analyzer derives sign, magnitude, zero, leading index.; target=f1_valid<=f0_valid; add signed f0 sum+carry and latch flags. Combinational analyzer derives sign, magnitude, zero, leading index."
CE-GEMM-DOT-STREAM[0..7],vit_fp16_dot_stream_csa_nodsp,implicit,s0_valid; s1_valid; s2_valid; f0_valid; f1_valid; f2_valid; out_valid; accumulator_term_count; accumulator_sum; accumulator_carry; accumulator_nan; accumulator_pos_inf; accumulator_neg_inf; accumulator_subnormal_flushed; accumulator_alignment_error; accumulator_length_error,EMPTY/PIPELINED/ACCUMULATING/OUTPUT,clk,rst_n (synchronous active-low),Implicit protocol automaton — không nên ép thành Moore hoặc Mealy thuần; vẽ theo mode/occupancy/valid tracker + guard. G2: MIXED_OR_PROTOCOL; exact registered side effects listed,RNE pack / f2,"f2_valid<=f1_valid; latch analyze outputs/flags. Combinational normalizer produces binary32 RNE, including forced infinity.","f2_valid<=f1_valid; latch analyze outputs/flags. Combinational normalizer produces binary32 RNE, including forced infinity.",s0_valid; s1_valid; s2_valid; f0_valid; f1_valid; f2_valid; out_valid; accumulator_term_count; accumulator_sum; accumulator_carry; accumulator_nan; accumulator_pos_inf; accumulator_neg_inf; accumulator_subnormal_flushed; accumulator_alignment_error; accumulator_length_error,CE_GEMM_DOT_STREAM:L35,rtl/leaf/fp16/vit_fp16_dot_stream_csa_nodsp.sv,"L48; RNE pack / f2; guard=f2_valid<=f1_valid; latch analyze outputs/flags. Combinational normalizer produces binary32 RNE, including forced infinity.; target=f2_valid<=f1_valid; latch analyze outputs/flags. Combinational normalizer produces binary32 RNE, including forced infinity."
CE-GEMM-DOT-STREAM[0..7],vit_fp16_dot_stream_csa_nodsp,implicit,s0_valid; s1_valid; s2_valid; f0_valid; f1_valid; f2_valid; out_valid; accumulator_term_count; accumulator_sum; accumulator_carry; accumulator_nan; accumulator_pos_inf; accumulator_neg_inf; accumulator_subnormal_flushed; accumulator_alignment_error; accumulator_length_error,EMPTY/PIPELINED/ACCUMULATING/OUTPUT,clk,rst_n (synchronous active-low),Implicit protocol automaton — không nên ép thành Moore hoặc Mealy thuần; vẽ theo mode/occupancy/valid tracker + guard. G2: MIXED_OR_PROTOCOL; exact registered side effects listed,Output hold / out,"out_valid<=f2_valid; when f2 valid latch data/flags. If out_valid and not ready, global hold preserves this and all upstream state. TLAST output is constant one.","out_valid<=f2_valid; when f2 valid latch data/flags. If out_valid and not ready, global hold preserves this and all upstream state. TLAST output is constant one.",s0_valid; s1_valid; s2_valid; f0_valid; f1_valid; f2_valid; out_valid; accumulator_term_count; accumulator_sum; accumulator_carry; accumulator_nan; accumulator_pos_inf; accumulator_neg_inf; accumulator_subnormal_flushed; accumulator_alignment_error; accumulator_length_error,CE_GEMM_DOT_STREAM:L36,rtl/leaf/fp16/vit_fp16_dot_stream_csa_nodsp.sv,"L48; Output hold / out; guard=out_valid<=f2_valid; when f2 valid latch data/flags. If out_valid and not ready, global hold preserves this and all upstream state. TLAST output is constant one.; target=out_valid<=f2_valid; when f2 valid latch data/flags. If out_valid and not ready, global hold preserves this and all upstream state. TLAST output is constant one."
CE-GEMM-RESULT-FIFO,vit_gemm_result_fifo,implicit,read_pointer_q; write_pointer_q; count_q; entry_memory,EMPTY/PARTIAL/FULL,clk,rst (synchronous active-high); flush_i active-high,Implicit protocol automaton — không nên ép thành Moore hoặc Mealy thuần; vẽ theo mode/occupancy/valid tracker + guard. G2: MIXED_OR_PROTOCOL; exact registered side effects listed,EMPTY(0),no fires hold,POST_EDGE: no fires hold,read_pointer_q; write_pointer_q; count_q; entry_memory,CE_GEMM_RESULT_FIFO:L27,rtl/blocks/gemm/vit_gemm_result_fifo.sv,L62; EMPTY(0); guard=no fires hold; target=POST_EDGE: no fires hold
CE-GEMM-RESULT-FIFO,vit_gemm_result_fifo,implicit,read_pointer_q; write_pointer_q; count_q; entry_memory,EMPTY/PARTIAL/FULL,clk,rst (synchronous active-high); flush_i active-high,Implicit protocol automaton — không nên ép thành Moore hoặc Mealy thuần; vẽ theo mode/occupancy/valid tracker + guard. G2: MIXED_OR_PROTOCOL; exact registered side effects listed,EMPTY(0),"push only writes tail, toggles write pointer,count=1.","POST_EDGE: push only writes tail, toggles write pointer,count=1.",read_pointer_q; write_pointer_q; count_q; entry_memory,CE_GEMM_RESULT_FIFO:L27,rtl/blocks/gemm/vit_gemm_result_fifo.sv,"L62; EMPTY(0); guard=push only writes tail, toggles write pointer,count=1.; target=POST_EDGE: push only writes tail, toggles write pointer,count=1."
CE-GEMM-RESULT-FIFO,vit_gemm_result_fifo,implicit,read_pointer_q; write_pointer_q; count_q; entry_memory,EMPTY/PARTIAL/FULL,clk,rst (synchronous active-high); flush_i active-high,Implicit protocol automaton — không nên ép thành Moore hoặc Mealy thuần; vẽ theo mode/occupancy/valid tracker + guard. G2: MIXED_OR_PROTOCOL; exact registered side effects listed,EMPTY(0),Pop cannot fire.,POST_EDGE: Pop cannot fire.,read_pointer_q; write_pointer_q; count_q; entry_memory,CE_GEMM_RESULT_FIFO:L27,rtl/blocks/gemm/vit_gemm_result_fifo.sv,L62; EMPTY(0); guard=Pop cannot fire.; target=POST_EDGE: Pop cannot fire.
CE-GEMM-RESULT-FIFO,vit_gemm_result_fifo,implicit,read_pointer_q; write_pointer_q; count_q; entry_memory,EMPTY/PARTIAL/FULL,clk,rst (synchronous active-high); flush_i active-high,Implicit protocol automaton — không nên ép thành Moore hoặc Mealy thuần; vẽ theo mode/occupancy/valid tracker + guard. G2: MIXED_OR_PROTOCOL; exact registered side effects listed,ONE(1),push only -> count2/write toggle,POST_EDGE: push only -> count2/write toggle,read_pointer_q; write_pointer_q; count_q; entry_memory,CE_GEMM_RESULT_FIFO:L28,rtl/blocks/gemm/vit_gemm_result_fifo.sv,L62; ONE(1); guard=push only -> count2/write toggle; target=POST_EDGE: push only -> count2/write toggle
CE-GEMM-RESULT-FIFO,vit_gemm_result_fifo,implicit,read_pointer_q; write_pointer_q; count_q; entry_memory,EMPTY/PARTIAL/FULL,clk,rst (synchronous active-high); flush_i active-high,Implicit protocol automaton — không nên ép thành Moore hoặc Mealy thuần; vẽ theo mode/occupancy/valid tracker + guard. G2: MIXED_OR_PROTOCOL; exact registered side effects listed,ONE(1),pop only -> count0/read toggle,POST_EDGE: pop only -> count0/read toggle,read_pointer_q; write_pointer_q; count_q; entry_memory,CE_GEMM_RESULT_FIFO:L28,rtl/blocks/gemm/vit_gemm_result_fifo.sv,L62; ONE(1); guard=pop only -> count0/read toggle; target=POST_EDGE: pop only -> count0/read toggle
CE-GEMM-RESULT-FIFO,vit_gemm_result_fifo,implicit,read_pointer_q; write_pointer_q; count_q; entry_memory,EMPTY/PARTIAL/FULL,clk,rst (synchronous active-high); flush_i active-high,Implicit protocol automaton — không nên ép thành Moore hoặc Mealy thuần; vẽ theo mode/occupancy/valid tracker + guard. G2: MIXED_OR_PROTOCOL; exact registered side effects listed,ONE(1),"both -> overwrite old tail slot, toggle both,count holds1","POST_EDGE: both -> overwrite old tail slot, toggle both,count holds1",read_pointer_q; write_pointer_q; count_q; entry_memory,CE_GEMM_RESULT_FIFO:L28,rtl/blocks/gemm/vit_gemm_result_fifo.sv,"L62; ONE(1); guard=both -> overwrite old tail slot, toggle both,count holds1; target=POST_EDGE: both -> overwrite old tail slot, toggle both,count holds1"
CE-GEMM-RESULT-FIFO,vit_gemm_result_fifo,implicit,read_pointer_q; write_pointer_q; count_q; entry_memory,EMPTY/PARTIAL/FULL,clk,rst (synchronous active-high); flush_i active-high,Implicit protocol automaton — không nên ép thành Moore hoặc Mealy thuần; vẽ theo mode/occupancy/valid tracker + guard. G2: MIXED_OR_PROTOCOL; exact registered side effects listed,ONE(1),neither hold.,POST_EDGE: neither hold.,read_pointer_q; write_pointer_q; count_q; entry_memory,CE_GEMM_RESULT_FIFO:L28,rtl/blocks/gemm/vit_gemm_result_fifo.sv,L62; ONE(1); guard=neither hold.; target=POST_EDGE: neither hold.
CE-GEMM-RESULT-FIFO,vit_gemm_result_fifo,implicit,read_pointer_q; write_pointer_q; count_q; entry_memory,EMPTY/PARTIAL/FULL,clk,rst (synchronous active-high); flush_i active-high,Implicit protocol automaton — không nên ép thành Moore hoặc Mealy thuần; vẽ theo mode/occupancy/valid tracker + guard. G2: MIXED_OR_PROTOCOL; exact registered side effects listed,FULL(2),no pop: push cannot fire and state holds.,POST_EDGE: no pop: push cannot fire and state holds.,read_pointer_q; write_pointer_q; count_q; entry_memory,CE_GEMM_RESULT_FIFO:L29,rtl/blocks/gemm/vit_gemm_result_fifo.sv,L62; FULL(2); guard=no pop: push cannot fire and state holds.; target=POST_EDGE: no pop: push cannot fire and state holds.
CE-GEMM-RESULT-FIFO,vit_gemm_result_fifo,implicit,read_pointer_q; write_pointer_q; count_q; entry_memory,EMPTY/PARTIAL/FULL,clk,rst (synchronous active-high); flush_i active-high,Implicit protocol automaton — không nên ép thành Moore hoặc Mealy thuần; vẽ theo mode/occupancy/valid tracker + guard. G2: MIXED_OR_PROTOCOL; exact registered side effects listed,FULL(2),Pop only -> count1/read toggle.,POST_EDGE: Pop only -> count1/read toggle.,read_pointer_q; write_pointer_q; count_q; entry_memory,CE_GEMM_RESULT_FIFO:L29,rtl/blocks/gemm/vit_gemm_result_fifo.sv,L62; FULL(2); guard=Pop only -> count1/read toggle.; target=POST_EDGE: Pop only -> count1/read toggle.
CE-GEMM-RESULT-FIFO,vit_gemm_result_fifo,implicit,read_pointer_q; write_pointer_q; count_q; entry_memory,EMPTY/PARTIAL/FULL,clk,rst (synchronous active-high); flush_i active-high,Implicit protocol automaton — không nên ép thành Moore hoặc Mealy thuần; vẽ theo mode/occupancy/valid tracker + guard. G2: MIXED_OR_PROTOCOL; exact registered side effects listed,FULL(2),"Pop+push -> atomically consume old head and write new tail, toggle both,count holds2.","POST_EDGE: Pop+push -> atomically consume old head and write new tail, toggle both,count holds2.",read_pointer_q; write_pointer_q; count_q; entry_memory,CE_GEMM_RESULT_FIFO:L29,rtl/blocks/gemm/vit_gemm_result_fifo.sv,"L62; FULL(2); guard=Pop+push -> atomically consume old head and write new tail, toggle both,count holds2.; target=POST_EDGE: Pop+push -> atomically consume old head and write new tail, toggle both,count holds2."
CE-GEMM-RESULT-FIFO,vit_gemm_result_fifo,implicit,read_pointer_q; write_pointer_q; count_q; entry_memory,EMPTY/PARTIAL/FULL,clk,rst (synchronous active-high); flush_i active-high,Implicit protocol automaton — không nên ép thành Moore hoặc Mealy thuần; vẽ theo mode/occupancy/valid tracker + guard. G2: MIXED_OR_PROTOCOL; exact registered side effects listed,illegal 3,count update still +/-/hold,POST_EDGE: count update still +/-/hold,read_pointer_q; write_pointer_q; count_q; entry_memory,CE_GEMM_RESULT_FIFO:L30,rtl/blocks/gemm/vit_gemm_result_fifo.sv,L62; illegal 3; guard=count update still +/-/hold; target=POST_EDGE: count update still +/-/hold
CE-GEMM-RESULT-FIFO,vit_gemm_result_fifo,implicit,read_pointer_q; write_pointer_q; count_q; entry_memory,EMPTY/PARTIAL/FULL,clk,rst (synchronous active-high); flush_i active-high,Implicit protocol automaton — không nên ép thành Moore hoặc Mealy thuần; vẽ theo mode/occupancy/valid tracker + guard. G2: MIXED_OR_PROTOCOL; exact registered side effects listed,illegal 3,only reset/flush guarantees recovery.,POST_EDGE: only reset/flush guarantees recovery.,read_pointer_q; write_pointer_q; count_q; entry_memory,CE_GEMM_RESULT_FIFO:L30,rtl/blocks/gemm/vit_gemm_result_fifo.sv,L62; illegal 3; guard=only reset/flush guarantees recovery.; target=POST_EDGE: only reset/flush guarantees recovery.
CE-GEMM-RESULT-FIFO,vit_gemm_result_fifo,implicit,read_pointer_q; write_pointer_q; count_q; entry_memory,EMPTY/PARTIAL/FULL,clk,rst (synchronous active-high); flush_i active-high,Implicit protocol automaton — không nên ép thành Moore hoặc Mealy thuần; vẽ theo mode/occupancy/valid tracker + guard. G2: MIXED_OR_PROTOCOL; exact registered side effects listed,illegal 3,Simulation-only fatal reports count>2,POST_EDGE: Simulation-only fatal reports count>2,read_pointer_q; write_pointer_q; count_q; entry_memory,CE_GEMM_RESULT_FIFO:L30,rtl/blocks/gemm/vit_gemm_result_fifo.sv,L62; illegal 3; guard=Simulation-only fatal reports count>2; target=POST_EDGE: Simulation-only fatal reports count>2
CE-GEMM-RESULT-FIFO,vit_gemm_result_fifo,implicit,read_pointer_q; write_pointer_q; count_q; entry_memory,EMPTY/PARTIAL/FULL,clk,rst (synchronous active-high); flush_i active-high,Implicit protocol automaton — không nên ép thành Moore hoặc Mealy thuần; vẽ theo mode/occupancy/valid tracker + guard. G2: MIXED_OR_PROTOCOL; exact registered side effects listed,illegal 3,no synthesized error flag.,POST_EDGE: no synthesized error flag.,read_pointer_q; write_pointer_q; count_q; entry_memory,CE_GEMM_RESULT_FIFO:L30,rtl/blocks/gemm/vit_gemm_result_fifo.sv,L62; illegal 3; guard=no synthesized error flag.; target=POST_EDGE: no synthesized error flag.
CE-GEMM-DUAL-MODE,vit_gemm_dual_mode_array,implicit,mode_fp16_q; packed_without_fp16_q; legacy_unavailable_q,IDLE/FP16/REJECT,clk,rst (synchronous active-high),Implicit protocol automaton — không nên ép thành Moore hoặc Mealy thuần; vẽ theo mode/occupancy/valid tracker + guard. G2: MIXED_OR_PROTOCOL; exact registered side effects listed,QUIET/legacy-mode-bit=0,reset or no prior FP16 start; reject flags zero.,reset or no prior FP16 start; reject flags zero.,mode_fp16_q; packed_without_fp16_q; legacy_unavailable_q,CE_GEMM_DUAL_MODE:L23,rtl/blocks/gemm/vit_gemm_dual_mode_array.sv,L94; QUIET/legacy-mode-bit=0; guard=reset or no prior FP16 start; reject flags zero.; target=reset or no prior FP16 start; reject flags zero.
CE-GEMM-DUAL-MODE,vit_gemm_dual_mode_array,implicit,mode_fp16_q; packed_without_fp16_q; legacy_unavailable_q,IDLE/FP16/REJECT,clk,rst (synchronous active-high),Implicit protocol automaton — không nên ép thành Moore hoặc Mealy thuần; vẽ theo mode/occupancy/valid tracker + guard. G2: MIXED_OR_PROTOCOL; exact registered side effects listed,FP16_SELECTED,start with cfg_fp16_enable=1; latch mode=1. Packed flag may be 0 or 1.,start with cfg_fp16_enable=1; latch mode=1. Packed flag may be 0 or 1.,mode_fp16_q; packed_without_fp16_q; legacy_unavailable_q,CE_GEMM_DUAL_MODE:L24,rtl/blocks/gemm/vit_gemm_dual_mode_array.sv,L94; FP16_SELECTED; guard=start with cfg_fp16_enable=1; latch mode=1. Packed flag may be 0 or 1.; target=start with cfg_fp16_enable=1; latch mode=1. Packed flag may be 0 or 1.
CE-GEMM-DUAL-MODE,vit_gemm_dual_mode_array,implicit,mode_fp16_q; packed_without_fp16_q; legacy_unavailable_q,IDLE/FP16/REJECT,clk,rst (synchronous active-high),Implicit protocol automaton — không nên ép thành Moore hoặc Mealy thuần; vẽ theo mode/occupancy/valid tracker + guard. G2: MIXED_OR_PROTOCOL; exact registered side effects listed,REJECT_PACKED_WITHOUT_FP16,start with packed flag=1 and fp16=0.,start with packed flag=1 and fp16=0.,mode_fp16_q; packed_without_fp16_q; legacy_unavailable_q,CE_GEMM_DUAL_MODE:L25,rtl/blocks/gemm/vit_gemm_dual_mode_array.sv,L94; REJECT_PACKED_WITHOUT_FP16; guard=start with packed flag=1 and fp16=0.; target=start with packed flag=1 and fp16=0.
CE-GEMM-DUAL-MODE,vit_gemm_dual_mode_array,implicit,mode_fp16_q; packed_without_fp16_q; legacy_unavailable_q,IDLE/FP16/REJECT,clk,rst (synchronous active-high),Implicit protocol automaton — không nên ép thành Moore hoặc Mealy thuần; vẽ theo mode/occupancy/valid tracker + guard. G2: MIXED_OR_PROTOCOL; exact registered side effects listed,REJECT_LEGACY_UNAVAILABLE,start with fp16=0 and M8 INCLUDE_LEGACY_GEMM==0.,start with fp16=0 and M8 INCLUDE_LEGACY_GEMM==0.,mode_fp16_q; packed_without_fp16_q; legacy_unavailable_q,CE_GEMM_DUAL_MODE:L26,rtl/blocks/gemm/vit_gemm_dual_mode_array.sv,L94; REJECT_LEGACY_UNAVAILABLE; guard=start with fp16=0 and M8 INCLUDE_LEGACY_GEMM==0.; target=start with fp16=0 and M8 INCLUDE_LEGACY_GEMM==0.
CE-GEMM-GENERATION,vit_phase_e_engine_top,implicit,gemm_result_generation_q,MOD-256 TAG,clk,rst (synchronous active-high),Implicit protocol automaton — không nên ép thành Moore hoặc Mealy thuần; vẽ theo mode/occupancy/valid tracker + guard. G2: MIXED_OR_PROTOCOL; exact registered side effects listed,COMMAND_EPOCH(g),engine-top gemm_result_generation_q,"Synchronous reset sets 0. On command_accept && opcode==GEMM, increment modulo 256. command_accept precedes launch, so this new value is stable at scheduler start. Other commands/edges hold.",gemm_result_generation_q,CE_GEMM_GENERATION:L23,rtl/core/vit_phase_e_engine_top.sv,"L163; COMMAND_EPOCH(g); guard=engine-top gemm_result_generation_q; target=Synchronous reset sets 0. On command_accept && opcode==GEMM, increment modulo 256. command_accept precedes launch, so this new value is stable at scheduler start. Other commands/edges hold."
CE-GEMM-GENERATION,vit_phase_e_engine_top,implicit,gemm_result_generation_q,MOD-256 TAG,clk,rst (synchronous active-high),Implicit protocol automaton — không nên ép thành Moore hoặc Mealy thuần; vẽ theo mode/occupancy/valid tracker + guard. G2: MIXED_OR_PROTOCOL; exact registered side effects listed,SCHEDULER_ACTIVE(g),scheduler active_result_generation,Reset=0. A valid scheduler IDLE start latches result_generation_i; it remains command-scoped through all tiles/passes. Direct result output uses this tag.,gemm_result_generation_q,CE_GEMM_GENERATION:L24,rtl/core/vit_phase_e_engine_top.sv,L163; SCHEDULER_ACTIVE(g); guard=scheduler active_result_generation; target=Reset=0. A valid scheduler IDLE start latches result_generation_i; it remains command-scoped through all tiles/passes. Direct result output uses this tag.
CE-GEMM-GENERATION,vit_phase_e_engine_top,implicit,gemm_result_generation_q,MOD-256 TAG,clk,rst (synchronous active-high),Implicit protocol automaton — không nên ép thành Moore hoặc Mealy thuần; vẽ theo mode/occupancy/valid tracker + guard. G2: MIXED_OR_PROTOCOL; exact registered side effects listed,"FIFO_OWNED(g,context)",each packed-result FIFO entry,"On clean fifo_push_fire, atomically captures g together with absolute address base, coordinates, masks and data. Stalls/pops obey FIFO ownership; output tag comes from the head, never the live scheduler counter.",gemm_result_generation_q,CE_GEMM_GENERATION:L25,rtl/core/vit_phase_e_engine_top.sv,"L163; FIFO_OWNED(g,context); guard=each packed-result FIFO entry; target=On clean fifo_push_fire, atomically captures g together with absolute address base, coordinates, masks and data. Stalls/pops obey FIFO ownership; output tag comes from the head, never the live scheduler counter."
CE-GEMM-GENERATION,vit_phase_e_engine_top,implicit,gemm_result_generation_q,MOD-256 TAG,clk,rst (synchronous active-high),Implicit protocol automaton — không nên ép thành Moore hoặc Mealy thuần; vẽ theo mode/occupancy/valid tracker + guard. G2: MIXED_OR_PROTOCOL; exact registered side effects listed,STORE_ADMIT_CHECK,memory frontend combinational guard in MEM_IDLE,"If selected GEMM result is valid at execute admission and its store tag differs from current expected command epoch, generation error is asserted before write-context capture.",gemm_result_generation_q,CE_GEMM_GENERATION:L26,rtl/core/vit_phase_e_engine_top.sv,"L163; STORE_ADMIT_CHECK; guard=memory frontend combinational guard in MEM_IDLE; target=If selected GEMM result is valid at execute admission and its store tag differs from current expected command epoch, generation error is asserted before write-context capture."
CE-GEMM-GENERATION,vit_phase_e_engine_top,implicit,gemm_result_generation_q,MOD-256 TAG,clk,rst (synchronous active-high),Implicit protocol automaton — không nên ép thành Moore hoặc Mealy thuần; vẽ theo mode/occupancy/valid tracker + guard. G2: MIXED_OR_PROTOCOL; exact registered side effects listed,"STORE_ACTIVE(g,context)",frontend gemm_result_generation_store_q plus address/coordinate snapshots,"On accepted result selection, capture tag/context before MEM_WRITE_SELECT. During SELECT/REQUEST/RESPONSE/DELIVER, compare live selected tag/address/coordinates with snapshots; any change is terminal generation/context error.",gemm_result_generation_q,CE_GEMM_GENERATION:L27,rtl/core/vit_phase_e_engine_top.sv,"L163; STORE_ACTIVE(g,context); guard=frontend gemm_result_generation_store_q plus address/coordinate snapshots; target=On accepted result selection, capture tag/context before MEM_WRITE_SELECT. During SELECT/REQUEST/RESPONSE/DELIVER, compare live selected tag/address/coordinates with snapshots; any change is terminal generation/context error."
CE-GEMM-GENERATION,vit_phase_e_engine_top,implicit,gemm_result_generation_q,MOD-256 TAG,clk,rst (synchronous active-high),Implicit protocol automaton — không nên ép thành Moore hoặc Mealy thuần; vẽ theo mode/occupancy/valid tracker + guard. G2: MIXED_OR_PROTOCOL; exact registered side effects listed,TERMINAL_ERROR,frontend memory_error_latched,"Generation/context mismatch sets latch, forces MEM_IDLE, clears caches/turn/defer state, and prevents native request restart. Wrapper contract requires SOFT_RESET before another job.",gemm_result_generation_q,CE_GEMM_GENERATION:L28,rtl/core/vit_phase_e_engine_top.sv,"L163; TERMINAL_ERROR; guard=frontend memory_error_latched; target=Generation/context mismatch sets latch, forces MEM_IDLE, clears caches/turn/defer state, and prevents native request restart. Wrapper contract requires SOFT_RESET before another job."
CE-U32-MUL-LN,vit_u32_mul_iterative_nodsp,implicit,busy; done; product; shifted_multiplicand; shifted_multiplier; bit_index,IDLE/RUN(0..31)/DONE,clk,rst (synchronous active-high),Implicit protocol automaton — không nên ép thành Moore hoặc Mealy thuần; vẽ theo mode/occupancy/valid tracker + guard. G2: MIXED_OR_PROTOCOL; exact registered side effects listed,READY,Datapath holds.,Datapath holds.,busy; done; product; shifted_multiplicand; shifted_multiplier; bit_index,CE_U32_MUL_LN:L22,rtl/leaf/common/vit_u32_mul_iterative_nodsp.sv,L20; READY; guard=Datapath holds.; target=Datapath holds.
CE-U32-MUL-LN,vit_u32_mul_iterative_nodsp,implicit,busy; done; product; shifted_multiplicand; shifted_multiplier; bit_index,IDLE/RUN(0..31)/DONE,clk,rst (synchronous active-high),Implicit protocol automaton — không nên ép thành Moore hoặc Mealy thuần; vẽ theo mode/occupancy/valid tracker + guard. G2: MIXED_OR_PROTOCOL; exact registered side effects listed,ITERATE[k],Conditionally add current multiplicand when multiplier LSB is one; shift left/right.,Conditionally add current multiplicand when multiplier LSB is one; shift left/right.,busy; done; product; shifted_multiplicand; shifted_multiplier; bit_index,CE_U32_MUL_LN:L23,rtl/leaf/common/vit_u32_mul_iterative_nodsp.sv,L20; ITERATE[k]; guard=Conditionally add current multiplicand when multiplier LSB is one; shift left/right.; target=Conditionally add current multiplicand when multiplier LSB is one; shift left/right.
CE-U32-MUL-LAYOUT,vit_u32_mul_iterative_nodsp,implicit,busy; done; product; shifted_multiplicand; shifted_multiplier; bit_index,IDLE/RUN(0..31)/DONE,clk,rst (synchronous active-high),Implicit protocol automaton — không nên ép thành Moore hoặc Mealy thuần; vẽ theo mode/occupancy/valid tracker + guard. G2: MIXED_OR_PROTOCOL; exact registered side effects listed,READY,Hold all datapath registers; done is forced low each non-reset edge.,Hold all datapath registers; done is forced low each non-reset edge.,Hold all datapath registers; done is forced low each non-reset edge.,CE_U32_MUL_LAYOUT:L22,rtl/leaf/common/vit_u32_mul_iterative_nodsp.sv,L20; READY; guard=Hold all datapath registers; done is forced low each non-reset edge.; target=Hold all datapath registers; done is forced low each non-reset edge.
CE-U32-MUL-LAYOUT,vit_u32_mul_iterative_nodsp,implicit,busy; done; product; shifted_multiplicand; shifted_multiplier; bit_index,IDLE/RUN(0..31)/DONE,clk,rst (synchronous active-high),Implicit protocol automaton — không nên ép thành Moore hoặc Mealy thuần; vẽ theo mode/occupancy/valid tracker + guard. G2: MIXED_OR_PROTOCOL; exact registered side effects listed,ITERATE[k],"If multiplier bit 0 is one, product <= product + shifted_multiplicand; shift multiplicand left and multiplier right.","If multiplier bit 0 is one, product <= product + shifted_multiplicand; shift multiplicand left and multiplier right.","If multiplier bit 0 is one, product <= product + shifted_multiplicand; shift multiplicand left and multiplier right.",CE_U32_MUL_LAYOUT:L23,rtl/leaf/common/vit_u32_mul_iterative_nodsp.sv,"L20; ITERATE[k]; guard=If multiplier bit 0 is one, product <= product + shifted_multiplicand; shift multiplicand left and multiplier right.; target=If multiplier bit 0 is one, product <= product + shifted_multiplicand; shift multiplicand left and multiplier right."
CE-U32-MUL-SOFTMAX,vit_u32_mul_iterative_nodsp,implicit,busy; done; product; shifted_multiplicand; shifted_multiplier; bit_index,IDLE/RUN(0..31)/DONE,clk,rst (synchronous active-high),Implicit protocol automaton — không nên ép thành Moore hoặc Mealy thuần; vẽ theo mode/occupancy/valid tracker + guard. G2: MIXED_OR_PROTOCOL; exact registered side effects listed,READY,Hold product/shift registers/index and force done low.,Hold product/shift registers/index and force done low.,Hold product/shift registers/index and force done low.,CE_U32_MUL_SOFTMAX:L22,rtl/leaf/common/vit_u32_mul_iterative_nodsp.sv,L20; READY; guard=Hold product/shift registers/index and force done low.; target=Hold product/shift registers/index and force done low.
CE-U32-MUL-SOFTMAX,vit_u32_mul_iterative_nodsp,implicit,busy; done; product; shifted_multiplicand; shifted_multiplier; bit_index,IDLE/RUN(0..31)/DONE,clk,rst (synchronous active-high),Implicit protocol automaton — không nên ép thành Moore hoặc Mealy thuần; vẽ theo mode/occupancy/valid tracker + guard. G2: MIXED_OR_PROTOCOL; exact registered side effects listed,ITERATE[k],Add shifted multiplicand iff multiplier LSB; shift multiplicand left and multiplier right.,Add shifted multiplicand iff multiplier LSB; shift multiplicand left and multiplier right.,Add shifted multiplicand iff multiplier LSB; shift multiplicand left and multiplier right.,CE_U32_MUL_SOFTMAX:L23,rtl/leaf/common/vit_u32_mul_iterative_nodsp.sv,L20; ITERATE[k]; guard=Add shifted multiplicand iff multiplier LSB; shift multiplicand left and multiplier right.; target=Add shifted multiplicand iff multiplier LSB; shift multiplicand left and multiplier right.
CE-LN-RECIP-U32,vit_fp32_recip_u32_serial,explicit,state,"STATE_IDLE,STATE_DIVIDE,STATE_ROUND,STATE_DONE",clk,rst (synchronous active-high),MIXED / protocol — khi vẽ: state-qualified outputs có thể xem là Moore-like; guard/input quyết định transition và registered micro-op là Mealy-controlled. G2: MIXED_OR_PROTOCOL; exact registered side effects listed,STATE_IDLE,"start,value=0: result=+Inf, DONE. Start,nonzero: derive MSB/power-of-two shift, initialize restoring division registers and exponent, DIVIDE.",STATE_DONE,result; denominator; dividend; quotient; remainder; division_index; unbiased_exponent,CE_LN_RECIP_U32:L21,rtl/leaf/fp32/vit_fp32_recip_u32_serial.sv,"L95-L120; STATE_IDLE; guard=start,value=0: result=+Inf, DONE. Start,nonzero: derive MSB/power-of-two shift, initialize restoring division registers and exponent, DIVIDE.; target=STATE_DONE; clause=1/1"
CE-LN-RECIP-U32,vit_fp32_recip_u32_serial,explicit,state,"STATE_IDLE,STATE_DIVIDE,STATE_ROUND,STATE_DONE",clk,rst (synchronous active-high),MIXED / protocol — khi vẽ: state-qualified outputs có thể xem là Moore-like; guard/input quyết định transition và registered micro-op là Mealy-controlled. G2: MIXED_OR_PROTOCOL; exact registered side effects listed,STATE_IDLE,"start,value=0: result=+Inf, DONE. Start,nonzero: derive MSB/power-of-two shift, initialize restoring division registers and exponent, DIVIDE.",STATE_DIVIDE,result; denominator; dividend; quotient; remainder; division_index; unbiased_exponent,CE_LN_RECIP_U32:L21,rtl/leaf/fp32/vit_fp32_recip_u32_serial.sv,"L95-L120; STATE_IDLE; guard=start,value=0: result=+Inf, DONE. Start,nonzero: derive MSB/power-of-two shift, initialize restoring division registers and exponent, DIVIDE.; target=STATE_DIVIDE; clause=1/1"
CE-LN-RECIP-U32,vit_fp32_recip_u32_serial,explicit,state,"STATE_IDLE,STATE_DIVIDE,STATE_ROUND,STATE_DONE",clk,rst (synchronous active-high),MIXED / protocol — khi vẽ: state-qualified outputs có thể xem là Moore-like; guard/input quyết định transition và registered micro-op là Mealy-controlled. G2: MIXED_OR_PROTOCOL; exact registered side effects listed,STATE_DIVIDE,index=0 -> ROUND,STATE_ROUND,remainder; quotient[division_index]; division_index,CE_LN_RECIP_U32:L22,rtl/leaf/fp32/vit_fp32_recip_u32_serial.sv,L121-L136; STATE_DIVIDE; guard=index=0 -> ROUND; target=STATE_ROUND; clause=1/1
CE-LN-RECIP-U32,vit_fp32_recip_u32_serial,explicit,state,"STATE_IDLE,STATE_DIVIDE,STATE_ROUND,STATE_DONE",clk,rst (synchronous active-high),MIXED / protocol — khi vẽ: state-qualified outputs có thể xem là Moore-like; guard/input quyết định transition và registered micro-op là Mealy-controlled. G2: MIXED_OR_PROTOCOL; exact registered side effects listed,STATE_ROUND,Round quotient nearest-even using remainder/denominator; normalize carry. Biased exponent >=255 -> +Inf; <=0 -> +0; otherwise pack positive binary32. Go DONE.,STATE_DONE,result; biased_exponent,CE_LN_RECIP_U32:L23,rtl/leaf/fp32/vit_fp32_recip_u32_serial.sv,L137-L150; STATE_ROUND; guard=Round quotient nearest-even using remainder/denominator; normalize carry. Biased exponent >=255 -> +Inf; <=0 -> +0; otherwise pack positive binary32. Go DONE.; target=STATE_DONE; clause=1/1
CE-LN-RECIP-U32,vit_fp32_recip_u32_serial,explicit,state,"STATE_IDLE,STATE_DIVIDE,STATE_ROUND,STATE_DONE",clk,rst (synchronous active-high),MIXED / protocol — khi vẽ: state-qualified outputs có thể xem là Moore-like; guard/input quyết định transition và registered micro-op là Mealy-controlled. G2: MIXED_OR_PROTOCOL; exact registered side effects listed,STATE_DONE,Unconditionally IDLE.,STATE_IDLE,CONTROL_ONLY,CE_LN_RECIP_U32:L24,rtl/leaf/fp32/vit_fp32_recip_u32_serial.sv,L151-L154; STATE_DONE; guard=Unconditionally IDLE.; target=STATE_IDLE; clause=1/1
CE-LN-RECIP-U32,vit_fp32_recip_u32_serial,explicit,state,"STATE_IDLE,STATE_DIVIDE,STATE_ROUND,STATE_DONE",clk,rst (synchronous active-high),MIXED / protocol — khi vẽ: state-qualified outputs có thể xem là Moore-like; guard/input quyết định transition và registered micro-op là Mealy-controlled. G2: MIXED_OR_PROTOCOL; exact registered side effects listed,default/X,outputs follow comparison uncertainty before edge.,State only -> IDLE; datapath/result hold; no error pulse.,state,CE_LN_RECIP_U32:L25,rtl/leaf/fp32/vit_fp32_recip_u32_serial.sv,L22-L27; default/X; guard=outputs follow comparison uncertainty before edge.; target=State only -> IDLE; datapath/result hold; no error pulse.
CE-VECTOR,vit_vector_engine_fp32,explicit,state,"STATE_IDLE,STATE_LOAD,STATE_MULTIPLY,STATE_ADD,STATE_WRITE,STATE_DONE",clk,rst (synchronous active-high),MIXED / protocol — khi vẽ: state-qualified outputs có thể xem là Moore-like; guard/input quyết định transition và registered micro-op là Mealy-controlled. G2: MIXED_OR_PROTOCOL; exact registered side effects listed,STATE_IDLE,"start then invalid (length==0)||(mode!=ADD&&mode!=SCALE_MASK) -> error,DONE",STATE_DONE,"start then invalid (length==0)||(mode!=ADD&&mode!=SCALE_MASK) -> error,DONE; otherwise latch config/base=0 -> LOAD.",CE_VECTOR:L21,rtl/blocks/vector/vit_vector_engine_fp32.sv,"L183-L201; STATE_IDLE; guard=start then invalid (length==0)||(mode!=ADD&&mode!=SCALE_MASK) -> error,DONE; target=STATE_DONE; clause=1/1"
CE-VECTOR,vit_vector_engine_fp32,explicit,state,"STATE_IDLE,STATE_LOAD,STATE_MULTIPLY,STATE_ADD,STATE_WRITE,STATE_DONE",clk,rst (synchronous active-high),MIXED / protocol — khi vẽ: state-qualified outputs có thể xem là Moore-like; guard/input quyết định transition và registered micro-op là Mealy-controlled. G2: MIXED_OR_PROTOCOL; exact registered side effects listed,STATE_IDLE,otherwise latch config/base=0 -> LOAD.,STATE_LOAD,"start then invalid (length==0)||(mode!=ADD&&mode!=SCALE_MASK) -> error,DONE; otherwise latch config/base=0 -> LOAD.",CE_VECTOR:L21,rtl/blocks/vector/vit_vector_engine_fp32.sv,L183-L201; STATE_IDLE; guard=otherwise latch config/base=0 -> LOAD.; target=STATE_LOAD; clause=1/1
CE-VECTOR,vit_vector_engine_fp32,explicit,state,"STATE_IDLE,STATE_LOAD,STATE_MULTIPLY,STATE_ADD,STATE_WRITE,STATE_DONE",clk,rst (synchronous active-high),MIXED / protocol — khi vẽ: state-qualified outputs có thể xem là Moore-like; guard/input quyết định transition và registered micro-op là Mealy-controlled. G2: MIXED_OR_PROTOCOL; exact registered side effects listed,STATE_LOAD,"ADD mode -> ADD, else MULTIPLY.",STATE_ADD,"On valid, latch two 16x32 vectors, derived lane mask, clear output, capture result metadata/lane=0; ADD mode -> ADD, else MULTIPLY.",CE_VECTOR:L22,rtl/blocks/vector/vit_vector_engine_fp32.sv,"L202-L217; STATE_LOAD; guard=ADD mode -> ADD, else MULTIPLY.; target=STATE_ADD; clause=1/1"
CE-VECTOR,vit_vector_engine_fp32,explicit,state,"STATE_IDLE,STATE_LOAD,STATE_MULTIPLY,STATE_ADD,STATE_WRITE,STATE_DONE",clk,rst (synchronous active-high),MIXED / protocol — khi vẽ: state-qualified outputs có thể xem là Moore-like; guard/input quyết định transition và registered micro-op là Mealy-controlled. G2: MIXED_OR_PROTOCOL; exact registered side effects listed,STATE_LOAD,"ADD mode -> ADD, else MULTIPLY.",STATE_MULTIPLY,"On valid, latch two 16x32 vectors, derived lane mask, clear output, capture result metadata/lane=0; ADD mode -> ADD, else MULTIPLY.",CE_VECTOR:L22,rtl/blocks/vector/vit_vector_engine_fp32.sv,"L202-L217; STATE_LOAD; guard=ADD mode -> ADD, else MULTIPLY.; target=STATE_MULTIPLY; clause=1/1"
CE-VECTOR,vit_vector_engine_fp32,explicit,state,"STATE_IDLE,STATE_LOAD,STATE_MULTIPLY,STATE_ADD,STATE_WRITE,STATE_DONE",clk,rst (synchronous active-high),MIXED / protocol — khi vẽ: state-qualified outputs có thể xem là Moore-like; guard/input quyết định transition và registered micro-op là Mealy-controlled. G2: MIXED_OR_PROTOCOL; exact registered side effects listed,STATE_MULTIPLY,Mask-add enabled: latch scaled lane -> ADD.,STATE_ADD,"Mask-add enabled: latch scaled lane -> ADD. Otherwise commit scaled-or-zero lane, shift inputs/mask; lane15 -> WRITE, else lane++ and self.",CE_VECTOR:L23,rtl/blocks/vector/vit_vector_engine_fp32.sv,L218-L240; STATE_MULTIPLY; guard=Mask-add enabled: latch scaled lane -> ADD.; target=STATE_ADD; clause=1/1
CE-VECTOR,vit_vector_engine_fp32,explicit,state,"STATE_IDLE,STATE_LOAD,STATE_MULTIPLY,STATE_ADD,STATE_WRITE,STATE_DONE",clk,rst (synchronous active-high),MIXED / protocol — khi vẽ: state-qualified outputs có thể xem là Moore-like; guard/input quyết định transition và registered micro-op là Mealy-controlled. G2: MIXED_OR_PROTOCOL; exact registered side effects listed,STATE_MULTIPLY,"lane15 -> WRITE, else lane++ and self.",STATE_WRITE,"Mask-add enabled: latch scaled lane -> ADD. Otherwise commit scaled-or-zero lane, shift inputs/mask; lane15 -> WRITE, else lane++ and self.",CE_VECTOR:L23,rtl/blocks/vector/vit_vector_engine_fp32.sv,"L218-L240; STATE_MULTIPLY; guard=lane15 -> WRITE, else lane++ and self.; target=STATE_WRITE; clause=1/1"
CE-VECTOR,vit_vector_engine_fp32,explicit,state,"STATE_IDLE,STATE_LOAD,STATE_MULTIPLY,STATE_ADD,STATE_WRITE,STATE_DONE",clk,rst (synchronous active-high),MIXED / protocol — khi vẽ: state-qualified outputs có thể xem là Moore-like; guard/input quyết định transition và registered micro-op là Mealy-controlled. G2: MIXED_OR_PROTOCOL; exact registered side effects listed,STATE_MULTIPLY,"Otherwise commit scaled-or-zero lane, shift inputs/mask",STATE_MULTIPLY,"Mask-add enabled: latch scaled lane -> ADD. Otherwise commit scaled-or-zero lane, shift inputs/mask; lane15 -> WRITE, else lane++ and self.",CE_VECTOR:L23,rtl/blocks/vector/vit_vector_engine_fp32.sv,"L218-L240; STATE_MULTIPLY; guard=Otherwise commit scaled-or-zero lane, shift inputs/mask; target=STATE_MULTIPLY; clause=1/2"
CE-VECTOR,vit_vector_engine_fp32,explicit,state,"STATE_IDLE,STATE_LOAD,STATE_MULTIPLY,STATE_ADD,STATE_WRITE,STATE_DONE",clk,rst (synchronous active-high),MIXED / protocol — khi vẽ: state-qualified outputs có thể xem là Moore-like; guard/input quyết định transition và registered micro-op là Mealy-controlled. G2: MIXED_OR_PROTOCOL; exact registered side effects listed,STATE_MULTIPLY,"lane15 -> WRITE, else lane++ and self.",STATE_MULTIPLY,"Mask-add enabled: latch scaled lane -> ADD. Otherwise commit scaled-or-zero lane, shift inputs/mask; lane15 -> WRITE, else lane++ and self.",CE_VECTOR:L23,rtl/blocks/vector/vit_vector_engine_fp32.sv,"L218-L240; STATE_MULTIPLY; guard=lane15 -> WRITE, else lane++ and self.; target=STATE_MULTIPLY; clause=2/2"
CE-VECTOR,vit_vector_engine_fp32,explicit,state,"STATE_IDLE,STATE_LOAD,STATE_MULTIPLY,STATE_ADD,STATE_WRITE,STATE_DONE",clk,rst (synchronous active-high),MIXED / protocol — khi vẽ: state-qualified outputs có thể xem là Moore-like; guard/input quyết định transition và registered micro-op là Mealy-controlled. G2: MIXED_OR_PROTOCOL; exact registered side effects listed,STATE_ADD,Lane15 -> WRITE,STATE_WRITE,"Commit zero for invalid lane, scaled value when SCALE_MASK without add mask, else shared add result; shift. Lane15 -> WRITE; otherwise lane++, ADD mode self else MULTIPLY.",CE_VECTOR:L24,rtl/blocks/vector/vit_vector_engine_fp32.sv,L241-L259; STATE_ADD; guard=Lane15 -> WRITE; target=STATE_WRITE; clause=1/1
CE-VECTOR,vit_vector_engine_fp32,explicit,state,"STATE_IDLE,STATE_LOAD,STATE_MULTIPLY,STATE_ADD,STATE_WRITE,STATE_DONE",clk,rst (synchronous active-high),MIXED / protocol — khi vẽ: state-qualified outputs có thể xem là Moore-like; guard/input quyết định transition và registered micro-op là Mealy-controlled. G2: MIXED_OR_PROTOCOL; exact registered side effects listed,STATE_ADD,"Commit zero for invalid lane, scaled value when SCALE_MASK without add mask, else shared add result",STATE_ADD,"Commit zero for invalid lane, scaled value when SCALE_MASK without add mask, else shared add result; shift. Lane15 -> WRITE; otherwise lane++, ADD mode self else MULTIPLY.",CE_VECTOR:L24,rtl/blocks/vector/vit_vector_engine_fp32.sv,"L241-L259; STATE_ADD; guard=Commit zero for invalid lane, scaled value when SCALE_MASK without add mask, else shared add result; target=STATE_ADD; clause=1/2"
CE-VECTOR,vit_vector_engine_fp32,explicit,state,"STATE_IDLE,STATE_LOAD,STATE_MULTIPLY,STATE_ADD,STATE_WRITE,STATE_DONE",clk,rst (synchronous active-high),MIXED / protocol — khi vẽ: state-qualified outputs có thể xem là Moore-like; guard/input quyết định transition và registered micro-op là Mealy-controlled. G2: MIXED_OR_PROTOCOL; exact registered side effects listed,STATE_ADD,"otherwise lane++, ADD mode self else MULTIPLY.",STATE_ADD,"Commit zero for invalid lane, scaled value when SCALE_MASK without add mask, else shared add result; shift. Lane15 -> WRITE; otherwise lane++, ADD mode self else MULTIPLY.",CE_VECTOR:L24,rtl/blocks/vector/vit_vector_engine_fp32.sv,"L241-L259; STATE_ADD; guard=otherwise lane++, ADD mode self else MULTIPLY.; target=STATE_ADD; clause=2/2"
CE-VECTOR,vit_vector_engine_fp32,explicit,state,"STATE_IDLE,STATE_LOAD,STATE_MULTIPLY,STATE_ADD,STATE_WRITE,STATE_DONE",clk,rst (synchronous active-high),MIXED / protocol — khi vẽ: state-qualified outputs có thể xem là Moore-like; guard/input quyết định transition và registered micro-op là Mealy-controlled. G2: MIXED_OR_PROTOCOL; exact registered side effects listed,STATE_ADD,"otherwise lane++, ADD mode self else MULTIPLY.",STATE_MULTIPLY,"Commit zero for invalid lane, scaled value when SCALE_MASK without add mask, else shared add result; shift. Lane15 -> WRITE; otherwise lane++, ADD mode self else MULTIPLY.",CE_VECTOR:L24,rtl/blocks/vector/vit_vector_engine_fp32.sv,"L241-L259; STATE_ADD; guard=otherwise lane++, ADD mode self else MULTIPLY.; target=STATE_MULTIPLY; clause=1/1"
CE-VECTOR,vit_vector_engine_fp32,explicit,state,"STATE_IDLE,STATE_LOAD,STATE_MULTIPLY,STATE_ADD,STATE_WRITE,STATE_DONE",clk,rst (synchronous active-high),MIXED / protocol — khi vẽ: state-qualified outputs có thể xem là Moore-like; guard/input quyết định transition và registered micro-op là Mealy-controlled. G2: MIXED_OR_PROTOCOL; exact registered side effects listed,STATE_WRITE,"On ready, if element_base+16>=length -> DONE",STATE_DONE,"!result_ready: self. On ready, if element_base+16>=length -> DONE; else base+=16 -> LOAD.",CE_VECTOR:L25,rtl/blocks/vector/vit_vector_engine_fp32.sv,"L260-L271; STATE_WRITE; guard=On ready, if element_base+16>=length -> DONE; target=STATE_DONE; clause=1/1"
CE-VECTOR,vit_vector_engine_fp32,explicit,state,"STATE_IDLE,STATE_LOAD,STATE_MULTIPLY,STATE_ADD,STATE_WRITE,STATE_DONE",clk,rst (synchronous active-high),MIXED / protocol — khi vẽ: state-qualified outputs có thể xem là Moore-like; guard/input quyết định transition và registered micro-op là Mealy-controlled. G2: MIXED_OR_PROTOCOL; exact registered side effects listed,STATE_WRITE,else base+=16 -> LOAD.,STATE_LOAD,"!result_ready: self. On ready, if element_base+16>=length -> DONE; else base+=16 -> LOAD.",CE_VECTOR:L25,rtl/blocks/vector/vit_vector_engine_fp32.sv,L260-L271; STATE_WRITE; guard=else base+=16 -> LOAD.; target=STATE_LOAD; clause=1/1
CE-VECTOR,vit_vector_engine_fp32,explicit,state,"STATE_IDLE,STATE_LOAD,STATE_MULTIPLY,STATE_ADD,STATE_WRITE,STATE_DONE",clk,rst (synchronous active-high),MIXED / protocol — khi vẽ: state-qualified outputs có thể xem là Moore-like; guard/input quyết định transition và registered micro-op là Mealy-controlled. G2: MIXED_OR_PROTOCOL; exact registered side effects listed,STATE_DONE,Unconditionally IDLE.,STATE_IDLE,Unconditionally IDLE.,CE_VECTOR:L26,rtl/blocks/vector/vit_vector_engine_fp32.sv,L272-L275; STATE_DONE; guard=Unconditionally IDLE.; target=STATE_IDLE; clause=1/1
CE-LAYOUT,vit_layout_engine,explicit,state,"STATE_IDLE,STATE_VALIDATE,STATE_REQUEST,STATE_WRITE,STATE_DONE",clk,rst (synchronous active-high),MIXED / protocol — khi vẽ: state-qualified outputs có thể xem là Moore-like; guard/input quyết định transition và registered micro-op là Mealy-controlled. G2: MIXED_OR_PROTOCOL; exact registered side effects listed,STATE_IDLE,"start simultaneously starts validator and latches bank/base/dims1-2/strides, clears index/error -> VALIDATE.",STATE_VALIDATE,linear_output_index; config_error; active_src_bank; active_src_base; active_dst_base; active_dim1; active_dim2; active_src_stride0; active_src_stride1; active_src_stride2,CE_LAYOUT:L22,rtl/blocks/layout/vit_layout_engine.sv,"L155-L170; STATE_IDLE; guard=start simultaneously starts validator and latches bank/base/dims1-2/strides, clears index/error -> VALIDATE.; target=STATE_VALIDATE; clause=1/1"
CE-LAYOUT,vit_layout_engine,explicit,state,"STATE_IDLE,STATE_VALIDATE,STATE_REQUEST,STATE_WRITE,STATE_DONE",clk,rst (synchronous active-high),MIXED / protocol — khi vẽ: state-qualified outputs có thể xem là Moore-like; guard/input quyết định transition và registered micro-op là Mealy-controlled. G2: MIXED_OR_PROTOCOL; exact registered side effects listed,STATE_VALIDATE,pulse iterator start combinationally -> REQUEST.,STATE_REQUEST,active_total_words; config_error,CE_LAYOUT:L23,rtl/blocks/layout/vit_layout_engine.sv,L171-L182; STATE_VALIDATE; guard=pulse iterator start combinationally -> REQUEST.; target=STATE_REQUEST; clause=1/1
CE-LAYOUT,vit_layout_engine,explicit,state,"STATE_IDLE,STATE_VALIDATE,STATE_REQUEST,STATE_WRITE,STATE_DONE",clk,rst (synchronous active-high),MIXED / protocol — khi vẽ: state-qualified outputs có thể xem là Moore-like; guard/input quyết định transition và registered micro-op là Mealy-controlled. G2: MIXED_OR_PROTOCOL; exact registered side effects listed,STATE_VALIDATE,done&&!valid: error=1 -> DONE.,STATE_DONE,active_total_words; config_error,CE_LAYOUT:L23,rtl/blocks/layout/vit_layout_engine.sv,L171-L182; STATE_VALIDATE; guard=done&&!valid: error=1 -> DONE.; target=STATE_DONE; clause=1/1
CE-LAYOUT,vit_layout_engine,explicit,state,"STATE_IDLE,STATE_VALIDATE,STATE_REQUEST,STATE_WRITE,STATE_DONE",clk,rst (synchronous active-high),MIXED / protocol — khi vẽ: state-qualified outputs có thể xem là Moore-like; guard/input quyết định transition và registered micro-op là Mealy-controlled. G2: MIXED_OR_PROTOCOL; exact registered side effects listed,STATE_REQUEST,data_valid: capture dst_base+linear_index and source data -> WRITE,STATE_WRITE,result_address_reg; result_data_reg,CE_LAYOUT:L24,rtl/blocks/layout/vit_layout_engine.sv,L183-L190; STATE_REQUEST; guard=data_valid: capture dst_base+linear_index and source data -> WRITE; target=STATE_WRITE; clause=1/1
CE-LAYOUT,vit_layout_engine,explicit,state,"STATE_IDLE,STATE_VALIDATE,STATE_REQUEST,STATE_WRITE,STATE_DONE",clk,rst (synchronous active-high),MIXED / protocol — khi vẽ: state-qualified outputs có thể xem là Moore-like; guard/input quyết định transition và registered micro-op là Mealy-controlled. G2: MIXED_OR_PROTOCOL; exact registered side effects listed,STATE_WRITE,ready and last (index+1>=total) -> DONE.,STATE_DONE,linear_output_index,CE_LAYOUT:L25,rtl/blocks/layout/vit_layout_engine.sv,L191-L201; STATE_WRITE; guard=ready and last (index+1>=total) -> DONE.; target=STATE_DONE; clause=1/1
CE-LAYOUT,vit_layout_engine,explicit,state,"STATE_IDLE,STATE_VALIDATE,STATE_REQUEST,STATE_WRITE,STATE_DONE",clk,rst (synchronous active-high),MIXED / protocol — khi vẽ: state-qualified outputs có thể xem là Moore-like; guard/input quyết định transition và registered micro-op là Mealy-controlled. G2: MIXED_OR_PROTOCOL; exact registered side effects listed,STATE_WRITE,"ready,not-last: index++, pulse iterator advance -> REQUEST.",STATE_REQUEST,linear_output_index,CE_LAYOUT:L25,rtl/blocks/layout/vit_layout_engine.sv,"L191-L201; STATE_WRITE; guard=ready,not-last: index++, pulse iterator advance -> REQUEST.; target=STATE_REQUEST; clause=1/1"
CE-LAYOUT,vit_layout_engine,explicit,state,"STATE_IDLE,STATE_VALIDATE,STATE_REQUEST,STATE_WRITE,STATE_DONE",clk,rst (synchronous active-high),MIXED / protocol — khi vẽ: state-qualified outputs có thể xem là Moore-like; guard/input quyết định transition và registered micro-op là Mealy-controlled. G2: MIXED_OR_PROTOCOL; exact registered side effects listed,STATE_DONE,unconditional IDLE.,STATE_IDLE,CONTROL_ONLY,CE_LAYOUT:L26,rtl/blocks/layout/vit_layout_engine.sv,L202-L205; STATE_DONE; guard=unconditional IDLE.; target=STATE_IDLE; clause=1/1
CE-LAYOUT,vit_layout_engine,explicit,state,"STATE_IDLE,STATE_VALIDATE,STATE_REQUEST,STATE_WRITE,STATE_DONE",clk,rst (synchronous active-high),MIXED / protocol — khi vẽ: state-qualified outputs có thể xem là Moore-like; guard/input quyết định transition và registered micro-op là Mealy-controlled. G2: MIXED_OR_PROTOCOL; exact registered side effects listed,default,illegal 5..7/X-equivalent branch.,set config error and state IDLE; other registers hold.,state,CE_LAYOUT:L27,rtl/blocks/layout/vit_layout_engine.sv,L59-L65; default; guard=illegal 5..7/X-equivalent branch.; target=set config error and state IDLE; other registers hold.
CE-LAYOUT-VALIDATOR,vit_layout_descriptor_validator,explicit,state,"STATE_IDLE,STATE_TOTAL01_START,STATE_TOTAL01_WAIT,STATE_TOTAL2_START,STATE_TOTAL2_WAIT,STATE_STRIDE0_START,STATE_STRIDE0_WAIT,STATE_STRIDE1_START,STATE_STRIDE1_WAIT,STATE_STRIDE2_START,STATE_STRIDE2_WAIT,STATE_FINAL_CHECK,STATE_DONE",clk,rst (synchronous active-high),MIXED / protocol — khi vẽ: state-qualified outputs có thể xem là Moore-like; guard/input quyết định transition và registered micro-op là Mealy-controlled. G2: MIXED_OR_PROTOCOL; exact registered side effects listed,STATE_IDLE,Any dim zero -> DONE invalid,STATE_DONE,active_dst_base; active_dim0; active_dim1; active_dim2; active_stride0; active_stride1; active_stride2; dim01_product; maximum_source_address; descriptor_valid; total_words,CE_LAYOUT_VALIDATOR:L23,rtl/blocks/layout/vit_layout_descriptor_validator.sv,L134-L156; STATE_IDLE; guard=Any dim zero -> DONE invalid; target=STATE_DONE; clause=1/1
CE-LAYOUT-VALIDATOR,vit_layout_descriptor_validator,explicit,state,"STATE_IDLE,STATE_TOTAL01_START,STATE_TOTAL01_WAIT,STATE_TOTAL2_START,STATE_TOTAL2_WAIT,STATE_STRIDE0_START,STATE_STRIDE0_WAIT,STATE_STRIDE1_START,STATE_STRIDE1_WAIT,STATE_STRIDE2_START,STATE_STRIDE2_WAIT,STATE_FINAL_CHECK,STATE_DONE",clk,rst (synchronous active-high),MIXED / protocol — khi vẽ: state-qualified outputs có thể xem là Moore-like; guard/input quyết định transition và registered micro-op là Mealy-controlled. G2: MIXED_OR_PROTOCOL; exact registered side effects listed,STATE_IDLE,else TOTAL01_START.,STATE_TOTAL01_START,active_dst_base; active_dim0; active_dim1; active_dim2; active_stride0; active_stride1; active_stride2; dim01_product; maximum_source_address; descriptor_valid; total_words,CE_LAYOUT_VALIDATOR:L23,rtl/blocks/layout/vit_layout_descriptor_validator.sv,L134-L156; STATE_IDLE; guard=else TOTAL01_START.; target=STATE_TOTAL01_START; clause=1/1
CE-LAYOUT-VALIDATOR,vit_layout_descriptor_validator,explicit,state,"STATE_IDLE,STATE_TOTAL01_START,STATE_TOTAL01_WAIT,STATE_TOTAL2_START,STATE_TOTAL2_WAIT,STATE_STRIDE0_START,STATE_STRIDE0_WAIT,STATE_STRIDE1_START,STATE_STRIDE1_WAIT,STATE_STRIDE2_START,STATE_STRIDE2_WAIT,STATE_FINAL_CHECK,STATE_DONE",clk,rst (synchronous active-high),MIXED / protocol — khi vẽ: state-qualified outputs có thể xem là Moore-like; guard/input quyết định transition và registered micro-op là Mealy-controlled. G2: MIXED_OR_PROTOCOL; exact registered side effects listed,STATE_TOTAL01_START,unconditional TOTAL01_WAIT.,STATE_TOTAL01_WAIT,CONTROL_ONLY,CE_LAYOUT_VALIDATOR:L24,rtl/blocks/layout/vit_layout_descriptor_validator.sv,L157-L159; STATE_TOTAL01_START; guard=unconditional TOTAL01_WAIT.; target=STATE_TOTAL01_WAIT; clause=1/1
CE-LAYOUT-VALIDATOR,vit_layout_descriptor_validator,explicit,state,"STATE_IDLE,STATE_TOTAL01_START,STATE_TOTAL01_WAIT,STATE_TOTAL2_START,STATE_TOTAL2_WAIT,STATE_STRIDE0_START,STATE_STRIDE0_WAIT,STATE_STRIDE1_START,STATE_STRIDE1_WAIT,STATE_STRIDE2_START,STATE_STRIDE2_WAIT,STATE_FINAL_CHECK,STATE_DONE",clk,rst (synchronous active-high),MIXED / protocol — khi vẽ: state-qualified outputs có thể xem là Moore-like; guard/input quyết định transition và registered micro-op là Mealy-controlled. G2: MIXED_OR_PROTOCOL; exact registered side effects listed,STATE_TOTAL01_WAIT,done & high32!=0 -> DONE invalid,STATE_DONE,dim01_product,CE_LAYOUT_VALIDATOR:L25,rtl/blocks/layout/vit_layout_descriptor_validator.sv,L160-L170; STATE_TOTAL01_WAIT; guard=done & high32!=0 -> DONE invalid; target=STATE_DONE; clause=1/1
CE-LAYOUT-VALIDATOR,vit_layout_descriptor_validator,explicit,state,"STATE_IDLE,STATE_TOTAL01_START,STATE_TOTAL01_WAIT,STATE_TOTAL2_START,STATE_TOTAL2_WAIT,STATE_STRIDE0_START,STATE_STRIDE0_WAIT,STATE_STRIDE1_START,STATE_STRIDE1_WAIT,STATE_STRIDE2_START,STATE_STRIDE2_WAIT,STATE_FINAL_CHECK,STATE_DONE",clk,rst (synchronous active-high),MIXED / protocol — khi vẽ: state-qualified outputs có thể xem là Moore-like; guard/input quyết định transition và registered micro-op là Mealy-controlled. G2: MIXED_OR_PROTOCOL; exact registered side effects listed,STATE_TOTAL01_WAIT,else latch low32 -> TOTAL2_START.,STATE_TOTAL2_START,dim01_product,CE_LAYOUT_VALIDATOR:L25,rtl/blocks/layout/vit_layout_descriptor_validator.sv,L160-L170; STATE_TOTAL01_WAIT; guard=else latch low32 -> TOTAL2_START.; target=STATE_TOTAL2_START; clause=1/1
CE-LAYOUT-VALIDATOR,vit_layout_descriptor_validator,explicit,state,"STATE_IDLE,STATE_TOTAL01_START,STATE_TOTAL01_WAIT,STATE_TOTAL2_START,STATE_TOTAL2_WAIT,STATE_STRIDE0_START,STATE_STRIDE0_WAIT,STATE_STRIDE1_START,STATE_STRIDE1_WAIT,STATE_STRIDE2_START,STATE_STRIDE2_WAIT,STATE_FINAL_CHECK,STATE_DONE",clk,rst (synchronous active-high),MIXED / protocol — khi vẽ: state-qualified outputs có thể xem là Moore-like; guard/input quyết định transition và registered micro-op là Mealy-controlled. G2: MIXED_OR_PROTOCOL; exact registered side effects listed,STATE_TOTAL2_START,"overflow -> DONE; clean -> latch total_words, STRIDE0_START.",STATE_TOTAL2_WAIT,CONTROL_ONLY,CE_LAYOUT_VALIDATOR:L26,rtl/blocks/layout/vit_layout_descriptor_validator.sv,"L171-L173; STATE_TOTAL2_START; guard=overflow -> DONE; clean -> latch total_words, STRIDE0_START.; target=STATE_TOTAL2_WAIT; clause=1/1"
CE-LAYOUT-VALIDATOR,vit_layout_descriptor_validator,explicit,state,"STATE_IDLE,STATE_TOTAL01_START,STATE_TOTAL01_WAIT,STATE_TOTAL2_START,STATE_TOTAL2_WAIT,STATE_STRIDE0_START,STATE_STRIDE0_WAIT,STATE_STRIDE1_START,STATE_STRIDE1_WAIT,STATE_STRIDE2_START,STATE_STRIDE2_WAIT,STATE_FINAL_CHECK,STATE_DONE",clk,rst (synchronous active-high),MIXED / protocol — khi vẽ: state-qualified outputs có thể xem là Moore-like; guard/input quyết định transition và registered micro-op là Mealy-controlled. G2: MIXED_OR_PROTOCOL; exact registered side effects listed,STATE_TOTAL2_WAIT,overflow -> DONE,STATE_DONE,total_words,CE_LAYOUT_VALIDATOR:L26,rtl/blocks/layout/vit_layout_descriptor_validator.sv,L174-L184; STATE_TOTAL2_WAIT; guard=overflow -> DONE; target=STATE_DONE; clause=1/1
CE-LAYOUT-VALIDATOR,vit_layout_descriptor_validator,explicit,state,"STATE_IDLE,STATE_TOTAL01_START,STATE_TOTAL01_WAIT,STATE_TOTAL2_START,STATE_TOTAL2_WAIT,STATE_STRIDE0_START,STATE_STRIDE0_WAIT,STATE_STRIDE1_START,STATE_STRIDE1_WAIT,STATE_STRIDE2_START,STATE_STRIDE2_WAIT,STATE_FINAL_CHECK,STATE_DONE",clk,rst (synchronous active-high),MIXED / protocol — khi vẽ: state-qualified outputs có thể xem là Moore-like; guard/input quyết định transition và registered micro-op là Mealy-controlled. G2: MIXED_OR_PROTOCOL; exact registered side effects listed,STATE_TOTAL2_WAIT,"clean -> latch total_words, STRIDE0_START.",STATE_STRIDE0_START,total_words,CE_LAYOUT_VALIDATOR:L26,rtl/blocks/layout/vit_layout_descriptor_validator.sv,"L174-L184; STATE_TOTAL2_WAIT; guard=clean -> latch total_words, STRIDE0_START.; target=STATE_STRIDE0_START; clause=1/1"
CE-LAYOUT-VALIDATOR,vit_layout_descriptor_validator,explicit,state,"STATE_IDLE,STATE_TOTAL01_START,STATE_TOTAL01_WAIT,STATE_TOTAL2_START,STATE_TOTAL2_WAIT,STATE_STRIDE0_START,STATE_STRIDE0_WAIT,STATE_STRIDE1_START,STATE_STRIDE1_WAIT,STATE_STRIDE2_START,STATE_STRIDE2_WAIT,STATE_FINAL_CHECK,STATE_DONE",clk,rst (synchronous active-high),MIXED / protocol — khi vẽ: state-qualified outputs có thể xem là Moore-like; guard/input quyết định transition và registered micro-op là Mealy-controlled. G2: MIXED_OR_PROTOCOL; exact registered side effects listed,STATE_STRIDE0_START,on done add zero-extended 64-bit product into 66-bit maximum source -> STRIDE1_START.,STATE_STRIDE0_WAIT,CONTROL_ONLY,CE_LAYOUT_VALIDATOR:L27,rtl/blocks/layout/vit_layout_descriptor_validator.sv,L185-L187; STATE_STRIDE0_START; guard=on done add zero-extended 64-bit product into 66-bit maximum source -> STRIDE1_START.; target=STATE_STRIDE0_WAIT; clause=1/1
CE-LAYOUT-VALIDATOR,vit_layout_descriptor_validator,explicit,state,"STATE_IDLE,STATE_TOTAL01_START,STATE_TOTAL01_WAIT,STATE_TOTAL2_START,STATE_TOTAL2_WAIT,STATE_STRIDE0_START,STATE_STRIDE0_WAIT,STATE_STRIDE1_START,STATE_STRIDE1_WAIT,STATE_STRIDE2_START,STATE_STRIDE2_WAIT,STATE_FINAL_CHECK,STATE_DONE",clk,rst (synchronous active-high),MIXED / protocol — khi vẽ: state-qualified outputs có thể xem là Moore-like; guard/input quyết định transition và registered micro-op là Mealy-controlled. G2: MIXED_OR_PROTOCOL; exact registered side effects listed,STATE_STRIDE0_WAIT,on done add zero-extended 64-bit product into 66-bit maximum source -> STRIDE1_START.,STATE_STRIDE1_START,maximum_source_address,CE_LAYOUT_VALIDATOR:L27,rtl/blocks/layout/vit_layout_descriptor_validator.sv,L188-L196; STATE_STRIDE0_WAIT; guard=on done add zero-extended 64-bit product into 66-bit maximum source -> STRIDE1_START.; target=STATE_STRIDE1_START; clause=1/1
CE-LAYOUT-VALIDATOR,vit_layout_descriptor_validator,explicit,state,"STATE_IDLE,STATE_TOTAL01_START,STATE_TOTAL01_WAIT,STATE_TOTAL2_START,STATE_TOTAL2_WAIT,STATE_STRIDE0_START,STATE_STRIDE0_WAIT,STATE_STRIDE1_START,STATE_STRIDE1_WAIT,STATE_STRIDE2_START,STATE_STRIDE2_WAIT,STATE_FINAL_CHECK,STATE_DONE",clk,rst (synchronous active-high),MIXED / protocol — khi vẽ: state-qualified outputs có thể xem là Moore-like; guard/input quyết định transition và registered micro-op là Mealy-controlled. G2: MIXED_OR_PROTOCOL; exact registered side effects listed,STATE_STRIDE1_START,on done accumulate -> STRIDE2_START.,STATE_STRIDE1_WAIT,CONTROL_ONLY,CE_LAYOUT_VALIDATOR:L28,rtl/blocks/layout/vit_layout_descriptor_validator.sv,L197-L199; STATE_STRIDE1_START; guard=on done accumulate -> STRIDE2_START.; target=STATE_STRIDE1_WAIT; clause=1/1
CE-LAYOUT-VALIDATOR,vit_layout_descriptor_validator,explicit,state,"STATE_IDLE,STATE_TOTAL01_START,STATE_TOTAL01_WAIT,STATE_TOTAL2_START,STATE_TOTAL2_WAIT,STATE_STRIDE0_START,STATE_STRIDE0_WAIT,STATE_STRIDE1_START,STATE_STRIDE1_WAIT,STATE_STRIDE2_START,STATE_STRIDE2_WAIT,STATE_FINAL_CHECK,STATE_DONE",clk,rst (synchronous active-high),MIXED / protocol — khi vẽ: state-qualified outputs có thể xem là Moore-like; guard/input quyết định transition và registered micro-op là Mealy-controlled. G2: MIXED_OR_PROTOCOL; exact registered side effects listed,STATE_STRIDE1_WAIT,on done accumulate -> STRIDE2_START.,STATE_STRIDE2_START,maximum_source_address,CE_LAYOUT_VALIDATOR:L28,rtl/blocks/layout/vit_layout_descriptor_validator.sv,L200-L208; STATE_STRIDE1_WAIT; guard=on done accumulate -> STRIDE2_START.; target=STATE_STRIDE2_START; clause=1/1
CE-LAYOUT-VALIDATOR,vit_layout_descriptor_validator,explicit,state,"STATE_IDLE,STATE_TOTAL01_START,STATE_TOTAL01_WAIT,STATE_TOTAL2_START,STATE_TOTAL2_WAIT,STATE_STRIDE0_START,STATE_STRIDE0_WAIT,STATE_STRIDE1_START,STATE_STRIDE1_WAIT,STATE_STRIDE2_START,STATE_STRIDE2_WAIT,STATE_FINAL_CHECK,STATE_DONE",clk,rst (synchronous active-high),MIXED / protocol — khi vẽ: state-qualified outputs có thể xem là Moore-like; guard/input quyết định transition và registered micro-op là Mealy-controlled. G2: MIXED_OR_PROTOCOL; exact registered side effects listed,STATE_STRIDE2_START,on done accumulate -> FINAL_CHECK.,STATE_STRIDE2_WAIT,CONTROL_ONLY,CE_LAYOUT_VALIDATOR:L29,rtl/blocks/layout/vit_layout_descriptor_validator.sv,L209-L211; STATE_STRIDE2_START; guard=on done accumulate -> FINAL_CHECK.; target=STATE_STRIDE2_WAIT; clause=1/1
CE-LAYOUT-VALIDATOR,vit_layout_descriptor_validator,explicit,state,"STATE_IDLE,STATE_TOTAL01_START,STATE_TOTAL01_WAIT,STATE_TOTAL2_START,STATE_TOTAL2_WAIT,STATE_STRIDE0_START,STATE_STRIDE0_WAIT,STATE_STRIDE1_START,STATE_STRIDE1_WAIT,STATE_STRIDE2_START,STATE_STRIDE2_WAIT,STATE_FINAL_CHECK,STATE_DONE",clk,rst (synchronous active-high),MIXED / protocol — khi vẽ: state-qualified outputs có thể xem là Moore-like; guard/input quyết định transition và registered micro-op là Mealy-controlled. G2: MIXED_OR_PROTOCOL; exact registered side effects listed,STATE_STRIDE2_WAIT,on done accumulate -> FINAL_CHECK.,STATE_FINAL_CHECK,maximum_source_address,CE_LAYOUT_VALIDATOR:L29,rtl/blocks/layout/vit_layout_descriptor_validator.sv,L212-L220; STATE_STRIDE2_WAIT; guard=on done accumulate -> FINAL_CHECK.; target=STATE_FINAL_CHECK; clause=1/1
CE-LAYOUT-VALIDATOR,vit_layout_descriptor_validator,explicit,state,"STATE_IDLE,STATE_TOTAL01_START,STATE_TOTAL01_WAIT,STATE_TOTAL2_START,STATE_TOTAL2_WAIT,STATE_STRIDE0_START,STATE_STRIDE0_WAIT,STATE_STRIDE1_START,STATE_STRIDE1_WAIT,STATE_STRIDE2_START,STATE_STRIDE2_WAIT,STATE_FINAL_CHECK,STATE_DONE",clk,rst (synchronous active-high),MIXED / protocol — khi vẽ: state-qualified outputs có thể xem là Moore-like; guard/input quyết định transition và registered micro-op là Mealy-controlled. G2: MIXED_OR_PROTOCOL; exact registered side effects listed,STATE_FINAL_CHECK,-> DONE.,STATE_DONE,descriptor_valid,CE_LAYOUT_VALIDATOR:L30,rtl/blocks/layout/vit_layout_descriptor_validator.sv,L221-L227; STATE_FINAL_CHECK; guard=-> DONE.; target=STATE_DONE; clause=1/1
CE-LAYOUT-VALIDATOR,vit_layout_descriptor_validator,explicit,state,"STATE_IDLE,STATE_TOTAL01_START,STATE_TOTAL01_WAIT,STATE_TOTAL2_START,STATE_TOTAL2_WAIT,STATE_STRIDE0_START,STATE_STRIDE0_WAIT,STATE_STRIDE1_START,STATE_STRIDE1_WAIT,STATE_STRIDE2_START,STATE_STRIDE2_WAIT,STATE_FINAL_CHECK,STATE_DONE",clk,rst (synchronous active-high),MIXED / protocol — khi vẽ: state-qualified outputs có thể xem là Moore-like; guard/input quyết định transition và registered micro-op là Mealy-controlled. G2: MIXED_OR_PROTOCOL; exact registered side effects listed,STATE_DONE,unconditional IDLE.,STATE_IDLE,CONTROL_ONLY,CE_LAYOUT_VALIDATOR:L31,rtl/blocks/layout/vit_layout_descriptor_validator.sv,L228-L230; STATE_DONE; guard=unconditional IDLE.; target=STATE_IDLE; clause=1/1
CE-LAYOUT-VALIDATOR,vit_layout_descriptor_validator,explicit,state,"STATE_IDLE,STATE_TOTAL01_START,STATE_TOTAL01_WAIT,STATE_TOTAL2_START,STATE_TOTAL2_WAIT,STATE_STRIDE0_START,STATE_STRIDE0_WAIT,STATE_STRIDE1_START,STATE_STRIDE1_WAIT,STATE_STRIDE2_START,STATE_STRIDE2_WAIT,STATE_FINAL_CHECK,STATE_DONE",clk,rst (synchronous active-high),MIXED / protocol — khi vẽ: state-qualified outputs có thể xem là Moore-like; guard/input quyết định transition và registered micro-op là Mealy-controlled. G2: MIXED_OR_PROTOCOL; exact registered side effects listed,default 13..15,illegal recovery.,valid=0; IDLE; other registers hold.,state,CE_LAYOUT_VALIDATOR:L32,rtl/blocks/layout/vit_layout_descriptor_validator.sv,L24-L38; default 13..15; guard=illegal recovery.; target=valid=0; IDLE; other registers hold.
CE-LAYOUT-ITERATOR,vit_layout_address_generator,implicit,index1; index2,INNER/OUTER ADVANCE/DONE,clk,rst (synchronous active-high),Implicit protocol automaton — không nên ép thành Moore hoặc Mealy thuần; vẽ theo mode/occupancy/valid tracker + guard. G2: MIXED_OR_PROTOCOL; exact registered side effects listed,UNINITIALIZED/HOLD,after reset or whenever neither start nor advance; indefinite.,All registers hold; output is registered source_address.,All registers hold; output is registered source_address.,CE_LAYOUT_ITERATOR:L21,rtl/blocks/layout/vit_layout_address_generator.sv,L24; UNINITIALIZED/HOLD; guard=after reset or whenever neither start nor advance; indefinite.; target=All registers hold; output is registered source_address.
CE-LAYOUT-ITERATOR,vit_layout_address_generator,implicit,index1; index2,INNER/OUTER ADVANCE/DONE,clk,rst (synchronous active-high),Implicit protocol automaton — không nên ép thành Moore hoặc Mealy thuần; vẽ theo mode/occupancy/valid tracker + guard. G2: MIXED_OR_PROTOCOL; exact registered side effects listed,LOAD_ORIGIN,"start=1, one edge; wins if advance is also 1.",Capture dim1/dim2/strides; set both indices=0 and plane/row/source address=cfg_src_base.,Capture dim1/dim2/strides; set both indices=0 and plane/row/source address=cfg_src_base.,CE_LAYOUT_ITERATOR:L22,rtl/blocks/layout/vit_layout_address_generator.sv,"L24; LOAD_ORIGIN; guard=start=1, one edge; wins if advance is also 1.; target=Capture dim1/dim2/strides; set both indices=0 and plane/row/source address=cfg_src_base."
CE-LAYOUT-ITERATOR,vit_layout_address_generator,implicit,index1; index2,INNER/OUTER ADVANCE/DONE,clk,rst (synchronous active-high),Implicit protocol automaton — không nên ép thành Moore hoặc Mealy thuần; vẽ theo mode/occupancy/valid tracker + guard. G2: MIXED_OR_PROTOCOL; exact registered side effects listed,STEP_INNER,advance and index2+1<dim2.,index2++; source += stride2.,index2++; source += stride2.,CE_LAYOUT_ITERATOR:L23,rtl/blocks/layout/vit_layout_address_generator.sv,L24; STEP_INNER; guard=advance and index2+1<dim2.; target=index2++; source += stride2.
CE-LAYOUT-ITERATOR,vit_layout_address_generator,implicit,index1; index2,INNER/OUTER ADVANCE/DONE,clk,rst (synchronous active-high),Implicit protocol automaton — không nên ép thành Moore hoặc Mealy thuần; vẽ theo mode/occupancy/valid tracker + guard. G2: MIXED_OR_PROTOCOL; exact registered side effects listed,STEP_ROW,"advance, inner false, index1+1<dim1.",index1++; index2=0; row base += stride1; source=old row base+stride1.,index1++; index2=0; row base += stride1; source=old row base+stride1.,CE_LAYOUT_ITERATOR:L24,rtl/blocks/layout/vit_layout_address_generator.sv,"L24; STEP_ROW; guard=advance, inner false, index1+1<dim1.; target=index1++; index2=0; row base += stride1; source=old row base+stride1."
CE-LAYOUT-ITERATOR,vit_layout_address_generator,implicit,index1; index2,INNER/OUTER ADVANCE/DONE,clk,rst (synchronous active-high),Implicit protocol automaton — không nên ép thành Moore hoặc Mealy thuần; vẽ theo mode/occupancy/valid tracker + guard. G2: MIXED_OR_PROTOCOL; exact registered side effects listed,STEP_PLANE,advance and both prior predicates false.,index1=index2=0; plane base += stride0; row/source=old plane base+stride0.,index1=index2=0; plane base += stride0; row/source=old plane base+stride0.,CE_LAYOUT_ITERATOR:L25,rtl/blocks/layout/vit_layout_address_generator.sv,L24; STEP_PLANE; guard=advance and both prior predicates false.; target=index1=index2=0; plane base += stride0; row/source=old plane base+stride0.
CE-LAYERNORM,vit_layernorm_engine_fp32,explicit,state,"STATE_IDLE,STATE_TOTAL_START,STATE_TOTAL_WAIT,STATE_RECIP_START,STATE_RECIP_WAIT,STATE_SUM_READ,STATE_SUM_ADD,STATE_MEAN_SCALE,STATE_VARIANCE_READ,STATE_VARIANCE_CACHE_WAIT,STATE_VARIANCE_CENTER,STATE_VARIANCE_SQUARE,STATE_VARIANCE_ADD,STATE_VARIANCE_SCALE,STATE_EPSILON_ADD,STATE_INV_STD_INIT,STATE_RSQRT_SQUARE,STATE_RSQRT_OPERAND,STATE_RSQRT_HALF,STATE_RSQRT_CORRECTION,STATE_RSQRT_ESTIMATE,STATE_AFFINE_READ,STATE_AFFINE_CACHE_WAIT,STATE_AFFINE_CENTER,STATE_AFFINE_NORMALIZE,STATE_AFFINE_GAMMA,STATE_AFFINE_BETA,STATE_AFFINE_WRITE,STATE_DONE",clk,rst (synchronous active-high),MIXED / protocol — khi vẽ: state-qualified outputs có thể xem là Moore-like; guard/input quyết định transition và registered micro-op là Mealy-controlled. G2: MIXED_OR_PROTOCOL; exact registered side effects listed,STATE_IDLE,"Invalid token/hidden zero, epsilon exponent ff, or negative nonzero epsilon -> error,DONE.",STATE_DONE,"No start self. Start clears token/channel/statistics and selects buffer iff enabled, depth>0, hidden<=1024. Invalid token/hidden zero, epsilon exponent ff, or negative nonzero epsilon -> error,DONE. Else latch config -> TOTAL_START.",CE_LAYERNORM:L26,rtl/blocks/layernorm/vit_layernorm_engine_fp32.sv,"L440-L472; STATE_IDLE; guard=Invalid token/hidden zero, epsilon exponent ff, or negative nonzero epsilon -> error,DONE.; target=STATE_DONE; clause=1/1"
CE-LAYERNORM,vit_layernorm_engine_fp32,explicit,state,"STATE_IDLE,STATE_TOTAL_START,STATE_TOTAL_WAIT,STATE_RECIP_START,STATE_RECIP_WAIT,STATE_SUM_READ,STATE_SUM_ADD,STATE_MEAN_SCALE,STATE_VARIANCE_READ,STATE_VARIANCE_CACHE_WAIT,STATE_VARIANCE_CENTER,STATE_VARIANCE_SQUARE,STATE_VARIANCE_ADD,STATE_VARIANCE_SCALE,STATE_EPSILON_ADD,STATE_INV_STD_INIT,STATE_RSQRT_SQUARE,STATE_RSQRT_OPERAND,STATE_RSQRT_HALF,STATE_RSQRT_CORRECTION,STATE_RSQRT_ESTIMATE,STATE_AFFINE_READ,STATE_AFFINE_CACHE_WAIT,STATE_AFFINE_CENTER,STATE_AFFINE_NORMALIZE,STATE_AFFINE_GAMMA,STATE_AFFINE_BETA,STATE_AFFINE_WRITE,STATE_DONE",clk,rst (synchronous active-high),MIXED / protocol — khi vẽ: state-qualified outputs có thể xem là Moore-like; guard/input quyết định transition và registered micro-op là Mealy-controlled. G2: MIXED_OR_PROTOCOL; exact registered side effects listed,STATE_IDLE,Else latch config -> TOTAL_START.,STATE_TOTAL_START,"No start self. Start clears token/channel/statistics and selects buffer iff enabled, depth>0, hidden<=1024. Invalid token/hidden zero, epsilon exponent ff, or negative nonzero epsilon -> error,DONE. Else latch config -> TOTAL_START.",CE_LAYERNORM:L26,rtl/blocks/layernorm/vit_layernorm_engine_fp32.sv,L440-L472; STATE_IDLE; guard=Else latch config -> TOTAL_START.; target=STATE_TOTAL_START; clause=1/1
CE-LAYERNORM,vit_layernorm_engine_fp32,explicit,state,"STATE_IDLE,STATE_TOTAL_START,STATE_TOTAL_WAIT,STATE_RECIP_START,STATE_RECIP_WAIT,STATE_SUM_READ,STATE_SUM_ADD,STATE_MEAN_SCALE,STATE_VARIANCE_READ,STATE_VARIANCE_CACHE_WAIT,STATE_VARIANCE_CENTER,STATE_VARIANCE_SQUARE,STATE_VARIANCE_ADD,STATE_VARIANCE_SCALE,STATE_EPSILON_ADD,STATE_INV_STD_INIT,STATE_RSQRT_SQUARE,STATE_RSQRT_OPERAND,STATE_RSQRT_HALF,STATE_RSQRT_CORRECTION,STATE_RSQRT_ESTIMATE,STATE_AFFINE_READ,STATE_AFFINE_CACHE_WAIT,STATE_AFFINE_CENTER,STATE_AFFINE_NORMALIZE,STATE_AFFINE_GAMMA,STATE_AFFINE_BETA,STATE_AFFINE_WRITE,STATE_DONE",clk,rst (synchronous active-high),MIXED / protocol — khi vẽ: state-qualified outputs có thể xem là Moore-like; guard/input quyết định transition và registered micro-op là Mealy-controlled. G2: MIXED_OR_PROTOCOL; exact registered side effects listed,STATE_TOTAL_START,unconditional TOTAL_WAIT.,STATE_TOTAL_WAIT,One edge; asserts u32 multiply start for token_count*hidden_size; unconditional TOTAL_WAIT.,CE_LAYERNORM:L27,rtl/blocks/layernorm/vit_layernorm_engine_fp32.sv,L473-L476; STATE_TOTAL_START; guard=unconditional TOTAL_WAIT.; target=STATE_TOTAL_WAIT; clause=1/1
CE-LAYERNORM,vit_layernorm_engine_fp32,explicit,state,"STATE_IDLE,STATE_TOTAL_START,STATE_TOTAL_WAIT,STATE_RECIP_START,STATE_RECIP_WAIT,STATE_SUM_READ,STATE_SUM_ADD,STATE_MEAN_SCALE,STATE_VARIANCE_READ,STATE_VARIANCE_CACHE_WAIT,STATE_VARIANCE_CENTER,STATE_VARIANCE_SQUARE,STATE_VARIANCE_ADD,STATE_VARIANCE_SCALE,STATE_EPSILON_ADD,STATE_INV_STD_INIT,STATE_RSQRT_SQUARE,STATE_RSQRT_OPERAND,STATE_RSQRT_HALF,STATE_RSQRT_CORRECTION,STATE_RSQRT_ESTIMATE,STATE_AFFINE_READ,STATE_AFFINE_CACHE_WAIT,STATE_AFFINE_CENTER,STATE_AFFINE_NORMALIZE,STATE_AFFINE_GAMMA,STATE_AFFINE_BETA,STATE_AFFINE_WRITE,STATE_DONE",clk,rst (synchronous active-high),MIXED / protocol — khi vẽ: state-qualified outputs có thể xem là Moore-like; guard/input quyết định transition và registered micro-op là Mealy-controlled. G2: MIXED_OR_PROTOCOL; exact registered side effects listed,STATE_TOTAL_WAIT,"High product bits nonzero -> error,DONE",STATE_DONE,"Self until helper done. High product bits nonzero -> error,DONE; clean -> RECIP_START.",CE_LAYERNORM:L28,rtl/blocks/layernorm/vit_layernorm_engine_fp32.sv,"L477-L487; STATE_TOTAL_WAIT; guard=High product bits nonzero -> error,DONE; target=STATE_DONE; clause=1/1"
CE-LAYERNORM,vit_layernorm_engine_fp32,explicit,state,"STATE_IDLE,STATE_TOTAL_START,STATE_TOTAL_WAIT,STATE_RECIP_START,STATE_RECIP_WAIT,STATE_SUM_READ,STATE_SUM_ADD,STATE_MEAN_SCALE,STATE_VARIANCE_READ,STATE_VARIANCE_CACHE_WAIT,STATE_VARIANCE_CENTER,STATE_VARIANCE_SQUARE,STATE_VARIANCE_ADD,STATE_VARIANCE_SCALE,STATE_EPSILON_ADD,STATE_INV_STD_INIT,STATE_RSQRT_SQUARE,STATE_RSQRT_OPERAND,STATE_RSQRT_HALF,STATE_RSQRT_CORRECTION,STATE_RSQRT_ESTIMATE,STATE_AFFINE_READ,STATE_AFFINE_CACHE_WAIT,STATE_AFFINE_CENTER,STATE_AFFINE_NORMALIZE,STATE_AFFINE_GAMMA,STATE_AFFINE_BETA,STATE_AFFINE_WRITE,STATE_DONE",clk,rst (synchronous active-high),MIXED / protocol — khi vẽ: state-qualified outputs có thể xem là Moore-like; guard/input quyết định transition và registered micro-op là Mealy-controlled. G2: MIXED_OR_PROTOCOL; exact registered side effects listed,STATE_TOTAL_WAIT,clean -> RECIP_START.,STATE_RECIP_START,"Self until helper done. High product bits nonzero -> error,DONE; clean -> RECIP_START.",CE_LAYERNORM:L28,rtl/blocks/layernorm/vit_layernorm_engine_fp32.sv,L477-L487; STATE_TOTAL_WAIT; guard=clean -> RECIP_START.; target=STATE_RECIP_START; clause=1/1
CE-LAYERNORM,vit_layernorm_engine_fp32,explicit,state,"STATE_IDLE,STATE_TOTAL_START,STATE_TOTAL_WAIT,STATE_RECIP_START,STATE_RECIP_WAIT,STATE_SUM_READ,STATE_SUM_ADD,STATE_MEAN_SCALE,STATE_VARIANCE_READ,STATE_VARIANCE_CACHE_WAIT,STATE_VARIANCE_CENTER,STATE_VARIANCE_SQUARE,STATE_VARIANCE_ADD,STATE_VARIANCE_SCALE,STATE_EPSILON_ADD,STATE_INV_STD_INIT,STATE_RSQRT_SQUARE,STATE_RSQRT_OPERAND,STATE_RSQRT_HALF,STATE_RSQRT_CORRECTION,STATE_RSQRT_ESTIMATE,STATE_AFFINE_READ,STATE_AFFINE_CACHE_WAIT,STATE_AFFINE_CENTER,STATE_AFFINE_NORMALIZE,STATE_AFFINE_GAMMA,STATE_AFFINE_BETA,STATE_AFFINE_WRITE,STATE_DONE",clk,rst (synchronous active-high),MIXED / protocol — khi vẽ: state-qualified outputs có thể xem là Moore-like; guard/input quyết định transition và registered micro-op là Mealy-controlled. G2: MIXED_OR_PROTOCOL; exact registered side effects listed,STATE_RECIP_START,unconditional RECIP_WAIT.,STATE_RECIP_WAIT,One edge; asserts serial 1/hidden_size start; unconditional RECIP_WAIT.,CE_LAYERNORM:L29,rtl/blocks/layernorm/vit_layernorm_engine_fp32.sv,L488-L491; STATE_RECIP_START; guard=unconditional RECIP_WAIT.; target=STATE_RECIP_WAIT; clause=1/1
CE-LAYERNORM,vit_layernorm_engine_fp32,explicit,state,"STATE_IDLE,STATE_TOTAL_START,STATE_TOTAL_WAIT,STATE_RECIP_START,STATE_RECIP_WAIT,STATE_SUM_READ,STATE_SUM_ADD,STATE_MEAN_SCALE,STATE_VARIANCE_READ,STATE_VARIANCE_CACHE_WAIT,STATE_VARIANCE_CENTER,STATE_VARIANCE_SQUARE,STATE_VARIANCE_ADD,STATE_VARIANCE_SCALE,STATE_EPSILON_ADD,STATE_INV_STD_INIT,STATE_RSQRT_SQUARE,STATE_RSQRT_OPERAND,STATE_RSQRT_HALF,STATE_RSQRT_CORRECTION,STATE_RSQRT_ESTIMATE,STATE_AFFINE_READ,STATE_AFFINE_CACHE_WAIT,STATE_AFFINE_CENTER,STATE_AFFINE_NORMALIZE,STATE_AFFINE_GAMMA,STATE_AFFINE_BETA,STATE_AFFINE_WRITE,STATE_DONE",clk,rst (synchronous active-high),MIXED / protocol — khi vẽ: state-qualified outputs có thể xem là Moore-like; guard/input quyết định transition và registered micro-op là Mealy-controlled. G2: MIXED_OR_PROTOCOL; exact registered side effects listed,STATE_RECIP_WAIT,then latch binary32 reciprocal -> SUM_READ.,STATE_SUM_READ,Self until done; then latch binary32 reciprocal -> SUM_READ.,CE_LAYERNORM:L30,rtl/blocks/layernorm/vit_layernorm_engine_fp32.sv,L492-L499; STATE_RECIP_WAIT; guard=then latch binary32 reciprocal -> SUM_READ.; target=STATE_SUM_READ; clause=1/1
CE-LAYERNORM,vit_layernorm_engine_fp32,explicit,state,"STATE_IDLE,STATE_TOTAL_START,STATE_TOTAL_WAIT,STATE_RECIP_START,STATE_RECIP_WAIT,STATE_SUM_READ,STATE_SUM_ADD,STATE_MEAN_SCALE,STATE_VARIANCE_READ,STATE_VARIANCE_CACHE_WAIT,STATE_VARIANCE_CENTER,STATE_VARIANCE_SQUARE,STATE_VARIANCE_ADD,STATE_VARIANCE_SCALE,STATE_EPSILON_ADD,STATE_INV_STD_INIT,STATE_RSQRT_SQUARE,STATE_RSQRT_OPERAND,STATE_RSQRT_HALF,STATE_RSQRT_CORRECTION,STATE_RSQRT_ESTIMATE,STATE_AFFINE_READ,STATE_AFFINE_CACHE_WAIT,STATE_AFFINE_CENTER,STATE_AFFINE_NORMALIZE,STATE_AFFINE_GAMMA,STATE_AFFINE_BETA,STATE_AFFINE_WRITE,STATE_DONE",clk,rst (synchronous active-high),MIXED / protocol — khi vẽ: state-qualified outputs có thể xem là Moore-like; guard/input quyết định transition và registered micro-op là Mealy-controlled. G2: MIXED_OR_PROTOCOL; exact registered side effects listed,STATE_SUM_READ,"On valid latch sample and, in buffered mode, write sample BRAM -> SUM_ADD.",STATE_SUM_ADD,"request/pass=MEAN; self until input_valid. On valid latch sample and, in buffered mode, write sample BRAM -> SUM_ADD.",CE_LAYERNORM:L31,rtl/blocks/layernorm/vit_layernorm_engine_fp32.sv,"L500-L506; STATE_SUM_READ; guard=On valid latch sample and, in buffered mode, write sample BRAM -> SUM_ADD.; target=STATE_SUM_ADD; clause=1/1"
CE-LAYERNORM,vit_layernorm_engine_fp32,explicit,state,"STATE_IDLE,STATE_TOTAL_START,STATE_TOTAL_WAIT,STATE_RECIP_START,STATE_RECIP_WAIT,STATE_SUM_READ,STATE_SUM_ADD,STATE_MEAN_SCALE,STATE_VARIANCE_READ,STATE_VARIANCE_CACHE_WAIT,STATE_VARIANCE_CENTER,STATE_VARIANCE_SQUARE,STATE_VARIANCE_ADD,STATE_VARIANCE_SCALE,STATE_EPSILON_ADD,STATE_INV_STD_INIT,STATE_RSQRT_SQUARE,STATE_RSQRT_OPERAND,STATE_RSQRT_HALF,STATE_RSQRT_CORRECTION,STATE_RSQRT_ESTIMATE,STATE_AFFINE_READ,STATE_AFFINE_CACHE_WAIT,STATE_AFFINE_CENTER,STATE_AFFINE_NORMALIZE,STATE_AFFINE_GAMMA,STATE_AFFINE_BETA,STATE_AFFINE_WRITE,STATE_DONE",clk,rst (synchronous active-high),MIXED / protocol — khi vẽ: state-qualified outputs có thể xem là Moore-like; guard/input quyết định transition và registered micro-op là Mealy-controlled. G2: MIXED_OR_PROTOCOL; exact registered side effects listed,STATE_SUM_ADD,Last channel resets channel -> MEAN_SCALE,STATE_MEAN_SCALE,Commit shared FP32 add into sum. Last channel resets channel -> MEAN_SCALE; otherwise channel++ -> SUM_READ.,CE_LAYERNORM:L32,rtl/blocks/layernorm/vit_layernorm_engine_fp32.sv,L507-L518; STATE_SUM_ADD; guard=Last channel resets channel -> MEAN_SCALE; target=STATE_MEAN_SCALE; clause=1/1
CE-LAYERNORM,vit_layernorm_engine_fp32,explicit,state,"STATE_IDLE,STATE_TOTAL_START,STATE_TOTAL_WAIT,STATE_RECIP_START,STATE_RECIP_WAIT,STATE_SUM_READ,STATE_SUM_ADD,STATE_MEAN_SCALE,STATE_VARIANCE_READ,STATE_VARIANCE_CACHE_WAIT,STATE_VARIANCE_CENTER,STATE_VARIANCE_SQUARE,STATE_VARIANCE_ADD,STATE_VARIANCE_SCALE,STATE_EPSILON_ADD,STATE_INV_STD_INIT,STATE_RSQRT_SQUARE,STATE_RSQRT_OPERAND,STATE_RSQRT_HALF,STATE_RSQRT_CORRECTION,STATE_RSQRT_ESTIMATE,STATE_AFFINE_READ,STATE_AFFINE_CACHE_WAIT,STATE_AFFINE_CENTER,STATE_AFFINE_NORMALIZE,STATE_AFFINE_GAMMA,STATE_AFFINE_BETA,STATE_AFFINE_WRITE,STATE_DONE",clk,rst (synchronous active-high),MIXED / protocol — khi vẽ: state-qualified outputs có thể xem là Moore-like; guard/input quyết định transition và registered micro-op là Mealy-controlled. G2: MIXED_OR_PROTOCOL; exact registered side effects listed,STATE_SUM_ADD,otherwise channel++ -> SUM_READ.,STATE_SUM_READ,Commit shared FP32 add into sum. Last channel resets channel -> MEAN_SCALE; otherwise channel++ -> SUM_READ.,CE_LAYERNORM:L32,rtl/blocks/layernorm/vit_layernorm_engine_fp32.sv,L507-L518; STATE_SUM_ADD; guard=otherwise channel++ -> SUM_READ.; target=STATE_SUM_READ; clause=1/1
CE-LAYERNORM,vit_layernorm_engine_fp32,explicit,state,"STATE_IDLE,STATE_TOTAL_START,STATE_TOTAL_WAIT,STATE_RECIP_START,STATE_RECIP_WAIT,STATE_SUM_READ,STATE_SUM_ADD,STATE_MEAN_SCALE,STATE_VARIANCE_READ,STATE_VARIANCE_CACHE_WAIT,STATE_VARIANCE_CENTER,STATE_VARIANCE_SQUARE,STATE_VARIANCE_ADD,STATE_VARIANCE_SCALE,STATE_EPSILON_ADD,STATE_INV_STD_INIT,STATE_RSQRT_SQUARE,STATE_RSQRT_OPERAND,STATE_RSQRT_HALF,STATE_RSQRT_CORRECTION,STATE_RSQRT_ESTIMATE,STATE_AFFINE_READ,STATE_AFFINE_CACHE_WAIT,STATE_AFFINE_CENTER,STATE_AFFINE_NORMALIZE,STATE_AFFINE_GAMMA,STATE_AFFINE_BETA,STATE_AFFINE_WRITE,STATE_DONE",clk,rst (synchronous active-high),MIXED / protocol — khi vẽ: state-qualified outputs có thể xem là Moore-like; guard/input quyết định transition và registered micro-op là Mealy-controlled. G2: MIXED_OR_PROTOCOL; exact registered side effects listed,STATE_MEAN_SCALE,clear variance/channel -> VARIANCE_READ.,STATE_VARIANCE_READ,Commit sum*(1/hidden) as token mean; clear variance/channel -> VARIANCE_READ.,CE_LAYERNORM:L33,rtl/blocks/layernorm/vit_layernorm_engine_fp32.sv,L519-L525; STATE_MEAN_SCALE; guard=clear variance/channel -> VARIANCE_READ.; target=STATE_VARIANCE_READ; clause=1/1
CE-LAYERNORM,vit_layernorm_engine_fp32,explicit,state,"STATE_IDLE,STATE_TOTAL_START,STATE_TOTAL_WAIT,STATE_RECIP_START,STATE_RECIP_WAIT,STATE_SUM_READ,STATE_SUM_ADD,STATE_MEAN_SCALE,STATE_VARIANCE_READ,STATE_VARIANCE_CACHE_WAIT,STATE_VARIANCE_CENTER,STATE_VARIANCE_SQUARE,STATE_VARIANCE_ADD,STATE_VARIANCE_SCALE,STATE_EPSILON_ADD,STATE_INV_STD_INIT,STATE_RSQRT_SQUARE,STATE_RSQRT_OPERAND,STATE_RSQRT_HALF,STATE_RSQRT_CORRECTION,STATE_RSQRT_ESTIMATE,STATE_AFFINE_READ,STATE_AFFINE_CACHE_WAIT,STATE_AFFINE_CENTER,STATE_AFFINE_NORMALIZE,STATE_AFFINE_GAMMA,STATE_AFFINE_BETA,STATE_AFFINE_WRITE,STATE_DONE",clk,rst (synchronous active-high),MIXED / protocol — khi vẽ: state-qualified outputs có thể xem là Moore-like; guard/input quyết định transition và registered micro-op là Mealy-controlled. G2: MIXED_OR_PROTOCOL; exact registered side effects listed,STATE_VARIANCE_READ,"Buffered: issue synchronous sample read and immediately -> CACHE_WAIT. Unbuffered: self until input_valid, latch sample -> VARIANCE_CENTER.",STATE_VARIANCE_CACHE_WAIT,"Buffered: issue synchronous sample read and immediately -> CACHE_WAIT. Unbuffered: self until input_valid, latch sample -> VARIANCE_CENTER.",CE_LAYERNORM:L34,rtl/blocks/layernorm/vit_layernorm_engine_fp32.sv,"L526-L534; STATE_VARIANCE_READ; guard=Buffered: issue synchronous sample read and immediately -> CACHE_WAIT. Unbuffered: self until input_valid, latch sample -> VARIANCE_CENTER.; target=STATE_VARIANCE_CACHE_WAIT; clause=1/1"
CE-LAYERNORM,vit_layernorm_engine_fp32,explicit,state,"STATE_IDLE,STATE_TOTAL_START,STATE_TOTAL_WAIT,STATE_RECIP_START,STATE_RECIP_WAIT,STATE_SUM_READ,STATE_SUM_ADD,STATE_MEAN_SCALE,STATE_VARIANCE_READ,STATE_VARIANCE_CACHE_WAIT,STATE_VARIANCE_CENTER,STATE_VARIANCE_SQUARE,STATE_VARIANCE_ADD,STATE_VARIANCE_SCALE,STATE_EPSILON_ADD,STATE_INV_STD_INIT,STATE_RSQRT_SQUARE,STATE_RSQRT_OPERAND,STATE_RSQRT_HALF,STATE_RSQRT_CORRECTION,STATE_RSQRT_ESTIMATE,STATE_AFFINE_READ,STATE_AFFINE_CACHE_WAIT,STATE_AFFINE_CENTER,STATE_AFFINE_NORMALIZE,STATE_AFFINE_GAMMA,STATE_AFFINE_BETA,STATE_AFFINE_WRITE,STATE_DONE",clk,rst (synchronous active-high),MIXED / protocol — khi vẽ: state-qualified outputs có thể xem là Moore-like; guard/input quyết định transition và registered micro-op là Mealy-controlled. G2: MIXED_OR_PROTOCOL; exact registered side effects listed,STATE_VARIANCE_READ,"Unbuffered: self until input_valid, latch sample -> VARIANCE_CENTER.",STATE_VARIANCE_CENTER,"Buffered: issue synchronous sample read and immediately -> CACHE_WAIT. Unbuffered: self until input_valid, latch sample -> VARIANCE_CENTER.",CE_LAYERNORM:L34,rtl/blocks/layernorm/vit_layernorm_engine_fp32.sv,"L526-L534; STATE_VARIANCE_READ; guard=Unbuffered: self until input_valid, latch sample -> VARIANCE_CENTER.; target=STATE_VARIANCE_CENTER; clause=1/1"
CE-LAYERNORM,vit_layernorm_engine_fp32,explicit,state,"STATE_IDLE,STATE_TOTAL_START,STATE_TOTAL_WAIT,STATE_RECIP_START,STATE_RECIP_WAIT,STATE_SUM_READ,STATE_SUM_ADD,STATE_MEAN_SCALE,STATE_VARIANCE_READ,STATE_VARIANCE_CACHE_WAIT,STATE_VARIANCE_CENTER,STATE_VARIANCE_SQUARE,STATE_VARIANCE_ADD,STATE_VARIANCE_SCALE,STATE_EPSILON_ADD,STATE_INV_STD_INIT,STATE_RSQRT_SQUARE,STATE_RSQRT_OPERAND,STATE_RSQRT_HALF,STATE_RSQRT_CORRECTION,STATE_RSQRT_ESTIMATE,STATE_AFFINE_READ,STATE_AFFINE_CACHE_WAIT,STATE_AFFINE_CENTER,STATE_AFFINE_NORMALIZE,STATE_AFFINE_GAMMA,STATE_AFFINE_BETA,STATE_AFFINE_WRITE,STATE_DONE",clk,rst (synchronous active-high),MIXED / protocol — khi vẽ: state-qualified outputs có thể xem là Moore-like; guard/input quyết định transition và registered micro-op là Mealy-controlled. G2: MIXED_OR_PROTOCOL; exact registered side effects listed,STATE_VARIANCE_CACHE_WAIT,latch registered sample -> VARIANCE_CENTER.,STATE_VARIANCE_CENTER,One BRAM latency edge; latch registered sample -> VARIANCE_CENTER.,CE_LAYERNORM:L35,rtl/blocks/layernorm/vit_layernorm_engine_fp32.sv,L535-L539; STATE_VARIANCE_CACHE_WAIT; guard=latch registered sample -> VARIANCE_CENTER.; target=STATE_VARIANCE_CENTER; clause=1/1
CE-LAYERNORM,vit_layernorm_engine_fp32,explicit,state,"STATE_IDLE,STATE_TOTAL_START,STATE_TOTAL_WAIT,STATE_RECIP_START,STATE_RECIP_WAIT,STATE_SUM_READ,STATE_SUM_ADD,STATE_MEAN_SCALE,STATE_VARIANCE_READ,STATE_VARIANCE_CACHE_WAIT,STATE_VARIANCE_CENTER,STATE_VARIANCE_SQUARE,STATE_VARIANCE_ADD,STATE_VARIANCE_SCALE,STATE_EPSILON_ADD,STATE_INV_STD_INIT,STATE_RSQRT_SQUARE,STATE_RSQRT_OPERAND,STATE_RSQRT_HALF,STATE_RSQRT_CORRECTION,STATE_RSQRT_ESTIMATE,STATE_AFFINE_READ,STATE_AFFINE_CACHE_WAIT,STATE_AFFINE_CENTER,STATE_AFFINE_NORMALIZE,STATE_AFFINE_GAMMA,STATE_AFFINE_BETA,STATE_AFFINE_WRITE,STATE_DONE",clk,rst (synchronous active-high),MIXED / protocol — khi vẽ: state-qualified outputs có thể xem là Moore-like; guard/input quyết định transition và registered micro-op là Mealy-controlled. G2: MIXED_OR_PROTOCOL; exact registered side effects listed,STATE_VARIANCE_CENTER,Commit sample-mean -> VARIANCE_SQUARE.,STATE_VARIANCE_SQUARE,Commit sample-mean -> VARIANCE_SQUARE.,CE_LAYERNORM:L36,rtl/blocks/layernorm/vit_layernorm_engine_fp32.sv,L540-L544; STATE_VARIANCE_CENTER; guard=Commit sample-mean -> VARIANCE_SQUARE.; target=STATE_VARIANCE_SQUARE; clause=1/1
CE-LAYERNORM,vit_layernorm_engine_fp32,explicit,state,"STATE_IDLE,STATE_TOTAL_START,STATE_TOTAL_WAIT,STATE_RECIP_START,STATE_RECIP_WAIT,STATE_SUM_READ,STATE_SUM_ADD,STATE_MEAN_SCALE,STATE_VARIANCE_READ,STATE_VARIANCE_CACHE_WAIT,STATE_VARIANCE_CENTER,STATE_VARIANCE_SQUARE,STATE_VARIANCE_ADD,STATE_VARIANCE_SCALE,STATE_EPSILON_ADD,STATE_INV_STD_INIT,STATE_RSQRT_SQUARE,STATE_RSQRT_OPERAND,STATE_RSQRT_HALF,STATE_RSQRT_CORRECTION,STATE_RSQRT_ESTIMATE,STATE_AFFINE_READ,STATE_AFFINE_CACHE_WAIT,STATE_AFFINE_CENTER,STATE_AFFINE_NORMALIZE,STATE_AFFINE_GAMMA,STATE_AFFINE_BETA,STATE_AFFINE_WRITE,STATE_DONE",clk,rst (synchronous active-high),MIXED / protocol — khi vẽ: state-qualified outputs có thể xem là Moore-like; guard/input quyết định transition và registered micro-op là Mealy-controlled. G2: MIXED_OR_PROTOCOL; exact registered side effects listed,STATE_VARIANCE_SQUARE,Commit centered squared -> VARIANCE_ADD.,STATE_VARIANCE_ADD,Commit centered squared -> VARIANCE_ADD.,CE_LAYERNORM:L37,rtl/blocks/layernorm/vit_layernorm_engine_fp32.sv,L545-L549; STATE_VARIANCE_SQUARE; guard=Commit centered squared -> VARIANCE_ADD.; target=STATE_VARIANCE_ADD; clause=1/1
CE-LAYERNORM,vit_layernorm_engine_fp32,explicit,state,"STATE_IDLE,STATE_TOTAL_START,STATE_TOTAL_WAIT,STATE_RECIP_START,STATE_RECIP_WAIT,STATE_SUM_READ,STATE_SUM_ADD,STATE_MEAN_SCALE,STATE_VARIANCE_READ,STATE_VARIANCE_CACHE_WAIT,STATE_VARIANCE_CENTER,STATE_VARIANCE_SQUARE,STATE_VARIANCE_ADD,STATE_VARIANCE_SCALE,STATE_EPSILON_ADD,STATE_INV_STD_INIT,STATE_RSQRT_SQUARE,STATE_RSQRT_OPERAND,STATE_RSQRT_HALF,STATE_RSQRT_CORRECTION,STATE_RSQRT_ESTIMATE,STATE_AFFINE_READ,STATE_AFFINE_CACHE_WAIT,STATE_AFFINE_CENTER,STATE_AFFINE_NORMALIZE,STATE_AFFINE_GAMMA,STATE_AFFINE_BETA,STATE_AFFINE_WRITE,STATE_DONE",clk,rst (synchronous active-high),MIXED / protocol — khi vẽ: state-qualified outputs có thể xem là Moore-like; guard/input quyết định transition và registered micro-op là Mealy-controlled. G2: MIXED_OR_PROTOCOL; exact registered side effects listed,STATE_VARIANCE_ADD,Last channel resets channel -> VARIANCE_SCALE,STATE_VARIANCE_SCALE,Accumulate squared value. Last channel resets channel -> VARIANCE_SCALE; otherwise channel++ -> VARIANCE_READ.,CE_LAYERNORM:L38,rtl/blocks/layernorm/vit_layernorm_engine_fp32.sv,L550-L561; STATE_VARIANCE_ADD; guard=Last channel resets channel -> VARIANCE_SCALE; target=STATE_VARIANCE_SCALE; clause=1/1
CE-LAYERNORM,vit_layernorm_engine_fp32,explicit,state,"STATE_IDLE,STATE_TOTAL_START,STATE_TOTAL_WAIT,STATE_RECIP_START,STATE_RECIP_WAIT,STATE_SUM_READ,STATE_SUM_ADD,STATE_MEAN_SCALE,STATE_VARIANCE_READ,STATE_VARIANCE_CACHE_WAIT,STATE_VARIANCE_CENTER,STATE_VARIANCE_SQUARE,STATE_VARIANCE_ADD,STATE_VARIANCE_SCALE,STATE_EPSILON_ADD,STATE_INV_STD_INIT,STATE_RSQRT_SQUARE,STATE_RSQRT_OPERAND,STATE_RSQRT_HALF,STATE_RSQRT_CORRECTION,STATE_RSQRT_ESTIMATE,STATE_AFFINE_READ,STATE_AFFINE_CACHE_WAIT,STATE_AFFINE_CENTER,STATE_AFFINE_NORMALIZE,STATE_AFFINE_GAMMA,STATE_AFFINE_BETA,STATE_AFFINE_WRITE,STATE_DONE",clk,rst (synchronous active-high),MIXED / protocol — khi vẽ: state-qualified outputs có thể xem là Moore-like; guard/input quyết định transition và registered micro-op là Mealy-controlled. G2: MIXED_OR_PROTOCOL; exact registered side effects listed,STATE_VARIANCE_ADD,otherwise channel++ -> VARIANCE_READ.,STATE_VARIANCE_READ,Accumulate squared value. Last channel resets channel -> VARIANCE_SCALE; otherwise channel++ -> VARIANCE_READ.,CE_LAYERNORM:L38,rtl/blocks/layernorm/vit_layernorm_engine_fp32.sv,L550-L561; STATE_VARIANCE_ADD; guard=otherwise channel++ -> VARIANCE_READ.; target=STATE_VARIANCE_READ; clause=1/1
CE-LAYERNORM,vit_layernorm_engine_fp32,explicit,state,"STATE_IDLE,STATE_TOTAL_START,STATE_TOTAL_WAIT,STATE_RECIP_START,STATE_RECIP_WAIT,STATE_SUM_READ,STATE_SUM_ADD,STATE_MEAN_SCALE,STATE_VARIANCE_READ,STATE_VARIANCE_CACHE_WAIT,STATE_VARIANCE_CENTER,STATE_VARIANCE_SQUARE,STATE_VARIANCE_ADD,STATE_VARIANCE_SCALE,STATE_EPSILON_ADD,STATE_INV_STD_INIT,STATE_RSQRT_SQUARE,STATE_RSQRT_OPERAND,STATE_RSQRT_HALF,STATE_RSQRT_CORRECTION,STATE_RSQRT_ESTIMATE,STATE_AFFINE_READ,STATE_AFFINE_CACHE_WAIT,STATE_AFFINE_CENTER,STATE_AFFINE_NORMALIZE,STATE_AFFINE_GAMMA,STATE_AFFINE_BETA,STATE_AFFINE_WRITE,STATE_DONE",clk,rst (synchronous active-high),MIXED / protocol — khi vẽ: state-qualified outputs có thể xem là Moore-like; guard/input quyết định transition và registered micro-op là Mealy-controlled. G2: MIXED_OR_PROTOCOL; exact registered side effects listed,STATE_VARIANCE_SCALE,Commit variance accumulator times reciprocal hidden -> EPSILON_ADD.,STATE_EPSILON_ADD,Commit variance accumulator times reciprocal hidden -> EPSILON_ADD.,CE_LAYERNORM:L39,rtl/blocks/layernorm/vit_layernorm_engine_fp32.sv,L562-L566; STATE_VARIANCE_SCALE; guard=Commit variance accumulator times reciprocal hidden -> EPSILON_ADD.; target=STATE_EPSILON_ADD; clause=1/1
CE-LAYERNORM,vit_layernorm_engine_fp32,explicit,state,"STATE_IDLE,STATE_TOTAL_START,STATE_TOTAL_WAIT,STATE_RECIP_START,STATE_RECIP_WAIT,STATE_SUM_READ,STATE_SUM_ADD,STATE_MEAN_SCALE,STATE_VARIANCE_READ,STATE_VARIANCE_CACHE_WAIT,STATE_VARIANCE_CENTER,STATE_VARIANCE_SQUARE,STATE_VARIANCE_ADD,STATE_VARIANCE_SCALE,STATE_EPSILON_ADD,STATE_INV_STD_INIT,STATE_RSQRT_SQUARE,STATE_RSQRT_OPERAND,STATE_RSQRT_HALF,STATE_RSQRT_CORRECTION,STATE_RSQRT_ESTIMATE,STATE_AFFINE_READ,STATE_AFFINE_CACHE_WAIT,STATE_AFFINE_CENTER,STATE_AFFINE_NORMALIZE,STATE_AFFINE_GAMMA,STATE_AFFINE_BETA,STATE_AFFINE_WRITE,STATE_DONE",clk,rst (synchronous active-high),MIXED / protocol — khi vẽ: state-qualified outputs có thể xem là Moore-like; guard/input quyết định transition và registered micro-op là Mealy-controlled. G2: MIXED_OR_PROTOCOL; exact registered side effects listed,STATE_EPSILON_ADD,iteration=0 -> INV_STD_INIT.,STATE_INV_STD_INIT,Commit variance+epsilon as rsqrt operand; iteration=0 -> INV_STD_INIT.,CE_LAYERNORM:L40,rtl/blocks/layernorm/vit_layernorm_engine_fp32.sv,L567-L572; STATE_EPSILON_ADD; guard=iteration=0 -> INV_STD_INIT.; target=STATE_INV_STD_INIT; clause=1/1
CE-LAYERNORM,vit_layernorm_engine_fp32,explicit,state,"STATE_IDLE,STATE_TOTAL_START,STATE_TOTAL_WAIT,STATE_RECIP_START,STATE_RECIP_WAIT,STATE_SUM_READ,STATE_SUM_ADD,STATE_MEAN_SCALE,STATE_VARIANCE_READ,STATE_VARIANCE_CACHE_WAIT,STATE_VARIANCE_CENTER,STATE_VARIANCE_SQUARE,STATE_VARIANCE_ADD,STATE_VARIANCE_SCALE,STATE_EPSILON_ADD,STATE_INV_STD_INIT,STATE_RSQRT_SQUARE,STATE_RSQRT_OPERAND,STATE_RSQRT_HALF,STATE_RSQRT_CORRECTION,STATE_RSQRT_ESTIMATE,STATE_AFFINE_READ,STATE_AFFINE_CACHE_WAIT,STATE_AFFINE_CENTER,STATE_AFFINE_NORMALIZE,STATE_AFFINE_GAMMA,STATE_AFFINE_BETA,STATE_AFFINE_WRITE,STATE_DONE",clk,rst (synchronous active-high),MIXED / protocol — khi vẽ: state-qualified outputs có thể xem là Moore-like; guard/input quyết định transition và registered micro-op là Mealy-controlled. G2: MIXED_OR_PROTOCOL; exact registered side effects listed,STATE_INV_STD_INIT,each shortcut clears channel -> AFFINE_READ.,STATE_AFFINE_READ,"NaN or negative nonzero -> qNaN; +Inf -> +0; either signed zero -> sign-selected +/-Inf; each shortcut clears channel -> AFFINE_READ. Normal nonzero finite operand, including a positive subnormal encoding, uses magic seed 0x5f375a86-(x>>1) -> RSQRT_SQUARE.",CE_LAYERNORM:L41,rtl/blocks/layernorm/vit_layernorm_engine_fp32.sv,L573-L601; STATE_INV_STD_INIT; guard=each shortcut clears channel -> AFFINE_READ.; target=STATE_AFFINE_READ; clause=1/1
CE-LAYERNORM,vit_layernorm_engine_fp32,explicit,state,"STATE_IDLE,STATE_TOTAL_START,STATE_TOTAL_WAIT,STATE_RECIP_START,STATE_RECIP_WAIT,STATE_SUM_READ,STATE_SUM_ADD,STATE_MEAN_SCALE,STATE_VARIANCE_READ,STATE_VARIANCE_CACHE_WAIT,STATE_VARIANCE_CENTER,STATE_VARIANCE_SQUARE,STATE_VARIANCE_ADD,STATE_VARIANCE_SCALE,STATE_EPSILON_ADD,STATE_INV_STD_INIT,STATE_RSQRT_SQUARE,STATE_RSQRT_OPERAND,STATE_RSQRT_HALF,STATE_RSQRT_CORRECTION,STATE_RSQRT_ESTIMATE,STATE_AFFINE_READ,STATE_AFFINE_CACHE_WAIT,STATE_AFFINE_CENTER,STATE_AFFINE_NORMALIZE,STATE_AFFINE_GAMMA,STATE_AFFINE_BETA,STATE_AFFINE_WRITE,STATE_DONE",clk,rst (synchronous active-high),MIXED / protocol — khi vẽ: state-qualified outputs có thể xem là Moore-like; guard/input quyết định transition và registered micro-op là Mealy-controlled. G2: MIXED_OR_PROTOCOL; exact registered side effects listed,STATE_INV_STD_INIT,"Normal nonzero finite operand, including a positive subnormal encoding, uses magic seed 0x5f375a86-(x>>1) -> RSQRT_SQUARE.",STATE_RSQRT_SQUARE,"NaN or negative nonzero -> qNaN; +Inf -> +0; either signed zero -> sign-selected +/-Inf; each shortcut clears channel -> AFFINE_READ. Normal nonzero finite operand, including a positive subnormal encoding, uses magic seed 0x5f375a86-(x>>1) -> RSQRT_SQUARE.",CE_LAYERNORM:L41,rtl/blocks/layernorm/vit_layernorm_engine_fp32.sv,"L573-L601; STATE_INV_STD_INIT; guard=Normal nonzero finite operand, including a positive subnormal encoding, uses magic seed 0x5f375a86-(x>>1) -> RSQRT_SQUARE.; target=STATE_RSQRT_SQUARE; clause=1/1"
CE-LAYERNORM,vit_layernorm_engine_fp32,explicit,state,"STATE_IDLE,STATE_TOTAL_START,STATE_TOTAL_WAIT,STATE_RECIP_START,STATE_RECIP_WAIT,STATE_SUM_READ,STATE_SUM_ADD,STATE_MEAN_SCALE,STATE_VARIANCE_READ,STATE_VARIANCE_CACHE_WAIT,STATE_VARIANCE_CENTER,STATE_VARIANCE_SQUARE,STATE_VARIANCE_ADD,STATE_VARIANCE_SCALE,STATE_EPSILON_ADD,STATE_INV_STD_INIT,STATE_RSQRT_SQUARE,STATE_RSQRT_OPERAND,STATE_RSQRT_HALF,STATE_RSQRT_CORRECTION,STATE_RSQRT_ESTIMATE,STATE_AFFINE_READ,STATE_AFFINE_CACHE_WAIT,STATE_AFFINE_CENTER,STATE_AFFINE_NORMALIZE,STATE_AFFINE_GAMMA,STATE_AFFINE_BETA,STATE_AFFINE_WRITE,STATE_DONE",clk,rst (synchronous active-high),MIXED / protocol — khi vẽ: state-qualified outputs có thể xem là Moore-like; guard/input quyết định transition và registered micro-op là Mealy-controlled. G2: MIXED_OR_PROTOCOL; exact registered side effects listed,STATE_RSQRT_SQUARE,estimate*estimate -> RSQRT_OPERAND.,STATE_RSQRT_OPERAND,estimate*estimate -> RSQRT_OPERAND.,CE_LAYERNORM:L42,rtl/blocks/layernorm/vit_layernorm_engine_fp32.sv,L602-L606; STATE_RSQRT_SQUARE; guard=estimate*estimate -> RSQRT_OPERAND.; target=STATE_RSQRT_OPERAND; clause=1/1
CE-LAYERNORM,vit_layernorm_engine_fp32,explicit,state,"STATE_IDLE,STATE_TOTAL_START,STATE_TOTAL_WAIT,STATE_RECIP_START,STATE_RECIP_WAIT,STATE_SUM_READ,STATE_SUM_ADD,STATE_MEAN_SCALE,STATE_VARIANCE_READ,STATE_VARIANCE_CACHE_WAIT,STATE_VARIANCE_CENTER,STATE_VARIANCE_SQUARE,STATE_VARIANCE_ADD,STATE_VARIANCE_SCALE,STATE_EPSILON_ADD,STATE_INV_STD_INIT,STATE_RSQRT_SQUARE,STATE_RSQRT_OPERAND,STATE_RSQRT_HALF,STATE_RSQRT_CORRECTION,STATE_RSQRT_ESTIMATE,STATE_AFFINE_READ,STATE_AFFINE_CACHE_WAIT,STATE_AFFINE_CENTER,STATE_AFFINE_NORMALIZE,STATE_AFFINE_GAMMA,STATE_AFFINE_BETA,STATE_AFFINE_WRITE,STATE_DONE",clk,rst (synchronous active-high),MIXED / protocol — khi vẽ: state-qualified outputs có thể xem là Moore-like; guard/input quyết định transition và registered micro-op là Mealy-controlled. G2: MIXED_OR_PROTOCOL; exact registered side effects listed,STATE_RSQRT_OPERAND,multiply by operand -> RSQRT_HALF.,STATE_RSQRT_HALF,multiply by operand -> RSQRT_HALF.,CE_LAYERNORM:L43,rtl/blocks/layernorm/vit_layernorm_engine_fp32.sv,L607-L611; STATE_RSQRT_OPERAND; guard=multiply by operand -> RSQRT_HALF.; target=STATE_RSQRT_HALF; clause=1/1
CE-LAYERNORM,vit_layernorm_engine_fp32,explicit,state,"STATE_IDLE,STATE_TOTAL_START,STATE_TOTAL_WAIT,STATE_RECIP_START,STATE_RECIP_WAIT,STATE_SUM_READ,STATE_SUM_ADD,STATE_MEAN_SCALE,STATE_VARIANCE_READ,STATE_VARIANCE_CACHE_WAIT,STATE_VARIANCE_CENTER,STATE_VARIANCE_SQUARE,STATE_VARIANCE_ADD,STATE_VARIANCE_SCALE,STATE_EPSILON_ADD,STATE_INV_STD_INIT,STATE_RSQRT_SQUARE,STATE_RSQRT_OPERAND,STATE_RSQRT_HALF,STATE_RSQRT_CORRECTION,STATE_RSQRT_ESTIMATE,STATE_AFFINE_READ,STATE_AFFINE_CACHE_WAIT,STATE_AFFINE_CENTER,STATE_AFFINE_NORMALIZE,STATE_AFFINE_GAMMA,STATE_AFFINE_BETA,STATE_AFFINE_WRITE,STATE_DONE",clk,rst (synchronous active-high),MIXED / protocol — khi vẽ: state-qualified outputs có thể xem là Moore-like; guard/input quyết định transition và registered micro-op là Mealy-controlled. G2: MIXED_OR_PROTOCOL; exact registered side effects listed,STATE_RSQRT_HALF,scale product by 0.5 -> RSQRT_CORRECTION.,STATE_RSQRT_CORRECTION,scale product by 0.5 -> RSQRT_CORRECTION.,CE_LAYERNORM:L44,rtl/blocks/layernorm/vit_layernorm_engine_fp32.sv,L612-L616; STATE_RSQRT_HALF; guard=scale product by 0.5 -> RSQRT_CORRECTION.; target=STATE_RSQRT_CORRECTION; clause=1/1
CE-LAYERNORM,vit_layernorm_engine_fp32,explicit,state,"STATE_IDLE,STATE_TOTAL_START,STATE_TOTAL_WAIT,STATE_RECIP_START,STATE_RECIP_WAIT,STATE_SUM_READ,STATE_SUM_ADD,STATE_MEAN_SCALE,STATE_VARIANCE_READ,STATE_VARIANCE_CACHE_WAIT,STATE_VARIANCE_CENTER,STATE_VARIANCE_SQUARE,STATE_VARIANCE_ADD,STATE_VARIANCE_SCALE,STATE_EPSILON_ADD,STATE_INV_STD_INIT,STATE_RSQRT_SQUARE,STATE_RSQRT_OPERAND,STATE_RSQRT_HALF,STATE_RSQRT_CORRECTION,STATE_RSQRT_ESTIMATE,STATE_AFFINE_READ,STATE_AFFINE_CACHE_WAIT,STATE_AFFINE_CENTER,STATE_AFFINE_NORMALIZE,STATE_AFFINE_GAMMA,STATE_AFFINE_BETA,STATE_AFFINE_WRITE,STATE_DONE",clk,rst (synchronous active-high),MIXED / protocol — khi vẽ: state-qualified outputs có thể xem là Moore-like; guard/input quyết định transition và registered micro-op là Mealy-controlled. G2: MIXED_OR_PROTOCOL; exact registered side effects listed,STATE_RSQRT_CORRECTION,compute 1.5-scaled -> RSQRT_ESTIMATE.,STATE_RSQRT_ESTIMATE,compute 1.5-scaled -> RSQRT_ESTIMATE.,CE_LAYERNORM:L45,rtl/blocks/layernorm/vit_layernorm_engine_fp32.sv,L617-L621; STATE_RSQRT_CORRECTION; guard=compute 1.5-scaled -> RSQRT_ESTIMATE.; target=STATE_RSQRT_ESTIMATE; clause=1/1
CE-LAYERNORM,vit_layernorm_engine_fp32,explicit,state,"STATE_IDLE,STATE_TOTAL_START,STATE_TOTAL_WAIT,STATE_RECIP_START,STATE_RECIP_WAIT,STATE_SUM_READ,STATE_SUM_ADD,STATE_MEAN_SCALE,STATE_VARIANCE_READ,STATE_VARIANCE_CACHE_WAIT,STATE_VARIANCE_CENTER,STATE_VARIANCE_SQUARE,STATE_VARIANCE_ADD,STATE_VARIANCE_SCALE,STATE_EPSILON_ADD,STATE_INV_STD_INIT,STATE_RSQRT_SQUARE,STATE_RSQRT_OPERAND,STATE_RSQRT_HALF,STATE_RSQRT_CORRECTION,STATE_RSQRT_ESTIMATE,STATE_AFFINE_READ,STATE_AFFINE_CACHE_WAIT,STATE_AFFINE_CENTER,STATE_AFFINE_NORMALIZE,STATE_AFFINE_GAMMA,STATE_AFFINE_BETA,STATE_AFFINE_WRITE,STATE_DONE",clk,rst (synchronous active-high),MIXED / protocol — khi vẽ: state-qualified outputs có thể xem là Moore-like; guard/input quyết định transition và registered micro-op là Mealy-controlled. G2: MIXED_OR_PROTOCOL; exact registered side effects listed,STATE_RSQRT_ESTIMATE,"Old iteration==2: also latch token inv-std,clear channel -> AFFINE_READ",STATE_AFFINE_READ,"commit estimate*correction. Old iteration==2: also latch token inv-std,clear channel -> AFFINE_READ; else iteration++ -> RSQRT_SQUARE. Exactly three Newton updates.",CE_LAYERNORM:L46,rtl/blocks/layernorm/vit_layernorm_engine_fp32.sv,"L622-L633; STATE_RSQRT_ESTIMATE; guard=Old iteration==2: also latch token inv-std,clear channel -> AFFINE_READ; target=STATE_AFFINE_READ; clause=1/1"
CE-LAYERNORM,vit_layernorm_engine_fp32,explicit,state,"STATE_IDLE,STATE_TOTAL_START,STATE_TOTAL_WAIT,STATE_RECIP_START,STATE_RECIP_WAIT,STATE_SUM_READ,STATE_SUM_ADD,STATE_MEAN_SCALE,STATE_VARIANCE_READ,STATE_VARIANCE_CACHE_WAIT,STATE_VARIANCE_CENTER,STATE_VARIANCE_SQUARE,STATE_VARIANCE_ADD,STATE_VARIANCE_SCALE,STATE_EPSILON_ADD,STATE_INV_STD_INIT,STATE_RSQRT_SQUARE,STATE_RSQRT_OPERAND,STATE_RSQRT_HALF,STATE_RSQRT_CORRECTION,STATE_RSQRT_ESTIMATE,STATE_AFFINE_READ,STATE_AFFINE_CACHE_WAIT,STATE_AFFINE_CENTER,STATE_AFFINE_NORMALIZE,STATE_AFFINE_GAMMA,STATE_AFFINE_BETA,STATE_AFFINE_WRITE,STATE_DONE",clk,rst (synchronous active-high),MIXED / protocol — khi vẽ: state-qualified outputs có thể xem là Moore-like; guard/input quyết định transition và registered micro-op là Mealy-controlled. G2: MIXED_OR_PROTOCOL; exact registered side effects listed,STATE_RSQRT_ESTIMATE,else iteration++ -> RSQRT_SQUARE.,STATE_RSQRT_SQUARE,"commit estimate*correction. Old iteration==2: also latch token inv-std,clear channel -> AFFINE_READ; else iteration++ -> RSQRT_SQUARE. Exactly three Newton updates.",CE_LAYERNORM:L46,rtl/blocks/layernorm/vit_layernorm_engine_fp32.sv,L622-L633; STATE_RSQRT_ESTIMATE; guard=else iteration++ -> RSQRT_SQUARE.; target=STATE_RSQRT_SQUARE; clause=1/1
CE-LAYERNORM,vit_layernorm_engine_fp32,explicit,state,"STATE_IDLE,STATE_TOTAL_START,STATE_TOTAL_WAIT,STATE_RECIP_START,STATE_RECIP_WAIT,STATE_SUM_READ,STATE_SUM_ADD,STATE_MEAN_SCALE,STATE_VARIANCE_READ,STATE_VARIANCE_CACHE_WAIT,STATE_VARIANCE_CENTER,STATE_VARIANCE_SQUARE,STATE_VARIANCE_ADD,STATE_VARIANCE_SCALE,STATE_EPSILON_ADD,STATE_INV_STD_INIT,STATE_RSQRT_SQUARE,STATE_RSQRT_OPERAND,STATE_RSQRT_HALF,STATE_RSQRT_CORRECTION,STATE_RSQRT_ESTIMATE,STATE_AFFINE_READ,STATE_AFFINE_CACHE_WAIT,STATE_AFFINE_CENTER,STATE_AFFINE_NORMALIZE,STATE_AFFINE_GAMMA,STATE_AFFINE_BETA,STATE_AFFINE_WRITE,STATE_DONE",clk,rst (synchronous active-high),MIXED / protocol — khi vẽ: state-qualified outputs có thể xem là Moore-like; guard/input quyết định transition và registered micro-op là Mealy-controlled. G2: MIXED_OR_PROTOCOL; exact registered side effects listed,STATE_AFFINE_READ,Buffered token>0: issue sample/gamma/beta reads -> CACHE_WAIT. Otherwise self until input_valid; latch result index/gamma/beta. Buffered token0 deliberately ignores redundant sample from packet and -> CACHE_WAIT; unbuffered latches sample -> AFFINE_CENTER.,STATE_AFFINE_CACHE_WAIT,Buffered token>0: issue sample/gamma/beta reads -> CACHE_WAIT. Otherwise self until input_valid; latch result index/gamma/beta. Buffered token0 deliberately ignores redundant sample from packet and -> CACHE_WAIT; unbuffered latches sample -> AFFINE_CENTER.,CE_LAYERNORM:L47,rtl/blocks/layernorm/vit_layernorm_engine_fp32.sv,L634-L653; STATE_AFFINE_READ; guard=Buffered token>0: issue sample/gamma/beta reads -> CACHE_WAIT. Otherwise self until input_valid; latch result index/gamma/beta. Buffered token0 deliberately ignores redundant sample from packet and -> CACHE_WAIT; unbuffered latches sample -> AFFINE_CENTER.; target=STATE_AFFINE_CACHE_WAIT; clause=1/1
CE-LAYERNORM,vit_layernorm_engine_fp32,explicit,state,"STATE_IDLE,STATE_TOTAL_START,STATE_TOTAL_WAIT,STATE_RECIP_START,STATE_RECIP_WAIT,STATE_SUM_READ,STATE_SUM_ADD,STATE_MEAN_SCALE,STATE_VARIANCE_READ,STATE_VARIANCE_CACHE_WAIT,STATE_VARIANCE_CENTER,STATE_VARIANCE_SQUARE,STATE_VARIANCE_ADD,STATE_VARIANCE_SCALE,STATE_EPSILON_ADD,STATE_INV_STD_INIT,STATE_RSQRT_SQUARE,STATE_RSQRT_OPERAND,STATE_RSQRT_HALF,STATE_RSQRT_CORRECTION,STATE_RSQRT_ESTIMATE,STATE_AFFINE_READ,STATE_AFFINE_CACHE_WAIT,STATE_AFFINE_CENTER,STATE_AFFINE_NORMALIZE,STATE_AFFINE_GAMMA,STATE_AFFINE_BETA,STATE_AFFINE_WRITE,STATE_DONE",clk,rst (synchronous active-high),MIXED / protocol — khi vẽ: state-qualified outputs có thể xem là Moore-like; guard/input quyết định transition và registered micro-op là Mealy-controlled. G2: MIXED_OR_PROTOCOL; exact registered side effects listed,STATE_AFFINE_READ,unbuffered latches sample -> AFFINE_CENTER.,STATE_AFFINE_CENTER,Buffered token>0: issue sample/gamma/beta reads -> CACHE_WAIT. Otherwise self until input_valid; latch result index/gamma/beta. Buffered token0 deliberately ignores redundant sample from packet and -> CACHE_WAIT; unbuffered latches sample -> AFFINE_CENTER.,CE_LAYERNORM:L47,rtl/blocks/layernorm/vit_layernorm_engine_fp32.sv,L634-L653; STATE_AFFINE_READ; guard=unbuffered latches sample -> AFFINE_CENTER.; target=STATE_AFFINE_CENTER; clause=1/1
CE-LAYERNORM,vit_layernorm_engine_fp32,explicit,state,"STATE_IDLE,STATE_TOTAL_START,STATE_TOTAL_WAIT,STATE_RECIP_START,STATE_RECIP_WAIT,STATE_SUM_READ,STATE_SUM_ADD,STATE_MEAN_SCALE,STATE_VARIANCE_READ,STATE_VARIANCE_CACHE_WAIT,STATE_VARIANCE_CENTER,STATE_VARIANCE_SQUARE,STATE_VARIANCE_ADD,STATE_VARIANCE_SCALE,STATE_EPSILON_ADD,STATE_INV_STD_INIT,STATE_RSQRT_SQUARE,STATE_RSQRT_OPERAND,STATE_RSQRT_HALF,STATE_RSQRT_CORRECTION,STATE_RSQRT_ESTIMATE,STATE_AFFINE_READ,STATE_AFFINE_CACHE_WAIT,STATE_AFFINE_CENTER,STATE_AFFINE_NORMALIZE,STATE_AFFINE_GAMMA,STATE_AFFINE_BETA,STATE_AFFINE_WRITE,STATE_DONE",clk,rst (synchronous active-high),MIXED / protocol — khi vẽ: state-qualified outputs có thể xem là Moore-like; guard/input quyết định transition và registered micro-op là Mealy-controlled. G2: MIXED_OR_PROTOCOL; exact registered side effects listed,STATE_AFFINE_CACHE_WAIT,set result index -> AFFINE_CENTER.,STATE_AFFINE_CENTER,"One synchronous-read edge; latch sample and, for token>0, gamma/beta; set result index -> AFFINE_CENTER.",CE_LAYERNORM:L48,rtl/blocks/layernorm/vit_layernorm_engine_fp32.sv,L654-L663; STATE_AFFINE_CACHE_WAIT; guard=set result index -> AFFINE_CENTER.; target=STATE_AFFINE_CENTER; clause=1/1
CE-LAYERNORM,vit_layernorm_engine_fp32,explicit,state,"STATE_IDLE,STATE_TOTAL_START,STATE_TOTAL_WAIT,STATE_RECIP_START,STATE_RECIP_WAIT,STATE_SUM_READ,STATE_SUM_ADD,STATE_MEAN_SCALE,STATE_VARIANCE_READ,STATE_VARIANCE_CACHE_WAIT,STATE_VARIANCE_CENTER,STATE_VARIANCE_SQUARE,STATE_VARIANCE_ADD,STATE_VARIANCE_SCALE,STATE_EPSILON_ADD,STATE_INV_STD_INIT,STATE_RSQRT_SQUARE,STATE_RSQRT_OPERAND,STATE_RSQRT_HALF,STATE_RSQRT_CORRECTION,STATE_RSQRT_ESTIMATE,STATE_AFFINE_READ,STATE_AFFINE_CACHE_WAIT,STATE_AFFINE_CENTER,STATE_AFFINE_NORMALIZE,STATE_AFFINE_GAMMA,STATE_AFFINE_BETA,STATE_AFFINE_WRITE,STATE_DONE",clk,rst (synchronous active-high),MIXED / protocol — khi vẽ: state-qualified outputs có thể xem là Moore-like; guard/input quyết định transition và registered micro-op là Mealy-controlled. G2: MIXED_OR_PROTOCOL; exact registered side effects listed,STATE_AFFINE_CENTER,sample-mean -> AFFINE_NORMALIZE.,STATE_AFFINE_NORMALIZE,sample-mean -> AFFINE_NORMALIZE.,CE_LAYERNORM:L49,rtl/blocks/layernorm/vit_layernorm_engine_fp32.sv,L664-L668; STATE_AFFINE_CENTER; guard=sample-mean -> AFFINE_NORMALIZE.; target=STATE_AFFINE_NORMALIZE; clause=1/1
CE-LAYERNORM,vit_layernorm_engine_fp32,explicit,state,"STATE_IDLE,STATE_TOTAL_START,STATE_TOTAL_WAIT,STATE_RECIP_START,STATE_RECIP_WAIT,STATE_SUM_READ,STATE_SUM_ADD,STATE_MEAN_SCALE,STATE_VARIANCE_READ,STATE_VARIANCE_CACHE_WAIT,STATE_VARIANCE_CENTER,STATE_VARIANCE_SQUARE,STATE_VARIANCE_ADD,STATE_VARIANCE_SCALE,STATE_EPSILON_ADD,STATE_INV_STD_INIT,STATE_RSQRT_SQUARE,STATE_RSQRT_OPERAND,STATE_RSQRT_HALF,STATE_RSQRT_CORRECTION,STATE_RSQRT_ESTIMATE,STATE_AFFINE_READ,STATE_AFFINE_CACHE_WAIT,STATE_AFFINE_CENTER,STATE_AFFINE_NORMALIZE,STATE_AFFINE_GAMMA,STATE_AFFINE_BETA,STATE_AFFINE_WRITE,STATE_DONE",clk,rst (synchronous active-high),MIXED / protocol — khi vẽ: state-qualified outputs có thể xem là Moore-like; guard/input quyết định transition và registered micro-op là Mealy-controlled. G2: MIXED_OR_PROTOCOL; exact registered side effects listed,STATE_AFFINE_NORMALIZE,centered*inv_std -> AFFINE_GAMMA.,STATE_AFFINE_GAMMA,centered*inv_std -> AFFINE_GAMMA.,CE_LAYERNORM:L50,rtl/blocks/layernorm/vit_layernorm_engine_fp32.sv,L669-L673; STATE_AFFINE_NORMALIZE; guard=centered*inv_std -> AFFINE_GAMMA.; target=STATE_AFFINE_GAMMA; clause=1/1
CE-LAYERNORM,vit_layernorm_engine_fp32,explicit,state,"STATE_IDLE,STATE_TOTAL_START,STATE_TOTAL_WAIT,STATE_RECIP_START,STATE_RECIP_WAIT,STATE_SUM_READ,STATE_SUM_ADD,STATE_MEAN_SCALE,STATE_VARIANCE_READ,STATE_VARIANCE_CACHE_WAIT,STATE_VARIANCE_CENTER,STATE_VARIANCE_SQUARE,STATE_VARIANCE_ADD,STATE_VARIANCE_SCALE,STATE_EPSILON_ADD,STATE_INV_STD_INIT,STATE_RSQRT_SQUARE,STATE_RSQRT_OPERAND,STATE_RSQRT_HALF,STATE_RSQRT_CORRECTION,STATE_RSQRT_ESTIMATE,STATE_AFFINE_READ,STATE_AFFINE_CACHE_WAIT,STATE_AFFINE_CENTER,STATE_AFFINE_NORMALIZE,STATE_AFFINE_GAMMA,STATE_AFFINE_BETA,STATE_AFFINE_WRITE,STATE_DONE",clk,rst (synchronous active-high),MIXED / protocol — khi vẽ: state-qualified outputs có thể xem là Moore-like; guard/input quyết định transition và registered micro-op là Mealy-controlled. G2: MIXED_OR_PROTOCOL; exact registered side effects listed,STATE_AFFINE_GAMMA,normalized*gamma -> AFFINE_BETA.,STATE_AFFINE_BETA,normalized*gamma -> AFFINE_BETA.,CE_LAYERNORM:L51,rtl/blocks/layernorm/vit_layernorm_engine_fp32.sv,L674-L678; STATE_AFFINE_GAMMA; guard=normalized*gamma -> AFFINE_BETA.; target=STATE_AFFINE_BETA; clause=1/1
CE-LAYERNORM,vit_layernorm_engine_fp32,explicit,state,"STATE_IDLE,STATE_TOTAL_START,STATE_TOTAL_WAIT,STATE_RECIP_START,STATE_RECIP_WAIT,STATE_SUM_READ,STATE_SUM_ADD,STATE_MEAN_SCALE,STATE_VARIANCE_READ,STATE_VARIANCE_CACHE_WAIT,STATE_VARIANCE_CENTER,STATE_VARIANCE_SQUARE,STATE_VARIANCE_ADD,STATE_VARIANCE_SCALE,STATE_EPSILON_ADD,STATE_INV_STD_INIT,STATE_RSQRT_SQUARE,STATE_RSQRT_OPERAND,STATE_RSQRT_HALF,STATE_RSQRT_CORRECTION,STATE_RSQRT_ESTIMATE,STATE_AFFINE_READ,STATE_AFFINE_CACHE_WAIT,STATE_AFFINE_CENTER,STATE_AFFINE_NORMALIZE,STATE_AFFINE_GAMMA,STATE_AFFINE_BETA,STATE_AFFINE_WRITE,STATE_DONE",clk,rst (synchronous active-high),MIXED / protocol — khi vẽ: state-qualified outputs có thể xem là Moore-like; guard/input quyết định transition và registered micro-op là Mealy-controlled. G2: MIXED_OR_PROTOCOL; exact registered side effects listed,STATE_AFFINE_BETA,gamma product+beta -> result register -> AFFINE_WRITE.,STATE_AFFINE_WRITE,gamma product+beta -> result register -> AFFINE_WRITE.,CE_LAYERNORM:L52,rtl/blocks/layernorm/vit_layernorm_engine_fp32.sv,L679-L683; STATE_AFFINE_BETA; guard=gamma product+beta -> result register -> AFFINE_WRITE.; target=STATE_AFFINE_WRITE; clause=1/1
CE-LAYERNORM,vit_layernorm_engine_fp32,explicit,state,"STATE_IDLE,STATE_TOTAL_START,STATE_TOTAL_WAIT,STATE_RECIP_START,STATE_RECIP_WAIT,STATE_SUM_READ,STATE_SUM_ADD,STATE_MEAN_SCALE,STATE_VARIANCE_READ,STATE_VARIANCE_CACHE_WAIT,STATE_VARIANCE_CENTER,STATE_VARIANCE_SQUARE,STATE_VARIANCE_ADD,STATE_VARIANCE_SCALE,STATE_EPSILON_ADD,STATE_INV_STD_INIT,STATE_RSQRT_SQUARE,STATE_RSQRT_OPERAND,STATE_RSQRT_HALF,STATE_RSQRT_CORRECTION,STATE_RSQRT_ESTIMATE,STATE_AFFINE_READ,STATE_AFFINE_CACHE_WAIT,STATE_AFFINE_CENTER,STATE_AFFINE_NORMALIZE,STATE_AFFINE_GAMMA,STATE_AFFINE_BETA,STATE_AFFINE_WRITE,STATE_DONE",clk,rst (synchronous active-high),MIXED / protocol — khi vẽ: state-qualified outputs có thể xem là Moore-like; guard/input quyết định transition và registered micro-op là Mealy-controlled. G2: MIXED_OR_PROTOCOL; exact registered side effects listed,STATE_AFFINE_WRITE,Ready and more channels: channel++ -> AFFINE_READ.,STATE_AFFINE_READ,"!result_ready self/hold. Ready and more channels: channel++ -> AFFINE_READ. End channel but more tokens: token/base++, clear stats/channel -> SUM_READ. Final token/channel -> DONE.",CE_LAYERNORM:L53,rtl/blocks/layernorm/vit_layernorm_engine_fp32.sv,L684-L707; STATE_AFFINE_WRITE; guard=Ready and more channels: channel++ -> AFFINE_READ.; target=STATE_AFFINE_READ; clause=1/1
CE-LAYERNORM,vit_layernorm_engine_fp32,explicit,state,"STATE_IDLE,STATE_TOTAL_START,STATE_TOTAL_WAIT,STATE_RECIP_START,STATE_RECIP_WAIT,STATE_SUM_READ,STATE_SUM_ADD,STATE_MEAN_SCALE,STATE_VARIANCE_READ,STATE_VARIANCE_CACHE_WAIT,STATE_VARIANCE_CENTER,STATE_VARIANCE_SQUARE,STATE_VARIANCE_ADD,STATE_VARIANCE_SCALE,STATE_EPSILON_ADD,STATE_INV_STD_INIT,STATE_RSQRT_SQUARE,STATE_RSQRT_OPERAND,STATE_RSQRT_HALF,STATE_RSQRT_CORRECTION,STATE_RSQRT_ESTIMATE,STATE_AFFINE_READ,STATE_AFFINE_CACHE_WAIT,STATE_AFFINE_CENTER,STATE_AFFINE_NORMALIZE,STATE_AFFINE_GAMMA,STATE_AFFINE_BETA,STATE_AFFINE_WRITE,STATE_DONE",clk,rst (synchronous active-high),MIXED / protocol — khi vẽ: state-qualified outputs có thể xem là Moore-like; guard/input quyết định transition và registered micro-op là Mealy-controlled. G2: MIXED_OR_PROTOCOL; exact registered side effects listed,STATE_AFFINE_WRITE,"End channel but more tokens: token/base++, clear stats/channel -> SUM_READ.",STATE_SUM_READ,"!result_ready self/hold. Ready and more channels: channel++ -> AFFINE_READ. End channel but more tokens: token/base++, clear stats/channel -> SUM_READ. Final token/channel -> DONE.",CE_LAYERNORM:L53,rtl/blocks/layernorm/vit_layernorm_engine_fp32.sv,"L684-L707; STATE_AFFINE_WRITE; guard=End channel but more tokens: token/base++, clear stats/channel -> SUM_READ.; target=STATE_SUM_READ; clause=1/1"
CE-LAYERNORM,vit_layernorm_engine_fp32,explicit,state,"STATE_IDLE,STATE_TOTAL_START,STATE_TOTAL_WAIT,STATE_RECIP_START,STATE_RECIP_WAIT,STATE_SUM_READ,STATE_SUM_ADD,STATE_MEAN_SCALE,STATE_VARIANCE_READ,STATE_VARIANCE_CACHE_WAIT,STATE_VARIANCE_CENTER,STATE_VARIANCE_SQUARE,STATE_VARIANCE_ADD,STATE_VARIANCE_SCALE,STATE_EPSILON_ADD,STATE_INV_STD_INIT,STATE_RSQRT_SQUARE,STATE_RSQRT_OPERAND,STATE_RSQRT_HALF,STATE_RSQRT_CORRECTION,STATE_RSQRT_ESTIMATE,STATE_AFFINE_READ,STATE_AFFINE_CACHE_WAIT,STATE_AFFINE_CENTER,STATE_AFFINE_NORMALIZE,STATE_AFFINE_GAMMA,STATE_AFFINE_BETA,STATE_AFFINE_WRITE,STATE_DONE",clk,rst (synchronous active-high),MIXED / protocol — khi vẽ: state-qualified outputs có thể xem là Moore-like; guard/input quyết định transition và registered micro-op là Mealy-controlled. G2: MIXED_OR_PROTOCOL; exact registered side effects listed,STATE_AFFINE_WRITE,Final token/channel -> DONE.,STATE_DONE,"!result_ready self/hold. Ready and more channels: channel++ -> AFFINE_READ. End channel but more tokens: token/base++, clear stats/channel -> SUM_READ. Final token/channel -> DONE.",CE_LAYERNORM:L53,rtl/blocks/layernorm/vit_layernorm_engine_fp32.sv,L684-L707; STATE_AFFINE_WRITE; guard=Final token/channel -> DONE.; target=STATE_DONE; clause=1/1
CE-LAYERNORM,vit_layernorm_engine_fp32,explicit,state,"STATE_IDLE,STATE_TOTAL_START,STATE_TOTAL_WAIT,STATE_RECIP_START,STATE_RECIP_WAIT,STATE_SUM_READ,STATE_SUM_ADD,STATE_MEAN_SCALE,STATE_VARIANCE_READ,STATE_VARIANCE_CACHE_WAIT,STATE_VARIANCE_CENTER,STATE_VARIANCE_SQUARE,STATE_VARIANCE_ADD,STATE_VARIANCE_SCALE,STATE_EPSILON_ADD,STATE_INV_STD_INIT,STATE_RSQRT_SQUARE,STATE_RSQRT_OPERAND,STATE_RSQRT_HALF,STATE_RSQRT_CORRECTION,STATE_RSQRT_ESTIMATE,STATE_AFFINE_READ,STATE_AFFINE_CACHE_WAIT,STATE_AFFINE_CENTER,STATE_AFFINE_NORMALIZE,STATE_AFFINE_GAMMA,STATE_AFFINE_BETA,STATE_AFFINE_WRITE,STATE_DONE",clk,rst (synchronous active-high),MIXED / protocol — khi vẽ: state-qualified outputs có thể xem là Moore-like; guard/input quyết định transition và registered micro-op là Mealy-controlled. G2: MIXED_OR_PROTOCOL; exact registered side effects listed,STATE_DONE,unconditional IDLE.,STATE_IDLE,"done=1,busy=1 one cycle; unconditional IDLE. Default 29..31 instead sets error and IDLE.",CE_LAYERNORM:L54,rtl/blocks/layernorm/vit_layernorm_engine_fp32.sv,L708-L711; STATE_DONE; guard=unconditional IDLE.; target=STATE_IDLE; clause=1/1
CE-SOFTMAX,vit_softmax_engine_fp32,explicit,state,"STATE_IDLE,STATE_TOTAL_START,STATE_TOTAL_WAIT,STATE_MAX,STATE_EXP_SUM_READ,STATE_EXP_CENTER,STATE_EXP_SCALE,STATE_EXP_INITIAL_PRODUCT,STATE_EXP_INITIAL_REMAINDER,STATE_EXP_CORRECTED_PRODUCT,STATE_EXP_NEGATIVE_REMAINDER,STATE_EXP_POSITIVE_REMAINDER,STATE_EXP_POLY_MUL,STATE_EXP_POLY_ADD,STATE_EXP_SCALE_DOWN,STATE_EXP_ACCUMULATE,STATE_RECIPROCAL_INIT,STATE_RECIPROCAL_PRODUCT,STATE_RECIPROCAL_CORRECTION,STATE_RECIPROCAL_ESTIMATE,STATE_OUTPUT_READ,STATE_OUTPUT_NORMALIZE,STATE_OUTPUT_WRITE,STATE_DONE",clk,rst (synchronous active-high),MIXED / protocol — khi vẽ: state-qualified outputs có thể xem là Moore-like; guard/input quyết định transition và registered micro-op là Mealy-controlled. G2: MIXED_OR_PROTOCOL; exact registered side effects listed,STATE_IDLE,"Zero row count/length -> error,DONE",STATE_DONE,row_index; row_base_index; element_index; row_maximum; exponential_sum; reciprocal_sum; row_exp_buffer_active; cfg_row_length; config_error; active_row_count; active_row_length,CE_SOFTMAX:L26,rtl/blocks/softmax/vit_softmax_engine_fp32.sv,"L480-L504; STATE_IDLE; guard=Zero row count/length -> error,DONE; target=STATE_DONE; clause=1/1"
CE-SOFTMAX,vit_softmax_engine_fp32,explicit,state,"STATE_IDLE,STATE_TOTAL_START,STATE_TOTAL_WAIT,STATE_MAX,STATE_EXP_SUM_READ,STATE_EXP_CENTER,STATE_EXP_SCALE,STATE_EXP_INITIAL_PRODUCT,STATE_EXP_INITIAL_REMAINDER,STATE_EXP_CORRECTED_PRODUCT,STATE_EXP_NEGATIVE_REMAINDER,STATE_EXP_POSITIVE_REMAINDER,STATE_EXP_POLY_MUL,STATE_EXP_POLY_ADD,STATE_EXP_SCALE_DOWN,STATE_EXP_ACCUMULATE,STATE_RECIPROCAL_INIT,STATE_RECIPROCAL_PRODUCT,STATE_RECIPROCAL_CORRECTION,STATE_RECIPROCAL_ESTIMATE,STATE_OUTPUT_READ,STATE_OUTPUT_NORMALIZE,STATE_OUTPUT_WRITE,STATE_DONE",clk,rst (synchronous active-high),MIXED / protocol — khi vẽ: state-qualified outputs có thể xem là Moore-like; guard/input quyết định transition và registered micro-op là Mealy-controlled. G2: MIXED_OR_PROTOCOL; exact registered side effects listed,STATE_IDLE,otherwise latch dimensions -> TOTAL_START.,STATE_TOTAL_START,row_index; row_base_index; element_index; row_maximum; exponential_sum; reciprocal_sum; row_exp_buffer_active; cfg_row_length; config_error; active_row_count; active_row_length,CE_SOFTMAX:L26,rtl/blocks/softmax/vit_softmax_engine_fp32.sv,L480-L504; STATE_IDLE; guard=otherwise latch dimensions -> TOTAL_START.; target=STATE_TOTAL_START; clause=1/1
CE-SOFTMAX,vit_softmax_engine_fp32,explicit,state,"STATE_IDLE,STATE_TOTAL_START,STATE_TOTAL_WAIT,STATE_MAX,STATE_EXP_SUM_READ,STATE_EXP_CENTER,STATE_EXP_SCALE,STATE_EXP_INITIAL_PRODUCT,STATE_EXP_INITIAL_REMAINDER,STATE_EXP_CORRECTED_PRODUCT,STATE_EXP_NEGATIVE_REMAINDER,STATE_EXP_POSITIVE_REMAINDER,STATE_EXP_POLY_MUL,STATE_EXP_POLY_ADD,STATE_EXP_SCALE_DOWN,STATE_EXP_ACCUMULATE,STATE_RECIPROCAL_INIT,STATE_RECIPROCAL_PRODUCT,STATE_RECIPROCAL_CORRECTION,STATE_RECIPROCAL_ESTIMATE,STATE_OUTPUT_READ,STATE_OUTPUT_NORMALIZE,STATE_OUTPUT_WRITE,STATE_DONE",clk,rst (synchronous active-high),MIXED / protocol — khi vẽ: state-qualified outputs có thể xem là Moore-like; guard/input quyết định transition và registered micro-op là Mealy-controlled. G2: MIXED_OR_PROTOCOL; exact registered side effects listed,STATE_TOTAL_START,asserts row_count*row_length multiplier start -> TOTAL_WAIT.,STATE_TOTAL_WAIT,NONE_BEYOND_STATE,CE_SOFTMAX:L27,rtl/blocks/softmax/vit_softmax_engine_fp32.sv,L505-L508; STATE_TOTAL_START; guard=asserts row_count*row_length multiplier start -> TOTAL_WAIT.; target=STATE_TOTAL_WAIT; clause=1/1
CE-SOFTMAX,vit_softmax_engine_fp32,explicit,state,"STATE_IDLE,STATE_TOTAL_START,STATE_TOTAL_WAIT,STATE_MAX,STATE_EXP_SUM_READ,STATE_EXP_CENTER,STATE_EXP_SCALE,STATE_EXP_INITIAL_PRODUCT,STATE_EXP_INITIAL_REMAINDER,STATE_EXP_CORRECTED_PRODUCT,STATE_EXP_NEGATIVE_REMAINDER,STATE_EXP_POSITIVE_REMAINDER,STATE_EXP_POLY_MUL,STATE_EXP_POLY_ADD,STATE_EXP_SCALE_DOWN,STATE_EXP_ACCUMULATE,STATE_RECIPROCAL_INIT,STATE_RECIPROCAL_PRODUCT,STATE_RECIPROCAL_CORRECTION,STATE_RECIPROCAL_ESTIMATE,STATE_OUTPUT_READ,STATE_OUTPUT_NORMALIZE,STATE_OUTPUT_WRITE,STATE_DONE",clk,rst (synchronous active-high),MIXED / protocol — khi vẽ: state-qualified outputs có thể xem là Moore-like; guard/input quyết định transition và registered micro-op là Mealy-controlled. G2: MIXED_OR_PROTOCOL; exact registered side effects listed,STATE_TOTAL_WAIT,"Product high bits nonzero -> error,DONE",STATE_DONE,config_error,CE_SOFTMAX:L28,rtl/blocks/softmax/vit_softmax_engine_fp32.sv,"L509-L519; STATE_TOTAL_WAIT; guard=Product high bits nonzero -> error,DONE; target=STATE_DONE; clause=1/1"
CE-SOFTMAX,vit_softmax_engine_fp32,explicit,state,"STATE_IDLE,STATE_TOTAL_START,STATE_TOTAL_WAIT,STATE_MAX,STATE_EXP_SUM_READ,STATE_EXP_CENTER,STATE_EXP_SCALE,STATE_EXP_INITIAL_PRODUCT,STATE_EXP_INITIAL_REMAINDER,STATE_EXP_CORRECTED_PRODUCT,STATE_EXP_NEGATIVE_REMAINDER,STATE_EXP_POSITIVE_REMAINDER,STATE_EXP_POLY_MUL,STATE_EXP_POLY_ADD,STATE_EXP_SCALE_DOWN,STATE_EXP_ACCUMULATE,STATE_RECIPROCAL_INIT,STATE_RECIPROCAL_PRODUCT,STATE_RECIPROCAL_CORRECTION,STATE_RECIPROCAL_ESTIMATE,STATE_OUTPUT_READ,STATE_OUTPUT_NORMALIZE,STATE_OUTPUT_WRITE,STATE_DONE",clk,rst (synchronous active-high),MIXED / protocol — khi vẽ: state-qualified outputs có thể xem là Moore-like; guard/input quyết định transition và registered micro-op là Mealy-controlled. G2: MIXED_OR_PROTOCOL; exact registered side effects listed,STATE_TOTAL_WAIT,otherwise -> MAX.,STATE_MAX,config_error,CE_SOFTMAX:L28,rtl/blocks/softmax/vit_softmax_engine_fp32.sv,L509-L519; STATE_TOTAL_WAIT; guard=otherwise -> MAX.; target=STATE_MAX; clause=1/1
CE-SOFTMAX,vit_softmax_engine_fp32,explicit,state,"STATE_IDLE,STATE_TOTAL_START,STATE_TOTAL_WAIT,STATE_MAX,STATE_EXP_SUM_READ,STATE_EXP_CENTER,STATE_EXP_SCALE,STATE_EXP_INITIAL_PRODUCT,STATE_EXP_INITIAL_REMAINDER,STATE_EXP_CORRECTED_PRODUCT,STATE_EXP_NEGATIVE_REMAINDER,STATE_EXP_POSITIVE_REMAINDER,STATE_EXP_POLY_MUL,STATE_EXP_POLY_ADD,STATE_EXP_SCALE_DOWN,STATE_EXP_ACCUMULATE,STATE_RECIPROCAL_INIT,STATE_RECIPROCAL_PRODUCT,STATE_RECIPROCAL_CORRECTION,STATE_RECIPROCAL_ESTIMATE,STATE_OUTPUT_READ,STATE_OUTPUT_NORMALIZE,STATE_OUTPUT_WRITE,STATE_DONE",clk,rst (synchronous active-high),MIXED / protocol — khi vẽ: state-qualified outputs có thể xem là Moore-like; guard/input quyết định transition và registered micro-op là Mealy-controlled. G2: MIXED_OR_PROTOCOL; exact registered side effects listed,STATE_MAX,Last resets element/sum -> EXP_SUM_READ,STATE_EXP_SUM_READ,row_maximum; element_index; exponential_sum,CE_SOFTMAX:L29,rtl/blocks/softmax/vit_softmax_engine_fp32.sv,L520-L537; STATE_MAX; guard=Last resets element/sum -> EXP_SUM_READ; target=STATE_EXP_SUM_READ; clause=1/1
CE-SOFTMAX,vit_softmax_engine_fp32,explicit,state,"STATE_IDLE,STATE_TOTAL_START,STATE_TOTAL_WAIT,STATE_MAX,STATE_EXP_SUM_READ,STATE_EXP_CENTER,STATE_EXP_SCALE,STATE_EXP_INITIAL_PRODUCT,STATE_EXP_INITIAL_REMAINDER,STATE_EXP_CORRECTED_PRODUCT,STATE_EXP_NEGATIVE_REMAINDER,STATE_EXP_POSITIVE_REMAINDER,STATE_EXP_POLY_MUL,STATE_EXP_POLY_ADD,STATE_EXP_SCALE_DOWN,STATE_EXP_ACCUMULATE,STATE_RECIPROCAL_INIT,STATE_RECIPROCAL_PRODUCT,STATE_RECIPROCAL_CORRECTION,STATE_RECIPROCAL_ESTIMATE,STATE_OUTPUT_READ,STATE_OUTPUT_NORMALIZE,STATE_OUTPUT_WRITE,STATE_DONE",clk,rst (synchronous active-high),MIXED / protocol — khi vẽ: state-qualified outputs có thể xem là Moore-like; guard/input quyết định transition và registered micro-op là Mealy-controlled. G2: MIXED_OR_PROTOCOL; exact registered side effects listed,STATE_EXP_SUM_READ,"Buffer mode issues synchronous read, sets output_phase=0, -> EXP_CENTER.",STATE_EXP_CENTER,exp_output_phase; exp_input_value,CE_SOFTMAX:L30,rtl/blocks/softmax/vit_softmax_engine_fp32.sv,"L538-L548; STATE_EXP_SUM_READ; guard=Buffer mode issues synchronous read, sets output_phase=0, -> EXP_CENTER.; target=STATE_EXP_CENTER; clause=1/2"
CE-SOFTMAX,vit_softmax_engine_fp32,explicit,state,"STATE_IDLE,STATE_TOTAL_START,STATE_TOTAL_WAIT,STATE_MAX,STATE_EXP_SUM_READ,STATE_EXP_CENTER,STATE_EXP_SCALE,STATE_EXP_INITIAL_PRODUCT,STATE_EXP_INITIAL_REMAINDER,STATE_EXP_CORRECTED_PRODUCT,STATE_EXP_NEGATIVE_REMAINDER,STATE_EXP_POSITIVE_REMAINDER,STATE_EXP_POLY_MUL,STATE_EXP_POLY_ADD,STATE_EXP_SCALE_DOWN,STATE_EXP_ACCUMULATE,STATE_RECIPROCAL_INIT,STATE_RECIPROCAL_PRODUCT,STATE_RECIPROCAL_CORRECTION,STATE_RECIPROCAL_ESTIMATE,STATE_OUTPUT_READ,STATE_OUTPUT_NORMALIZE,STATE_OUTPUT_WRITE,STATE_DONE",clk,rst (synchronous active-high),MIXED / protocol — khi vẽ: state-qualified outputs có thể xem là Moore-like; guard/input quyết định transition và registered micro-op là Mealy-controlled. G2: MIXED_OR_PROTOCOL; exact registered side effects listed,STATE_EXP_SUM_READ,"Unbuffered self until valid, latches input,phase=0 -> EXP_CENTER.",STATE_EXP_CENTER,exp_output_phase; exp_input_value,CE_SOFTMAX:L30,rtl/blocks/softmax/vit_softmax_engine_fp32.sv,"L538-L548; STATE_EXP_SUM_READ; guard=Unbuffered self until valid, latches input,phase=0 -> EXP_CENTER.; target=STATE_EXP_CENTER; clause=2/2"
CE-SOFTMAX,vit_softmax_engine_fp32,explicit,state,"STATE_IDLE,STATE_TOTAL_START,STATE_TOTAL_WAIT,STATE_MAX,STATE_EXP_SUM_READ,STATE_EXP_CENTER,STATE_EXP_SCALE,STATE_EXP_INITIAL_PRODUCT,STATE_EXP_INITIAL_REMAINDER,STATE_EXP_CORRECTED_PRODUCT,STATE_EXP_NEGATIVE_REMAINDER,STATE_EXP_POSITIVE_REMAINDER,STATE_EXP_POLY_MUL,STATE_EXP_POLY_ADD,STATE_EXP_SCALE_DOWN,STATE_EXP_ACCUMULATE,STATE_RECIPROCAL_INIT,STATE_RECIPROCAL_PRODUCT,STATE_RECIPROCAL_CORRECTION,STATE_RECIPROCAL_ESTIMATE,STATE_OUTPUT_READ,STATE_OUTPUT_NORMALIZE,STATE_OUTPUT_WRITE,STATE_DONE",clk,rst (synchronous active-high),MIXED / protocol — khi vẽ: state-qualified outputs có thể xem là Moore-like; guard/input quyết định transition và registered micro-op là Mealy-controlled. G2: MIXED_OR_PROTOCOL; exact registered side effects listed,STATE_EXP_CENTER,Commit input-minus-row-max -> EXP_SCALE.,STATE_EXP_SCALE,centered_value,CE_SOFTMAX:L31,rtl/blocks/softmax/vit_softmax_engine_fp32.sv,L549-L553; STATE_EXP_CENTER; guard=Commit input-minus-row-max -> EXP_SCALE.; target=STATE_EXP_SCALE; clause=1/1
CE-SOFTMAX,vit_softmax_engine_fp32,explicit,state,"STATE_IDLE,STATE_TOTAL_START,STATE_TOTAL_WAIT,STATE_MAX,STATE_EXP_SUM_READ,STATE_EXP_CENTER,STATE_EXP_SCALE,STATE_EXP_INITIAL_PRODUCT,STATE_EXP_INITIAL_REMAINDER,STATE_EXP_CORRECTED_PRODUCT,STATE_EXP_NEGATIVE_REMAINDER,STATE_EXP_POSITIVE_REMAINDER,STATE_EXP_POLY_MUL,STATE_EXP_POLY_ADD,STATE_EXP_SCALE_DOWN,STATE_EXP_ACCUMULATE,STATE_RECIPROCAL_INIT,STATE_RECIPROCAL_PRODUCT,STATE_RECIPROCAL_CORRECTION,STATE_RECIPROCAL_ESTIMATE,STATE_OUTPUT_READ,STATE_OUTPUT_NORMALIZE,STATE_OUTPUT_WRITE,STATE_DONE",clk,rst (synchronous active-high),MIXED / protocol — khi vẽ: state-qualified outputs có thể xem là Moore-like; guard/input quyết định transition và registered micro-op là Mealy-controlled. G2: MIXED_OR_PROTOCOL; exact registered side effects listed,STATE_EXP_SCALE,Each shortcut routes by phase to OUTPUT_NORMALIZE or EXP_ACCUMULATE.,STATE_OUTPUT_NORMALIZE,exponential_value; exp_scaled,CE_SOFTMAX:L32,rtl/blocks/softmax/vit_softmax_engine_fp32.sv,L554-L584; STATE_EXP_SCALE; guard=Each shortcut routes by phase to OUTPUT_NORMALIZE or EXP_ACCUMULATE.; target=STATE_OUTPUT_NORMALIZE; clause=1/1
CE-SOFTMAX,vit_softmax_engine_fp32,explicit,state,"STATE_IDLE,STATE_TOTAL_START,STATE_TOTAL_WAIT,STATE_MAX,STATE_EXP_SUM_READ,STATE_EXP_CENTER,STATE_EXP_SCALE,STATE_EXP_INITIAL_PRODUCT,STATE_EXP_INITIAL_REMAINDER,STATE_EXP_CORRECTED_PRODUCT,STATE_EXP_NEGATIVE_REMAINDER,STATE_EXP_POSITIVE_REMAINDER,STATE_EXP_POLY_MUL,STATE_EXP_POLY_ADD,STATE_EXP_SCALE_DOWN,STATE_EXP_ACCUMULATE,STATE_RECIPROCAL_INIT,STATE_RECIPROCAL_PRODUCT,STATE_RECIPROCAL_CORRECTION,STATE_RECIPROCAL_ESTIMATE,STATE_OUTPUT_READ,STATE_OUTPUT_NORMALIZE,STATE_OUTPUT_WRITE,STATE_DONE",clk,rst (synchronous active-high),MIXED / protocol — khi vẽ: state-qualified outputs có thể xem là Moore-like; guard/input quyết định transition và registered micro-op là Mealy-controlled. G2: MIXED_OR_PROTOCOL; exact registered side effects listed,STATE_EXP_SCALE,Each shortcut routes by phase to OUTPUT_NORMALIZE or EXP_ACCUMULATE.,STATE_EXP_ACCUMULATE,exponential_value; exp_scaled,CE_SOFTMAX:L32,rtl/blocks/softmax/vit_softmax_engine_fp32.sv,L554-L584; STATE_EXP_SCALE; guard=Each shortcut routes by phase to OUTPUT_NORMALIZE or EXP_ACCUMULATE.; target=STATE_EXP_ACCUMULATE; clause=1/1
CE-SOFTMAX,vit_softmax_engine_fp32,explicit,state,"STATE_IDLE,STATE_TOTAL_START,STATE_TOTAL_WAIT,STATE_MAX,STATE_EXP_SUM_READ,STATE_EXP_CENTER,STATE_EXP_SCALE,STATE_EXP_INITIAL_PRODUCT,STATE_EXP_INITIAL_REMAINDER,STATE_EXP_CORRECTED_PRODUCT,STATE_EXP_NEGATIVE_REMAINDER,STATE_EXP_POSITIVE_REMAINDER,STATE_EXP_POLY_MUL,STATE_EXP_POLY_ADD,STATE_EXP_SCALE_DOWN,STATE_EXP_ACCUMULATE,STATE_RECIPROCAL_INIT,STATE_RECIPROCAL_PRODUCT,STATE_RECIPROCAL_CORRECTION,STATE_RECIPROCAL_ESTIMATE,STATE_OUTPUT_READ,STATE_OUTPUT_NORMALIZE,STATE_OUTPUT_WRITE,STATE_DONE",clk,rst (synchronous active-high),MIXED / protocol — khi vẽ: state-qualified outputs có thể xem là Moore-like; guard/input quyết định transition và registered micro-op là Mealy-controlled. G2: MIXED_OR_PROTOCOL; exact registered side effects listed,STATE_EXP_SCALE,Normal negative commits scaled argument -> EXP_INITIAL_PRODUCT.,STATE_EXP_INITIAL_PRODUCT,exponential_value; exp_scaled,CE_SOFTMAX:L32,rtl/blocks/softmax/vit_softmax_engine_fp32.sv,L554-L584; STATE_EXP_SCALE; guard=Normal negative commits scaled argument -> EXP_INITIAL_PRODUCT.; target=STATE_EXP_INITIAL_PRODUCT; clause=1/1
CE-SOFTMAX,vit_softmax_engine_fp32,explicit,state,"STATE_IDLE,STATE_TOTAL_START,STATE_TOTAL_WAIT,STATE_MAX,STATE_EXP_SUM_READ,STATE_EXP_CENTER,STATE_EXP_SCALE,STATE_EXP_INITIAL_PRODUCT,STATE_EXP_INITIAL_REMAINDER,STATE_EXP_CORRECTED_PRODUCT,STATE_EXP_NEGATIVE_REMAINDER,STATE_EXP_POSITIVE_REMAINDER,STATE_EXP_POLY_MUL,STATE_EXP_POLY_ADD,STATE_EXP_SCALE_DOWN,STATE_EXP_ACCUMULATE,STATE_RECIPROCAL_INIT,STATE_RECIPROCAL_PRODUCT,STATE_RECIPROCAL_CORRECTION,STATE_RECIPROCAL_ESTIMATE,STATE_OUTPUT_READ,STATE_OUTPUT_NORMALIZE,STATE_OUTPUT_WRITE,STATE_DONE",clk,rst (synchronous active-high),MIXED / protocol — khi vẽ: state-qualified outputs có thể xem là Moore-like; guard/input quyết định transition và registered micro-op là Mealy-controlled. G2: MIXED_OR_PROTOCOL; exact registered side effects listed,STATE_EXP_INITIAL_PRODUCT,"Capture integer scale. If scale>=127, exp=0 and route by phase; else capture range product -> EXP_INITIAL_REMAINDER.",STATE_OUTPUT_NORMALIZE,exp_scale_integer_initial; exponential_value; exp_scale_product,CE_SOFTMAX:L33,rtl/blocks/softmax/vit_softmax_engine_fp32.sv,"L585-L598; STATE_EXP_INITIAL_PRODUCT; guard=Capture integer scale. If scale>=127, exp=0 and route by phase; else capture range product -> EXP_INITIAL_REMAINDER.; target=STATE_OUTPUT_NORMALIZE; clause=1/1"
CE-SOFTMAX,vit_softmax_engine_fp32,explicit,state,"STATE_IDLE,STATE_TOTAL_START,STATE_TOTAL_WAIT,STATE_MAX,STATE_EXP_SUM_READ,STATE_EXP_CENTER,STATE_EXP_SCALE,STATE_EXP_INITIAL_PRODUCT,STATE_EXP_INITIAL_REMAINDER,STATE_EXP_CORRECTED_PRODUCT,STATE_EXP_NEGATIVE_REMAINDER,STATE_EXP_POSITIVE_REMAINDER,STATE_EXP_POLY_MUL,STATE_EXP_POLY_ADD,STATE_EXP_SCALE_DOWN,STATE_EXP_ACCUMULATE,STATE_RECIPROCAL_INIT,STATE_RECIPROCAL_PRODUCT,STATE_RECIPROCAL_CORRECTION,STATE_RECIPROCAL_ESTIMATE,STATE_OUTPUT_READ,STATE_OUTPUT_NORMALIZE,STATE_OUTPUT_WRITE,STATE_DONE",clk,rst (synchronous active-high),MIXED / protocol — khi vẽ: state-qualified outputs có thể xem là Moore-like; guard/input quyết định transition và registered micro-op là Mealy-controlled. G2: MIXED_OR_PROTOCOL; exact registered side effects listed,STATE_EXP_INITIAL_PRODUCT,"Capture integer scale. If scale>=127, exp=0 and route by phase; else capture range product -> EXP_INITIAL_REMAINDER.",STATE_EXP_ACCUMULATE,exp_scale_integer_initial; exponential_value; exp_scale_product,CE_SOFTMAX:L33,rtl/blocks/softmax/vit_softmax_engine_fp32.sv,"L585-L598; STATE_EXP_INITIAL_PRODUCT; guard=Capture integer scale. If scale>=127, exp=0 and route by phase; else capture range product -> EXP_INITIAL_REMAINDER.; target=STATE_EXP_ACCUMULATE; clause=1/1"
CE-SOFTMAX,vit_softmax_engine_fp32,explicit,state,"STATE_IDLE,STATE_TOTAL_START,STATE_TOTAL_WAIT,STATE_MAX,STATE_EXP_SUM_READ,STATE_EXP_CENTER,STATE_EXP_SCALE,STATE_EXP_INITIAL_PRODUCT,STATE_EXP_INITIAL_REMAINDER,STATE_EXP_CORRECTED_PRODUCT,STATE_EXP_NEGATIVE_REMAINDER,STATE_EXP_POSITIVE_REMAINDER,STATE_EXP_POLY_MUL,STATE_EXP_POLY_ADD,STATE_EXP_SCALE_DOWN,STATE_EXP_ACCUMULATE,STATE_RECIPROCAL_INIT,STATE_RECIPROCAL_PRODUCT,STATE_RECIPROCAL_CORRECTION,STATE_RECIPROCAL_ESTIMATE,STATE_OUTPUT_READ,STATE_OUTPUT_NORMALIZE,STATE_OUTPUT_WRITE,STATE_DONE",clk,rst (synchronous active-high),MIXED / protocol — khi vẽ: state-qualified outputs có thể xem là Moore-like; guard/input quyết định transition và registered micro-op là Mealy-controlled. G2: MIXED_OR_PROTOCOL; exact registered side effects listed,STATE_EXP_INITIAL_PRODUCT,else capture range product -> EXP_INITIAL_REMAINDER.,STATE_EXP_INITIAL_REMAINDER,exp_scale_integer_initial; exponential_value; exp_scale_product,CE_SOFTMAX:L33,rtl/blocks/softmax/vit_softmax_engine_fp32.sv,L585-L598; STATE_EXP_INITIAL_PRODUCT; guard=else capture range product -> EXP_INITIAL_REMAINDER.; target=STATE_EXP_INITIAL_REMAINDER; clause=1/1
CE-SOFTMAX,vit_softmax_engine_fp32,explicit,state,"STATE_IDLE,STATE_TOTAL_START,STATE_TOTAL_WAIT,STATE_MAX,STATE_EXP_SUM_READ,STATE_EXP_CENTER,STATE_EXP_SCALE,STATE_EXP_INITIAL_PRODUCT,STATE_EXP_INITIAL_REMAINDER,STATE_EXP_CORRECTED_PRODUCT,STATE_EXP_NEGATIVE_REMAINDER,STATE_EXP_POSITIVE_REMAINDER,STATE_EXP_POLY_MUL,STATE_EXP_POLY_ADD,STATE_EXP_SCALE_DOWN,STATE_EXP_ACCUMULATE,STATE_RECIPROCAL_INIT,STATE_RECIPROCAL_PRODUCT,STATE_RECIPROCAL_CORRECTION,STATE_RECIPROCAL_ESTIMATE,STATE_OUTPUT_READ,STATE_OUTPUT_NORMALIZE,STATE_OUTPUT_WRITE,STATE_DONE",clk,rst (synchronous active-high),MIXED / protocol — khi vẽ: state-qualified outputs có thể xem là Moore-like; guard/input quyết định transition và registered micro-op là Mealy-controlled. G2: MIXED_OR_PROTOCOL; exact registered side effects listed,STATE_EXP_INITIAL_REMAINDER,Register first remainder -> EXP_CORRECTED_PRODUCT.,STATE_EXP_CORRECTED_PRODUCT,exp_remainder_initial,CE_SOFTMAX:L34,rtl/blocks/softmax/vit_softmax_engine_fp32.sv,L599-L603; STATE_EXP_INITIAL_REMAINDER; guard=Register first remainder -> EXP_CORRECTED_PRODUCT.; target=STATE_EXP_CORRECTED_PRODUCT; clause=1/1
CE-SOFTMAX,vit_softmax_engine_fp32,explicit,state,"STATE_IDLE,STATE_TOTAL_START,STATE_TOTAL_WAIT,STATE_MAX,STATE_EXP_SUM_READ,STATE_EXP_CENTER,STATE_EXP_SCALE,STATE_EXP_INITIAL_PRODUCT,STATE_EXP_INITIAL_REMAINDER,STATE_EXP_CORRECTED_PRODUCT,STATE_EXP_NEGATIVE_REMAINDER,STATE_EXP_POSITIVE_REMAINDER,STATE_EXP_POLY_MUL,STATE_EXP_POLY_ADD,STATE_EXP_SCALE_DOWN,STATE_EXP_ACCUMULATE,STATE_RECIPROCAL_INIT,STATE_RECIPROCAL_PRODUCT,STATE_RECIPROCAL_CORRECTION,STATE_RECIPROCAL_ESTIMATE,STATE_OUTPUT_READ,STATE_OUTPUT_NORMALIZE,STATE_OUTPUT_WRITE,STATE_DONE",clk,rst (synchronous active-high),MIXED / protocol — khi vẽ: state-qualified outputs có thể xem là Moore-like; guard/input quyết định transition và registered micro-op là Mealy-controlled. G2: MIXED_OR_PROTOCOL; exact registered side effects listed,STATE_EXP_CORRECTED_PRODUCT,Register negative-correction flag/integer and corrected product -> EXP_NEGATIVE_REMAINDER.,STATE_EXP_NEGATIVE_REMAINDER,exp_correct_negative; exp_scale_integer_after_negative; exp_scale_product,CE_SOFTMAX:L35,rtl/blocks/softmax/vit_softmax_engine_fp32.sv,L604-L611; STATE_EXP_CORRECTED_PRODUCT; guard=Register negative-correction flag/integer and corrected product -> EXP_NEGATIVE_REMAINDER.; target=STATE_EXP_NEGATIVE_REMAINDER; clause=1/1
CE-SOFTMAX,vit_softmax_engine_fp32,explicit,state,"STATE_IDLE,STATE_TOTAL_START,STATE_TOTAL_WAIT,STATE_MAX,STATE_EXP_SUM_READ,STATE_EXP_CENTER,STATE_EXP_SCALE,STATE_EXP_INITIAL_PRODUCT,STATE_EXP_INITIAL_REMAINDER,STATE_EXP_CORRECTED_PRODUCT,STATE_EXP_NEGATIVE_REMAINDER,STATE_EXP_POSITIVE_REMAINDER,STATE_EXP_POLY_MUL,STATE_EXP_POLY_ADD,STATE_EXP_SCALE_DOWN,STATE_EXP_ACCUMULATE,STATE_RECIPROCAL_INIT,STATE_RECIPROCAL_PRODUCT,STATE_RECIPROCAL_CORRECTION,STATE_RECIPROCAL_ESTIMATE,STATE_OUTPUT_READ,STATE_OUTPUT_NORMALIZE,STATE_OUTPUT_WRITE,STATE_DONE",clk,rst (synchronous active-high),MIXED / protocol — khi vẽ: state-qualified outputs có thể xem là Moore-like; guard/input quyết định transition và registered micro-op là Mealy-controlled. G2: MIXED_OR_PROTOCOL; exact registered side effects listed,STATE_EXP_NEGATIVE_REMAINDER,Register remainder -> EXP_POSITIVE_REMAINDER.,STATE_EXP_POSITIVE_REMAINDER,exp_remainder_negative,CE_SOFTMAX:L36,rtl/blocks/softmax/vit_softmax_engine_fp32.sv,L612-L616; STATE_EXP_NEGATIVE_REMAINDER; guard=Register remainder -> EXP_POSITIVE_REMAINDER.; target=STATE_EXP_POSITIVE_REMAINDER; clause=1/1
CE-SOFTMAX,vit_softmax_engine_fp32,explicit,state,"STATE_IDLE,STATE_TOTAL_START,STATE_TOTAL_WAIT,STATE_MAX,STATE_EXP_SUM_READ,STATE_EXP_CENTER,STATE_EXP_SCALE,STATE_EXP_INITIAL_PRODUCT,STATE_EXP_INITIAL_REMAINDER,STATE_EXP_CORRECTED_PRODUCT,STATE_EXP_NEGATIVE_REMAINDER,STATE_EXP_POSITIVE_REMAINDER,STATE_EXP_POLY_MUL,STATE_EXP_POLY_ADD,STATE_EXP_SCALE_DOWN,STATE_EXP_ACCUMULATE,STATE_RECIPROCAL_INIT,STATE_RECIPROCAL_PRODUCT,STATE_RECIPROCAL_CORRECTION,STATE_RECIPROCAL_ESTIMATE,STATE_OUTPUT_READ,STATE_OUTPUT_NORMALIZE,STATE_OUTPUT_WRITE,STATE_DONE",clk,rst (synchronous active-high),MIXED / protocol — khi vẽ: state-qualified outputs có thể xem là Moore-like; guard/input quyết định transition và registered micro-op là Mealy-controlled. G2: MIXED_OR_PROTOCOL; exact registered side effects listed,STATE_EXP_POSITIVE_REMAINDER,"Apply positive correction, capture final integer/remainder, polynomial step=0 -> EXP_POLY_MUL.",STATE_EXP_POLY_MUL,exp_scale_integer_final; exp_remainder_final; exp_polynomial_step,CE_SOFTMAX:L37,rtl/blocks/softmax/vit_softmax_engine_fp32.sv,"L617-L628; STATE_EXP_POSITIVE_REMAINDER; guard=Apply positive correction, capture final integer/remainder, polynomial step=0 -> EXP_POLY_MUL.; target=STATE_EXP_POLY_MUL; clause=1/1"
CE-SOFTMAX,vit_softmax_engine_fp32,explicit,state,"STATE_IDLE,STATE_TOTAL_START,STATE_TOTAL_WAIT,STATE_MAX,STATE_EXP_SUM_READ,STATE_EXP_CENTER,STATE_EXP_SCALE,STATE_EXP_INITIAL_PRODUCT,STATE_EXP_INITIAL_REMAINDER,STATE_EXP_CORRECTED_PRODUCT,STATE_EXP_NEGATIVE_REMAINDER,STATE_EXP_POSITIVE_REMAINDER,STATE_EXP_POLY_MUL,STATE_EXP_POLY_ADD,STATE_EXP_SCALE_DOWN,STATE_EXP_ACCUMULATE,STATE_RECIPROCAL_INIT,STATE_RECIPROCAL_PRODUCT,STATE_RECIPROCAL_CORRECTION,STATE_RECIPROCAL_ESTIMATE,STATE_OUTPUT_READ,STATE_OUTPUT_NORMALIZE,STATE_OUTPUT_WRITE,STATE_DONE",clk,rst (synchronous active-high),MIXED / protocol — khi vẽ: state-qualified outputs có thể xem là Moore-like; guard/input quyết định transition và registered micro-op là Mealy-controlled. G2: MIXED_OR_PROTOCOL; exact registered side effects listed,STATE_EXP_POLY_MUL,Store current Horner multiply -> EXP_POLY_ADD.,STATE_EXP_POLY_ADD,temporary_result,CE_SOFTMAX:L38,rtl/blocks/softmax/vit_softmax_engine_fp32.sv,L629-L633; STATE_EXP_POLY_MUL; guard=Store current Horner multiply -> EXP_POLY_ADD.; target=STATE_EXP_POLY_ADD; clause=1/1
CE-SOFTMAX,vit_softmax_engine_fp32,explicit,state,"STATE_IDLE,STATE_TOTAL_START,STATE_TOTAL_WAIT,STATE_MAX,STATE_EXP_SUM_READ,STATE_EXP_CENTER,STATE_EXP_SCALE,STATE_EXP_INITIAL_PRODUCT,STATE_EXP_INITIAL_REMAINDER,STATE_EXP_CORRECTED_PRODUCT,STATE_EXP_NEGATIVE_REMAINDER,STATE_EXP_POSITIVE_REMAINDER,STATE_EXP_POLY_MUL,STATE_EXP_POLY_ADD,STATE_EXP_SCALE_DOWN,STATE_EXP_ACCUMULATE,STATE_RECIPROCAL_INIT,STATE_RECIPROCAL_PRODUCT,STATE_RECIPROCAL_CORRECTION,STATE_RECIPROCAL_ESTIMATE,STATE_OUTPUT_READ,STATE_OUTPUT_NORMALIZE,STATE_OUTPUT_WRITE,STATE_DONE",clk,rst (synchronous active-high),MIXED / protocol — khi vẽ: state-qualified outputs có thể xem là Moore-like; guard/input quyết định transition và registered micro-op là Mealy-controlled. G2: MIXED_OR_PROTOCOL; exact registered side effects listed,STATE_EXP_POLY_ADD,Old step==7 -> EXP_SCALE_DOWN,STATE_EXP_SCALE_DOWN,exp_polynomial; exp_polynomial_step,CE_SOFTMAX:L39,rtl/blocks/softmax/vit_softmax_engine_fp32.sv,L634-L644; STATE_EXP_POLY_ADD; guard=Old step==7 -> EXP_SCALE_DOWN; target=STATE_EXP_SCALE_DOWN; clause=1/1
CE-SOFTMAX,vit_softmax_engine_fp32,explicit,state,"STATE_IDLE,STATE_TOTAL_START,STATE_TOTAL_WAIT,STATE_MAX,STATE_EXP_SUM_READ,STATE_EXP_CENTER,STATE_EXP_SCALE,STATE_EXP_INITIAL_PRODUCT,STATE_EXP_INITIAL_REMAINDER,STATE_EXP_CORRECTED_PRODUCT,STATE_EXP_NEGATIVE_REMAINDER,STATE_EXP_POSITIVE_REMAINDER,STATE_EXP_POLY_MUL,STATE_EXP_POLY_ADD,STATE_EXP_SCALE_DOWN,STATE_EXP_ACCUMULATE,STATE_RECIPROCAL_INIT,STATE_RECIPROCAL_PRODUCT,STATE_RECIPROCAL_CORRECTION,STATE_RECIPROCAL_ESTIMATE,STATE_OUTPUT_READ,STATE_OUTPUT_NORMALIZE,STATE_OUTPUT_WRITE,STATE_DONE",clk,rst (synchronous active-high),MIXED / protocol — khi vẽ: state-qualified outputs có thể xem là Moore-like; guard/input quyết định transition và registered micro-op là Mealy-controlled. G2: MIXED_OR_PROTOCOL; exact registered side effects listed,STATE_EXP_POLY_ADD,else step++ -> EXP_POLY_MUL.,STATE_EXP_POLY_MUL,exp_polynomial; exp_polynomial_step,CE_SOFTMAX:L39,rtl/blocks/softmax/vit_softmax_engine_fp32.sv,L634-L644; STATE_EXP_POLY_ADD; guard=else step++ -> EXP_POLY_MUL.; target=STATE_EXP_POLY_MUL; clause=1/1
CE-SOFTMAX,vit_softmax_engine_fp32,explicit,state,"STATE_IDLE,STATE_TOTAL_START,STATE_TOTAL_WAIT,STATE_MAX,STATE_EXP_SUM_READ,STATE_EXP_CENTER,STATE_EXP_SCALE,STATE_EXP_INITIAL_PRODUCT,STATE_EXP_INITIAL_REMAINDER,STATE_EXP_CORRECTED_PRODUCT,STATE_EXP_NEGATIVE_REMAINDER,STATE_EXP_POSITIVE_REMAINDER,STATE_EXP_POLY_MUL,STATE_EXP_POLY_ADD,STATE_EXP_SCALE_DOWN,STATE_EXP_ACCUMULATE,STATE_RECIPROCAL_INIT,STATE_RECIPROCAL_PRODUCT,STATE_RECIPROCAL_CORRECTION,STATE_RECIPROCAL_ESTIMATE,STATE_OUTPUT_READ,STATE_OUTPUT_NORMALIZE,STATE_OUTPUT_WRITE,STATE_DONE",clk,rst (synchronous active-high),MIXED / protocol — khi vẽ: state-qualified outputs có thể xem là Moore-like; guard/input quyết định transition và registered micro-op là Mealy-controlled. G2: MIXED_OR_PROTOCOL; exact registered side effects listed,STATE_EXP_SCALE_DOWN,route by output_phase to OUTPUT_NORMALIZE or EXP_ACCUMULATE.,STATE_OUTPUT_NORMALIZE,exponential_value,CE_SOFTMAX:L40,rtl/blocks/softmax/vit_softmax_engine_fp32.sv,L645-L652; STATE_EXP_SCALE_DOWN; guard=route by output_phase to OUTPUT_NORMALIZE or EXP_ACCUMULATE.; target=STATE_OUTPUT_NORMALIZE; clause=1/1
CE-SOFTMAX,vit_softmax_engine_fp32,explicit,state,"STATE_IDLE,STATE_TOTAL_START,STATE_TOTAL_WAIT,STATE_MAX,STATE_EXP_SUM_READ,STATE_EXP_CENTER,STATE_EXP_SCALE,STATE_EXP_INITIAL_PRODUCT,STATE_EXP_INITIAL_REMAINDER,STATE_EXP_CORRECTED_PRODUCT,STATE_EXP_NEGATIVE_REMAINDER,STATE_EXP_POSITIVE_REMAINDER,STATE_EXP_POLY_MUL,STATE_EXP_POLY_ADD,STATE_EXP_SCALE_DOWN,STATE_EXP_ACCUMULATE,STATE_RECIPROCAL_INIT,STATE_RECIPROCAL_PRODUCT,STATE_RECIPROCAL_CORRECTION,STATE_RECIPROCAL_ESTIMATE,STATE_OUTPUT_READ,STATE_OUTPUT_NORMALIZE,STATE_OUTPUT_WRITE,STATE_DONE",clk,rst (synchronous active-high),MIXED / protocol — khi vẽ: state-qualified outputs có thể xem là Moore-like; guard/input quyết định transition và registered micro-op là Mealy-controlled. G2: MIXED_OR_PROTOCOL; exact registered side effects listed,STATE_EXP_SCALE_DOWN,route by output_phase to OUTPUT_NORMALIZE or EXP_ACCUMULATE.,STATE_EXP_ACCUMULATE,exponential_value,CE_SOFTMAX:L40,rtl/blocks/softmax/vit_softmax_engine_fp32.sv,L645-L652; STATE_EXP_SCALE_DOWN; guard=route by output_phase to OUTPUT_NORMALIZE or EXP_ACCUMULATE.; target=STATE_EXP_ACCUMULATE; clause=1/1
CE-SOFTMAX,vit_softmax_engine_fp32,explicit,state,"STATE_IDLE,STATE_TOTAL_START,STATE_TOTAL_WAIT,STATE_MAX,STATE_EXP_SUM_READ,STATE_EXP_CENTER,STATE_EXP_SCALE,STATE_EXP_INITIAL_PRODUCT,STATE_EXP_INITIAL_REMAINDER,STATE_EXP_CORRECTED_PRODUCT,STATE_EXP_NEGATIVE_REMAINDER,STATE_EXP_POSITIVE_REMAINDER,STATE_EXP_POLY_MUL,STATE_EXP_POLY_ADD,STATE_EXP_SCALE_DOWN,STATE_EXP_ACCUMULATE,STATE_RECIPROCAL_INIT,STATE_RECIPROCAL_PRODUCT,STATE_RECIPROCAL_CORRECTION,STATE_RECIPROCAL_ESTIMATE,STATE_OUTPUT_READ,STATE_OUTPUT_NORMALIZE,STATE_OUTPUT_WRITE,STATE_DONE",clk,rst (synchronous active-high),MIXED / protocol — khi vẽ: state-qualified outputs có thể xem là Moore-like; guard/input quyết định transition và registered micro-op là Mealy-controlled. G2: MIXED_OR_PROTOCOL; exact registered side effects listed,STATE_EXP_ACCUMULATE,Last element resets index -> RECIPROCAL_INIT,STATE_RECIPROCAL_INIT,exponential_sum; element_index,CE_SOFTMAX:L41,rtl/blocks/softmax/vit_softmax_engine_fp32.sv,L653-L664; STATE_EXP_ACCUMULATE; guard=Last element resets index -> RECIPROCAL_INIT; target=STATE_RECIPROCAL_INIT; clause=1/1
CE-SOFTMAX,vit_softmax_engine_fp32,explicit,state,"STATE_IDLE,STATE_TOTAL_START,STATE_TOTAL_WAIT,STATE_MAX,STATE_EXP_SUM_READ,STATE_EXP_CENTER,STATE_EXP_SCALE,STATE_EXP_INITIAL_PRODUCT,STATE_EXP_INITIAL_REMAINDER,STATE_EXP_CORRECTED_PRODUCT,STATE_EXP_NEGATIVE_REMAINDER,STATE_EXP_POSITIVE_REMAINDER,STATE_EXP_POLY_MUL,STATE_EXP_POLY_ADD,STATE_EXP_SCALE_DOWN,STATE_EXP_ACCUMULATE,STATE_RECIPROCAL_INIT,STATE_RECIPROCAL_PRODUCT,STATE_RECIPROCAL_CORRECTION,STATE_RECIPROCAL_ESTIMATE,STATE_OUTPUT_READ,STATE_OUTPUT_NORMALIZE,STATE_OUTPUT_WRITE,STATE_DONE",clk,rst (synchronous active-high),MIXED / protocol — khi vẽ: state-qualified outputs có thể xem là Moore-like; guard/input quyết định transition và registered micro-op là Mealy-controlled. G2: MIXED_OR_PROTOCOL; exact registered side effects listed,STATE_EXP_ACCUMULATE,else index++ -> EXP_SUM_READ.,STATE_EXP_SUM_READ,exponential_sum; element_index,CE_SOFTMAX:L41,rtl/blocks/softmax/vit_softmax_engine_fp32.sv,L653-L664; STATE_EXP_ACCUMULATE; guard=else index++ -> EXP_SUM_READ.; target=STATE_EXP_SUM_READ; clause=1/1
CE-SOFTMAX,vit_softmax_engine_fp32,explicit,state,"STATE_IDLE,STATE_TOTAL_START,STATE_TOTAL_WAIT,STATE_MAX,STATE_EXP_SUM_READ,STATE_EXP_CENTER,STATE_EXP_SCALE,STATE_EXP_INITIAL_PRODUCT,STATE_EXP_INITIAL_REMAINDER,STATE_EXP_CORRECTED_PRODUCT,STATE_EXP_NEGATIVE_REMAINDER,STATE_EXP_POSITIVE_REMAINDER,STATE_EXP_POLY_MUL,STATE_EXP_POLY_ADD,STATE_EXP_SCALE_DOWN,STATE_EXP_ACCUMULATE,STATE_RECIPROCAL_INIT,STATE_RECIPROCAL_PRODUCT,STATE_RECIPROCAL_CORRECTION,STATE_RECIPROCAL_ESTIMATE,STATE_OUTPUT_READ,STATE_OUTPUT_NORMALIZE,STATE_OUTPUT_WRITE,STATE_DONE",clk,rst (synchronous active-high),MIXED / protocol — khi vẽ: state-qualified outputs có thể xem là Moore-like; guard/input quyết định transition và registered micro-op là Mealy-controlled. G2: MIXED_OR_PROTOCOL; exact registered side effects listed,STATE_RECIPROCAL_INIT,each resets index -> OUTPUT_READ.,STATE_OUTPUT_READ,reciprocal_operand; reciprocal_iteration; reciprocal_sum; element_index; reciprocal_estimate,CE_SOFTMAX:L42,rtl/blocks/softmax/vit_softmax_engine_fp32.sv,L665-L688; STATE_RECIPROCAL_INIT; guard=each resets index -> OUTPUT_READ.; target=STATE_OUTPUT_READ; clause=1/1
CE-SOFTMAX,vit_softmax_engine_fp32,explicit,state,"STATE_IDLE,STATE_TOTAL_START,STATE_TOTAL_WAIT,STATE_MAX,STATE_EXP_SUM_READ,STATE_EXP_CENTER,STATE_EXP_SCALE,STATE_EXP_INITIAL_PRODUCT,STATE_EXP_INITIAL_REMAINDER,STATE_EXP_CORRECTED_PRODUCT,STATE_EXP_NEGATIVE_REMAINDER,STATE_EXP_POSITIVE_REMAINDER,STATE_EXP_POLY_MUL,STATE_EXP_POLY_ADD,STATE_EXP_SCALE_DOWN,STATE_EXP_ACCUMULATE,STATE_RECIPROCAL_INIT,STATE_RECIPROCAL_PRODUCT,STATE_RECIPROCAL_CORRECTION,STATE_RECIPROCAL_ESTIMATE,STATE_OUTPUT_READ,STATE_OUTPUT_NORMALIZE,STATE_OUTPUT_WRITE,STATE_DONE",clk,rst (synchronous active-high),MIXED / protocol — khi vẽ: state-qualified outputs có thể xem là Moore-like; guard/input quyết định transition và registered micro-op là Mealy-controlled. G2: MIXED_OR_PROTOCOL; exact registered side effects listed,STATE_RECIPROCAL_INIT,Normal uses magic seed -> RECIPROCAL_PRODUCT.,STATE_RECIPROCAL_PRODUCT,reciprocal_operand; reciprocal_iteration; reciprocal_sum; element_index; reciprocal_estimate,CE_SOFTMAX:L42,rtl/blocks/softmax/vit_softmax_engine_fp32.sv,L665-L688; STATE_RECIPROCAL_INIT; guard=Normal uses magic seed -> RECIPROCAL_PRODUCT.; target=STATE_RECIPROCAL_PRODUCT; clause=1/1
CE-SOFTMAX,vit_softmax_engine_fp32,explicit,state,"STATE_IDLE,STATE_TOTAL_START,STATE_TOTAL_WAIT,STATE_MAX,STATE_EXP_SUM_READ,STATE_EXP_CENTER,STATE_EXP_SCALE,STATE_EXP_INITIAL_PRODUCT,STATE_EXP_INITIAL_REMAINDER,STATE_EXP_CORRECTED_PRODUCT,STATE_EXP_NEGATIVE_REMAINDER,STATE_EXP_POSITIVE_REMAINDER,STATE_EXP_POLY_MUL,STATE_EXP_POLY_ADD,STATE_EXP_SCALE_DOWN,STATE_EXP_ACCUMULATE,STATE_RECIPROCAL_INIT,STATE_RECIPROCAL_PRODUCT,STATE_RECIPROCAL_CORRECTION,STATE_RECIPROCAL_ESTIMATE,STATE_OUTPUT_READ,STATE_OUTPUT_NORMALIZE,STATE_OUTPUT_WRITE,STATE_DONE",clk,rst (synchronous active-high),MIXED / protocol — khi vẽ: state-qualified outputs có thể xem là Moore-like; guard/input quyết định transition và registered micro-op là Mealy-controlled. G2: MIXED_OR_PROTOCOL; exact registered side effects listed,STATE_RECIPROCAL_PRODUCT,Register sum*estimate -> RECIPROCAL_CORRECTION.,STATE_RECIPROCAL_CORRECTION,reciprocal_product,CE_SOFTMAX:L43,rtl/blocks/softmax/vit_softmax_engine_fp32.sv,L689-L693; STATE_RECIPROCAL_PRODUCT; guard=Register sum*estimate -> RECIPROCAL_CORRECTION.; target=STATE_RECIPROCAL_CORRECTION; clause=1/1
CE-SOFTMAX,vit_softmax_engine_fp32,explicit,state,"STATE_IDLE,STATE_TOTAL_START,STATE_TOTAL_WAIT,STATE_MAX,STATE_EXP_SUM_READ,STATE_EXP_CENTER,STATE_EXP_SCALE,STATE_EXP_INITIAL_PRODUCT,STATE_EXP_INITIAL_REMAINDER,STATE_EXP_CORRECTED_PRODUCT,STATE_EXP_NEGATIVE_REMAINDER,STATE_EXP_POSITIVE_REMAINDER,STATE_EXP_POLY_MUL,STATE_EXP_POLY_ADD,STATE_EXP_SCALE_DOWN,STATE_EXP_ACCUMULATE,STATE_RECIPROCAL_INIT,STATE_RECIPROCAL_PRODUCT,STATE_RECIPROCAL_CORRECTION,STATE_RECIPROCAL_ESTIMATE,STATE_OUTPUT_READ,STATE_OUTPUT_NORMALIZE,STATE_OUTPUT_WRITE,STATE_DONE",clk,rst (synchronous active-high),MIXED / protocol — khi vẽ: state-qualified outputs có thể xem là Moore-like; guard/input quyết định transition và registered micro-op là Mealy-controlled. G2: MIXED_OR_PROTOCOL; exact registered side effects listed,STATE_RECIPROCAL_CORRECTION,Register correction -> RECIPROCAL_ESTIMATE.,STATE_RECIPROCAL_ESTIMATE,reciprocal_correction,CE_SOFTMAX:L44,rtl/blocks/softmax/vit_softmax_engine_fp32.sv,L694-L698; STATE_RECIPROCAL_CORRECTION; guard=Register correction -> RECIPROCAL_ESTIMATE.; target=STATE_RECIPROCAL_ESTIMATE; clause=1/1
CE-SOFTMAX,vit_softmax_engine_fp32,explicit,state,"STATE_IDLE,STATE_TOTAL_START,STATE_TOTAL_WAIT,STATE_MAX,STATE_EXP_SUM_READ,STATE_EXP_CENTER,STATE_EXP_SCALE,STATE_EXP_INITIAL_PRODUCT,STATE_EXP_INITIAL_REMAINDER,STATE_EXP_CORRECTED_PRODUCT,STATE_EXP_NEGATIVE_REMAINDER,STATE_EXP_POSITIVE_REMAINDER,STATE_EXP_POLY_MUL,STATE_EXP_POLY_ADD,STATE_EXP_SCALE_DOWN,STATE_EXP_ACCUMULATE,STATE_RECIPROCAL_INIT,STATE_RECIPROCAL_PRODUCT,STATE_RECIPROCAL_CORRECTION,STATE_RECIPROCAL_ESTIMATE,STATE_OUTPUT_READ,STATE_OUTPUT_NORMALIZE,STATE_OUTPUT_WRITE,STATE_DONE",clk,rst (synchronous active-high),MIXED / protocol — khi vẽ: state-qualified outputs có thể xem là Moore-like; guard/input quyết định transition và registered micro-op là Mealy-controlled. G2: MIXED_OR_PROTOCOL; exact registered side effects listed,STATE_RECIPROCAL_ESTIMATE,"Old iteration==3: latch reciprocal, reset index -> OUTPUT_READ",STATE_OUTPUT_READ,reciprocal_estimate; reciprocal_sum; element_index; reciprocal_iteration,CE_SOFTMAX:L45,rtl/blocks/softmax/vit_softmax_engine_fp32.sv,"L699-L711; STATE_RECIPROCAL_ESTIMATE; guard=Old iteration==3: latch reciprocal, reset index -> OUTPUT_READ; target=STATE_OUTPUT_READ; clause=1/1"
CE-SOFTMAX,vit_softmax_engine_fp32,explicit,state,"STATE_IDLE,STATE_TOTAL_START,STATE_TOTAL_WAIT,STATE_MAX,STATE_EXP_SUM_READ,STATE_EXP_CENTER,STATE_EXP_SCALE,STATE_EXP_INITIAL_PRODUCT,STATE_EXP_INITIAL_REMAINDER,STATE_EXP_CORRECTED_PRODUCT,STATE_EXP_NEGATIVE_REMAINDER,STATE_EXP_POSITIVE_REMAINDER,STATE_EXP_POLY_MUL,STATE_EXP_POLY_ADD,STATE_EXP_SCALE_DOWN,STATE_EXP_ACCUMULATE,STATE_RECIPROCAL_INIT,STATE_RECIPROCAL_PRODUCT,STATE_RECIPROCAL_CORRECTION,STATE_RECIPROCAL_ESTIMATE,STATE_OUTPUT_READ,STATE_OUTPUT_NORMALIZE,STATE_OUTPUT_WRITE,STATE_DONE",clk,rst (synchronous active-high),MIXED / protocol — khi vẽ: state-qualified outputs có thể xem là Moore-like; guard/input quyết định transition và registered micro-op là Mealy-controlled. G2: MIXED_OR_PROTOCOL; exact registered side effects listed,STATE_RECIPROCAL_ESTIMATE,"Commit Newton estimate. Old iteration==3: latch reciprocal, reset index -> OUTPUT_READ; else iteration++ -> PRODUCT. Exactly four updates.",STATE_RECIPROCAL_PRODUCT,reciprocal_estimate; reciprocal_sum; element_index; reciprocal_iteration,CE_SOFTMAX:L45,rtl/blocks/softmax/vit_softmax_engine_fp32.sv,"L699-L711; STATE_RECIPROCAL_ESTIMATE; guard=Commit Newton estimate. Old iteration==3: latch reciprocal, reset index -> OUTPUT_READ; else iteration++ -> PRODUCT. Exactly four updates.; target=STATE_RECIPROCAL_PRODUCT; clause=1/1"
CE-SOFTMAX,vit_softmax_engine_fp32,explicit,state,"STATE_IDLE,STATE_TOTAL_START,STATE_TOTAL_WAIT,STATE_MAX,STATE_EXP_SUM_READ,STATE_EXP_CENTER,STATE_EXP_SCALE,STATE_EXP_INITIAL_PRODUCT,STATE_EXP_INITIAL_REMAINDER,STATE_EXP_CORRECTED_PRODUCT,STATE_EXP_NEGATIVE_REMAINDER,STATE_EXP_POSITIVE_REMAINDER,STATE_EXP_POLY_MUL,STATE_EXP_POLY_ADD,STATE_EXP_SCALE_DOWN,STATE_EXP_ACCUMULATE,STATE_RECIPROCAL_INIT,STATE_RECIPROCAL_PRODUCT,STATE_RECIPROCAL_CORRECTION,STATE_RECIPROCAL_ESTIMATE,STATE_OUTPUT_READ,STATE_OUTPUT_NORMALIZE,STATE_OUTPUT_WRITE,STATE_DONE",clk,rst (synchronous active-high),MIXED / protocol — khi vẽ: state-qualified outputs có thể xem là Moore-like; guard/input quyết định transition và registered micro-op là Mealy-controlled. G2: MIXED_OR_PROTOCOL; exact registered side effects listed,STATE_OUTPUT_READ,"Buffer mode issues exp read, sets result index -> OUTPUT_NORMALIZE.",STATE_OUTPUT_NORMALIZE,result_index; exp_input_value; exp_output_phase,CE_SOFTMAX:L46,rtl/blocks/softmax/vit_softmax_engine_fp32.sv,"L712-L723; STATE_OUTPUT_READ; guard=Buffer mode issues exp read, sets result index -> OUTPUT_NORMALIZE.; target=STATE_OUTPUT_NORMALIZE; clause=1/1"
CE-SOFTMAX,vit_softmax_engine_fp32,explicit,state,"STATE_IDLE,STATE_TOTAL_START,STATE_TOTAL_WAIT,STATE_MAX,STATE_EXP_SUM_READ,STATE_EXP_CENTER,STATE_EXP_SCALE,STATE_EXP_INITIAL_PRODUCT,STATE_EXP_INITIAL_REMAINDER,STATE_EXP_CORRECTED_PRODUCT,STATE_EXP_NEGATIVE_REMAINDER,STATE_EXP_POSITIVE_REMAINDER,STATE_EXP_POLY_MUL,STATE_EXP_POLY_ADD,STATE_EXP_SCALE_DOWN,STATE_EXP_ACCUMULATE,STATE_RECIPROCAL_INIT,STATE_RECIPROCAL_PRODUCT,STATE_RECIPROCAL_CORRECTION,STATE_RECIPROCAL_ESTIMATE,STATE_OUTPUT_READ,STATE_OUTPUT_NORMALIZE,STATE_OUTPUT_WRITE,STATE_DONE",clk,rst (synchronous active-high),MIXED / protocol — khi vẽ: state-qualified outputs có thể xem là Moore-like; guard/input quyết định transition và registered micro-op là Mealy-controlled. G2: MIXED_OR_PROTOCOL; exact registered side effects listed,STATE_OUTPUT_READ,"Unbuffered self until input_valid, latches raw input, sets output_phase=1 -> EXP_CENTER and recomputes exp.",STATE_EXP_CENTER,result_index; exp_input_value; exp_output_phase,CE_SOFTMAX:L46,rtl/blocks/softmax/vit_softmax_engine_fp32.sv,"L712-L723; STATE_OUTPUT_READ; guard=Unbuffered self until input_valid, latches raw input, sets output_phase=1 -> EXP_CENTER and recomputes exp.; target=STATE_EXP_CENTER; clause=1/1"
CE-SOFTMAX,vit_softmax_engine_fp32,explicit,state,"STATE_IDLE,STATE_TOTAL_START,STATE_TOTAL_WAIT,STATE_MAX,STATE_EXP_SUM_READ,STATE_EXP_CENTER,STATE_EXP_SCALE,STATE_EXP_INITIAL_PRODUCT,STATE_EXP_INITIAL_REMAINDER,STATE_EXP_CORRECTED_PRODUCT,STATE_EXP_NEGATIVE_REMAINDER,STATE_EXP_POSITIVE_REMAINDER,STATE_EXP_POLY_MUL,STATE_EXP_POLY_ADD,STATE_EXP_SCALE_DOWN,STATE_EXP_ACCUMULATE,STATE_RECIPROCAL_INIT,STATE_RECIPROCAL_PRODUCT,STATE_RECIPROCAL_CORRECTION,STATE_RECIPROCAL_ESTIMATE,STATE_OUTPUT_READ,STATE_OUTPUT_NORMALIZE,STATE_OUTPUT_WRITE,STATE_DONE",clk,rst (synchronous active-high),MIXED / protocol — khi vẽ: state-qualified outputs có thể xem là Moore-like; guard/input quyết định transition và registered micro-op là Mealy-controlled. G2: MIXED_OR_PROTOCOL; exact registered side effects listed,STATE_OUTPUT_NORMALIZE,Commit exp*reciprocal into result -> OUTPUT_WRITE.,STATE_OUTPUT_WRITE,result_data,CE_SOFTMAX:L47,rtl/blocks/softmax/vit_softmax_engine_fp32.sv,L724-L728; STATE_OUTPUT_NORMALIZE; guard=Commit exp*reciprocal into result -> OUTPUT_WRITE.; target=STATE_OUTPUT_WRITE; clause=1/1
CE-SOFTMAX,vit_softmax_engine_fp32,explicit,state,"STATE_IDLE,STATE_TOTAL_START,STATE_TOTAL_WAIT,STATE_MAX,STATE_EXP_SUM_READ,STATE_EXP_CENTER,STATE_EXP_SCALE,STATE_EXP_INITIAL_PRODUCT,STATE_EXP_INITIAL_REMAINDER,STATE_EXP_CORRECTED_PRODUCT,STATE_EXP_NEGATIVE_REMAINDER,STATE_EXP_POSITIVE_REMAINDER,STATE_EXP_POLY_MUL,STATE_EXP_POLY_ADD,STATE_EXP_SCALE_DOWN,STATE_EXP_ACCUMULATE,STATE_RECIPROCAL_INIT,STATE_RECIPROCAL_PRODUCT,STATE_RECIPROCAL_CORRECTION,STATE_RECIPROCAL_ESTIMATE,STATE_OUTPUT_READ,STATE_OUTPUT_NORMALIZE,STATE_OUTPUT_WRITE,STATE_DONE",clk,rst (synchronous active-high),MIXED / protocol — khi vẽ: state-qualified outputs có thể xem là Moore-like; guard/input quyết định transition và registered micro-op là Mealy-controlled. G2: MIXED_OR_PROTOCOL; exact registered side effects listed,STATE_OUTPUT_WRITE,Ready and more elements: index++ -> OUTPUT_READ.,STATE_OUTPUT_READ,element_index; row_index; row_base_index; row_maximum; exponential_sum; reciprocal_sum,CE_SOFTMAX:L48,rtl/blocks/softmax/vit_softmax_engine_fp32.sv,L729-L750; STATE_OUTPUT_WRITE; guard=Ready and more elements: index++ -> OUTPUT_READ.; target=STATE_OUTPUT_READ; clause=1/1
CE-SOFTMAX,vit_softmax_engine_fp32,explicit,state,"STATE_IDLE,STATE_TOTAL_START,STATE_TOTAL_WAIT,STATE_MAX,STATE_EXP_SUM_READ,STATE_EXP_CENTER,STATE_EXP_SCALE,STATE_EXP_INITIAL_PRODUCT,STATE_EXP_INITIAL_REMAINDER,STATE_EXP_CORRECTED_PRODUCT,STATE_EXP_NEGATIVE_REMAINDER,STATE_EXP_POSITIVE_REMAINDER,STATE_EXP_POLY_MUL,STATE_EXP_POLY_ADD,STATE_EXP_SCALE_DOWN,STATE_EXP_ACCUMULATE,STATE_RECIPROCAL_INIT,STATE_RECIPROCAL_PRODUCT,STATE_RECIPROCAL_CORRECTION,STATE_RECIPROCAL_ESTIMATE,STATE_OUTPUT_READ,STATE_OUTPUT_NORMALIZE,STATE_OUTPUT_WRITE,STATE_DONE",clk,rst (synchronous active-high),MIXED / protocol — khi vẽ: state-qualified outputs có thể xem là Moore-like; guard/input quyết định transition và registered micro-op là Mealy-controlled. G2: MIXED_OR_PROTOCOL; exact registered side effects listed,STATE_OUTPUT_WRITE,"End row but more rows: row/base++, reset row stats/index -> MAX.",STATE_MAX,element_index; row_index; row_base_index; row_maximum; exponential_sum; reciprocal_sum,CE_SOFTMAX:L48,rtl/blocks/softmax/vit_softmax_engine_fp32.sv,"L729-L750; STATE_OUTPUT_WRITE; guard=End row but more rows: row/base++, reset row stats/index -> MAX.; target=STATE_MAX; clause=1/1"
CE-SOFTMAX,vit_softmax_engine_fp32,explicit,state,"STATE_IDLE,STATE_TOTAL_START,STATE_TOTAL_WAIT,STATE_MAX,STATE_EXP_SUM_READ,STATE_EXP_CENTER,STATE_EXP_SCALE,STATE_EXP_INITIAL_PRODUCT,STATE_EXP_INITIAL_REMAINDER,STATE_EXP_CORRECTED_PRODUCT,STATE_EXP_NEGATIVE_REMAINDER,STATE_EXP_POSITIVE_REMAINDER,STATE_EXP_POLY_MUL,STATE_EXP_POLY_ADD,STATE_EXP_SCALE_DOWN,STATE_EXP_ACCUMULATE,STATE_RECIPROCAL_INIT,STATE_RECIPROCAL_PRODUCT,STATE_RECIPROCAL_CORRECTION,STATE_RECIPROCAL_ESTIMATE,STATE_OUTPUT_READ,STATE_OUTPUT_NORMALIZE,STATE_OUTPUT_WRITE,STATE_DONE",clk,rst (synchronous active-high),MIXED / protocol — khi vẽ: state-qualified outputs có thể xem là Moore-like; guard/input quyết định transition và registered micro-op là Mealy-controlled. G2: MIXED_OR_PROTOCOL; exact registered side effects listed,STATE_OUTPUT_WRITE,Final -> DONE.,STATE_DONE,element_index; row_index; row_base_index; row_maximum; exponential_sum; reciprocal_sum,CE_SOFTMAX:L48,rtl/blocks/softmax/vit_softmax_engine_fp32.sv,L729-L750; STATE_OUTPUT_WRITE; guard=Final -> DONE.; target=STATE_DONE; clause=1/1
CE-SOFTMAX,vit_softmax_engine_fp32,explicit,state,"STATE_IDLE,STATE_TOTAL_START,STATE_TOTAL_WAIT,STATE_MAX,STATE_EXP_SUM_READ,STATE_EXP_CENTER,STATE_EXP_SCALE,STATE_EXP_INITIAL_PRODUCT,STATE_EXP_INITIAL_REMAINDER,STATE_EXP_CORRECTED_PRODUCT,STATE_EXP_NEGATIVE_REMAINDER,STATE_EXP_POSITIVE_REMAINDER,STATE_EXP_POLY_MUL,STATE_EXP_POLY_ADD,STATE_EXP_SCALE_DOWN,STATE_EXP_ACCUMULATE,STATE_RECIPROCAL_INIT,STATE_RECIPROCAL_PRODUCT,STATE_RECIPROCAL_CORRECTION,STATE_RECIPROCAL_ESTIMATE,STATE_OUTPUT_READ,STATE_OUTPUT_NORMALIZE,STATE_OUTPUT_WRITE,STATE_DONE",clk,rst (synchronous active-high),MIXED / protocol — khi vẽ: state-qualified outputs có thể xem là Moore-like; guard/input quyết định transition và registered micro-op là Mealy-controlled. G2: MIXED_OR_PROTOCOL; exact registered side effects listed,STATE_DONE,"done=1,busy=1 one cycle -> IDLE.",STATE_IDLE,NONE_BEYOND_STATE,CE_SOFTMAX:L49,rtl/blocks/softmax/vit_softmax_engine_fp32.sv,"L751-L754; STATE_DONE; guard=done=1,busy=1 one cycle -> IDLE.; target=STATE_IDLE; clause=1/1"
CE-GELU-ENGINE,vit_gelu_engine_fp32,explicit,state,"STATE_IDLE,STATE_READ,STATE_LAUNCH_LANE,STATE_WAIT_LANE,STATE_WRITE,STATE_DONE",clk,rst (synchronous active-high),MIXED / protocol — khi vẽ: state-qualified outputs có thể xem là Moore-like; guard/input quyết định transition và registered micro-op là Mealy-controlled. G2: MIXED_OR_PROTOCOL; exact registered side effects listed,STATE_IDLE,"start,length=0 -> error,DONE",STATE_DONE,base_index; config_error; active_length,CE_GELU_ENGINE:L21,rtl/blocks/gelu/vit_gelu_engine_fp32.sv,"L122-L135; STATE_IDLE; guard=start,length=0 -> error,DONE; target=STATE_DONE; clause=1/1"
CE-GELU-ENGINE,vit_gelu_engine_fp32,explicit,state,"STATE_IDLE,STATE_READ,STATE_LAUNCH_LANE,STATE_WAIT_LANE,STATE_WRITE,STATE_DONE",clk,rst (synchronous active-high),MIXED / protocol — khi vẽ: state-qualified outputs có thể xem là Moore-like; guard/input quyết định transition và registered micro-op là Mealy-controlled. G2: MIXED_OR_PROTOCOL; exact registered side effects listed,STATE_IDLE,"start,length>0 -> latch length/base=0,clear error -> READ.",STATE_READ,base_index; config_error; active_length,CE_GELU_ENGINE:L21,rtl/blocks/gelu/vit_gelu_engine_fp32.sv,"L122-L135; STATE_IDLE; guard=start,length>0 -> latch length/base=0,clear error -> READ.; target=STATE_READ; clause=1/1"
CE-GELU-ENGINE,vit_gelu_engine_fp32,explicit,state,"STATE_IDLE,STATE_READ,STATE_LAUNCH_LANE,STATE_WAIT_LANE,STATE_WRITE,STATE_DONE",clk,rst (synchronous active-high),MIXED / protocol — khi vẽ: state-qualified outputs có thể xem là Moore-like; guard/input quyết định transition và registered micro-op là Mealy-controlled. G2: MIXED_OR_PROTOCOL; exact registered side effects listed,STATE_READ,"valid: latch 16 words and tail mask, clear result, capture result base/mask, lane=0 -> LAUNCH.",STATE_LAUNCH_LANE,result_base_index; result_lane_mask; result_data; latched_input_data; latched_lane_mask; compute_lane_index,CE_GELU_ENGINE:L22,rtl/blocks/gelu/vit_gelu_engine_fp32.sv,"L136-L147; STATE_READ; guard=valid: latch 16 words and tail mask, clear result, capture result base/mask, lane=0 -> LAUNCH.; target=STATE_LAUNCH_LANE; clause=1/1"
CE-GELU-ENGINE,vit_gelu_engine_fp32,explicit,state,"STATE_IDLE,STATE_READ,STATE_LAUNCH_LANE,STATE_WAIT_LANE,STATE_WRITE,STATE_DONE",clk,rst (synchronous active-high),MIXED / protocol — khi vẽ: state-qualified outputs có thể xem là Moore-like; guard/input quyết định transition và registered micro-op là Mealy-controlled. G2: MIXED_OR_PROTOCOL; exact registered side effects listed,STATE_LAUNCH_LANE,"lane15 -> WRITE, else lane++ and self.",STATE_WRITE,result_data[compute_lane_index*32+:32]; compute_lane_index,CE_GELU_ENGINE:L23,rtl/blocks/gelu/vit_gelu_engine_fp32.sv,"L148-L163; STATE_LAUNCH_LANE; guard=lane15 -> WRITE, else lane++ and self.; target=STATE_WRITE; clause=1/1"
CE-GELU-ENGINE,vit_gelu_engine_fp32,explicit,state,"STATE_IDLE,STATE_READ,STATE_LAUNCH_LANE,STATE_WAIT_LANE,STATE_WRITE,STATE_DONE",clk,rst (synchronous active-high),MIXED / protocol — khi vẽ: state-qualified outputs có thể xem là Moore-like; guard/input quyết định transition và registered micro-op là Mealy-controlled. G2: MIXED_OR_PROTOCOL; exact registered side effects listed,STATE_LAUNCH_LANE,"inactive lane: write zero; lane15 -> WRITE, else lane++ and self. Active lane: -> WAIT.",STATE_WAIT_LANE,result_data[compute_lane_index*32+:32]; compute_lane_index,CE_GELU_ENGINE:L23,rtl/blocks/gelu/vit_gelu_engine_fp32.sv,"L148-L163; STATE_LAUNCH_LANE; guard=inactive lane: write zero; lane15 -> WRITE, else lane++ and self. Active lane: -> WAIT.; target=STATE_WAIT_LANE; clause=1/1"
CE-GELU-ENGINE,vit_gelu_engine_fp32,explicit,state,"STATE_IDLE,STATE_READ,STATE_LAUNCH_LANE,STATE_WAIT_LANE,STATE_WRITE,STATE_DONE",clk,rst (synchronous active-high),MIXED / protocol — khi vẽ: state-qualified outputs có thể xem là Moore-like; guard/input quyết định transition và registered micro-op là Mealy-controlled. G2: MIXED_OR_PROTOCOL; exact registered side effects listed,STATE_WAIT_LANE,"lane15 -> WRITE, else lane++ -> LAUNCH.",STATE_WRITE,result_data[compute_lane_index*32+:32]; compute_lane_index,CE_GELU_ENGINE:L24,rtl/blocks/gelu/vit_gelu_engine_fp32.sv,"L164-L181; STATE_WAIT_LANE; guard=lane15 -> WRITE, else lane++ -> LAUNCH.; target=STATE_WRITE; clause=1/1"
CE-GELU-ENGINE,vit_gelu_engine_fp32,explicit,state,"STATE_IDLE,STATE_READ,STATE_LAUNCH_LANE,STATE_WAIT_LANE,STATE_WRITE,STATE_DONE",clk,rst (synchronous active-high),MIXED / protocol — khi vẽ: state-qualified outputs có thể xem là Moore-like; guard/input quyết định transition và registered micro-op là Mealy-controlled. G2: MIXED_OR_PROTOCOL; exact registered side effects listed,STATE_WAIT_LANE,"no done self. Done: commit scalar result; lane15 -> WRITE, else lane++ -> LAUNCH.",STATE_LAUNCH_LANE,result_data[compute_lane_index*32+:32]; compute_lane_index,CE_GELU_ENGINE:L24,rtl/blocks/gelu/vit_gelu_engine_fp32.sv,"L164-L181; STATE_WAIT_LANE; guard=no done self. Done: commit scalar result; lane15 -> WRITE, else lane++ -> LAUNCH.; target=STATE_LAUNCH_LANE; clause=1/1"
CE-GELU-ENGINE,vit_gelu_engine_fp32,explicit,state,"STATE_IDLE,STATE_READ,STATE_LAUNCH_LANE,STATE_WAIT_LANE,STATE_WRITE,STATE_DONE",clk,rst (synchronous active-high),MIXED / protocol — khi vẽ: state-qualified outputs có thể xem là Moore-like; guard/input quyết định transition và registered micro-op là Mealy-controlled. G2: MIXED_OR_PROTOCOL; exact registered side effects listed,STATE_WRITE,Ready and base+16<length: base+=16 -> READ,STATE_READ,base_index,CE_GELU_ENGINE:L25,rtl/blocks/gelu/vit_gelu_engine_fp32.sv,L182-L193; STATE_WRITE; guard=Ready and base+16<length: base+=16 -> READ; target=STATE_READ; clause=1/1
CE-GELU-ENGINE,vit_gelu_engine_fp32,explicit,state,"STATE_IDLE,STATE_READ,STATE_LAUNCH_LANE,STATE_WAIT_LANE,STATE_WRITE,STATE_DONE",clk,rst (synchronous active-high),MIXED / protocol — khi vẽ: state-qualified outputs có thể xem là Moore-like; guard/input quyết định transition và registered micro-op là Mealy-controlled. G2: MIXED_OR_PROTOCOL; exact registered side effects listed,STATE_WRITE,else -> DONE.,STATE_DONE,base_index,CE_GELU_ENGINE:L25,rtl/blocks/gelu/vit_gelu_engine_fp32.sv,L182-L193; STATE_WRITE; guard=else -> DONE.; target=STATE_DONE; clause=1/1
CE-GELU-ENGINE,vit_gelu_engine_fp32,explicit,state,"STATE_IDLE,STATE_READ,STATE_LAUNCH_LANE,STATE_WAIT_LANE,STATE_WRITE,STATE_DONE",clk,rst (synchronous active-high),MIXED / protocol — khi vẽ: state-qualified outputs có thể xem là Moore-like; guard/input quyết định transition và registered micro-op là Mealy-controlled. G2: MIXED_OR_PROTOCOL; exact registered side effects listed,STATE_DONE,unconditional IDLE.,STATE_IDLE,NONE_BEYOND_STATE,CE_GELU_ENGINE:L26,rtl/blocks/gelu/vit_gelu_engine_fp32.sv,L194-L197; STATE_DONE; guard=unconditional IDLE.; target=STATE_IDLE; clause=1/1
CE-GELU-ENGINE,vit_gelu_engine_fp32,explicit,state,"STATE_IDLE,STATE_READ,STATE_LAUNCH_LANE,STATE_WAIT_LANE,STATE_WRITE,STATE_DONE",clk,rst (synchronous active-high),MIXED / protocol — khi vẽ: state-qualified outputs có thể xem là Moore-like; guard/input quyết định transition và registered micro-op là Mealy-controlled. G2: MIXED_OR_PROTOCOL; exact registered side effects listed,default 6/7,illegal recovery.,"set error, return IDLE; payload registers hold.",state,CE_GELU_ENGINE:L27,rtl/blocks/gelu/vit_gelu_engine_fp32.sv,"L49-L56; default 6/7; guard=illegal recovery.; target=set error, return IDLE; payload registers hold."
CE-GELU-SERIAL,vit_fp32_gelu_serial,explicit,state,"STATE_IDLE,STATE_SCALE_VALUE,STATE_DENOMINATOR_MUL,STATE_DENOMINATOR_ADD,STATE_RECIPROCAL_INIT,STATE_RECIPROCAL_PRODUCT,STATE_RECIPROCAL_CORRECTION,STATE_RECIPROCAL_ESTIMATE,STATE_GELU_POLY_MUL,STATE_GELU_POLY_ADD,STATE_SQUARE,STATE_EXP_SCALE,STATE_EXP_INITIAL_PRODUCT,STATE_EXP_INITIAL_REMAINDER,STATE_EXP_CORRECTED_PRODUCT,STATE_EXP_NEGATIVE_REMAINDER,STATE_EXP_POSITIVE_REMAINDER,STATE_EXP_POLY_MUL,STATE_EXP_POLY_ADD,STATE_EXP_SCALE_DOWN,STATE_FINAL_POLY_EXP,STATE_FINAL_ERF_SUB,STATE_FINAL_ONE_PLUS,STATE_FINAL_HALF,STATE_FINAL_RESULT,STATE_DONE",clk,rst (synchronous active-high),MIXED / protocol — khi vẽ: state-qualified outputs có thể xem là Moore-like; guard/input quyết định transition và registered micro-op là Mealy-controlled. G2: MIXED_OR_PROTOCOL; exact registered side effects listed,STATE_IDLE,"NaN or -Inf -> qNaN,DONE",STATE_DONE,input_value; result,CE_GELU_SERIAL:L26,rtl/blocks/gelu/vit_fp32_gelu_serial.sv,"L394-L412; STATE_IDLE; guard=NaN or -Inf -> qNaN,DONE; target=STATE_DONE; clause=1/3"
CE-GELU-SERIAL,vit_fp32_gelu_serial,explicit,state,"STATE_IDLE,STATE_SCALE_VALUE,STATE_DENOMINATOR_MUL,STATE_DENOMINATOR_ADD,STATE_RECIPROCAL_INIT,STATE_RECIPROCAL_PRODUCT,STATE_RECIPROCAL_CORRECTION,STATE_RECIPROCAL_ESTIMATE,STATE_GELU_POLY_MUL,STATE_GELU_POLY_ADD,STATE_SQUARE,STATE_EXP_SCALE,STATE_EXP_INITIAL_PRODUCT,STATE_EXP_INITIAL_REMAINDER,STATE_EXP_CORRECTED_PRODUCT,STATE_EXP_NEGATIVE_REMAINDER,STATE_EXP_POSITIVE_REMAINDER,STATE_EXP_POLY_MUL,STATE_EXP_POLY_ADD,STATE_EXP_SCALE_DOWN,STATE_FINAL_POLY_EXP,STATE_FINAL_ERF_SUB,STATE_FINAL_ONE_PLUS,STATE_FINAL_HALF,STATE_FINAL_RESULT,STATE_DONE",clk,rst (synchronous active-high),MIXED / protocol — khi vẽ: state-qualified outputs có thể xem là Moore-like; guard/input quyết định transition và registered micro-op là Mealy-controlled. G2: MIXED_OR_PROTOCOL; exact registered side effects listed,STATE_IDLE,"+Inf -> +Inf,DONE",STATE_DONE,input_value; result,CE_GELU_SERIAL:L26,rtl/blocks/gelu/vit_fp32_gelu_serial.sv,"L394-L412; STATE_IDLE; guard=+Inf -> +Inf,DONE; target=STATE_DONE; clause=2/3"
CE-GELU-SERIAL,vit_fp32_gelu_serial,explicit,state,"STATE_IDLE,STATE_SCALE_VALUE,STATE_DENOMINATOR_MUL,STATE_DENOMINATOR_ADD,STATE_RECIPROCAL_INIT,STATE_RECIPROCAL_PRODUCT,STATE_RECIPROCAL_CORRECTION,STATE_RECIPROCAL_ESTIMATE,STATE_GELU_POLY_MUL,STATE_GELU_POLY_ADD,STATE_SQUARE,STATE_EXP_SCALE,STATE_EXP_INITIAL_PRODUCT,STATE_EXP_INITIAL_REMAINDER,STATE_EXP_CORRECTED_PRODUCT,STATE_EXP_NEGATIVE_REMAINDER,STATE_EXP_POSITIVE_REMAINDER,STATE_EXP_POLY_MUL,STATE_EXP_POLY_ADD,STATE_EXP_SCALE_DOWN,STATE_FINAL_POLY_EXP,STATE_FINAL_ERF_SUB,STATE_FINAL_ONE_PLUS,STATE_FINAL_HALF,STATE_FINAL_RESULT,STATE_DONE",clk,rst (synchronous active-high),MIXED / protocol — khi vẽ: state-qualified outputs có thể xem là Moore-like; guard/input quyết định transition và registered micro-op là Mealy-controlled. G2: MIXED_OR_PROTOCOL; exact registered side effects listed,STATE_IDLE,"either signed zero -> +0,DONE",STATE_DONE,input_value; result,CE_GELU_SERIAL:L26,rtl/blocks/gelu/vit_fp32_gelu_serial.sv,"L394-L412; STATE_IDLE; guard=either signed zero -> +0,DONE; target=STATE_DONE; clause=3/3"
CE-GELU-SERIAL,vit_fp32_gelu_serial,explicit,state,"STATE_IDLE,STATE_SCALE_VALUE,STATE_DENOMINATOR_MUL,STATE_DENOMINATOR_ADD,STATE_RECIPROCAL_INIT,STATE_RECIPROCAL_PRODUCT,STATE_RECIPROCAL_CORRECTION,STATE_RECIPROCAL_ESTIMATE,STATE_GELU_POLY_MUL,STATE_GELU_POLY_ADD,STATE_SQUARE,STATE_EXP_SCALE,STATE_EXP_INITIAL_PRODUCT,STATE_EXP_INITIAL_REMAINDER,STATE_EXP_CORRECTED_PRODUCT,STATE_EXP_NEGATIVE_REMAINDER,STATE_EXP_POSITIVE_REMAINDER,STATE_EXP_POLY_MUL,STATE_EXP_POLY_ADD,STATE_EXP_SCALE_DOWN,STATE_FINAL_POLY_EXP,STATE_FINAL_ERF_SUB,STATE_FINAL_ONE_PLUS,STATE_FINAL_HALF,STATE_FINAL_RESULT,STATE_DONE",clk,rst (synchronous active-high),MIXED / protocol — khi vẽ: state-qualified outputs có thể xem là Moore-like; guard/input quyết định transition và registered micro-op là Mealy-controlled. G2: MIXED_OR_PROTOCOL; exact registered side effects listed,STATE_IDLE,"No start self. On start latch value; NaN or -Inf -> qNaN,DONE; +Inf -> +Inf,DONE; either signed zero -> +0,DONE; otherwise SCALE.",STATE_SCALE_VALUE,input_value; result,CE_GELU_SERIAL:L26,rtl/blocks/gelu/vit_fp32_gelu_serial.sv,"L394-L412; STATE_IDLE; guard=No start self. On start latch value; NaN or -Inf -> qNaN,DONE; +Inf -> +Inf,DONE; either signed zero -> +0,DONE; otherwise SCALE.; target=STATE_SCALE_VALUE; clause=1/1"
CE-GELU-SERIAL,vit_fp32_gelu_serial,explicit,state,"STATE_IDLE,STATE_SCALE_VALUE,STATE_DENOMINATOR_MUL,STATE_DENOMINATOR_ADD,STATE_RECIPROCAL_INIT,STATE_RECIPROCAL_PRODUCT,STATE_RECIPROCAL_CORRECTION,STATE_RECIPROCAL_ESTIMATE,STATE_GELU_POLY_MUL,STATE_GELU_POLY_ADD,STATE_SQUARE,STATE_EXP_SCALE,STATE_EXP_INITIAL_PRODUCT,STATE_EXP_INITIAL_REMAINDER,STATE_EXP_CORRECTED_PRODUCT,STATE_EXP_NEGATIVE_REMAINDER,STATE_EXP_POSITIVE_REMAINDER,STATE_EXP_POLY_MUL,STATE_EXP_POLY_ADD,STATE_EXP_SCALE_DOWN,STATE_FINAL_POLY_EXP,STATE_FINAL_ERF_SUB,STATE_FINAL_ONE_PLUS,STATE_FINAL_HALF,STATE_FINAL_RESULT,STATE_DONE",clk,rst (synchronous active-high),MIXED / protocol — khi vẽ: state-qualified outputs có thể xem là Moore-like; guard/input quyết định transition và registered micro-op là Mealy-controlled. G2: MIXED_OR_PROTOCOL; exact registered side effects listed,STATE_DENOMINATOR_MUL,"Register scaled input, denominator product, then denominator sum; advance one state each edge.",STATE_DENOMINATOR_ADD,temporary_result,CE_GELU_SERIAL:L27,rtl/blocks/gelu/vit_fp32_gelu_serial.sv,"L418-L422; STATE_DENOMINATOR_MUL; guard=Register scaled input, denominator product, then denominator sum; advance one state each edge.; target=STATE_DENOMINATOR_ADD; clause=1/1"
CE-GELU-SERIAL,vit_fp32_gelu_serial,explicit,state,"STATE_IDLE,STATE_SCALE_VALUE,STATE_DENOMINATOR_MUL,STATE_DENOMINATOR_ADD,STATE_RECIPROCAL_INIT,STATE_RECIPROCAL_PRODUCT,STATE_RECIPROCAL_CORRECTION,STATE_RECIPROCAL_ESTIMATE,STATE_GELU_POLY_MUL,STATE_GELU_POLY_ADD,STATE_SQUARE,STATE_EXP_SCALE,STATE_EXP_INITIAL_PRODUCT,STATE_EXP_INITIAL_REMAINDER,STATE_EXP_CORRECTED_PRODUCT,STATE_EXP_NEGATIVE_REMAINDER,STATE_EXP_POSITIVE_REMAINDER,STATE_EXP_POLY_MUL,STATE_EXP_POLY_ADD,STATE_EXP_SCALE_DOWN,STATE_FINAL_POLY_EXP,STATE_FINAL_ERF_SUB,STATE_FINAL_ONE_PLUS,STATE_FINAL_HALF,STATE_FINAL_RESULT,STATE_DONE",clk,rst (synchronous active-high),MIXED / protocol — khi vẽ: state-qualified outputs có thể xem là Moore-like; guard/input quyết định transition và registered micro-op là Mealy-controlled. G2: MIXED_OR_PROTOCOL; exact registered side effects listed,STATE_DENOMINATOR_ADD,"Register scaled input, denominator product, then denominator sum; advance one state each edge.",STATE_RECIPROCAL_INIT,reciprocal_denominator,CE_GELU_SERIAL:L27,rtl/blocks/gelu/vit_fp32_gelu_serial.sv,"L423-L427; STATE_DENOMINATOR_ADD; guard=Register scaled input, denominator product, then denominator sum; advance one state each edge.; target=STATE_RECIPROCAL_INIT; clause=1/1"
CE-GELU-SERIAL,vit_fp32_gelu_serial,explicit,state,"STATE_IDLE,STATE_SCALE_VALUE,STATE_DENOMINATOR_MUL,STATE_DENOMINATOR_ADD,STATE_RECIPROCAL_INIT,STATE_RECIPROCAL_PRODUCT,STATE_RECIPROCAL_CORRECTION,STATE_RECIPROCAL_ESTIMATE,STATE_GELU_POLY_MUL,STATE_GELU_POLY_ADD,STATE_SQUARE,STATE_EXP_SCALE,STATE_EXP_INITIAL_PRODUCT,STATE_EXP_INITIAL_REMAINDER,STATE_EXP_CORRECTED_PRODUCT,STATE_EXP_NEGATIVE_REMAINDER,STATE_EXP_POSITIVE_REMAINDER,STATE_EXP_POLY_MUL,STATE_EXP_POLY_ADD,STATE_EXP_SCALE_DOWN,STATE_FINAL_POLY_EXP,STATE_FINAL_ERF_SUB,STATE_FINAL_ONE_PLUS,STATE_FINAL_HALF,STATE_FINAL_RESULT,STATE_DONE",clk,rst (synchronous active-high),MIXED / protocol — khi vẽ: state-qualified outputs có thể xem là Moore-like; guard/input quyết định transition và registered micro-op là Mealy-controlled. G2: MIXED_OR_PROTOCOL; exact registered side effects listed,STATE_RECIPROCAL_INIT,"Denominator +Inf -> estimate=0,poly step=0,GELU_POLY_MUL",STATE_GELU_POLY_MUL,reciprocal_iteration; reciprocal_estimate; gelu_polynomial_step,CE_GELU_SERIAL:L28,rtl/blocks/gelu/vit_fp32_gelu_serial.sv,"L428-L440; STATE_RECIPROCAL_INIT; guard=Denominator +Inf -> estimate=0,poly step=0,GELU_POLY_MUL; target=STATE_GELU_POLY_MUL; clause=1/1"
CE-GELU-SERIAL,vit_fp32_gelu_serial,explicit,state,"STATE_IDLE,STATE_SCALE_VALUE,STATE_DENOMINATOR_MUL,STATE_DENOMINATOR_ADD,STATE_RECIPROCAL_INIT,STATE_RECIPROCAL_PRODUCT,STATE_RECIPROCAL_CORRECTION,STATE_RECIPROCAL_ESTIMATE,STATE_GELU_POLY_MUL,STATE_GELU_POLY_ADD,STATE_SQUARE,STATE_EXP_SCALE,STATE_EXP_INITIAL_PRODUCT,STATE_EXP_INITIAL_REMAINDER,STATE_EXP_CORRECTED_PRODUCT,STATE_EXP_NEGATIVE_REMAINDER,STATE_EXP_POSITIVE_REMAINDER,STATE_EXP_POLY_MUL,STATE_EXP_POLY_ADD,STATE_EXP_SCALE_DOWN,STATE_FINAL_POLY_EXP,STATE_FINAL_ERF_SUB,STATE_FINAL_ONE_PLUS,STATE_FINAL_HALF,STATE_FINAL_RESULT,STATE_DONE",clk,rst (synchronous active-high),MIXED / protocol — khi vẽ: state-qualified outputs có thể xem là Moore-like; guard/input quyết định transition và registered micro-op là Mealy-controlled. G2: MIXED_OR_PROTOCOL; exact registered side effects listed,STATE_RECIPROCAL_INIT,otherwise magic seed -> RECIP_PRODUCT.,STATE_RECIPROCAL_PRODUCT,reciprocal_iteration; reciprocal_estimate; gelu_polynomial_step,CE_GELU_SERIAL:L28,rtl/blocks/gelu/vit_fp32_gelu_serial.sv,L428-L440; STATE_RECIPROCAL_INIT; guard=otherwise magic seed -> RECIP_PRODUCT.; target=STATE_RECIPROCAL_PRODUCT; clause=1/1
CE-GELU-SERIAL,vit_fp32_gelu_serial,explicit,state,"STATE_IDLE,STATE_SCALE_VALUE,STATE_DENOMINATOR_MUL,STATE_DENOMINATOR_ADD,STATE_RECIPROCAL_INIT,STATE_RECIPROCAL_PRODUCT,STATE_RECIPROCAL_CORRECTION,STATE_RECIPROCAL_ESTIMATE,STATE_GELU_POLY_MUL,STATE_GELU_POLY_ADD,STATE_SQUARE,STATE_EXP_SCALE,STATE_EXP_INITIAL_PRODUCT,STATE_EXP_INITIAL_REMAINDER,STATE_EXP_CORRECTED_PRODUCT,STATE_EXP_NEGATIVE_REMAINDER,STATE_EXP_POSITIVE_REMAINDER,STATE_EXP_POLY_MUL,STATE_EXP_POLY_ADD,STATE_EXP_SCALE_DOWN,STATE_FINAL_POLY_EXP,STATE_FINAL_ERF_SUB,STATE_FINAL_ONE_PLUS,STATE_FINAL_HALF,STATE_FINAL_RESULT,STATE_DONE",clk,rst (synchronous active-high),MIXED / protocol — khi vẽ: state-qualified outputs có thể xem là Moore-like; guard/input quyết định transition và registered micro-op là Mealy-controlled. G2: MIXED_OR_PROTOCOL; exact registered side effects listed,STATE_RECIPROCAL_PRODUCT,Newton reciprocal micro-ops. ESTIMATE commits new estimate; old iteration==3 -> polynomial; else iteration++ and loop. Thus four estimates.,STATE_RECIPROCAL_CORRECTION,reciprocal_product,CE_GELU_SERIAL:L29,rtl/blocks/gelu/vit_fp32_gelu_serial.sv,L441-L445; STATE_RECIPROCAL_PRODUCT; guard=Newton reciprocal micro-ops. ESTIMATE commits new estimate; old iteration==3 -> polynomial; else iteration++ and loop. Thus four estimates.; target=STATE_RECIPROCAL_CORRECTION; clause=1/1
CE-GELU-SERIAL,vit_fp32_gelu_serial,explicit,state,"STATE_IDLE,STATE_SCALE_VALUE,STATE_DENOMINATOR_MUL,STATE_DENOMINATOR_ADD,STATE_RECIPROCAL_INIT,STATE_RECIPROCAL_PRODUCT,STATE_RECIPROCAL_CORRECTION,STATE_RECIPROCAL_ESTIMATE,STATE_GELU_POLY_MUL,STATE_GELU_POLY_ADD,STATE_SQUARE,STATE_EXP_SCALE,STATE_EXP_INITIAL_PRODUCT,STATE_EXP_INITIAL_REMAINDER,STATE_EXP_CORRECTED_PRODUCT,STATE_EXP_NEGATIVE_REMAINDER,STATE_EXP_POSITIVE_REMAINDER,STATE_EXP_POLY_MUL,STATE_EXP_POLY_ADD,STATE_EXP_SCALE_DOWN,STATE_FINAL_POLY_EXP,STATE_FINAL_ERF_SUB,STATE_FINAL_ONE_PLUS,STATE_FINAL_HALF,STATE_FINAL_RESULT,STATE_DONE",clk,rst (synchronous active-high),MIXED / protocol — khi vẽ: state-qualified outputs có thể xem là Moore-like; guard/input quyết định transition và registered micro-op là Mealy-controlled. G2: MIXED_OR_PROTOCOL; exact registered side effects listed,STATE_RECIPROCAL_CORRECTION,Newton reciprocal micro-ops. ESTIMATE commits new estimate; old iteration==3 -> polynomial; else iteration++ and loop. Thus four estimates.,STATE_RECIPROCAL_ESTIMATE,reciprocal_correction,CE_GELU_SERIAL:L29,rtl/blocks/gelu/vit_fp32_gelu_serial.sv,L446-L450; STATE_RECIPROCAL_CORRECTION; guard=Newton reciprocal micro-ops. ESTIMATE commits new estimate; old iteration==3 -> polynomial; else iteration++ and loop. Thus four estimates.; target=STATE_RECIPROCAL_ESTIMATE; clause=1/1
CE-GELU-SERIAL,vit_fp32_gelu_serial,explicit,state,"STATE_IDLE,STATE_SCALE_VALUE,STATE_DENOMINATOR_MUL,STATE_DENOMINATOR_ADD,STATE_RECIPROCAL_INIT,STATE_RECIPROCAL_PRODUCT,STATE_RECIPROCAL_CORRECTION,STATE_RECIPROCAL_ESTIMATE,STATE_GELU_POLY_MUL,STATE_GELU_POLY_ADD,STATE_SQUARE,STATE_EXP_SCALE,STATE_EXP_INITIAL_PRODUCT,STATE_EXP_INITIAL_REMAINDER,STATE_EXP_CORRECTED_PRODUCT,STATE_EXP_NEGATIVE_REMAINDER,STATE_EXP_POSITIVE_REMAINDER,STATE_EXP_POLY_MUL,STATE_EXP_POLY_ADD,STATE_EXP_SCALE_DOWN,STATE_FINAL_POLY_EXP,STATE_FINAL_ERF_SUB,STATE_FINAL_ONE_PLUS,STATE_FINAL_HALF,STATE_FINAL_RESULT,STATE_DONE",clk,rst (synchronous active-high),MIXED / protocol — khi vẽ: state-qualified outputs có thể xem là Moore-like; guard/input quyết định transition và registered micro-op là Mealy-controlled. G2: MIXED_OR_PROTOCOL; exact registered side effects listed,STATE_RECIPROCAL_ESTIMATE,Newton reciprocal micro-ops. ESTIMATE commits new estimate; old iteration==3 -> polynomial; else iteration++ and loop. Thus four estimates.,STATE_GELU_POLY_MUL,reciprocal_estimate; gelu_polynomial_step; reciprocal_iteration,CE_GELU_SERIAL:L29,rtl/blocks/gelu/vit_fp32_gelu_serial.sv,L451-L462; STATE_RECIPROCAL_ESTIMATE; guard=Newton reciprocal micro-ops. ESTIMATE commits new estimate; old iteration==3 -> polynomial; else iteration++ and loop. Thus four estimates.; target=STATE_GELU_POLY_MUL; clause=1/1
CE-GELU-SERIAL,vit_fp32_gelu_serial,explicit,state,"STATE_IDLE,STATE_SCALE_VALUE,STATE_DENOMINATOR_MUL,STATE_DENOMINATOR_ADD,STATE_RECIPROCAL_INIT,STATE_RECIPROCAL_PRODUCT,STATE_RECIPROCAL_CORRECTION,STATE_RECIPROCAL_ESTIMATE,STATE_GELU_POLY_MUL,STATE_GELU_POLY_ADD,STATE_SQUARE,STATE_EXP_SCALE,STATE_EXP_INITIAL_PRODUCT,STATE_EXP_INITIAL_REMAINDER,STATE_EXP_CORRECTED_PRODUCT,STATE_EXP_NEGATIVE_REMAINDER,STATE_EXP_POSITIVE_REMAINDER,STATE_EXP_POLY_MUL,STATE_EXP_POLY_ADD,STATE_EXP_SCALE_DOWN,STATE_FINAL_POLY_EXP,STATE_FINAL_ERF_SUB,STATE_FINAL_ONE_PLUS,STATE_FINAL_HALF,STATE_FINAL_RESULT,STATE_DONE",clk,rst (synchronous active-high),MIXED / protocol — khi vẽ: state-qualified outputs có thể xem là Moore-like; guard/input quyết định transition và registered micro-op là Mealy-controlled. G2: MIXED_OR_PROTOCOL; exact registered side effects listed,STATE_RECIPROCAL_ESTIMATE,Newton reciprocal micro-ops. ESTIMATE commits new estimate; old iteration==3 -> polynomial; else iteration++ and loop. Thus four estimates.,STATE_RECIPROCAL_PRODUCT,reciprocal_estimate; gelu_polynomial_step; reciprocal_iteration,CE_GELU_SERIAL:L29,rtl/blocks/gelu/vit_fp32_gelu_serial.sv,L451-L462; STATE_RECIPROCAL_ESTIMATE; guard=Newton reciprocal micro-ops. ESTIMATE commits new estimate; old iteration==3 -> polynomial; else iteration++ and loop. Thus four estimates.; target=STATE_RECIPROCAL_PRODUCT; clause=1/1
CE-GELU-SERIAL,vit_fp32_gelu_serial,explicit,state,"STATE_IDLE,STATE_SCALE_VALUE,STATE_DENOMINATOR_MUL,STATE_DENOMINATOR_ADD,STATE_RECIPROCAL_INIT,STATE_RECIPROCAL_PRODUCT,STATE_RECIPROCAL_CORRECTION,STATE_RECIPROCAL_ESTIMATE,STATE_GELU_POLY_MUL,STATE_GELU_POLY_ADD,STATE_SQUARE,STATE_EXP_SCALE,STATE_EXP_INITIAL_PRODUCT,STATE_EXP_INITIAL_REMAINDER,STATE_EXP_CORRECTED_PRODUCT,STATE_EXP_NEGATIVE_REMAINDER,STATE_EXP_POSITIVE_REMAINDER,STATE_EXP_POLY_MUL,STATE_EXP_POLY_ADD,STATE_EXP_SCALE_DOWN,STATE_FINAL_POLY_EXP,STATE_FINAL_ERF_SUB,STATE_FINAL_ONE_PLUS,STATE_FINAL_HALF,STATE_FINAL_RESULT,STATE_DONE",clk,rst (synchronous active-high),MIXED / protocol — khi vẽ: state-qualified outputs có thể xem là Moore-like; guard/input quyết định transition và registered micro-op là Mealy-controlled. G2: MIXED_OR_PROTOCOL; exact registered side effects listed,STATE_GELU_POLY_MUL,Horner sequence: MUL step4 commits polynomial and -> SQUARE,STATE_SQUARE,gelu_polynomial; temporary_result,CE_GELU_SERIAL:L30,rtl/blocks/gelu/vit_fp32_gelu_serial.sv,L463-L472; STATE_GELU_POLY_MUL; guard=Horner sequence: MUL step4 commits polynomial and -> SQUARE; target=STATE_SQUARE; clause=1/1
CE-GELU-SERIAL,vit_fp32_gelu_serial,explicit,state,"STATE_IDLE,STATE_SCALE_VALUE,STATE_DENOMINATOR_MUL,STATE_DENOMINATOR_ADD,STATE_RECIPROCAL_INIT,STATE_RECIPROCAL_PRODUCT,STATE_RECIPROCAL_CORRECTION,STATE_RECIPROCAL_ESTIMATE,STATE_GELU_POLY_MUL,STATE_GELU_POLY_ADD,STATE_SQUARE,STATE_EXP_SCALE,STATE_EXP_INITIAL_PRODUCT,STATE_EXP_INITIAL_REMAINDER,STATE_EXP_CORRECTED_PRODUCT,STATE_EXP_NEGATIVE_REMAINDER,STATE_EXP_POSITIVE_REMAINDER,STATE_EXP_POLY_MUL,STATE_EXP_POLY_ADD,STATE_EXP_SCALE_DOWN,STATE_FINAL_POLY_EXP,STATE_FINAL_ERF_SUB,STATE_FINAL_ONE_PLUS,STATE_FINAL_HALF,STATE_FINAL_RESULT,STATE_DONE",clk,rst (synchronous active-high),MIXED / protocol — khi vẽ: state-qualified outputs có thể xem là Moore-like; guard/input quyết định transition và registered micro-op là Mealy-controlled. G2: MIXED_OR_PROTOCOL; exact registered side effects listed,STATE_GELU_POLY_MUL,"Horner sequence: MUL step4 commits polynomial and -> SQUARE; steps0..3 store temp -> ADD; ADD commits polynomial,step++ -> MUL. Five mul/four add edges.",STATE_GELU_POLY_ADD,gelu_polynomial; temporary_result,CE_GELU_SERIAL:L30,rtl/blocks/gelu/vit_fp32_gelu_serial.sv,"L463-L472; STATE_GELU_POLY_MUL; guard=Horner sequence: MUL step4 commits polynomial and -> SQUARE; steps0..3 store temp -> ADD; ADD commits polynomial,step++ -> MUL. Five mul/four add edges.; target=STATE_GELU_POLY_ADD; clause=1/1"
CE-GELU-SERIAL,vit_fp32_gelu_serial,explicit,state,"STATE_IDLE,STATE_SCALE_VALUE,STATE_DENOMINATOR_MUL,STATE_DENOMINATOR_ADD,STATE_RECIPROCAL_INIT,STATE_RECIPROCAL_PRODUCT,STATE_RECIPROCAL_CORRECTION,STATE_RECIPROCAL_ESTIMATE,STATE_GELU_POLY_MUL,STATE_GELU_POLY_ADD,STATE_SQUARE,STATE_EXP_SCALE,STATE_EXP_INITIAL_PRODUCT,STATE_EXP_INITIAL_REMAINDER,STATE_EXP_CORRECTED_PRODUCT,STATE_EXP_NEGATIVE_REMAINDER,STATE_EXP_POSITIVE_REMAINDER,STATE_EXP_POLY_MUL,STATE_EXP_POLY_ADD,STATE_EXP_SCALE_DOWN,STATE_FINAL_POLY_EXP,STATE_FINAL_ERF_SUB,STATE_FINAL_ONE_PLUS,STATE_FINAL_HALF,STATE_FINAL_RESULT,STATE_DONE",clk,rst (synchronous active-high),MIXED / protocol — khi vẽ: state-qualified outputs có thể xem là Moore-like; guard/input quyết định transition và registered micro-op là Mealy-controlled. G2: MIXED_OR_PROTOCOL; exact registered side effects listed,STATE_GELU_POLY_ADD,"Horner sequence: MUL step4 commits polynomial and -> SQUARE; steps0..3 store temp -> ADD; ADD commits polynomial,step++ -> MUL. Five mul/four add edges.",STATE_GELU_POLY_MUL,gelu_polynomial; gelu_polynomial_step,CE_GELU_SERIAL:L30,rtl/blocks/gelu/vit_fp32_gelu_serial.sv,"L473-L478; STATE_GELU_POLY_ADD; guard=Horner sequence: MUL step4 commits polynomial and -> SQUARE; steps0..3 store temp -> ADD; ADD commits polynomial,step++ -> MUL. Five mul/four add edges.; target=STATE_GELU_POLY_MUL; clause=1/1"
CE-GELU-SERIAL,vit_fp32_gelu_serial,explicit,state,"STATE_IDLE,STATE_SCALE_VALUE,STATE_DENOMINATOR_MUL,STATE_DENOMINATOR_ADD,STATE_RECIPROCAL_INIT,STATE_RECIPROCAL_PRODUCT,STATE_RECIPROCAL_CORRECTION,STATE_RECIPROCAL_ESTIMATE,STATE_GELU_POLY_MUL,STATE_GELU_POLY_ADD,STATE_SQUARE,STATE_EXP_SCALE,STATE_EXP_INITIAL_PRODUCT,STATE_EXP_INITIAL_REMAINDER,STATE_EXP_CORRECTED_PRODUCT,STATE_EXP_NEGATIVE_REMAINDER,STATE_EXP_POSITIVE_REMAINDER,STATE_EXP_POLY_MUL,STATE_EXP_POLY_ADD,STATE_EXP_SCALE_DOWN,STATE_FINAL_POLY_EXP,STATE_FINAL_ERF_SUB,STATE_FINAL_ONE_PLUS,STATE_FINAL_HALF,STATE_FINAL_RESULT,STATE_DONE",clk,rst (synchronous active-high),MIXED / protocol — khi vẽ: state-qualified outputs có thể xem là Moore-like; guard/input quyết định transition và registered micro-op là Mealy-controlled. G2: MIXED_OR_PROTOCOL; exact registered side effects listed,STATE_SQUARE,"Register square and scaled exponent argument. INITIAL_PRODUCT captures integer scale; >=127 sets exp=0 -> FINAL_POLY_EXP, else captures product -> INITIAL_REMAINDER.",STATE_EXP_SCALE,squared_value,CE_GELU_SERIAL:L31,rtl/blocks/gelu/vit_fp32_gelu_serial.sv,"L479-L483; STATE_SQUARE; guard=Register square and scaled exponent argument. INITIAL_PRODUCT captures integer scale; >=127 sets exp=0 -> FINAL_POLY_EXP, else captures product -> INITIAL_REMAINDER.; target=STATE_EXP_SCALE; clause=1/1"
CE-GELU-SERIAL,vit_fp32_gelu_serial,explicit,state,"STATE_IDLE,STATE_SCALE_VALUE,STATE_DENOMINATOR_MUL,STATE_DENOMINATOR_ADD,STATE_RECIPROCAL_INIT,STATE_RECIPROCAL_PRODUCT,STATE_RECIPROCAL_CORRECTION,STATE_RECIPROCAL_ESTIMATE,STATE_GELU_POLY_MUL,STATE_GELU_POLY_ADD,STATE_SQUARE,STATE_EXP_SCALE,STATE_EXP_INITIAL_PRODUCT,STATE_EXP_INITIAL_REMAINDER,STATE_EXP_CORRECTED_PRODUCT,STATE_EXP_NEGATIVE_REMAINDER,STATE_EXP_POSITIVE_REMAINDER,STATE_EXP_POLY_MUL,STATE_EXP_POLY_ADD,STATE_EXP_SCALE_DOWN,STATE_FINAL_POLY_EXP,STATE_FINAL_ERF_SUB,STATE_FINAL_ONE_PLUS,STATE_FINAL_HALF,STATE_FINAL_RESULT,STATE_DONE",clk,rst (synchronous active-high),MIXED / protocol — khi vẽ: state-qualified outputs có thể xem là Moore-like; guard/input quyết định transition và registered micro-op là Mealy-controlled. G2: MIXED_OR_PROTOCOL; exact registered side effects listed,STATE_EXP_SCALE,"Register square and scaled exponent argument. INITIAL_PRODUCT captures integer scale; >=127 sets exp=0 -> FINAL_POLY_EXP, else captures product -> INITIAL_REMAINDER.",STATE_EXP_INITIAL_PRODUCT,exp_scaled,CE_GELU_SERIAL:L31,rtl/blocks/gelu/vit_fp32_gelu_serial.sv,"L484-L488; STATE_EXP_SCALE; guard=Register square and scaled exponent argument. INITIAL_PRODUCT captures integer scale; >=127 sets exp=0 -> FINAL_POLY_EXP, else captures product -> INITIAL_REMAINDER.; target=STATE_EXP_INITIAL_PRODUCT; clause=1/1"
CE-GELU-SERIAL,vit_fp32_gelu_serial,explicit,state,"STATE_IDLE,STATE_SCALE_VALUE,STATE_DENOMINATOR_MUL,STATE_DENOMINATOR_ADD,STATE_RECIPROCAL_INIT,STATE_RECIPROCAL_PRODUCT,STATE_RECIPROCAL_CORRECTION,STATE_RECIPROCAL_ESTIMATE,STATE_GELU_POLY_MUL,STATE_GELU_POLY_ADD,STATE_SQUARE,STATE_EXP_SCALE,STATE_EXP_INITIAL_PRODUCT,STATE_EXP_INITIAL_REMAINDER,STATE_EXP_CORRECTED_PRODUCT,STATE_EXP_NEGATIVE_REMAINDER,STATE_EXP_POSITIVE_REMAINDER,STATE_EXP_POLY_MUL,STATE_EXP_POLY_ADD,STATE_EXP_SCALE_DOWN,STATE_FINAL_POLY_EXP,STATE_FINAL_ERF_SUB,STATE_FINAL_ONE_PLUS,STATE_FINAL_HALF,STATE_FINAL_RESULT,STATE_DONE",clk,rst (synchronous active-high),MIXED / protocol — khi vẽ: state-qualified outputs có thể xem là Moore-like; guard/input quyết định transition và registered micro-op là Mealy-controlled. G2: MIXED_OR_PROTOCOL; exact registered side effects listed,STATE_EXP_INITIAL_PRODUCT,">=127 sets exp=0 -> FINAL_POLY_EXP, else captures product -> INITIAL_REMAINDER.",STATE_FINAL_POLY_EXP,exp_scale_integer_initial; exponential; exp_scale_product,CE_GELU_SERIAL:L31,rtl/blocks/gelu/vit_fp32_gelu_serial.sv,"L489-L499; STATE_EXP_INITIAL_PRODUCT; guard=>=127 sets exp=0 -> FINAL_POLY_EXP, else captures product -> INITIAL_REMAINDER.; target=STATE_FINAL_POLY_EXP; clause=1/1"
CE-GELU-SERIAL,vit_fp32_gelu_serial,explicit,state,"STATE_IDLE,STATE_SCALE_VALUE,STATE_DENOMINATOR_MUL,STATE_DENOMINATOR_ADD,STATE_RECIPROCAL_INIT,STATE_RECIPROCAL_PRODUCT,STATE_RECIPROCAL_CORRECTION,STATE_RECIPROCAL_ESTIMATE,STATE_GELU_POLY_MUL,STATE_GELU_POLY_ADD,STATE_SQUARE,STATE_EXP_SCALE,STATE_EXP_INITIAL_PRODUCT,STATE_EXP_INITIAL_REMAINDER,STATE_EXP_CORRECTED_PRODUCT,STATE_EXP_NEGATIVE_REMAINDER,STATE_EXP_POSITIVE_REMAINDER,STATE_EXP_POLY_MUL,STATE_EXP_POLY_ADD,STATE_EXP_SCALE_DOWN,STATE_FINAL_POLY_EXP,STATE_FINAL_ERF_SUB,STATE_FINAL_ONE_PLUS,STATE_FINAL_HALF,STATE_FINAL_RESULT,STATE_DONE",clk,rst (synchronous active-high),MIXED / protocol — khi vẽ: state-qualified outputs có thể xem là Moore-like; guard/input quyết định transition và registered micro-op là Mealy-controlled. G2: MIXED_OR_PROTOCOL; exact registered side effects listed,STATE_EXP_INITIAL_PRODUCT,"Register square and scaled exponent argument. INITIAL_PRODUCT captures integer scale; >=127 sets exp=0 -> FINAL_POLY_EXP, else captures product -> INITIAL_REMAINDER.",STATE_EXP_INITIAL_REMAINDER,exp_scale_integer_initial; exponential; exp_scale_product,CE_GELU_SERIAL:L31,rtl/blocks/gelu/vit_fp32_gelu_serial.sv,"L489-L499; STATE_EXP_INITIAL_PRODUCT; guard=Register square and scaled exponent argument. INITIAL_PRODUCT captures integer scale; >=127 sets exp=0 -> FINAL_POLY_EXP, else captures product -> INITIAL_REMAINDER.; target=STATE_EXP_INITIAL_REMAINDER; clause=1/1"
CE-GELU-SERIAL,vit_fp32_gelu_serial,explicit,state,"STATE_IDLE,STATE_SCALE_VALUE,STATE_DENOMINATOR_MUL,STATE_DENOMINATOR_ADD,STATE_RECIPROCAL_INIT,STATE_RECIPROCAL_PRODUCT,STATE_RECIPROCAL_CORRECTION,STATE_RECIPROCAL_ESTIMATE,STATE_GELU_POLY_MUL,STATE_GELU_POLY_ADD,STATE_SQUARE,STATE_EXP_SCALE,STATE_EXP_INITIAL_PRODUCT,STATE_EXP_INITIAL_REMAINDER,STATE_EXP_CORRECTED_PRODUCT,STATE_EXP_NEGATIVE_REMAINDER,STATE_EXP_POSITIVE_REMAINDER,STATE_EXP_POLY_MUL,STATE_EXP_POLY_ADD,STATE_EXP_SCALE_DOWN,STATE_FINAL_POLY_EXP,STATE_FINAL_ERF_SUB,STATE_FINAL_ONE_PLUS,STATE_FINAL_HALF,STATE_FINAL_RESULT,STATE_DONE",clk,rst (synchronous active-high),MIXED / protocol — khi vẽ: state-qualified outputs có thể xem là Moore-like; guard/input quyết định transition và registered micro-op là Mealy-controlled. G2: MIXED_OR_PROTOCOL; exact registered side effects listed,STATE_EXP_INITIAL_REMAINDER,"Register range-reduction remainder; apply negative and positive correction predicates; set final integer/remainder, exp-poly step=0.",STATE_EXP_CORRECTED_PRODUCT,exp_remainder_initial,CE_GELU_SERIAL:L32,rtl/blocks/gelu/vit_fp32_gelu_serial.sv,"L500-L504; STATE_EXP_INITIAL_REMAINDER; guard=Register range-reduction remainder; apply negative and positive correction predicates; set final integer/remainder, exp-poly step=0.; target=STATE_EXP_CORRECTED_PRODUCT; clause=1/1"
CE-GELU-SERIAL,vit_fp32_gelu_serial,explicit,state,"STATE_IDLE,STATE_SCALE_VALUE,STATE_DENOMINATOR_MUL,STATE_DENOMINATOR_ADD,STATE_RECIPROCAL_INIT,STATE_RECIPROCAL_PRODUCT,STATE_RECIPROCAL_CORRECTION,STATE_RECIPROCAL_ESTIMATE,STATE_GELU_POLY_MUL,STATE_GELU_POLY_ADD,STATE_SQUARE,STATE_EXP_SCALE,STATE_EXP_INITIAL_PRODUCT,STATE_EXP_INITIAL_REMAINDER,STATE_EXP_CORRECTED_PRODUCT,STATE_EXP_NEGATIVE_REMAINDER,STATE_EXP_POSITIVE_REMAINDER,STATE_EXP_POLY_MUL,STATE_EXP_POLY_ADD,STATE_EXP_SCALE_DOWN,STATE_FINAL_POLY_EXP,STATE_FINAL_ERF_SUB,STATE_FINAL_ONE_PLUS,STATE_FINAL_HALF,STATE_FINAL_RESULT,STATE_DONE",clk,rst (synchronous active-high),MIXED / protocol — khi vẽ: state-qualified outputs có thể xem là Moore-like; guard/input quyết định transition và registered micro-op là Mealy-controlled. G2: MIXED_OR_PROTOCOL; exact registered side effects listed,STATE_EXP_CORRECTED_PRODUCT,"Register range-reduction remainder; apply negative and positive correction predicates; set final integer/remainder, exp-poly step=0.",STATE_EXP_NEGATIVE_REMAINDER,exp_correct_negative; exp_scale_integer_after_negative; exp_scale_product,CE_GELU_SERIAL:L32,rtl/blocks/gelu/vit_fp32_gelu_serial.sv,"L505-L512; STATE_EXP_CORRECTED_PRODUCT; guard=Register range-reduction remainder; apply negative and positive correction predicates; set final integer/remainder, exp-poly step=0.; target=STATE_EXP_NEGATIVE_REMAINDER; clause=1/1"
CE-GELU-SERIAL,vit_fp32_gelu_serial,explicit,state,"STATE_IDLE,STATE_SCALE_VALUE,STATE_DENOMINATOR_MUL,STATE_DENOMINATOR_ADD,STATE_RECIPROCAL_INIT,STATE_RECIPROCAL_PRODUCT,STATE_RECIPROCAL_CORRECTION,STATE_RECIPROCAL_ESTIMATE,STATE_GELU_POLY_MUL,STATE_GELU_POLY_ADD,STATE_SQUARE,STATE_EXP_SCALE,STATE_EXP_INITIAL_PRODUCT,STATE_EXP_INITIAL_REMAINDER,STATE_EXP_CORRECTED_PRODUCT,STATE_EXP_NEGATIVE_REMAINDER,STATE_EXP_POSITIVE_REMAINDER,STATE_EXP_POLY_MUL,STATE_EXP_POLY_ADD,STATE_EXP_SCALE_DOWN,STATE_FINAL_POLY_EXP,STATE_FINAL_ERF_SUB,STATE_FINAL_ONE_PLUS,STATE_FINAL_HALF,STATE_FINAL_RESULT,STATE_DONE",clk,rst (synchronous active-high),MIXED / protocol — khi vẽ: state-qualified outputs có thể xem là Moore-like; guard/input quyết định transition và registered micro-op là Mealy-controlled. G2: MIXED_OR_PROTOCOL; exact registered side effects listed,STATE_EXP_NEGATIVE_REMAINDER,"Register range-reduction remainder; apply negative and positive correction predicates; set final integer/remainder, exp-poly step=0.",STATE_EXP_POSITIVE_REMAINDER,exp_remainder_negative,CE_GELU_SERIAL:L32,rtl/blocks/gelu/vit_fp32_gelu_serial.sv,"L513-L517; STATE_EXP_NEGATIVE_REMAINDER; guard=Register range-reduction remainder; apply negative and positive correction predicates; set final integer/remainder, exp-poly step=0.; target=STATE_EXP_POSITIVE_REMAINDER; clause=1/1"
CE-GELU-SERIAL,vit_fp32_gelu_serial,explicit,state,"STATE_IDLE,STATE_SCALE_VALUE,STATE_DENOMINATOR_MUL,STATE_DENOMINATOR_ADD,STATE_RECIPROCAL_INIT,STATE_RECIPROCAL_PRODUCT,STATE_RECIPROCAL_CORRECTION,STATE_RECIPROCAL_ESTIMATE,STATE_GELU_POLY_MUL,STATE_GELU_POLY_ADD,STATE_SQUARE,STATE_EXP_SCALE,STATE_EXP_INITIAL_PRODUCT,STATE_EXP_INITIAL_REMAINDER,STATE_EXP_CORRECTED_PRODUCT,STATE_EXP_NEGATIVE_REMAINDER,STATE_EXP_POSITIVE_REMAINDER,STATE_EXP_POLY_MUL,STATE_EXP_POLY_ADD,STATE_EXP_SCALE_DOWN,STATE_FINAL_POLY_EXP,STATE_FINAL_ERF_SUB,STATE_FINAL_ONE_PLUS,STATE_FINAL_HALF,STATE_FINAL_RESULT,STATE_DONE",clk,rst (synchronous active-high),MIXED / protocol — khi vẽ: state-qualified outputs có thể xem là Moore-like; guard/input quyết định transition và registered micro-op là Mealy-controlled. G2: MIXED_OR_PROTOCOL; exact registered side effects listed,STATE_EXP_POSITIVE_REMAINDER,"Register range-reduction remainder; apply negative and positive correction predicates; set final integer/remainder, exp-poly step=0.",STATE_EXP_POLY_MUL,exp_scale_integer_final; exp_remainder_final; exp_polynomial_step,CE_GELU_SERIAL:L32,rtl/blocks/gelu/vit_fp32_gelu_serial.sv,"L518-L529; STATE_EXP_POSITIVE_REMAINDER; guard=Register range-reduction remainder; apply negative and positive correction predicates; set final integer/remainder, exp-poly step=0.; target=STATE_EXP_POLY_MUL; clause=1/1"
CE-GELU-SERIAL,vit_fp32_gelu_serial,explicit,state,"STATE_IDLE,STATE_SCALE_VALUE,STATE_DENOMINATOR_MUL,STATE_DENOMINATOR_ADD,STATE_RECIPROCAL_INIT,STATE_RECIPROCAL_PRODUCT,STATE_RECIPROCAL_CORRECTION,STATE_RECIPROCAL_ESTIMATE,STATE_GELU_POLY_MUL,STATE_GELU_POLY_ADD,STATE_SQUARE,STATE_EXP_SCALE,STATE_EXP_INITIAL_PRODUCT,STATE_EXP_INITIAL_REMAINDER,STATE_EXP_CORRECTED_PRODUCT,STATE_EXP_NEGATIVE_REMAINDER,STATE_EXP_POSITIVE_REMAINDER,STATE_EXP_POLY_MUL,STATE_EXP_POLY_ADD,STATE_EXP_SCALE_DOWN,STATE_FINAL_POLY_EXP,STATE_FINAL_ERF_SUB,STATE_FINAL_ONE_PLUS,STATE_FINAL_HALF,STATE_FINAL_RESULT,STATE_DONE",clk,rst (synchronous active-high),MIXED / protocol — khi vẽ: state-qualified outputs có thể xem là Moore-like; guard/input quyết định transition và registered micro-op là Mealy-controlled. G2: MIXED_OR_PROTOCOL; exact registered side effects listed,STATE_EXP_POLY_MUL,"Eight Horner terms: MUL stores temp -> ADD; ADD step7 -> SCALE_DOWN, else step++ -> MUL.",STATE_EXP_POLY_ADD,temporary_result,CE_GELU_SERIAL:L33,rtl/blocks/gelu/vit_fp32_gelu_serial.sv,"L530-L534; STATE_EXP_POLY_MUL; guard=Eight Horner terms: MUL stores temp -> ADD; ADD step7 -> SCALE_DOWN, else step++ -> MUL.; target=STATE_EXP_POLY_ADD; clause=1/1"
CE-GELU-SERIAL,vit_fp32_gelu_serial,explicit,state,"STATE_IDLE,STATE_SCALE_VALUE,STATE_DENOMINATOR_MUL,STATE_DENOMINATOR_ADD,STATE_RECIPROCAL_INIT,STATE_RECIPROCAL_PRODUCT,STATE_RECIPROCAL_CORRECTION,STATE_RECIPROCAL_ESTIMATE,STATE_GELU_POLY_MUL,STATE_GELU_POLY_ADD,STATE_SQUARE,STATE_EXP_SCALE,STATE_EXP_INITIAL_PRODUCT,STATE_EXP_INITIAL_REMAINDER,STATE_EXP_CORRECTED_PRODUCT,STATE_EXP_NEGATIVE_REMAINDER,STATE_EXP_POSITIVE_REMAINDER,STATE_EXP_POLY_MUL,STATE_EXP_POLY_ADD,STATE_EXP_SCALE_DOWN,STATE_FINAL_POLY_EXP,STATE_FINAL_ERF_SUB,STATE_FINAL_ONE_PLUS,STATE_FINAL_HALF,STATE_FINAL_RESULT,STATE_DONE",clk,rst (synchronous active-high),MIXED / protocol — khi vẽ: state-qualified outputs có thể xem là Moore-like; guard/input quyết định transition và registered micro-op là Mealy-controlled. G2: MIXED_OR_PROTOCOL; exact registered side effects listed,STATE_EXP_POLY_ADD,"Eight Horner terms: MUL stores temp -> ADD; ADD step7 -> SCALE_DOWN, else step++ -> MUL.",STATE_EXP_SCALE_DOWN,exp_polynomial; exp_polynomial_step,CE_GELU_SERIAL:L33,rtl/blocks/gelu/vit_fp32_gelu_serial.sv,"L535-L545; STATE_EXP_POLY_ADD; guard=Eight Horner terms: MUL stores temp -> ADD; ADD step7 -> SCALE_DOWN, else step++ -> MUL.; target=STATE_EXP_SCALE_DOWN; clause=1/1"
CE-GELU-SERIAL,vit_fp32_gelu_serial,explicit,state,"STATE_IDLE,STATE_SCALE_VALUE,STATE_DENOMINATOR_MUL,STATE_DENOMINATOR_ADD,STATE_RECIPROCAL_INIT,STATE_RECIPROCAL_PRODUCT,STATE_RECIPROCAL_CORRECTION,STATE_RECIPROCAL_ESTIMATE,STATE_GELU_POLY_MUL,STATE_GELU_POLY_ADD,STATE_SQUARE,STATE_EXP_SCALE,STATE_EXP_INITIAL_PRODUCT,STATE_EXP_INITIAL_REMAINDER,STATE_EXP_CORRECTED_PRODUCT,STATE_EXP_NEGATIVE_REMAINDER,STATE_EXP_POSITIVE_REMAINDER,STATE_EXP_POLY_MUL,STATE_EXP_POLY_ADD,STATE_EXP_SCALE_DOWN,STATE_FINAL_POLY_EXP,STATE_FINAL_ERF_SUB,STATE_FINAL_ONE_PLUS,STATE_FINAL_HALF,STATE_FINAL_RESULT,STATE_DONE",clk,rst (synchronous active-high),MIXED / protocol — khi vẽ: state-qualified outputs có thể xem là Moore-like; guard/input quyết định transition và registered micro-op là Mealy-controlled. G2: MIXED_OR_PROTOCOL; exact registered side effects listed,STATE_EXP_POLY_ADD,"Eight Horner terms: MUL stores temp -> ADD; ADD step7 -> SCALE_DOWN, else step++ -> MUL.",STATE_EXP_POLY_MUL,exp_polynomial; exp_polynomial_step,CE_GELU_SERIAL:L33,rtl/blocks/gelu/vit_fp32_gelu_serial.sv,"L535-L545; STATE_EXP_POLY_ADD; guard=Eight Horner terms: MUL stores temp -> ADD; ADD step7 -> SCALE_DOWN, else step++ -> MUL.; target=STATE_EXP_POLY_MUL; clause=1/1"
CE-GELU-SERIAL,vit_fp32_gelu_serial,explicit,state,"STATE_IDLE,STATE_SCALE_VALUE,STATE_DENOMINATOR_MUL,STATE_DENOMINATOR_ADD,STATE_RECIPROCAL_INIT,STATE_RECIPROCAL_PRODUCT,STATE_RECIPROCAL_CORRECTION,STATE_RECIPROCAL_ESTIMATE,STATE_GELU_POLY_MUL,STATE_GELU_POLY_ADD,STATE_SQUARE,STATE_EXP_SCALE,STATE_EXP_INITIAL_PRODUCT,STATE_EXP_INITIAL_REMAINDER,STATE_EXP_CORRECTED_PRODUCT,STATE_EXP_NEGATIVE_REMAINDER,STATE_EXP_POSITIVE_REMAINDER,STATE_EXP_POLY_MUL,STATE_EXP_POLY_ADD,STATE_EXP_SCALE_DOWN,STATE_FINAL_POLY_EXP,STATE_FINAL_ERF_SUB,STATE_FINAL_ONE_PLUS,STATE_FINAL_HALF,STATE_FINAL_RESULT,STATE_DONE",clk,rst (synchronous active-high),MIXED / protocol — khi vẽ: state-qualified outputs có thể xem là Moore-like; guard/input quyết định transition và registered micro-op là Mealy-controlled. G2: MIXED_OR_PROTOCOL; exact registered side effects listed,STATE_EXP_SCALE_DOWN,Register scaled polynomial exponential -> FINAL_POLY_EXP.,STATE_FINAL_POLY_EXP,exponential,CE_GELU_SERIAL:L34,rtl/blocks/gelu/vit_fp32_gelu_serial.sv,L546-L550; STATE_EXP_SCALE_DOWN; guard=Register scaled polynomial exponential -> FINAL_POLY_EXP.; target=STATE_FINAL_POLY_EXP; clause=1/1
CE-GELU-SERIAL,vit_fp32_gelu_serial,explicit,state,"STATE_IDLE,STATE_SCALE_VALUE,STATE_DENOMINATOR_MUL,STATE_DENOMINATOR_ADD,STATE_RECIPROCAL_INIT,STATE_RECIPROCAL_PRODUCT,STATE_RECIPROCAL_CORRECTION,STATE_RECIPROCAL_ESTIMATE,STATE_GELU_POLY_MUL,STATE_GELU_POLY_ADD,STATE_SQUARE,STATE_EXP_SCALE,STATE_EXP_INITIAL_PRODUCT,STATE_EXP_INITIAL_REMAINDER,STATE_EXP_CORRECTED_PRODUCT,STATE_EXP_NEGATIVE_REMAINDER,STATE_EXP_POSITIVE_REMAINDER,STATE_EXP_POLY_MUL,STATE_EXP_POLY_ADD,STATE_EXP_SCALE_DOWN,STATE_FINAL_POLY_EXP,STATE_FINAL_ERF_SUB,STATE_FINAL_ONE_PLUS,STATE_FINAL_HALF,STATE_FINAL_RESULT,STATE_DONE",clk,rst (synchronous active-high),MIXED / protocol — khi vẽ: state-qualified outputs có thể xem là Moore-like; guard/input quyết định transition và registered micro-op là Mealy-controlled. G2: MIXED_OR_PROTOCOL; exact registered side effects listed,STATE_FINAL_POLY_EXP,"Multiply polynomial*exp; subtract/clamp magnitude to [0,1]; add one; multiply half; multiply original input; register result -> DONE.",STATE_FINAL_ERF_SUB,polynomial_exponential,CE_GELU_SERIAL:L35,rtl/blocks/gelu/vit_fp32_gelu_serial.sv,"L551-L555; STATE_FINAL_POLY_EXP; guard=Multiply polynomial*exp; subtract/clamp magnitude to [0,1]; add one; multiply half; multiply original input; register result -> DONE.; target=STATE_FINAL_ERF_SUB; clause=1/1"
CE-GELU-SERIAL,vit_fp32_gelu_serial,explicit,state,"STATE_IDLE,STATE_SCALE_VALUE,STATE_DENOMINATOR_MUL,STATE_DENOMINATOR_ADD,STATE_RECIPROCAL_INIT,STATE_RECIPROCAL_PRODUCT,STATE_RECIPROCAL_CORRECTION,STATE_RECIPROCAL_ESTIMATE,STATE_GELU_POLY_MUL,STATE_GELU_POLY_ADD,STATE_SQUARE,STATE_EXP_SCALE,STATE_EXP_INITIAL_PRODUCT,STATE_EXP_INITIAL_REMAINDER,STATE_EXP_CORRECTED_PRODUCT,STATE_EXP_NEGATIVE_REMAINDER,STATE_EXP_POSITIVE_REMAINDER,STATE_EXP_POLY_MUL,STATE_EXP_POLY_ADD,STATE_EXP_SCALE_DOWN,STATE_FINAL_POLY_EXP,STATE_FINAL_ERF_SUB,STATE_FINAL_ONE_PLUS,STATE_FINAL_HALF,STATE_FINAL_RESULT,STATE_DONE",clk,rst (synchronous active-high),MIXED / protocol — khi vẽ: state-qualified outputs có thể xem là Moore-like; guard/input quyết định transition và registered micro-op là Mealy-controlled. G2: MIXED_OR_PROTOCOL; exact registered side effects listed,STATE_FINAL_ERF_SUB,"Multiply polynomial*exp; subtract/clamp magnitude to [0,1]; add one; multiply half; multiply original input; register result -> DONE.",STATE_FINAL_ONE_PLUS,erf_magnitude,CE_GELU_SERIAL:L35,rtl/blocks/gelu/vit_fp32_gelu_serial.sv,"L556-L565; STATE_FINAL_ERF_SUB; guard=Multiply polynomial*exp; subtract/clamp magnitude to [0,1]; add one; multiply half; multiply original input; register result -> DONE.; target=STATE_FINAL_ONE_PLUS; clause=1/1"
CE-GELU-SERIAL,vit_fp32_gelu_serial,explicit,state,"STATE_IDLE,STATE_SCALE_VALUE,STATE_DENOMINATOR_MUL,STATE_DENOMINATOR_ADD,STATE_RECIPROCAL_INIT,STATE_RECIPROCAL_PRODUCT,STATE_RECIPROCAL_CORRECTION,STATE_RECIPROCAL_ESTIMATE,STATE_GELU_POLY_MUL,STATE_GELU_POLY_ADD,STATE_SQUARE,STATE_EXP_SCALE,STATE_EXP_INITIAL_PRODUCT,STATE_EXP_INITIAL_REMAINDER,STATE_EXP_CORRECTED_PRODUCT,STATE_EXP_NEGATIVE_REMAINDER,STATE_EXP_POSITIVE_REMAINDER,STATE_EXP_POLY_MUL,STATE_EXP_POLY_ADD,STATE_EXP_SCALE_DOWN,STATE_FINAL_POLY_EXP,STATE_FINAL_ERF_SUB,STATE_FINAL_ONE_PLUS,STATE_FINAL_HALF,STATE_FINAL_RESULT,STATE_DONE",clk,rst (synchronous active-high),MIXED / protocol — khi vẽ: state-qualified outputs có thể xem là Moore-like; guard/input quyết định transition và registered micro-op là Mealy-controlled. G2: MIXED_OR_PROTOCOL; exact registered side effects listed,STATE_FINAL_ONE_PLUS,"Multiply polynomial*exp; subtract/clamp magnitude to [0,1]; add one; multiply half; multiply original input; register result -> DONE.",STATE_FINAL_HALF,one_plus_erf,CE_GELU_SERIAL:L35,rtl/blocks/gelu/vit_fp32_gelu_serial.sv,"L566-L570; STATE_FINAL_ONE_PLUS; guard=Multiply polynomial*exp; subtract/clamp magnitude to [0,1]; add one; multiply half; multiply original input; register result -> DONE.; target=STATE_FINAL_HALF; clause=1/1"
CE-GELU-SERIAL,vit_fp32_gelu_serial,explicit,state,"STATE_IDLE,STATE_SCALE_VALUE,STATE_DENOMINATOR_MUL,STATE_DENOMINATOR_ADD,STATE_RECIPROCAL_INIT,STATE_RECIPROCAL_PRODUCT,STATE_RECIPROCAL_CORRECTION,STATE_RECIPROCAL_ESTIMATE,STATE_GELU_POLY_MUL,STATE_GELU_POLY_ADD,STATE_SQUARE,STATE_EXP_SCALE,STATE_EXP_INITIAL_PRODUCT,STATE_EXP_INITIAL_REMAINDER,STATE_EXP_CORRECTED_PRODUCT,STATE_EXP_NEGATIVE_REMAINDER,STATE_EXP_POSITIVE_REMAINDER,STATE_EXP_POLY_MUL,STATE_EXP_POLY_ADD,STATE_EXP_SCALE_DOWN,STATE_FINAL_POLY_EXP,STATE_FINAL_ERF_SUB,STATE_FINAL_ONE_PLUS,STATE_FINAL_HALF,STATE_FINAL_RESULT,STATE_DONE",clk,rst (synchronous active-high),MIXED / protocol — khi vẽ: state-qualified outputs có thể xem là Moore-like; guard/input quyết định transition và registered micro-op là Mealy-controlled. G2: MIXED_OR_PROTOCOL; exact registered side effects listed,STATE_FINAL_HALF,"Multiply polynomial*exp; subtract/clamp magnitude to [0,1]; add one; multiply half; multiply original input; register result -> DONE.",STATE_FINAL_RESULT,half_value,CE_GELU_SERIAL:L35,rtl/blocks/gelu/vit_fp32_gelu_serial.sv,"L571-L575; STATE_FINAL_HALF; guard=Multiply polynomial*exp; subtract/clamp magnitude to [0,1]; add one; multiply half; multiply original input; register result -> DONE.; target=STATE_FINAL_RESULT; clause=1/1"
CE-GELU-SERIAL,vit_fp32_gelu_serial,explicit,state,"STATE_IDLE,STATE_SCALE_VALUE,STATE_DENOMINATOR_MUL,STATE_DENOMINATOR_ADD,STATE_RECIPROCAL_INIT,STATE_RECIPROCAL_PRODUCT,STATE_RECIPROCAL_CORRECTION,STATE_RECIPROCAL_ESTIMATE,STATE_GELU_POLY_MUL,STATE_GELU_POLY_ADD,STATE_SQUARE,STATE_EXP_SCALE,STATE_EXP_INITIAL_PRODUCT,STATE_EXP_INITIAL_REMAINDER,STATE_EXP_CORRECTED_PRODUCT,STATE_EXP_NEGATIVE_REMAINDER,STATE_EXP_POSITIVE_REMAINDER,STATE_EXP_POLY_MUL,STATE_EXP_POLY_ADD,STATE_EXP_SCALE_DOWN,STATE_FINAL_POLY_EXP,STATE_FINAL_ERF_SUB,STATE_FINAL_ONE_PLUS,STATE_FINAL_HALF,STATE_FINAL_RESULT,STATE_DONE",clk,rst (synchronous active-high),MIXED / protocol — khi vẽ: state-qualified outputs có thể xem là Moore-like; guard/input quyết định transition và registered micro-op là Mealy-controlled. G2: MIXED_OR_PROTOCOL; exact registered side effects listed,STATE_FINAL_RESULT,register result -> DONE.,STATE_DONE,result,CE_GELU_SERIAL:L35,rtl/blocks/gelu/vit_fp32_gelu_serial.sv,L576-L580; STATE_FINAL_RESULT; guard=register result -> DONE.; target=STATE_DONE; clause=1/1
CE-GELU-SERIAL,vit_fp32_gelu_serial,explicit,state,"STATE_IDLE,STATE_SCALE_VALUE,STATE_DENOMINATOR_MUL,STATE_DENOMINATOR_ADD,STATE_RECIPROCAL_INIT,STATE_RECIPROCAL_PRODUCT,STATE_RECIPROCAL_CORRECTION,STATE_RECIPROCAL_ESTIMATE,STATE_GELU_POLY_MUL,STATE_GELU_POLY_ADD,STATE_SQUARE,STATE_EXP_SCALE,STATE_EXP_INITIAL_PRODUCT,STATE_EXP_INITIAL_REMAINDER,STATE_EXP_CORRECTED_PRODUCT,STATE_EXP_NEGATIVE_REMAINDER,STATE_EXP_POSITIVE_REMAINDER,STATE_EXP_POLY_MUL,STATE_EXP_POLY_ADD,STATE_EXP_SCALE_DOWN,STATE_FINAL_POLY_EXP,STATE_FINAL_ERF_SUB,STATE_FINAL_ONE_PLUS,STATE_FINAL_HALF,STATE_FINAL_RESULT,STATE_DONE",clk,rst (synchronous active-high),MIXED / protocol — khi vẽ: state-qualified outputs có thể xem là Moore-like; guard/input quyết định transition và registered micro-op là Mealy-controlled. G2: MIXED_OR_PROTOCOL; exact registered side effects listed,STATE_DONE,unconditional IDLE.,STATE_IDLE,CONTROL_ONLY,CE_GELU_SERIAL:L36,rtl/blocks/gelu/vit_fp32_gelu_serial.sv,L581-L584; STATE_DONE; guard=unconditional IDLE.; target=STATE_IDLE; clause=1/1
CE-GELU-SERIAL,vit_fp32_gelu_serial,explicit,state,"STATE_IDLE,STATE_SCALE_VALUE,STATE_DENOMINATOR_MUL,STATE_DENOMINATOR_ADD,STATE_RECIPROCAL_INIT,STATE_RECIPROCAL_PRODUCT,STATE_RECIPROCAL_CORRECTION,STATE_RECIPROCAL_ESTIMATE,STATE_GELU_POLY_MUL,STATE_GELU_POLY_ADD,STATE_SQUARE,STATE_EXP_SCALE,STATE_EXP_INITIAL_PRODUCT,STATE_EXP_INITIAL_REMAINDER,STATE_EXP_CORRECTED_PRODUCT,STATE_EXP_NEGATIVE_REMAINDER,STATE_EXP_POSITIVE_REMAINDER,STATE_EXP_POLY_MUL,STATE_EXP_POLY_ADD,STATE_EXP_SCALE_DOWN,STATE_FINAL_POLY_EXP,STATE_FINAL_ERF_SUB,STATE_FINAL_ONE_PLUS,STATE_FINAL_HALF,STATE_FINAL_RESULT,STATE_DONE",clk,rst (synchronous active-high),MIXED / protocol — khi vẽ: state-qualified outputs có thể xem là Moore-like; guard/input quyết định transition và registered micro-op là Mealy-controlled. G2: MIXED_OR_PROTOCOL; exact registered side effects listed,default 26..31,state->IDLE; datapath/result hold; no error flag.,state->IDLE; datapath/result hold; no error flag.,state,CE_GELU_SERIAL:L37,rtl/blocks/gelu/vit_fp32_gelu_serial.sv,L58-L85; default 26..31; guard=state->IDLE; datapath/result hold; no error flag.; target=state->IDLE; datapath/result hold; no error flag.
CE-ARGMAX,vit_argmax_engine_fp32,explicit,state,"STATE_IDLE,STATE_SCAN,STATE_RESULT,STATE_DONE",clk,rst (synchronous active-high),MIXED / protocol — khi vẽ: state-qualified outputs có thể xem là Moore-like; guard/input quyết định transition và registered micro-op là Mealy-controlled. G2: MIXED_OR_PROTOCOL; exact registered side effects listed,STATE_IDLE,"cfg_length==0 -> config_error,DONE",STATE_DONE,element_index; have_best; input_nonfinite_error; config_error; active_length,CE_ARGMAX:L21,rtl/blocks/argmax/vit_argmax_engine_fp32.sv,"L97-L112; STATE_IDLE; guard=cfg_length==0 -> config_error,DONE; target=STATE_DONE; clause=1/1"
CE-ARGMAX,vit_argmax_engine_fp32,explicit,state,"STATE_IDLE,STATE_SCAN,STATE_RESULT,STATE_DONE",clk,rst (synchronous active-high),MIXED / protocol — khi vẽ: state-qualified outputs có thể xem là Moore-like; guard/input quyết định transition và registered micro-op là Mealy-controlled. G2: MIXED_OR_PROTOCOL; exact registered side effects listed,STATE_IDLE,otherwise latch length -> SCAN.,STATE_SCAN,element_index; have_best; input_nonfinite_error; config_error; active_length,CE_ARGMAX:L21,rtl/blocks/argmax/vit_argmax_engine_fp32.sv,L97-L112; STATE_IDLE; guard=otherwise latch length -> SCAN.; target=STATE_SCAN; clause=1/1
CE-ARGMAX,vit_argmax_engine_fp32,explicit,state,"STATE_IDLE,STATE_SCAN,STATE_RESULT,STATE_DONE",clk,rst (synchronous active-high),MIXED / protocol — khi vẽ: state-qualified outputs có thể xem là Moore-like; guard/input quyết định transition và registered micro-op là Mealy-controlled. G2: MIXED_OR_PROTOCOL; exact registered side effects listed,STATE_SCAN,"If last, choose current if better, else prior best, else {index=0,value=qNaN} and -> RESULT",STATE_RESULT,input_nonfinite_error; have_best; best_index; best_value; result_index_reg; result_value_reg; element_index,CE_ARGMAX:L22,rtl/blocks/argmax/vit_argmax_engine_fp32.sv,"L113-L143; STATE_SCAN; guard=If last, choose current if better, else prior best, else {index=0,value=qNaN} and -> RESULT; target=STATE_RESULT; clause=1/1"
CE-ARGMAX,vit_argmax_engine_fp32,explicit,state,"STATE_IDLE,STATE_SCAN,STATE_RESULT,STATE_DONE",clk,rst (synchronous active-high),MIXED / protocol — khi vẽ: state-qualified outputs có thể xem là Moore-like; guard/input quyết định transition và registered micro-op là Mealy-controlled. G2: MIXED_OR_PROTOCOL; exact registered side effects listed,STATE_RESULT,ready -> DONE.,STATE_DONE,NONE_BEYOND_STATE,CE_ARGMAX:L23,rtl/blocks/argmax/vit_argmax_engine_fp32.sv,L144-L148; STATE_RESULT; guard=ready -> DONE.; target=STATE_DONE; clause=1/1
CE-ARGMAX,vit_argmax_engine_fp32,explicit,state,"STATE_IDLE,STATE_SCAN,STATE_RESULT,STATE_DONE",clk,rst (synchronous active-high),MIXED / protocol — khi vẽ: state-qualified outputs có thể xem là Moore-like; guard/input quyết định transition và registered micro-op là Mealy-controlled. G2: MIXED_OR_PROTOCOL; exact registered side effects listed,STATE_DONE,unconditional IDLE.,STATE_IDLE,NONE_BEYOND_STATE,CE_ARGMAX:L24,rtl/blocks/argmax/vit_argmax_engine_fp32.sv,L149-L152; STATE_DONE; guard=unconditional IDLE.; target=STATE_IDLE; clause=1/1
CE-ARGMAX,vit_argmax_engine_fp32,explicit,state,"STATE_IDLE,STATE_SCAN,STATE_RESULT,STATE_DONE",clk,rst (synchronous active-high),MIXED / protocol — khi vẽ: state-qualified outputs có thể xem là Moore-like; guard/input quyết định transition và registered micro-op là Mealy-controlled. G2: MIXED_OR_PROTOCOL; exact registered side effects listed,default 4..7,illegal recovery.,"set config error, return IDLE; result registers hold.",state,CE_ARGMAX:L25,rtl/blocks/argmax/vit_argmax_engine_fp32.sv,"L31-L36; default 4..7; guard=illegal recovery.; target=set config error, return IDLE; result registers hold."
