Copyright 1986-2022 Xilinx, Inc. All Rights Reserved. Copyright 2022-2023 Advanced Micro Devices, Inc. All Rights Reserved.
---------------------------------------------------------------------------------------------------------------------------------------------
| Tool Version : Vivado v.2023.2 (lin64) Build 4029153 Fri Oct 13 20:13:54 MDT 2023
| Date         : Sun Aug  9 04:01:04 2026
| Host         : ubuntu running 64-bit Ubuntu 24.04.4 LTS
| Command      : report_control_sets -verbose -file vit_system_wrapper_control_sets_placed.rpt
| Design       : vit_system_wrapper
| Device       : xczu5ev
---------------------------------------------------------------------------------------------------------------------------------------------

Control Set Information

Table of Contents
-----------------
1. Summary
2. Histogram
3. Flip-Flop Distribution
4. Detailed Control Set Information

1. Summary
----------

+----------------------------------------------------------+-------+
|                          Status                          | Count |
+----------------------------------------------------------+-------+
| Total control sets                                       |   770 |
|    Minimum number of control sets                        |   770 |
|    Addition due to synthesis replication                 |     0 |
|    Addition due to physical synthesis replication        |     0 |
| Unused register locations in slices containing registers |   727 |
+----------------------------------------------------------+-------+
* Control sets can be merged at opt_design using control_set_merge or merge_equivalent_drivers
** Run report_qor_suggestions for automated merging and remapping suggestions


2. Histogram
------------

+--------------------+-------+
|       Fanout       | Count |
+--------------------+-------+
| Total control sets |   770 |
| >= 0 to < 4        |   120 |
| >= 4 to < 6        |    57 |
| >= 6 to < 8        |    18 |
| >= 8 to < 10       |    89 |
| >= 10 to < 12      |     6 |
| >= 12 to < 14      |    16 |
| >= 14 to < 16      |     3 |
| >= 16              |   461 |
+--------------------+-------+
* Control sets can be remapped at either synth_design or opt_design


3. Flip-Flop Distribution
-------------------------

+--------------+-----------------------+------------------------+-----------------+--------------+
| Clock Enable | Synchronous Set/Reset | Asynchronous Set/Reset | Total Registers | Total Slices |
+--------------+-----------------------+------------------------+-----------------+--------------+
| No           | No                    | No                     |             241 |          158 |
| No           | No                    | Yes                    |              54 |           18 |
| No           | Yes                   | No                     |            4576 |         2302 |
| Yes          | No                    | No                     |            1711 |          464 |
| Yes          | No                    | Yes                    |               0 |            0 |
| Yes          | Yes                   | No                     |           57415 |         9890 |
+--------------+-----------------------+------------------------+-----------------+--------------+


4. Detailed Control Set Information
-----------------------------------

+----------------------------------------------+--------------------------------------------------------------------------------------------------------------------------------------------------------------------------------------------------------------------------+---------------------------------------------------------------------------------------------------------------------------------------------------------------------+------------------+----------------+--------------+
|                 Clock Signal                 |                                                                                                       Enable Signal                                                                                                      |                                                                           Set/Reset Signal                                                                          | Slice Load Count | Bel Load Count | Bels / Slice |
+----------------------------------------------+--------------------------------------------------------------------------------------------------------------------------------------------------------------------------------------------------------------------------+---------------------------------------------------------------------------------------------------------------------------------------------------------------------+------------------+----------------+--------------+
|  vit_system_i/zynq_ultra_ps_e_0/inst/pl_clk0 |                                                                                                                                                                                                                          | vit_system_i/smartconnect_control/inst/s00_nodes/s00_b_node/inst/s_sc_areset_pipe                                                                                   |                1 |              1 |         1.00 |
|  vit_system_i/zynq_ultra_ps_e_0/inst/pl_clk0 |                                                                                                                                                                                                                          | vit_system_i/vit_phase_e_axi_0/inst/u_core/u_npu/u_engine/u_gemm/gen_fp16.u_fp16/u_result_fifo/read_pointer_q0                                                      |                1 |              1 |         1.00 |
|  vit_system_i/zynq_ultra_ps_e_0/inst/pl_clk0 |                                                                                                                                                                                                                          | vit_system_i/smartconnect_control/inst/s00_nodes/s00_w_node/inst/s_sc_areset_pipe                                                                                   |                1 |              1 |         1.00 |
|  vit_system_i/zynq_ultra_ps_e_0/inst/pl_clk0 |                                                                                                                                                                                                                          | vit_system_i/smartconnect_control/inst/s00_nodes/s00_aw_node/inst/s_sc_areset_pipe                                                                                  |                1 |              1 |         1.00 |
|  vit_system_i/zynq_ultra_ps_e_0/inst/pl_clk0 |                                                                                                                                                                                                                          | vit_system_i/smartconnect_control/inst/s00_nodes/s00_ar_node/inst/s_sc_areset_pipe                                                                                  |                1 |              1 |         1.00 |
|  vit_system_i/zynq_ultra_ps_e_0/inst/pl_clk0 |                                                                                                                                                                                                                          | vit_system_i/smartconnect_ddr/inst/s00_nodes/s00_r_node/inst/s_sc_areset_pipe                                                                                       |                1 |              1 |         1.00 |
|  vit_system_i/zynq_ultra_ps_e_0/inst/pl_clk0 |                                                                                                                                                                                                                          | vit_system_i/smartconnect_ddr/inst/s00_nodes/s00_r_node/inst/mi_handler_m_sc_areset                                                                                 |                1 |              1 |         1.00 |
|  vit_system_i/zynq_ultra_ps_e_0/inst/pl_clk0 | vit_system_i/vit_phase_e_axi_0/inst/u_core/u_perf_counters/job_cycles_o[63]_i_2_n_0                                                                                                                                      | vit_system_i/vit_phase_e_axi_0/inst/u_core/u_m7_overlap_counters/published                                                                                          |                1 |              1 |         1.00 |
|  vit_system_i/zynq_ultra_ps_e_0/inst/pl_clk0 | vit_system_i/vit_phase_e_axi_0/inst/u_core/u_npu/u_engine/u_gemm/gen_fp16.u_fp16/u_result_fifo/count_q[0]_i_2_n_0                                                                                                        | vit_system_i/vit_phase_e_axi_0/inst/u_core/u_npu/u_engine/u_gemm/gen_fp16.u_fp16/u_result_fifo/read_pointer_q0                                                      |                1 |              1 |         1.00 |
|  vit_system_i/zynq_ultra_ps_e_0/inst/pl_clk0 | vit_system_i/smartconnect_control/inst/s00_nodes/s00_b_node/inst/inst_mi_handler/gen_normal_area.inst_fifo_node_payld/gen_reg_fifo.inst_reg_fifo/gen_single_rank.data[5]_i_1_n_0                                         |                                                                                                                                                                     |                1 |              1 |         1.00 |
|  vit_system_i/zynq_ultra_ps_e_0/inst/pl_clk0 | vit_system_i/vit_phase_e_axi_0/inst/u_core/u_m7_overlap_counters/status_o[0]                                                                                                                                             | vit_system_i/vit_phase_e_axi_0/inst/u_core/u_m5_axi_counters/published                                                                                              |                1 |              1 |         1.00 |
|  vit_system_i/zynq_ultra_ps_e_0/inst/pl_clk0 |                                                                                                                                                                                                                          | vit_system_i/smartconnect_ddr/inst/s00_nodes/s00_ar_node/inst/mi_handler_m_sc_areset                                                                                |                1 |              1 |         1.00 |
|  vit_system_i/zynq_ultra_ps_e_0/inst/pl_clk0 |                                                                                                                                                                                                                          | vit_system_i/smartconnect_control/inst/s00_nodes/s00_r_node/inst/s_sc_areset_pipe                                                                                   |                1 |              1 |         1.00 |
|  vit_system_i/zynq_ultra_ps_e_0/inst/pl_clk0 | vit_system_i/vit_phase_e_axi_0/inst/u_core/u_m7_overlap_counters/published[22][1]_i_2_n_0                                                                                                                                | vit_system_i/vit_phase_e_axi_0/inst/u_core/u_m5_axi_counters/published                                                                                              |                1 |              1 |         1.00 |
|  vit_system_i/zynq_ultra_ps_e_0/inst/pl_clk0 |                                                                                                                                                                                                                          | vit_system_i/smartconnect_ddr/inst/s00_nodes/s00_ar_node/inst/s_sc_areset_pipe                                                                                      |                1 |              1 |         1.00 |
|  vit_system_i/zynq_ultra_ps_e_0/inst/pl_clk0 |                                                                                                                                                                                                                          | vit_system_i/smartconnect_ddr/inst/s00_nodes/s00_aw_node/inst/mi_handler_m_sc_areset                                                                                |                1 |              1 |         1.00 |
|  vit_system_i/zynq_ultra_ps_e_0/inst/pl_clk0 |                                                                                                                                                                                                                          | vit_system_i/smartconnect_ddr/inst/s00_nodes/s00_aw_node/inst/s_sc_areset_pipe                                                                                      |                1 |              1 |         1.00 |
|  vit_system_i/zynq_ultra_ps_e_0/inst/pl_clk0 |                                                                                                                                                                                                                          | vit_system_i/smartconnect_ddr/inst/s00_nodes/s00_b_node/inst/s_sc_areset_pipe                                                                                       |                1 |              1 |         1.00 |
|  vit_system_i/zynq_ultra_ps_e_0/inst/pl_clk0 | vit_system_i/smartconnect_ddr/inst/s00_entry_pipeline/s00_si_converter/inst/converter.wrap_narrow_inst/w_payld_fifo/cmd_fifo/E[0]                                                                                        | vit_system_i/smartconnect_ddr/inst/s00_entry_pipeline/s00_si_converter/inst/areset                                                                                  |                1 |              1 |         1.00 |
|  vit_system_i/zynq_ultra_ps_e_0/inst/pl_clk0 |                                                                                                                                                                                                                          | vit_system_i/smartconnect_ddr/inst/s00_nodes/s00_w_node/inst/s_sc_areset_pipe                                                                                       |                1 |              1 |         1.00 |
|  vit_system_i/zynq_ultra_ps_e_0/inst/pl_clk0 |                                                                                                                                                                                                                          | vit_system_i/smartconnect_ddr/inst/s00_nodes/s00_w_node/inst/mi_handler_m_sc_areset                                                                                 |                1 |              1 |         1.00 |
|  vit_system_i/zynq_ultra_ps_e_0/inst/pl_clk0 | vit_system_i/smartconnect_ddr/inst/s00_entry_pipeline/s00_transaction_regulator/inst/gen_endpoint.gen_w_singleorder.w_singleorder/gen_cmd_reg.cmd_reg/gen_pipelined.state_reg[2]                                         | vit_system_i/smartconnect_ddr/inst/s00_entry_pipeline/s00_transaction_regulator/inst/areset                                                                         |                1 |              1 |         1.00 |
|  vit_system_i/zynq_ultra_ps_e_0/inst/pl_clk0 |                                                                                                                                                                                                                          | vit_system_i/smartconnect_ddr/inst/s00_nodes/s00_b_node/inst/mi_handler_m_sc_areset                                                                                 |                1 |              1 |         1.00 |
|  vit_system_i/zynq_ultra_ps_e_0/inst/pl_clk0 |                                                                                                                                                                                                                          | vit_system_i/vit_phase_e_axi_0/inst/u_core/u_npu/u_engine/u_memory_frontend/u_gemm_activation_panel_cache/read_data_valid0                                          |                2 |              2 |         1.00 |
|  vit_system_i/zynq_ultra_ps_e_0/inst/pl_clk0 | vit_system_i/smartconnect_control/inst/s00_entry_pipeline/s00_si_converter/inst/gen_axilite_conv.axilite_conv_inst/w_size_mask[1]_i_1_n_0                                                                                |                                                                                                                                                                     |                1 |              2 |         2.00 |
|  vit_system_i/zynq_ultra_ps_e_0/inst/pl_clk0 | vit_system_i/smartconnect_control/inst/s00_entry_pipeline/s00_si_converter/inst/gen_axilite_conv.axilite_conv_inst/s_axi_bresp_i                                                                                         | vit_system_i/smartconnect_control/inst/s00_entry_pipeline/s00_si_converter/inst/gen_axilite_conv.axilite_conv_inst/s_axi_bresp_i[1]_i_1_n_0                         |                1 |              2 |         2.00 |
|  vit_system_i/zynq_ultra_ps_e_0/inst/pl_clk0 | vit_system_i/smartconnect_control/inst/s00_entry_pipeline/s00_mmu/inst/aw_reg_stall/E[0]                                                                                                                                 | vit_system_i/smartconnect_control/inst/s00_entry_pipeline/s00_mmu/inst/areset                                                                                       |                1 |              2 |         2.00 |
|  vit_system_i/zynq_ultra_ps_e_0/inst/pl_clk0 | vit_system_i/smartconnect_control/inst/s00_entry_pipeline/s00_si_converter/inst/gen_axilite_conv.axilite_conv_inst/s_r_pointer[1]_i_1_n_0                                                                                | vit_system_i/smartconnect_control/inst/s00_entry_pipeline/s00_si_converter/inst/areset                                                                              |                1 |              2 |         2.00 |
|  vit_system_i/zynq_ultra_ps_e_0/inst/pl_clk0 | vit_system_i/vit_phase_e_axi_0/inst/u_core/u_npu/u_engine/u_argmax/FSM_sequential_state[1]_i_1_n_0                                                                                                                       | vit_system_i/vit_phase_e_axi_0/inst/u_core/u_npu/u_engine/u_command_controller/engine_rst_BUFG                                                                      |                2 |              2 |         1.00 |
|  vit_system_i/zynq_ultra_ps_e_0/inst/pl_clk0 | vit_system_i/smartconnect_control/inst/s00_entry_pipeline/s00_si_converter/inst/gen_axilite_conv.axilite_conv_inst/s_axi_rresp_i[1]_i_1_n_0                                                                              | vit_system_i/smartconnect_control/inst/s00_entry_pipeline/s00_si_converter/inst/areset                                                                              |                2 |              2 |         1.00 |
|  vit_system_i/zynq_ultra_ps_e_0/inst/pl_clk0 | vit_system_i/smartconnect_control/inst/s00_entry_pipeline/s00_si_converter/inst/gen_axilite_conv.axilite_conv_inst/r_state                                                                                               | vit_system_i/smartconnect_control/inst/s00_entry_pipeline/s00_si_converter/inst/areset                                                                              |                1 |              2 |         2.00 |
|  vit_system_i/zynq_ultra_ps_e_0/inst/pl_clk0 |                                                                                                                                                                                                                          | vit_system_i/smartconnect_control/inst/s00_nodes/s00_b_node/inst/inst_mi_handler/areset_r                                                                           |                1 |              2 |         2.00 |
|  vit_system_i/zynq_ultra_ps_e_0/inst/pl_clk0 |                                                                                                                                                                                                                          | vit_system_i/smartconnect_ddr/inst/s00_entry_pipeline/s00_mmu/inst/areset_d                                                                                         |                2 |              2 |         1.00 |
|  vit_system_i/zynq_ultra_ps_e_0/inst/pl_clk0 | vit_system_i/smartconnect_ddr/inst/s00_entry_pipeline/s00_mmu/inst/aw_reg_stall/E[0]                                                                                                                                     | vit_system_i/smartconnect_ddr/inst/s00_entry_pipeline/s00_mmu/inst/areset                                                                                           |                1 |              2 |         2.00 |
|  vit_system_i/zynq_ultra_ps_e_0/inst/pl_clk0 | vit_system_i/vit_phase_e_axi_0/inst/u_core/u_npu/u_engine/u_softmax/reciprocal_iteration[1]_i_1_n_0                                                                                                                      | vit_system_i/vit_phase_e_axi_0/inst/u_core/u_npu/u_engine/u_command_controller/engine_rst_BUFG                                                                      |                2 |              2 |         1.00 |
|  vit_system_i/zynq_ultra_ps_e_0/inst/pl_clk0 | vit_system_i/vit_phase_e_axi_0/inst/u_core/u_npu/u_engine/u_gelu/u_serial_core/reciprocal_iteration[1]_i_1_n_0                                                                                                           | vit_system_i/vit_phase_e_axi_0/inst/u_core/u_npu/u_engine/u_command_controller/engine_rst_BUFG                                                                      |                1 |              2 |         2.00 |
|  vit_system_i/zynq_ultra_ps_e_0/inst/pl_clk0 |                                                                                                                                                                                                                          | vit_system_i/smartconnect_ddr/inst/s00_nodes/s00_w_node/inst/inst_mi_handler/areset_r                                                                               |                2 |              2 |         1.00 |
|  vit_system_i/zynq_ultra_ps_e_0/inst/pl_clk0 | vit_system_i/vit_phase_e_axi_0/inst/u_core/u_mem_adapter/rsp_fifo_count[1]_i_1_n_0                                                                                                                                       | vit_system_i/vit_phase_e_axi_0/inst/u_core/adapter_aresetn                                                                                                          |                2 |              2 |         1.00 |
|  vit_system_i/zynq_ultra_ps_e_0/inst/pl_clk0 | vit_system_i/vit_phase_e_axi_0/inst/u_core/u_mem_adapter/req_fifo_count[1]_i_1_n_0                                                                                                                                       | vit_system_i/vit_phase_e_axi_0/inst/u_core/adapter_aresetn                                                                                                          |                1 |              2 |         2.00 |
|  vit_system_i/zynq_ultra_ps_e_0/inst/pl_clk0 | vit_system_i/vit_phase_e_axi_0/inst/u_core/u_npu/u_sequencer/section[1]_i_1_n_0                                                                                                                                          | vit_system_i/vit_phase_e_axi_0/inst/u_core/compute_rst                                                                                                              |                1 |              2 |         2.00 |
|  vit_system_i/zynq_ultra_ps_e_0/inst/pl_clk0 | vit_system_i/vit_phase_e_axi_0/inst/u_core/u_mem_adapter/fill_r_burst_index[1]_i_1_n_0                                                                                                                                   | vit_system_i/vit_phase_e_axi_0/inst/u_core/adapter_aresetn                                                                                                          |                2 |              2 |         1.00 |
|  vit_system_i/zynq_ultra_ps_e_0/inst/pl_clk0 | vit_system_i/vit_phase_e_axi_0/inst/u_core/u_mem_adapter/fill_r_completed_count[1]_i_1_n_0                                                                                                                               | vit_system_i/vit_phase_e_axi_0/inst/u_core/adapter_aresetn                                                                                                          |                2 |              2 |         1.00 |
|  vit_system_i/zynq_ultra_ps_e_0/inst/pl_clk0 | vit_system_i/vit_phase_e_axi_0/inst/u_core/u_m7_overlap_counters/published[22][1]_i_2_n_0                                                                                                                                | vit_system_i/vit_phase_e_axi_0/inst/u_core/u_perf_counters/job_cycles_o[63]_i_1_n_0                                                                                 |                2 |              2 |         1.00 |
|  vit_system_i/zynq_ultra_ps_e_0/inst/pl_clk0 | vit_system_i/smartconnect_control/inst/s00_entry_pipeline/s00_mmu/inst/ar_reg_stall/E[0]                                                                                                                                 | vit_system_i/smartconnect_control/inst/s00_entry_pipeline/s00_mmu/inst/areset                                                                                       |                1 |              2 |         2.00 |
|  vit_system_i/zynq_ultra_ps_e_0/inst/pl_clk0 | vit_system_i/smartconnect_ddr/inst/s00_entry_pipeline/s00_mmu/inst/ar_reg_stall/state_reg[m_valid_i]_0[0]                                                                                                                | vit_system_i/smartconnect_ddr/inst/s00_entry_pipeline/s00_mmu/inst/areset                                                                                           |                2 |              2 |         1.00 |
|  vit_system_i/zynq_ultra_ps_e_0/inst/pl_clk0 | vit_system_i/smartconnect_ddr/inst/m00_exit_pipeline/m00_exit/inst/exit_inst/gen_w_cmd_fifo.w_cmd_fifo/gen_pipelined.load_mesg                                                                                           |                                                                                                                                                                     |                1 |              2 |         2.00 |
|  vit_system_i/zynq_ultra_ps_e_0/inst/pl_clk0 | vit_system_i/smartconnect_ddr/inst/m00_exit_pipeline/m00_exit/inst/exit_inst/gen_w_cmd_fifo.w_cmd_fifo/gen_srls[2].srl_nx1/shift                                                                                         |                                                                                                                                                                     |                1 |              2 |         2.00 |
|  vit_system_i/zynq_ultra_ps_e_0/inst/pl_clk0 | vit_system_i/vit_phase_e_axi_0/inst/u_core/u_layer_param_loader/FSM_sequential_state[1]_i_1_n_0                                                                                                                          | vit_system_i/vit_phase_e_axi_0/inst/u_core/compute_rst                                                                                                              |                1 |              2 |         2.00 |
|  vit_system_i/zynq_ultra_ps_e_0/inst/pl_clk0 |                                                                                                                                                                                                                          | vit_system_i/vit_phase_e_axi_0/inst/u_core/u_control/wdata_hold_valid                                                                                               |                1 |              2 |         2.00 |
|  vit_system_i/zynq_ultra_ps_e_0/inst/pl_clk0 |                                                                                                                                                                                                                          | vit_system_i/smartconnect_ddr/inst/s00_nodes/s00_aw_node/inst/inst_mi_handler/m_sc_areset_r                                                                         |                2 |              2 |         1.00 |
|  vit_system_i/zynq_ultra_ps_e_0/inst/pl_clk0 |                                                                                                                                                                                                                          | vit_system_i/smartconnect_ddr/inst/s00_nodes/s00_aw_node/inst/inst_mi_handler/areset_r                                                                              |                2 |              2 |         1.00 |
|  vit_system_i/zynq_ultra_ps_e_0/inst/pl_clk0 |                                                                                                                                                                                                                          | vit_system_i/smartconnect_control/inst/s00_entry_pipeline/s00_transaction_regulator/inst/gen_endpoint.gen_w_singleorder.w_singleorder/gen_id_reg.aresetn_d_reg[0]_0 |                2 |              2 |         1.00 |
|  vit_system_i/zynq_ultra_ps_e_0/inst/pl_clk0 |                                                                                                                                                                                                                          | vit_system_i/smartconnect_ddr/inst/s00_nodes/s00_b_node/inst/inst_mi_handler/areset_r                                                                               |                1 |              2 |         2.00 |
|  vit_system_i/zynq_ultra_ps_e_0/inst/pl_clk0 | vit_system_i/vit_phase_e_axi_0/inst/u_core/u_npu/u_engine/u_gemm/gen_fp16.u_fp16/panel_state_q[0][1]_i_1_n_0                                                                                                             | vit_system_i/vit_phase_e_axi_0/inst/u_core/u_npu/u_engine/u_command_controller/engine_rst_BUFG                                                                      |                1 |              2 |         2.00 |
|  vit_system_i/zynq_ultra_ps_e_0/inst/pl_clk0 |                                                                                                                                                                                                                          | vit_system_i/smartconnect_control/inst/m00_exit_pipeline/m00_exit/inst/areset                                                                                       |                1 |              2 |         2.00 |
|  vit_system_i/zynq_ultra_ps_e_0/inst/pl_clk0 | vit_system_i/vit_phase_e_axi_0/inst/u_core/u_npu/u_engine/u_gemm/gen_fp16.u_fp16/panel_state_q[1][1]_i_1_n_0                                                                                                             | vit_system_i/vit_phase_e_axi_0/inst/u_core/u_npu/u_engine/u_command_controller/engine_rst_BUFG                                                                      |                1 |              2 |         2.00 |
|  vit_system_i/zynq_ultra_ps_e_0/inst/pl_clk0 |                                                                                                                                                                                                                          | vit_system_i/smartconnect_ddr/inst/s00_nodes/s00_r_node/inst/inst_mi_handler/m_sc_areset_r                                                                          |                2 |              2 |         1.00 |
|  vit_system_i/zynq_ultra_ps_e_0/inst/pl_clk0 |                                                                                                                                                                                                                          | vit_system_i/smartconnect_ddr/inst/s00_nodes/s00_r_node/inst/inst_mi_handler/areset_r                                                                               |                2 |              2 |         1.00 |
|  vit_system_i/zynq_ultra_ps_e_0/inst/pl_clk0 | vit_system_i/vit_phase_e_axi_0/inst/u_core/u_npu/u_engine/u_layernorm/u_reciprocal_hidden_size/FSM_sequential_state[1]_i_1_n_0                                                                                           | vit_system_i/vit_phase_e_axi_0/inst/u_core/u_npu/u_engine/u_command_controller/engine_rst_BUFG                                                                      |                2 |              2 |         1.00 |
|  vit_system_i/zynq_ultra_ps_e_0/inst/pl_clk0 | vit_system_i/vit_phase_e_axi_0/inst/u_core/u_npu/u_engine/u_layernorm/rsqrt_iteration[1]_i_1_n_0                                                                                                                         | vit_system_i/vit_phase_e_axi_0/inst/u_core/u_npu/u_engine/u_command_controller/engine_rst_BUFG                                                                      |                1 |              2 |         2.00 |
|  vit_system_i/zynq_ultra_ps_e_0/inst/pl_clk0 |                                                                                                                                                                                                                          | vit_system_i/smartconnect_control/inst/s00_nodes/s00_r_node/inst/inst_mi_handler/areset_r                                                                           |                1 |              2 |         2.00 |
|  vit_system_i/zynq_ultra_ps_e_0/inst/pl_clk0 |                                                                                                                                                                                                                          | vit_system_i/smartconnect_control/inst/s00_nodes/s00_w_node/inst/inst_mi_handler/areset_r                                                                           |                1 |              2 |         2.00 |
|  vit_system_i/zynq_ultra_ps_e_0/inst/pl_clk0 |                                                                                                                                                                                                                          | vit_system_i/smartconnect_ddr/inst/s00_nodes/s00_b_node/inst/inst_mi_handler/m_sc_areset_r                                                                          |                2 |              2 |         1.00 |
|  vit_system_i/zynq_ultra_ps_e_0/inst/pl_clk0 |                                                                                                                                                                                                                          | vit_system_i/smartconnect_control/inst/s00_nodes/s00_ar_node/inst/inst_mi_handler/areset_r                                                                          |                1 |              2 |         2.00 |
|  vit_system_i/zynq_ultra_ps_e_0/inst/pl_clk0 |                                                                                                                                                                                                                          | vit_system_i/smartconnect_control/inst/s00_entry_pipeline/s00_mmu/inst/areset_d                                                                                     |                1 |              2 |         2.00 |
|  vit_system_i/zynq_ultra_ps_e_0/inst/pl_clk0 |                                                                                                                                                                                                                          | vit_system_i/smartconnect_control/inst/s00_entry_pipeline/s00_transaction_regulator/inst/areset                                                                     |                2 |              2 |         1.00 |
|  vit_system_i/zynq_ultra_ps_e_0/inst/pl_clk0 |                                                                                                                                                                                                                          | vit_system_i/smartconnect_control/inst/s00_nodes/s00_aw_node/inst/inst_mi_handler/areset_r                                                                          |                1 |              2 |         2.00 |
|  vit_system_i/zynq_ultra_ps_e_0/inst/pl_clk0 | vit_system_i/smartconnect_ddr/inst/s00_entry_pipeline/s00_si_converter/inst/converter.wrap_narrow_inst/gen_thread_loop[0].r_payld_fifo/m_valid_i_reg_1[0]                                                                | vit_system_i/smartconnect_ddr/inst/s00_entry_pipeline/s00_si_converter/inst/areset                                                                                  |                1 |              2 |         2.00 |
|  vit_system_i/zynq_ultra_ps_e_0/inst/pl_clk0 |                                                                                                                                                                                                                          | vit_system_i/smartconnect_control/inst/m00_exit_pipeline/m00_exit/inst/exit_inst/gen_w_cmd_reg.aresetn_d_reg_n_0_[0]                                                |                2 |              2 |         1.00 |
|  vit_system_i/zynq_ultra_ps_e_0/inst/pl_clk0 |                                                                                                                                                                                                                          | vit_system_i/smartconnect_ddr/inst/s00_nodes/s00_ar_node/inst/inst_mi_handler/areset_r                                                                              |                2 |              2 |         1.00 |
|  vit_system_i/zynq_ultra_ps_e_0/inst/pl_clk0 |                                                                                                                                                                                                                          | vit_system_i/smartconnect_ddr/inst/s00_nodes/s00_ar_node/inst/inst_mi_handler/m_sc_areset_r                                                                         |                2 |              2 |         1.00 |
|  vit_system_i/zynq_ultra_ps_e_0/inst/pl_clk0 |                                                                                                                                                                                                                          | vit_system_i/smartconnect_ddr/inst/s00_nodes/s00_w_node/inst/inst_mi_handler/m_sc_areset_r                                                                          |                2 |              2 |         1.00 |
|  vit_system_i/zynq_ultra_ps_e_0/inst/pl_clk0 | vit_system_i/vit_phase_e_axi_0/inst/u_core/u_npu/u_engine/u_gemm/gen_fp16.u_fp16/u_stream_array/gen_stream[2].u_stream/s1_is_nan3_out                                                                                    | vit_system_i/vit_phase_e_axi_0/inst/u_core/u_npu/u_engine/u_command_controller/engine_rst_BUFG                                                                      |                3 |              3 |         1.00 |
|  vit_system_i/zynq_ultra_ps_e_0/inst/pl_clk0 | vit_system_i/vit_phase_e_axi_0/inst/u_core/u_npu/u_engine/u_gelu/u_serial_core/exp_polynomial_step[2]_i_1_n_0                                                                                                            | vit_system_i/vit_phase_e_axi_0/inst/u_core/u_npu/u_engine/u_command_controller/engine_rst_BUFG                                                                      |                3 |              3 |         1.00 |
|  vit_system_i/zynq_ultra_ps_e_0/inst/pl_clk0 | vit_system_i/vit_phase_e_axi_0/inst/u_core/u_npu/u_engine/u_gelu/u_serial_core/gelu_polynomial_step[2]_i_1_n_0                                                                                                           | vit_system_i/vit_phase_e_axi_0/inst/u_core/u_npu/u_engine/u_command_controller/engine_rst_BUFG                                                                      |                1 |              3 |         3.00 |
|  vit_system_i/zynq_ultra_ps_e_0/inst/pl_clk0 | vit_system_i/smartconnect_ddr/inst/s00_entry_pipeline/s00_transaction_regulator/inst/gen_endpoint.gen_r_singleorder.r_singleorder/gen_cmd_reg.cmd_reg/state[m_valid_i]_i_1_n_0                                           | vit_system_i/smartconnect_ddr/inst/s00_entry_pipeline/s00_transaction_regulator/inst/areset                                                                         |                1 |              3 |         3.00 |
|  vit_system_i/zynq_ultra_ps_e_0/inst/pl_clk0 | vit_system_i/vit_phase_e_axi_0/inst/u_core/u_npu/u_engine/u_command_controller/FSM_sequential_state[2]_i_1_n_0                                                                                                           | vit_system_i/vit_phase_e_axi_0/inst/u_core/compute_rst                                                                                                              |                2 |              3 |         1.50 |
|  vit_system_i/zynq_ultra_ps_e_0/inst/pl_clk0 | vit_system_i/smartconnect_ddr/inst/s00_entry_pipeline/s00_transaction_regulator/inst/gen_endpoint.gen_r_singleorder.r_singleorder/gen_id_fifo.singleorder_fifo/gen_pipelined.state[2]_i_1__0_n_0                         | vit_system_i/smartconnect_ddr/inst/s00_entry_pipeline/s00_transaction_regulator/inst/areset                                                                         |                1 |              3 |         3.00 |
|  vit_system_i/zynq_ultra_ps_e_0/inst/pl_clk0 | vit_system_i/smartconnect_ddr/inst/s00_entry_pipeline/s00_si_converter/inst/converter.wrap_narrow_inst/ar_reg_slice/state[m_valid_i]_i_1__0_n_0                                                                          | vit_system_i/smartconnect_ddr/inst/s00_entry_pipeline/s00_si_converter/inst/areset                                                                                  |                2 |              3 |         1.50 |
|  vit_system_i/zynq_ultra_ps_e_0/inst/pl_clk0 | vit_system_i/smartconnect_ddr/inst/s00_entry_pipeline/s00_transaction_regulator/inst/gen_endpoint.gen_w_singleorder.w_singleorder/gen_id_fifo.singleorder_fifo/gen_pipelined.state[2]_i_1_n_0                            | vit_system_i/smartconnect_ddr/inst/s00_entry_pipeline/s00_transaction_regulator/inst/areset                                                                         |                1 |              3 |         3.00 |
|  vit_system_i/zynq_ultra_ps_e_0/inst/pl_clk0 | vit_system_i/vit_phase_e_axi_0/inst/u_core/u_npu/u_sequencer/FSM_sequential_state[2]_i_1_n_0                                                                                                                             | vit_system_i/vit_phase_e_axi_0/inst/u_core/compute_rst                                                                                                              |                1 |              3 |         3.00 |
|  vit_system_i/zynq_ultra_ps_e_0/inst/pl_clk0 | vit_system_i/smartconnect_ddr/inst/s00_entry_pipeline/s00_si_converter/inst/converter.wrap_narrow_inst/w_payld_fifo/cmd_fifo/gen_pipelined.state[2]_i_1__2_n_0                                                           | vit_system_i/smartconnect_ddr/inst/s00_entry_pipeline/s00_si_converter/inst/areset                                                                                  |                2 |              3 |         1.50 |
|  vit_system_i/zynq_ultra_ps_e_0/inst/pl_clk0 | vit_system_i/smartconnect_ddr/inst/m00_exit_pipeline/m00_exit/inst/exit_inst/gen_r_cmd_fifo.r_cmd_fifo/gen_pipelined.state[2]_i_1_n_0                                                                                    | vit_system_i/smartconnect_ddr/inst/m00_exit_pipeline/m00_exit/inst/areset                                                                                           |                2 |              3 |         1.50 |
|  vit_system_i/zynq_ultra_ps_e_0/inst/pl_clk0 | vit_system_i/vit_phase_e_axi_0/inst/u_core/u_npu/u_engine/u_memory_frontend/u_gemm_activation_panel_cache/read_data_valid_i_2_n_0                                                                                        | vit_system_i/vit_phase_e_axi_0/inst/u_core/u_npu/u_engine/u_memory_frontend/u_gemm_activation_panel_cache/read_data_valid0                                          |                1 |              3 |         3.00 |
|  vit_system_i/zynq_ultra_ps_e_0/inst/pl_clk0 | vit_system_i/vit_phase_e_axi_0/inst/u_core/u_npu/u_engine/u_gemm/gen_fp16.u_fp16/u_stream_array/gen_stream[1].u_stream/s1_is_nan3_out                                                                                    | vit_system_i/vit_phase_e_axi_0/inst/u_core/u_npu/u_engine/u_command_controller/engine_rst_BUFG                                                                      |                3 |              3 |         1.00 |
|  vit_system_i/zynq_ultra_ps_e_0/inst/pl_clk0 | vit_system_i/smartconnect_ddr/inst/s00_entry_pipeline/s00_mmu/inst/gen_endpoint.decerr_slave_inst/gen_axi.gen_write.write_cs                                                                                             | vit_system_i/smartconnect_ddr/inst/s00_entry_pipeline/s00_mmu/inst/areset                                                                                           |                1 |              3 |         3.00 |
|  vit_system_i/zynq_ultra_ps_e_0/inst/pl_clk0 | vit_system_i/smartconnect_ddr/inst/m00_exit_pipeline/m00_exit/inst/exit_inst/gen_w_cmd_fifo.w_cmd_fifo/gen_pipelined.state[2]_i_1__0_n_0                                                                                 | vit_system_i/smartconnect_ddr/inst/m00_exit_pipeline/m00_exit/inst/areset                                                                                           |                1 |              3 |         3.00 |
|  vit_system_i/zynq_ultra_ps_e_0/inst/pl_clk0 | vit_system_i/vit_phase_e_axi_0/inst/u_core/u_npu/u_engine/u_memory_frontend/gemm_address_context_start                                                                                                                   | vit_system_i/vit_phase_e_axi_0/inst/u_core/u_npu/u_engine/u_memory_frontend/u_gemm_bias_cache/bias_memory_reg_bram_3_i_2_n_0                                        |                3 |              3 |         1.00 |
|  vit_system_i/zynq_ultra_ps_e_0/inst/pl_clk0 | vit_system_i/vit_phase_e_axi_0/inst/u_core/u_npu/u_engine/u_gemm/gen_fp16.u_fp16/u_stream_array/gen_stream[7].u_stream/s1_is_nan3_out                                                                                    | vit_system_i/vit_phase_e_axi_0/inst/u_core/u_npu/u_engine/u_command_controller/engine_rst_BUFG                                                                      |                3 |              3 |         1.00 |
|  vit_system_i/zynq_ultra_ps_e_0/inst/pl_clk0 | vit_system_i/smartconnect_control/inst/s00_entry_pipeline/s00_si_converter/inst/gen_axilite_conv.axilite_conv_inst/aw_incr_0                                                                                             | vit_system_i/smartconnect_control/inst/s00_entry_pipeline/s00_si_converter/inst/areset                                                                              |                1 |              3 |         3.00 |
|  vit_system_i/zynq_ultra_ps_e_0/inst/pl_clk0 | vit_system_i/smartconnect_ddr/inst/s00_entry_pipeline/s00_si_converter/inst/gen_normal.splitter_inst/gen_no_wsplitter.gen_endpoint_woffset.gen_wbypass_offset_fifo.wbypass_offset_fifo/gen_srls[7].srl_nx1/shift         |                                                                                                                                                                     |                1 |              3 |         3.00 |
|  vit_system_i/zynq_ultra_ps_e_0/inst/pl_clk0 | vit_system_i/smartconnect_ddr/inst/s00_entry_pipeline/s00_si_converter/inst/gen_normal.splitter_inst/gen_no_wsplitter.gen_endpoint_woffset.gen_wbypass_offset_fifo.wbypass_offset_fifo/gen_pipelined.load_mesg           |                                                                                                                                                                     |                2 |              3 |         1.50 |
|  vit_system_i/zynq_ultra_ps_e_0/inst/pl_clk0 | vit_system_i/smartconnect_ddr/inst/s00_entry_pipeline/s00_si_converter/inst/gen_normal.splitter_inst/gen_no_wsplitter.gen_endpoint_woffset.gen_wbypass_offset_fifo.wbypass_offset_fifo/gen_pipelined.state[2]_i_1__3_n_0 | vit_system_i/smartconnect_ddr/inst/s00_entry_pipeline/s00_si_converter/inst/areset                                                                                  |                1 |              3 |         3.00 |
|  vit_system_i/zynq_ultra_ps_e_0/inst/pl_clk0 | vit_system_i/smartconnect_control/inst/s00_entry_pipeline/s00_mmu/inst/gen_endpoint.decerr_slave_inst/gen_axi.gen_write.write_cs                                                                                         | vit_system_i/smartconnect_control/inst/s00_entry_pipeline/s00_mmu/inst/areset                                                                                       |                1 |              3 |         3.00 |
|  vit_system_i/zynq_ultra_ps_e_0/inst/pl_clk0 | vit_system_i/smartconnect_control/inst/s00_entry_pipeline/s00_mmu/inst/aw_reg_stall/state                                                                                                                                | vit_system_i/smartconnect_control/inst/s00_entry_pipeline/s00_mmu/inst/areset                                                                                       |                2 |              3 |         1.50 |
|  vit_system_i/zynq_ultra_ps_e_0/inst/pl_clk0 | vit_system_i/smartconnect_ddr/inst/s00_entry_pipeline/s00_si_converter/inst/converter.wrap_narrow_inst/gen_thread_loop[0].r_payld_fifo/cmd_fifo/gen_pipelined.state[2]_i_1__0_n_0                                        | vit_system_i/smartconnect_ddr/inst/s00_entry_pipeline/s00_si_converter/inst/areset                                                                                  |                1 |              3 |         3.00 |
|  vit_system_i/zynq_ultra_ps_e_0/inst/pl_clk0 | vit_system_i/smartconnect_ddr/inst/s00_entry_pipeline/s00_si_converter/inst/converter.wrap_narrow_inst/aw_reg_slice/state[m_valid_i]_i_1_n_0                                                                             | vit_system_i/smartconnect_ddr/inst/s00_entry_pipeline/s00_si_converter/inst/areset                                                                                  |                2 |              3 |         1.50 |
|  vit_system_i/zynq_ultra_ps_e_0/inst/pl_clk0 | vit_system_i/smartconnect_control/inst/s00_entry_pipeline/s00_si_converter/inst/gen_axilite_conv.axilite_conv_inst/w_state                                                                                               | vit_system_i/smartconnect_control/inst/s00_entry_pipeline/s00_si_converter/inst/areset                                                                              |                1 |              3 |         3.00 |
|  vit_system_i/zynq_ultra_ps_e_0/inst/pl_clk0 | vit_system_i/smartconnect_ddr/inst/s00_entry_pipeline/s00_mmu/inst/ar_reg_stall/state[m_valid_i]_i_1_n_0                                                                                                                 | vit_system_i/smartconnect_ddr/inst/s00_entry_pipeline/s00_mmu/inst/areset                                                                                           |                1 |              3 |         3.00 |
|  vit_system_i/zynq_ultra_ps_e_0/inst/pl_clk0 | vit_system_i/smartconnect_ddr/inst/s00_entry_pipeline/s00_mmu/inst/aw_reg_stall/state[m_valid_i]_i_1__0_n_0                                                                                                              | vit_system_i/smartconnect_ddr/inst/s00_entry_pipeline/s00_mmu/inst/areset                                                                                           |                1 |              3 |         3.00 |
|  vit_system_i/zynq_ultra_ps_e_0/inst/pl_clk0 | vit_system_i/smartconnect_ddr/inst/s00_entry_pipeline/s00_si_converter/inst/converter.wrap_narrow_inst/gen_thread_loop[0].r_cmd_fifo/gen_pipelined.state[2]_i_1_n_0                                                      | vit_system_i/smartconnect_ddr/inst/s00_entry_pipeline/s00_si_converter/inst/areset                                                                                  |                2 |              3 |         1.50 |
|  vit_system_i/zynq_ultra_ps_e_0/inst/pl_clk0 | vit_system_i/smartconnect_ddr/inst/s00_entry_pipeline/s00_si_converter/inst/converter.wrap_narrow_inst/w_cmd_fifo/gen_pipelined.state[2]_i_1__1_n_0                                                                      | vit_system_i/smartconnect_ddr/inst/s00_entry_pipeline/s00_si_converter/inst/areset                                                                                  |                1 |              3 |         3.00 |
|  vit_system_i/zynq_ultra_ps_e_0/inst/pl_clk0 | vit_system_i/smartconnect_control/inst/s00_entry_pipeline/s00_mmu/inst/ar_reg_stall/state                                                                                                                                | vit_system_i/smartconnect_control/inst/s00_entry_pipeline/s00_mmu/inst/areset                                                                                       |                2 |              3 |         1.50 |
|  vit_system_i/zynq_ultra_ps_e_0/inst/pl_clk0 | vit_system_i/vit_phase_e_axi_0/inst/u_core/u_npu/u_engine/u_gelu/state[2]_i_1_n_0                                                                                                                                        | vit_system_i/vit_phase_e_axi_0/inst/u_core/u_npu/u_engine/u_command_controller/engine_rst_BUFG                                                                      |                3 |              3 |         1.00 |
|  vit_system_i/zynq_ultra_ps_e_0/inst/pl_clk0 | vit_system_i/vit_phase_e_axi_0/inst/u_core/u_npu/u_engine/u_gemm/gen_fp16.u_fp16/u_stream_array/gen_stream[7].u_stream/out_invalid                                                                                       | vit_system_i/vit_phase_e_axi_0/inst/u_core/u_npu/u_engine/u_command_controller/engine_rst_BUFG                                                                      |                2 |              3 |         1.50 |
|  vit_system_i/zynq_ultra_ps_e_0/inst/pl_clk0 | vit_system_i/vit_phase_e_axi_0/inst/u_core/u_npu/u_engine/u_gemm/gen_fp16.u_fp16/u_stream_array/gen_stream[6].u_stream/s1_is_nan3_out                                                                                    | vit_system_i/vit_phase_e_axi_0/inst/u_core/u_npu/u_engine/u_command_controller/engine_rst_BUFG                                                                      |                2 |              3 |         1.50 |
|  vit_system_i/zynq_ultra_ps_e_0/inst/pl_clk0 | vit_system_i/vit_phase_e_axi_0/inst/u_core/u_npu/u_engine/u_gemm/gen_fp16.u_fp16/u_stream_array/gen_stream[6].u_stream/out_invalid                                                                                       | vit_system_i/vit_phase_e_axi_0/inst/u_core/u_npu/u_engine/u_command_controller/engine_rst_BUFG                                                                      |                3 |              3 |         1.00 |
|  vit_system_i/zynq_ultra_ps_e_0/inst/pl_clk0 | vit_system_i/vit_phase_e_axi_0/inst/u_core/u_npu/u_engine/u_gemm/gen_fp16.u_fp16/u_stream_array/gen_stream[5].u_stream/s1_is_nan3_out                                                                                    | vit_system_i/vit_phase_e_axi_0/inst/u_core/u_npu/u_engine/u_command_controller/engine_rst_BUFG                                                                      |                3 |              3 |         1.00 |
|  vit_system_i/zynq_ultra_ps_e_0/inst/pl_clk0 | vit_system_i/vit_phase_e_axi_0/inst/u_core/u_npu/u_engine/u_gemm/gen_fp16.u_fp16/u_stream_array/gen_stream[5].u_stream/out_invalid                                                                                       | vit_system_i/vit_phase_e_axi_0/inst/u_core/u_npu/u_engine/u_command_controller/engine_rst_BUFG                                                                      |                2 |              3 |         1.50 |
|  vit_system_i/zynq_ultra_ps_e_0/inst/pl_clk0 | vit_system_i/vit_phase_e_axi_0/inst/u_core/u_npu/u_engine/u_gemm/gen_fp16.u_fp16/u_stream_array/gen_stream[4].u_stream/s1_is_nan3_out                                                                                    | vit_system_i/vit_phase_e_axi_0/inst/u_core/u_npu/u_engine/u_command_controller/engine_rst_BUFG                                                                      |                2 |              3 |         1.50 |
|  vit_system_i/zynq_ultra_ps_e_0/inst/pl_clk0 | vit_system_i/vit_phase_e_axi_0/inst/u_core/u_npu/u_engine/u_gemm/gen_fp16.u_fp16/u_stream_array/gen_stream[4].u_stream/out_invalid                                                                                       | vit_system_i/vit_phase_e_axi_0/inst/u_core/u_npu/u_engine/u_command_controller/engine_rst_BUFG                                                                      |                3 |              3 |         1.00 |
|  vit_system_i/zynq_ultra_ps_e_0/inst/pl_clk0 | vit_system_i/vit_phase_e_axi_0/inst/u_core/u_npu/u_engine/u_gemm/gen_fp16.u_fp16/u_stream_array/gen_stream[3].u_stream/s1_is_nan3_out                                                                                    | vit_system_i/vit_phase_e_axi_0/inst/u_core/u_npu/u_engine/u_command_controller/engine_rst_BUFG                                                                      |                3 |              3 |         1.00 |
|  vit_system_i/zynq_ultra_ps_e_0/inst/pl_clk0 | vit_system_i/vit_phase_e_axi_0/inst/u_core/u_npu/u_engine/u_softmax/exp_polynomial_step[2]_i_1_n_0                                                                                                                       | vit_system_i/vit_phase_e_axi_0/inst/u_core/u_npu/u_engine/u_command_controller/engine_rst_BUFG                                                                      |                2 |              3 |         1.50 |
|  vit_system_i/zynq_ultra_ps_e_0/inst/pl_clk0 | vit_system_i/vit_phase_e_axi_0/inst/u_core/u_npu/u_engine/u_gemm/gen_fp16.u_fp16/u_stream_array/gen_stream[3].u_stream/out_invalid                                                                                       | vit_system_i/vit_phase_e_axi_0/inst/u_core/u_npu/u_engine/u_command_controller/engine_rst_BUFG                                                                      |                2 |              3 |         1.50 |
|  vit_system_i/zynq_ultra_ps_e_0/inst/pl_clk0 | vit_system_i/vit_phase_e_axi_0/inst/u_core/u_npu/u_engine/u_gemm/gen_fp16.u_fp16/u_stream_array/gen_stream[2].u_stream/out_invalid                                                                                       | vit_system_i/vit_phase_e_axi_0/inst/u_core/u_npu/u_engine/u_command_controller/engine_rst_BUFG                                                                      |                2 |              3 |         1.50 |
|  vit_system_i/zynq_ultra_ps_e_0/inst/pl_clk0 | vit_system_i/vit_phase_e_axi_0/inst/u_core/u_npu/u_engine/u_gemm/gen_fp16.u_fp16/u_stream_array/gen_stream[1].u_stream/out_invalid                                                                                       | vit_system_i/vit_phase_e_axi_0/inst/u_core/u_npu/u_engine/u_command_controller/engine_rst_BUFG                                                                      |                1 |              3 |         3.00 |
|  vit_system_i/zynq_ultra_ps_e_0/inst/pl_clk0 | vit_system_i/vit_phase_e_axi_0/inst/u_core/u_npu/u_engine/u_gemm/gen_fp16.u_fp16/u_stream_array/gen_stream[0].u_stream/s1_is_nan3_out                                                                                    | vit_system_i/vit_phase_e_axi_0/inst/u_core/u_npu/u_engine/u_command_controller/engine_rst_BUFG                                                                      |                3 |              3 |         1.00 |
|  vit_system_i/zynq_ultra_ps_e_0/inst/pl_clk0 | vit_system_i/vit_phase_e_axi_0/inst/u_core/u_npu/u_engine/u_gemm/gen_fp16.u_fp16/u_stream_array/gen_stream[0].u_stream/out_invalid                                                                                       | vit_system_i/vit_phase_e_axi_0/inst/u_core/u_npu/u_engine/u_command_controller/engine_rst_BUFG                                                                      |                3 |              3 |         1.00 |
|  vit_system_i/zynq_ultra_ps_e_0/inst/pl_clk0 |                                                                                                                                                                                                                          | vit_system_i/vit_phase_e_axi_0/inst/u_core/recovery_required_q                                                                                                      |                3 |              3 |         1.00 |
|  vit_system_i/zynq_ultra_ps_e_0/inst/pl_clk0 |                                                                                                                                                                                                                          | vit_system_i/smartconnect_ddr/inst/m00_exit_pipeline/m00_exit/inst/areset                                                                                           |                3 |              3 |         1.00 |
|  vit_system_i/zynq_ultra_ps_e_0/inst/pl_clk0 | vit_system_i/smartconnect_ddr/inst/s00_entry_pipeline/s00_si_converter/inst/converter.wrap_narrow_inst/gen_thread_loop[0].r_payld_fifo/areset_reg_0[0]                                                                   |                                                                                                                                                                     |                2 |              4 |         2.00 |
|  vit_system_i/zynq_ultra_ps_e_0/inst/pl_clk0 | vit_system_i/smartconnect_ddr/inst/s00_entry_pipeline/s00_si_converter/inst/converter.wrap_narrow_inst/w_payld_fifo/w_accum_continue1                                                                                    | vit_system_i/smartconnect_ddr/inst/s00_entry_pipeline/s00_si_converter/inst/converter.wrap_narrow_inst/w_cmd_fifo/SR[0]                                             |                2 |              4 |         2.00 |
|  vit_system_i/zynq_ultra_ps_e_0/inst/pl_clk0 | vit_system_i/smartconnect_ddr/inst/s00_entry_pipeline/s00_transaction_regulator/inst/gen_endpoint.gen_r_singleorder.r_singleorder/gen_id_fifo.singleorder_fifo/fifoaddr[3]_i_1__0_n_0                                    | vit_system_i/smartconnect_ddr/inst/s00_entry_pipeline/s00_transaction_regulator/inst/areset                                                                         |                1 |              4 |         4.00 |
|  vit_system_i/zynq_ultra_ps_e_0/inst/pl_clk0 | vit_system_i/smartconnect_ddr/inst/s00_entry_pipeline/s00_si_converter/inst/converter.wrap_narrow_inst/gen_thread_loop[0].r_payld_fifo/cmd_fifo/last_beat_reg[0]                                                         |                                                                                                                                                                     |                2 |              4 |         2.00 |
|  vit_system_i/zynq_ultra_ps_e_0/inst/pl_clk0 | vit_system_i/smartconnect_ddr/inst/s00_entry_pipeline/s00_transaction_regulator/inst/gen_endpoint.gen_w_singleorder.w_singleorder/gen_id_fifo.singleorder_fifo/fifoaddr[3]_i_1_n_0                                       | vit_system_i/smartconnect_ddr/inst/s00_entry_pipeline/s00_transaction_regulator/inst/areset                                                                         |                1 |              4 |         4.00 |
|  vit_system_i/zynq_ultra_ps_e_0/inst/pl_clk0 | vit_system_i/smartconnect_ddr/inst/s00_entry_pipeline/s00_si_converter/inst/converter.wrap_narrow_inst/gen_thread_loop[0].r_payld_fifo/cmd_fifo/fifoaddr[3]_i_1__4_n_0                                                   | vit_system_i/smartconnect_ddr/inst/s00_entry_pipeline/s00_si_converter/inst/areset                                                                                  |                1 |              4 |         4.00 |
|  vit_system_i/zynq_ultra_ps_e_0/inst/pl_clk0 | vit_system_i/smartconnect_ddr/inst/s00_entry_pipeline/s00_si_converter/inst/converter.wrap_narrow_inst/w_payld_fifo/cmd_fifo/fifoaddr[3]_i_1__5_n_0                                                                      | vit_system_i/smartconnect_ddr/inst/s00_entry_pipeline/s00_si_converter/inst/areset                                                                                  |                1 |              4 |         4.00 |
|  vit_system_i/zynq_ultra_ps_e_0/inst/pl_clk0 |                                                                                                                                                                                                                          | vit_system_i/vit_phase_e_axi_0/inst/u_core/u_profile_counters/read_first_seen                                                                                       |                2 |              4 |         2.00 |
|  vit_system_i/zynq_ultra_ps_e_0/inst/pl_clk0 | vit_system_i/smartconnect_ddr/inst/s00_entry_pipeline/s00_si_converter/inst/converter.wrap_narrow_inst/w_payld_fifo/cmd_fifo/last_beat_reg[0]                                                                            |                                                                                                                                                                     |                2 |              4 |         2.00 |
|  vit_system_i/zynq_ultra_ps_e_0/inst/pl_clk0 | vit_system_i/smartconnect_ddr/inst/m00_exit_pipeline/m00_exit/inst/exit_inst/gen_r_cmd_fifo.r_cmd_fifo/fifoaddr[3]_i_1_n_0                                                                                               | vit_system_i/smartconnect_ddr/inst/m00_exit_pipeline/m00_exit/inst/areset                                                                                           |                2 |              4 |         2.00 |
|  vit_system_i/zynq_ultra_ps_e_0/inst/pl_clk0 | vit_system_i/smartconnect_ddr/inst/s00_entry_pipeline/s00_si_converter/inst/converter.wrap_narrow_inst/gen_thread_loop[0].r_cmd_fifo/fifoaddr[3]_i_1_n_0                                                                 | vit_system_i/smartconnect_ddr/inst/s00_entry_pipeline/s00_si_converter/inst/areset                                                                                  |                2 |              4 |         2.00 |
|  vit_system_i/zynq_ultra_ps_e_0/inst/pl_clk0 | vit_system_i/smartconnect_ddr/inst/m00_exit_pipeline/m00_exit/inst/exit_inst/gen_w_cmd_fifo.w_cmd_fifo/fifoaddr[3]_i_1__0_n_0                                                                                            | vit_system_i/smartconnect_ddr/inst/m00_exit_pipeline/m00_exit/inst/areset                                                                                           |                1 |              4 |         4.00 |
|  vit_system_i/zynq_ultra_ps_e_0/inst/pl_clk0 | vit_system_i/smartconnect_ddr/inst/s00_entry_pipeline/s00_si_converter/inst/converter.wrap_narrow_inst/w_cmd_fifo/fifoaddr[3]_i_1__1_n_0                                                                                 | vit_system_i/smartconnect_ddr/inst/s00_entry_pipeline/s00_si_converter/inst/areset                                                                                  |                1 |              4 |         4.00 |
|  vit_system_i/zynq_ultra_ps_e_0/inst/pl_clk0 | vit_system_i/smartconnect_ddr/inst/s00_entry_pipeline/s00_si_converter/inst/converter.wrap_narrow_inst/w_payld_fifo/E[0]                                                                                                 | vit_system_i/smartconnect_ddr/inst/s00_entry_pipeline/s00_si_converter/inst/areset                                                                                  |                1 |              4 |         4.00 |
|  vit_system_i/zynq_ultra_ps_e_0/inst/pl_clk0 | vit_system_i/smartconnect_ddr/inst/s00_entry_pipeline/s00_si_converter/inst/converter.wrap_narrow_inst/w_payld_fifo/w_accum_continue_d                                                                                   | vit_system_i/smartconnect_ddr/inst/s00_entry_pipeline/s00_si_converter/inst/areset                                                                                  |                3 |              4 |         1.33 |
|  vit_system_i/zynq_ultra_ps_e_0/inst/pl_clk0 | vit_system_i/vit_phase_e_axi_0/inst/u_core/u_mem_adapter/fill_ar_accepted_count                                                                                                                                          | vit_system_i/vit_phase_e_axi_0/inst/u_core/adapter_aresetn                                                                                                          |                3 |              4 |         1.33 |
|  vit_system_i/zynq_ultra_ps_e_0/inst/pl_clk0 | vit_system_i/vit_phase_e_axi_0/inst/u_core/u_npu/u_engine/u_vector/CEB2                                                                                                                                                  | vit_system_i/vit_phase_e_axi_0/inst/u_core/u_npu/u_engine/u_command_controller/engine_rst_BUFG                                                                      |                3 |              4 |         1.33 |
|  vit_system_i/zynq_ultra_ps_e_0/inst/pl_clk0 | vit_system_i/vit_phase_e_axi_0/inst/u_core/u_npu/u_sequencer/current_layer[3]_i_1_n_0                                                                                                                                    | vit_system_i/vit_phase_e_axi_0/inst/u_core/compute_rst                                                                                                              |                2 |              4 |         2.00 |
|  vit_system_i/zynq_ultra_ps_e_0/inst/pl_clk0 | vit_system_i/vit_phase_e_axi_0/inst/u_core/u_mem_adapter/state                                                                                                                                                           | vit_system_i/vit_phase_e_axi_0/inst/u_core/adapter_aresetn                                                                                                          |                3 |              4 |         1.33 |
|  vit_system_i/zynq_ultra_ps_e_0/inst/pl_clk0 | vit_system_i/smartconnect_ddr/inst/s00_entry_pipeline/s00_si_converter/inst/converter.wrap_narrow_inst/gen_thread_loop[0].r_payld_fifo/r_acceptance_reg[2][0]                                                            | vit_system_i/smartconnect_ddr/inst/s00_entry_pipeline/s00_si_converter/inst/areset                                                                                  |                1 |              4 |         4.00 |
|  vit_system_i/zynq_ultra_ps_e_0/inst/pl_clk0 | vit_system_i/vit_phase_e_axi_0/inst/u_core/error_code_sticky[31]_i_1_n_0                                                                                                                                                 |                                                                                                                                                                     |                2 |              4 |         2.00 |
|  vit_system_i/zynq_ultra_ps_e_0/inst/pl_clk0 |                                                                                                                                                                                                                          | vit_system_i/smartconnect_control/inst/clk_map/psr_aclk/U0/EXT_LPF/lpf_int                                                                                          |                2 |              4 |         2.00 |
|  vit_system_i/zynq_ultra_ps_e_0/inst/pl_clk0 |                                                                                                                                                                                                                          | vit_system_i/smartconnect_ddr/inst/clk_map/psr_aclk/U0/EXT_LPF/lpf_int                                                                                              |                2 |              4 |         2.00 |
|  vit_system_i/zynq_ultra_ps_e_0/inst/pl_clk0 | vit_system_i/vit_phase_e_axi_0/inst/u_core/u_layer_param_loader/active_index                                                                                                                                             | vit_system_i/vit_phase_e_axi_0/inst/u_core/compute_rst                                                                                                              |                3 |              4 |         1.33 |
|  vit_system_i/zynq_ultra_ps_e_0/inst/pl_clk0 | vit_system_i/vit_phase_e_axi_0/inst/u_core/u_npu/u_engine/u_gemm/gen_fp16.u_fp16/u_stream_array/gen_stream[4].u_stream/accumulator_nan                                                                                   | vit_system_i/vit_phase_e_axi_0/inst/u_core/u_npu/u_engine/u_gemm/gen_fp16.u_fp16/u_stream_array/gen_stream[4].u_stream/accumulator_alignment_error_i_1_n_0          |                3 |              5 |         1.67 |
|  vit_system_i/zynq_ultra_ps_e_0/inst/pl_clk0 | vit_system_i/vit_phase_e_axi_0/inst/u_core/u_npu/u_engine/u_layout/FSM_onehot_state[1]_i_1_n_0                                                                                                                           | vit_system_i/vit_phase_e_axi_0/inst/u_core/u_npu/u_engine/u_command_controller/engine_rst_BUFG                                                                      |                1 |              5 |         5.00 |
|  vit_system_i/zynq_ultra_ps_e_0/inst/pl_clk0 | vit_system_i/smartconnect_ddr/inst/s00_entry_pipeline/s00_si_converter/inst/converter.wrap_narrow_inst/w_cmd_fifo/gen_pipelined.load_mesg                                                                                |                                                                                                                                                                     |                1 |              5 |         5.00 |
|  vit_system_i/zynq_ultra_ps_e_0/inst/pl_clk0 | vit_system_i/smartconnect_ddr/inst/s00_entry_pipeline/s00_si_converter/inst/converter.wrap_narrow_inst/w_payld_fifo/fifoaddr[4]_i_1__0_n_0                                                                               | vit_system_i/smartconnect_ddr/inst/s00_entry_pipeline/s00_si_converter/inst/areset                                                                                  |                2 |              5 |         2.50 |
|  vit_system_i/zynq_ultra_ps_e_0/inst/pl_clk0 | vit_system_i/smartconnect_ddr/inst/s00_entry_pipeline/s00_si_converter/inst/converter.wrap_narrow_inst/w_cmd_fifo/gen_srls[19].srl_nx1/shift                                                                             |                                                                                                                                                                     |                2 |              5 |         2.50 |
|  vit_system_i/zynq_ultra_ps_e_0/inst/pl_clk0 | vit_system_i/vit_phase_e_axi_0/inst/u_core/u_npu/u_engine/u_gemm/gen_fp16.u_fp16/u_stream_array/gen_stream[7].u_stream/accumulator_nan                                                                                   | vit_system_i/vit_phase_e_axi_0/inst/u_core/u_npu/u_engine/u_gemm/gen_fp16.u_fp16/u_stream_array/gen_stream[7].u_stream/accumulator_alignment_error_i_1_n_0          |                1 |              5 |         5.00 |
|  vit_system_i/zynq_ultra_ps_e_0/inst/pl_clk0 | vit_system_i/vit_phase_e_axi_0/inst/u_core/u_npu/u_engine/u_gemm/gen_fp16.u_fp16/u_stream_array/gen_stream[7].u_stream/accumulator_nan1_out                                                                              | vit_system_i/vit_phase_e_axi_0/inst/u_core/u_npu/u_engine/u_command_controller/engine_rst_BUFG                                                                      |                3 |              5 |         1.67 |
|  vit_system_i/zynq_ultra_ps_e_0/inst/pl_clk0 | vit_system_i/vit_phase_e_axi_0/inst/u_core/u_npu/u_engine/u_gemm/gen_fp16.u_fp16/u_stream_array/gen_stream[6].u_stream/accumulator_nan                                                                                   | vit_system_i/vit_phase_e_axi_0/inst/u_core/u_npu/u_engine/u_gemm/gen_fp16.u_fp16/u_stream_array/gen_stream[6].u_stream/accumulator_alignment_error_i_1_n_0          |                1 |              5 |         5.00 |
|  vit_system_i/zynq_ultra_ps_e_0/inst/pl_clk0 | vit_system_i/vit_phase_e_axi_0/inst/u_core/u_npu/u_engine/u_gemm/gen_fp16.u_fp16/u_stream_array/gen_stream[6].u_stream/accumulator_nan1_out                                                                              | vit_system_i/vit_phase_e_axi_0/inst/u_core/u_npu/u_engine/u_command_controller/engine_rst_BUFG                                                                      |                3 |              5 |         1.67 |
|  vit_system_i/zynq_ultra_ps_e_0/inst/pl_clk0 | vit_system_i/vit_phase_e_axi_0/inst/u_core/u_npu/u_engine/u_gemm/gen_fp16.u_fp16/u_stream_array/gen_stream[5].u_stream/accumulator_nan                                                                                   | vit_system_i/vit_phase_e_axi_0/inst/u_core/u_npu/u_engine/u_gemm/gen_fp16.u_fp16/u_stream_array/gen_stream[5].u_stream/accumulator_alignment_error_i_1_n_0          |                3 |              5 |         1.67 |
|  vit_system_i/zynq_ultra_ps_e_0/inst/pl_clk0 | vit_system_i/vit_phase_e_axi_0/inst/u_core/u_npu/u_engine/u_gemm/gen_fp16.u_fp16/u_stream_array/gen_stream[5].u_stream/accumulator_nan1_out                                                                              | vit_system_i/vit_phase_e_axi_0/inst/u_core/u_npu/u_engine/u_command_controller/engine_rst_BUFG                                                                      |                3 |              5 |         1.67 |
|  vit_system_i/zynq_ultra_ps_e_0/inst/pl_clk0 | vit_system_i/smartconnect_ddr/inst/s00_entry_pipeline/s00_si_converter/inst/converter.wrap_narrow_inst/gen_thread_loop[0].r_payld_fifo/fifoaddr[4]_i_1_n_0                                                               | vit_system_i/smartconnect_ddr/inst/s00_entry_pipeline/s00_si_converter/inst/areset                                                                                  |                3 |              5 |         1.67 |
|  vit_system_i/zynq_ultra_ps_e_0/inst/pl_clk0 | vit_system_i/vit_phase_e_axi_0/inst/u_core/u_npu/u_engine/u_gemm/gen_fp16.u_fp16/u_stream_array/gen_stream[1].u_stream/accumulator_nan1_out                                                                              | vit_system_i/vit_phase_e_axi_0/inst/u_core/u_npu/u_engine/u_command_controller/engine_rst_BUFG                                                                      |                3 |              5 |         1.67 |
|  vit_system_i/zynq_ultra_ps_e_0/inst/pl_clk0 | vit_system_i/vit_phase_e_axi_0/inst/u_core/u_npu/u_engine/u_gemm/gen_fp16.u_fp16/u_stream_array/gen_stream[4].u_stream/accumulator_nan1_out                                                                              | vit_system_i/vit_phase_e_axi_0/inst/u_core/u_npu/u_engine/u_command_controller/engine_rst_BUFG                                                                      |                4 |              5 |         1.25 |
|  vit_system_i/zynq_ultra_ps_e_0/inst/pl_clk0 | vit_system_i/vit_phase_e_axi_0/inst/u_core/u_npu/u_engine/u_gemm/gen_fp16.u_fp16/u_stream_array/gen_stream[3].u_stream/accumulator_nan                                                                                   | vit_system_i/vit_phase_e_axi_0/inst/u_core/u_npu/u_engine/u_gemm/gen_fp16.u_fp16/u_stream_array/gen_stream[3].u_stream/accumulator_alignment_error_i_1_n_0          |                1 |              5 |         5.00 |
|  vit_system_i/zynq_ultra_ps_e_0/inst/pl_clk0 |                                                                                                                                                                                                                          | vit_system_i/vit_phase_e_axi_0/inst/u_core/u_control/start_pulse_o_i_1_n_0                                                                                          |                2 |              5 |         2.50 |
|  vit_system_i/zynq_ultra_ps_e_0/inst/pl_clk0 | vit_system_i/vit_phase_e_axi_0/inst/u_core/u_npu/u_engine/u_gemm/gen_fp16.u_fp16/u_stream_array/gen_stream[3].u_stream/accumulator_nan1_out                                                                              | vit_system_i/vit_phase_e_axi_0/inst/u_core/u_npu/u_engine/u_command_controller/engine_rst_BUFG                                                                      |                4 |              5 |         1.25 |
|  vit_system_i/zynq_ultra_ps_e_0/inst/pl_clk0 | vit_system_i/vit_phase_e_axi_0/inst/u_core/u_npu/u_engine/u_gemm/gen_fp16.u_fp16/u_stream_array/gen_stream[0].u_stream/accumulator_nan1_out                                                                              | vit_system_i/vit_phase_e_axi_0/inst/u_core/u_npu/u_engine/u_command_controller/engine_rst_BUFG                                                                      |                3 |              5 |         1.67 |
|  vit_system_i/zynq_ultra_ps_e_0/inst/pl_clk0 | vit_system_i/vit_phase_e_axi_0/inst/u_core/u_npu/u_engine/u_gemm/gen_fp16.u_fp16/u_stream_array/gen_stream[0].u_stream/accumulator_nan                                                                                   | vit_system_i/vit_phase_e_axi_0/inst/u_core/u_npu/u_engine/u_gemm/gen_fp16.u_fp16/u_stream_array/gen_stream[0].u_stream/accumulator_alignment_error_i_1_n_0          |                3 |              5 |         1.67 |
|  vit_system_i/zynq_ultra_ps_e_0/inst/pl_clk0 | vit_system_i/vit_phase_e_axi_0/inst/u_core/u_npu/u_engine/u_gemm/gen_fp16.u_fp16/u_stream_array/gen_stream[2].u_stream/accumulator_nan                                                                                   | vit_system_i/vit_phase_e_axi_0/inst/u_core/u_npu/u_engine/u_gemm/gen_fp16.u_fp16/u_stream_array/gen_stream[2].u_stream/accumulator_alignment_error_i_1_n_0          |                1 |              5 |         5.00 |
|  vit_system_i/zynq_ultra_ps_e_0/inst/pl_clk0 | vit_system_i/vit_phase_e_axi_0/inst/u_core/u_npu/u_engine/u_gemm/gen_fp16.u_fp16/u_stream_array/gen_stream[2].u_stream/accumulator_nan1_out                                                                              | vit_system_i/vit_phase_e_axi_0/inst/u_core/u_npu/u_engine/u_command_controller/engine_rst_BUFG                                                                      |                3 |              5 |         1.67 |
|  vit_system_i/zynq_ultra_ps_e_0/inst/pl_clk0 | vit_system_i/vit_phase_e_axi_0/inst/u_core/u_npu/u_engine/u_memory_frontend/gemm_a_vector_response_lane_q[4]_i_1_n_0                                                                                                     | vit_system_i/vit_phase_e_axi_0/inst/u_core/compute_rst                                                                                                              |                3 |              5 |         1.67 |
|  vit_system_i/zynq_ultra_ps_e_0/inst/pl_clk0 | vit_system_i/vit_phase_e_axi_0/inst/u_core/u_npu/u_engine/u_memory_frontend/gemm_a_vector_issue_lane_q[4]_i_1_n_0                                                                                                        | vit_system_i/vit_phase_e_axi_0/inst/u_core/compute_rst                                                                                                              |                3 |              5 |         1.67 |
|  vit_system_i/zynq_ultra_ps_e_0/inst/pl_clk0 | vit_system_i/vit_phase_e_axi_0/inst/u_core/u_npu/u_engine/u_gemm/gen_fp16.u_fp16/u_stream_array/gen_stream[1].u_stream/accumulator_nan                                                                                   | vit_system_i/vit_phase_e_axi_0/inst/u_core/u_npu/u_engine/u_gemm/gen_fp16.u_fp16/u_stream_array/gen_stream[1].u_stream/accumulator_alignment_error_i_1_n_0          |                1 |              5 |         5.00 |
|  vit_system_i/zynq_ultra_ps_e_0/inst/pl_clk0 | vit_system_i/smartconnect_ddr/inst/s00_entry_pipeline/s00_mmu/inst/ar_reg_stall/E[0]                                                                                                                                     | vit_system_i/smartconnect_ddr/inst/s00_entry_pipeline/s00_mmu/inst/areset                                                                                           |                1 |              5 |         5.00 |
|  vit_system_i/zynq_ultra_ps_e_0/inst/pl_clk0 | vit_system_i/smartconnect_ddr/inst/s00_entry_pipeline/s00_mmu/inst/gen_endpoint.w_cnt[4]_i_1_n_0                                                                                                                         | vit_system_i/smartconnect_ddr/inst/s00_entry_pipeline/s00_mmu/inst/areset_d                                                                                         |                1 |              5 |         5.00 |
|  vit_system_i/zynq_ultra_ps_e_0/inst/pl_clk0 | vit_system_i/vit_phase_e_axi_0/inst/u_core/u_layer_param_loader/receive_count                                                                                                                                            | vit_system_i/vit_phase_e_axi_0/inst/u_core/compute_rst                                                                                                              |                1 |              5 |         5.00 |
|  vit_system_i/zynq_ultra_ps_e_0/inst/pl_clk0 | vit_system_i/smartconnect_ddr/inst/m00_exit_pipeline/m00_exit/inst/exit_inst/gen_r_cmd_fifo.r_cmd_fifo/gen_srls[16].srl_nx1/shift                                                                                        |                                                                                                                                                                     |                1 |              5 |         5.00 |
|  vit_system_i/zynq_ultra_ps_e_0/inst/pl_clk0 |                                                                                                                                                                                                                          | vit_system_i/vit_phase_e_axi_0/inst/u_core/u_npu/u_engine/u_memory_frontend/mem_state[3]_i_1_n_0                                                                    |                4 |              5 |         1.25 |
|  vit_system_i/zynq_ultra_ps_e_0/inst/pl_clk0 | vit_system_i/vit_phase_e_axi_0/inst/u_core/u_layer_param_loader/issue_count                                                                                                                                              | vit_system_i/vit_phase_e_axi_0/inst/u_core/compute_rst                                                                                                              |                2 |              5 |         2.50 |
|  vit_system_i/zynq_ultra_ps_e_0/inst/pl_clk0 |                                                                                                                                                                                                                          | vit_system_i/proc_sys_reset_0/U0/EXT_LPF/lpf_int                                                                                                                    |                4 |              5 |         1.25 |
|  vit_system_i/zynq_ultra_ps_e_0/inst/pl_clk0 | vit_system_i/smartconnect_ddr/inst/m00_exit_pipeline/m00_exit/inst/exit_inst/gen_r_cmd_fifo.r_cmd_fifo/gen_pipelined.load_mesg                                                                                           |                                                                                                                                                                     |                2 |              5 |         2.50 |
|  vit_system_i/zynq_ultra_ps_e_0/inst/pl_clk0 | vit_system_i/smartconnect_ddr/inst/s00_entry_pipeline/s00_mmu/inst/gen_endpoint.b_cnt[4]_i_1_n_0                                                                                                                         | vit_system_i/smartconnect_ddr/inst/s00_entry_pipeline/s00_mmu/inst/areset_d                                                                                         |                1 |              5 |         5.00 |
|  vit_system_i/zynq_ultra_ps_e_0/inst/pl_clk0 | vit_system_i/vit_phase_e_axi_0/inst/u_core/u_npu/u_engine/u_gemm/gen_fp16.u_fp16/u_stream_array/gen_stream[7].u_stream/advance_pipeline                                                                                  | vit_system_i/vit_phase_e_axi_0/inst/u_core/u_npu/u_engine/u_command_controller/engine_rst_BUFG                                                                      |                4 |              6 |         1.50 |
|  vit_system_i/zynq_ultra_ps_e_0/inst/pl_clk0 | vit_system_i/vit_phase_e_axi_0/inst/u_core/u_npu/u_engine/u_gemm/gen_fp16.u_fp16/u_stream_array/gen_stream[4].u_stream/advance_pipeline                                                                                  | vit_system_i/vit_phase_e_axi_0/inst/u_core/u_npu/u_engine/u_command_controller/engine_rst_BUFG                                                                      |                5 |              6 |         1.20 |
|  vit_system_i/zynq_ultra_ps_e_0/inst/pl_clk0 | vit_system_i/vit_phase_e_axi_0/inst/u_core/u_npu/u_engine/u_gemm/gen_fp16.u_fp16/u_stream_array/gen_stream[2].u_stream/advance_pipeline                                                                                  | vit_system_i/vit_phase_e_axi_0/inst/u_core/u_npu/u_engine/u_command_controller/engine_rst_BUFG                                                                      |                4 |              6 |         1.50 |
|  vit_system_i/zynq_ultra_ps_e_0/inst/pl_clk0 | vit_system_i/vit_phase_e_axi_0/inst/u_core/u_npu/u_engine/u_gemm/gen_fp16.u_fp16/u_stream_array/gen_stream[5].u_stream/advance_pipeline                                                                                  | vit_system_i/vit_phase_e_axi_0/inst/u_core/u_npu/u_engine/u_command_controller/engine_rst_BUFG                                                                      |                4 |              6 |         1.50 |
|  vit_system_i/zynq_ultra_ps_e_0/inst/pl_clk0 | vit_system_i/smartconnect_ddr/inst/clk_map/psr_aclk/U0/SEQ/seq_cnt_en                                                                                                                                                    | vit_system_i/smartconnect_ddr/inst/clk_map/psr_aclk/U0/SEQ/seq_clr                                                                                                  |                2 |              6 |         3.00 |
|  vit_system_i/zynq_ultra_ps_e_0/inst/pl_clk0 | vit_system_i/vit_phase_e_axi_0/inst/u_core/u_npu/u_engine/u_gemm/gen_fp16.u_fp16/u_stream_array/gen_stream[6].u_stream/advance_pipeline                                                                                  | vit_system_i/vit_phase_e_axi_0/inst/u_core/u_npu/u_engine/u_command_controller/engine_rst_BUFG                                                                      |                4 |              6 |         1.50 |
|  vit_system_i/zynq_ultra_ps_e_0/inst/pl_clk0 |                                                                                                                                                                                                                          | vit_system_i/smartconnect_ddr/inst/s00_entry_pipeline/s00_transaction_regulator/inst/areset                                                                         |                4 |              6 |         1.50 |
|  vit_system_i/zynq_ultra_ps_e_0/inst/pl_clk0 | vit_system_i/vit_phase_e_axi_0/inst/u_core/u_npu/u_engine/u_gemm/gen_fp16.u_fp16/u_stream_array/gen_stream[1].u_stream/advance_pipeline                                                                                  | vit_system_i/vit_phase_e_axi_0/inst/u_core/u_npu/u_engine/u_command_controller/engine_rst_BUFG                                                                      |                4 |              6 |         1.50 |
|  vit_system_i/zynq_ultra_ps_e_0/inst/pl_clk0 | vit_system_i/vit_phase_e_axi_0/inst/u_core/u_npu/u_engine/u_layernorm/u_reciprocal_hidden_size/division_index[5]_i_1_n_0                                                                                                 | vit_system_i/vit_phase_e_axi_0/inst/u_core/u_npu/u_engine/u_command_controller/engine_rst_BUFG                                                                      |                3 |              6 |         2.00 |
|  vit_system_i/zynq_ultra_ps_e_0/inst/pl_clk0 | vit_system_i/vit_phase_e_axi_0/inst/u_core/u_npu/u_engine/u_softmax/u_total_words_multiplier/bit_index[5]_i_1_n_0                                                                                                        | vit_system_i/vit_phase_e_axi_0/inst/u_core/u_npu/u_engine/u_softmax/u_total_words_multiplier/product[63]_i_1_n_0                                                    |                4 |              6 |         1.50 |
|  vit_system_i/zynq_ultra_ps_e_0/inst/pl_clk0 | vit_system_i/proc_sys_reset_0/U0/SEQ/seq_cnt_en                                                                                                                                                                          | vit_system_i/proc_sys_reset_0/U0/SEQ/seq_clr                                                                                                                        |                2 |              6 |         3.00 |
|  vit_system_i/zynq_ultra_ps_e_0/inst/pl_clk0 | vit_system_i/smartconnect_control/inst/clk_map/psr_aclk/U0/SEQ/seq_cnt_en                                                                                                                                                | vit_system_i/smartconnect_control/inst/clk_map/psr_aclk/U0/SEQ/seq_clr                                                                                              |                1 |              6 |         6.00 |
|  vit_system_i/zynq_ultra_ps_e_0/inst/pl_clk0 | vit_system_i/vit_phase_e_axi_0/inst/u_core/u_npu/u_engine/u_gemm/gen_fp16.u_fp16/u_stream_array/gen_stream[0].u_stream/advance_pipeline                                                                                  | vit_system_i/vit_phase_e_axi_0/inst/u_core/u_npu/u_engine/u_command_controller/engine_rst_BUFG                                                                      |                4 |              6 |         1.50 |
|  vit_system_i/zynq_ultra_ps_e_0/inst/pl_clk0 | vit_system_i/vit_phase_e_axi_0/inst/u_core/u_npu/u_engine/u_layernorm/u_total_words_multiplier/bit_index[5]_i_1_n_0                                                                                                      | vit_system_i/vit_phase_e_axi_0/inst/u_core/u_npu/u_engine/u_layernorm/u_total_words_multiplier/product[63]_i_1_n_0                                                  |                1 |              6 |         6.00 |
|  vit_system_i/zynq_ultra_ps_e_0/inst/pl_clk0 | vit_system_i/vit_phase_e_axi_0/inst/u_core/u_npu/u_engine/u_gemm/gen_fp16.u_fp16/u_stream_array/gen_stream[3].u_stream/advance_pipeline                                                                                  | vit_system_i/vit_phase_e_axi_0/inst/u_core/u_npu/u_engine/u_command_controller/engine_rst_BUFG                                                                      |                3 |              6 |         2.00 |
|  vit_system_i/zynq_ultra_ps_e_0/inst/pl_clk0 | vit_system_i/vit_phase_e_axi_0/inst/u_core/u_npu/u_engine/u_layout/u_descriptor_validator/u_shared_multiplier/bit_index[5]_i_1_n_0                                                                                       | vit_system_i/vit_phase_e_axi_0/inst/u_core/u_npu/u_engine/u_layout/u_descriptor_validator/u_shared_multiplier/product[63]_i_1_n_0                                   |                2 |              6 |         3.00 |
|  vit_system_i/zynq_ultra_ps_e_0/inst/pl_clk0 | vit_system_i/vit_phase_e_axi_0/inst/u_core/u_npu/u_engine/u_layout/u_descriptor_validator/FSM_sequential_state[3]_i_1_n_0                                                                                                | vit_system_i/vit_phase_e_axi_0/inst/u_core/u_npu/u_engine/u_command_controller/engine_rst_BUFG                                                                      |                5 |              6 |         1.20 |
|  vit_system_i/zynq_ultra_ps_e_0/inst/pl_clk0 | vit_system_i/vit_phase_e_axi_0/inst/u_core/u_npu/u_engine/u_gelu/u_serial_core/FSM_sequential_state[4]_i_1_n_0                                                                                                           | vit_system_i/vit_phase_e_axi_0/inst/u_core/u_npu/u_engine/u_command_controller/engine_rst_BUFG                                                                      |                4 |              7 |         1.75 |
|  vit_system_i/zynq_ultra_ps_e_0/inst/pl_clk0 | vit_system_i/smartconnect_ddr/inst/s00_entry_pipeline/s00_si_converter/inst/converter.wrap_narrow_inst/gen_thread_loop[0].r_payld_fifo/cmd_fifo/gen_pipelined.load_mesg                                                  |                                                                                                                                                                     |                2 |              8 |         4.00 |
|  vit_system_i/zynq_ultra_ps_e_0/inst/pl_clk0 | vit_system_i/smartconnect_control/inst/s00_entry_pipeline/s00_si_converter/inst/gen_axilite_conv.axilite_conv_inst/r_beats[7]_i_1_n_0                                                                                    | vit_system_i/smartconnect_control/inst/s00_entry_pipeline/s00_si_converter/inst/areset                                                                              |                3 |              8 |         2.67 |
|  vit_system_i/zynq_ultra_ps_e_0/inst/pl_clk0 | vit_system_i/vit_phase_e_axi_0/inst/u_core/u_control/execution_mode_o1_out[31]                                                                                                                                           | vit_system_i/proc_sys_reset_0/U0/peripheral_aresetn[0]                                                                                                              |                4 |              8 |         2.00 |
|  vit_system_i/zynq_ultra_ps_e_0/inst/pl_clk0 | vit_system_i/smartconnect_control/inst/s00_entry_pipeline/s00_mmu/inst/gen_endpoint.decerr_slave_inst/gen_axi.gen_read.read_cnt[7]_i_1_n_0                                                                               | vit_system_i/smartconnect_control/inst/s00_entry_pipeline/s00_mmu/inst/areset                                                                                       |                3 |              8 |         2.67 |
|  vit_system_i/zynq_ultra_ps_e_0/inst/pl_clk0 | vit_system_i/vit_phase_e_axi_0/inst/u_core/u_control/input_base_o1_out[7]                                                                                                                                                | vit_system_i/proc_sys_reset_0/U0/peripheral_aresetn[0]                                                                                                              |                6 |              8 |         1.33 |
|  vit_system_i/zynq_ultra_ps_e_0/inst/pl_clk0 | vit_system_i/vit_phase_e_axi_0/inst/u_core/u_control/input_base_o1_out[15]                                                                                                                                               | vit_system_i/proc_sys_reset_0/U0/peripheral_aresetn[0]                                                                                                              |                7 |              8 |         1.14 |
|  vit_system_i/zynq_ultra_ps_e_0/inst/pl_clk0 | vit_system_i/smartconnect_ddr/inst/s00_entry_pipeline/s00_si_converter/inst/converter.wrap_narrow_inst/gen_thread_loop[0].r_payld_fifo/E[0]                                                                              | vit_system_i/smartconnect_ddr/inst/s00_entry_pipeline/s00_si_converter/inst/areset                                                                                  |                2 |              8 |         4.00 |
|  vit_system_i/zynq_ultra_ps_e_0/inst/pl_clk0 | vit_system_i/vit_phase_e_axi_0/inst/u_core/u_control/job_patch_a_base_o[15]_i_1_n_0                                                                                                                                      | vit_system_i/proc_sys_reset_0/U0/peripheral_aresetn[0]                                                                                                              |                4 |              8 |         2.00 |
|  vit_system_i/zynq_ultra_ps_e_0/inst/pl_clk0 | vit_system_i/vit_phase_e_axi_0/inst/u_core/u_control/model_words_o1_out[31]                                                                                                                                              | vit_system_i/proc_sys_reset_0/U0/peripheral_aresetn[0]                                                                                                              |                6 |              8 |         1.33 |
|  vit_system_i/zynq_ultra_ps_e_0/inst/pl_clk0 | vit_system_i/smartconnect_ddr/inst/s00_nodes/s00_b_node/inst/inst_mi_handler/gen_normal_area.inst_fifo_node_payld/gen_xpm_memory_fifo.inst_fifo/gen_mem_rep[0].inst_rd_addrb/rd_addrb_incr                               | vit_system_i/smartconnect_ddr/inst/s00_nodes/s00_b_node/inst/inst_mi_handler/m_sc_areset_r                                                                          |                2 |              8 |         4.00 |
|  vit_system_i/zynq_ultra_ps_e_0/inst/pl_clk0 | vit_system_i/vit_phase_e_axi_0/inst/u_core/u_control/job_patch_a_base_o[7]_i_1_n_0                                                                                                                                       | vit_system_i/proc_sys_reset_0/U0/peripheral_aresetn[0]                                                                                                              |                7 |              8 |         1.14 |
|  vit_system_i/zynq_ultra_ps_e_0/inst/pl_clk0 | vit_system_i/vit_phase_e_axi_0/inst/u_core/u_npu/u_engine/u_gemm/gen_fp16.u_fp16/u_stream_array/term_pending_q[7]_i_1_n_0                                                                                                | vit_system_i/vit_phase_e_axi_0/inst/u_core/u_npu/u_engine/u_command_controller/engine_rst_BUFG                                                                      |                4 |              8 |         2.00 |
|  vit_system_i/zynq_ultra_ps_e_0/inst/pl_clk0 | vit_system_i/vit_phase_e_axi_0/inst/u_core/u_npu/u_engine/u_gemm/gen_fp16.u_fp16/u_stream_array/result_capture_q[7]_i_1_n_0                                                                                              | vit_system_i/vit_phase_e_axi_0/inst/u_core/u_npu/u_engine/u_command_controller/engine_rst_BUFG                                                                      |                5 |              8 |         1.60 |
|  vit_system_i/zynq_ultra_ps_e_0/inst/pl_clk0 | vit_system_i/vit_phase_e_axi_0/inst/u_core/u_control/job_patch_a_base_o[31]_i_1_n_0                                                                                                                                      | vit_system_i/proc_sys_reset_0/U0/peripheral_aresetn[0]                                                                                                              |                8 |              8 |         1.00 |
|  vit_system_i/zynq_ultra_ps_e_0/inst/pl_clk0 | vit_system_i/vit_phase_e_axi_0/inst/u_core/u_control/job_patch_a_base_o[23]_i_1_n_0                                                                                                                                      | vit_system_i/proc_sys_reset_0/U0/peripheral_aresetn[0]                                                                                                              |                6 |              8 |         1.33 |
|  vit_system_i/zynq_ultra_ps_e_0/inst/pl_clk0 | vit_system_i/smartconnect_ddr/inst/s00_entry_pipeline/s00_mmu/inst/gen_endpoint.decerr_slave_inst/gen_axi.gen_read.read_cnt[7]_i_1_n_0                                                                                   | vit_system_i/smartconnect_ddr/inst/s00_entry_pipeline/s00_mmu/inst/areset                                                                                           |                2 |              8 |         4.00 |
|  vit_system_i/zynq_ultra_ps_e_0/inst/pl_clk0 | vit_system_i/vit_phase_e_axi_0/inst/u_core/u_control/execution_mode_o1_out[23]                                                                                                                                           | vit_system_i/proc_sys_reset_0/U0/peripheral_aresetn[0]                                                                                                              |                5 |              8 |         1.60 |
|  vit_system_i/zynq_ultra_ps_e_0/inst/pl_clk0 | vit_system_i/vit_phase_e_axi_0/inst/u_core/u_control/job_config_o[7]_i_1_n_0                                                                                                                                             | vit_system_i/proc_sys_reset_0/U0/peripheral_aresetn[0]                                                                                                              |                7 |              8 |         1.14 |
|  vit_system_i/zynq_ultra_ps_e_0/inst/pl_clk0 | vit_system_i/vit_phase_e_axi_0/inst/u_core/u_control/job_config_o[31]_i_1_n_0                                                                                                                                            | vit_system_i/proc_sys_reset_0/U0/peripheral_aresetn[0]                                                                                                              |                6 |              8 |         1.33 |
|  vit_system_i/zynq_ultra_ps_e_0/inst/pl_clk0 | vit_system_i/vit_phase_e_axi_0/inst/u_core/u_control/job_config_o[20]_i_1_n_0                                                                                                                                            | vit_system_i/proc_sys_reset_0/U0/peripheral_aresetn[0]                                                                                                              |                6 |              8 |         1.33 |
|  vit_system_i/zynq_ultra_ps_e_0/inst/pl_clk0 | vit_system_i/vit_phase_e_axi_0/inst/u_core/u_control/job_config_o[15]_i_1_n_0                                                                                                                                            | vit_system_i/proc_sys_reset_0/U0/peripheral_aresetn[0]                                                                                                              |                7 |              8 |         1.14 |
|  vit_system_i/zynq_ultra_ps_e_0/inst/pl_clk0 | vit_system_i/vit_phase_e_axi_0/inst/u_core/u_control/profile_trace_select_o[7]_i_1_n_0                                                                                                                                   | vit_system_i/proc_sys_reset_0/U0/peripheral_aresetn[0]                                                                                                              |                6 |              8 |         1.33 |
|  vit_system_i/zynq_ultra_ps_e_0/inst/pl_clk0 | vit_system_i/vit_phase_e_axi_0/inst/u_core/u_control/execution_mode_o1_out[7]                                                                                                                                            | vit_system_i/proc_sys_reset_0/U0/peripheral_aresetn[0]                                                                                                              |                4 |              8 |         2.00 |
|  vit_system_i/zynq_ultra_ps_e_0/inst/pl_clk0 | vit_system_i/smartconnect_ddr/inst/s00_entry_pipeline/s00_si_converter/inst/converter.wrap_narrow_inst/gen_thread_loop[0].r_payld_fifo/cmd_fifo/gen_srls[11].srl_nx1/shift                                               |                                                                                                                                                                     |                1 |              8 |         8.00 |
|  vit_system_i/zynq_ultra_ps_e_0/inst/pl_clk0 | vit_system_i/vit_phase_e_axi_0/inst/u_core/u_control/execution_mode_o1_out[15]                                                                                                                                           | vit_system_i/proc_sys_reset_0/U0/peripheral_aresetn[0]                                                                                                              |                7 |              8 |         1.14 |
|  vit_system_i/zynq_ultra_ps_e_0/inst/pl_clk0 | vit_system_i/vit_phase_e_axi_0/inst/u_core/u_control/input_base_o1_out[47]                                                                                                                                               | vit_system_i/proc_sys_reset_0/U0/peripheral_aresetn[0]                                                                                                              |                7 |              8 |         1.14 |
|  vit_system_i/zynq_ultra_ps_e_0/inst/pl_clk0 | vit_system_i/smartconnect_control/inst/s00_entry_pipeline/s00_si_converter/inst/gen_axilite_conv.axilite_conv_inst/ar_cnt[7]_i_1_n_0                                                                                     | vit_system_i/smartconnect_control/inst/s00_entry_pipeline/s00_si_converter/inst/areset                                                                              |                4 |              8 |         2.00 |
|  vit_system_i/zynq_ultra_ps_e_0/inst/pl_clk0 | vit_system_i/vit_phase_e_axi_0/inst/u_core/u_control/irq_enable_o1_out[7]                                                                                                                                                | vit_system_i/proc_sys_reset_0/U0/peripheral_aresetn[0]                                                                                                              |                4 |              8 |         2.00 |
|  vit_system_i/zynq_ultra_ps_e_0/inst/pl_clk0 | vit_system_i/vit_phase_e_axi_0/inst/u_core/u_control/input_words_o1_out[31]                                                                                                                                              | vit_system_i/proc_sys_reset_0/U0/peripheral_aresetn[0]                                                                                                              |                7 |              8 |         1.14 |
|  vit_system_i/zynq_ultra_ps_e_0/inst/pl_clk0 | vit_system_i/vit_phase_e_axi_0/inst/u_core/u_control/input_words_o1_out[23]                                                                                                                                              | vit_system_i/proc_sys_reset_0/U0/peripheral_aresetn[0]                                                                                                              |                7 |              8 |         1.14 |
|  vit_system_i/zynq_ultra_ps_e_0/inst/pl_clk0 | vit_system_i/vit_phase_e_axi_0/inst/u_core/u_control/input_words_o1_out[15]                                                                                                                                              | vit_system_i/proc_sys_reset_0/U0/peripheral_aresetn[0]                                                                                                              |                7 |              8 |         1.14 |
|  vit_system_i/zynq_ultra_ps_e_0/inst/pl_clk0 | vit_system_i/vit_phase_e_axi_0/inst/u_core/u_control/scratch_base_o1_out[47]                                                                                                                                             | vit_system_i/proc_sys_reset_0/U0/peripheral_aresetn[0]                                                                                                              |                7 |              8 |         1.14 |
|  vit_system_i/zynq_ultra_ps_e_0/inst/pl_clk0 | vit_system_i/vit_phase_e_axi_0/inst/u_core/u_control/scratch_base_o1_out[55]                                                                                                                                             | vit_system_i/proc_sys_reset_0/U0/peripheral_aresetn[0]                                                                                                              |                8 |              8 |         1.00 |
|  vit_system_i/zynq_ultra_ps_e_0/inst/pl_clk0 | vit_system_i/vit_phase_e_axi_0/inst/u_core/u_control/input_words_o1_out[7]                                                                                                                                               | vit_system_i/proc_sys_reset_0/U0/peripheral_aresetn[0]                                                                                                              |                8 |              8 |         1.00 |
|  vit_system_i/zynq_ultra_ps_e_0/inst/pl_clk0 | vit_system_i/vit_phase_e_axi_0/inst/u_core/u_control/input_base_o1_out[55]                                                                                                                                               | vit_system_i/proc_sys_reset_0/U0/peripheral_aresetn[0]                                                                                                              |                8 |              8 |         1.00 |
|  vit_system_i/zynq_ultra_ps_e_0/inst/pl_clk0 | vit_system_i/vit_phase_e_axi_0/inst/u_core/u_control/irq_enable_o1_out[15]                                                                                                                                               | vit_system_i/proc_sys_reset_0/U0/peripheral_aresetn[0]                                                                                                              |                6 |              8 |         1.33 |
|  vit_system_i/zynq_ultra_ps_e_0/inst/pl_clk0 | vit_system_i/vit_phase_e_axi_0/inst/u_core/u_control/input_base_o1_out[39]                                                                                                                                               | vit_system_i/proc_sys_reset_0/U0/peripheral_aresetn[0]                                                                                                              |                8 |              8 |         1.00 |
|  vit_system_i/zynq_ultra_ps_e_0/inst/pl_clk0 | vit_system_i/vit_phase_e_axi_0/inst/u_core/u_control/scratch_words_o1_out[7]                                                                                                                                             | vit_system_i/proc_sys_reset_0/U0/peripheral_aresetn[0]                                                                                                              |                7 |              8 |         1.14 |
|  vit_system_i/zynq_ultra_ps_e_0/inst/pl_clk0 | vit_system_i/vit_phase_e_axi_0/inst/u_core/u_npu/u_sequencer/command_ordinal[7]_i_1_n_0                                                                                                                                  | vit_system_i/vit_phase_e_axi_0/inst/u_core/compute_rst                                                                                                              |                4 |              8 |         2.00 |
|  vit_system_i/zynq_ultra_ps_e_0/inst/pl_clk0 | vit_system_i/vit_phase_e_axi_0/inst/u_core/u_control/scratch_words_o1_out[15]                                                                                                                                            | vit_system_i/proc_sys_reset_0/U0/peripheral_aresetn[0]                                                                                                              |                8 |              8 |         1.00 |
|  vit_system_i/zynq_ultra_ps_e_0/inst/pl_clk0 | vit_system_i/vit_phase_e_axi_0/inst/u_core/u_control/scratch_words_o1_out[23]                                                                                                                                            | vit_system_i/proc_sys_reset_0/U0/peripheral_aresetn[0]                                                                                                              |                5 |              8 |         1.60 |
|  vit_system_i/zynq_ultra_ps_e_0/inst/pl_clk0 | vit_system_i/vit_phase_e_axi_0/inst/u_core/u_control/input_base_o1_out[31]                                                                                                                                               | vit_system_i/proc_sys_reset_0/U0/peripheral_aresetn[0]                                                                                                              |                7 |              8 |         1.14 |
|  vit_system_i/zynq_ultra_ps_e_0/inst/pl_clk0 | vit_system_i/vit_phase_e_axi_0/inst/u_core/u_npu/u_engine/gemm_result_generation_q0                                                                                                                                      | vit_system_i/vit_phase_e_axi_0/inst/u_core/compute_rst                                                                                                              |                2 |              8 |         4.00 |
|  vit_system_i/zynq_ultra_ps_e_0/inst/pl_clk0 | vit_system_i/vit_phase_e_axi_0/inst/u_core/u_control/scratch_words_o1_out[31]                                                                                                                                            | vit_system_i/proc_sys_reset_0/U0/peripheral_aresetn[0]                                                                                                              |                5 |              8 |         1.60 |
|  vit_system_i/zynq_ultra_ps_e_0/inst/pl_clk0 | vit_system_i/vit_phase_e_axi_0/inst/u_core/u_control/model_words_o1_out[23]                                                                                                                                              | vit_system_i/proc_sys_reset_0/U0/peripheral_aresetn[0]                                                                                                              |                8 |              8 |         1.00 |
|  vit_system_i/zynq_ultra_ps_e_0/inst/pl_clk0 | vit_system_i/vit_phase_e_axi_0/inst/u_core/u_control/model_base_o1_out[55]                                                                                                                                               | vit_system_i/proc_sys_reset_0/U0/peripheral_aresetn[0]                                                                                                              |                8 |              8 |         1.00 |
|  vit_system_i/zynq_ultra_ps_e_0/inst/pl_clk0 | vit_system_i/vit_phase_e_axi_0/inst/u_core/u_control/model_base_o1_out[31]                                                                                                                                               | vit_system_i/proc_sys_reset_0/U0/peripheral_aresetn[0]                                                                                                              |                6 |              8 |         1.33 |
|  vit_system_i/zynq_ultra_ps_e_0/inst/pl_clk0 | vit_system_i/smartconnect_ddr/inst/s00_entry_pipeline/s00_si_converter/inst/converter.wrap_narrow_inst/w_cmd_fifo/E[0]                                                                                                   | vit_system_i/smartconnect_ddr/inst/s00_entry_pipeline/s00_si_converter/inst/areset                                                                                  |                4 |              8 |         2.00 |
|  vit_system_i/zynq_ultra_ps_e_0/inst/pl_clk0 | vit_system_i/vit_phase_e_axi_0/inst/u_core/u_control/model_base_o1_out[63]                                                                                                                                               | vit_system_i/proc_sys_reset_0/U0/peripheral_aresetn[0]                                                                                                              |                7 |              8 |         1.14 |
|  vit_system_i/zynq_ultra_ps_e_0/inst/pl_clk0 | vit_system_i/vit_phase_e_axi_0/inst/u_core/u_control/model_base_o1_out[39]                                                                                                                                               | vit_system_i/proc_sys_reset_0/U0/peripheral_aresetn[0]                                                                                                              |                7 |              8 |         1.14 |
|  vit_system_i/zynq_ultra_ps_e_0/inst/pl_clk0 | vit_system_i/vit_phase_e_axi_0/inst/u_core/u_control/model_base_o1_out[47]                                                                                                                                               | vit_system_i/proc_sys_reset_0/U0/peripheral_aresetn[0]                                                                                                              |                6 |              8 |         1.33 |
|  vit_system_i/zynq_ultra_ps_e_0/inst/pl_clk0 | vit_system_i/vit_phase_e_axi_0/inst/u_core/u_control/model_base_o1_out[23]                                                                                                                                               | vit_system_i/proc_sys_reset_0/U0/peripheral_aresetn[0]                                                                                                              |                4 |              8 |         2.00 |
|  vit_system_i/zynq_ultra_ps_e_0/inst/pl_clk0 | vit_system_i/vit_phase_e_axi_0/inst/u_core/u_control/model_base_o1_out[15]                                                                                                                                               | vit_system_i/proc_sys_reset_0/U0/peripheral_aresetn[0]                                                                                                              |                6 |              8 |         1.33 |
|  vit_system_i/zynq_ultra_ps_e_0/inst/pl_clk0 | vit_system_i/vit_phase_e_axi_0/inst/u_core/u_control/model_base_o1_out[7]                                                                                                                                                | vit_system_i/proc_sys_reset_0/U0/peripheral_aresetn[0]                                                                                                              |                6 |              8 |         1.33 |
|  vit_system_i/zynq_ultra_ps_e_0/inst/pl_clk0 | vit_system_i/vit_phase_e_axi_0/inst/u_core/u_control/irq_enable_o1_out[31]                                                                                                                                               | vit_system_i/proc_sys_reset_0/U0/peripheral_aresetn[0]                                                                                                              |                7 |              8 |         1.14 |
|  vit_system_i/zynq_ultra_ps_e_0/inst/pl_clk0 | vit_system_i/vit_phase_e_axi_0/inst/u_core/u_control/input_base_o1_out[23]                                                                                                                                               | vit_system_i/proc_sys_reset_0/U0/peripheral_aresetn[0]                                                                                                              |                6 |              8 |         1.33 |
|  vit_system_i/zynq_ultra_ps_e_0/inst/pl_clk0 | vit_system_i/vit_phase_e_axi_0/inst/u_core/u_control/model_words_o1_out[7]                                                                                                                                               | vit_system_i/proc_sys_reset_0/U0/peripheral_aresetn[0]                                                                                                              |                7 |              8 |         1.14 |
|  vit_system_i/zynq_ultra_ps_e_0/inst/pl_clk0 | vit_system_i/vit_phase_e_axi_0/inst/u_core/u_control/model_words_o1_out[15]                                                                                                                                              | vit_system_i/proc_sys_reset_0/U0/peripheral_aresetn[0]                                                                                                              |                6 |              8 |         1.33 |
|  vit_system_i/zynq_ultra_ps_e_0/inst/pl_clk0 | vit_system_i/vit_phase_e_axi_0/inst/u_core/u_control/scratch_base_o1_out[7]                                                                                                                                              | vit_system_i/proc_sys_reset_0/U0/peripheral_aresetn[0]                                                                                                              |                8 |              8 |         1.00 |
|  vit_system_i/zynq_ultra_ps_e_0/inst/pl_clk0 | vit_system_i/vit_phase_e_axi_0/inst/u_core/u_control/scratch_base_o1_out[15]                                                                                                                                             | vit_system_i/proc_sys_reset_0/U0/peripheral_aresetn[0]                                                                                                              |                7 |              8 |         1.14 |
|  vit_system_i/zynq_ultra_ps_e_0/inst/pl_clk0 | vit_system_i/vit_phase_e_axi_0/inst/u_core/u_control/scratch_base_o1_out[23]                                                                                                                                             | vit_system_i/proc_sys_reset_0/U0/peripheral_aresetn[0]                                                                                                              |                8 |              8 |         1.00 |
|  vit_system_i/zynq_ultra_ps_e_0/inst/pl_clk0 | vit_system_i/vit_phase_e_axi_0/inst/u_core/u_control/scratch_base_o1_out[63]                                                                                                                                             | vit_system_i/proc_sys_reset_0/U0/peripheral_aresetn[0]                                                                                                              |                7 |              8 |         1.14 |
|  vit_system_i/zynq_ultra_ps_e_0/inst/pl_clk0 | vit_system_i/vit_phase_e_axi_0/inst/u_core/u_control/scratch_base_o1_out[31]                                                                                                                                             | vit_system_i/proc_sys_reset_0/U0/peripheral_aresetn[0]                                                                                                              |                7 |              8 |         1.14 |
|  vit_system_i/zynq_ultra_ps_e_0/inst/pl_clk0 | vit_system_i/vit_phase_e_axi_0/inst/u_core/u_control/irq_enable_o1_out[23]                                                                                                                                               | vit_system_i/proc_sys_reset_0/U0/peripheral_aresetn[0]                                                                                                              |                8 |              8 |         1.00 |
|  vit_system_i/zynq_ultra_ps_e_0/inst/pl_clk0 | vit_system_i/vit_phase_e_axi_0/inst/u_core/u_control/scratch_base_o1_out[39]                                                                                                                                             | vit_system_i/proc_sys_reset_0/U0/peripheral_aresetn[0]                                                                                                              |                8 |              8 |         1.00 |
|  vit_system_i/zynq_ultra_ps_e_0/inst/pl_clk0 | vit_system_i/vit_phase_e_axi_0/inst/u_core/u_control/input_base_o1_out[63]                                                                                                                                               | vit_system_i/proc_sys_reset_0/U0/peripheral_aresetn[0]                                                                                                              |                5 |              8 |         1.60 |
|  vit_system_i/zynq_ultra_ps_e_0/inst/pl_clk0 | vit_system_i/smartconnect_ddr/inst/s00_entry_pipeline/s00_si_converter/inst/converter.wrap_narrow_inst/w_payld_fifo/w_subst_mask_reg[0]                                                                                  | vit_system_i/smartconnect_ddr/inst/s00_entry_pipeline/s00_si_converter/inst/converter.wrap_narrow_inst/w_payld_fifo/s_ready_i_reg_0                                 |                4 |              9 |         2.25 |
|  vit_system_i/zynq_ultra_ps_e_0/inst/pl_clk0 | vit_system_i/smartconnect_ddr/inst/s00_entry_pipeline/s00_si_converter/inst/converter.wrap_narrow_inst/w_payld_fifo/w_subst_mask_reg[15][6]                                                                              |                                                                                                                                                                     |                5 |              9 |         1.80 |
|  vit_system_i/zynq_ultra_ps_e_0/inst/pl_clk0 | vit_system_i/smartconnect_ddr/inst/s00_entry_pipeline/s00_si_converter/inst/converter.wrap_narrow_inst/w_payld_fifo/w_subst_mask_reg[15][9]                                                                              |                                                                                                                                                                     |                5 |              9 |         1.80 |
|  vit_system_i/zynq_ultra_ps_e_0/inst/pl_clk0 | vit_system_i/smartconnect_ddr/inst/s00_entry_pipeline/s00_si_converter/inst/converter.wrap_narrow_inst/w_payld_fifo/w_subst_mask_reg[15][7]                                                                              |                                                                                                                                                                     |                6 |              9 |         1.50 |
|  vit_system_i/zynq_ultra_ps_e_0/inst/pl_clk0 | vit_system_i/smartconnect_ddr/inst/s00_entry_pipeline/s00_si_converter/inst/converter.wrap_narrow_inst/w_payld_fifo/w_subst_mask_reg[15][0]                                                                              |                                                                                                                                                                     |                4 |              9 |         2.25 |
|  vit_system_i/zynq_ultra_ps_e_0/inst/pl_clk0 | vit_system_i/smartconnect_ddr/inst/s00_entry_pipeline/s00_si_converter/inst/converter.wrap_narrow_inst/w_payld_fifo/w_subst_mask_reg[15][1]                                                                              |                                                                                                                                                                     |                5 |              9 |         1.80 |
|  vit_system_i/zynq_ultra_ps_e_0/inst/pl_clk0 | vit_system_i/vit_phase_e_axi_0/inst/u_core/u_npu/u_engine/u_softmax/state[4]_i_1_n_0                                                                                                                                     | vit_system_i/vit_phase_e_axi_0/inst/u_core/u_npu/u_engine/u_command_controller/engine_rst_BUFG                                                                      |                4 |              9 |         2.25 |
|  vit_system_i/zynq_ultra_ps_e_0/inst/pl_clk0 | vit_system_i/smartconnect_ddr/inst/s00_entry_pipeline/s00_si_converter/inst/converter.wrap_narrow_inst/w_payld_fifo/w_subst_mask_reg[15][5]                                                                              |                                                                                                                                                                     |                4 |              9 |         2.25 |
|  vit_system_i/zynq_ultra_ps_e_0/inst/pl_clk0 | vit_system_i/smartconnect_control/inst/s00_entry_pipeline/s00_si_converter/inst/gen_axilite_conv.axilite_conv_inst/w_cnt[8]_i_1_n_0                                                                                      | vit_system_i/smartconnect_control/inst/s00_entry_pipeline/s00_si_converter/inst/areset                                                                              |                6 |              9 |         1.50 |
|  vit_system_i/zynq_ultra_ps_e_0/inst/pl_clk0 | vit_system_i/smartconnect_ddr/inst/s00_entry_pipeline/s00_si_converter/inst/converter.wrap_narrow_inst/w_payld_fifo/w_subst_mask_reg[15][2]                                                                              |                                                                                                                                                                     |                3 |              9 |         3.00 |
|  vit_system_i/zynq_ultra_ps_e_0/inst/pl_clk0 | vit_system_i/smartconnect_control/inst/s00_entry_pipeline/s00_si_converter/inst/gen_axilite_conv.axilite_conv_inst/b_cnt                                                                                                 | vit_system_i/smartconnect_control/inst/s00_entry_pipeline/s00_si_converter/inst/gen_axilite_conv.axilite_conv_inst/b_cnt[8]_i_1_n_0                                 |                4 |              9 |         2.25 |
|  vit_system_i/zynq_ultra_ps_e_0/inst/pl_clk0 | vit_system_i/vit_phase_e_axi_0/inst/u_core/u_profile_counters/read_latency_count[1]_i_1_n_0                                                                                                                              | vit_system_i/vit_phase_e_axi_0/inst/u_core/u_profile_counters/read_first_seen                                                                                       |                5 |              9 |         1.80 |
|  vit_system_i/zynq_ultra_ps_e_0/inst/pl_clk0 | vit_system_i/smartconnect_ddr/inst/s00_entry_pipeline/s00_si_converter/inst/converter.wrap_narrow_inst/w_payld_fifo/w_subst_mask_reg[15][8]                                                                              |                                                                                                                                                                     |                3 |              9 |         3.00 |
|  vit_system_i/zynq_ultra_ps_e_0/inst/pl_clk0 | vit_system_i/smartconnect_ddr/inst/s00_entry_pipeline/s00_si_converter/inst/converter.wrap_narrow_inst/gen_thread_loop[0].r_payld_fifo/cmd_fifo/cmd_active_reg_0[0]                                                      | vit_system_i/smartconnect_ddr/inst/s00_entry_pipeline/s00_si_converter/inst/areset                                                                                  |                3 |              9 |         3.00 |
|  vit_system_i/zynq_ultra_ps_e_0/inst/pl_clk0 | vit_system_i/smartconnect_ddr/inst/s00_entry_pipeline/s00_si_converter/inst/converter.wrap_narrow_inst/w_payld_fifo/w_subst_mask_reg[15][3]                                                                              |                                                                                                                                                                     |                5 |              9 |         1.80 |
|  vit_system_i/zynq_ultra_ps_e_0/inst/pl_clk0 | vit_system_i/smartconnect_ddr/inst/s00_entry_pipeline/s00_si_converter/inst/converter.wrap_narrow_inst/w_payld_fifo/cmd_fifo/cmd_active_reg_0[0]                                                                         | vit_system_i/smartconnect_ddr/inst/s00_entry_pipeline/s00_si_converter/inst/areset                                                                                  |                4 |              9 |         2.25 |
|  vit_system_i/zynq_ultra_ps_e_0/inst/pl_clk0 | vit_system_i/smartconnect_ddr/inst/s00_entry_pipeline/s00_si_converter/inst/converter.wrap_narrow_inst/w_payld_fifo/w_subst_mask_reg[15][11]                                                                             |                                                                                                                                                                     |                4 |              9 |         2.25 |
|  vit_system_i/zynq_ultra_ps_e_0/inst/pl_clk0 | vit_system_i/smartconnect_ddr/inst/s00_entry_pipeline/s00_si_converter/inst/converter.wrap_narrow_inst/w_payld_fifo/w_subst_mask_reg[15][10]                                                                             |                                                                                                                                                                     |                4 |              9 |         2.25 |
|  vit_system_i/zynq_ultra_ps_e_0/inst/pl_clk0 | vit_system_i/smartconnect_ddr/inst/s00_entry_pipeline/s00_si_converter/inst/converter.wrap_narrow_inst/w_payld_fifo/w_subst_mask_reg[15][12]                                                                             |                                                                                                                                                                     |                4 |              9 |         2.25 |
|  vit_system_i/zynq_ultra_ps_e_0/inst/pl_clk0 | vit_system_i/smartconnect_ddr/inst/s00_entry_pipeline/s00_si_converter/inst/converter.wrap_narrow_inst/w_payld_fifo/w_subst_mask_reg[15][13]                                                                             |                                                                                                                                                                     |                5 |              9 |         1.80 |
|  vit_system_i/zynq_ultra_ps_e_0/inst/pl_clk0 | vit_system_i/smartconnect_ddr/inst/s00_entry_pipeline/s00_si_converter/inst/converter.wrap_narrow_inst/gen_thread_loop[0].r_payld_fifo/cmd_fifo/E[0]                                                                     | vit_system_i/smartconnect_ddr/inst/s00_entry_pipeline/s00_si_converter/inst/areset                                                                                  |                4 |              9 |         2.25 |
|  vit_system_i/zynq_ultra_ps_e_0/inst/pl_clk0 | vit_system_i/smartconnect_ddr/inst/s00_entry_pipeline/s00_si_converter/inst/converter.wrap_narrow_inst/w_payld_fifo/w_subst_mask_reg[15][14]                                                                             |                                                                                                                                                                     |                4 |              9 |         2.25 |
|  vit_system_i/zynq_ultra_ps_e_0/inst/pl_clk0 | vit_system_i/smartconnect_ddr/inst/s00_entry_pipeline/s00_si_converter/inst/converter.wrap_narrow_inst/w_payld_fifo/w_subst_mask_reg[15][4]                                                                              |                                                                                                                                                                     |                6 |              9 |         1.50 |
|  vit_system_i/zynq_ultra_ps_e_0/inst/pl_clk0 |                                                                                                                                                                                                                          | vit_system_i/smartconnect_control/inst/s00_entry_pipeline/s00_mmu/inst/areset                                                                                       |                8 |             10 |         1.25 |
|  vit_system_i/zynq_ultra_ps_e_0/inst/pl_clk0 | vit_system_i/smartconnect_ddr/inst/s00_entry_pipeline/s00_si_converter/inst/converter.wrap_narrow_inst/gen_thread_loop[0].r_payld_fifo/S00_AXI_rready[0]                                                                 | vit_system_i/smartconnect_ddr/inst/s00_entry_pipeline/s00_si_converter/inst/areset                                                                                  |                4 |             10 |         2.50 |
|  vit_system_i/zynq_ultra_ps_e_0/inst/pl_clk0 | vit_system_i/vit_phase_e_axi_0/inst/u_core/u_npu/u_engine/u_gemm/gen_fp16.u_fp16/u_stream_array/FSM_onehot_state[0]_i_1_n_0                                                                                              | vit_system_i/vit_phase_e_axi_0/inst/u_core/u_npu/u_engine/u_command_controller/engine_rst_BUFG                                                                      |                9 |             10 |         1.11 |
|  vit_system_i/zynq_ultra_ps_e_0/inst/pl_clk0 | vit_system_i/vit_phase_e_axi_0/inst/u_core/u_npu/u_engine/u_gemm/gen_fp16.u_fp16/u_stream_array/bias_index_q[3]_i_1_n_0                                                                                                  | vit_system_i/vit_phase_e_axi_0/inst/u_core/u_npu/u_engine/u_command_controller/engine_rst_BUFG                                                                      |                9 |             10 |         1.11 |
|  vit_system_i/zynq_ultra_ps_e_0/inst/pl_clk0 | vit_system_i/vit_phase_e_axi_0/inst/u_core/u_m5_axi_counters/published[5][1]_i_2_n_0                                                                                                                                     | vit_system_i/vit_phase_e_axi_0/inst/u_core/u_m7_overlap_counters/published                                                                                          |                8 |             11 |         1.38 |
|  vit_system_i/zynq_ultra_ps_e_0/inst/pl_clk0 | vit_system_i/vit_phase_e_axi_0/inst/u_core/u_m5_axi_counters/status_o[0]                                                                                                                                                 | vit_system_i/vit_phase_e_axi_0/inst/u_core/u_m7_overlap_counters/published                                                                                          |                9 |             11 |         1.22 |
|  vit_system_i/zynq_ultra_ps_e_0/inst/pl_clk0 | vit_system_i/vit_phase_e_axi_0/inst/u_core/u_npu/u_engine/u_layernorm/state[4]_i_1_n_0                                                                                                                                   | vit_system_i/vit_phase_e_axi_0/inst/u_core/u_npu/u_engine/u_command_controller/engine_rst_BUFG                                                                      |               10 |             12 |         1.20 |
|  vit_system_i/zynq_ultra_ps_e_0/inst/pl_clk0 |                                                                                                                                                                                                                          | vit_system_i/smartconnect_control/inst/s00_entry_pipeline/s00_si_converter/inst/areset                                                                              |                9 |             12 |         1.33 |
|  vit_system_i/zynq_ultra_ps_e_0/inst/pl_clk0 | vit_system_i/smartconnect_control/inst/s00_nodes/s00_ar_node/inst/inst_mi_handler/gen_normal_area.inst_fifo_node_payld/gen_reg_fifo.inst_reg_fifo/gen_single_rank.data[154]_i_1_n_0                                      |                                                                                                                                                                     |                6 |             12 |         2.00 |
|  vit_system_i/zynq_ultra_ps_e_0/inst/pl_clk0 | vit_system_i/vit_phase_e_axi_0/inst/u_core/u_control/awaddr_hold0                                                                                                                                                        | vit_system_i/proc_sys_reset_0/U0/peripheral_aresetn[0]                                                                                                              |                7 |             12 |         1.71 |
|  vit_system_i/zynq_ultra_ps_e_0/inst/pl_clk0 | vit_system_i/smartconnect_ddr/inst/s00_nodes/s00_r_node/inst/inst_si_handler/s_sc_valid                                                                                                                                  | vit_system_i/smartconnect_ddr/inst/s00_nodes/s00_r_node/inst/inst_mi_handler/areset_r                                                                               |                5 |             12 |         2.40 |
|  vit_system_i/zynq_ultra_ps_e_0/inst/pl_clk0 | vit_system_i/smartconnect_control/inst/s00_nodes/s00_aw_node/inst/inst_mi_handler/gen_normal_area.inst_fifo_node_payld/gen_reg_fifo.inst_reg_fifo/gen_single_rank.data[154]_i_1_n_0                                      |                                                                                                                                                                     |                6 |             12 |         2.00 |
|  vit_system_i/zynq_ultra_ps_e_0/inst/pl_clk0 |                                                                                                                                                                                                                          | vit_system_i/smartconnect_ddr/inst/s00_entry_pipeline/s00_mmu/inst/areset                                                                                           |               10 |             12 |         1.20 |
|  vit_system_i/zynq_ultra_ps_e_0/inst/pl_clk0 | vit_system_i/vit_phase_e_axi_0/inst/u_core/u_npu/u_engine/u_gemm/gen_fp16.u_fp16/FSM_onehot_state[1]_i_1_n_0                                                                                                             | vit_system_i/vit_phase_e_axi_0/inst/u_core/u_npu/u_engine/u_command_controller/engine_rst_BUFG                                                                      |                7 |             12 |         1.71 |
|  vit_system_i/zynq_ultra_ps_e_0/inst/pl_clk0 | vit_system_i/vit_phase_e_axi_0/inst/u_core/u_npu/u_sequencer/current_step[4]_i_1_n_0                                                                                                                                     | vit_system_i/vit_phase_e_axi_0/inst/u_core/compute_rst                                                                                                              |                6 |             12 |         2.00 |
|  vit_system_i/zynq_ultra_ps_e_0/inst/pl_clk0 | vit_system_i/smartconnect_ddr/inst/s00_nodes/s00_aw_node/inst/inst_si_handler/s_sc_valid                                                                                                                                 | vit_system_i/smartconnect_ddr/inst/s00_nodes/s00_aw_node/inst/inst_mi_handler/areset_r                                                                              |                7 |             12 |         1.71 |
|  vit_system_i/zynq_ultra_ps_e_0/inst/pl_clk0 | vit_system_i/smartconnect_ddr/inst/s00_nodes/s00_ar_node/inst/inst_si_handler/s_sc_valid                                                                                                                                 | vit_system_i/smartconnect_ddr/inst/s00_nodes/s00_ar_node/inst/inst_mi_handler/areset_r                                                                              |                5 |             12 |         2.40 |
|  vit_system_i/zynq_ultra_ps_e_0/inst/pl_clk0 | vit_system_i/smartconnect_ddr/inst/s00_nodes/s00_w_node/inst/inst_si_handler/s_sc_valid                                                                                                                                  | vit_system_i/smartconnect_ddr/inst/s00_nodes/s00_w_node/inst/inst_mi_handler/areset_r                                                                               |                4 |             12 |         3.00 |
|  vit_system_i/zynq_ultra_ps_e_0/inst/pl_clk0 | vit_system_i/smartconnect_control/inst/s00_entry_pipeline/s00_si_converter/inst/gen_axilite_conv.axilite_conv_inst/ar_addr_d[11]_i_1_n_0                                                                                 | vit_system_i/smartconnect_control/inst/s00_entry_pipeline/s00_si_converter/inst/areset                                                                              |                3 |             12 |         4.00 |
|  vit_system_i/zynq_ultra_ps_e_0/inst/pl_clk0 | vit_system_i/vit_phase_e_axi_0/inst/u_core/u_npu/u_engine/u_vector/state[2]_i_1_n_0                                                                                                                                      | vit_system_i/vit_phase_e_axi_0/inst/u_core/u_npu/u_engine/u_command_controller/engine_rst_BUFG                                                                      |               10 |             12 |         1.20 |
|  vit_system_i/zynq_ultra_ps_e_0/inst/pl_clk0 | vit_system_i/smartconnect_control/inst/s00_entry_pipeline/s00_si_converter/inst/gen_axilite_conv.axilite_conv_inst/aw_addr[11]_i_1_n_0                                                                                   | vit_system_i/smartconnect_control/inst/s00_entry_pipeline/s00_si_converter/inst/areset                                                                              |                6 |             12 |         2.00 |
|  vit_system_i/zynq_ultra_ps_e_0/inst/pl_clk0 | vit_system_i/smartconnect_ddr/inst/s00_nodes/s00_b_node/inst/inst_si_handler/s_sc_valid                                                                                                                                  | vit_system_i/smartconnect_ddr/inst/s00_nodes/s00_b_node/inst/inst_mi_handler/areset_r                                                                               |                5 |             12 |         2.40 |
|  vit_system_i/zynq_ultra_ps_e_0/inst/pl_clk0 | vit_system_i/vit_phase_e_axi_0/inst/u_core/u_npu/u_sequencer/error_i_1_n_0                                                                                                                                               | vit_system_i/vit_phase_e_axi_0/inst/u_core/compute_rst                                                                                                              |               11 |             14 |         1.27 |
|  vit_system_i/zynq_ultra_ps_e_0/inst/pl_clk0 | vit_system_i/vit_phase_e_axi_0/inst/u_core/u_npu/u_engine/u_argmax/active_length                                                                                                                                         | vit_system_i/vit_phase_e_axi_0/inst/u_core/u_npu/u_engine/u_command_controller/engine_rst_BUFG                                                                      |                6 |             15 |         2.50 |
|  vit_system_i/zynq_ultra_ps_e_0/inst/pl_clk0 | vit_system_i/vit_phase_e_axi_0/inst/u_core/u_npu/u_engine/u_gelu/active_length[19]_i_1_n_0                                                                                                                               | vit_system_i/vit_phase_e_axi_0/inst/u_core/u_npu/u_engine/u_command_controller/engine_rst_BUFG                                                                      |                3 |             15 |         5.00 |
|  vit_system_i/zynq_ultra_ps_e_0/inst/pl_clk0 | vit_system_i/smartconnect_ddr/inst/s00_nodes/s00_b_node/inst/inst_mi_handler/gen_normal_area.inst_fifo_node_payld/gen_xpm_memory_fifo.inst_fifo/wr_wea                                                                   |                                                                                                                                                                     |                1 |             16 |        16.00 |
|  vit_system_i/zynq_ultra_ps_e_0/inst/pl_clk0 | vit_system_i/smartconnect_control/inst/s00_entry_pipeline/s00_mmu/inst/gen_endpoint.decerr_slave_inst/gen_axi.gen_write.s_axi_bid_i[15]_i_1_n_0                                                                          | vit_system_i/smartconnect_control/inst/s00_entry_pipeline/s00_mmu/inst/areset                                                                                       |               11 |             16 |         1.45 |
|  vit_system_i/zynq_ultra_ps_e_0/inst/pl_clk0 | vit_system_i/smartconnect_control/inst/s00_entry_pipeline/s00_transaction_regulator/inst/gen_endpoint.gen_r_singleorder.r_singleorder/gen_id_reg.s_rid_i0                                                                |                                                                                                                                                                     |                7 |             16 |         2.29 |
|  vit_system_i/zynq_ultra_ps_e_0/inst/pl_clk0 | vit_system_i/smartconnect_control/inst/s00_entry_pipeline/s00_mmu/inst/gen_endpoint.decerr_slave_inst/gen_axi.gen_read.s_axi_rid_i[15]_i_1_n_0                                                                           | vit_system_i/smartconnect_control/inst/s00_entry_pipeline/s00_mmu/inst/areset                                                                                       |                7 |             16 |         2.29 |
|  vit_system_i/zynq_ultra_ps_e_0/inst/pl_clk0 | vit_system_i/smartconnect_control/inst/s00_entry_pipeline/s00_transaction_regulator/inst/gen_endpoint.gen_w_singleorder.w_singleorder/gen_id_reg.s_rid_i0                                                                |                                                                                                                                                                     |                9 |             16 |         1.78 |
|  vit_system_i/zynq_ultra_ps_e_0/inst/pl_clk0 | vit_system_i/vit_phase_e_axi_0/inst/u_core/u_npu/u_engine/u_gelu/compute_lane_index[3]_i_1_n_0                                                                                                                           | vit_system_i/vit_phase_e_axi_0/inst/u_core/u_npu/u_engine/u_command_controller/engine_rst_BUFG                                                                      |               10 |             16 |         1.60 |
|  vit_system_i/zynq_ultra_ps_e_0/inst/pl_clk0 |                                                                                                                                                                                                                          | vit_system_i/vit_phase_e_axi_0/inst/u_core/u_npu/u_engine/u_gemm/legacy_unavailable_q_i_1_n_0                                                                       |               15 |             18 |         1.20 |
|  vit_system_i/zynq_ultra_ps_e_0/inst/pl_clk0 | vit_system_i/vit_phase_e_axi_0/inst/u_core/u_npu/u_engine/u_gemm/gen_fp16.u_fp16/u_stream_array/token_valid_q                                                                                                            | vit_system_i/vit_phase_e_axi_0/inst/u_core/u_npu/u_engine/u_command_controller/engine_rst_BUFG                                                                      |               15 |             18 |         1.20 |
|  vit_system_i/zynq_ultra_ps_e_0/inst/pl_clk0 |                                                                                                                                                                                                                          | vit_system_i/smartconnect_ddr/inst/s00_entry_pipeline/s00_si_converter/inst/areset                                                                                  |               16 |             19 |         1.19 |
|  vit_system_i/zynq_ultra_ps_e_0/inst/pl_clk0 | vit_system_i/smartconnect_control/inst/s00_entry_pipeline/s00_si_converter/inst/gen_axilite_conv.axilite_conv_inst/m_aruser                                                                                              | vit_system_i/smartconnect_control/inst/s00_entry_pipeline/s00_si_converter/inst/areset                                                                              |                8 |             19 |         2.38 |
|  vit_system_i/zynq_ultra_ps_e_0/inst/pl_clk0 | vit_system_i/smartconnect_ddr/inst/s00_entry_pipeline/s00_si_converter/inst/converter.wrap_narrow_inst/gen_thread_loop[0].r_cmd_fifo/gen_srls[22].srl_nx1/shift                                                          |                                                                                                                                                                     |                3 |             22 |         7.33 |
|  vit_system_i/zynq_ultra_ps_e_0/inst/pl_clk0 | vit_system_i/smartconnect_ddr/inst/s00_entry_pipeline/s00_si_converter/inst/converter.wrap_narrow_inst/gen_thread_loop[0].r_cmd_fifo/gen_pipelined.load_mesg                                                             |                                                                                                                                                                     |                8 |             22 |         2.75 |
|  vit_system_i/zynq_ultra_ps_e_0/inst/pl_clk0 | vit_system_i/vit_phase_e_axi_0/inst/u_core/u_profile_counters/global_published                                                                                                                                           | vit_system_i/vit_phase_e_axi_0/inst/u_core/u_m7_overlap_counters/published                                                                                          |               17 |             22 |         1.29 |
|  vit_system_i/zynq_ultra_ps_e_0/inst/pl_clk0 | vit_system_i/vit_phase_e_axi_0/inst/u_core/u_profile_counters/command_trace_active49_out                                                                                                                                 | vit_system_i/vit_phase_e_axi_0/inst/u_core/u_perf_counters/job_cycles_o[63]_i_1_n_0                                                                                 |               11 |             22 |         2.00 |
|  vit_system_i/zynq_ultra_ps_e_0/inst/pl_clk0 | vit_system_i/vit_phase_e_axi_0/inst/u_core/u_npu/u_engine/u_softmax/active_row_length                                                                                                                                    | vit_system_i/vit_phase_e_axi_0/inst/u_core/u_npu/u_engine/u_command_controller/engine_rst_BUFG                                                                      |               12 |             22 |         1.83 |
|  vit_system_i/zynq_ultra_ps_e_0/inst/pl_clk0 | vit_system_i/vit_phase_e_axi_0/inst/u_core/u_npu/u_engine/u_vector/active_scalar                                                                                                                                         | vit_system_i/vit_phase_e_axi_0/inst/u_core/u_npu/u_engine/u_command_controller/engine_rst_BUFG                                                                      |               12 |             26 |         2.17 |
|  vit_system_i/zynq_ultra_ps_e_0/inst/pl_clk0 | vit_system_i/vit_phase_e_axi_0/inst/u_core/u_control/profile_trace_select_strobe_o                                                                                                                                       | vit_system_i/vit_phase_e_axi_0/inst/u_core/u_perf_counters/job_cycles_o[63]_i_1_n_0                                                                                 |               12 |             26 |         2.17 |
|  vit_system_i/zynq_ultra_ps_e_0/inst/pl_clk0 | vit_system_i/vit_phase_e_axi_0/inst/u_core/u_npu/u_engine/u_gemm/gen_fp16.u_fp16/u_stream_array/lane_index_q[3]_i_1_n_0                                                                                                  | vit_system_i/vit_phase_e_axi_0/inst/u_core/u_npu/u_engine/u_command_controller/engine_rst_BUFG                                                                      |               21 |             27 |         1.29 |
|  vit_system_i/zynq_ultra_ps_e_0/inst/pl_clk0 |                                                                                                                                                                                                                          | vit_system_i/smartconnect_control/inst/clk_map/psr_aclk/U0/interconnect_aresetn[0]                                                                                  |                9 |             27 |         3.00 |
|  vit_system_i/zynq_ultra_ps_e_0/inst/pl_clk0 |                                                                                                                                                                                                                          | vit_system_i/smartconnect_ddr/inst/clk_map/psr_aclk/U0/interconnect_aresetn[0]                                                                                      |                9 |             27 |         3.00 |
|  vit_system_i/zynq_ultra_ps_e_0/inst/pl_clk0 | vit_system_i/vit_phase_e_axi_0/inst/u_core/u_npu/u_engine/u_layout/address_generator_start                                                                                                                               | vit_system_i/vit_phase_e_axi_0/inst/u_core/u_npu/u_engine/u_command_controller/engine_rst_BUFG                                                                      |               23 |             27 |         1.17 |
|  vit_system_i/zynq_ultra_ps_e_0/inst/pl_clk0 | vit_system_i/vit_phase_e_axi_0/inst/u_core/u_npu/u_engine/u_vector/element_base[31]_i_1_n_0                                                                                                                              | vit_system_i/vit_phase_e_axi_0/inst/u_core/u_npu/u_engine/u_command_controller/engine_rst_BUFG                                                                      |                5 |             28 |         5.60 |
|  vit_system_i/zynq_ultra_ps_e_0/inst/pl_clk0 | vit_system_i/vit_phase_e_axi_0/inst/u_core/u_npu/u_engine/u_gelu/base_index[31]_i_1_n_0                                                                                                                                  | vit_system_i/vit_phase_e_axi_0/inst/u_core/u_npu/u_engine/u_command_controller/engine_rst_BUFG                                                                      |                5 |             28 |         5.60 |
|  vit_system_i/zynq_ultra_ps_e_0/inst/pl_clk0 | vit_system_i/vit_phase_e_axi_0/inst/u_core/u_npu/u_engine/u_gemm/gen_fp16.u_fp16/next_load_k_q[31]_i_1_n_0                                                                                                               | vit_system_i/vit_phase_e_axi_0/inst/u_core/u_npu/u_engine/u_command_controller/engine_rst_BUFG                                                                      |                5 |             29 |         5.80 |
|  vit_system_i/zynq_ultra_ps_e_0/inst/pl_clk0 | vit_system_i/vit_phase_e_axi_0/inst/u_core/u_npu/u_engine/u_gemm/gen_fp16.u_fp16/token_base[31]_i_1_n_0                                                                                                                  | vit_system_i/vit_phase_e_axi_0/inst/u_core/u_npu/u_engine/u_command_controller/engine_rst_BUFG                                                                      |               10 |             29 |         2.90 |
|  vit_system_i/zynq_ultra_ps_e_0/inst/pl_clk0 | vit_system_i/vit_phase_e_axi_0/inst/u_core/u_npu/u_engine/u_gemm/gen_fp16.u_fp16/k_base[31]_i_1_n_0                                                                                                                      | vit_system_i/vit_phase_e_axi_0/inst/u_core/u_npu/u_engine/u_command_controller/engine_rst_BUFG                                                                      |               17 |             29 |         1.71 |
|  vit_system_i/zynq_ultra_ps_e_0/inst/pl_clk0 | vit_system_i/vit_phase_e_axi_0/inst/u_core/u_npu/u_engine/u_gemm/gen_fp16.u_fp16/u_stream_array/gen_stream[5].u_stream/s1_product                                                                                        | vit_system_i/vit_phase_e_axi_0/inst/u_core/u_npu/u_engine/u_command_controller/engine_rst_BUFG                                                                      |               10 |             30 |         3.00 |
|  vit_system_i/zynq_ultra_ps_e_0/inst/pl_clk0 | vit_system_i/vit_phase_e_axi_0/inst/u_core/u_npu/u_engine/u_layernorm/u_reciprocal_hidden_size/unbiased_exponent                                                                                                         | vit_system_i/vit_phase_e_axi_0/inst/u_core/u_npu/u_engine/u_command_controller/engine_rst_BUFG                                                                      |                7 |             30 |         4.29 |
|  vit_system_i/zynq_ultra_ps_e_0/inst/pl_clk0 | vit_system_i/vit_phase_e_axi_0/inst/u_core/u_npu/u_engine/u_gemm/gen_fp16.u_fp16/u_stream_array/gen_stream[7].u_stream/s1_product                                                                                        | vit_system_i/vit_phase_e_axi_0/inst/u_core/u_npu/u_engine/u_command_controller/engine_rst_BUFG                                                                      |                9 |             30 |         3.33 |
|  vit_system_i/zynq_ultra_ps_e_0/inst/pl_clk0 | vit_system_i/vit_phase_e_axi_0/inst/u_core/u_npu/u_engine/u_gemm/gen_fp16.u_fp16/u_stream_array/gen_stream[4].u_stream/s1_product                                                                                        | vit_system_i/vit_phase_e_axi_0/inst/u_core/u_npu/u_engine/u_command_controller/engine_rst_BUFG                                                                      |               12 |             30 |         2.50 |
|  vit_system_i/zynq_ultra_ps_e_0/inst/pl_clk0 | vit_system_i/vit_phase_e_axi_0/inst/u_core/u_npu/u_engine/u_gemm/gen_fp16.u_fp16/u_stream_array/gen_stream[6].u_stream/s1_product                                                                                        | vit_system_i/vit_phase_e_axi_0/inst/u_core/u_npu/u_engine/u_command_controller/engine_rst_BUFG                                                                      |               13 |             30 |         2.31 |
|  vit_system_i/zynq_ultra_ps_e_0/inst/pl_clk0 | vit_system_i/vit_phase_e_axi_0/inst/u_core/u_npu/u_engine/u_gemm/gen_fp16.u_fp16/u_stream_array/gen_stream[0].u_stream/s1_product                                                                                        | vit_system_i/vit_phase_e_axi_0/inst/u_core/u_npu/u_engine/u_command_controller/engine_rst_BUFG                                                                      |               14 |             30 |         2.14 |
|  vit_system_i/zynq_ultra_ps_e_0/inst/pl_clk0 | vit_system_i/vit_phase_e_axi_0/inst/u_core/u_npu/u_engine/u_gemm/gen_fp16.u_fp16/u_stream_array/gen_stream[3].u_stream/s1_product                                                                                        | vit_system_i/vit_phase_e_axi_0/inst/u_core/u_npu/u_engine/u_command_controller/engine_rst_BUFG                                                                      |               11 |             30 |         2.73 |
|  vit_system_i/zynq_ultra_ps_e_0/inst/pl_clk0 | vit_system_i/vit_phase_e_axi_0/inst/u_core/u_npu/u_engine/u_gemm/gen_fp16.u_fp16/u_stream_array/gen_stream[1].u_stream/s1_product                                                                                        | vit_system_i/vit_phase_e_axi_0/inst/u_core/u_npu/u_engine/u_command_controller/engine_rst_BUFG                                                                      |               10 |             30 |         3.00 |
|  vit_system_i/zynq_ultra_ps_e_0/inst/pl_clk0 | vit_system_i/vit_phase_e_axi_0/inst/u_core/u_npu/u_engine/u_gelu/u_serial_core/erf_magnitude[29]_i_1_n_0                                                                                                                 | vit_system_i/vit_phase_e_axi_0/inst/u_core/u_npu/u_engine/u_command_controller/engine_rst_BUFG                                                                      |               10 |             30 |         3.00 |
|  vit_system_i/zynq_ultra_ps_e_0/inst/pl_clk0 | vit_system_i/vit_phase_e_axi_0/inst/u_core/u_npu/u_engine/u_gemm/gen_fp16.u_fp16/u_stream_array/gen_stream[2].u_stream/s1_product                                                                                        | vit_system_i/vit_phase_e_axi_0/inst/u_core/u_npu/u_engine/u_command_controller/engine_rst_BUFG                                                                      |               11 |             30 |         2.73 |
|  vit_system_i/zynq_ultra_ps_e_0/inst/pl_clk0 | vit_system_i/smartconnect_control/inst/s00_entry_pipeline/s00_mmu/inst/aw_reg_stall/skid_buffer[1136]_i_1__0_n_0                                                                                                         |                                                                                                                                                                     |               13 |             31 |         2.38 |
|  vit_system_i/zynq_ultra_ps_e_0/inst/pl_clk0 | vit_system_i/smartconnect_ddr/inst/s00_entry_pipeline/s00_si_converter/inst/converter.wrap_narrow_inst/w_payld_fifo/w_accum_continue1                                                                                    |                                                                                                                                                                     |               11 |             31 |         2.82 |
|  vit_system_i/zynq_ultra_ps_e_0/inst/pl_clk0 | vit_system_i/vit_phase_e_axi_0/inst/u_core/u_profile_counters/profile_running_o                                                                                                                                          | vit_system_i/vit_phase_e_axi_0/inst/u_core/u_m7_overlap_counters/published                                                                                          |               26 |             31 |         1.19 |
|  vit_system_i/zynq_ultra_ps_e_0/inst/pl_clk0 | vit_system_i/smartconnect_control/inst/s00_entry_pipeline/s00_mmu/inst/aw_reg_stall/m_vector_i                                                                                                                           |                                                                                                                                                                     |               11 |             31 |         2.82 |
|  vit_system_i/zynq_ultra_ps_e_0/inst/pl_clk0 | vit_system_i/vit_phase_e_axi_0/inst/u_core/u_npu/u_engine/u_gemm/gen_fp16.u_fp16/output_base[31]_i_1_n_0                                                                                                                 | vit_system_i/vit_phase_e_axi_0/inst/u_core/u_npu/u_engine/u_command_controller/engine_rst_BUFG                                                                      |               14 |             31 |         2.21 |
|  vit_system_i/zynq_ultra_ps_e_0/inst/pl_clk0 | vit_system_i/vit_phase_e_axi_0/inst/u_core/u_npu/u_engine/u_layernorm/active_recip_hidden_size[30]_i_1_n_0                                                                                                               | vit_system_i/vit_phase_e_axi_0/inst/u_core/u_npu/u_engine/u_command_controller/engine_rst_BUFG                                                                      |               24 |             31 |         1.29 |
|  vit_system_i/zynq_ultra_ps_e_0/inst/pl_clk0 | vit_system_i/vit_phase_e_axi_0/inst/u_core/u_npu/u_engine/u_layernorm/u_reciprocal_hidden_size/result[30]_i_1_n_0                                                                                                        | vit_system_i/vit_phase_e_axi_0/inst/u_core/u_npu/u_engine/u_command_controller/engine_rst_BUFG                                                                      |                8 |             31 |         3.88 |
|  vit_system_i/zynq_ultra_ps_e_0/inst/pl_clk0 | vit_system_i/vit_phase_e_axi_0/inst/u_core/u_npu/u_engine/u_memory_frontend/gemm_weight_data[415]_i_1_n_0                                                                                                                | vit_system_i/vit_phase_e_axi_0/inst/u_core/compute_rst                                                                                                              |               24 |             32 |         1.33 |
|  vit_system_i/zynq_ultra_ps_e_0/inst/pl_clk0 | vit_system_i/vit_phase_e_axi_0/inst/u_core/u_npu/u_engine/u_memory_frontend/vector_input_a[95]_i_1_n_0                                                                                                                   | vit_system_i/vit_phase_e_axi_0/inst/u_core/compute_rst                                                                                                              |               22 |             32 |         1.45 |
|  vit_system_i/zynq_ultra_ps_e_0/inst/pl_clk0 | vit_system_i/vit_phase_e_axi_0/inst/u_core/u_npu/u_engine/u_memory_frontend/gemm_weight_data[511]_i_1_n_0                                                                                                                | vit_system_i/vit_phase_e_axi_0/inst/u_core/compute_rst                                                                                                              |               26 |             32 |         1.23 |
|  vit_system_i/zynq_ultra_ps_e_0/inst/pl_clk0 | vit_system_i/vit_phase_e_axi_0/inst/u_core/u_npu/u_engine/u_memory_frontend/gemm_weight_data[447]_i_1_n_0                                                                                                                | vit_system_i/vit_phase_e_axi_0/inst/u_core/compute_rst                                                                                                              |               27 |             32 |         1.19 |
|  vit_system_i/zynq_ultra_ps_e_0/inst/pl_clk0 | vit_system_i/vit_phase_e_axi_0/inst/u_core/u_npu/u_engine/u_memory_frontend/gemm_weight_data[959]_i_1_n_0                                                                                                                | vit_system_i/vit_phase_e_axi_0/inst/u_core/compute_rst                                                                                                              |               27 |             32 |         1.19 |
|  vit_system_i/zynq_ultra_ps_e_0/inst/pl_clk0 | vit_system_i/vit_phase_e_axi_0/inst/u_core/u_npu/u_engine/u_memory_frontend/vector_input_a[415]_i_1_n_0                                                                                                                  | vit_system_i/vit_phase_e_axi_0/inst/u_core/compute_rst                                                                                                              |               28 |             32 |         1.14 |
|  vit_system_i/zynq_ultra_ps_e_0/inst/pl_clk0 | vit_system_i/vit_phase_e_axi_0/inst/u_core/u_npu/u_engine/u_memory_frontend/gemm_weight_data[927]_i_1_n_0                                                                                                                | vit_system_i/vit_phase_e_axi_0/inst/u_core/compute_rst                                                                                                              |               26 |             32 |         1.23 |
|  vit_system_i/zynq_ultra_ps_e_0/inst/pl_clk0 | vit_system_i/vit_phase_e_axi_0/inst/u_core/u_npu/u_engine/u_memory_frontend/vector_input_b[191]_i_1_n_0                                                                                                                  | vit_system_i/vit_phase_e_axi_0/inst/u_core/compute_rst                                                                                                              |               11 |             32 |         2.91 |
|  vit_system_i/zynq_ultra_ps_e_0/inst/pl_clk0 | vit_system_i/vit_phase_e_axi_0/inst/u_core/u_npu/u_engine/u_memory_frontend/gemm_weight_data[895]_i_1_n_0                                                                                                                | vit_system_i/vit_phase_e_axi_0/inst/u_core/compute_rst                                                                                                              |               28 |             32 |         1.14 |
|  vit_system_i/zynq_ultra_ps_e_0/inst/pl_clk0 | vit_system_i/vit_phase_e_axi_0/inst/u_core/u_npu/u_engine/u_memory_frontend/gemm_bias_data[63]_i_1_n_0                                                                                                                   | vit_system_i/vit_phase_e_axi_0/inst/u_core/compute_rst                                                                                                              |               28 |             32 |         1.14 |
|  vit_system_i/zynq_ultra_ps_e_0/inst/pl_clk0 | vit_system_i/vit_phase_e_axi_0/inst/u_core/u_npu/u_engine/u_memory_frontend/gemm_weight_data[863]_i_1_n_0                                                                                                                | vit_system_i/vit_phase_e_axi_0/inst/u_core/compute_rst                                                                                                              |               27 |             32 |         1.19 |
|  vit_system_i/zynq_ultra_ps_e_0/inst/pl_clk0 | vit_system_i/vit_phase_e_axi_0/inst/u_core/error_info_sticky                                                                                                                                                             | vit_system_i/vit_phase_e_axi_0/inst/u_core/recovery_required_q                                                                                                      |               19 |             32 |         1.68 |
|  vit_system_i/zynq_ultra_ps_e_0/inst/pl_clk0 | vit_system_i/vit_phase_e_axi_0/inst/u_core/u_npu/u_engine/u_memory_frontend/gemm_weight_data[831]_i_1_n_0                                                                                                                | vit_system_i/vit_phase_e_axi_0/inst/u_core/compute_rst                                                                                                              |               29 |             32 |         1.10 |
|  vit_system_i/zynq_ultra_ps_e_0/inst/pl_clk0 | vit_system_i/vit_phase_e_axi_0/inst/u_core/u_npu/u_engine/u_memory_frontend/vector_input_b[159]_i_1_n_0                                                                                                                  | vit_system_i/vit_phase_e_axi_0/inst/u_core/compute_rst                                                                                                              |               10 |             32 |         3.20 |
|  vit_system_i/zynq_ultra_ps_e_0/inst/pl_clk0 | vit_system_i/vit_phase_e_axi_0/inst/u_core/u_npu/u_engine/u_memory_frontend/vector_input_b[127]_i_1_n_0                                                                                                                  | vit_system_i/vit_phase_e_axi_0/inst/u_core/compute_rst                                                                                                              |               13 |             32 |         2.46 |
|  vit_system_i/zynq_ultra_ps_e_0/inst/pl_clk0 | vit_system_i/vit_phase_e_axi_0/inst/u_core/u_npu/u_engine/u_memory_frontend/gemm_weight_data[639]_i_1_n_0                                                                                                                | vit_system_i/vit_phase_e_axi_0/inst/u_core/compute_rst                                                                                                              |               30 |             32 |         1.07 |
|  vit_system_i/zynq_ultra_ps_e_0/inst/pl_clk0 | vit_system_i/vit_phase_e_axi_0/inst/u_core/u_npu/u_engine/u_memory_frontend/gemm_weight_data[799]_i_1_n_0                                                                                                                | vit_system_i/vit_phase_e_axi_0/inst/u_core/compute_rst                                                                                                              |               26 |             32 |         1.23 |
|  vit_system_i/zynq_ultra_ps_e_0/inst/pl_clk0 | vit_system_i/smartconnect_control/inst/s00_entry_pipeline/s00_si_converter/inst/gen_axilite_conv.axilite_conv_inst/s_axi_rdata_i[31]_i_1_n_0                                                                             | vit_system_i/smartconnect_control/inst/s00_entry_pipeline/s00_si_converter/inst/areset                                                                              |               11 |             32 |         2.91 |
|  vit_system_i/zynq_ultra_ps_e_0/inst/pl_clk0 | vit_system_i/vit_phase_e_axi_0/inst/u_core/u_npu/u_engine/u_memory_frontend/gemm_weight_data[767]_i_1_n_0                                                                                                                | vit_system_i/vit_phase_e_axi_0/inst/u_core/compute_rst                                                                                                              |               29 |             32 |         1.10 |
|  vit_system_i/zynq_ultra_ps_e_0/inst/pl_clk0 | vit_system_i/vit_phase_e_axi_0/inst/u_core/u_npu/u_engine/u_memory_frontend/vector_input_a[479]_i_1_n_0                                                                                                                  | vit_system_i/vit_phase_e_axi_0/inst/u_core/compute_rst                                                                                                              |               32 |             32 |         1.00 |
|  vit_system_i/zynq_ultra_ps_e_0/inst/pl_clk0 | vit_system_i/vit_phase_e_axi_0/inst/u_core/u_layer_param_table/a_rdata_o[31]_INST_0_i_2_n_0                                                                                                                              |                                                                                                                                                                     |               28 |             32 |         1.14 |
|  vit_system_i/zynq_ultra_ps_e_0/inst/pl_clk0 | vit_system_i/vit_phase_e_axi_0/inst/u_core/u_npu/u_engine/u_memory_frontend/gemm_weight_data[671]_i_1_n_0                                                                                                                | vit_system_i/vit_phase_e_axi_0/inst/u_core/compute_rst                                                                                                              |               25 |             32 |         1.28 |
|  vit_system_i/zynq_ultra_ps_e_0/inst/pl_clk0 | vit_system_i/vit_phase_e_axi_0/inst/u_core/u_npu/u_engine/u_memory_frontend/vector_input_a[511]_i_1_n_0                                                                                                                  | vit_system_i/vit_phase_e_axi_0/inst/u_core/compute_rst                                                                                                              |               31 |             32 |         1.03 |
|  vit_system_i/zynq_ultra_ps_e_0/inst/pl_clk0 | vit_system_i/vit_phase_e_axi_0/inst/u_core/u_npu/u_engine/u_memory_frontend/gemm_weight_data[63]_i_1_n_0                                                                                                                 | vit_system_i/vit_phase_e_axi_0/inst/u_core/compute_rst                                                                                                              |               28 |             32 |         1.14 |
|  vit_system_i/zynq_ultra_ps_e_0/inst/pl_clk0 | vit_system_i/vit_phase_e_axi_0/inst/u_core/u_npu/u_engine/u_memory_frontend/vector_input_a[63]_i_1_n_0                                                                                                                   | vit_system_i/vit_phase_e_axi_0/inst/u_core/compute_rst                                                                                                              |               22 |             32 |         1.45 |
|  vit_system_i/zynq_ultra_ps_e_0/inst/pl_clk0 | vit_system_i/vit_phase_e_axi_0/inst/u_core/u_npu/u_engine/u_memory_frontend/vector_input_b[383]_i_1_n_0                                                                                                                  | vit_system_i/vit_phase_e_axi_0/inst/u_core/compute_rst                                                                                                              |               13 |             32 |         2.46 |
|  vit_system_i/zynq_ultra_ps_e_0/inst/pl_clk0 | vit_system_i/vit_phase_e_axi_0/inst/u_core/u_npu/u_engine/u_memory_frontend/gemm_weight_data[31]_i_1_n_0                                                                                                                 | vit_system_i/vit_phase_e_axi_0/inst/u_core/compute_rst                                                                                                              |               28 |             32 |         1.14 |
|  vit_system_i/zynq_ultra_ps_e_0/inst/pl_clk0 | vit_system_i/vit_phase_e_axi_0/inst/u_core/u_npu/u_engine/u_memory_frontend/vector_input_b[511]_i_1_n_0                                                                                                                  | vit_system_i/vit_phase_e_axi_0/inst/u_core/compute_rst                                                                                                              |               12 |             32 |         2.67 |
|  vit_system_i/zynq_ultra_ps_e_0/inst/pl_clk0 | vit_system_i/vit_phase_e_axi_0/inst/u_core/u_npu/u_engine/u_memory_frontend/argmax_input_data[31]_i_1_n_0                                                                                                                | vit_system_i/vit_phase_e_axi_0/inst/u_core/compute_rst                                                                                                              |               21 |             32 |         1.52 |
|  vit_system_i/zynq_ultra_ps_e_0/inst/pl_clk0 | vit_system_i/vit_phase_e_axi_0/inst/u_core/u_npu/u_engine/u_memory_frontend/gemm_weight_data[319]_i_1_n_0                                                                                                                | vit_system_i/vit_phase_e_axi_0/inst/u_core/compute_rst                                                                                                              |               26 |             32 |         1.23 |
|  vit_system_i/zynq_ultra_ps_e_0/inst/pl_clk0 | vit_system_i/vit_phase_e_axi_0/inst/u_core/u_npu/u_engine/u_memory_frontend/vector_input_b[479]_i_1_n_0                                                                                                                  | vit_system_i/vit_phase_e_axi_0/inst/u_core/compute_rst                                                                                                              |                9 |             32 |         3.56 |
|  vit_system_i/zynq_ultra_ps_e_0/inst/pl_clk0 | vit_system_i/vit_phase_e_axi_0/inst/u_core/u_npu/u_engine/u_memory_frontend/vector_input_b[447]_i_1_n_0                                                                                                                  | vit_system_i/vit_phase_e_axi_0/inst/u_core/compute_rst                                                                                                              |               11 |             32 |         2.91 |
|  vit_system_i/zynq_ultra_ps_e_0/inst/pl_clk0 | vit_system_i/vit_phase_e_axi_0/inst/u_core/u_npu/u_engine/u_memory_frontend/vector_input_b[415]_i_1_n_0                                                                                                                  | vit_system_i/vit_phase_e_axi_0/inst/u_core/compute_rst                                                                                                              |               11 |             32 |         2.91 |
|  vit_system_i/zynq_ultra_ps_e_0/inst/pl_clk0 | vit_system_i/vit_phase_e_axi_0/inst/u_core/u_npu/u_engine/u_memory_frontend/u_gemm_address_context/activation_token_base                                                                                                 | vit_system_i/vit_phase_e_axi_0/inst/u_core/u_npu/u_engine/u_memory_frontend/u_gemm_address_context/activation_address_base[31]_i_1_n_0                              |                7 |             32 |         4.57 |
|  vit_system_i/zynq_ultra_ps_e_0/inst/pl_clk0 | vit_system_i/vit_phase_e_axi_0/inst/u_core/u_npu/u_engine/u_memory_frontend/u_gemm_address_context/activation_token_base                                                                                                 | vit_system_i/vit_phase_e_axi_0/inst/u_core/u_npu/u_engine/u_memory_frontend/u_gemm_bias_cache/bias_memory_reg_bram_3_i_2_n_0                                        |               20 |             32 |         1.60 |
|  vit_system_i/zynq_ultra_ps_e_0/inst/pl_clk0 | vit_system_i/vit_phase_e_axi_0/inst/u_core/u_npu/u_engine/u_memory_frontend/gemm_weight_data[287]_i_1_n_0                                                                                                                | vit_system_i/vit_phase_e_axi_0/inst/u_core/compute_rst                                                                                                              |               27 |             32 |         1.19 |
|  vit_system_i/zynq_ultra_ps_e_0/inst/pl_clk0 | vit_system_i/vit_phase_e_axi_0/inst/u_core/u_npu/u_engine/u_memory_frontend/gemm_weight_data[351]_i_1_n_0                                                                                                                | vit_system_i/vit_phase_e_axi_0/inst/u_core/compute_rst                                                                                                              |               24 |             32 |         1.33 |
|  vit_system_i/zynq_ultra_ps_e_0/inst/pl_clk0 | vit_system_i/vit_phase_e_axi_0/inst/u_core/u_npu/u_engine/u_memory_frontend/gemm_weight_data[255]_i_1_n_0                                                                                                                | vit_system_i/vit_phase_e_axi_0/inst/u_core/compute_rst                                                                                                              |               27 |             32 |         1.19 |
|  vit_system_i/zynq_ultra_ps_e_0/inst/pl_clk0 | vit_system_i/vit_phase_e_axi_0/inst/u_core/u_npu/u_engine/u_layout/address_generator_advance                                                                                                                             | vit_system_i/vit_phase_e_axi_0/inst/u_core/u_npu/u_engine/u_layout/u_address_generator/index2[0]_i_1_n_0                                                            |                4 |             32 |         8.00 |
|  vit_system_i/zynq_ultra_ps_e_0/inst/pl_clk0 | vit_system_i/vit_phase_e_axi_0/inst/u_core/u_npu/u_engine/u_memory_frontend/gemm_weight_data[223]_i_1_n_0                                                                                                                | vit_system_i/vit_phase_e_axi_0/inst/u_core/compute_rst                                                                                                              |               23 |             32 |         1.39 |
|  vit_system_i/zynq_ultra_ps_e_0/inst/pl_clk0 | vit_system_i/vit_phase_e_axi_0/inst/u_core/u_npu/u_engine/u_layout/active_total_words                                                                                                                                    | vit_system_i/vit_phase_e_axi_0/inst/u_core/u_npu/u_engine/u_command_controller/engine_rst_BUFG                                                                      |               12 |             32 |         2.67 |
|  vit_system_i/zynq_ultra_ps_e_0/inst/pl_clk0 | vit_system_i/vit_phase_e_axi_0/inst/u_core/u_npu/u_engine/u_memory_frontend/gemm_weight_data[191]_i_1_n_0                                                                                                                | vit_system_i/vit_phase_e_axi_0/inst/u_core/compute_rst                                                                                                              |               28 |             32 |         1.14 |
|  vit_system_i/zynq_ultra_ps_e_0/inst/pl_clk0 | vit_system_i/vit_phase_e_axi_0/inst/u_core/u_npu/u_engine/u_memory_frontend/gemm_weight_data[159]_i_1_n_0                                                                                                                | vit_system_i/vit_phase_e_axi_0/inst/u_core/compute_rst                                                                                                              |               27 |             32 |         1.19 |
|  vit_system_i/zynq_ultra_ps_e_0/inst/pl_clk0 | vit_system_i/vit_phase_e_axi_0/inst/u_core/u_npu/u_engine/u_memory_frontend/vector_input_b[351]_i_1_n_0                                                                                                                  | vit_system_i/vit_phase_e_axi_0/inst/u_core/compute_rst                                                                                                              |               10 |             32 |         3.20 |
|  vit_system_i/zynq_ultra_ps_e_0/inst/pl_clk0 | vit_system_i/vit_phase_e_axi_0/inst/u_core/u_npu/u_engine/u_layout/u_descriptor_validator/total_words[31]_i_1_n_0                                                                                                        | vit_system_i/vit_phase_e_axi_0/inst/u_core/u_npu/u_engine/u_command_controller/engine_rst_BUFG                                                                      |                6 |             32 |         5.33 |
|  vit_system_i/zynq_ultra_ps_e_0/inst/pl_clk0 | vit_system_i/vit_phase_e_axi_0/inst/u_core/u_npu/u_engine/u_memory_frontend/vector_input_b[31]_i_1_n_0                                                                                                                   | vit_system_i/vit_phase_e_axi_0/inst/u_core/compute_rst                                                                                                              |               15 |             32 |         2.13 |
|  vit_system_i/zynq_ultra_ps_e_0/inst/pl_clk0 | vit_system_i/vit_phase_e_axi_0/inst/u_core/u_npu/u_engine/u_layout/u_descriptor_validator/dim01_product[31]_i_1_n_0                                                                                                      | vit_system_i/vit_phase_e_axi_0/inst/u_core/u_npu/u_engine/u_command_controller/engine_rst_BUFG                                                                      |                7 |             32 |         4.57 |
|  vit_system_i/zynq_ultra_ps_e_0/inst/pl_clk0 | vit_system_i/vit_phase_e_axi_0/inst/u_core/u_npu/u_engine/u_memory_frontend/gelu_input_data[191]_i_1_n_0                                                                                                                 | vit_system_i/vit_phase_e_axi_0/inst/u_core/compute_rst                                                                                                              |               30 |             32 |         1.07 |
|  vit_system_i/zynq_ultra_ps_e_0/inst/pl_clk0 | vit_system_i/vit_phase_e_axi_0/inst/u_core/u_npu/u_engine/u_memory_frontend/gemm_bias_data[31]_i_1_n_0                                                                                                                   | vit_system_i/vit_phase_e_axi_0/inst/u_core/compute_rst                                                                                                              |               26 |             32 |         1.23 |
|  vit_system_i/zynq_ultra_ps_e_0/inst/pl_clk0 | vit_system_i/vit_phase_e_axi_0/inst/u_core/u_npu/u_engine/u_memory_frontend/vector_input_b[95]_i_1_n_0                                                                                                                   | vit_system_i/vit_phase_e_axi_0/inst/u_core/compute_rst                                                                                                              |               11 |             32 |         2.91 |
|  vit_system_i/zynq_ultra_ps_e_0/inst/pl_clk0 | vit_system_i/vit_phase_e_axi_0/inst/u_core/u_npu/u_engine/u_memory_frontend/ln_input_data[31]_i_1_n_0                                                                                                                    | vit_system_i/vit_phase_e_axi_0/inst/u_core/compute_rst                                                                                                              |               10 |             32 |         3.20 |
|  vit_system_i/zynq_ultra_ps_e_0/inst/pl_clk0 | vit_system_i/vit_phase_e_axi_0/inst/u_core/u_npu/u_engine/u_memory_frontend/gelu_input_data[383]_i_1_n_0                                                                                                                 | vit_system_i/vit_phase_e_axi_0/inst/u_core/compute_rst                                                                                                              |               32 |             32 |         1.00 |
|  vit_system_i/zynq_ultra_ps_e_0/inst/pl_clk0 | vit_system_i/vit_phase_e_axi_0/inst/u_core/u_npu/u_engine/u_memory_frontend/gelu_input_data[351]_i_1_n_0                                                                                                                 | vit_system_i/vit_phase_e_axi_0/inst/u_core/compute_rst                                                                                                              |               29 |             32 |         1.10 |
|  vit_system_i/zynq_ultra_ps_e_0/inst/pl_clk0 | vit_system_i/vit_phase_e_axi_0/inst/u_core/u_npu/u_engine/u_memory_frontend/gelu_input_data[31]_i_1_n_0                                                                                                                  | vit_system_i/vit_phase_e_axi_0/inst/u_core/compute_rst                                                                                                              |               27 |             32 |         1.19 |
|  vit_system_i/zynq_ultra_ps_e_0/inst/pl_clk0 | vit_system_i/vit_phase_e_axi_0/inst/u_core/u_npu/u_engine/u_memory_frontend/gelu_input_data[319]_i_1_n_0                                                                                                                 | vit_system_i/vit_phase_e_axi_0/inst/u_core/compute_rst                                                                                                              |               31 |             32 |         1.03 |
|  vit_system_i/zynq_ultra_ps_e_0/inst/pl_clk0 | vit_system_i/vit_phase_e_axi_0/inst/u_core/u_npu/u_engine/u_memory_frontend/gelu_input_data[287]_i_1_n_0                                                                                                                 | vit_system_i/vit_phase_e_axi_0/inst/u_core/compute_rst                                                                                                              |               28 |             32 |         1.14 |
|  vit_system_i/zynq_ultra_ps_e_0/inst/pl_clk0 | vit_system_i/vit_phase_e_axi_0/inst/u_core/u_npu/u_engine/u_memory_frontend/gelu_input_data[255]_i_1_n_0                                                                                                                 | vit_system_i/vit_phase_e_axi_0/inst/u_core/compute_rst                                                                                                              |               29 |             32 |         1.10 |
|  vit_system_i/zynq_ultra_ps_e_0/inst/pl_clk0 | vit_system_i/vit_phase_e_axi_0/inst/u_core/u_npu/u_engine/u_memory_frontend/gelu_input_data[223]_i_1_n_0                                                                                                                 | vit_system_i/vit_phase_e_axi_0/inst/u_core/compute_rst                                                                                                              |               31 |             32 |         1.03 |
|  vit_system_i/zynq_ultra_ps_e_0/inst/pl_clk0 | vit_system_i/vit_phase_e_axi_0/inst/u_core/u_npu/u_engine/u_memory_frontend/gemm_weight_data[127]_i_1_n_0                                                                                                                | vit_system_i/vit_phase_e_axi_0/inst/u_core/compute_rst                                                                                                              |               28 |             32 |         1.14 |
|  vit_system_i/zynq_ultra_ps_e_0/inst/pl_clk0 | vit_system_i/vit_phase_e_axi_0/inst/u_core/u_npu/u_engine/u_memory_frontend/gelu_input_data[159]_i_1_n_0                                                                                                                 | vit_system_i/vit_phase_e_axi_0/inst/u_core/compute_rst                                                                                                              |               28 |             32 |         1.14 |
|  vit_system_i/zynq_ultra_ps_e_0/inst/pl_clk0 | vit_system_i/vit_phase_e_axi_0/inst/u_core/u_npu/u_engine/u_memory_frontend/gelu_input_data[127]_i_1_n_0                                                                                                                 | vit_system_i/vit_phase_e_axi_0/inst/u_core/compute_rst                                                                                                              |               31 |             32 |         1.03 |
|  vit_system_i/zynq_ultra_ps_e_0/inst/pl_clk0 | vit_system_i/vit_phase_e_axi_0/inst/u_core/u_npu/u_engine/u_memory_frontend/gelu_input_data[415]_i_1_n_0                                                                                                                 | vit_system_i/vit_phase_e_axi_0/inst/u_core/compute_rst                                                                                                              |               30 |             32 |         1.07 |
|  vit_system_i/zynq_ultra_ps_e_0/inst/pl_clk0 | vit_system_i/vit_phase_e_axi_0/inst/u_core/u_npu/u_engine/u_memory_frontend/gelu_input_data[447]_i_1_n_0                                                                                                                 | vit_system_i/vit_phase_e_axi_0/inst/u_core/compute_rst                                                                                                              |               27 |             32 |         1.19 |
|  vit_system_i/zynq_ultra_ps_e_0/inst/pl_clk0 | vit_system_i/vit_phase_e_axi_0/inst/u_core/u_npu/u_engine/u_memory_frontend/gelu_input_data[479]_i_1_n_0                                                                                                                 | vit_system_i/vit_phase_e_axi_0/inst/u_core/compute_rst                                                                                                              |               32 |             32 |         1.00 |
|  vit_system_i/zynq_ultra_ps_e_0/inst/pl_clk0 | vit_system_i/vit_phase_e_axi_0/inst/u_core/u_npu/u_engine/u_memory_frontend/gelu_input_data[511]_i_1_n_0                                                                                                                 | vit_system_i/vit_phase_e_axi_0/inst/u_core/compute_rst                                                                                                              |               32 |             32 |         1.00 |
|  vit_system_i/zynq_ultra_ps_e_0/inst/pl_clk0 | vit_system_i/vit_phase_e_axi_0/inst/u_core/u_npu/u_engine/u_memory_frontend/gelu_input_data[63]_i_1_n_0                                                                                                                  | vit_system_i/vit_phase_e_axi_0/inst/u_core/compute_rst                                                                                                              |               31 |             32 |         1.03 |
|  vit_system_i/zynq_ultra_ps_e_0/inst/pl_clk0 | vit_system_i/vit_phase_e_axi_0/inst/u_core/u_npu/u_engine/u_memory_frontend/gelu_input_data[95]_i_1_n_0                                                                                                                  | vit_system_i/vit_phase_e_axi_0/inst/u_core/compute_rst                                                                                                              |               31 |             32 |         1.03 |
|  vit_system_i/zynq_ultra_ps_e_0/inst/pl_clk0 | vit_system_i/vit_phase_e_axi_0/inst/u_core/u_npu/u_engine/u_memory_frontend/ln_gamma_data[31]_i_1_n_0                                                                                                                    | vit_system_i/vit_phase_e_axi_0/inst/u_core/compute_rst                                                                                                              |                6 |             32 |         5.33 |
|  vit_system_i/zynq_ultra_ps_e_0/inst/pl_clk0 | vit_system_i/vit_phase_e_axi_0/inst/u_core/u_npu/u_engine/u_memory_frontend/gemm_weight_data[383]_i_1_n_0                                                                                                                | vit_system_i/vit_phase_e_axi_0/inst/u_core/compute_rst                                                                                                              |               29 |             32 |         1.10 |
|  vit_system_i/zynq_ultra_ps_e_0/inst/pl_clk0 | vit_system_i/vit_phase_e_axi_0/inst/u_core/u_npu/u_engine/u_layernorm/rsqrt_operand_product[31]_i_1_n_0                                                                                                                  | vit_system_i/vit_phase_e_axi_0/inst/u_core/u_npu/u_engine/u_command_controller/engine_rst_BUFG                                                                      |               22 |             32 |         1.45 |
|  vit_system_i/zynq_ultra_ps_e_0/inst/pl_clk0 | vit_system_i/vit_phase_e_axi_0/inst/u_core/u_npu/u_engine/u_memory_frontend/gemm_weight_data[543]_i_1_n_0                                                                                                                | vit_system_i/vit_phase_e_axi_0/inst/u_core/compute_rst                                                                                                              |               32 |             32 |         1.00 |
|  vit_system_i/zynq_ultra_ps_e_0/inst/pl_clk0 | vit_system_i/vit_phase_e_axi_0/inst/u_core/u_npu/u_engine/u_layernorm/result_index[31]_i_1_n_0                                                                                                                           | vit_system_i/vit_phase_e_axi_0/inst/u_core/u_npu/u_engine/u_command_controller/engine_rst_BUFG                                                                      |                4 |             32 |         8.00 |
|  vit_system_i/zynq_ultra_ps_e_0/inst/pl_clk0 | vit_system_i/vit_phase_e_axi_0/inst/u_core/u_npu/u_engine/u_memory_frontend/gemm_weight_data[735]_i_1_n_0                                                                                                                | vit_system_i/vit_phase_e_axi_0/inst/u_core/compute_rst                                                                                                              |               27 |             32 |         1.19 |
|  vit_system_i/zynq_ultra_ps_e_0/inst/pl_clk0 | vit_system_i/vit_phase_e_axi_0/inst/u_core/u_npu/u_engine/u_layernorm/rsqrt_correction[31]_i_1_n_0                                                                                                                       | vit_system_i/vit_phase_e_axi_0/inst/u_core/u_npu/u_engine/u_command_controller/engine_rst_BUFG                                                                      |               23 |             32 |         1.39 |
|  vit_system_i/zynq_ultra_ps_e_0/inst/pl_clk0 | vit_system_i/vit_phase_e_axi_0/inst/u_core/u_npu/u_engine/u_layernorm/rsqrt_estimate[31]_i_1_n_0                                                                                                                         | vit_system_i/vit_phase_e_axi_0/inst/u_core/u_npu/u_engine/u_command_controller/engine_rst_BUFG                                                                      |               14 |             32 |         2.29 |
|  vit_system_i/zynq_ultra_ps_e_0/inst/pl_clk0 | vit_system_i/vit_phase_e_axi_0/inst/u_core/u_npu/u_engine/u_layernorm/centered_sample[31]_i_1_n_0                                                                                                                        | vit_system_i/vit_phase_e_axi_0/inst/u_core/u_npu/u_engine/u_command_controller/engine_rst_BUFG                                                                      |               29 |             32 |         1.10 |
|  vit_system_i/zynq_ultra_ps_e_0/inst/pl_clk0 | vit_system_i/vit_phase_e_axi_0/inst/u_core/u_npu/u_engine/u_layernorm/active_token_count[19]_i_1_n_0                                                                                                                     | vit_system_i/vit_phase_e_axi_0/inst/u_core/u_npu/u_engine/u_command_controller/engine_rst_BUFG                                                                      |               21 |             32 |         1.52 |
|  vit_system_i/zynq_ultra_ps_e_0/inst/pl_clk0 | vit_system_i/vit_phase_e_axi_0/inst/u_core/u_npu/u_engine/u_layernorm/channel_index[31]_i_1_n_0                                                                                                                          | vit_system_i/vit_phase_e_axi_0/inst/u_core/u_npu/u_engine/u_command_controller/engine_rst_BUFG                                                                      |                7 |             32 |         4.57 |
|  vit_system_i/zynq_ultra_ps_e_0/inst/pl_clk0 | vit_system_i/vit_phase_e_axi_0/inst/u_core/u_npu/u_engine/u_layernorm/variance_accumulator                                                                                                                               | vit_system_i/vit_phase_e_axi_0/inst/u_core/u_npu/u_engine/u_command_controller/engine_rst_BUFG                                                                      |               14 |             32 |         2.29 |
|  vit_system_i/zynq_ultra_ps_e_0/inst/pl_clk0 | vit_system_i/vit_phase_e_axi_0/inst/u_core/u_npu/u_engine/u_layernorm/rsqrt_scaled_product[31]_i_1_n_0                                                                                                                   | vit_system_i/vit_phase_e_axi_0/inst/u_core/u_npu/u_engine/u_command_controller/engine_rst_BUFG                                                                      |               20 |             32 |         1.60 |
|  vit_system_i/zynq_ultra_ps_e_0/inst/pl_clk0 | vit_system_i/vit_phase_e_axi_0/inst/u_core/u_npu/u_engine/u_layernorm/result_data[31]_i_1_n_0                                                                                                                            | vit_system_i/vit_phase_e_axi_0/inst/u_core/u_npu/u_engine/u_command_controller/engine_rst_BUFG                                                                      |               31 |             32 |         1.03 |
|  vit_system_i/zynq_ultra_ps_e_0/inst/pl_clk0 | vit_system_i/vit_phase_e_axi_0/inst/u_core/u_npu/u_engine/u_layernorm/rsqrt_operand[31]_i_1_n_0                                                                                                                          | vit_system_i/vit_phase_e_axi_0/inst/u_core/u_npu/u_engine/u_command_controller/engine_rst_BUFG                                                                      |               17 |             32 |         1.88 |
|  vit_system_i/zynq_ultra_ps_e_0/inst/pl_clk0 | vit_system_i/vit_phase_e_axi_0/inst/u_core/u_npu/u_engine/u_layernorm/rsqrt_estimate_squared[31]_i_1_n_0                                                                                                                 | vit_system_i/vit_phase_e_axi_0/inst/u_core/u_npu/u_engine/u_command_controller/engine_rst_BUFG                                                                      |               17 |             32 |         1.88 |
|  vit_system_i/zynq_ultra_ps_e_0/inst/pl_clk0 | vit_system_i/vit_phase_e_axi_0/inst/u_core/u_npu/u_engine/u_memory_frontend/layout_source_data[31]_i_1_n_0                                                                                                               | vit_system_i/vit_phase_e_axi_0/inst/u_core/compute_rst                                                                                                              |               24 |             32 |         1.33 |
|  vit_system_i/zynq_ultra_ps_e_0/inst/pl_clk0 | vit_system_i/vit_phase_e_axi_0/inst/u_core/u_npu/u_engine/u_layernorm/u_total_words_multiplier/shifted_multiplier[9]_i_1_n_0                                                                                             | vit_system_i/vit_phase_e_axi_0/inst/u_core/u_npu/u_engine/u_layernorm/u_total_words_multiplier/product[63]_i_1_n_0                                                  |                6 |             32 |         5.33 |
|  vit_system_i/zynq_ultra_ps_e_0/inst/pl_clk0 | vit_system_i/vit_phase_e_axi_0/inst/u_core/u_npu/u_engine/u_memory_frontend/gemm_weight_data[607]_i_1_n_0                                                                                                                | vit_system_i/vit_phase_e_axi_0/inst/u_core/compute_rst                                                                                                              |               28 |             32 |         1.14 |
|  vit_system_i/zynq_ultra_ps_e_0/inst/pl_clk0 | vit_system_i/vit_phase_e_axi_0/inst/u_core/u_npu/u_engine/u_memory_frontend/vector_input_b[255]_i_1_n_0                                                                                                                  | vit_system_i/vit_phase_e_axi_0/inst/u_core/compute_rst                                                                                                              |                7 |             32 |         4.57 |
|  vit_system_i/zynq_ultra_ps_e_0/inst/pl_clk0 | vit_system_i/vit_phase_e_axi_0/inst/u_core/u_npu/u_engine/u_memory_frontend/gemm_weight_data[95]_i_1_n_0                                                                                                                 | vit_system_i/vit_phase_e_axi_0/inst/u_core/compute_rst                                                                                                              |               24 |             32 |         1.33 |
|  vit_system_i/zynq_ultra_ps_e_0/inst/pl_clk0 | vit_system_i/vit_phase_e_axi_0/inst/u_core/u_npu/u_engine/u_memory_frontend/gemm_weight_data[1023]_i_1_n_0                                                                                                               | vit_system_i/vit_phase_e_axi_0/inst/u_core/compute_rst                                                                                                              |               31 |             32 |         1.03 |
|  vit_system_i/zynq_ultra_ps_e_0/inst/pl_clk0 | vit_system_i/vit_phase_e_axi_0/inst/u_core/u_npu/u_engine/u_memory_frontend/ln_beta_data[31]_i_1_n_0                                                                                                                     | vit_system_i/vit_phase_e_axi_0/inst/u_core/compute_rst                                                                                                              |               10 |             32 |         3.20 |
|  vit_system_i/zynq_ultra_ps_e_0/inst/pl_clk0 | vit_system_i/vit_phase_e_axi_0/inst/u_core/u_npu/u_engine/u_memory_frontend/vector_input_b[223]_i_1_n_0                                                                                                                  | vit_system_i/vit_phase_e_axi_0/inst/u_core/compute_rst                                                                                                              |                9 |             32 |         3.56 |
|  vit_system_i/zynq_ultra_ps_e_0/inst/pl_clk0 | vit_system_i/vit_phase_e_axi_0/inst/u_core/u_npu/u_engine/u_memory_frontend/gemm_weight_data[703]_i_1_n_0                                                                                                                | vit_system_i/vit_phase_e_axi_0/inst/u_core/compute_rst                                                                                                              |               27 |             32 |         1.19 |
|  vit_system_i/zynq_ultra_ps_e_0/inst/pl_clk0 | vit_system_i/vit_phase_e_axi_0/inst/u_core/u_npu/u_engine/u_layout/u_descriptor_validator/u_shared_multiplier/shifted_multiplier[19]_i_1_n_0                                                                             | vit_system_i/vit_phase_e_axi_0/inst/u_core/u_npu/u_engine/u_layout/u_descriptor_validator/u_shared_multiplier/product[63]_i_1_n_0                                   |                7 |             32 |         4.57 |
|  vit_system_i/zynq_ultra_ps_e_0/inst/pl_clk0 | vit_system_i/vit_phase_e_axi_0/inst/u_core/u_npu/u_engine/u_memory_frontend/vector_input_b[319]_i_1_n_0                                                                                                                  | vit_system_i/vit_phase_e_axi_0/inst/u_core/compute_rst                                                                                                              |               10 |             32 |         3.20 |
|  vit_system_i/zynq_ultra_ps_e_0/inst/pl_clk0 | vit_system_i/vit_phase_e_axi_0/inst/u_core/u_npu/u_engine/u_memory_frontend/gemm_weight_data[991]_i_1_n_0                                                                                                                | vit_system_i/vit_phase_e_axi_0/inst/u_core/compute_rst                                                                                                              |               25 |             32 |         1.28 |
|  vit_system_i/zynq_ultra_ps_e_0/inst/pl_clk0 | vit_system_i/vit_phase_e_axi_0/inst/u_core/u_npu/u_engine/u_layout/u_address_generator/source_address[31]_i_1_n_0                                                                                                        | vit_system_i/vit_phase_e_axi_0/inst/u_core/u_npu/u_engine/u_command_controller/engine_rst_BUFG                                                                      |               12 |             32 |         2.67 |
|  vit_system_i/zynq_ultra_ps_e_0/inst/pl_clk0 | vit_system_i/vit_phase_e_axi_0/inst/u_core/u_npu/u_engine/u_layout/u_address_generator/row_base_address                                                                                                                  | vit_system_i/vit_phase_e_axi_0/inst/u_core/u_npu/u_engine/u_command_controller/engine_rst_BUFG                                                                      |               11 |             32 |         2.91 |
|  vit_system_i/zynq_ultra_ps_e_0/inst/pl_clk0 | vit_system_i/vit_phase_e_axi_0/inst/u_core/u_npu/u_engine/u_layout/u_address_generator/plane_base_address                                                                                                                | vit_system_i/vit_phase_e_axi_0/inst/u_core/u_npu/u_engine/u_command_controller/engine_rst_BUFG                                                                      |                4 |             32 |         8.00 |
|  vit_system_i/zynq_ultra_ps_e_0/inst/pl_clk0 | vit_system_i/vit_phase_e_axi_0/inst/u_core/u_npu/u_engine/u_memory_frontend/gemm_weight_data[479]_i_1_n_0                                                                                                                | vit_system_i/vit_phase_e_axi_0/inst/u_core/compute_rst                                                                                                              |               25 |             32 |         1.28 |
|  vit_system_i/zynq_ultra_ps_e_0/inst/pl_clk0 | vit_system_i/vit_phase_e_axi_0/inst/u_core/u_npu/u_engine/u_layout/u_address_generator/index1[0]_i_2_n_0                                                                                                                 | vit_system_i/vit_phase_e_axi_0/inst/u_core/u_npu/u_engine/u_layout/u_address_generator/index1[0]_i_1_n_0                                                            |                4 |             32 |         8.00 |
|  vit_system_i/zynq_ultra_ps_e_0/inst/pl_clk0 | vit_system_i/vit_phase_e_axi_0/inst/u_core/u_npu/u_engine/u_layernorm/squared_sample[31]_i_1_n_0                                                                                                                         | vit_system_i/vit_phase_e_axi_0/inst/u_core/u_npu/u_engine/u_command_controller/engine_rst_BUFG                                                                      |               22 |             32 |         1.45 |
|  vit_system_i/zynq_ultra_ps_e_0/inst/pl_clk0 | vit_system_i/vit_phase_e_axi_0/inst/u_core/u_npu/u_engine/u_layernorm/sum_accumulator                                                                                                                                    | vit_system_i/vit_phase_e_axi_0/inst/u_core/u_npu/u_engine/u_command_controller/engine_rst_BUFG                                                                      |               13 |             32 |         2.46 |
|  vit_system_i/zynq_ultra_ps_e_0/inst/pl_clk0 | vit_system_i/vit_phase_e_axi_0/inst/u_core/u_npu/u_engine/u_gemm/gen_fp16.u_fp16/batch_index[31]_i_1_n_0                                                                                                                 | vit_system_i/vit_phase_e_axi_0/inst/u_core/u_npu/u_engine/u_command_controller/engine_rst_BUFG                                                                      |                6 |             32 |         5.33 |
|  vit_system_i/zynq_ultra_ps_e_0/inst/pl_clk0 | vit_system_i/vit_phase_e_axi_0/inst/u_core/u_npu/u_engine/u_memory_frontend/gemm_weight_data[575]_i_1_n_0                                                                                                                | vit_system_i/vit_phase_e_axi_0/inst/u_core/compute_rst                                                                                                              |               30 |             32 |         1.07 |
|  vit_system_i/zynq_ultra_ps_e_0/inst/pl_clk0 | vit_system_i/vit_phase_e_axi_0/inst/u_core/u_npu/u_engine/u_memory_frontend/vector_input_b[287]_i_1_n_0                                                                                                                  | vit_system_i/vit_phase_e_axi_0/inst/u_core/compute_rst                                                                                                              |                9 |             32 |         3.56 |
|  vit_system_i/zynq_ultra_ps_e_0/inst/pl_clk0 | vit_system_i/vit_phase_e_axi_0/inst/u_core/u_npu/u_engine/u_layernorm/token_inv_std[31]_i_1_n_0                                                                                                                          | vit_system_i/vit_phase_e_axi_0/inst/u_core/u_npu/u_engine/u_command_controller/engine_rst_BUFG                                                                      |               14 |             32 |         2.29 |
|  vit_system_i/zynq_ultra_ps_e_0/inst/pl_clk0 | vit_system_i/vit_phase_e_axi_0/inst/u_core/u_npu/u_engine/u_layernorm/token_mean                                                                                                                                         | vit_system_i/vit_phase_e_axi_0/inst/u_core/u_npu/u_engine/u_command_controller/engine_rst_BUFG                                                                      |               12 |             32 |         2.67 |
|  vit_system_i/zynq_ultra_ps_e_0/inst/pl_clk0 | vit_system_i/vit_phase_e_axi_0/inst/u_core/u_npu/u_engine/u_layernorm/token_variance                                                                                                                                     | vit_system_i/vit_phase_e_axi_0/inst/u_core/u_npu/u_engine/u_command_controller/engine_rst_BUFG                                                                      |               10 |             32 |         3.20 |
|  vit_system_i/zynq_ultra_ps_e_0/inst/pl_clk0 | vit_system_i/vit_phase_e_axi_0/inst/u_core/u_npu/u_engine/u_layernorm/gamma_scaled_sample[31]_i_1_n_0                                                                                                                    | vit_system_i/vit_phase_e_axi_0/inst/u_core/u_npu/u_engine/u_command_controller/engine_rst_BUFG                                                                      |               22 |             32 |         1.45 |
|  vit_system_i/zynq_ultra_ps_e_0/inst/pl_clk0 | vit_system_i/vit_phase_e_axi_0/inst/u_core/u_npu/u_engine/u_memory_frontend/vector_input_b[63]_i_1_n_0                                                                                                                   | vit_system_i/vit_phase_e_axi_0/inst/u_core/compute_rst                                                                                                              |               10 |             32 |         3.20 |
|  vit_system_i/zynq_ultra_ps_e_0/inst/pl_clk0 | vit_system_i/vit_phase_e_axi_0/inst/u_core/u_npu/u_engine/u_layernorm/latched_sample                                                                                                                                     | vit_system_i/vit_phase_e_axi_0/inst/u_core/u_npu/u_engine/u_command_controller/engine_rst_BUFG                                                                      |               20 |             32 |         1.60 |
|  vit_system_i/zynq_ultra_ps_e_0/inst/pl_clk0 | vit_system_i/vit_phase_e_axi_0/inst/u_core/u_npu/u_engine/u_layernorm/normalized_sample[31]_i_1_n_0                                                                                                                      | vit_system_i/vit_phase_e_axi_0/inst/u_core/u_npu/u_engine/u_command_controller/engine_rst_BUFG                                                                      |               24 |             32 |         1.33 |
|  vit_system_i/zynq_ultra_ps_e_0/inst/pl_clk0 | vit_system_i/vit_phase_e_axi_0/inst/u_core/u_npu/u_engine/u_vector/result_data_reg[383]_i_1_n_0                                                                                                                          | vit_system_i/vit_phase_e_axi_0/inst/u_core/u_npu/u_engine/u_command_controller/engine_rst_BUFG                                                                      |               15 |             32 |         2.13 |
|  vit_system_i/zynq_ultra_ps_e_0/inst/pl_clk0 | vit_system_i/vit_phase_e_axi_0/inst/u_core/u_npu/u_engine/u_vector/result_data_reg[479]_i_1_n_0                                                                                                                          | vit_system_i/vit_phase_e_axi_0/inst/u_core/u_npu/u_engine/u_command_controller/engine_rst_BUFG                                                                      |               12 |             32 |         2.67 |
|  vit_system_i/zynq_ultra_ps_e_0/inst/pl_clk0 | vit_system_i/vit_phase_e_axi_0/inst/u_core/u_npu/u_engine/u_vector/result_data_reg[511]_i_1_n_0                                                                                                                          | vit_system_i/vit_phase_e_axi_0/inst/u_core/u_npu/u_engine/u_command_controller/engine_rst_BUFG                                                                      |               13 |             32 |         2.46 |
|  vit_system_i/zynq_ultra_ps_e_0/inst/pl_clk0 | vit_system_i/vit_phase_e_axi_0/inst/u_core/u_npu/u_engine/u_gemm/gen_fp16.u_fp16/u_stream_array/gen_stream[0].u_stream/out_data                                                                                          | vit_system_i/vit_phase_e_axi_0/inst/u_core/u_npu/u_engine/u_command_controller/engine_rst_BUFG                                                                      |               11 |             32 |         2.91 |
|  vit_system_i/zynq_ultra_ps_e_0/inst/pl_clk0 | vit_system_i/vit_phase_e_axi_0/inst/u_core/u_control/global_params_flat_o2_out[95]                                                                                                                                       | vit_system_i/proc_sys_reset_0/U0/peripheral_aresetn[0]                                                                                                              |               31 |             32 |         1.03 |
|  vit_system_i/zynq_ultra_ps_e_0/inst/pl_clk0 | vit_system_i/vit_phase_e_axi_0/inst/u_core/u_npu/u_engine/u_vector/result_data_reg[447]_i_1_n_0                                                                                                                          | vit_system_i/vit_phase_e_axi_0/inst/u_core/u_npu/u_engine/u_command_controller/engine_rst_BUFG                                                                      |               16 |             32 |         2.00 |
|  vit_system_i/zynq_ultra_ps_e_0/inst/pl_clk0 | vit_system_i/vit_phase_e_axi_0/inst/u_core/u_npu/u_engine/u_vector/result_data_reg[63]_i_1_n_0                                                                                                                           | vit_system_i/vit_phase_e_axi_0/inst/u_core/u_npu/u_engine/u_command_controller/engine_rst_BUFG                                                                      |               13 |             32 |         2.46 |
|  vit_system_i/zynq_ultra_ps_e_0/inst/pl_clk0 | vit_system_i/vit_phase_e_axi_0/inst/u_core/u_control/global_params_flat_o2_out[255]                                                                                                                                      | vit_system_i/proc_sys_reset_0/U0/peripheral_aresetn[0]                                                                                                              |               29 |             32 |         1.10 |
|  vit_system_i/zynq_ultra_ps_e_0/inst/pl_clk0 | vit_system_i/vit_phase_e_axi_0/inst/u_core/u_npu/u_engine/u_vector/result_data_reg[415]_i_1_n_0                                                                                                                          | vit_system_i/vit_phase_e_axi_0/inst/u_core/u_npu/u_engine/u_command_controller/engine_rst_BUFG                                                                      |               15 |             32 |         2.13 |
|  vit_system_i/zynq_ultra_ps_e_0/inst/pl_clk0 | vit_system_i/vit_phase_e_axi_0/inst/u_core/u_control/global_params_flat_o2_out[127]                                                                                                                                      | vit_system_i/proc_sys_reset_0/U0/peripheral_aresetn[0]                                                                                                              |               31 |             32 |         1.03 |
|  vit_system_i/zynq_ultra_ps_e_0/inst/pl_clk0 | vit_system_i/vit_phase_e_axi_0/inst/u_core/u_npu/u_engine/u_vector/result_data_reg[95]_i_1_n_0                                                                                                                           | vit_system_i/vit_phase_e_axi_0/inst/u_core/u_npu/u_engine/u_command_controller/engine_rst_BUFG                                                                      |               15 |             32 |         2.13 |
|  vit_system_i/zynq_ultra_ps_e_0/inst/pl_clk0 | vit_system_i/vit_phase_e_axi_0/inst/u_core/u_npu/u_engine/u_gelu/result_data[127]_i_1_n_0                                                                                                                                | vit_system_i/vit_phase_e_axi_0/inst/u_core/u_npu/u_engine/u_command_controller/engine_rst_BUFG                                                                      |               22 |             32 |         1.45 |
|  vit_system_i/zynq_ultra_ps_e_0/inst/pl_clk0 | vit_system_i/vit_phase_e_axi_0/inst/u_core/u_npu/u_engine/u_gelu/result_data[159]_i_1_n_0                                                                                                                                | vit_system_i/vit_phase_e_axi_0/inst/u_core/u_npu/u_engine/u_command_controller/engine_rst_BUFG                                                                      |               19 |             32 |         1.68 |
|  vit_system_i/zynq_ultra_ps_e_0/inst/pl_clk0 | vit_system_i/vit_phase_e_axi_0/inst/u_core/u_npu/u_engine/u_gelu/result_data[191]_i_1_n_0                                                                                                                                | vit_system_i/vit_phase_e_axi_0/inst/u_core/u_npu/u_engine/u_command_controller/engine_rst_BUFG                                                                      |               20 |             32 |         1.60 |
|  vit_system_i/zynq_ultra_ps_e_0/inst/pl_clk0 | vit_system_i/vit_phase_e_axi_0/inst/u_core/u_npu/u_engine/u_gelu/result_data[223]_i_1_n_0                                                                                                                                | vit_system_i/vit_phase_e_axi_0/inst/u_core/u_npu/u_engine/u_command_controller/engine_rst_BUFG                                                                      |               20 |             32 |         1.60 |
|  vit_system_i/zynq_ultra_ps_e_0/inst/pl_clk0 | vit_system_i/vit_phase_e_axi_0/inst/u_core/u_npu/u_engine/u_gelu/result_data[287]_i_1_n_0                                                                                                                                | vit_system_i/vit_phase_e_axi_0/inst/u_core/u_npu/u_engine/u_command_controller/engine_rst_BUFG                                                                      |               19 |             32 |         1.68 |
|  vit_system_i/zynq_ultra_ps_e_0/inst/pl_clk0 | vit_system_i/vit_phase_e_axi_0/inst/u_core/u_npu/u_engine/u_gelu/result_data[255]_i_1_n_0                                                                                                                                | vit_system_i/vit_phase_e_axi_0/inst/u_core/u_npu/u_engine/u_command_controller/engine_rst_BUFG                                                                      |               22 |             32 |         1.45 |
|  vit_system_i/zynq_ultra_ps_e_0/inst/pl_clk0 | vit_system_i/vit_phase_e_axi_0/inst/u_core/u_npu/u_engine/u_gelu/result_data[31]_i_1_n_0                                                                                                                                 | vit_system_i/vit_phase_e_axi_0/inst/u_core/u_npu/u_engine/u_command_controller/engine_rst_BUFG                                                                      |               19 |             32 |         1.68 |
|  vit_system_i/zynq_ultra_ps_e_0/inst/pl_clk0 | vit_system_i/vit_phase_e_axi_0/inst/u_core/u_npu/u_engine/u_gelu/result_data[319]_i_1_n_0                                                                                                                                | vit_system_i/vit_phase_e_axi_0/inst/u_core/u_npu/u_engine/u_command_controller/engine_rst_BUFG                                                                      |               19 |             32 |         1.68 |
|  vit_system_i/zynq_ultra_ps_e_0/inst/pl_clk0 | vit_system_i/vit_phase_e_axi_0/inst/u_core/u_npu/u_engine/u_gelu/result_data[351]_i_1_n_0                                                                                                                                | vit_system_i/vit_phase_e_axi_0/inst/u_core/u_npu/u_engine/u_command_controller/engine_rst_BUFG                                                                      |               21 |             32 |         1.52 |
|  vit_system_i/zynq_ultra_ps_e_0/inst/pl_clk0 | vit_system_i/vit_phase_e_axi_0/inst/u_core/u_npu/u_engine/u_softmax/reciprocal_operand[31]_i_1_n_0                                                                                                                       | vit_system_i/vit_phase_e_axi_0/inst/u_core/u_npu/u_engine/u_command_controller/engine_rst_BUFG                                                                      |               26 |             32 |         1.23 |
|  vit_system_i/zynq_ultra_ps_e_0/inst/pl_clk0 | vit_system_i/vit_phase_e_axi_0/inst/u_core/u_npu/u_engine/u_gemm/gen_fp16.u_fp16/u_stream_array/gen_stream[4].u_stream/out_data                                                                                          | vit_system_i/vit_phase_e_axi_0/inst/u_core/u_npu/u_engine/u_command_controller/engine_rst_BUFG                                                                      |               13 |             32 |         2.46 |
|  vit_system_i/zynq_ultra_ps_e_0/inst/pl_clk0 | vit_system_i/vit_phase_e_axi_0/inst/u_core/u_npu/u_engine/u_softmax/exp_input_value[31]_i_1_n_0                                                                                                                          | vit_system_i/vit_phase_e_axi_0/inst/u_core/u_npu/u_engine/u_command_controller/engine_rst_BUFG                                                                      |               25 |             32 |         1.28 |
|  vit_system_i/zynq_ultra_ps_e_0/inst/pl_clk0 | vit_system_i/vit_phase_e_axi_0/inst/u_core/u_control/s_axi_rdata[31]_i_1_n_0                                                                                                                                             | vit_system_i/proc_sys_reset_0/U0/peripheral_aresetn[0]                                                                                                              |               21 |             32 |         1.52 |
|  vit_system_i/zynq_ultra_ps_e_0/inst/pl_clk0 | vit_system_i/vit_phase_e_axi_0/inst/u_core/u_npu/u_engine/u_softmax/exp_polynomial[31]_i_1_n_0                                                                                                                           | vit_system_i/vit_phase_e_axi_0/inst/u_core/u_npu/u_engine/u_command_controller/engine_rst_BUFG                                                                      |               19 |             32 |         1.68 |
|  vit_system_i/zynq_ultra_ps_e_0/inst/pl_clk0 | vit_system_i/vit_phase_e_axi_0/inst/u_core/u_npu/u_engine/u_softmax/element_index[31]_i_1_n_0                                                                                                                            | vit_system_i/vit_phase_e_axi_0/inst/u_core/u_npu/u_engine/u_command_controller/engine_rst_BUFG                                                                      |               12 |             32 |         2.67 |
|  vit_system_i/zynq_ultra_ps_e_0/inst/pl_clk0 | vit_system_i/vit_phase_e_axi_0/inst/u_core/u_npu/u_engine/u_gemm/gen_fp16.u_fp16/u_stream_array/gen_stream[3].u_stream/out_data                                                                                          | vit_system_i/vit_phase_e_axi_0/inst/u_core/u_npu/u_engine/u_command_controller/engine_rst_BUFG                                                                      |               13 |             32 |         2.46 |
|  vit_system_i/zynq_ultra_ps_e_0/inst/pl_clk0 | vit_system_i/vit_phase_e_axi_0/inst/u_core/u_npu/u_engine/u_memory_frontend/vector_input_a[447]_i_1_n_0                                                                                                                  | vit_system_i/vit_phase_e_axi_0/inst/u_core/compute_rst                                                                                                              |               29 |             32 |         1.10 |
|  vit_system_i/zynq_ultra_ps_e_0/inst/pl_clk0 | vit_system_i/vit_phase_e_axi_0/inst/u_core/u_npu/u_engine/u_softmax/mul_operand_b[29]_INST_0_i_2_n_0                                                                                                                     | vit_system_i/vit_phase_e_axi_0/inst/u_core/u_npu/u_engine/u_command_controller/engine_rst_BUFG                                                                      |               17 |             32 |         1.88 |
|  vit_system_i/zynq_ultra_ps_e_0/inst/pl_clk0 | vit_system_i/vit_phase_e_axi_0/inst/u_core/u_npu/u_engine/u_softmax/reciprocal_estimate[31]_i_1_n_0                                                                                                                      | vit_system_i/vit_phase_e_axi_0/inst/u_core/u_npu/u_engine/u_command_controller/engine_rst_BUFG                                                                      |                9 |             32 |         3.56 |
|  vit_system_i/zynq_ultra_ps_e_0/inst/pl_clk0 | vit_system_i/vit_phase_e_axi_0/inst/u_core/u_npu/u_engine/u_gelu/result_data[383]_i_1_n_0                                                                                                                                | vit_system_i/vit_phase_e_axi_0/inst/u_core/u_npu/u_engine/u_command_controller/engine_rst_BUFG                                                                      |               20 |             32 |         1.60 |
|  vit_system_i/zynq_ultra_ps_e_0/inst/pl_clk0 | vit_system_i/vit_phase_e_axi_0/inst/u_core/u_npu/u_engine/u_softmax/reciprocal_sum                                                                                                                                       | vit_system_i/vit_phase_e_axi_0/inst/u_core/u_npu/u_engine/u_command_controller/engine_rst_BUFG                                                                      |               15 |             32 |         2.13 |
|  vit_system_i/zynq_ultra_ps_e_0/inst/pl_clk0 | vit_system_i/vit_phase_e_axi_0/inst/u_core/u_npu/u_engine/u_softmax/result_index[31]_i_1_n_0                                                                                                                             | vit_system_i/vit_phase_e_axi_0/inst/u_core/u_npu/u_engine/u_command_controller/engine_rst_BUFG                                                                      |                4 |             32 |         8.00 |
|  vit_system_i/zynq_ultra_ps_e_0/inst/pl_clk0 | vit_system_i/vit_phase_e_axi_0/inst/u_core/u_npu/u_engine/u_gemm/gen_fp16.u_fp16/u_stream_array/gen_stream[2].u_stream/out_data                                                                                          | vit_system_i/vit_phase_e_axi_0/inst/u_core/u_npu/u_engine/u_command_controller/engine_rst_BUFG                                                                      |               10 |             32 |         3.20 |
|  vit_system_i/zynq_ultra_ps_e_0/inst/pl_clk0 | vit_system_i/vit_phase_e_axi_0/inst/u_core/u_npu/u_engine/u_softmax/result_data[31]_i_1_n_0                                                                                                                              | vit_system_i/vit_phase_e_axi_0/inst/u_core/u_npu/u_engine/u_command_controller/engine_rst_BUFG                                                                      |               23 |             32 |         1.39 |
|  vit_system_i/zynq_ultra_ps_e_0/inst/pl_clk0 | vit_system_i/vit_phase_e_axi_0/inst/u_core/u_npu/u_engine/u_softmax/row_maximum[31]_i_1_n_0                                                                                                                              | vit_system_i/vit_phase_e_axi_0/inst/u_core/u_npu/u_engine/u_command_controller/engine_rst_BUFG                                                                      |               20 |             32 |         1.60 |
|  vit_system_i/zynq_ultra_ps_e_0/inst/pl_clk0 | vit_system_i/vit_phase_e_axi_0/inst/u_core/u_npu/u_engine/u_layout/linear_output_index[31]_i_1_n_0                                                                                                                       | vit_system_i/vit_phase_e_axi_0/inst/u_core/u_npu/u_engine/u_command_controller/engine_rst_BUFG                                                                      |                5 |             32 |         6.40 |
|  vit_system_i/zynq_ultra_ps_e_0/inst/pl_clk0 | vit_system_i/vit_phase_e_axi_0/inst/u_core/u_npu/u_engine/u_gemm/gen_fp16.u_fp16/u_stream_array/gen_stream[1].u_stream/out_data                                                                                          | vit_system_i/vit_phase_e_axi_0/inst/u_core/u_npu/u_engine/u_command_controller/engine_rst_BUFG                                                                      |               17 |             32 |         1.88 |
|  vit_system_i/zynq_ultra_ps_e_0/inst/pl_clk0 | vit_system_i/vit_phase_e_axi_0/inst/u_core/u_control/global_params_flat_o2_out[31]                                                                                                                                       | vit_system_i/proc_sys_reset_0/U0/peripheral_aresetn[0]                                                                                                              |               29 |             32 |         1.10 |
|  vit_system_i/zynq_ultra_ps_e_0/inst/pl_clk0 | vit_system_i/vit_phase_e_axi_0/inst/u_core/u_control/global_params_flat_o2_out[63]                                                                                                                                       | vit_system_i/proc_sys_reset_0/U0/peripheral_aresetn[0]                                                                                                              |               29 |             32 |         1.10 |
|  vit_system_i/zynq_ultra_ps_e_0/inst/pl_clk0 | vit_system_i/vit_phase_e_axi_0/inst/u_core/u_npu/u_engine/u_gelu/u_serial_core/mul_operand_a[19]_INST_0_i_3_n_0                                                                                                          | vit_system_i/vit_phase_e_axi_0/inst/u_core/u_npu/u_engine/u_command_controller/engine_rst_BUFG                                                                      |               13 |             32 |         2.46 |
|  vit_system_i/zynq_ultra_ps_e_0/inst/pl_clk0 | vit_system_i/vit_phase_e_axi_0/inst/u_core/u_npu/u_engine/u_gelu/u_serial_core/exp_remainder_negative[31]_i_1_n_0                                                                                                        | vit_system_i/vit_phase_e_axi_0/inst/u_core/u_npu/u_engine/u_command_controller/engine_rst_BUFG                                                                      |               21 |             32 |         1.52 |
|  vit_system_i/zynq_ultra_ps_e_0/inst/pl_clk0 | vit_system_i/vit_phase_e_axi_0/inst/u_core/u_npu/u_engine/u_vector/result_data_reg[351]_i_1_n_0                                                                                                                          | vit_system_i/vit_phase_e_axi_0/inst/u_core/u_npu/u_engine/u_command_controller/engine_rst_BUFG                                                                      |               17 |             32 |         1.88 |
|  vit_system_i/zynq_ultra_ps_e_0/inst/pl_clk0 | vit_system_i/vit_phase_e_axi_0/inst/u_core/u_npu/u_engine/u_gelu/u_serial_core/exp_scale_integer_initial[31]_i_1_n_0                                                                                                     | vit_system_i/vit_phase_e_axi_0/inst/u_core/u_npu/u_engine/u_command_controller/engine_rst_BUFG                                                                      |                7 |             32 |         4.57 |
|  vit_system_i/zynq_ultra_ps_e_0/inst/pl_clk0 | vit_system_i/vit_phase_e_axi_0/inst/u_core/u_npu/u_engine/u_gelu/u_serial_core/exp_scale_product                                                                                                                         | vit_system_i/vit_phase_e_axi_0/inst/u_core/u_npu/u_engine/u_command_controller/engine_rst_BUFG                                                                      |               16 |             32 |         2.00 |
|  vit_system_i/zynq_ultra_ps_e_0/inst/pl_clk0 | vit_system_i/vit_phase_e_axi_0/inst/u_core/u_npu/u_engine/u_gelu/u_serial_core/exponential[31]_i_1_n_0                                                                                                                   | vit_system_i/vit_phase_e_axi_0/inst/u_core/u_npu/u_engine/u_command_controller/engine_rst_BUFG                                                                      |               11 |             32 |         2.91 |
|  vit_system_i/zynq_ultra_ps_e_0/inst/pl_clk0 | vit_system_i/vit_phase_e_axi_0/inst/u_core/u_control/global_params_flat_o2_out[223]                                                                                                                                      | vit_system_i/proc_sys_reset_0/U0/peripheral_aresetn[0]                                                                                                              |               29 |             32 |         1.10 |
|  vit_system_i/zynq_ultra_ps_e_0/inst/pl_clk0 | vit_system_i/vit_phase_e_axi_0/inst/u_core/u_npu/u_engine/u_gelu/u_serial_core/gelu_polynomial[31]_i_1_n_0                                                                                                               | vit_system_i/vit_phase_e_axi_0/inst/u_core/u_npu/u_engine/u_command_controller/engine_rst_BUFG                                                                      |               12 |             32 |         2.67 |
|  vit_system_i/zynq_ultra_ps_e_0/inst/pl_clk0 | vit_system_i/vit_phase_e_axi_0/inst/u_core/u_npu/u_engine/u_gelu/u_serial_core/half_value                                                                                                                                | vit_system_i/vit_phase_e_axi_0/inst/u_core/u_npu/u_engine/u_command_controller/engine_rst_BUFG                                                                      |               17 |             32 |         1.88 |
|  vit_system_i/zynq_ultra_ps_e_0/inst/pl_clk0 | vit_system_i/vit_phase_e_axi_0/inst/u_core/u_npu/u_engine/u_gelu/u_serial_core/input_value                                                                                                                               | vit_system_i/vit_phase_e_axi_0/inst/u_core/u_npu/u_engine/u_command_controller/engine_rst_BUFG                                                                      |               26 |             32 |         1.23 |
|  vit_system_i/zynq_ultra_ps_e_0/inst/pl_clk0 | vit_system_i/vit_phase_e_axi_0/inst/u_core/u_npu/u_engine/u_gelu/u_serial_core/exp_remainder_initial                                                                                                                     | vit_system_i/vit_phase_e_axi_0/inst/u_core/u_npu/u_engine/u_command_controller/engine_rst_BUFG                                                                      |               16 |             32 |         2.00 |
|  vit_system_i/zynq_ultra_ps_e_0/inst/pl_clk0 | vit_system_i/vit_phase_e_axi_0/inst/u_core/u_npu/u_engine/u_vector/result_data_reg[127]_i_1_n_0                                                                                                                          | vit_system_i/vit_phase_e_axi_0/inst/u_core/u_npu/u_engine/u_command_controller/engine_rst_BUFG                                                                      |               16 |             32 |         2.00 |
|  vit_system_i/zynq_ultra_ps_e_0/inst/pl_clk0 | vit_system_i/vit_phase_e_axi_0/inst/u_core/u_npu/u_engine/u_vector/result_data_reg[319]_i_1_n_0                                                                                                                          | vit_system_i/vit_phase_e_axi_0/inst/u_core/u_npu/u_engine/u_command_controller/engine_rst_BUFG                                                                      |               16 |             32 |         2.00 |
|  vit_system_i/zynq_ultra_ps_e_0/inst/pl_clk0 | vit_system_i/vit_phase_e_axi_0/inst/u_core/u_npu/u_engine/u_vector/result_data_reg[31]_i_1_n_0                                                                                                                           | vit_system_i/vit_phase_e_axi_0/inst/u_core/u_npu/u_engine/u_command_controller/engine_rst_BUFG                                                                      |               15 |             32 |         2.13 |
|  vit_system_i/zynq_ultra_ps_e_0/inst/pl_clk0 | vit_system_i/vit_phase_e_axi_0/inst/u_core/u_npu/u_engine/u_vector/result_data_reg[255]_i_1_n_0                                                                                                                          | vit_system_i/vit_phase_e_axi_0/inst/u_core/u_npu/u_engine/u_command_controller/engine_rst_BUFG                                                                      |               16 |             32 |         2.00 |
|  vit_system_i/zynq_ultra_ps_e_0/inst/pl_clk0 | vit_system_i/vit_phase_e_axi_0/inst/u_core/u_npu/u_engine/u_argmax/element_index[31]_i_1_n_0                                                                                                                             | vit_system_i/vit_phase_e_axi_0/inst/u_core/u_npu/u_engine/u_command_controller/engine_rst_BUFG                                                                      |                9 |             32 |         3.56 |
|  vit_system_i/zynq_ultra_ps_e_0/inst/pl_clk0 | vit_system_i/vit_phase_e_axi_0/inst/u_core/u_npu/u_engine/u_vector/result_data_reg[223]_i_1_n_0                                                                                                                          | vit_system_i/vit_phase_e_axi_0/inst/u_core/u_npu/u_engine/u_command_controller/engine_rst_BUFG                                                                      |               14 |             32 |         2.29 |
|  vit_system_i/zynq_ultra_ps_e_0/inst/pl_clk0 | vit_system_i/vit_phase_e_axi_0/inst/u_core/u_npu/u_engine/u_vector/result_data_reg[287]_i_1_n_0                                                                                                                          | vit_system_i/vit_phase_e_axi_0/inst/u_core/u_npu/u_engine/u_command_controller/engine_rst_BUFG                                                                      |               15 |             32 |         2.13 |
|  vit_system_i/zynq_ultra_ps_e_0/inst/pl_clk0 | vit_system_i/vit_phase_e_axi_0/inst/u_core/u_npu/u_engine/u_vector/result_data_reg[191]_i_1_n_0                                                                                                                          | vit_system_i/vit_phase_e_axi_0/inst/u_core/u_npu/u_engine/u_command_controller/engine_rst_BUFG                                                                      |               14 |             32 |         2.29 |
|  vit_system_i/zynq_ultra_ps_e_0/inst/pl_clk0 | vit_system_i/vit_phase_e_axi_0/inst/u_core/u_npu/u_engine/u_vector/result_data_reg[159]_i_1_n_0                                                                                                                          | vit_system_i/vit_phase_e_axi_0/inst/u_core/u_npu/u_engine/u_command_controller/engine_rst_BUFG                                                                      |               18 |             32 |         1.78 |
|  vit_system_i/zynq_ultra_ps_e_0/inst/pl_clk0 | vit_system_i/vit_phase_e_axi_0/inst/u_core/u_npu/u_engine/u_gelu/u_serial_core/result[31]_i_1_n_0                                                                                                                        | vit_system_i/vit_phase_e_axi_0/inst/u_core/u_npu/u_engine/u_command_controller/engine_rst_BUFG                                                                      |               18 |             32 |         1.78 |
|  vit_system_i/zynq_ultra_ps_e_0/inst/pl_clk0 | vit_system_i/vit_phase_e_axi_0/inst/u_core/u_npu/u_engine/u_gelu/result_data[415]_i_1_n_0                                                                                                                                | vit_system_i/vit_phase_e_axi_0/inst/u_core/u_npu/u_engine/u_command_controller/engine_rst_BUFG                                                                      |               21 |             32 |         1.52 |
|  vit_system_i/zynq_ultra_ps_e_0/inst/pl_clk0 | vit_system_i/vit_phase_e_axi_0/inst/u_core/u_npu/u_engine/u_gelu/result_data[447]_i_1_n_0                                                                                                                                | vit_system_i/vit_phase_e_axi_0/inst/u_core/u_npu/u_engine/u_command_controller/engine_rst_BUFG                                                                      |               18 |             32 |         1.78 |
|  vit_system_i/zynq_ultra_ps_e_0/inst/pl_clk0 | vit_system_i/vit_phase_e_axi_0/inst/u_core/u_npu/u_engine/u_gelu/result_data[479]_i_1_n_0                                                                                                                                | vit_system_i/vit_phase_e_axi_0/inst/u_core/u_npu/u_engine/u_command_controller/engine_rst_BUFG                                                                      |               18 |             32 |         1.78 |
|  vit_system_i/zynq_ultra_ps_e_0/inst/pl_clk0 | vit_system_i/vit_phase_e_axi_0/inst/u_core/u_npu/u_engine/u_gelu/result_data[63]_i_1_n_0                                                                                                                                 | vit_system_i/vit_phase_e_axi_0/inst/u_core/u_npu/u_engine/u_command_controller/engine_rst_BUFG                                                                      |               20 |             32 |         1.60 |
|  vit_system_i/zynq_ultra_ps_e_0/inst/pl_clk0 | vit_system_i/vit_phase_e_axi_0/inst/u_core/u_npu/u_engine/u_gelu/result_data[95]_i_1_n_0                                                                                                                                 | vit_system_i/vit_phase_e_axi_0/inst/u_core/u_npu/u_engine/u_command_controller/engine_rst_BUFG                                                                      |               20 |             32 |         1.60 |
|  vit_system_i/zynq_ultra_ps_e_0/inst/pl_clk0 | vit_system_i/vit_phase_e_axi_0/inst/u_core/u_npu/u_engine/u_gelu/result_data[511]_i_1_n_0                                                                                                                                | vit_system_i/vit_phase_e_axi_0/inst/u_core/u_npu/u_engine/u_command_controller/engine_rst_BUFG                                                                      |               20 |             32 |         1.60 |
|  vit_system_i/zynq_ultra_ps_e_0/inst/pl_clk0 | vit_system_i/vit_phase_e_axi_0/inst/u_core/u_npu/u_engine/u_gelu/u_serial_core/scaled_value[31]_i_1_n_0                                                                                                                  | vit_system_i/vit_phase_e_axi_0/inst/u_core/u_npu/u_engine/u_command_controller/engine_rst_BUFG                                                                      |               15 |             32 |         2.13 |
|  vit_system_i/zynq_ultra_ps_e_0/inst/pl_clk0 | vit_system_i/vit_phase_e_axi_0/inst/u_core/u_npu/u_engine/u_gelu/u_serial_core/squared_value                                                                                                                             | vit_system_i/vit_phase_e_axi_0/inst/u_core/u_npu/u_engine/u_command_controller/engine_rst_BUFG                                                                      |               19 |             32 |         1.68 |
|  vit_system_i/zynq_ultra_ps_e_0/inst/pl_clk0 | vit_system_i/vit_phase_e_axi_0/inst/u_core/u_npu/u_engine/u_gelu/u_serial_core/temporary_result                                                                                                                          | vit_system_i/vit_phase_e_axi_0/inst/u_core/u_npu/u_engine/u_command_controller/engine_rst_BUFG                                                                      |               19 |             32 |         1.68 |
|  vit_system_i/zynq_ultra_ps_e_0/inst/pl_clk0 | vit_system_i/vit_phase_e_axi_0/inst/u_core/u_npu/u_engine/u_softmax/mul_operand_a[30]_INST_0_i_1_n_0                                                                                                                     | vit_system_i/vit_phase_e_axi_0/inst/u_core/u_npu/u_engine/u_command_controller/engine_rst_BUFG                                                                      |               22 |             32 |         1.45 |
|  vit_system_i/zynq_ultra_ps_e_0/inst/pl_clk0 | vit_system_i/vit_phase_e_axi_0/inst/u_core/u_npu/u_engine/u_gelu/u_serial_core/reciprocal_product[31]_i_1_n_0                                                                                                            | vit_system_i/vit_phase_e_axi_0/inst/u_core/u_npu/u_engine/u_command_controller/engine_rst_BUFG                                                                      |               21 |             32 |         1.52 |
|  vit_system_i/zynq_ultra_ps_e_0/inst/pl_clk0 | vit_system_i/vit_phase_e_axi_0/inst/u_core/u_control/global_params_flat_o2_out[159]                                                                                                                                      | vit_system_i/proc_sys_reset_0/U0/peripheral_aresetn[0]                                                                                                              |               30 |             32 |         1.07 |
|  vit_system_i/zynq_ultra_ps_e_0/inst/pl_clk0 | vit_system_i/vit_phase_e_axi_0/inst/u_core/u_npu/u_engine/u_gelu/u_serial_core/reciprocal_estimate[31]_i_1_n_0                                                                                                           | vit_system_i/vit_phase_e_axi_0/inst/u_core/u_npu/u_engine/u_command_controller/engine_rst_BUFG                                                                      |               17 |             32 |         1.88 |
|  vit_system_i/zynq_ultra_ps_e_0/inst/pl_clk0 | vit_system_i/vit_phase_e_axi_0/inst/u_core/u_npu/u_engine/u_gelu/u_serial_core/reciprocal_denominator[31]_i_1_n_0                                                                                                        | vit_system_i/vit_phase_e_axi_0/inst/u_core/u_npu/u_engine/u_command_controller/engine_rst_BUFG                                                                      |               13 |             32 |         2.46 |
|  vit_system_i/zynq_ultra_ps_e_0/inst/pl_clk0 | vit_system_i/vit_phase_e_axi_0/inst/u_core/u_npu/u_engine/u_gelu/u_serial_core/reciprocal_correction                                                                                                                     | vit_system_i/vit_phase_e_axi_0/inst/u_core/u_npu/u_engine/u_command_controller/engine_rst_BUFG                                                                      |               21 |             32 |         1.52 |
|  vit_system_i/zynq_ultra_ps_e_0/inst/pl_clk0 | vit_system_i/vit_phase_e_axi_0/inst/u_core/u_npu/u_engine/u_gelu/u_serial_core/one_plus_erf                                                                                                                              | vit_system_i/vit_phase_e_axi_0/inst/u_core/u_npu/u_engine/u_command_controller/engine_rst_BUFG                                                                      |               22 |             32 |         1.45 |
|  vit_system_i/zynq_ultra_ps_e_0/inst/pl_clk0 | vit_system_i/vit_phase_e_axi_0/inst/u_core/u_npu/u_engine/u_gelu/u_serial_core/mul_operand_a[29]_INST_0_i_2_n_0                                                                                                          | vit_system_i/vit_phase_e_axi_0/inst/u_core/u_npu/u_engine/u_command_controller/engine_rst_BUFG                                                                      |               23 |             32 |         1.39 |
|  vit_system_i/zynq_ultra_ps_e_0/inst/pl_clk0 | vit_system_i/vit_phase_e_axi_0/inst/u_core/u_npu/u_engine/u_gelu/u_serial_core/exp_polynomial                                                                                                                            | vit_system_i/vit_phase_e_axi_0/inst/u_core/u_npu/u_engine/u_command_controller/engine_rst_BUFG                                                                      |               16 |             32 |         2.00 |
|  vit_system_i/zynq_ultra_ps_e_0/inst/pl_clk0 | vit_system_i/vit_phase_e_axi_0/inst/u_core/u_control/global_params_flat_o2_out[191]                                                                                                                                      | vit_system_i/proc_sys_reset_0/U0/peripheral_aresetn[0]                                                                                                              |               30 |             32 |         1.07 |
|  vit_system_i/zynq_ultra_ps_e_0/inst/pl_clk0 | vit_system_i/vit_phase_e_axi_0/inst/u_core/u_npu/u_engine/u_memory_frontend/vector_input_a[127]_i_1_n_0                                                                                                                  | vit_system_i/vit_phase_e_axi_0/inst/u_core/compute_rst                                                                                                              |               26 |             32 |         1.23 |
|  vit_system_i/zynq_ultra_ps_e_0/inst/pl_clk0 | vit_system_i/vit_phase_e_axi_0/inst/u_core/u_npu/u_engine/u_softmax/exp_scale_integer_initial[31]_i_1_n_0                                                                                                                | vit_system_i/vit_phase_e_axi_0/inst/u_core/u_npu/u_engine/u_command_controller/engine_rst_BUFG                                                                      |               11 |             32 |         2.91 |
|  vit_system_i/zynq_ultra_ps_e_0/inst/pl_clk0 | vit_system_i/vit_phase_e_axi_0/inst/u_core/u_npu/u_engine/u_softmax/exponential_sum                                                                                                                                      | vit_system_i/vit_phase_e_axi_0/inst/u_core/u_npu/u_engine/u_command_controller/engine_rst_BUFG                                                                      |               10 |             32 |         3.20 |
|  vit_system_i/zynq_ultra_ps_e_0/inst/pl_clk0 | vit_system_i/vit_phase_e_axi_0/inst/u_core/u_npu/u_engine/u_softmax/centered_value[31]_i_1_n_0                                                                                                                           | vit_system_i/vit_phase_e_axi_0/inst/u_core/u_npu/u_engine/u_command_controller/engine_rst_BUFG                                                                      |               16 |             32 |         2.00 |
|  vit_system_i/zynq_ultra_ps_e_0/inst/pl_clk0 | vit_system_i/vit_phase_e_axi_0/inst/u_core/u_npu/u_engine/u_softmax/reciprocal_correction[31]_i_1_n_0                                                                                                                    | vit_system_i/vit_phase_e_axi_0/inst/u_core/u_npu/u_engine/u_command_controller/engine_rst_BUFG                                                                      |               26 |             32 |         1.23 |
|  vit_system_i/zynq_ultra_ps_e_0/inst/pl_clk0 | vit_system_i/vit_phase_e_axi_0/inst/u_core/u_npu/u_engine/u_gemm/gen_fp16.u_fp16/u_stream_array/gen_stream[6].u_stream/out_data                                                                                          | vit_system_i/vit_phase_e_axi_0/inst/u_core/u_npu/u_engine/u_command_controller/engine_rst_BUFG                                                                      |               11 |             32 |         2.91 |
|  vit_system_i/zynq_ultra_ps_e_0/inst/pl_clk0 | vit_system_i/vit_phase_e_axi_0/inst/u_core/u_npu/u_engine/u_softmax/exponential_value[31]_i_1_n_0                                                                                                                        | vit_system_i/vit_phase_e_axi_0/inst/u_core/u_npu/u_engine/u_command_controller/engine_rst_BUFG                                                                      |                9 |             32 |         3.56 |
|  vit_system_i/zynq_ultra_ps_e_0/inst/pl_clk0 | vit_system_i/vit_phase_e_axi_0/inst/u_core/u_npu/u_engine/u_softmax/u_total_words_multiplier/shifted_multiplier[9]_i_1_n_0                                                                                               | vit_system_i/vit_phase_e_axi_0/inst/u_core/u_npu/u_engine/u_softmax/u_total_words_multiplier/product[63]_i_1_n_0                                                    |               12 |             32 |         2.67 |
|  vit_system_i/zynq_ultra_ps_e_0/inst/pl_clk0 | vit_system_i/vit_phase_e_axi_0/inst/u_core/u_npu/u_engine/u_gemm/gen_fp16.u_fp16/u_stream_array/gen_stream[7].u_stream/out_data                                                                                          | vit_system_i/vit_phase_e_axi_0/inst/u_core/u_npu/u_engine/u_command_controller/engine_rst_BUFG                                                                      |               12 |             32 |         2.67 |
|  vit_system_i/zynq_ultra_ps_e_0/inst/pl_clk0 | vit_system_i/vit_phase_e_axi_0/inst/u_core/u_npu/u_engine/u_memory_frontend/softmax_input_data[31]_i_1_n_0                                                                                                               | vit_system_i/vit_phase_e_axi_0/inst/u_core/compute_rst                                                                                                              |               23 |             32 |         1.39 |
|  vit_system_i/zynq_ultra_ps_e_0/inst/pl_clk0 | vit_system_i/vit_phase_e_axi_0/inst/u_core/u_npu/u_engine/u_softmax/exp_remainder_initial[31]_i_1_n_0                                                                                                                    | vit_system_i/vit_phase_e_axi_0/inst/u_core/u_npu/u_engine/u_command_controller/engine_rst_BUFG                                                                      |               10 |             32 |         3.20 |
|  vit_system_i/zynq_ultra_ps_e_0/inst/pl_clk0 | vit_system_i/vit_phase_e_axi_0/inst/u_core/u_npu/u_engine/u_memory_frontend/vector_input_a[159]_i_1_n_0                                                                                                                  | vit_system_i/vit_phase_e_axi_0/inst/u_core/compute_rst                                                                                                              |               25 |             32 |         1.28 |
|  vit_system_i/zynq_ultra_ps_e_0/inst/pl_clk0 | vit_system_i/vit_phase_e_axi_0/inst/u_core/u_npu/u_engine/u_memory_frontend/vector_input_a[191]_i_1_n_0                                                                                                                  | vit_system_i/vit_phase_e_axi_0/inst/u_core/compute_rst                                                                                                              |               29 |             32 |         1.10 |
|  vit_system_i/zynq_ultra_ps_e_0/inst/pl_clk0 | vit_system_i/vit_phase_e_axi_0/inst/u_core/u_npu/u_engine/u_memory_frontend/vector_input_a[223]_i_1_n_0                                                                                                                  | vit_system_i/vit_phase_e_axi_0/inst/u_core/compute_rst                                                                                                              |               28 |             32 |         1.14 |
|  vit_system_i/zynq_ultra_ps_e_0/inst/pl_clk0 | vit_system_i/vit_phase_e_axi_0/inst/u_core/u_npu/u_engine/u_memory_frontend/vector_input_a[255]_i_1_n_0                                                                                                                  | vit_system_i/vit_phase_e_axi_0/inst/u_core/compute_rst                                                                                                              |               29 |             32 |         1.10 |
|  vit_system_i/zynq_ultra_ps_e_0/inst/pl_clk0 | vit_system_i/vit_phase_e_axi_0/inst/u_core/u_npu/u_engine/u_memory_frontend/vector_input_a[31]_i_1_n_0                                                                                                                   | vit_system_i/vit_phase_e_axi_0/inst/u_core/compute_rst                                                                                                              |               26 |             32 |         1.23 |
|  vit_system_i/zynq_ultra_ps_e_0/inst/pl_clk0 | vit_system_i/vit_phase_e_axi_0/inst/u_core/u_npu/u_engine/u_memory_frontend/vector_input_a[287]_i_1_n_0                                                                                                                  | vit_system_i/vit_phase_e_axi_0/inst/u_core/compute_rst                                                                                                              |               27 |             32 |         1.19 |
|  vit_system_i/zynq_ultra_ps_e_0/inst/pl_clk0 | vit_system_i/vit_phase_e_axi_0/inst/u_core/u_npu/u_engine/u_memory_frontend/vector_input_a[319]_i_1_n_0                                                                                                                  | vit_system_i/vit_phase_e_axi_0/inst/u_core/compute_rst                                                                                                              |               26 |             32 |         1.23 |
|  vit_system_i/zynq_ultra_ps_e_0/inst/pl_clk0 | vit_system_i/vit_phase_e_axi_0/inst/u_core/u_npu/u_engine/u_memory_frontend/vector_input_a[351]_i_1_n_0                                                                                                                  | vit_system_i/vit_phase_e_axi_0/inst/u_core/compute_rst                                                                                                              |               29 |             32 |         1.10 |
|  vit_system_i/zynq_ultra_ps_e_0/inst/pl_clk0 | vit_system_i/vit_phase_e_axi_0/inst/u_core/u_npu/u_engine/u_memory_frontend/vector_input_a[383]_i_1_n_0                                                                                                                  | vit_system_i/vit_phase_e_axi_0/inst/u_core/compute_rst                                                                                                              |               28 |             32 |         1.14 |
|  vit_system_i/zynq_ultra_ps_e_0/inst/pl_clk0 | vit_system_i/vit_phase_e_axi_0/inst/u_core/u_npu/u_engine/u_softmax/exp_remainder_negative[31]_i_1_n_0                                                                                                                   | vit_system_i/vit_phase_e_axi_0/inst/u_core/u_npu/u_engine/u_command_controller/engine_rst_BUFG                                                                      |               19 |             32 |         1.68 |
|  vit_system_i/zynq_ultra_ps_e_0/inst/pl_clk0 | vit_system_i/vit_phase_e_axi_0/inst/u_core/u_npu/u_engine/u_softmax/exp_scale_product[31]_i_1_n_0                                                                                                                        | vit_system_i/vit_phase_e_axi_0/inst/u_core/u_npu/u_engine/u_command_controller/engine_rst_BUFG                                                                      |               21 |             32 |         1.52 |
|  vit_system_i/zynq_ultra_ps_e_0/inst/pl_clk0 | vit_system_i/vit_phase_e_axi_0/inst/u_core/u_npu/u_engine/u_softmax/exp_scaled[31]_i_1_n_0                                                                                                                               | vit_system_i/vit_phase_e_axi_0/inst/u_core/u_npu/u_engine/u_command_controller/engine_rst_BUFG                                                                      |               15 |             32 |         2.13 |
|  vit_system_i/zynq_ultra_ps_e_0/inst/pl_clk0 | vit_system_i/vit_phase_e_axi_0/inst/u_core/u_npu/u_engine/u_gemm/gen_fp16.u_fp16/u_stream_array/gen_stream[5].u_stream/out_data                                                                                          | vit_system_i/vit_phase_e_axi_0/inst/u_core/u_npu/u_engine/u_command_controller/engine_rst_BUFG                                                                      |               11 |             32 |         2.91 |
|  vit_system_i/zynq_ultra_ps_e_0/inst/pl_clk0 | vit_system_i/vit_phase_e_axi_0/inst/u_core/u_mem_adapter/rsp_fifo_data[1][31]_i_1_n_0                                                                                                                                    | vit_system_i/vit_phase_e_axi_0/inst/u_core/adapter_aresetn                                                                                                          |               21 |             33 |         1.57 |
|  vit_system_i/zynq_ultra_ps_e_0/inst/pl_clk0 | vit_system_i/vit_phase_e_axi_0/inst/u_core/u_mem_adapter/rsp_fifo_data                                                                                                                                                   | vit_system_i/vit_phase_e_axi_0/inst/u_core/adapter_aresetn                                                                                                          |               21 |             33 |         1.57 |
|  vit_system_i/zynq_ultra_ps_e_0/inst/pl_clk0 | vit_system_i/vit_phase_e_axi_0/inst/u_core/u_npu/u_engine/u_softmax/exp_correct_negative                                                                                                                                 | vit_system_i/vit_phase_e_axi_0/inst/u_core/u_npu/u_engine/u_command_controller/engine_rst_BUFG                                                                      |                5 |             33 |         6.60 |
|  vit_system_i/zynq_ultra_ps_e_0/inst/pl_clk0 | vit_system_i/smartconnect_control/inst/s00_nodes/s00_r_node/inst/inst_mi_handler/gen_normal_area.inst_fifo_node_payld/gen_reg_fifo.inst_reg_fifo/gen_single_rank.data[51]_i_1_n_0                                        |                                                                                                                                                                     |               26 |             33 |         1.27 |
|  vit_system_i/zynq_ultra_ps_e_0/inst/pl_clk0 | vit_system_i/vit_phase_e_axi_0/inst/u_core/u_npu/u_engine/u_gelu/u_serial_core/exp_correct_negative_i_1_n_0                                                                                                              | vit_system_i/vit_phase_e_axi_0/inst/u_core/u_npu/u_engine/u_command_controller/engine_rst_BUFG                                                                      |                5 |             33 |         6.60 |
|  vit_system_i/zynq_ultra_ps_e_0/inst/pl_clk0 | vit_system_i/vit_phase_e_axi_0/inst/u_core/u_mem_adapter/core_rsp_data                                                                                                                                                   | vit_system_i/vit_phase_e_axi_0/inst/u_core/adapter_aresetn                                                                                                          |               27 |             33 |         1.22 |
|  vit_system_i/zynq_ultra_ps_e_0/inst/pl_clk0 | vit_system_i/vit_phase_e_axi_0/inst/u_core/u_npu/u_engine/u_gemm/gen_fp16.u_fp16/u_stream_array/gen_stream[5].u_stream/s0_enable2_out                                                                                    | vit_system_i/vit_phase_e_axi_0/inst/u_core/u_npu/u_engine/u_command_controller/engine_rst_BUFG                                                                      |               19 |             34 |         1.79 |
|  vit_system_i/zynq_ultra_ps_e_0/inst/pl_clk0 | vit_system_i/vit_phase_e_axi_0/inst/u_core/u_npu/u_engine/u_gemm/gen_fp16.u_fp16/u_stream_array/gen_stream[1].u_stream/s0_enable2_out                                                                                    | vit_system_i/vit_phase_e_axi_0/inst/u_core/u_npu/u_engine/u_command_controller/engine_rst_BUFG                                                                      |               21 |             34 |         1.62 |
|  vit_system_i/zynq_ultra_ps_e_0/inst/pl_clk0 | vit_system_i/vit_phase_e_axi_0/inst/u_core/u_npu/u_engine/u_gemm/gen_fp16.u_fp16/u_stream_array/gen_stream[4].u_stream/s0_enable2_out                                                                                    | vit_system_i/vit_phase_e_axi_0/inst/u_core/u_npu/u_engine/u_command_controller/engine_rst_BUFG                                                                      |               19 |             34 |         1.79 |
|  vit_system_i/zynq_ultra_ps_e_0/inst/pl_clk0 | vit_system_i/vit_phase_e_axi_0/inst/u_core/u_npu/u_engine/u_memory_frontend/u_gemm_address_context/bias_address_base[65]_i_1_n_0                                                                                         | vit_system_i/vit_phase_e_axi_0/inst/u_core/u_npu/u_engine/u_memory_frontend/u_gemm_address_context/activation_address_base[31]_i_1_n_0                              |               10 |             34 |         3.40 |
|  vit_system_i/zynq_ultra_ps_e_0/inst/pl_clk0 | vit_system_i/vit_phase_e_axi_0/inst/u_core/u_npu/u_engine/u_gemm/gen_fp16.u_fp16/u_stream_array/gen_stream[3].u_stream/s0_enable2_out                                                                                    | vit_system_i/vit_phase_e_axi_0/inst/u_core/u_npu/u_engine/u_command_controller/engine_rst_BUFG                                                                      |               17 |             34 |         2.00 |
|  vit_system_i/zynq_ultra_ps_e_0/inst/pl_clk0 | vit_system_i/vit_phase_e_axi_0/inst/u_core/u_npu/u_engine/u_gemm/gen_fp16.u_fp16/u_stream_array/gen_stream[2].u_stream/s0_enable2_out                                                                                    | vit_system_i/vit_phase_e_axi_0/inst/u_core/u_npu/u_engine/u_command_controller/engine_rst_BUFG                                                                      |               21 |             34 |         1.62 |
|  vit_system_i/zynq_ultra_ps_e_0/inst/pl_clk0 | vit_system_i/vit_phase_e_axi_0/inst/u_core/u_npu/u_engine/u_gemm/gen_fp16.u_fp16/u_stream_array/gen_stream[0].u_stream/s0_enable2_out                                                                                    | vit_system_i/vit_phase_e_axi_0/inst/u_core/u_npu/u_engine/u_command_controller/engine_rst_BUFG                                                                      |               18 |             34 |         1.89 |
|  vit_system_i/zynq_ultra_ps_e_0/inst/pl_clk0 | vit_system_i/vit_phase_e_axi_0/inst/u_core/u_npu/u_engine/u_gemm/gen_fp16.u_fp16/u_stream_array/gen_stream[7].u_stream/s0_enable2_out                                                                                    | vit_system_i/vit_phase_e_axi_0/inst/u_core/u_npu/u_engine/u_command_controller/engine_rst_BUFG                                                                      |               14 |             34 |         2.43 |
|  vit_system_i/zynq_ultra_ps_e_0/inst/pl_clk0 | vit_system_i/vit_phase_e_axi_0/inst/u_core/u_npu/u_engine/u_gemm/gen_fp16.u_fp16/u_stream_array/gen_stream[6].u_stream/s0_enable2_out                                                                                    | vit_system_i/vit_phase_e_axi_0/inst/u_core/u_npu/u_engine/u_command_controller/engine_rst_BUFG                                                                      |               18 |             34 |         1.89 |
|  vit_system_i/zynq_ultra_ps_e_0/inst/pl_clk0 | vit_system_i/vit_phase_e_axi_0/inst/u_core/u_npu/u_engine/u_gemm/gen_fp16.u_fp16/u_stream_array/result_data_q[415]_i_1_n_0                                                                                               | vit_system_i/vit_phase_e_axi_0/inst/u_core/u_npu/u_engine/u_command_controller/engine_rst_BUFG                                                                      |               29 |             35 |         1.21 |
|  vit_system_i/zynq_ultra_ps_e_0/inst/pl_clk0 | vit_system_i/vit_phase_e_axi_0/inst/u_core/u_npu/u_engine/u_gemm/gen_fp16.u_fp16/u_stream_array/result_data_q[383]_i_1_n_0                                                                                               | vit_system_i/vit_phase_e_axi_0/inst/u_core/u_npu/u_engine/u_command_controller/engine_rst_BUFG                                                                      |               27 |             35 |         1.30 |
|  vit_system_i/zynq_ultra_ps_e_0/inst/pl_clk0 | vit_system_i/vit_phase_e_axi_0/inst/u_core/u_npu/u_engine/u_gemm/gen_fp16.u_fp16/u_stream_array/result_data_q[159]_i_1_n_0                                                                                               | vit_system_i/vit_phase_e_axi_0/inst/u_core/u_npu/u_engine/u_command_controller/engine_rst_BUFG                                                                      |               35 |             35 |         1.00 |
|  vit_system_i/zynq_ultra_ps_e_0/inst/pl_clk0 | vit_system_i/vit_phase_e_axi_0/inst/u_core/u_npu/u_engine/u_gemm/gen_fp16.u_fp16/u_stream_array/result_data_q[127]_i_1_n_0                                                                                               | vit_system_i/vit_phase_e_axi_0/inst/u_core/u_npu/u_engine/u_command_controller/engine_rst_BUFG                                                                      |               28 |             35 |         1.25 |
|  vit_system_i/zynq_ultra_ps_e_0/inst/pl_clk0 | vit_system_i/vit_phase_e_axi_0/inst/u_core/u_npu/u_engine/u_gemm/gen_fp16.u_fp16/u_stream_array/result_data_q[447]_i_1_n_0                                                                                               | vit_system_i/vit_phase_e_axi_0/inst/u_core/u_npu/u_engine/u_command_controller/engine_rst_BUFG                                                                      |               28 |             35 |         1.25 |
|  vit_system_i/zynq_ultra_ps_e_0/inst/pl_clk0 | vit_system_i/vit_phase_e_axi_0/inst/u_core/u_npu/u_engine/u_gemm/gen_fp16.u_fp16/u_stream_array/raw_result_q[255]_i_1_n_0                                                                                                | vit_system_i/vit_phase_e_axi_0/inst/u_core/u_npu/u_engine/u_command_controller/engine_rst_BUFG                                                                      |               23 |             35 |         1.52 |
|  vit_system_i/zynq_ultra_ps_e_0/inst/pl_clk0 | vit_system_i/vit_phase_e_axi_0/inst/u_core/u_npu/u_engine/u_gemm/gen_fp16.u_fp16/u_stream_array/result_data_q[191]_i_1_n_0                                                                                               | vit_system_i/vit_phase_e_axi_0/inst/u_core/u_npu/u_engine/u_command_controller/engine_rst_BUFG                                                                      |               33 |             35 |         1.06 |
|  vit_system_i/zynq_ultra_ps_e_0/inst/pl_clk0 | vit_system_i/vit_phase_e_axi_0/inst/u_core/u_npu/u_engine/u_gemm/gen_fp16.u_fp16/u_stream_array/result_data_q[351]_i_1_n_0                                                                                               | vit_system_i/vit_phase_e_axi_0/inst/u_core/u_npu/u_engine/u_command_controller/engine_rst_BUFG                                                                      |               30 |             35 |         1.17 |
|  vit_system_i/zynq_ultra_ps_e_0/inst/pl_clk0 | vit_system_i/vit_phase_e_axi_0/inst/u_core/u_npu/u_engine/u_gemm/gen_fp16.u_fp16/u_stream_array/result_data_q[31]_i_1_n_0                                                                                                | vit_system_i/vit_phase_e_axi_0/inst/u_core/u_npu/u_engine/u_command_controller/engine_rst_BUFG                                                                      |               34 |             35 |         1.03 |
|  vit_system_i/zynq_ultra_ps_e_0/inst/pl_clk0 | vit_system_i/vit_phase_e_axi_0/inst/u_core/u_npu/u_engine/u_gemm/gen_fp16.u_fp16/u_stream_array/result_data_q[319]_i_1_n_0                                                                                               | vit_system_i/vit_phase_e_axi_0/inst/u_core/u_npu/u_engine/u_command_controller/engine_rst_BUFG                                                                      |               32 |             35 |         1.09 |
|  vit_system_i/zynq_ultra_ps_e_0/inst/pl_clk0 | vit_system_i/vit_phase_e_axi_0/inst/u_core/u_npu/u_engine/u_gemm/gen_fp16.u_fp16/u_stream_array/result_data_q[287]_i_1_n_0                                                                                               | vit_system_i/vit_phase_e_axi_0/inst/u_core/u_npu/u_engine/u_command_controller/engine_rst_BUFG                                                                      |               29 |             35 |         1.21 |
|  vit_system_i/zynq_ultra_ps_e_0/inst/pl_clk0 | vit_system_i/vit_phase_e_axi_0/inst/u_core/u_npu/u_engine/u_gemm/gen_fp16.u_fp16/u_stream_array/result_data_q[223]_i_1_n_0                                                                                               | vit_system_i/vit_phase_e_axi_0/inst/u_core/u_npu/u_engine/u_command_controller/engine_rst_BUFG                                                                      |               34 |             35 |         1.03 |
|  vit_system_i/zynq_ultra_ps_e_0/inst/pl_clk0 | vit_system_i/vit_phase_e_axi_0/inst/u_core/u_npu/u_engine/u_gemm/gen_fp16.u_fp16/u_stream_array/result_data_q[255]_i_1_n_0                                                                                               | vit_system_i/vit_phase_e_axi_0/inst/u_core/u_npu/u_engine/u_command_controller/engine_rst_BUFG                                                                      |               25 |             35 |         1.40 |
|  vit_system_i/zynq_ultra_ps_e_0/inst/pl_clk0 | vit_system_i/vit_phase_e_axi_0/inst/u_core/u_npu/u_engine/u_gemm/gen_fp16.u_fp16/u_stream_array/result_data_q[479]_i_1_n_0                                                                                               | vit_system_i/vit_phase_e_axi_0/inst/u_core/u_npu/u_engine/u_command_controller/engine_rst_BUFG                                                                      |               28 |             35 |         1.25 |
|  vit_system_i/zynq_ultra_ps_e_0/inst/pl_clk0 | vit_system_i/vit_phase_e_axi_0/inst/u_core/u_npu/u_engine/u_gemm/gen_fp16.u_fp16/u_stream_array/result_data_q[511]_i_1_n_0                                                                                               | vit_system_i/vit_phase_e_axi_0/inst/u_core/u_npu/u_engine/u_command_controller/engine_rst_BUFG                                                                      |               29 |             35 |         1.21 |
|  vit_system_i/zynq_ultra_ps_e_0/inst/pl_clk0 | vit_system_i/vit_phase_e_axi_0/inst/u_core/u_npu/u_engine/u_gemm/gen_fp16.u_fp16/u_stream_array/result_data_q[63]_i_1_n_0                                                                                                | vit_system_i/vit_phase_e_axi_0/inst/u_core/u_npu/u_engine/u_command_controller/engine_rst_BUFG                                                                      |               31 |             35 |         1.13 |
|  vit_system_i/zynq_ultra_ps_e_0/inst/pl_clk0 | vit_system_i/vit_phase_e_axi_0/inst/u_core/u_npu/u_engine/u_gemm/gen_fp16.u_fp16/u_stream_array/result_data_q[95]_i_1_n_0                                                                                                | vit_system_i/vit_phase_e_axi_0/inst/u_core/u_npu/u_engine/u_command_controller/engine_rst_BUFG                                                                      |               21 |             35 |         1.67 |
|  vit_system_i/zynq_ultra_ps_e_0/inst/pl_clk0 | vit_system_i/vit_phase_e_axi_0/inst/u_core/u_npu/u_engine/u_gemm/gen_fp16.u_fp16/u_stream_array/raw_result_q[95]_i_1_n_0                                                                                                 | vit_system_i/vit_phase_e_axi_0/inst/u_core/u_npu/u_engine/u_command_controller/engine_rst_BUFG                                                                      |               31 |             35 |         1.13 |
|  vit_system_i/zynq_ultra_ps_e_0/inst/pl_clk0 | vit_system_i/vit_phase_e_axi_0/inst/u_core/u_npu/u_engine/u_gemm/gen_fp16.u_fp16/u_stream_array/raw_result_q[63]_i_1_n_0                                                                                                 | vit_system_i/vit_phase_e_axi_0/inst/u_core/u_npu/u_engine/u_command_controller/engine_rst_BUFG                                                                      |               31 |             35 |         1.13 |
|  vit_system_i/zynq_ultra_ps_e_0/inst/pl_clk0 | vit_system_i/vit_phase_e_axi_0/inst/u_core/u_npu/u_engine/u_gemm/gen_fp16.u_fp16/u_stream_array/raw_result_q[223]_i_1_n_0                                                                                                | vit_system_i/vit_phase_e_axi_0/inst/u_core/u_npu/u_engine/u_command_controller/engine_rst_BUFG                                                                      |               21 |             35 |         1.67 |
|  vit_system_i/zynq_ultra_ps_e_0/inst/pl_clk0 | vit_system_i/vit_phase_e_axi_0/inst/u_core/u_npu/u_engine/u_gemm/gen_fp16.u_fp16/u_stream_array/raw_result_q[31]_i_1_n_0                                                                                                 | vit_system_i/vit_phase_e_axi_0/inst/u_core/u_npu/u_engine/u_command_controller/engine_rst_BUFG                                                                      |               21 |             35 |         1.67 |
|  vit_system_i/zynq_ultra_ps_e_0/inst/pl_clk0 | vit_system_i/vit_phase_e_axi_0/inst/u_core/u_npu/u_engine/u_gemm/gen_fp16.u_fp16/u_stream_array/raw_result_q[191]_i_1_n_0                                                                                                | vit_system_i/vit_phase_e_axi_0/inst/u_core/u_npu/u_engine/u_command_controller/engine_rst_BUFG                                                                      |               29 |             35 |         1.21 |
|  vit_system_i/zynq_ultra_ps_e_0/inst/pl_clk0 | vit_system_i/vit_phase_e_axi_0/inst/u_core/u_npu/u_engine/u_gemm/gen_fp16.u_fp16/u_stream_array/raw_result_q[159]_i_1_n_0                                                                                                | vit_system_i/vit_phase_e_axi_0/inst/u_core/u_npu/u_engine/u_command_controller/engine_rst_BUFG                                                                      |               26 |             35 |         1.35 |
|  vit_system_i/zynq_ultra_ps_e_0/inst/pl_clk0 | vit_system_i/vit_phase_e_axi_0/inst/u_core/u_npu/u_engine/u_gemm/gen_fp16.u_fp16/u_stream_array/raw_result_q[127]_i_1_n_0                                                                                                | vit_system_i/vit_phase_e_axi_0/inst/u_core/u_npu/u_engine/u_command_controller/engine_rst_BUFG                                                                      |               26 |             35 |         1.35 |
|  vit_system_i/zynq_ultra_ps_e_0/inst/pl_clk0 | vit_system_i/vit_phase_e_axi_0/inst/u_core/u_mem_adapter/fill_first_word                                                                                                                                                 | vit_system_i/vit_phase_e_axi_0/inst/u_core/adapter_aresetn                                                                                                          |               23 |             35 |         1.52 |
|  vit_system_i/zynq_ultra_ps_e_0/inst/pl_clk0 | vit_system_i/vit_phase_e_axi_0/inst/u_core/u_control/wdata_hold0                                                                                                                                                         | vit_system_i/proc_sys_reset_0/U0/peripheral_aresetn[0]                                                                                                              |               33 |             36 |         1.09 |
|  vit_system_i/zynq_ultra_ps_e_0/inst/pl_clk0 | vit_system_i/smartconnect_control/inst/s00_nodes/s00_w_node/inst/inst_mi_handler/gen_normal_area.inst_fifo_node_payld/gen_reg_fifo.inst_reg_fifo/gen_single_rank.data[51]_i_1_n_0                                        |                                                                                                                                                                     |               19 |             36 |         1.89 |
|  vit_system_i/zynq_ultra_ps_e_0/inst/pl_clk0 | vit_system_i/smartconnect_control/inst/s00_entry_pipeline/s00_mmu/inst/ar_reg_stall/skid_buffer[1136]_i_1_n_0                                                                                                            |                                                                                                                                                                     |               10 |             39 |         3.90 |
|  vit_system_i/zynq_ultra_ps_e_0/inst/pl_clk0 | vit_system_i/smartconnect_control/inst/s00_entry_pipeline/s00_mmu/inst/ar_reg_stall/m_vector_i                                                                                                                           |                                                                                                                                                                     |                9 |             39 |         4.33 |
|  vit_system_i/zynq_ultra_ps_e_0/inst/pl_clk0 | vit_system_i/vit_phase_e_axi_0/inst/u_core/u_mem_adapter/scalar_lane_hold                                                                                                                                                | vit_system_i/vit_phase_e_axi_0/inst/u_core/adapter_aresetn                                                                                                          |                6 |             40 |         6.67 |
|  vit_system_i/zynq_ultra_ps_e_0/inst/pl_clk0 | vit_system_i/vit_phase_e_axi_0/inst/u_core/u_npu/u_engine/u_layernorm/u_total_words_multiplier/shifted_multiplier[9]_i_1_n_0                                                                                             | vit_system_i/vit_phase_e_axi_0/inst/u_core/u_npu/u_engine/u_command_controller/engine_rst_BUFG                                                                      |                7 |             42 |         6.00 |
|  vit_system_i/zynq_ultra_ps_e_0/inst/pl_clk0 | vit_system_i/vit_phase_e_axi_0/inst/u_core/u_npu/u_engine/u_softmax/u_total_words_multiplier/shifted_multiplier[9]_i_1_n_0                                                                                               | vit_system_i/vit_phase_e_axi_0/inst/u_core/u_npu/u_engine/u_command_controller/engine_rst_BUFG                                                                      |               11 |             42 |         3.82 |
|  vit_system_i/zynq_ultra_ps_e_0/inst/pl_clk0 | vit_system_i/smartconnect_ddr/inst/s00_entry_pipeline/s00_mmu/inst/aw_reg_stall/m_vector_i[1029]_i_1__0_n_0                                                                                                              |                                                                                                                                                                     |               18 |             44 |         2.44 |
|  vit_system_i/zynq_ultra_ps_e_0/inst/pl_clk0 | vit_system_i/smartconnect_ddr/inst/s00_entry_pipeline/s00_mmu/inst/aw_reg_stall/skid_buffer[1144]_i_1__0_n_0                                                                                                             |                                                                                                                                                                     |               22 |             44 |         2.00 |
|  vit_system_i/zynq_ultra_ps_e_0/inst/pl_clk0 | vit_system_i/vit_phase_e_axi_0/inst/u_core/u_npu/u_engine/u_vector/result_lane_mask_reg                                                                                                                                  | vit_system_i/vit_phase_e_axi_0/inst/u_core/u_npu/u_engine/u_command_controller/engine_rst_BUFG                                                                      |               36 |             44 |         1.22 |
|  vit_system_i/zynq_ultra_ps_e_0/inst/pl_clk0 | vit_system_i/smartconnect_ddr/inst/s00_entry_pipeline/s00_transaction_regulator/inst/gen_endpoint.gen_w_singleorder.w_singleorder/gen_cmd_reg.cmd_reg/m_vector_i[1100]_i_1_n_0                                           |                                                                                                                                                                     |               21 |             45 |         2.14 |
|  vit_system_i/zynq_ultra_ps_e_0/inst/pl_clk0 | vit_system_i/smartconnect_ddr/inst/s00_entry_pipeline/s00_transaction_regulator/inst/gen_endpoint.gen_w_singleorder.w_singleorder/gen_cmd_reg.cmd_reg/skid_buffer[1144]_i_1_n_0                                          |                                                                                                                                                                     |               25 |             45 |         1.80 |
|  vit_system_i/zynq_ultra_ps_e_0/inst/pl_clk0 |                                                                                                                                                                                                                          | vit_system_i/vit_phase_e_axi_0/inst/u_core/u_npu/u_engine/u_command_controller/engine_rst_BUFG                                                                      |               24 |             46 |         1.92 |
|  vit_system_i/zynq_ultra_ps_e_0/inst/pl_clk0 | vit_system_i/smartconnect_ddr/inst/s00_entry_pipeline/s00_si_converter/inst/converter.wrap_narrow_inst/aw_reg_slice/m_vector_i[1100]_i_1_n_0                                                                             |                                                                                                                                                                     |               22 |             50 |         2.27 |
|  vit_system_i/zynq_ultra_ps_e_0/inst/pl_clk0 | vit_system_i/smartconnect_ddr/inst/s00_entry_pipeline/s00_si_converter/inst/converter.wrap_narrow_inst/aw_reg_slice/skid_buffer[1144]_i_1_n_0                                                                            |                                                                                                                                                                     |               24 |             50 |         2.08 |
|  vit_system_i/zynq_ultra_ps_e_0/inst/pl_clk0 | vit_system_i/vit_phase_e_axi_0/inst/u_core/u_npu/u_engine/u_layout/u_descriptor_validator/active_dst_base                                                                                                                | vit_system_i/vit_phase_e_axi_0/inst/u_core/u_npu/u_engine/u_command_controller/engine_rst_BUFG                                                                      |               26 |             52 |         2.00 |
|  vit_system_i/zynq_ultra_ps_e_0/inst/pl_clk0 | vit_system_i/vit_phase_e_axi_0/inst/u_core/u_npu/u_engine/u_layout/u_descriptor_validator/u_shared_multiplier/shifted_multiplier[19]_i_1_n_0                                                                             | vit_system_i/vit_phase_e_axi_0/inst/u_core/u_npu/u_engine/u_command_controller/engine_rst_BUFG                                                                      |               15 |             52 |         3.47 |
|  vit_system_i/zynq_ultra_ps_e_0/inst/pl_clk0 | vit_system_i/smartconnect_ddr/inst/s00_entry_pipeline/s00_mmu/inst/ar_reg_stall/skid_buffer[1144]_i_1_n_0                                                                                                                |                                                                                                                                                                     |               26 |             53 |         2.04 |
|  vit_system_i/zynq_ultra_ps_e_0/inst/pl_clk0 | vit_system_i/smartconnect_ddr/inst/s00_entry_pipeline/s00_mmu/inst/ar_reg_stall/m_vector_i[1029]_i_1_n_0                                                                                                                 |                                                                                                                                                                     |               24 |             53 |         2.21 |
|  vit_system_i/zynq_ultra_ps_e_0/inst/pl_clk0 | vit_system_i/vit_phase_e_axi_0/inst/u_core/u_npu/u_engine/u_gemm/gen_fp16.u_fp16/active_n[31]_i_1_n_0                                                                                                                    | vit_system_i/vit_phase_e_axi_0/inst/u_core/u_npu/u_engine/u_command_controller/engine_rst_BUFG                                                                      |               33 |             54 |         1.64 |
|  vit_system_i/zynq_ultra_ps_e_0/inst/pl_clk0 |                                                                                                                                                                                                                          | vit_system_i/vit_phase_e_axi_0/inst/u_core/adapter_aresetn                                                                                                          |               28 |             57 |         2.04 |
|  vit_system_i/zynq_ultra_ps_e_0/inst/pl_clk0 | vit_system_i/vit_phase_e_axi_0/inst/u_core/u_npu/u_engine/u_memory_frontend/gemm_a_cache_batch_tag                                                                                                                       | vit_system_i/vit_phase_e_axi_0/inst/u_core/compute_rst                                                                                                              |               13 |             61 |         4.69 |
|  vit_system_i/zynq_ultra_ps_e_0/inst/pl_clk0 | vit_system_i/vit_phase_e_axi_0/inst/u_core/u_npu/u_engine/u_memory_frontend/u_gemm_address_context/bias_address_base[65]_i_1_n_0                                                                                         | vit_system_i/vit_phase_e_axi_0/inst/u_core/u_npu/u_engine/u_memory_frontend/u_gemm_bias_cache/bias_memory_reg_bram_3_i_2_n_0                                        |               32 |             62 |         1.94 |
|  vit_system_i/zynq_ultra_ps_e_0/inst/pl_clk0 | vit_system_i/vit_phase_e_axi_0/inst/u_core/u_npu/u_engine/u_memory_frontend/mem_word_index                                                                                                                               | vit_system_i/vit_phase_e_axi_0/inst/u_core/u_npu/u_engine/u_memory_frontend/mem_state[3]_i_1_n_0                                                                    |               51 |             62 |         1.22 |
|  vit_system_i/zynq_ultra_ps_e_0/inst/pl_clk0 | vit_system_i/vit_phase_e_axi_0/inst/u_core/u_npu/u_engine/u_layernorm/u_reciprocal_hidden_size/remainder[62]_i_1_n_0                                                                                                     | vit_system_i/vit_phase_e_axi_0/inst/u_core/u_npu/u_engine/u_command_controller/engine_rst_BUFG                                                                      |               12 |             63 |         5.25 |
|  vit_system_i/zynq_ultra_ps_e_0/inst/pl_clk0 | vit_system_i/smartconnect_ddr/inst/s00_entry_pipeline/s00_transaction_regulator/inst/gen_endpoint.gen_r_singleorder.r_singleorder/gen_cmd_reg.cmd_reg/skid_buffer[1144]_i_1__0_n_0                                       |                                                                                                                                                                     |               34 |             63 |         1.85 |
|  vit_system_i/zynq_ultra_ps_e_0/inst/pl_clk0 | vit_system_i/smartconnect_ddr/inst/s00_entry_pipeline/s00_transaction_regulator/inst/gen_endpoint.gen_r_singleorder.r_singleorder/gen_cmd_reg.cmd_reg/m_vector_i[1100]_i_1__0_n_0                                        |                                                                                                                                                                     |               31 |             63 |         2.03 |
|  vit_system_i/zynq_ultra_ps_e_0/inst/pl_clk0 | vit_system_i/vit_phase_e_axi_0/inst/u_core/u_profile_counters/write_wait_live                                                                                                                                            | vit_system_i/vit_phase_e_axi_0/inst/u_core/u_profile_counters/write_wait_live[0]_i_1_n_0                                                                            |                8 |             64 |         8.00 |
|  vit_system_i/zynq_ultra_ps_e_0/inst/pl_clk0 | vit_system_i/vit_phase_e_axi_0/inst/u_core/u_profile_counters/read_wait_second                                                                                                                                           | vit_system_i/vit_phase_e_axi_0/inst/u_core/u_profile_counters/read_first_seen                                                                                       |               19 |             64 |         3.37 |
|  vit_system_i/zynq_ultra_ps_e_0/inst/pl_clk0 | vit_system_i/vit_phase_e_axi_0/inst/u_core/u_npu/u_engine/u_softmax/exp_remainder_final                                                                                                                                  | vit_system_i/vit_phase_e_axi_0/inst/u_core/u_npu/u_engine/u_command_controller/engine_rst_BUFG                                                                      |               23 |             64 |         2.78 |
|  vit_system_i/zynq_ultra_ps_e_0/inst/pl_clk0 | vit_system_i/vit_phase_e_axi_0/inst/u_core/u_profile_counters/command_duration_live                                                                                                                                      | vit_system_i/vit_phase_e_axi_0/inst/u_core/u_profile_counters/command_duration_live[0]_i_1_n_0                                                                      |                8 |             64 |         8.00 |
|  vit_system_i/zynq_ultra_ps_e_0/inst/pl_clk0 | vit_system_i/vit_phase_e_axi_0/inst/u_core/u_perf_counters/live_command_count                                                                                                                                            | vit_system_i/vit_phase_e_axi_0/inst/u_core/u_perf_counters/job_cycles_o[63]_i_1_n_0                                                                                 |                8 |             64 |         8.00 |
|  vit_system_i/zynq_ultra_ps_e_0/inst/pl_clk0 | vit_system_i/vit_phase_e_axi_0/inst/u_core/u_perf_counters/live_axi_request_stall_cycles                                                                                                                                 | vit_system_i/vit_phase_e_axi_0/inst/u_core/u_perf_counters/job_cycles_o[63]_i_1_n_0                                                                                 |                8 |             64 |         8.00 |
|  vit_system_i/zynq_ultra_ps_e_0/inst/pl_clk0 | vit_system_i/vit_phase_e_axi_0/inst/u_core/u_perf_counters/live_axi_write_count                                                                                                                                          | vit_system_i/vit_phase_e_axi_0/inst/u_core/u_perf_counters/job_cycles_o[63]_i_1_n_0                                                                                 |                8 |             64 |         8.00 |
|  vit_system_i/zynq_ultra_ps_e_0/inst/pl_clk0 | vit_system_i/vit_phase_e_axi_0/inst/u_core/u_perf_counters/running_o                                                                                                                                                     | vit_system_i/vit_phase_e_axi_0/inst/u_core/u_perf_counters/job_cycles_o[63]_i_1_n_0                                                                                 |                8 |             64 |         8.00 |
|  vit_system_i/zynq_ultra_ps_e_0/inst/pl_clk0 | vit_system_i/vit_phase_e_axi_0/inst/u_core/u_npu/u_engine/u_softmax/u_total_words_multiplier/product[63]_i_2_n_0                                                                                                         | vit_system_i/vit_phase_e_axi_0/inst/u_core/u_npu/u_engine/u_softmax/u_total_words_multiplier/product[63]_i_1_n_0                                                    |                8 |             64 |         8.00 |
|  vit_system_i/zynq_ultra_ps_e_0/inst/pl_clk0 | vit_system_i/vit_phase_e_axi_0/inst/u_core/u_perf_counters/live_axi_read_count                                                                                                                                           | vit_system_i/vit_phase_e_axi_0/inst/u_core/u_perf_counters/job_cycles_o[63]_i_1_n_0                                                                                 |                8 |             64 |         8.00 |
|  vit_system_i/zynq_ultra_ps_e_0/inst/pl_clk0 | vit_system_i/vit_phase_e_axi_0/inst/u_core/u_profile_counters/read_wait_live                                                                                                                                             | vit_system_i/vit_phase_e_axi_0/inst/u_core/u_profile_counters/read_first_seen                                                                                       |               17 |             64 |         3.76 |
|  vit_system_i/zynq_ultra_ps_e_0/inst/pl_clk0 | vit_system_i/vit_phase_e_axi_0/inst/u_core/u_npu/u_engine/u_softmax/row_index                                                                                                                                            | vit_system_i/vit_phase_e_axi_0/inst/u_core/u_npu/u_engine/u_command_controller/engine_rst_BUFG                                                                      |               10 |             64 |         6.40 |
|  vit_system_i/zynq_ultra_ps_e_0/inst/pl_clk0 | vit_system_i/vit_phase_e_axi_0/inst/u_core/u_npu/u_engine/u_argmax/result_index_reg                                                                                                                                      | vit_system_i/vit_phase_e_axi_0/inst/u_core/u_npu/u_engine/u_command_controller/engine_rst_BUFG                                                                      |               47 |             64 |         1.36 |
|  vit_system_i/zynq_ultra_ps_e_0/inst/pl_clk0 | vit_system_i/vit_phase_e_axi_0/inst/u_core/u_npu/u_engine/u_argmax/best_index                                                                                                                                            | vit_system_i/vit_phase_e_axi_0/inst/u_core/u_npu/u_engine/u_command_controller/engine_rst_BUFG                                                                      |               37 |             64 |         1.73 |
|  vit_system_i/zynq_ultra_ps_e_0/inst/pl_clk0 | vit_system_i/vit_phase_e_axi_0/inst/u_core/u_npu/u_engine/u_gelu/u_serial_core/exp_scale_integer_final                                                                                                                   | vit_system_i/vit_phase_e_axi_0/inst/u_core/u_npu/u_engine/u_command_controller/engine_rst_BUFG                                                                      |               27 |             64 |         2.37 |
|  vit_system_i/zynq_ultra_ps_e_0/inst/pl_clk0 | vit_system_i/vit_phase_e_axi_0/inst/u_core/u_npu/u_engine/u_gemm/gen_fp16.u_fp16/u_stream_array/bias_data_q                                                                                                              | vit_system_i/vit_phase_e_axi_0/inst/u_core/u_npu/u_engine/u_command_controller/engine_rst_BUFG                                                                      |               21 |             64 |         3.05 |
|  vit_system_i/zynq_ultra_ps_e_0/inst/pl_clk0 | vit_system_i/vit_phase_e_axi_0/inst/u_core/u_npu/u_engine/u_memory_frontend/u_gemm_address_context/activation_address_base[65]_i_2_n_0                                                                                   | vit_system_i/vit_phase_e_axi_0/inst/u_core/u_npu/u_engine/u_memory_frontend/u_gemm_bias_cache/bias_memory_reg_bram_3_i_2_n_0                                        |               29 |             64 |         2.21 |
|  vit_system_i/zynq_ultra_ps_e_0/inst/pl_clk0 | vit_system_i/vit_phase_e_axi_0/inst/u_core/u_npu/u_engine/u_command_controller/class_result_valid0                                                                                                                       | vit_system_i/vit_phase_e_axi_0/inst/u_core/compute_rst                                                                                                              |               44 |             64 |         1.45 |
|  vit_system_i/zynq_ultra_ps_e_0/inst/pl_clk0 | vit_system_i/vit_phase_e_axi_0/inst/u_core/u_npu/u_engine/u_layernorm/u_total_words_multiplier/product[63]_i_2_n_0                                                                                                       | vit_system_i/vit_phase_e_axi_0/inst/u_core/u_npu/u_engine/u_layernorm/u_total_words_multiplier/product[63]_i_1_n_0                                                  |                8 |             64 |         8.00 |
|  vit_system_i/zynq_ultra_ps_e_0/inst/pl_clk0 | vit_system_i/vit_phase_e_axi_0/inst/u_core/u_npu/u_engine/u_layout/result_address_reg                                                                                                                                    | vit_system_i/vit_phase_e_axi_0/inst/u_core/u_npu/u_engine/u_command_controller/engine_rst_BUFG                                                                      |               30 |             64 |         2.13 |
|  vit_system_i/zynq_ultra_ps_e_0/inst/pl_clk0 | vit_system_i/vit_phase_e_axi_0/inst/u_core/u_npu/u_engine/u_layernorm/latched_gamma                                                                                                                                      | vit_system_i/vit_phase_e_axi_0/inst/u_core/u_npu/u_engine/u_command_controller/engine_rst_BUFG                                                                      |               19 |             64 |         3.37 |
|  vit_system_i/zynq_ultra_ps_e_0/inst/pl_clk0 | vit_system_i/vit_phase_e_axi_0/inst/u_core/u_npu/u_engine/u_layout/u_descriptor_validator/u_shared_multiplier/product[63]_i_2_n_0                                                                                        | vit_system_i/vit_phase_e_axi_0/inst/u_core/u_npu/u_engine/u_layout/u_descriptor_validator/u_shared_multiplier/product[63]_i_1_n_0                                   |                8 |             64 |         8.00 |
|  vit_system_i/zynq_ultra_ps_e_0/inst/pl_clk0 | vit_system_i/vit_phase_e_axi_0/inst/u_core/u_npu/u_engine/u_layernorm/token_index                                                                                                                                        | vit_system_i/vit_phase_e_axi_0/inst/u_core/u_npu/u_engine/u_command_controller/engine_rst_BUFG                                                                      |               11 |             64 |         5.82 |
|  vit_system_i/zynq_ultra_ps_e_0/inst/pl_clk0 | vit_system_i/vit_phase_e_axi_0/inst/u_core/u_npu/u_engine/u_layout/u_descriptor_validator/maximum_source_address[65]_i_1_n_0                                                                                             | vit_system_i/vit_phase_e_axi_0/inst/u_core/u_npu/u_engine/u_command_controller/engine_rst_BUFG                                                                      |               10 |             66 |         6.60 |
|  vit_system_i/zynq_ultra_ps_e_0/inst/pl_clk0 | vit_system_i/smartconnect_ddr/inst/s00_entry_pipeline/s00_si_converter/inst/converter.wrap_narrow_inst/ar_reg_slice/m_vector_i[1100]_i_1__0_n_0                                                                          |                                                                                                                                                                     |               26 |             67 |         2.58 |
|  vit_system_i/zynq_ultra_ps_e_0/inst/pl_clk0 | vit_system_i/smartconnect_ddr/inst/s00_entry_pipeline/s00_si_converter/inst/converter.wrap_narrow_inst/ar_reg_slice/skid_buffer[1144]_i_1__0_n_0                                                                         |                                                                                                                                                                     |               31 |             67 |         2.16 |
|  vit_system_i/zynq_ultra_ps_e_0/inst/pl_clk0 | vit_system_i/vit_phase_e_axi_0/inst/u_core/u_npu/u_engine/u_memory_frontend/u_gemm_address_context/activation_token_base                                                                                                 | vit_system_i/vit_phase_e_axi_0/inst/u_core/u_npu/u_engine/u_memory_frontend/u_gemm_address_context/activation_address_base[65]_i_1_n_0                              |               25 |             68 |         2.72 |
|  vit_system_i/zynq_ultra_ps_e_0/inst/pl_clk0 | vit_system_i/vit_phase_e_axi_0/inst/u_core/u_npu/u_engine/u_memory_frontend/u_gemm_address_context/activation_address_base[65]_i_2_n_0                                                                                   | vit_system_i/vit_phase_e_axi_0/inst/u_core/u_npu/u_engine/u_memory_frontend/u_gemm_address_context/activation_address_base[65]_i_1_n_0                              |               26 |             68 |         2.62 |
|  vit_system_i/zynq_ultra_ps_e_0/inst/pl_clk0 | vit_system_i/vit_phase_e_axi_0/inst/u_core/u_npu/u_engine/u_layout/start0                                                                                                                                                | vit_system_i/vit_phase_e_axi_0/inst/u_core/u_npu/u_engine/u_command_controller/engine_rst_BUFG                                                                      |               38 |             69 |         1.82 |
|  vit_system_i/zynq_ultra_ps_e_0/inst/pl_clk0 | vit_system_i/vit_phase_e_axi_0/inst/u_core/u_profile_counters/profile_running_o                                                                                                                                          | vit_system_i/vit_phase_e_axi_0/inst/u_core/u_m5_axi_counters/published                                                                                              |               32 |             72 |         2.25 |
|  vit_system_i/zynq_ultra_ps_e_0/inst/pl_clk0 | vit_system_i/smartconnect_ddr/inst/s00_nodes/s00_aw_node/inst/inst_mi_handler/gen_normal_area.inst_fifo_node_payld/gen_xpm_memory_fifo.inst_fifo/gen_mem_rep[0].inst_rd_addrb/rd_addrb_incr                              | vit_system_i/smartconnect_ddr/inst/s00_nodes/s00_aw_node/inst/inst_mi_handler/m_sc_areset_r                                                                         |               11 |             78 |         7.09 |
|  vit_system_i/zynq_ultra_ps_e_0/inst/pl_clk0 | vit_system_i/smartconnect_ddr/inst/s00_nodes/s00_ar_node/inst/inst_mi_handler/gen_normal_area.inst_fifo_node_payld/gen_xpm_memory_fifo.inst_fifo/gen_mem_rep[0].inst_rd_addrb/rd_addrb_incr                              | vit_system_i/smartconnect_ddr/inst/s00_nodes/s00_ar_node/inst/inst_mi_handler/m_sc_areset_r                                                                         |               10 |             80 |         8.00 |
|  vit_system_i/zynq_ultra_ps_e_0/inst/pl_clk0 | vit_system_i/vit_phase_e_axi_0/inst/u_core/u_profile_counters/trace_selected_meta_o[25]_i_2_n_0                                                                                                                          | vit_system_i/vit_phase_e_axi_0/inst/u_core/u_profile_counters/trace_selected_meta_o[25]_i_1_n_0                                                                     |               31 |             88 |         2.84 |
|  vit_system_i/zynq_ultra_ps_e_0/inst/pl_clk0 | vit_system_i/vit_phase_e_axi_0/inst/u_core/u_profile_counters/profile_running_o                                                                                                                                          | vit_system_i/vit_phase_e_axi_0/inst/u_core/u_perf_counters/job_cycles_o[63]_i_1_n_0                                                                                 |               56 |             90 |         1.61 |
|  vit_system_i/zynq_ultra_ps_e_0/inst/pl_clk0 | vit_system_i/vit_phase_e_axi_0/inst/u_core/u_npu/u_engine/u_memory_frontend/u_gemm_address_context/activation_batch_base                                                                                                 | vit_system_i/vit_phase_e_axi_0/inst/u_core/u_npu/u_engine/u_memory_frontend/u_gemm_address_context/activation_address_base[31]_i_1_n_0                              |               12 |             96 |         8.00 |
|  vit_system_i/zynq_ultra_ps_e_0/inst/pl_clk0 | vit_system_i/vit_phase_e_axi_0/inst/u_core/u_npu/u_engine/u_gemm/gen_fp16.u_fp16/u_stream_array/gen_stream[7].u_stream/f1_invalid                                                                                        | vit_system_i/vit_phase_e_axi_0/inst/u_core/u_npu/u_engine/u_command_controller/engine_rst_BUFG                                                                      |               16 |             98 |         6.12 |
|  vit_system_i/zynq_ultra_ps_e_0/inst/pl_clk0 | vit_system_i/vit_phase_e_axi_0/inst/u_core/u_npu/u_engine/u_gemm/gen_fp16.u_fp16/u_stream_array/gen_stream[4].u_stream/s2_is_nan                                                                                         | vit_system_i/vit_phase_e_axi_0/inst/u_core/u_npu/u_engine/u_command_controller/engine_rst_BUFG                                                                      |               35 |             98 |         2.80 |
|  vit_system_i/zynq_ultra_ps_e_0/inst/pl_clk0 | vit_system_i/vit_phase_e_axi_0/inst/u_core/u_npu/u_engine/u_gemm/gen_fp16.u_fp16/u_stream_array/gen_stream[4].u_stream/f1_invalid                                                                                        | vit_system_i/vit_phase_e_axi_0/inst/u_core/u_npu/u_engine/u_command_controller/engine_rst_BUFG                                                                      |               17 |             98 |         5.76 |
|  vit_system_i/zynq_ultra_ps_e_0/inst/pl_clk0 | vit_system_i/vit_phase_e_axi_0/inst/u_core/u_npu/u_engine/u_gemm/gen_fp16.u_fp16/u_stream_array/gen_stream[5].u_stream/f1_invalid                                                                                        | vit_system_i/vit_phase_e_axi_0/inst/u_core/u_npu/u_engine/u_command_controller/engine_rst_BUFG                                                                      |               17 |             98 |         5.76 |
|  vit_system_i/zynq_ultra_ps_e_0/inst/pl_clk0 | vit_system_i/vit_phase_e_axi_0/inst/u_core/u_npu/u_engine/u_gemm/gen_fp16.u_fp16/u_stream_array/gen_stream[5].u_stream/s2_is_nan                                                                                         | vit_system_i/vit_phase_e_axi_0/inst/u_core/u_npu/u_engine/u_command_controller/engine_rst_BUFG                                                                      |               36 |             98 |         2.72 |
|  vit_system_i/zynq_ultra_ps_e_0/inst/pl_clk0 | vit_system_i/vit_phase_e_axi_0/inst/u_core/u_npu/u_engine/u_gemm/gen_fp16.u_fp16/u_stream_array/gen_stream[3].u_stream/s2_is_nan                                                                                         | vit_system_i/vit_phase_e_axi_0/inst/u_core/u_npu/u_engine/u_command_controller/engine_rst_BUFG                                                                      |               42 |             98 |         2.33 |
|  vit_system_i/zynq_ultra_ps_e_0/inst/pl_clk0 | vit_system_i/vit_phase_e_axi_0/inst/u_core/u_npu/u_engine/u_gemm/gen_fp16.u_fp16/u_stream_array/gen_stream[3].u_stream/f1_invalid                                                                                        | vit_system_i/vit_phase_e_axi_0/inst/u_core/u_npu/u_engine/u_command_controller/engine_rst_BUFG                                                                      |               18 |             98 |         5.44 |
|  vit_system_i/zynq_ultra_ps_e_0/inst/pl_clk0 | vit_system_i/vit_phase_e_axi_0/inst/u_core/u_npu/u_engine/u_gemm/gen_fp16.u_fp16/u_stream_array/gen_stream[6].u_stream/f1_invalid                                                                                        | vit_system_i/vit_phase_e_axi_0/inst/u_core/u_npu/u_engine/u_command_controller/engine_rst_BUFG                                                                      |               17 |             98 |         5.76 |
|  vit_system_i/zynq_ultra_ps_e_0/inst/pl_clk0 | vit_system_i/vit_phase_e_axi_0/inst/u_core/u_npu/u_engine/u_gemm/gen_fp16.u_fp16/u_stream_array/gen_stream[6].u_stream/s2_is_nan                                                                                         | vit_system_i/vit_phase_e_axi_0/inst/u_core/u_npu/u_engine/u_command_controller/engine_rst_BUFG                                                                      |               43 |             98 |         2.28 |
|  vit_system_i/zynq_ultra_ps_e_0/inst/pl_clk0 | vit_system_i/vit_phase_e_axi_0/inst/u_core/u_npu/u_engine/u_gemm/gen_fp16.u_fp16/u_stream_array/gen_stream[7].u_stream/s2_is_nan                                                                                         | vit_system_i/vit_phase_e_axi_0/inst/u_core/u_npu/u_engine/u_command_controller/engine_rst_BUFG                                                                      |               41 |             98 |         2.39 |
|  vit_system_i/zynq_ultra_ps_e_0/inst/pl_clk0 | vit_system_i/vit_phase_e_axi_0/inst/u_core/u_npu/u_engine/u_gemm/gen_fp16.u_fp16/u_stream_array/gen_stream[2].u_stream/s2_is_nan                                                                                         | vit_system_i/vit_phase_e_axi_0/inst/u_core/u_npu/u_engine/u_command_controller/engine_rst_BUFG                                                                      |               40 |             98 |         2.45 |
|  vit_system_i/zynq_ultra_ps_e_0/inst/pl_clk0 | vit_system_i/vit_phase_e_axi_0/inst/u_core/u_npu/u_engine/u_gemm/gen_fp16.u_fp16/u_stream_array/gen_stream[2].u_stream/f1_invalid                                                                                        | vit_system_i/vit_phase_e_axi_0/inst/u_core/u_npu/u_engine/u_command_controller/engine_rst_BUFG                                                                      |               18 |             98 |         5.44 |
|  vit_system_i/zynq_ultra_ps_e_0/inst/pl_clk0 | vit_system_i/vit_phase_e_axi_0/inst/u_core/u_npu/u_engine/u_gemm/gen_fp16.u_fp16/u_stream_array/gen_stream[1].u_stream/s2_is_nan                                                                                         | vit_system_i/vit_phase_e_axi_0/inst/u_core/u_npu/u_engine/u_command_controller/engine_rst_BUFG                                                                      |               46 |             98 |         2.13 |
|  vit_system_i/zynq_ultra_ps_e_0/inst/pl_clk0 | vit_system_i/vit_phase_e_axi_0/inst/u_core/u_npu/u_engine/u_gemm/gen_fp16.u_fp16/u_stream_array/gen_stream[1].u_stream/f1_invalid                                                                                        | vit_system_i/vit_phase_e_axi_0/inst/u_core/u_npu/u_engine/u_command_controller/engine_rst_BUFG                                                                      |               18 |             98 |         5.44 |
|  vit_system_i/zynq_ultra_ps_e_0/inst/pl_clk0 | vit_system_i/vit_phase_e_axi_0/inst/u_core/u_npu/u_engine/u_gemm/gen_fp16.u_fp16/u_stream_array/gen_stream[0].u_stream/s2_is_nan                                                                                         | vit_system_i/vit_phase_e_axi_0/inst/u_core/u_npu/u_engine/u_command_controller/engine_rst_BUFG                                                                      |               42 |             98 |         2.33 |
|  vit_system_i/zynq_ultra_ps_e_0/inst/pl_clk0 | vit_system_i/vit_phase_e_axi_0/inst/u_core/u_npu/u_engine/u_gemm/gen_fp16.u_fp16/u_stream_array/gen_stream[0].u_stream/f1_invalid                                                                                        | vit_system_i/vit_phase_e_axi_0/inst/u_core/u_npu/u_engine/u_command_controller/engine_rst_BUFG                                                                      |               16 |             98 |         6.12 |
|  vit_system_i/zynq_ultra_ps_e_0/inst/pl_clk0 | vit_system_i/vit_phase_e_axi_0/inst/u_core/u_npu/u_engine/u_memory_frontend/u_gemm_address_context/activation_batch_base                                                                                                 | vit_system_i/vit_phase_e_axi_0/inst/u_core/u_npu/u_engine/u_memory_frontend/u_gemm_address_context/activation_address_base[65]_i_1_n_0                              |               15 |            102 |         6.80 |
|  vit_system_i/zynq_ultra_ps_e_0/inst/pl_clk0 | vit_system_i/vit_phase_e_axi_0/inst/u_core/u_mem_adapter/line_valid_words                                                                                                                                                | vit_system_i/vit_phase_e_axi_0/inst/u_core/adapter_aresetn                                                                                                          |               39 |            102 |         2.62 |
|  vit_system_i/zynq_ultra_ps_e_0/inst/pl_clk0 | vit_system_i/vit_phase_e_axi_0/inst/u_core/u_npu/u_engine/u_memory_frontend/u_gemm_address_context/bias_address_base[65]_i_1_n_0                                                                                         | vit_system_i/vit_phase_e_axi_0/inst/u_core/u_npu/u_engine/u_memory_frontend/u_gemm_address_context/activation_address_base[65]_i_1_n_0                              |               39 |            102 |         2.62 |
|  vit_system_i/zynq_ultra_ps_e_0/inst/pl_clk0 | vit_system_i/vit_phase_e_axi_0/inst/u_core/u_profile_counters/trace_memory_reg_192_255_0_6_i_1_n_0                                                                                                                       |                                                                                                                                                                     |               13 |            104 |         8.00 |
|  vit_system_i/zynq_ultra_ps_e_0/inst/pl_clk0 | vit_system_i/vit_phase_e_axi_0/inst/u_core/u_profile_counters/trace_memory_reg_128_191_0_6_i_1_n_0                                                                                                                       |                                                                                                                                                                     |               13 |            104 |         8.00 |
|  vit_system_i/zynq_ultra_ps_e_0/inst/pl_clk0 | vit_system_i/vit_phase_e_axi_0/inst/u_core/u_profile_counters/trace_memory_reg_64_127_0_6_i_1_n_0                                                                                                                        |                                                                                                                                                                     |               13 |            104 |         8.00 |
|  vit_system_i/zynq_ultra_ps_e_0/inst/pl_clk0 | vit_system_i/vit_phase_e_axi_0/inst/u_core/u_profile_counters/trace_memory_reg_0_63_0_6_i_3_n_0                                                                                                                          |                                                                                                                                                                     |               13 |            104 |         8.00 |
|  vit_system_i/zynq_ultra_ps_e_0/inst/pl_clk0 | vit_system_i/vit_phase_e_axi_0/inst/u_core/u_npu/u_engine/u_memory_frontend/mem_state                                                                                                                                    | vit_system_i/vit_phase_e_axi_0/inst/u_core/u_npu/u_engine/u_memory_frontend/mem_state[3]_i_1_n_0                                                                    |               81 |            106 |         1.31 |
|  vit_system_i/zynq_ultra_ps_e_0/inst/pl_clk0 | vit_system_i/vit_phase_e_axi_0/inst/u_core/u_npu/u_engine/u_gemm/gen_fp16.u_fp16/u_stream_array/gen_stream[5].u_stream/f2_value_sign                                                                                     | vit_system_i/vit_phase_e_axi_0/inst/u_core/u_npu/u_engine/u_command_controller/engine_rst_BUFG                                                                      |               48 |            107 |         2.23 |
|  vit_system_i/zynq_ultra_ps_e_0/inst/pl_clk0 | vit_system_i/vit_phase_e_axi_0/inst/u_core/u_npu/u_engine/u_gemm/gen_fp16.u_fp16/u_stream_array/gen_stream[2].u_stream/f2_value_sign                                                                                     | vit_system_i/vit_phase_e_axi_0/inst/u_core/u_npu/u_engine/u_command_controller/engine_rst_BUFG                                                                      |               44 |            107 |         2.43 |
|  vit_system_i/zynq_ultra_ps_e_0/inst/pl_clk0 | vit_system_i/vit_phase_e_axi_0/inst/u_core/u_npu/u_engine/u_gemm/gen_fp16.u_fp16/u_stream_array/gen_stream[4].u_stream/f2_value_sign                                                                                     | vit_system_i/vit_phase_e_axi_0/inst/u_core/u_npu/u_engine/u_command_controller/engine_rst_BUFG                                                                      |               45 |            107 |         2.38 |
|  vit_system_i/zynq_ultra_ps_e_0/inst/pl_clk0 | vit_system_i/vit_phase_e_axi_0/inst/u_core/u_npu/u_engine/u_gemm/gen_fp16.u_fp16/u_stream_array/gen_stream[1].u_stream/f2_value_sign                                                                                     | vit_system_i/vit_phase_e_axi_0/inst/u_core/u_npu/u_engine/u_command_controller/engine_rst_BUFG                                                                      |               48 |            107 |         2.23 |
|  vit_system_i/zynq_ultra_ps_e_0/inst/pl_clk0 | vit_system_i/vit_phase_e_axi_0/inst/u_core/u_npu/u_engine/u_gemm/gen_fp16.u_fp16/u_stream_array/gen_stream[0].u_stream/f2_value_sign                                                                                     | vit_system_i/vit_phase_e_axi_0/inst/u_core/u_npu/u_engine/u_command_controller/engine_rst_BUFG                                                                      |               49 |            107 |         2.18 |
|  vit_system_i/zynq_ultra_ps_e_0/inst/pl_clk0 | vit_system_i/vit_phase_e_axi_0/inst/u_core/u_npu/u_engine/u_gemm/gen_fp16.u_fp16/u_stream_array/gen_stream[6].u_stream/f2_value_sign                                                                                     | vit_system_i/vit_phase_e_axi_0/inst/u_core/u_npu/u_engine/u_command_controller/engine_rst_BUFG                                                                      |               54 |            107 |         1.98 |
|  vit_system_i/zynq_ultra_ps_e_0/inst/pl_clk0 | vit_system_i/vit_phase_e_axi_0/inst/u_core/u_npu/u_engine/u_gemm/gen_fp16.u_fp16/u_stream_array/gen_stream[7].u_stream/f2_value_sign                                                                                     | vit_system_i/vit_phase_e_axi_0/inst/u_core/u_npu/u_engine/u_command_controller/engine_rst_BUFG                                                                      |               53 |            107 |         2.02 |
|  vit_system_i/zynq_ultra_ps_e_0/inst/pl_clk0 | vit_system_i/vit_phase_e_axi_0/inst/u_core/u_npu/u_engine/u_gemm/gen_fp16.u_fp16/u_stream_array/gen_stream[3].u_stream/f2_value_sign                                                                                     | vit_system_i/vit_phase_e_axi_0/inst/u_core/u_npu/u_engine/u_command_controller/engine_rst_BUFG                                                                      |               45 |            107 |         2.38 |
|  vit_system_i/zynq_ultra_ps_e_0/inst/pl_clk0 | vit_system_i/vit_phase_e_axi_0/inst/u_core/u_profile_counters/global_published                                                                                                                                           | vit_system_i/vit_phase_e_axi_0/inst/u_core/u_perf_counters/job_cycles_o[63]_i_1_n_0                                                                                 |               66 |            108 |         1.64 |
|  vit_system_i/zynq_ultra_ps_e_0/inst/pl_clk0 | vit_system_i/smartconnect_ddr/inst/s00_nodes/s00_ar_node/inst/inst_mi_handler/gen_normal_area.inst_fifo_node_payld/gen_xpm_memory_fifo.inst_fifo/wr_wea                                                                  |                                                                                                                                                                     |                7 |            112 |        16.00 |
|  vit_system_i/zynq_ultra_ps_e_0/inst/pl_clk0 | vit_system_i/smartconnect_ddr/inst/s00_nodes/s00_aw_node/inst/inst_mi_handler/gen_normal_area.inst_fifo_node_payld/gen_xpm_memory_fifo.inst_fifo/wr_wea                                                                  |                                                                                                                                                                     |                7 |            112 |        16.00 |
|  vit_system_i/zynq_ultra_ps_e_0/inst/pl_clk0 | vit_system_i/vit_phase_e_axi_0/inst/u_core/u_npu/u_engine/u_memory_frontend/gemm_address_context_start                                                                                                                   | vit_system_i/vit_phase_e_axi_0/inst/u_core/u_npu/u_engine/u_memory_frontend/u_gemm_activation_panel_cache/read_data_valid0                                          |               24 |            118 |         4.92 |
|  vit_system_i/zynq_ultra_ps_e_0/inst/pl_clk0 | vit_system_i/vit_phase_e_axi_0/inst/u_core/u_npu/u_engine/u_gemm/gen_fp16.u_fp16/panel_last_q18_out                                                                                                                      | vit_system_i/vit_phase_e_axi_0/inst/u_core/u_npu/u_engine/u_command_controller/engine_rst_BUFG                                                                      |               85 |            121 |         1.42 |
|  vit_system_i/zynq_ultra_ps_e_0/inst/pl_clk0 | vit_system_i/vit_phase_e_axi_0/inst/u_core/u_npu/u_engine/u_gemm/gen_fp16.u_fp16/panel_last_q20_out                                                                                                                      | vit_system_i/vit_phase_e_axi_0/inst/u_core/u_npu/u_engine/u_command_controller/engine_rst_BUFG                                                                      |               80 |            121 |         1.51 |
|  vit_system_i/zynq_ultra_ps_e_0/inst/pl_clk0 | vit_system_i/vit_phase_e_axi_0/inst/u_core/u_profile_counters/global_published                                                                                                                                           | vit_system_i/vit_phase_e_axi_0/inst/u_core/u_m5_axi_counters/published                                                                                              |               59 |            127 |         2.15 |
|  vit_system_i/zynq_ultra_ps_e_0/inst/pl_clk0 | vit_system_i/vit_phase_e_axi_0/inst/u_core/u_mem_adapter/line_data[8][31]_i_1_n_0                                                                                                                                        | vit_system_i/vit_phase_e_axi_0/inst/u_core/adapter_aresetn                                                                                                          |               53 |            128 |         2.42 |
|  vit_system_i/zynq_ultra_ps_e_0/inst/pl_clk0 | vit_system_i/vit_phase_e_axi_0/inst/u_core/u_mem_adapter/line_data[20][31]_i_1_n_0                                                                                                                                       | vit_system_i/vit_phase_e_axi_0/inst/u_core/adapter_aresetn                                                                                                          |               69 |            128 |         1.86 |
|  vit_system_i/zynq_ultra_ps_e_0/inst/pl_clk0 | vit_system_i/vit_phase_e_axi_0/inst/u_core/u_mem_adapter/line_data[4][31]_i_1_n_0                                                                                                                                        | vit_system_i/vit_phase_e_axi_0/inst/u_core/adapter_aresetn                                                                                                          |               64 |            128 |         2.00 |
|  vit_system_i/zynq_ultra_ps_e_0/inst/pl_clk0 | vit_system_i/vit_phase_e_axi_0/inst/u_core/u_mem_adapter/line_data[28][31]_i_1_n_0                                                                                                                                       | vit_system_i/vit_phase_e_axi_0/inst/u_core/adapter_aresetn                                                                                                          |               57 |            128 |         2.25 |
|  vit_system_i/zynq_ultra_ps_e_0/inst/pl_clk0 | vit_system_i/vit_phase_e_axi_0/inst/u_core/u_mem_adapter/line_data[24][31]_i_1_n_0                                                                                                                                       | vit_system_i/vit_phase_e_axi_0/inst/u_core/adapter_aresetn                                                                                                          |               55 |            128 |         2.33 |
|  vit_system_i/zynq_ultra_ps_e_0/inst/pl_clk0 | vit_system_i/vit_phase_e_axi_0/inst/u_core/u_mem_adapter/line_data[16][31]_i_1_n_0                                                                                                                                       | vit_system_i/vit_phase_e_axi_0/inst/u_core/adapter_aresetn                                                                                                          |               58 |            128 |         2.21 |
|  vit_system_i/zynq_ultra_ps_e_0/inst/pl_clk0 | vit_system_i/vit_phase_e_axi_0/inst/u_core/u_mem_adapter/line_data[12][31]_i_1_n_0                                                                                                                                       | vit_system_i/vit_phase_e_axi_0/inst/u_core/adapter_aresetn                                                                                                          |               62 |            128 |         2.06 |
|  vit_system_i/zynq_ultra_ps_e_0/inst/pl_clk0 | vit_system_i/vit_phase_e_axi_0/inst/u_core/u_mem_adapter/line_data[0][31]_i_1_n_0                                                                                                                                        | vit_system_i/vit_phase_e_axi_0/inst/u_core/adapter_aresetn                                                                                                          |               60 |            128 |         2.13 |
|  vit_system_i/zynq_ultra_ps_e_0/inst/pl_clk0 | vit_system_i/smartconnect_ddr/inst/s00_entry_pipeline/s00_si_converter/inst/converter.wrap_narrow_inst/gen_thread_loop[0].r_payld_fifo/cmd_fifo/gen_thread_loop[0].r_packing_boundary_reg[0][0]                          |                                                                                                                                                                     |               18 |            130 |         7.22 |
|  vit_system_i/zynq_ultra_ps_e_0/inst/pl_clk0 | vit_system_i/smartconnect_ddr/inst/s00_entry_pipeline/s00_si_converter/inst/converter.wrap_narrow_inst/r_shelf                                                                                                           |                                                                                                                                                                     |               60 |            130 |         2.17 |
|  vit_system_i/zynq_ultra_ps_e_0/inst/pl_clk0 | vit_system_i/smartconnect_ddr/inst/s00_entry_pipeline/s00_si_converter/inst/converter.wrap_narrow_inst/gen_thread_loop[0].r_payld_fifo/gen_srls[147].srl_nx1/push                                                        |                                                                                                                                                                     |               18 |            130 |         7.22 |
|  vit_system_i/zynq_ultra_ps_e_0/inst/pl_clk0 | vit_system_i/vit_phase_e_axi_0/inst/u_core/u_mem_adapter/write_strobe_hold                                                                                                                                               | vit_system_i/vit_phase_e_axi_0/inst/u_core/adapter_aresetn                                                                                                          |               29 |            132 |         4.55 |
|  vit_system_i/zynq_ultra_ps_e_0/inst/pl_clk0 | vit_system_i/smartconnect_ddr/inst/s00_entry_pipeline/s00_si_converter/inst/converter.wrap_narrow_inst/w_shelve_d                                                                                                        |                                                                                                                                                                     |               46 |            135 |         2.93 |
|  vit_system_i/zynq_ultra_ps_e_0/inst/pl_clk0 | vit_system_i/smartconnect_ddr/inst/s00_nodes/s00_r_node/inst/inst_mi_handler/gen_normal_area.inst_fifo_node_payld/gen_xpm_memory_fifo.inst_fifo/gen_mem_rep[0].inst_rd_addrb/rd_addrb_incr                               | vit_system_i/smartconnect_ddr/inst/s00_nodes/s00_r_node/inst/inst_mi_handler/m_sc_areset_r                                                                          |               14 |            136 |         9.71 |
|  vit_system_i/zynq_ultra_ps_e_0/inst/pl_clk0 | vit_system_i/smartconnect_ddr/inst/s00_entry_pipeline/s00_si_converter/inst/converter.wrap_narrow_inst/w_payld_fifo/gen_srls[223].srl_nx1/push                                                                           |                                                                                                                                                                     |               22 |            144 |         6.55 |
|  vit_system_i/zynq_ultra_ps_e_0/inst/pl_clk0 | vit_system_i/smartconnect_ddr/inst/s00_entry_pipeline/s00_si_converter/inst/gen_normal.splitter_inst/gen_no_wsplitter.gen_endpoint_woffset.gen_wbypass_offset_fifo.wbypass_offset_fifo/m_xfer0                           |                                                                                                                                                                     |               23 |            145 |         6.30 |
|  vit_system_i/zynq_ultra_ps_e_0/inst/pl_clk0 | vit_system_i/smartconnect_ddr/inst/s00_nodes/s00_w_node/inst/inst_mi_handler/gen_normal_area.inst_fifo_node_payld/gen_xpm_memory_fifo.inst_fifo/gen_mem_rep[0].inst_rd_addrb/rd_addrb_incr                               | vit_system_i/smartconnect_ddr/inst/s00_nodes/s00_w_node/inst/inst_mi_handler/m_sc_areset_r                                                                          |               14 |            151 |        10.79 |
|  vit_system_i/zynq_ultra_ps_e_0/inst/pl_clk0 | vit_system_i/smartconnect_ddr/inst/s00_nodes/s00_r_node/inst/inst_mi_handler/gen_normal_area.inst_fifo_node_payld/gen_xpm_memory_fifo.inst_fifo/wr_wea                                                                   |                                                                                                                                                                     |               10 |            160 |        16.00 |
|  vit_system_i/zynq_ultra_ps_e_0/inst/pl_clk0 | vit_system_i/vit_phase_e_axi_0/inst/u_core/u_npu/u_engine/u_memory_frontend/gemm_result_address_base_store_q                                                                                                             | vit_system_i/vit_phase_e_axi_0/inst/u_core/compute_rst                                                                                                              |               32 |            170 |         5.31 |
|  vit_system_i/zynq_ultra_ps_e_0/inst/pl_clk0 | vit_system_i/vit_phase_e_axi_0/inst/u_core/u_mem_adapter/req_fifo_selected_base[1][63]_i_1_n_0                                                                                                                           | vit_system_i/vit_phase_e_axi_0/inst/u_core/adapter_aresetn                                                                                                          |               78 |            172 |         2.21 |
|  vit_system_i/zynq_ultra_ps_e_0/inst/pl_clk0 | vit_system_i/vit_phase_e_axi_0/inst/u_core/u_mem_adapter/req_fifo_selected_base                                                                                                                                          | vit_system_i/vit_phase_e_axi_0/inst/u_core/adapter_aresetn                                                                                                          |               88 |            172 |         1.95 |
|  vit_system_i/zynq_ultra_ps_e_0/inst/pl_clk0 | vit_system_i/smartconnect_ddr/inst/s00_nodes/s00_w_node/inst/inst_mi_handler/gen_normal_area.inst_fifo_node_payld/gen_xpm_memory_fifo.inst_fifo/wr_wea                                                                   |                                                                                                                                                                     |               11 |            176 |        16.00 |
|  vit_system_i/zynq_ultra_ps_e_0/inst/pl_clk0 | vit_system_i/vit_phase_e_axi_0/inst/u_core/u_npu/u_engine/u_gemm/gen_fp16.u_fp16/u_stream_array/gen_stream[5].u_stream/f0_carry[92]_i_1_n_0                                                                              | vit_system_i/vit_phase_e_axi_0/inst/u_core/u_npu/u_engine/u_command_controller/engine_rst_BUFG                                                                      |               65 |            185 |         2.85 |
|  vit_system_i/zynq_ultra_ps_e_0/inst/pl_clk0 | vit_system_i/vit_phase_e_axi_0/inst/u_core/u_npu/u_engine/u_gemm/gen_fp16.u_fp16/u_stream_array/gen_stream[3].u_stream/f0_carry[92]_i_1_n_0                                                                              | vit_system_i/vit_phase_e_axi_0/inst/u_core/u_npu/u_engine/u_command_controller/engine_rst_BUFG                                                                      |               71 |            185 |         2.61 |
|  vit_system_i/zynq_ultra_ps_e_0/inst/pl_clk0 | vit_system_i/vit_phase_e_axi_0/inst/u_core/u_npu/u_engine/u_gemm/gen_fp16.u_fp16/u_stream_array/gen_stream[6].u_stream/f0_carry[92]_i_1_n_0                                                                              | vit_system_i/vit_phase_e_axi_0/inst/u_core/u_npu/u_engine/u_command_controller/engine_rst_BUFG                                                                      |               66 |            185 |         2.80 |
|  vit_system_i/zynq_ultra_ps_e_0/inst/pl_clk0 | vit_system_i/vit_phase_e_axi_0/inst/u_core/u_npu/u_engine/u_gemm/gen_fp16.u_fp16/u_stream_array/gen_stream[4].u_stream/f0_carry[92]_i_1_n_0                                                                              | vit_system_i/vit_phase_e_axi_0/inst/u_core/u_npu/u_engine/u_command_controller/engine_rst_BUFG                                                                      |               57 |            185 |         3.25 |
|  vit_system_i/zynq_ultra_ps_e_0/inst/pl_clk0 | vit_system_i/vit_phase_e_axi_0/inst/u_core/u_npu/u_engine/u_gemm/gen_fp16.u_fp16/u_stream_array/gen_stream[0].u_stream/f0_carry[92]_i_1_n_0                                                                              | vit_system_i/vit_phase_e_axi_0/inst/u_core/u_npu/u_engine/u_command_controller/engine_rst_BUFG                                                                      |               61 |            185 |         3.03 |
|  vit_system_i/zynq_ultra_ps_e_0/inst/pl_clk0 | vit_system_i/vit_phase_e_axi_0/inst/u_core/u_npu/u_engine/u_gemm/gen_fp16.u_fp16/u_stream_array/gen_stream[2].u_stream/f0_carry[92]_i_1_n_0                                                                              | vit_system_i/vit_phase_e_axi_0/inst/u_core/u_npu/u_engine/u_command_controller/engine_rst_BUFG                                                                      |               86 |            185 |         2.15 |
|  vit_system_i/zynq_ultra_ps_e_0/inst/pl_clk0 | vit_system_i/vit_phase_e_axi_0/inst/u_core/u_npu/u_engine/u_gemm/gen_fp16.u_fp16/u_stream_array/gen_stream[7].u_stream/f0_carry[92]_i_1_n_0                                                                              | vit_system_i/vit_phase_e_axi_0/inst/u_core/u_npu/u_engine/u_command_controller/engine_rst_BUFG                                                                      |               70 |            185 |         2.64 |
|  vit_system_i/zynq_ultra_ps_e_0/inst/pl_clk0 | vit_system_i/vit_phase_e_axi_0/inst/u_core/u_npu/u_engine/u_gemm/gen_fp16.u_fp16/u_stream_array/gen_stream[1].u_stream/f0_carry[92]_i_1_n_0                                                                              | vit_system_i/vit_phase_e_axi_0/inst/u_core/u_npu/u_engine/u_command_controller/engine_rst_BUFG                                                                      |               76 |            185 |         2.43 |
|  vit_system_i/zynq_ultra_ps_e_0/inst/pl_clk0 | vit_system_i/vit_phase_e_axi_0/inst/u_core/u_mem_adapter/fill_valid_words                                                                                                                                                | vit_system_i/vit_phase_e_axi_0/inst/u_core/adapter_aresetn                                                                                                          |               47 |            186 |         3.96 |
|  vit_system_i/zynq_ultra_ps_e_0/inst/pl_clk0 | vit_system_i/vit_phase_e_axi_0/inst/u_core/u_npu/u_engine/u_memory_frontend/gemm_a_vector_token_q                                                                                                                        | vit_system_i/vit_phase_e_axi_0/inst/u_core/compute_rst                                                                                                              |               68 |            190 |         2.79 |
|  vit_system_i/zynq_ultra_ps_e_0/inst/pl_clk0 | vit_system_i/vit_phase_e_axi_0/inst/u_core/u_npu/u_engine/u_gemm/gen_fp16.u_fp16/u_stream_array/gen_stream[6].u_stream/accumulator_sum                                                                                   | vit_system_i/vit_phase_e_axi_0/inst/u_core/u_npu/u_engine/u_gemm/gen_fp16.u_fp16/u_stream_array/gen_stream[6].u_stream/accumulator_carry[92]_i_1_n_0                |               69 |            197 |         2.86 |
|  vit_system_i/zynq_ultra_ps_e_0/inst/pl_clk0 | vit_system_i/vit_phase_e_axi_0/inst/u_core/u_npu/u_engine/u_gemm/gen_fp16.u_fp16/u_stream_array/gen_stream[4].u_stream/accumulator_sum                                                                                   | vit_system_i/vit_phase_e_axi_0/inst/u_core/u_npu/u_engine/u_gemm/gen_fp16.u_fp16/u_stream_array/gen_stream[4].u_stream/accumulator_carry[92]_i_1_n_0                |               60 |            197 |         3.28 |
|  vit_system_i/zynq_ultra_ps_e_0/inst/pl_clk0 | vit_system_i/vit_phase_e_axi_0/inst/u_core/u_npu/u_engine/u_gemm/gen_fp16.u_fp16/u_stream_array/gen_stream[5].u_stream/accumulator_sum                                                                                   | vit_system_i/vit_phase_e_axi_0/inst/u_core/u_npu/u_engine/u_gemm/gen_fp16.u_fp16/u_stream_array/gen_stream[5].u_stream/accumulator_carry[92]_i_1_n_0                |               54 |            197 |         3.65 |
|  vit_system_i/zynq_ultra_ps_e_0/inst/pl_clk0 | vit_system_i/vit_phase_e_axi_0/inst/u_core/u_npu/u_engine/u_gemm/gen_fp16.u_fp16/u_stream_array/gen_stream[2].u_stream/accumulator_sum                                                                                   | vit_system_i/vit_phase_e_axi_0/inst/u_core/u_npu/u_engine/u_gemm/gen_fp16.u_fp16/u_stream_array/gen_stream[2].u_stream/accumulator_carry[92]_i_1_n_0                |               60 |            197 |         3.28 |
|  vit_system_i/zynq_ultra_ps_e_0/inst/pl_clk0 | vit_system_i/vit_phase_e_axi_0/inst/u_core/u_npu/u_engine/u_gemm/gen_fp16.u_fp16/u_stream_array/gen_stream[3].u_stream/accumulator_sum                                                                                   | vit_system_i/vit_phase_e_axi_0/inst/u_core/u_npu/u_engine/u_gemm/gen_fp16.u_fp16/u_stream_array/gen_stream[3].u_stream/accumulator_carry[92]_i_1_n_0                |               68 |            197 |         2.90 |
|  vit_system_i/zynq_ultra_ps_e_0/inst/pl_clk0 | vit_system_i/vit_phase_e_axi_0/inst/u_core/u_npu/u_engine/u_gemm/gen_fp16.u_fp16/u_stream_array/gen_stream[7].u_stream/accumulator_sum                                                                                   | vit_system_i/vit_phase_e_axi_0/inst/u_core/u_npu/u_engine/u_gemm/gen_fp16.u_fp16/u_stream_array/gen_stream[7].u_stream/accumulator_carry[92]_i_1_n_0                |               76 |            197 |         2.59 |
|  vit_system_i/zynq_ultra_ps_e_0/inst/pl_clk0 | vit_system_i/vit_phase_e_axi_0/inst/u_core/u_npu/u_engine/u_gemm/gen_fp16.u_fp16/u_stream_array/gen_stream[1].u_stream/accumulator_sum                                                                                   | vit_system_i/vit_phase_e_axi_0/inst/u_core/u_npu/u_engine/u_gemm/gen_fp16.u_fp16/u_stream_array/gen_stream[1].u_stream/accumulator_carry[92]_i_1_n_0                |               73 |            197 |         2.70 |
|  vit_system_i/zynq_ultra_ps_e_0/inst/pl_clk0 | vit_system_i/vit_phase_e_axi_0/inst/u_core/u_npu/u_engine/u_gemm/gen_fp16.u_fp16/u_stream_array/gen_stream[0].u_stream/accumulator_sum                                                                                   | vit_system_i/vit_phase_e_axi_0/inst/u_core/u_npu/u_engine/u_gemm/gen_fp16.u_fp16/u_stream_array/gen_stream[0].u_stream/accumulator_carry[92]_i_1_n_0                |               75 |            197 |         2.63 |
|  vit_system_i/zynq_ultra_ps_e_0/inst/pl_clk0 |                                                                                                                                                                                                                          | vit_system_i/proc_sys_reset_0/U0/peripheral_aresetn[0]                                                                                                              |               69 |            202 |         2.93 |
|  vit_system_i/zynq_ultra_ps_e_0/inst/pl_clk0 | vit_system_i/vit_phase_e_axi_0/inst/u_core/u_npu/u_engine/u_command_controller/active_cmd                                                                                                                                | vit_system_i/vit_phase_e_axi_0/inst/u_core/compute_rst                                                                                                              |              110 |            212 |         1.93 |
|  vit_system_i/zynq_ultra_ps_e_0/inst/pl_clk0 |                                                                                                                                                                                                                          |                                                                                                                                                                     |              159 |            244 |         1.53 |
|  vit_system_i/zynq_ultra_ps_e_0/inst/pl_clk0 | vit_system_i/vit_phase_e_axi_0/inst/u_core/u_npu/u_sequencer/active_job[phase][2]_i_1_n_0                                                                                                                                | vit_system_i/vit_phase_e_axi_0/inst/u_core/compute_rst                                                                                                              |              215 |            308 |         1.43 |
|  vit_system_i/zynq_ultra_ps_e_0/inst/pl_clk0 | vit_system_i/vit_phase_e_axi_0/inst/u_core/u_perf_counters/job_cycles_o[63]_i_2_n_0                                                                                                                                      | vit_system_i/vit_phase_e_axi_0/inst/u_core/u_perf_counters/job_cycles_o[63]_i_1_n_0                                                                                 |               40 |            319 |         7.97 |
|  vit_system_i/zynq_ultra_ps_e_0/inst/pl_clk0 | vit_system_i/vit_phase_e_axi_0/inst/u_core/u_m5_axi_counters/status_o[0]                                                                                                                                                 | vit_system_i/vit_phase_e_axi_0/inst/u_core/u_m5_axi_counters/published                                                                                              |               56 |            448 |         8.00 |
|  vit_system_i/zynq_ultra_ps_e_0/inst/pl_clk0 | vit_system_i/vit_phase_e_axi_0/inst/u_core/u_m5_axi_counters/published[5][1]_i_2_n_0                                                                                                                                     | vit_system_i/vit_phase_e_axi_0/inst/u_core/u_m5_axi_counters/published                                                                                              |               56 |            448 |         8.00 |
|  vit_system_i/zynq_ultra_ps_e_0/inst/pl_clk0 | vit_system_i/vit_phase_e_axi_0/inst/u_core/u_layer_param_loader/loaded_words                                                                                                                                             | vit_system_i/vit_phase_e_axi_0/inst/u_core/compute_rst                                                                                                              |              114 |            512 |         4.49 |
|  vit_system_i/zynq_ultra_ps_e_0/inst/pl_clk0 | vit_system_i/vit_phase_e_axi_0/inst/u_core/u_npu/u_sequencer/active_layer_params[ln1_beta_base][31]_i_1_n_0                                                                                                              | vit_system_i/vit_phase_e_axi_0/inst/u_core/compute_rst                                                                                                              |              144 |            512 |         3.56 |
|  vit_system_i/zynq_ultra_ps_e_0/inst/pl_clk0 | vit_system_i/vit_phase_e_axi_0/inst/u_core/u_npu/u_engine/u_gelu/latched_lane_mask                                                                                                                                       | vit_system_i/vit_phase_e_axi_0/inst/u_core/u_npu/u_engine/u_command_controller/engine_rst_BUFG                                                                      |              350 |            556 |         1.59 |
|  vit_system_i/zynq_ultra_ps_e_0/inst/pl_clk0 | vit_system_i/vit_phase_e_axi_0/inst/u_core/perf_start_accept                                                                                                                                                             | vit_system_i/proc_sys_reset_0/U0/peripheral_aresetn[0]                                                                                                              |              342 |            600 |         1.75 |
|  vit_system_i/zynq_ultra_ps_e_0/inst/pl_clk0 | vit_system_i/vit_phase_e_axi_0/inst/u_core/u_npu/u_engine/u_gemm/gen_fp16.u_fp16/u_result_fifo/entry_memory_reg_0_1_0_13_i_1_n_0                                                                                         |                                                                                                                                                                     |               50 |            792 |        15.84 |
|  vit_system_i/zynq_ultra_ps_e_0/inst/pl_clk0 | vit_system_i/vit_phase_e_axi_0/inst/u_core/u_npu/u_engine/u_vector/lane_mask_shift                                                                                                                                       | vit_system_i/vit_phase_e_axi_0/inst/u_core/u_npu/u_engine/u_command_controller/engine_rst_BUFG                                                                      |              254 |           1040 |         4.09 |
|  vit_system_i/zynq_ultra_ps_e_0/inst/pl_clk0 | vit_system_i/vit_phase_e_axi_0/inst/u_core/u_m7_overlap_counters/published[22][1]_i_2_n_0                                                                                                                                | vit_system_i/vit_phase_e_axi_0/inst/u_core/u_m7_overlap_counters/published                                                                                          |              194 |           1378 |         7.10 |
|  vit_system_i/zynq_ultra_ps_e_0/inst/pl_clk0 | vit_system_i/vit_phase_e_axi_0/inst/u_core/u_m7_overlap_counters/status_o[0]                                                                                                                                             | vit_system_i/vit_phase_e_axi_0/inst/u_core/u_m7_overlap_counters/published                                                                                          |              201 |           1380 |         6.87 |
|  vit_system_i/zynq_ultra_ps_e_0/inst/pl_clk0 |                                                                                                                                                                                                                          | vit_system_i/vit_phase_e_axi_0/inst/u_core/compute_rst                                                                                                              |             2057 |           4099 |         1.99 |
|  vit_system_i/zynq_ultra_ps_e_0/inst/pl_clk0 | vit_system_i/vit_phase_e_axi_0/inst/u_core/u_npu/u_engine/u_gemm/gen_fp16.u_fp16/u_stream_array/lane_valid_q                                                                                                             | vit_system_i/vit_phase_e_axi_0/inst/u_core/u_npu/u_engine/u_command_controller/engine_rst_BUFG                                                                      |             1117 |           5137 |         4.60 |
|  vit_system_i/zynq_ultra_ps_e_0/inst/pl_clk0 | vit_system_i/vit_phase_e_axi_0/inst/u_core/u_npu/u_engine/u_gemm/gen_fp16.u_fp16/panel1_activation_q                                                                                                                     | vit_system_i/vit_phase_e_axi_0/inst/u_core/u_npu/u_engine/u_command_controller/engine_rst_BUFG                                                                      |             2400 |           5184 |         2.16 |
|  vit_system_i/zynq_ultra_ps_e_0/inst/pl_clk0 | vit_system_i/vit_phase_e_axi_0/inst/u_core/u_npu/u_engine/u_gemm/gen_fp16.u_fp16/activation_q                                                                                                                            | vit_system_i/vit_phase_e_axi_0/inst/u_core/u_npu/u_engine/u_command_controller/engine_rst_BUFG                                                                      |             2392 |           5184 |         2.17 |
|  vit_system_i/zynq_ultra_ps_e_0/inst/pl_clk0 | vit_system_i/vit_phase_e_axi_0/inst/u_core/u_profile_counters/global_published                                                                                                                                           | vit_system_i/vit_phase_e_axi_0/inst/u_core/u_profile_counters/read_first_seen                                                                                       |              737 |           5889 |         7.99 |
|  vit_system_i/zynq_ultra_ps_e_0/inst/pl_clk0 | vit_system_i/vit_phase_e_axi_0/inst/u_core/u_profile_counters/profile_running_o                                                                                                                                          | vit_system_i/vit_phase_e_axi_0/inst/u_core/u_profile_counters/read_first_seen                                                                                       |              792 |           6272 |         7.92 |
+----------------------------------------------+--------------------------------------------------------------------------------------------------------------------------------------------------------------------------------------------------------------------------+---------------------------------------------------------------------------------------------------------------------------------------------------------------------+------------------+----------------+--------------+


