Copyright 1986-2022 Xilinx, Inc. All Rights Reserved. Copyright 2022-2023 Advanced Micro Devices, Inc. All Rights Reserved.
--------------------------------------------------------------------------------------------------------------------------------------------------------------------------------------------------------------------------------------------------------
| Tool Version      : Vivado v.2023.2 (lin64) Build 4029153 Fri Oct 13 20:13:54 MDT 2023
| Date              : Sun Aug  9 04:21:04 2026
| Host              : ubuntu running 64-bit Ubuntu 24.04.4 LTS
| Command           : report_timing_summary -max_paths 10 -report_unconstrained -file vit_system_wrapper_timing_summary_routed.rpt -pb vit_system_wrapper_timing_summary_routed.pb -rpx vit_system_wrapper_timing_summary_routed.rpx -warn_on_violation
| Design            : vit_system_wrapper
| Device            : xczu5ev-sfvc784
| Speed File        : -1  PRODUCTION 1.30 05-15-2022
| Design State      : Routed
| Temperature Grade : E
--------------------------------------------------------------------------------------------------------------------------------------------------------------------------------------------------------------------------------------------------------

Timing Summary Report

------------------------------------------------------------------------------------------------
| Timer Settings
| --------------
------------------------------------------------------------------------------------------------

  Enable Multi Corner Analysis               :  Yes
  Enable Pessimism Removal                   :  Yes
  Pessimism Removal Resolution               :  Nearest Common Node
  Enable Input Delay Default Clock           :  No
  Enable Preset / Clear Arcs                 :  No
  Disable Flight Delays                      :  No
  Ignore I/O Paths                           :  No
  Timing Early Launch at Borrowing Latches   :  No
  Borrow Time for Max Delay Exceptions       :  Yes
  Merge Timing Exceptions                    :  Yes
  Inter-SLR Compensation                     :  Conservative

  Corner  Analyze    Analyze    
  Name    Max Paths  Min Paths  
  ------  ---------  ---------  
  Slow    Yes        Yes        
  Fast    Yes        Yes        


------------------------------------------------------------------------------------------------
| Report Methodology
| ------------------
------------------------------------------------------------------------------------------------

No report available as report_methodology has not been run prior. Run report_methodology on the current design for the summary of methodology violations.



check_timing report

Table of Contents
-----------------
1. checking no_clock (0)
2. checking constant_clock (0)
3. checking pulse_width_clock (0)
4. checking unconstrained_internal_endpoints (0)
5. checking no_input_delay (0)
6. checking no_output_delay (0)
7. checking multiple_clock (0)
8. checking generated_clocks (0)
9. checking loops (0)
10. checking partial_input_delay (0)
11. checking partial_output_delay (0)
12. checking latch_loops (0)

1. checking no_clock (0)
------------------------
 There are 0 register/latch pins with no clock.


2. checking constant_clock (0)
------------------------------
 There are 0 register/latch pins with constant_clock.


3. checking pulse_width_clock (0)
---------------------------------
 There are 0 register/latch pins which need pulse_width check


4. checking unconstrained_internal_endpoints (0)
------------------------------------------------
 There are 0 pins that are not constrained for maximum delay.

 There are 0 pins that are not constrained for maximum delay due to constant clock.


5. checking no_input_delay (0)
------------------------------
 There are 0 input ports with no input delay specified.

 There are 0 input ports with no input delay but user has a false path constraint.


6. checking no_output_delay (0)
-------------------------------
 There are 0 ports with no output delay specified.

 There are 0 ports with no output delay but user has a false path constraint

 There are 0 ports with no output delay but with a timing clock defined on it or propagating through it


7. checking multiple_clock (0)
------------------------------
 There are 0 register/latch pins with multiple clocks.


8. checking generated_clocks (0)
--------------------------------
 There are 0 generated clocks that are not connected to a clock source.


9. checking loops (0)
---------------------
 There are 0 combinational loops in the design.


10. checking partial_input_delay (0)
------------------------------------
 There are 0 input ports with partial input delay specified.


11. checking partial_output_delay (0)
-------------------------------------
 There are 0 ports with partial output delay specified.


12. checking latch_loops (0)
----------------------------
 There are 0 combinational latch loops in the design through latch input



------------------------------------------------------------------------------------------------
| Design Timing Summary
| ---------------------
------------------------------------------------------------------------------------------------

    WNS(ns)      TNS(ns)  TNS Failing Endpoints  TNS Total Endpoints      WHS(ns)      THS(ns)  THS Failing Endpoints  THS Total Endpoints     WPWS(ns)     TPWS(ns)  TPWS Failing Endpoints  TPWS Total Endpoints  
    -------      -------  ---------------------  -------------------      -------      -------  ---------------------  -------------------     --------     --------  ----------------------  --------------------  
      0.045        0.000                      0               197161        0.010        0.000                      0               197161        8.500        0.000                       0                 66188  


All user specified timing constraints are met.


------------------------------------------------------------------------------------------------
| Clock Summary
| -------------
------------------------------------------------------------------------------------------------

Clock     Waveform(ns)       Period(ns)      Frequency(MHz)
-----     ------------       ----------      --------------
clk_pl_0  {0.000 10.000}     20.000          50.000          


------------------------------------------------------------------------------------------------
| Intra Clock Table
| -----------------
------------------------------------------------------------------------------------------------

Clock             WNS(ns)      TNS(ns)  TNS Failing Endpoints  TNS Total Endpoints      WHS(ns)      THS(ns)  THS Failing Endpoints  THS Total Endpoints     WPWS(ns)     TPWS(ns)  TPWS Failing Endpoints  TPWS Total Endpoints  
-----             -------      -------  ---------------------  -------------------      -------      -------  ---------------------  -------------------     --------     --------  ----------------------  --------------------  
clk_pl_0            0.045        0.000                      0               197161        0.010        0.000                      0               197161        8.500        0.000                       0                 66188  


------------------------------------------------------------------------------------------------
| Inter Clock Table
| -----------------
------------------------------------------------------------------------------------------------

From Clock    To Clock          WNS(ns)      TNS(ns)  TNS Failing Endpoints  TNS Total Endpoints      WHS(ns)      THS(ns)  THS Failing Endpoints  THS Total Endpoints  
----------    --------          -------      -------  ---------------------  -------------------      -------      -------  ---------------------  -------------------  


------------------------------------------------------------------------------------------------
| Other Path Groups Table
| -----------------------
------------------------------------------------------------------------------------------------

Path Group    From Clock    To Clock          WNS(ns)      TNS(ns)  TNS Failing Endpoints  TNS Total Endpoints      WHS(ns)      THS(ns)  THS Failing Endpoints  THS Total Endpoints  
----------    ----------    --------          -------      -------  ---------------------  -------------------      -------      -------  ---------------------  -------------------  


------------------------------------------------------------------------------------------------
| User Ignored Path Table
| -----------------------
------------------------------------------------------------------------------------------------

Path Group    From Clock    To Clock    
----------    ----------    --------    
(none)                      clk_pl_0      
(none)        clk_pl_0      clk_pl_0      


------------------------------------------------------------------------------------------------
| Unconstrained Path Table
| ------------------------
------------------------------------------------------------------------------------------------

Path Group    From Clock    To Clock    
----------    ----------    --------    


------------------------------------------------------------------------------------------------
| Timing Details
| --------------
------------------------------------------------------------------------------------------------


---------------------------------------------------------------------------------------------------
From Clock:  clk_pl_0
  To Clock:  clk_pl_0

Setup :            0  Failing Endpoints,  Worst Slack        0.045ns,  Total Violation        0.000ns
Hold  :            0  Failing Endpoints,  Worst Slack        0.010ns,  Total Violation        0.000ns
PW    :            0  Failing Endpoints,  Worst Slack        8.500ns,  Total Violation        0.000ns
---------------------------------------------------------------------------------------------------


Max Delay Paths
--------------------------------------------------------------------------------------
Slack (MET) :             0.045ns  (required time - arrival time)
  Source:                 vit_system_i/vit_phase_e_axi_0/inst/u_core/u_npu/u_engine/u_gelu/u_serial_core/exp_scaled_reg[24]/C
                            (rising edge-triggered cell FDRE clocked by clk_pl_0  {rise@0.000ns fall@10.000ns period=20.000ns})
  Destination:            vit_system_i/vit_phase_e_axi_0/inst/u_core/u_npu/u_engine/u_softmax/exp_scaled_reg[22]/D
                            (rising edge-triggered cell FDRE clocked by clk_pl_0  {rise@0.000ns fall@10.000ns period=20.000ns})
  Path Group:             clk_pl_0
  Path Type:              Setup (Max at Slow Process Corner)
  Requirement:            20.000ns  (clk_pl_0 rise@20.000ns - clk_pl_0 rise@0.000ns)
  Data Path Delay:        19.580ns  (logic 5.831ns (29.781%)  route 13.749ns (70.219%))
  Logic Levels:           52  (CARRY8=18 LUT2=3 LUT3=6 LUT4=7 LUT5=9 LUT6=9)
  Clock Path Skew:        -0.241ns (DCD - SCD + CPR)
    Destination Clock Delay (DCD):    2.365ns = ( 22.365 - 20.000 ) 
    Source Clock Delay      (SCD):    2.832ns
    Clock Pessimism Removal (CPR):    0.226ns
  Clock Uncertainty:      0.161ns  ((TSJ^2 + DJ^2)^1/2) / 2 + PE
    Total System Jitter     (TSJ):    0.071ns
    Discrete Jitter          (DJ):    0.315ns
    Phase Error              (PE):    0.000ns
  Clock Net Delay (Source):      2.625ns (routing 1.382ns, distribution 1.243ns)
  Clock Net Delay (Destination): 2.198ns (routing 1.258ns, distribution 0.940ns)

    Location             Delay type                Incr(ns)  Path(ns)    Netlist Resource(s)
  -------------------------------------------------------------------    -------------------
                         (clock clk_pl_0 rise edge)
                                                      0.000     0.000 r  
    PS8_X0Y0             PS8                          0.000     0.000 r  vit_system_i/zynq_ultra_ps_e_0/inst/PS8_i/PLCLK[0]
                         net (fo=1, routed)           0.178     0.178    vit_system_i/zynq_ultra_ps_e_0/inst/pl_clk_unbuffered[0]
    BUFG_PS_X0Y90        BUFG_PS (Prop_BUFG_PS_I_O)
                                                      0.029     0.207 r  vit_system_i/zynq_ultra_ps_e_0/inst/buffer_pl_clk_0.PL_CLK_0_BUFG/O
    X1Y1 (CLOCK_ROOT)    net (fo=66188, routed)       2.625     2.832    vit_system_i/vit_phase_e_axi_0/inst/u_core/u_npu/u_engine/u_gelu/u_serial_core/clk
    SLICE_X49Y33         FDRE                                         r  vit_system_i/vit_phase_e_axi_0/inst/u_core/u_npu/u_engine/u_gelu/u_serial_core/exp_scaled_reg[24]/C
  -------------------------------------------------------------------    -------------------
    SLICE_X49Y33         FDRE (Prop_FFF_SLICEL_C_Q)
                                                      0.096     2.928 r  vit_system_i/vit_phase_e_axi_0/inst/u_core/u_npu/u_engine/u_gelu/u_serial_core/exp_scaled_reg[24]/Q
                         net (fo=75, routed)          0.151     3.079    vit_system_i/vit_phase_e_axi_0/inst/u_core/u_npu/u_engine/u_gelu/u_serial_core/u_exp_to_integer/value[24]
    SLICE_X49Y35         LUT3 (Prop_C5LUT_SLICEL_I1_O)
                                                      0.168     3.247 r  vit_system_i/vit_phase_e_axi_0/inst/u_core/u_npu/u_engine/u_gelu/u_serial_core/u_exp_to_integer/result[30]_INST_0_i_17/O
                         net (fo=3, routed)           0.264     3.511    vit_system_i/vit_phase_e_axi_0/inst/u_core/u_npu/u_engine/u_gelu/u_serial_core/u_exp_to_integer/result[30]_INST_0_i_17_n_0
    SLICE_X49Y35         LUT6 (Prop_A6LUT_SLICEL_I1_O)
                                                      0.149     3.660 r  vit_system_i/vit_phase_e_axi_0/inst/u_core/u_npu/u_engine/u_gelu/u_serial_core/u_exp_to_integer/result[30]_INST_0_i_7/O
                         net (fo=32, routed)          0.546     4.206    vit_system_i/vit_phase_e_axi_0/inst/u_core/u_npu/u_engine/u_gelu/u_serial_core/u_exp_to_integer/result[30]_INST_0_i_7_n_0
    SLICE_X48Y37         LUT4 (Prop_E5LUT_SLICEL_I3_O)
                                                      0.124     4.330 r  vit_system_i/vit_phase_e_axi_0/inst/u_core/u_npu/u_engine/u_gelu/u_serial_core/u_exp_to_integer/result[28]_INST_0_i_9/O
                         net (fo=3, routed)           0.245     4.575    vit_system_i/vit_phase_e_axi_0/inst/u_core/u_npu/u_engine/u_gelu/u_serial_core/u_exp_to_integer/result[28]_INST_0_i_9_n_0
    SLICE_X47Y39         LUT5 (Prop_E6LUT_SLICEL_I2_O)
                                                      0.039     4.614 r  vit_system_i/vit_phase_e_axi_0/inst/u_core/u_npu/u_engine/u_gelu/u_serial_core/u_exp_to_integer/result[26]_INST_0_i_6/O
                         net (fo=4, routed)           0.550     5.164    vit_system_i/vit_phase_e_axi_0/inst/u_core/u_npu/u_engine/u_gelu/u_serial_core/u_exp_to_integer/result[26]_INST_0_i_6_n_0
    SLICE_X49Y40         LUT2 (Prop_D6LUT_SLICEL_I0_O)
                                                      0.099     5.263 r  vit_system_i/vit_phase_e_axi_0/inst/u_core/u_npu/u_engine/u_gelu/u_serial_core/u_exp_to_integer/result[10]_INST_0_i_4/O
                         net (fo=1, routed)           0.462     5.725    vit_system_i/vit_phase_e_axi_0/inst/u_core/u_npu/u_engine/u_gelu/u_serial_core/u_exp_to_integer/result[10]_INST_0_i_4_n_0
    SLICE_X48Y39         LUT6 (Prop_D6LUT_SLICEL_I5_O)
                                                      0.174     5.899 r  vit_system_i/vit_phase_e_axi_0/inst/u_core/u_npu/u_engine/u_gelu/u_serial_core/u_exp_to_integer/result[10]_INST_0/O
                         net (fo=3, routed)           0.240     6.139    vit_system_i/vit_phase_e_axi_0/inst/u_core/u_npu/u_engine/u_gelu/u_serial_core/exp_scale_integer_comb[10]
    SLICE_X48Y42         LUT4 (Prop_A6LUT_SLICEL_I1_O)
                                                      0.039     6.178 r  vit_system_i/vit_phase_e_axi_0/inst/u_core/u_npu/u_engine/u_gelu/u_serial_core/u_exp_from_integer_i_22/O
                         net (fo=15, routed)          0.705     6.883    vit_system_i/vit_phase_e_axi_0/inst/u_core/u_npu/u_engine/u_gelu/u_serial_core/u_exp_from_integer/value[10]
    SLICE_X49Y50         LUT5 (Prop_D6LUT_SLICEL_I3_O)
                                                      0.116     6.999 r  vit_system_i/vit_phase_e_axi_0/inst/u_core/u_npu/u_engine/u_gelu/u_serial_core/u_exp_from_integer/result[30]_INST_0_i_33/O
                         net (fo=1, routed)           0.449     7.448    vit_system_i/vit_phase_e_axi_0/inst/u_core/u_npu/u_engine/u_gelu/u_serial_core/u_exp_from_integer/result[30]_INST_0_i_33_n_0
    SLICE_X48Y51         LUT5 (Prop_F6LUT_SLICEL_I0_O)
                                                      0.039     7.487 r  vit_system_i/vit_phase_e_axi_0/inst/u_core/u_npu/u_engine/u_gelu/u_serial_core/u_exp_from_integer/result[30]_INST_0_i_14/O
                         net (fo=1, routed)           0.236     7.723    vit_system_i/vit_phase_e_axi_0/inst/u_core/u_npu/u_engine/u_gelu/u_serial_core/u_exp_from_integer/result[30]_INST_0_i_14_n_0
    SLICE_X47Y50         LUT6 (Prop_H6LUT_SLICEL_I2_O)
                                                      0.179     7.902 r  vit_system_i/vit_phase_e_axi_0/inst/u_core/u_npu/u_engine/u_gelu/u_serial_core/u_exp_from_integer/result[30]_INST_0_i_2/O
                         net (fo=89, routed)          0.304     8.206    vit_system_i/vit_phase_e_axi_0/inst/u_core/u_npu/u_engine/u_gelu/u_serial_core/u_exp_from_integer/result[30]_INST_0_i_2_n_0
    SLICE_X46Y48         LUT3 (Prop_A6LUT_SLICEL_I2_O)
                                                      0.039     8.245 f  vit_system_i/vit_phase_e_axi_0/inst/u_core/u_npu/u_engine/u_gelu/u_serial_core/u_exp_from_integer/result[22]_INST_0_i_39/O
                         net (fo=33, routed)          0.312     8.557    vit_system_i/vit_phase_e_axi_0/inst/u_core/u_npu/u_engine/u_gelu/u_serial_core/u_exp_from_integer/result[22]_INST_0_i_39_n_0
    SLICE_X47Y49         LUT3 (Prop_C6LUT_SLICEL_I0_O)
                                                      0.148     8.705 r  vit_system_i/vit_phase_e_axi_0/inst/u_core/u_npu/u_engine/u_gelu/u_serial_core/u_exp_from_integer/result[30]_INST_0_i_117/O
                         net (fo=1, routed)           0.011     8.716    vit_system_i/vit_phase_e_axi_0/inst/u_core/u_npu/u_engine/u_gelu/u_serial_core/u_exp_from_integer/result[30]_INST_0_i_117_n_0
    SLICE_X47Y49         CARRY8 (Prop_CARRY8_SLICEL_S[2]_O[5])
                                                      0.245     8.961 f  vit_system_i/vit_phase_e_axi_0/inst/u_core/u_npu/u_engine/u_gelu/u_serial_core/u_exp_from_integer/result[30]_INST_0_i_93/O[5]
                         net (fo=3, routed)           0.525     9.486    vit_system_i/vit_phase_e_axi_0/inst/u_core/u_npu/u_engine/u_gelu/u_serial_core/u_exp_from_integer/result[30]_INST_0_i_93_n_10
    SLICE_X49Y50         LUT6 (Prop_H6LUT_SLICEL_I3_O)
                                                      0.149     9.635 f  vit_system_i/vit_phase_e_axi_0/inst/u_core/u_npu/u_engine/u_gelu/u_serial_core/u_exp_from_integer/result[30]_INST_0_i_78/O
                         net (fo=1, routed)           0.491    10.126    vit_system_i/vit_phase_e_axi_0/inst/u_core/u_npu/u_engine/u_gelu/u_serial_core/u_exp_from_integer/result[30]_INST_0_i_78_n_0
    SLICE_X48Y49         CARRY8 (Prop_CARRY8_SLICEL_DI[3]_CO[7])
                                                      0.131    10.257 f  vit_system_i/vit_phase_e_axi_0/inst/u_core/u_npu/u_engine/u_gelu/u_serial_core/u_exp_from_integer/result[30]_INST_0_i_45/CO[7]
                         net (fo=1, routed)           0.028    10.285    vit_system_i/vit_phase_e_axi_0/inst/u_core/u_npu/u_engine/u_gelu/u_serial_core/u_exp_from_integer/result[30]_INST_0_i_45_n_0
    SLICE_X48Y50         CARRY8 (Prop_CARRY8_SLICEL_CI_CO[7])
                                                      0.030    10.315 f  vit_system_i/vit_phase_e_axi_0/inst/u_core/u_npu/u_engine/u_gelu/u_serial_core/u_exp_from_integer/result[30]_INST_0_i_25/CO[7]
                         net (fo=3, routed)           0.611    10.926    vit_system_i/vit_phase_e_axi_0/inst/u_core/u_npu/u_engine/u_gelu/u_serial_core/u_exp_from_integer/result[30]_INST_0_i_25_n_0
    SLICE_X49Y47         LUT5 (Prop_E6LUT_SLICEL_I3_O)
                                                      0.039    10.965 r  vit_system_i/vit_phase_e_axi_0/inst/u_core/u_npu/u_engine/u_gelu/u_serial_core/u_exp_from_integer/result[22]_INST_0_i_3/O
                         net (fo=23, routed)          0.295    11.260    vit_system_i/vit_phase_e_axi_0/inst/u_core/u_npu/u_engine/u_gelu/u_serial_core/u_exp_from_integer/result[22]_INST_0_i_3_n_0
    SLICE_X51Y41         LUT5 (Prop_E6LUT_SLICEL_I2_O)
                                                      0.176    11.436 f  vit_system_i/vit_phase_e_axi_0/inst/u_core/u_npu/u_engine/u_gelu/u_serial_core/u_exp_from_integer/result[12]_INST_0_i_1/O
                         net (fo=2, routed)           0.167    11.603    vit_system_i/vit_phase_e_axi_0/inst/u_core/u_npu/u_engine/u_gelu/u_serial_core/u_exp_from_integer/result[12]_INST_0_i_1_n_0
    SLICE_X51Y39         LUT3 (Prop_C6LUT_SLICEL_I2_O)
                                                      0.148    11.751 f  vit_system_i/vit_phase_e_axi_0/inst/u_core/u_npu/u_engine/u_gelu/u_serial_core/u_exp_from_integer/result[11]_INST_0/O
                         net (fo=1, routed)           0.236    11.987    vit_system_i/vit_phase_e_axi_0/inst/u_core/u_npu/u_engine/u_gelu/u_serial_core/integer_as_fp32[11]
    SLICE_X51Y32         LUT5 (Prop_B6LUT_SLICEL_I1_O)
                                                      0.064    12.051 f  vit_system_i/vit_phase_e_axi_0/inst/u_core/u_npu/u_engine/u_gelu/u_serial_core/mul_operand_a[11]_INST_0_i_2/O
                         net (fo=1, routed)           0.244    12.295    vit_system_i/vit_phase_e_axi_0/inst/u_core/u_npu/u_engine/u_gelu/u_serial_core/mul_operand_a[11]_INST_0_i_2_n_0
    SLICE_X49Y28         LUT6 (Prop_B6LUT_SLICEL_I3_O)
                                                      0.040    12.335 f  vit_system_i/vit_phase_e_axi_0/inst/u_core/u_npu/u_engine/u_gelu/u_serial_core/mul_operand_a[11]_INST_0/O
                         net (fo=1, routed)           0.715    13.050    vit_system_i/vit_phase_e_axi_0/inst/u_core/u_npu/u_engine/gelu_mul_operand_a[11]
    SLICE_X46Y18         LUT6 (Prop_H6LUT_SLICEL_I4_O)
                                                      0.116    13.166 f  vit_system_i/vit_phase_e_axi_0/inst/u_core/u_npu/u_engine/u_engine_shared_multiplier_i_85/O
                         net (fo=1, routed)           0.157    13.323    vit_system_i/vit_phase_e_axi_0/inst/u_core/u_npu/u_engine/u_engine_shared_multiplier_i_85_n_0
    SLICE_X46Y18         LUT4 (Prop_A6LUT_SLICEL_I3_O)
                                                      0.064    13.387 f  vit_system_i/vit_phase_e_axi_0/inst/u_core/u_npu/u_engine/u_engine_shared_multiplier_i_21/O
                         net (fo=50, routed)          0.667    14.055    vit_system_i/vit_phase_e_axi_0/inst/u_core/u_npu/u_engine/u_engine_shared_multiplier/a[11]
    SLICE_X51Y22         LUT2 (Prop_C5LUT_SLICEL_I0_O)
                                                      0.135    14.190 r  vit_system_i/vit_phase_e_axi_0/inst/u_core/u_npu/u_engine/u_engine_shared_multiplier/result[15]_INST_0_i_253/O
                         net (fo=1, routed)           0.318    14.508    vit_system_i/vit_phase_e_axi_0/inst/u_core/u_npu/u_engine/u_engine_shared_multiplier/result[15]_INST_0_i_253_n_0
    SLICE_X53Y21         LUT6 (Prop_F6LUT_SLICEM_I3_O)
                                                      0.038    14.546 r  vit_system_i/vit_phase_e_axi_0/inst/u_core/u_npu/u_engine/u_engine_shared_multiplier/result[15]_INST_0_i_210/O
                         net (fo=1, routed)           0.024    14.570    vit_system_i/vit_phase_e_axi_0/inst/u_core/u_npu/u_engine/u_engine_shared_multiplier/result[15]_INST_0_i_210_n_0
    SLICE_X53Y21         CARRY8 (Prop_CARRY8_SLICEM_S[5]_CO[7])
                                                      0.202    14.772 r  vit_system_i/vit_phase_e_axi_0/inst/u_core/u_npu/u_engine/u_engine_shared_multiplier/result[15]_INST_0_i_117/CO[7]
                         net (fo=1, routed)           0.028    14.800    vit_system_i/vit_phase_e_axi_0/inst/u_core/u_npu/u_engine/u_engine_shared_multiplier/result[15]_INST_0_i_117_n_0
    SLICE_X53Y22         CARRY8 (Prop_CARRY8_SLICEM_CI_O[0])
                                                      0.072    14.872 r  vit_system_i/vit_phase_e_axi_0/inst/u_core/u_npu/u_engine/u_engine_shared_multiplier/result[21]_INST_0_i_97/O[0]
                         net (fo=2, routed)           0.400    15.272    vit_system_i/vit_phase_e_axi_0/inst/u_core/u_npu/u_engine/u_engine_shared_multiplier/result[21]_INST_0_i_97_n_15
    SLICE_X50Y20         LUT3 (Prop_C5LUT_SLICEL_I0_O)
                                                      0.135    15.407 r  vit_system_i/vit_phase_e_axi_0/inst/u_core/u_npu/u_engine/u_engine_shared_multiplier/result[15]_INST_0_i_91/O
                         net (fo=2, routed)           0.144    15.551    vit_system_i/vit_phase_e_axi_0/inst/u_core/u_npu/u_engine/u_engine_shared_multiplier/result[15]_INST_0_i_91_n_0
    SLICE_X50Y20         LUT4 (Prop_D6LUT_SLICEL_I3_O)
                                                      0.116    15.667 r  vit_system_i/vit_phase_e_axi_0/inst/u_core/u_npu/u_engine/u_engine_shared_multiplier/result[15]_INST_0_i_99/O
                         net (fo=1, routed)           0.010    15.677    vit_system_i/vit_phase_e_axi_0/inst/u_core/u_npu/u_engine/u_engine_shared_multiplier/result[15]_INST_0_i_99_n_0
    SLICE_X50Y20         CARRY8 (Prop_CARRY8_SLICEL_S[3]_O[4])
                                                      0.182    15.859 r  vit_system_i/vit_phase_e_axi_0/inst/u_core/u_npu/u_engine/u_engine_shared_multiplier/result[15]_INST_0_i_36/O[4]
                         net (fo=3, routed)           0.757    16.615    vit_system_i/vit_phase_e_axi_0/inst/u_core/u_npu/u_engine/u_engine_shared_multiplier/result[15]_INST_0_i_36_n_11
    SLICE_X46Y19         LUT3 (Prop_A6LUT_SLICEL_I2_O)
                                                      0.100    16.715 r  vit_system_i/vit_phase_e_axi_0/inst/u_core/u_npu/u_engine/u_engine_shared_multiplier/result[7]_INST_0_i_58/O
                         net (fo=2, routed)           0.195    16.910    vit_system_i/vit_phase_e_axi_0/inst/u_core/u_npu/u_engine/u_engine_shared_multiplier/result[7]_INST_0_i_58_n_0
    SLICE_X46Y20         LUT5 (Prop_A6LUT_SLICEL_I1_O)
                                                      0.149    17.059 r  vit_system_i/vit_phase_e_axi_0/inst/u_core/u_npu/u_engine/u_engine_shared_multiplier/result[7]_INST_0_i_19/O
                         net (fo=2, routed)           0.175    17.234    vit_system_i/vit_phase_e_axi_0/inst/u_core/u_npu/u_engine/u_engine_shared_multiplier/result[7]_INST_0_i_19_n_0
    SLICE_X45Y20         LUT6 (Prop_G6LUT_SLICEM_I0_O)
                                                      0.100    17.334 r  vit_system_i/vit_phase_e_axi_0/inst/u_core/u_npu/u_engine/u_engine_shared_multiplier/result[7]_INST_0_i_27/O
                         net (fo=1, routed)           0.017    17.351    vit_system_i/vit_phase_e_axi_0/inst/u_core/u_npu/u_engine/u_engine_shared_multiplier/result[7]_INST_0_i_27_n_0
    SLICE_X45Y20         CARRY8 (Prop_CARRY8_SLICEM_S[6]_CO[7])
                                                      0.150    17.501 r  vit_system_i/vit_phase_e_axi_0/inst/u_core/u_npu/u_engine/u_engine_shared_multiplier/result[7]_INST_0_i_11/CO[7]
                         net (fo=1, routed)           0.028    17.529    vit_system_i/vit_phase_e_axi_0/inst/u_core/u_npu/u_engine/u_engine_shared_multiplier/result[7]_INST_0_i_11_n_0
    SLICE_X45Y21         CARRY8 (Prop_CARRY8_SLICEM_CI_CO[7])
                                                      0.023    17.552 r  vit_system_i/vit_phase_e_axi_0/inst/u_core/u_npu/u_engine/u_engine_shared_multiplier/result[15]_INST_0_i_10/CO[7]
                         net (fo=1, routed)           0.028    17.580    vit_system_i/vit_phase_e_axi_0/inst/u_core/u_npu/u_engine/u_engine_shared_multiplier/result[15]_INST_0_i_10_n_0
    SLICE_X45Y22         CARRY8 (Prop_CARRY8_SLICEM_CI_CO[7])
                                                      0.023    17.603 r  vit_system_i/vit_phase_e_axi_0/inst/u_core/u_npu/u_engine/u_engine_shared_multiplier/result[21]_INST_0_i_11/CO[7]
                         net (fo=1, routed)           0.028    17.631    vit_system_i/vit_phase_e_axi_0/inst/u_core/u_npu/u_engine/u_engine_shared_multiplier/result[21]_INST_0_i_11_n_0
    SLICE_X45Y23         CARRY8 (Prop_CARRY8_SLICEM_CI_O[4])
                                                      0.109    17.740 r  vit_system_i/vit_phase_e_axi_0/inst/u_core/u_npu/u_engine/u_engine_shared_multiplier/result[30]_INST_0_i_70/O[4]
                         net (fo=58, routed)          0.322    18.063    vit_system_i/vit_phase_e_axi_0/inst/u_core/u_npu/u_engine/u_engine_shared_multiplier/p_0_in
    SLICE_X44Y21         LUT4 (Prop_D5LUT_SLICEL_I1_O)
                                                      0.080    18.143 r  vit_system_i/vit_phase_e_axi_0/inst/u_core/u_npu/u_engine/u_engine_shared_multiplier/result[7]_INST_0_i_39/O
                         net (fo=1, routed)           0.181    18.324    vit_system_i/vit_phase_e_axi_0/inst/u_core/u_npu/u_engine/u_engine_shared_multiplier/result[7]_INST_0_i_39_n_0
    SLICE_X44Y21         LUT5 (Prop_A6LUT_SLICEL_I4_O)
                                                      0.064    18.388 r  vit_system_i/vit_phase_e_axi_0/inst/u_core/u_npu/u_engine/u_engine_shared_multiplier/result[7]_INST_0_i_15/O
                         net (fo=1, routed)           0.162    18.550    vit_system_i/vit_phase_e_axi_0/inst/u_core/u_npu/u_engine/u_engine_shared_multiplier/result[7]_INST_0_i_15_n_0
    SLICE_X44Y24         LUT6 (Prop_A6LUT_SLICEL_I4_O)
                                                      0.115    18.665 r  vit_system_i/vit_phase_e_axi_0/inst/u_core/u_npu/u_engine/u_engine_shared_multiplier/result[7]_INST_0_i_10/O
                         net (fo=1, routed)           0.011    18.676    vit_system_i/vit_phase_e_axi_0/inst/u_core/u_npu/u_engine/u_engine_shared_multiplier/result[7]_INST_0_i_10_n_0
    SLICE_X44Y24         CARRY8 (Prop_CARRY8_SLICEL_S[0]_CO[7])
                                                      0.238    18.914 r  vit_system_i/vit_phase_e_axi_0/inst/u_core/u_npu/u_engine/u_engine_shared_multiplier/result[7]_INST_0_i_1/CO[7]
                         net (fo=1, routed)           0.028    18.942    vit_system_i/vit_phase_e_axi_0/inst/u_core/u_npu/u_engine/u_engine_shared_multiplier/result[7]_INST_0_i_1_n_0
    SLICE_X44Y25         CARRY8 (Prop_CARRY8_SLICEL_CI_CO[7])
                                                      0.023    18.965 r  vit_system_i/vit_phase_e_axi_0/inst/u_core/u_npu/u_engine/u_engine_shared_multiplier/result[15]_INST_0_i_1/CO[7]
                         net (fo=1, routed)           0.028    18.993    vit_system_i/vit_phase_e_axi_0/inst/u_core/u_npu/u_engine/u_engine_shared_multiplier/result[15]_INST_0_i_1_n_0
    SLICE_X44Y26         CARRY8 (Prop_CARRY8_SLICEL_CI_CO[7])
                                                      0.023    19.016 r  vit_system_i/vit_phase_e_axi_0/inst/u_core/u_npu/u_engine/u_engine_shared_multiplier/result[21]_INST_0_i_1/CO[7]
                         net (fo=1, routed)           0.028    19.044    vit_system_i/vit_phase_e_axi_0/inst/u_core/u_npu/u_engine/u_engine_shared_multiplier/result[21]_INST_0_i_1_n_0
    SLICE_X44Y27         CARRY8 (Prop_CARRY8_SLICEL_CI_CO[0])
                                                      0.068    19.112 r  vit_system_i/vit_phase_e_axi_0/inst/u_core/u_npu/u_engine/u_engine_shared_multiplier/result[21]_INST_0_i_2/CO[0]
                         net (fo=25, routed)          0.555    19.666    vit_system_i/vit_phase_e_axi_0/inst/u_core/u_npu/u_engine/u_engine_shared_multiplier/result[21]_INST_0_i_2_n_7
    SLICE_X43Y33         LUT4 (Prop_A6LUT_SLICEM_I3_O)
                                                      0.064    19.730 r  vit_system_i/vit_phase_e_axi_0/inst/u_core/u_npu/u_engine/u_engine_shared_multiplier/result[30]_INST_0_i_36/O
                         net (fo=1, routed)           0.014    19.744    vit_system_i/vit_phase_e_axi_0/inst/u_core/u_npu/u_engine/u_engine_shared_multiplier/result[30]_INST_0_i_36_n_0
    SLICE_X43Y33         CARRY8 (Prop_CARRY8_SLICEM_S[0]_CO[7])
                                                      0.241    19.985 r  vit_system_i/vit_phase_e_axi_0/inst/u_core/u_npu/u_engine/u_engine_shared_multiplier/result[30]_INST_0_i_3/CO[7]
                         net (fo=1, routed)           0.028    20.013    vit_system_i/vit_phase_e_axi_0/inst/u_core/u_npu/u_engine/u_engine_shared_multiplier/result[30]_INST_0_i_3_n_0
    SLICE_X43Y34         CARRY8 (Prop_CARRY8_SLICEM_CI_O[5])
                                                      0.145    20.158 f  vit_system_i/vit_phase_e_axi_0/inst/u_core/u_npu/u_engine/u_engine_shared_multiplier/result[30]_INST_0_i_72/O[5]
                         net (fo=3, routed)           0.308    20.467    vit_system_i/vit_phase_e_axi_0/inst/u_core/u_npu/u_engine/u_engine_shared_multiplier/exp_result[13]
    SLICE_X42Y36         LUT2 (Prop_F6LUT_SLICEL_I1_O)
                                                      0.098    20.565 r  vit_system_i/vit_phase_e_axi_0/inst/u_core/u_npu/u_engine/u_engine_shared_multiplier/result[30]_INST_0_i_55/O
                         net (fo=1, routed)           0.012    20.577    vit_system_i/vit_phase_e_axi_0/inst/u_core/u_npu/u_engine/u_engine_shared_multiplier/result[30]_INST_0_i_55_n_0
    SLICE_X42Y36         CARRY8 (Prop_CARRY8_SLICEL_S[5]_CO[7])
                                                      0.197    20.774 f  vit_system_i/vit_phase_e_axi_0/inst/u_core/u_npu/u_engine/u_engine_shared_multiplier/result[30]_INST_0_i_20/CO[7]
                         net (fo=1, routed)           0.028    20.802    vit_system_i/vit_phase_e_axi_0/inst/u_core/u_npu/u_engine/u_engine_shared_multiplier/result[30]_INST_0_i_20_n_0
    SLICE_X42Y37         CARRY8 (Prop_CARRY8_SLICEL_CI_CO[6])
                                                      0.116    20.918 f  vit_system_i/vit_phase_e_axi_0/inst/u_core/u_npu/u_engine/u_engine_shared_multiplier/result[30]_INST_0_i_2/CO[6]
                         net (fo=31, routed)          0.403    21.321    vit_system_i/vit_phase_e_axi_0/inst/u_core/u_npu/u_engine/u_engine_shared_multiplier/result[30]_INST_0_i_2_n_1
    SLICE_X44Y37         LUT5 (Prop_E6LUT_SLICEL_I3_O)
                                                      0.116    21.437 f  vit_system_i/vit_phase_e_axi_0/inst/u_core/u_npu/u_engine/u_engine_shared_multiplier/result[22]_INST_0_i_1/O
                         net (fo=1, routed)           0.157    21.594    vit_system_i/vit_phase_e_axi_0/inst/u_core/u_npu/u_engine/u_engine_shared_multiplier/result[22]_INST_0_i_1_n_0
    SLICE_X44Y36         LUT4 (Prop_F6LUT_SLICEL_I1_O)
                                                      0.098    21.692 r  vit_system_i/vit_phase_e_axi_0/inst/u_core/u_npu/u_engine/u_engine_shared_multiplier/result[22]_INST_0/O
                         net (fo=44, routed)          0.720    22.411    vit_system_i/vit_phase_e_axi_0/inst/u_core/u_npu/u_engine/u_softmax/external_mul_result[22]
    SLICE_X40Y26         FDRE                                         r  vit_system_i/vit_phase_e_axi_0/inst/u_core/u_npu/u_engine/u_softmax/exp_scaled_reg[22]/D
  -------------------------------------------------------------------    -------------------

                         (clock clk_pl_0 rise edge)
                                                     20.000    20.000 r  
    PS8_X0Y0             PS8                          0.000    20.000 r  vit_system_i/zynq_ultra_ps_e_0/inst/PS8_i/PLCLK[0]
                         net (fo=1, routed)           0.140    20.140    vit_system_i/zynq_ultra_ps_e_0/inst/pl_clk_unbuffered[0]
    BUFG_PS_X0Y90        BUFG_PS (Prop_BUFG_PS_I_O)
                                                      0.027    20.167 r  vit_system_i/zynq_ultra_ps_e_0/inst/buffer_pl_clk_0.PL_CLK_0_BUFG/O
    X1Y1 (CLOCK_ROOT)    net (fo=66188, routed)       2.198    22.365    vit_system_i/vit_phase_e_axi_0/inst/u_core/u_npu/u_engine/u_softmax/clk
    SLICE_X40Y26         FDRE                                         r  vit_system_i/vit_phase_e_axi_0/inst/u_core/u_npu/u_engine/u_softmax/exp_scaled_reg[22]/C
                         clock pessimism              0.226    22.591    
                         clock uncertainty           -0.161    22.429    
    SLICE_X40Y26         FDRE (Setup_FFF2_SLICEM_C_D)
                                                      0.027    22.456    vit_system_i/vit_phase_e_axi_0/inst/u_core/u_npu/u_engine/u_softmax/exp_scaled_reg[22]
  -------------------------------------------------------------------
                         required time                         22.456    
                         arrival time                         -22.411    
  -------------------------------------------------------------------
                         slack                                  0.045    

Slack (MET) :             0.070ns  (required time - arrival time)
  Source:                 vit_system_i/vit_phase_e_axi_0/inst/u_core/u_npu/u_engine/u_gelu/u_serial_core/exp_scaled_reg[24]/C
                            (rising edge-triggered cell FDRE clocked by clk_pl_0  {rise@0.000ns fall@10.000ns period=20.000ns})
  Destination:            vit_system_i/vit_phase_e_axi_0/inst/u_core/u_npu/u_engine/u_layernorm/token_variance_reg[22]/D
                            (rising edge-triggered cell FDRE clocked by clk_pl_0  {rise@0.000ns fall@10.000ns period=20.000ns})
  Path Group:             clk_pl_0
  Path Type:              Setup (Max at Slow Process Corner)
  Requirement:            20.000ns  (clk_pl_0 rise@20.000ns - clk_pl_0 rise@0.000ns)
  Data Path Delay:        19.670ns  (logic 5.975ns (30.376%)  route 13.695ns (69.624%))
  Logic Levels:           53  (CARRY8=18 LUT2=3 LUT3=7 LUT4=7 LUT5=9 LUT6=9)
  Clock Path Skew:        -0.126ns (DCD - SCD + CPR)
    Destination Clock Delay (DCD):    2.478ns = ( 22.478 - 20.000 ) 
    Source Clock Delay      (SCD):    2.832ns
    Clock Pessimism Removal (CPR):    0.228ns
  Clock Uncertainty:      0.161ns  ((TSJ^2 + DJ^2)^1/2) / 2 + PE
    Total System Jitter     (TSJ):    0.071ns
    Discrete Jitter          (DJ):    0.315ns
    Phase Error              (PE):    0.000ns
  Clock Net Delay (Source):      2.625ns (routing 1.382ns, distribution 1.243ns)
  Clock Net Delay (Destination): 2.311ns (routing 1.258ns, distribution 1.053ns)

    Location             Delay type                Incr(ns)  Path(ns)    Netlist Resource(s)
  -------------------------------------------------------------------    -------------------
                         (clock clk_pl_0 rise edge)
                                                      0.000     0.000 r  
    PS8_X0Y0             PS8                          0.000     0.000 r  vit_system_i/zynq_ultra_ps_e_0/inst/PS8_i/PLCLK[0]
                         net (fo=1, routed)           0.178     0.178    vit_system_i/zynq_ultra_ps_e_0/inst/pl_clk_unbuffered[0]
    BUFG_PS_X0Y90        BUFG_PS (Prop_BUFG_PS_I_O)
                                                      0.029     0.207 r  vit_system_i/zynq_ultra_ps_e_0/inst/buffer_pl_clk_0.PL_CLK_0_BUFG/O
    X1Y1 (CLOCK_ROOT)    net (fo=66188, routed)       2.625     2.832    vit_system_i/vit_phase_e_axi_0/inst/u_core/u_npu/u_engine/u_gelu/u_serial_core/clk
    SLICE_X49Y33         FDRE                                         r  vit_system_i/vit_phase_e_axi_0/inst/u_core/u_npu/u_engine/u_gelu/u_serial_core/exp_scaled_reg[24]/C
  -------------------------------------------------------------------    -------------------
    SLICE_X49Y33         FDRE (Prop_FFF_SLICEL_C_Q)
                                                      0.096     2.928 r  vit_system_i/vit_phase_e_axi_0/inst/u_core/u_npu/u_engine/u_gelu/u_serial_core/exp_scaled_reg[24]/Q
                         net (fo=75, routed)          0.151     3.079    vit_system_i/vit_phase_e_axi_0/inst/u_core/u_npu/u_engine/u_gelu/u_serial_core/u_exp_to_integer/value[24]
    SLICE_X49Y35         LUT3 (Prop_C5LUT_SLICEL_I1_O)
                                                      0.168     3.247 r  vit_system_i/vit_phase_e_axi_0/inst/u_core/u_npu/u_engine/u_gelu/u_serial_core/u_exp_to_integer/result[30]_INST_0_i_17/O
                         net (fo=3, routed)           0.264     3.511    vit_system_i/vit_phase_e_axi_0/inst/u_core/u_npu/u_engine/u_gelu/u_serial_core/u_exp_to_integer/result[30]_INST_0_i_17_n_0
    SLICE_X49Y35         LUT6 (Prop_A6LUT_SLICEL_I1_O)
                                                      0.149     3.660 r  vit_system_i/vit_phase_e_axi_0/inst/u_core/u_npu/u_engine/u_gelu/u_serial_core/u_exp_to_integer/result[30]_INST_0_i_7/O
                         net (fo=32, routed)          0.546     4.206    vit_system_i/vit_phase_e_axi_0/inst/u_core/u_npu/u_engine/u_gelu/u_serial_core/u_exp_to_integer/result[30]_INST_0_i_7_n_0
    SLICE_X48Y37         LUT4 (Prop_E5LUT_SLICEL_I3_O)
                                                      0.124     4.330 r  vit_system_i/vit_phase_e_axi_0/inst/u_core/u_npu/u_engine/u_gelu/u_serial_core/u_exp_to_integer/result[28]_INST_0_i_9/O
                         net (fo=3, routed)           0.245     4.575    vit_system_i/vit_phase_e_axi_0/inst/u_core/u_npu/u_engine/u_gelu/u_serial_core/u_exp_to_integer/result[28]_INST_0_i_9_n_0
    SLICE_X47Y39         LUT5 (Prop_E6LUT_SLICEL_I2_O)
                                                      0.039     4.614 r  vit_system_i/vit_phase_e_axi_0/inst/u_core/u_npu/u_engine/u_gelu/u_serial_core/u_exp_to_integer/result[26]_INST_0_i_6/O
                         net (fo=4, routed)           0.550     5.164    vit_system_i/vit_phase_e_axi_0/inst/u_core/u_npu/u_engine/u_gelu/u_serial_core/u_exp_to_integer/result[26]_INST_0_i_6_n_0
    SLICE_X49Y40         LUT2 (Prop_D6LUT_SLICEL_I0_O)
                                                      0.099     5.263 r  vit_system_i/vit_phase_e_axi_0/inst/u_core/u_npu/u_engine/u_gelu/u_serial_core/u_exp_to_integer/result[10]_INST_0_i_4/O
                         net (fo=1, routed)           0.462     5.725    vit_system_i/vit_phase_e_axi_0/inst/u_core/u_npu/u_engine/u_gelu/u_serial_core/u_exp_to_integer/result[10]_INST_0_i_4_n_0
    SLICE_X48Y39         LUT6 (Prop_D6LUT_SLICEL_I5_O)
                                                      0.174     5.899 r  vit_system_i/vit_phase_e_axi_0/inst/u_core/u_npu/u_engine/u_gelu/u_serial_core/u_exp_to_integer/result[10]_INST_0/O
                         net (fo=3, routed)           0.240     6.139    vit_system_i/vit_phase_e_axi_0/inst/u_core/u_npu/u_engine/u_gelu/u_serial_core/exp_scale_integer_comb[10]
    SLICE_X48Y42         LUT4 (Prop_A6LUT_SLICEL_I1_O)
                                                      0.039     6.178 r  vit_system_i/vit_phase_e_axi_0/inst/u_core/u_npu/u_engine/u_gelu/u_serial_core/u_exp_from_integer_i_22/O
                         net (fo=15, routed)          0.705     6.883    vit_system_i/vit_phase_e_axi_0/inst/u_core/u_npu/u_engine/u_gelu/u_serial_core/u_exp_from_integer/value[10]
    SLICE_X49Y50         LUT5 (Prop_D6LUT_SLICEL_I3_O)
                                                      0.116     6.999 r  vit_system_i/vit_phase_e_axi_0/inst/u_core/u_npu/u_engine/u_gelu/u_serial_core/u_exp_from_integer/result[30]_INST_0_i_33/O
                         net (fo=1, routed)           0.449     7.448    vit_system_i/vit_phase_e_axi_0/inst/u_core/u_npu/u_engine/u_gelu/u_serial_core/u_exp_from_integer/result[30]_INST_0_i_33_n_0
    SLICE_X48Y51         LUT5 (Prop_F6LUT_SLICEL_I0_O)
                                                      0.039     7.487 r  vit_system_i/vit_phase_e_axi_0/inst/u_core/u_npu/u_engine/u_gelu/u_serial_core/u_exp_from_integer/result[30]_INST_0_i_14/O
                         net (fo=1, routed)           0.236     7.723    vit_system_i/vit_phase_e_axi_0/inst/u_core/u_npu/u_engine/u_gelu/u_serial_core/u_exp_from_integer/result[30]_INST_0_i_14_n_0
    SLICE_X47Y50         LUT6 (Prop_H6LUT_SLICEL_I2_O)
                                                      0.179     7.902 r  vit_system_i/vit_phase_e_axi_0/inst/u_core/u_npu/u_engine/u_gelu/u_serial_core/u_exp_from_integer/result[30]_INST_0_i_2/O
                         net (fo=89, routed)          0.304     8.206    vit_system_i/vit_phase_e_axi_0/inst/u_core/u_npu/u_engine/u_gelu/u_serial_core/u_exp_from_integer/result[30]_INST_0_i_2_n_0
    SLICE_X46Y48         LUT3 (Prop_A6LUT_SLICEL_I2_O)
                                                      0.039     8.245 f  vit_system_i/vit_phase_e_axi_0/inst/u_core/u_npu/u_engine/u_gelu/u_serial_core/u_exp_from_integer/result[22]_INST_0_i_39/O
                         net (fo=33, routed)          0.312     8.557    vit_system_i/vit_phase_e_axi_0/inst/u_core/u_npu/u_engine/u_gelu/u_serial_core/u_exp_from_integer/result[22]_INST_0_i_39_n_0
    SLICE_X47Y49         LUT3 (Prop_C6LUT_SLICEL_I0_O)
                                                      0.148     8.705 r  vit_system_i/vit_phase_e_axi_0/inst/u_core/u_npu/u_engine/u_gelu/u_serial_core/u_exp_from_integer/result[30]_INST_0_i_117/O
                         net (fo=1, routed)           0.011     8.716    vit_system_i/vit_phase_e_axi_0/inst/u_core/u_npu/u_engine/u_gelu/u_serial_core/u_exp_from_integer/result[30]_INST_0_i_117_n_0
    SLICE_X47Y49         CARRY8 (Prop_CARRY8_SLICEL_S[2]_O[5])
                                                      0.245     8.961 f  vit_system_i/vit_phase_e_axi_0/inst/u_core/u_npu/u_engine/u_gelu/u_serial_core/u_exp_from_integer/result[30]_INST_0_i_93/O[5]
                         net (fo=3, routed)           0.525     9.486    vit_system_i/vit_phase_e_axi_0/inst/u_core/u_npu/u_engine/u_gelu/u_serial_core/u_exp_from_integer/result[30]_INST_0_i_93_n_10
    SLICE_X49Y50         LUT6 (Prop_H6LUT_SLICEL_I3_O)
                                                      0.149     9.635 f  vit_system_i/vit_phase_e_axi_0/inst/u_core/u_npu/u_engine/u_gelu/u_serial_core/u_exp_from_integer/result[30]_INST_0_i_78/O
                         net (fo=1, routed)           0.491    10.126    vit_system_i/vit_phase_e_axi_0/inst/u_core/u_npu/u_engine/u_gelu/u_serial_core/u_exp_from_integer/result[30]_INST_0_i_78_n_0
    SLICE_X48Y49         CARRY8 (Prop_CARRY8_SLICEL_DI[3]_CO[7])
                                                      0.131    10.257 f  vit_system_i/vit_phase_e_axi_0/inst/u_core/u_npu/u_engine/u_gelu/u_serial_core/u_exp_from_integer/result[30]_INST_0_i_45/CO[7]
                         net (fo=1, routed)           0.028    10.285    vit_system_i/vit_phase_e_axi_0/inst/u_core/u_npu/u_engine/u_gelu/u_serial_core/u_exp_from_integer/result[30]_INST_0_i_45_n_0
    SLICE_X48Y50         CARRY8 (Prop_CARRY8_SLICEL_CI_CO[7])
                                                      0.030    10.315 f  vit_system_i/vit_phase_e_axi_0/inst/u_core/u_npu/u_engine/u_gelu/u_serial_core/u_exp_from_integer/result[30]_INST_0_i_25/CO[7]
                         net (fo=3, routed)           0.611    10.926    vit_system_i/vit_phase_e_axi_0/inst/u_core/u_npu/u_engine/u_gelu/u_serial_core/u_exp_from_integer/result[30]_INST_0_i_25_n_0
    SLICE_X49Y47         LUT5 (Prop_E6LUT_SLICEL_I3_O)
                                                      0.039    10.965 r  vit_system_i/vit_phase_e_axi_0/inst/u_core/u_npu/u_engine/u_gelu/u_serial_core/u_exp_from_integer/result[22]_INST_0_i_3/O
                         net (fo=23, routed)          0.295    11.260    vit_system_i/vit_phase_e_axi_0/inst/u_core/u_npu/u_engine/u_gelu/u_serial_core/u_exp_from_integer/result[22]_INST_0_i_3_n_0
    SLICE_X51Y41         LUT5 (Prop_E6LUT_SLICEL_I2_O)
                                                      0.176    11.436 f  vit_system_i/vit_phase_e_axi_0/inst/u_core/u_npu/u_engine/u_gelu/u_serial_core/u_exp_from_integer/result[12]_INST_0_i_1/O
                         net (fo=2, routed)           0.167    11.603    vit_system_i/vit_phase_e_axi_0/inst/u_core/u_npu/u_engine/u_gelu/u_serial_core/u_exp_from_integer/result[12]_INST_0_i_1_n_0
    SLICE_X51Y39         LUT3 (Prop_C6LUT_SLICEL_I2_O)
                                                      0.148    11.751 f  vit_system_i/vit_phase_e_axi_0/inst/u_core/u_npu/u_engine/u_gelu/u_serial_core/u_exp_from_integer/result[11]_INST_0/O
                         net (fo=1, routed)           0.236    11.987    vit_system_i/vit_phase_e_axi_0/inst/u_core/u_npu/u_engine/u_gelu/u_serial_core/integer_as_fp32[11]
    SLICE_X51Y32         LUT5 (Prop_B6LUT_SLICEL_I1_O)
                                                      0.064    12.051 f  vit_system_i/vit_phase_e_axi_0/inst/u_core/u_npu/u_engine/u_gelu/u_serial_core/mul_operand_a[11]_INST_0_i_2/O
                         net (fo=1, routed)           0.244    12.295    vit_system_i/vit_phase_e_axi_0/inst/u_core/u_npu/u_engine/u_gelu/u_serial_core/mul_operand_a[11]_INST_0_i_2_n_0
    SLICE_X49Y28         LUT6 (Prop_B6LUT_SLICEL_I3_O)
                                                      0.040    12.335 f  vit_system_i/vit_phase_e_axi_0/inst/u_core/u_npu/u_engine/u_gelu/u_serial_core/mul_operand_a[11]_INST_0/O
                         net (fo=1, routed)           0.715    13.050    vit_system_i/vit_phase_e_axi_0/inst/u_core/u_npu/u_engine/gelu_mul_operand_a[11]
    SLICE_X46Y18         LUT6 (Prop_H6LUT_SLICEL_I4_O)
                                                      0.116    13.166 f  vit_system_i/vit_phase_e_axi_0/inst/u_core/u_npu/u_engine/u_engine_shared_multiplier_i_85/O
                         net (fo=1, routed)           0.157    13.323    vit_system_i/vit_phase_e_axi_0/inst/u_core/u_npu/u_engine/u_engine_shared_multiplier_i_85_n_0
    SLICE_X46Y18         LUT4 (Prop_A6LUT_SLICEL_I3_O)
                                                      0.064    13.387 f  vit_system_i/vit_phase_e_axi_0/inst/u_core/u_npu/u_engine/u_engine_shared_multiplier_i_21/O
                         net (fo=50, routed)          0.667    14.055    vit_system_i/vit_phase_e_axi_0/inst/u_core/u_npu/u_engine/u_engine_shared_multiplier/a[11]
    SLICE_X51Y22         LUT2 (Prop_C5LUT_SLICEL_I0_O)
                                                      0.135    14.190 r  vit_system_i/vit_phase_e_axi_0/inst/u_core/u_npu/u_engine/u_engine_shared_multiplier/result[15]_INST_0_i_253/O
                         net (fo=1, routed)           0.318    14.508    vit_system_i/vit_phase_e_axi_0/inst/u_core/u_npu/u_engine/u_engine_shared_multiplier/result[15]_INST_0_i_253_n_0
    SLICE_X53Y21         LUT6 (Prop_F6LUT_SLICEM_I3_O)
                                                      0.038    14.546 r  vit_system_i/vit_phase_e_axi_0/inst/u_core/u_npu/u_engine/u_engine_shared_multiplier/result[15]_INST_0_i_210/O
                         net (fo=1, routed)           0.024    14.570    vit_system_i/vit_phase_e_axi_0/inst/u_core/u_npu/u_engine/u_engine_shared_multiplier/result[15]_INST_0_i_210_n_0
    SLICE_X53Y21         CARRY8 (Prop_CARRY8_SLICEM_S[5]_CO[7])
                                                      0.202    14.772 r  vit_system_i/vit_phase_e_axi_0/inst/u_core/u_npu/u_engine/u_engine_shared_multiplier/result[15]_INST_0_i_117/CO[7]
                         net (fo=1, routed)           0.028    14.800    vit_system_i/vit_phase_e_axi_0/inst/u_core/u_npu/u_engine/u_engine_shared_multiplier/result[15]_INST_0_i_117_n_0
    SLICE_X53Y22         CARRY8 (Prop_CARRY8_SLICEM_CI_O[0])
                                                      0.072    14.872 r  vit_system_i/vit_phase_e_axi_0/inst/u_core/u_npu/u_engine/u_engine_shared_multiplier/result[21]_INST_0_i_97/O[0]
                         net (fo=2, routed)           0.400    15.272    vit_system_i/vit_phase_e_axi_0/inst/u_core/u_npu/u_engine/u_engine_shared_multiplier/result[21]_INST_0_i_97_n_15
    SLICE_X50Y20         LUT3 (Prop_C5LUT_SLICEL_I0_O)
                                                      0.135    15.407 r  vit_system_i/vit_phase_e_axi_0/inst/u_core/u_npu/u_engine/u_engine_shared_multiplier/result[15]_INST_0_i_91/O
                         net (fo=2, routed)           0.144    15.551    vit_system_i/vit_phase_e_axi_0/inst/u_core/u_npu/u_engine/u_engine_shared_multiplier/result[15]_INST_0_i_91_n_0
    SLICE_X50Y20         LUT4 (Prop_D6LUT_SLICEL_I3_O)
                                                      0.116    15.667 r  vit_system_i/vit_phase_e_axi_0/inst/u_core/u_npu/u_engine/u_engine_shared_multiplier/result[15]_INST_0_i_99/O
                         net (fo=1, routed)           0.010    15.677    vit_system_i/vit_phase_e_axi_0/inst/u_core/u_npu/u_engine/u_engine_shared_multiplier/result[15]_INST_0_i_99_n_0
    SLICE_X50Y20         CARRY8 (Prop_CARRY8_SLICEL_S[3]_O[4])
                                                      0.182    15.859 r  vit_system_i/vit_phase_e_axi_0/inst/u_core/u_npu/u_engine/u_engine_shared_multiplier/result[15]_INST_0_i_36/O[4]
                         net (fo=3, routed)           0.757    16.615    vit_system_i/vit_phase_e_axi_0/inst/u_core/u_npu/u_engine/u_engine_shared_multiplier/result[15]_INST_0_i_36_n_11
    SLICE_X46Y19         LUT3 (Prop_A6LUT_SLICEL_I2_O)
                                                      0.100    16.715 r  vit_system_i/vit_phase_e_axi_0/inst/u_core/u_npu/u_engine/u_engine_shared_multiplier/result[7]_INST_0_i_58/O
                         net (fo=2, routed)           0.195    16.910    vit_system_i/vit_phase_e_axi_0/inst/u_core/u_npu/u_engine/u_engine_shared_multiplier/result[7]_INST_0_i_58_n_0
    SLICE_X46Y20         LUT5 (Prop_A6LUT_SLICEL_I1_O)
                                                      0.149    17.059 r  vit_system_i/vit_phase_e_axi_0/inst/u_core/u_npu/u_engine/u_engine_shared_multiplier/result[7]_INST_0_i_19/O
                         net (fo=2, routed)           0.175    17.234    vit_system_i/vit_phase_e_axi_0/inst/u_core/u_npu/u_engine/u_engine_shared_multiplier/result[7]_INST_0_i_19_n_0
    SLICE_X45Y20         LUT6 (Prop_G6LUT_SLICEM_I0_O)
                                                      0.100    17.334 r  vit_system_i/vit_phase_e_axi_0/inst/u_core/u_npu/u_engine/u_engine_shared_multiplier/result[7]_INST_0_i_27/O
                         net (fo=1, routed)           0.017    17.351    vit_system_i/vit_phase_e_axi_0/inst/u_core/u_npu/u_engine/u_engine_shared_multiplier/result[7]_INST_0_i_27_n_0
    SLICE_X45Y20         CARRY8 (Prop_CARRY8_SLICEM_S[6]_CO[7])
                                                      0.150    17.501 r  vit_system_i/vit_phase_e_axi_0/inst/u_core/u_npu/u_engine/u_engine_shared_multiplier/result[7]_INST_0_i_11/CO[7]
                         net (fo=1, routed)           0.028    17.529    vit_system_i/vit_phase_e_axi_0/inst/u_core/u_npu/u_engine/u_engine_shared_multiplier/result[7]_INST_0_i_11_n_0
    SLICE_X45Y21         CARRY8 (Prop_CARRY8_SLICEM_CI_CO[7])
                                                      0.023    17.552 r  vit_system_i/vit_phase_e_axi_0/inst/u_core/u_npu/u_engine/u_engine_shared_multiplier/result[15]_INST_0_i_10/CO[7]
                         net (fo=1, routed)           0.028    17.580    vit_system_i/vit_phase_e_axi_0/inst/u_core/u_npu/u_engine/u_engine_shared_multiplier/result[15]_INST_0_i_10_n_0
    SLICE_X45Y22         CARRY8 (Prop_CARRY8_SLICEM_CI_CO[7])
                                                      0.023    17.603 r  vit_system_i/vit_phase_e_axi_0/inst/u_core/u_npu/u_engine/u_engine_shared_multiplier/result[21]_INST_0_i_11/CO[7]
                         net (fo=1, routed)           0.028    17.631    vit_system_i/vit_phase_e_axi_0/inst/u_core/u_npu/u_engine/u_engine_shared_multiplier/result[21]_INST_0_i_11_n_0
    SLICE_X45Y23         CARRY8 (Prop_CARRY8_SLICEM_CI_O[4])
                                                      0.109    17.740 r  vit_system_i/vit_phase_e_axi_0/inst/u_core/u_npu/u_engine/u_engine_shared_multiplier/result[30]_INST_0_i_70/O[4]
                         net (fo=58, routed)          0.322    18.063    vit_system_i/vit_phase_e_axi_0/inst/u_core/u_npu/u_engine/u_engine_shared_multiplier/p_0_in
    SLICE_X44Y21         LUT4 (Prop_D5LUT_SLICEL_I1_O)
                                                      0.080    18.143 r  vit_system_i/vit_phase_e_axi_0/inst/u_core/u_npu/u_engine/u_engine_shared_multiplier/result[7]_INST_0_i_39/O
                         net (fo=1, routed)           0.181    18.324    vit_system_i/vit_phase_e_axi_0/inst/u_core/u_npu/u_engine/u_engine_shared_multiplier/result[7]_INST_0_i_39_n_0
    SLICE_X44Y21         LUT5 (Prop_A6LUT_SLICEL_I4_O)
                                                      0.064    18.388 r  vit_system_i/vit_phase_e_axi_0/inst/u_core/u_npu/u_engine/u_engine_shared_multiplier/result[7]_INST_0_i_15/O
                         net (fo=1, routed)           0.162    18.550    vit_system_i/vit_phase_e_axi_0/inst/u_core/u_npu/u_engine/u_engine_shared_multiplier/result[7]_INST_0_i_15_n_0
    SLICE_X44Y24         LUT6 (Prop_A6LUT_SLICEL_I4_O)
                                                      0.115    18.665 r  vit_system_i/vit_phase_e_axi_0/inst/u_core/u_npu/u_engine/u_engine_shared_multiplier/result[7]_INST_0_i_10/O
                         net (fo=1, routed)           0.011    18.676    vit_system_i/vit_phase_e_axi_0/inst/u_core/u_npu/u_engine/u_engine_shared_multiplier/result[7]_INST_0_i_10_n_0
    SLICE_X44Y24         CARRY8 (Prop_CARRY8_SLICEL_S[0]_CO[7])
                                                      0.238    18.914 r  vit_system_i/vit_phase_e_axi_0/inst/u_core/u_npu/u_engine/u_engine_shared_multiplier/result[7]_INST_0_i_1/CO[7]
                         net (fo=1, routed)           0.028    18.942    vit_system_i/vit_phase_e_axi_0/inst/u_core/u_npu/u_engine/u_engine_shared_multiplier/result[7]_INST_0_i_1_n_0
    SLICE_X44Y25         CARRY8 (Prop_CARRY8_SLICEL_CI_CO[7])
                                                      0.023    18.965 r  vit_system_i/vit_phase_e_axi_0/inst/u_core/u_npu/u_engine/u_engine_shared_multiplier/result[15]_INST_0_i_1/CO[7]
                         net (fo=1, routed)           0.028    18.993    vit_system_i/vit_phase_e_axi_0/inst/u_core/u_npu/u_engine/u_engine_shared_multiplier/result[15]_INST_0_i_1_n_0
    SLICE_X44Y26         CARRY8 (Prop_CARRY8_SLICEL_CI_CO[7])
                                                      0.023    19.016 r  vit_system_i/vit_phase_e_axi_0/inst/u_core/u_npu/u_engine/u_engine_shared_multiplier/result[21]_INST_0_i_1/CO[7]
                         net (fo=1, routed)           0.028    19.044    vit_system_i/vit_phase_e_axi_0/inst/u_core/u_npu/u_engine/u_engine_shared_multiplier/result[21]_INST_0_i_1_n_0
    SLICE_X44Y27         CARRY8 (Prop_CARRY8_SLICEL_CI_CO[0])
                                                      0.068    19.112 r  vit_system_i/vit_phase_e_axi_0/inst/u_core/u_npu/u_engine/u_engine_shared_multiplier/result[21]_INST_0_i_2/CO[0]
                         net (fo=25, routed)          0.555    19.666    vit_system_i/vit_phase_e_axi_0/inst/u_core/u_npu/u_engine/u_engine_shared_multiplier/result[21]_INST_0_i_2_n_7
    SLICE_X43Y33         LUT4 (Prop_A6LUT_SLICEM_I3_O)
                                                      0.064    19.730 r  vit_system_i/vit_phase_e_axi_0/inst/u_core/u_npu/u_engine/u_engine_shared_multiplier/result[30]_INST_0_i_36/O
                         net (fo=1, routed)           0.014    19.744    vit_system_i/vit_phase_e_axi_0/inst/u_core/u_npu/u_engine/u_engine_shared_multiplier/result[30]_INST_0_i_36_n_0
    SLICE_X43Y33         CARRY8 (Prop_CARRY8_SLICEM_S[0]_CO[7])
                                                      0.241    19.985 r  vit_system_i/vit_phase_e_axi_0/inst/u_core/u_npu/u_engine/u_engine_shared_multiplier/result[30]_INST_0_i_3/CO[7]
                         net (fo=1, routed)           0.028    20.013    vit_system_i/vit_phase_e_axi_0/inst/u_core/u_npu/u_engine/u_engine_shared_multiplier/result[30]_INST_0_i_3_n_0
    SLICE_X43Y34         CARRY8 (Prop_CARRY8_SLICEM_CI_O[5])
                                                      0.145    20.158 f  vit_system_i/vit_phase_e_axi_0/inst/u_core/u_npu/u_engine/u_engine_shared_multiplier/result[30]_INST_0_i_72/O[5]
                         net (fo=3, routed)           0.308    20.467    vit_system_i/vit_phase_e_axi_0/inst/u_core/u_npu/u_engine/u_engine_shared_multiplier/exp_result[13]
    SLICE_X42Y36         LUT2 (Prop_F6LUT_SLICEL_I1_O)
                                                      0.098    20.565 r  vit_system_i/vit_phase_e_axi_0/inst/u_core/u_npu/u_engine/u_engine_shared_multiplier/result[30]_INST_0_i_55/O
                         net (fo=1, routed)           0.012    20.577    vit_system_i/vit_phase_e_axi_0/inst/u_core/u_npu/u_engine/u_engine_shared_multiplier/result[30]_INST_0_i_55_n_0
    SLICE_X42Y36         CARRY8 (Prop_CARRY8_SLICEL_S[5]_CO[7])
                                                      0.197    20.774 f  vit_system_i/vit_phase_e_axi_0/inst/u_core/u_npu/u_engine/u_engine_shared_multiplier/result[30]_INST_0_i_20/CO[7]
                         net (fo=1, routed)           0.028    20.802    vit_system_i/vit_phase_e_axi_0/inst/u_core/u_npu/u_engine/u_engine_shared_multiplier/result[30]_INST_0_i_20_n_0
    SLICE_X42Y37         CARRY8 (Prop_CARRY8_SLICEL_CI_CO[6])
                                                      0.116    20.918 f  vit_system_i/vit_phase_e_axi_0/inst/u_core/u_npu/u_engine/u_engine_shared_multiplier/result[30]_INST_0_i_2/CO[6]
                         net (fo=31, routed)          0.403    21.321    vit_system_i/vit_phase_e_axi_0/inst/u_core/u_npu/u_engine/u_engine_shared_multiplier/result[30]_INST_0_i_2_n_1
    SLICE_X44Y37         LUT5 (Prop_E6LUT_SLICEL_I3_O)
                                                      0.116    21.437 f  vit_system_i/vit_phase_e_axi_0/inst/u_core/u_npu/u_engine/u_engine_shared_multiplier/result[22]_INST_0_i_1/O
                         net (fo=1, routed)           0.157    21.594    vit_system_i/vit_phase_e_axi_0/inst/u_core/u_npu/u_engine/u_engine_shared_multiplier/result[22]_INST_0_i_1_n_0
    SLICE_X44Y36         LUT4 (Prop_F6LUT_SLICEL_I1_O)
                                                      0.098    21.692 r  vit_system_i/vit_phase_e_axi_0/inst/u_core/u_npu/u_engine/u_engine_shared_multiplier/result[22]_INST_0/O
                         net (fo=44, routed)          0.372    22.064    vit_system_i/vit_phase_e_axi_0/inst/u_core/u_npu/u_engine/u_layernorm/external_mul_result[22]
    SLICE_X45Y43         LUT3 (Prop_F5LUT_SLICEM_I0_O)
                                                      0.144    22.208 r  vit_system_i/vit_phase_e_axi_0/inst/u_core/u_npu/u_engine/u_layernorm/token_variance[22]_i_1/O
                         net (fo=1, routed)           0.294    22.502    vit_system_i/vit_phase_e_axi_0/inst/u_core/u_npu/u_engine/u_layernorm/token_variance[22]_i_1_n_0
    SLICE_X45Y45         FDRE                                         r  vit_system_i/vit_phase_e_axi_0/inst/u_core/u_npu/u_engine/u_layernorm/token_variance_reg[22]/D
  -------------------------------------------------------------------    -------------------

                         (clock clk_pl_0 rise edge)
                                                     20.000    20.000 r  
    PS8_X0Y0             PS8                          0.000    20.000 r  vit_system_i/zynq_ultra_ps_e_0/inst/PS8_i/PLCLK[0]
                         net (fo=1, routed)           0.140    20.140    vit_system_i/zynq_ultra_ps_e_0/inst/pl_clk_unbuffered[0]
    BUFG_PS_X0Y90        BUFG_PS (Prop_BUFG_PS_I_O)
                                                      0.027    20.167 r  vit_system_i/zynq_ultra_ps_e_0/inst/buffer_pl_clk_0.PL_CLK_0_BUFG/O
    X1Y1 (CLOCK_ROOT)    net (fo=66188, routed)       2.311    22.478    vit_system_i/vit_phase_e_axi_0/inst/u_core/u_npu/u_engine/u_layernorm/clk
    SLICE_X45Y45         FDRE                                         r  vit_system_i/vit_phase_e_axi_0/inst/u_core/u_npu/u_engine/u_layernorm/token_variance_reg[22]/C
                         clock pessimism              0.228    22.706    
                         clock uncertainty           -0.161    22.544    
    SLICE_X45Y45         FDRE (Setup_HFF2_SLICEM_C_D)
                                                      0.027    22.571    vit_system_i/vit_phase_e_axi_0/inst/u_core/u_npu/u_engine/u_layernorm/token_variance_reg[22]
  -------------------------------------------------------------------
                         required time                         22.571    
                         arrival time                         -22.502    
  -------------------------------------------------------------------
                         slack                                  0.070    

Slack (MET) :             0.152ns  (required time - arrival time)
  Source:                 vit_system_i/vit_phase_e_axi_0/inst/u_core/u_npu/u_engine/u_gelu/u_serial_core/exp_scaled_reg[24]/C
                            (rising edge-triggered cell FDRE clocked by clk_pl_0  {rise@0.000ns fall@10.000ns period=20.000ns})
  Destination:            vit_system_i/vit_phase_e_axi_0/inst/u_core/u_npu/u_engine/u_softmax/reciprocal_sum_reg[22]/D
                            (rising edge-triggered cell FDRE clocked by clk_pl_0  {rise@0.000ns fall@10.000ns period=20.000ns})
  Path Group:             clk_pl_0
  Path Type:              Setup (Max at Slow Process Corner)
  Requirement:            20.000ns  (clk_pl_0 rise@20.000ns - clk_pl_0 rise@0.000ns)
  Data Path Delay:        19.552ns  (logic 5.922ns (30.288%)  route 13.630ns (69.712%))
  Logic Levels:           53  (CARRY8=18 LUT2=3 LUT3=6 LUT4=7 LUT5=10 LUT6=9)
  Clock Path Skew:        -0.162ns (DCD - SCD + CPR)
    Destination Clock Delay (DCD):    2.442ns = ( 22.442 - 20.000 ) 
    Source Clock Delay      (SCD):    2.832ns
    Clock Pessimism Removal (CPR):    0.228ns
  Clock Uncertainty:      0.161ns  ((TSJ^2 + DJ^2)^1/2) / 2 + PE
    Total System Jitter     (TSJ):    0.071ns
    Discrete Jitter          (DJ):    0.315ns
    Phase Error              (PE):    0.000ns
  Clock Net Delay (Source):      2.625ns (routing 1.382ns, distribution 1.243ns)
  Clock Net Delay (Destination): 2.275ns (routing 1.258ns, distribution 1.017ns)

    Location             Delay type                Incr(ns)  Path(ns)    Netlist Resource(s)
  -------------------------------------------------------------------    -------------------
                         (clock clk_pl_0 rise edge)
                                                      0.000     0.000 r  
    PS8_X0Y0             PS8                          0.000     0.000 r  vit_system_i/zynq_ultra_ps_e_0/inst/PS8_i/PLCLK[0]
                         net (fo=1, routed)           0.178     0.178    vit_system_i/zynq_ultra_ps_e_0/inst/pl_clk_unbuffered[0]
    BUFG_PS_X0Y90        BUFG_PS (Prop_BUFG_PS_I_O)
                                                      0.029     0.207 r  vit_system_i/zynq_ultra_ps_e_0/inst/buffer_pl_clk_0.PL_CLK_0_BUFG/O
    X1Y1 (CLOCK_ROOT)    net (fo=66188, routed)       2.625     2.832    vit_system_i/vit_phase_e_axi_0/inst/u_core/u_npu/u_engine/u_gelu/u_serial_core/clk
    SLICE_X49Y33         FDRE                                         r  vit_system_i/vit_phase_e_axi_0/inst/u_core/u_npu/u_engine/u_gelu/u_serial_core/exp_scaled_reg[24]/C
  -------------------------------------------------------------------    -------------------
    SLICE_X49Y33         FDRE (Prop_FFF_SLICEL_C_Q)
                                                      0.096     2.928 r  vit_system_i/vit_phase_e_axi_0/inst/u_core/u_npu/u_engine/u_gelu/u_serial_core/exp_scaled_reg[24]/Q
                         net (fo=75, routed)          0.151     3.079    vit_system_i/vit_phase_e_axi_0/inst/u_core/u_npu/u_engine/u_gelu/u_serial_core/u_exp_to_integer/value[24]
    SLICE_X49Y35         LUT3 (Prop_C5LUT_SLICEL_I1_O)
                                                      0.168     3.247 r  vit_system_i/vit_phase_e_axi_0/inst/u_core/u_npu/u_engine/u_gelu/u_serial_core/u_exp_to_integer/result[30]_INST_0_i_17/O
                         net (fo=3, routed)           0.264     3.511    vit_system_i/vit_phase_e_axi_0/inst/u_core/u_npu/u_engine/u_gelu/u_serial_core/u_exp_to_integer/result[30]_INST_0_i_17_n_0
    SLICE_X49Y35         LUT6 (Prop_A6LUT_SLICEL_I1_O)
                                                      0.149     3.660 r  vit_system_i/vit_phase_e_axi_0/inst/u_core/u_npu/u_engine/u_gelu/u_serial_core/u_exp_to_integer/result[30]_INST_0_i_7/O
                         net (fo=32, routed)          0.546     4.206    vit_system_i/vit_phase_e_axi_0/inst/u_core/u_npu/u_engine/u_gelu/u_serial_core/u_exp_to_integer/result[30]_INST_0_i_7_n_0
    SLICE_X48Y37         LUT4 (Prop_E5LUT_SLICEL_I3_O)
                                                      0.124     4.330 r  vit_system_i/vit_phase_e_axi_0/inst/u_core/u_npu/u_engine/u_gelu/u_serial_core/u_exp_to_integer/result[28]_INST_0_i_9/O
                         net (fo=3, routed)           0.245     4.575    vit_system_i/vit_phase_e_axi_0/inst/u_core/u_npu/u_engine/u_gelu/u_serial_core/u_exp_to_integer/result[28]_INST_0_i_9_n_0
    SLICE_X47Y39         LUT5 (Prop_E6LUT_SLICEL_I2_O)
                                                      0.039     4.614 r  vit_system_i/vit_phase_e_axi_0/inst/u_core/u_npu/u_engine/u_gelu/u_serial_core/u_exp_to_integer/result[26]_INST_0_i_6/O
                         net (fo=4, routed)           0.550     5.164    vit_system_i/vit_phase_e_axi_0/inst/u_core/u_npu/u_engine/u_gelu/u_serial_core/u_exp_to_integer/result[26]_INST_0_i_6_n_0
    SLICE_X49Y40         LUT2 (Prop_D6LUT_SLICEL_I0_O)
                                                      0.099     5.263 r  vit_system_i/vit_phase_e_axi_0/inst/u_core/u_npu/u_engine/u_gelu/u_serial_core/u_exp_to_integer/result[10]_INST_0_i_4/O
                         net (fo=1, routed)           0.462     5.725    vit_system_i/vit_phase_e_axi_0/inst/u_core/u_npu/u_engine/u_gelu/u_serial_core/u_exp_to_integer/result[10]_INST_0_i_4_n_0
    SLICE_X48Y39         LUT6 (Prop_D6LUT_SLICEL_I5_O)
                                                      0.174     5.899 r  vit_system_i/vit_phase_e_axi_0/inst/u_core/u_npu/u_engine/u_gelu/u_serial_core/u_exp_to_integer/result[10]_INST_0/O
                         net (fo=3, routed)           0.240     6.139    vit_system_i/vit_phase_e_axi_0/inst/u_core/u_npu/u_engine/u_gelu/u_serial_core/exp_scale_integer_comb[10]
    SLICE_X48Y42         LUT4 (Prop_A6LUT_SLICEL_I1_O)
                                                      0.039     6.178 r  vit_system_i/vit_phase_e_axi_0/inst/u_core/u_npu/u_engine/u_gelu/u_serial_core/u_exp_from_integer_i_22/O
                         net (fo=15, routed)          0.705     6.883    vit_system_i/vit_phase_e_axi_0/inst/u_core/u_npu/u_engine/u_gelu/u_serial_core/u_exp_from_integer/value[10]
    SLICE_X49Y50         LUT5 (Prop_D6LUT_SLICEL_I3_O)
                                                      0.116     6.999 r  vit_system_i/vit_phase_e_axi_0/inst/u_core/u_npu/u_engine/u_gelu/u_serial_core/u_exp_from_integer/result[30]_INST_0_i_33/O
                         net (fo=1, routed)           0.449     7.448    vit_system_i/vit_phase_e_axi_0/inst/u_core/u_npu/u_engine/u_gelu/u_serial_core/u_exp_from_integer/result[30]_INST_0_i_33_n_0
    SLICE_X48Y51         LUT5 (Prop_F6LUT_SLICEL_I0_O)
                                                      0.039     7.487 r  vit_system_i/vit_phase_e_axi_0/inst/u_core/u_npu/u_engine/u_gelu/u_serial_core/u_exp_from_integer/result[30]_INST_0_i_14/O
                         net (fo=1, routed)           0.236     7.723    vit_system_i/vit_phase_e_axi_0/inst/u_core/u_npu/u_engine/u_gelu/u_serial_core/u_exp_from_integer/result[30]_INST_0_i_14_n_0
    SLICE_X47Y50         LUT6 (Prop_H6LUT_SLICEL_I2_O)
                                                      0.179     7.902 r  vit_system_i/vit_phase_e_axi_0/inst/u_core/u_npu/u_engine/u_gelu/u_serial_core/u_exp_from_integer/result[30]_INST_0_i_2/O
                         net (fo=89, routed)          0.304     8.206    vit_system_i/vit_phase_e_axi_0/inst/u_core/u_npu/u_engine/u_gelu/u_serial_core/u_exp_from_integer/result[30]_INST_0_i_2_n_0
    SLICE_X46Y48         LUT3 (Prop_A6LUT_SLICEL_I2_O)
                                                      0.039     8.245 f  vit_system_i/vit_phase_e_axi_0/inst/u_core/u_npu/u_engine/u_gelu/u_serial_core/u_exp_from_integer/result[22]_INST_0_i_39/O
                         net (fo=33, routed)          0.312     8.557    vit_system_i/vit_phase_e_axi_0/inst/u_core/u_npu/u_engine/u_gelu/u_serial_core/u_exp_from_integer/result[22]_INST_0_i_39_n_0
    SLICE_X47Y49         LUT3 (Prop_C6LUT_SLICEL_I0_O)
                                                      0.148     8.705 r  vit_system_i/vit_phase_e_axi_0/inst/u_core/u_npu/u_engine/u_gelu/u_serial_core/u_exp_from_integer/result[30]_INST_0_i_117/O
                         net (fo=1, routed)           0.011     8.716    vit_system_i/vit_phase_e_axi_0/inst/u_core/u_npu/u_engine/u_gelu/u_serial_core/u_exp_from_integer/result[30]_INST_0_i_117_n_0
    SLICE_X47Y49         CARRY8 (Prop_CARRY8_SLICEL_S[2]_O[5])
                                                      0.245     8.961 f  vit_system_i/vit_phase_e_axi_0/inst/u_core/u_npu/u_engine/u_gelu/u_serial_core/u_exp_from_integer/result[30]_INST_0_i_93/O[5]
                         net (fo=3, routed)           0.525     9.486    vit_system_i/vit_phase_e_axi_0/inst/u_core/u_npu/u_engine/u_gelu/u_serial_core/u_exp_from_integer/result[30]_INST_0_i_93_n_10
    SLICE_X49Y50         LUT6 (Prop_H6LUT_SLICEL_I3_O)
                                                      0.149     9.635 f  vit_system_i/vit_phase_e_axi_0/inst/u_core/u_npu/u_engine/u_gelu/u_serial_core/u_exp_from_integer/result[30]_INST_0_i_78/O
                         net (fo=1, routed)           0.491    10.126    vit_system_i/vit_phase_e_axi_0/inst/u_core/u_npu/u_engine/u_gelu/u_serial_core/u_exp_from_integer/result[30]_INST_0_i_78_n_0
    SLICE_X48Y49         CARRY8 (Prop_CARRY8_SLICEL_DI[3]_CO[7])
                                                      0.131    10.257 f  vit_system_i/vit_phase_e_axi_0/inst/u_core/u_npu/u_engine/u_gelu/u_serial_core/u_exp_from_integer/result[30]_INST_0_i_45/CO[7]
                         net (fo=1, routed)           0.028    10.285    vit_system_i/vit_phase_e_axi_0/inst/u_core/u_npu/u_engine/u_gelu/u_serial_core/u_exp_from_integer/result[30]_INST_0_i_45_n_0
    SLICE_X48Y50         CARRY8 (Prop_CARRY8_SLICEL_CI_CO[7])
                                                      0.030    10.315 f  vit_system_i/vit_phase_e_axi_0/inst/u_core/u_npu/u_engine/u_gelu/u_serial_core/u_exp_from_integer/result[30]_INST_0_i_25/CO[7]
                         net (fo=3, routed)           0.611    10.926    vit_system_i/vit_phase_e_axi_0/inst/u_core/u_npu/u_engine/u_gelu/u_serial_core/u_exp_from_integer/result[30]_INST_0_i_25_n_0
    SLICE_X49Y47         LUT5 (Prop_E6LUT_SLICEL_I3_O)
                                                      0.039    10.965 r  vit_system_i/vit_phase_e_axi_0/inst/u_core/u_npu/u_engine/u_gelu/u_serial_core/u_exp_from_integer/result[22]_INST_0_i_3/O
                         net (fo=23, routed)          0.295    11.260    vit_system_i/vit_phase_e_axi_0/inst/u_core/u_npu/u_engine/u_gelu/u_serial_core/u_exp_from_integer/result[22]_INST_0_i_3_n_0
    SLICE_X51Y41         LUT5 (Prop_E6LUT_SLICEL_I2_O)
                                                      0.176    11.436 f  vit_system_i/vit_phase_e_axi_0/inst/u_core/u_npu/u_engine/u_gelu/u_serial_core/u_exp_from_integer/result[12]_INST_0_i_1/O
                         net (fo=2, routed)           0.167    11.603    vit_system_i/vit_phase_e_axi_0/inst/u_core/u_npu/u_engine/u_gelu/u_serial_core/u_exp_from_integer/result[12]_INST_0_i_1_n_0
    SLICE_X51Y39         LUT3 (Prop_C6LUT_SLICEL_I2_O)
                                                      0.148    11.751 f  vit_system_i/vit_phase_e_axi_0/inst/u_core/u_npu/u_engine/u_gelu/u_serial_core/u_exp_from_integer/result[11]_INST_0/O
                         net (fo=1, routed)           0.236    11.987    vit_system_i/vit_phase_e_axi_0/inst/u_core/u_npu/u_engine/u_gelu/u_serial_core/integer_as_fp32[11]
    SLICE_X51Y32         LUT5 (Prop_B6LUT_SLICEL_I1_O)
                                                      0.064    12.051 f  vit_system_i/vit_phase_e_axi_0/inst/u_core/u_npu/u_engine/u_gelu/u_serial_core/mul_operand_a[11]_INST_0_i_2/O
                         net (fo=1, routed)           0.244    12.295    vit_system_i/vit_phase_e_axi_0/inst/u_core/u_npu/u_engine/u_gelu/u_serial_core/mul_operand_a[11]_INST_0_i_2_n_0
    SLICE_X49Y28         LUT6 (Prop_B6LUT_SLICEL_I3_O)
                                                      0.040    12.335 f  vit_system_i/vit_phase_e_axi_0/inst/u_core/u_npu/u_engine/u_gelu/u_serial_core/mul_operand_a[11]_INST_0/O
                         net (fo=1, routed)           0.715    13.050    vit_system_i/vit_phase_e_axi_0/inst/u_core/u_npu/u_engine/gelu_mul_operand_a[11]
    SLICE_X46Y18         LUT6 (Prop_H6LUT_SLICEL_I4_O)
                                                      0.116    13.166 f  vit_system_i/vit_phase_e_axi_0/inst/u_core/u_npu/u_engine/u_engine_shared_multiplier_i_85/O
                         net (fo=1, routed)           0.157    13.323    vit_system_i/vit_phase_e_axi_0/inst/u_core/u_npu/u_engine/u_engine_shared_multiplier_i_85_n_0
    SLICE_X46Y18         LUT4 (Prop_A6LUT_SLICEL_I3_O)
                                                      0.064    13.387 f  vit_system_i/vit_phase_e_axi_0/inst/u_core/u_npu/u_engine/u_engine_shared_multiplier_i_21/O
                         net (fo=50, routed)          0.667    14.055    vit_system_i/vit_phase_e_axi_0/inst/u_core/u_npu/u_engine/u_engine_shared_multiplier/a[11]
    SLICE_X51Y22         LUT2 (Prop_C5LUT_SLICEL_I0_O)
                                                      0.135    14.190 r  vit_system_i/vit_phase_e_axi_0/inst/u_core/u_npu/u_engine/u_engine_shared_multiplier/result[15]_INST_0_i_253/O
                         net (fo=1, routed)           0.318    14.508    vit_system_i/vit_phase_e_axi_0/inst/u_core/u_npu/u_engine/u_engine_shared_multiplier/result[15]_INST_0_i_253_n_0
    SLICE_X53Y21         LUT6 (Prop_F6LUT_SLICEM_I3_O)
                                                      0.038    14.546 r  vit_system_i/vit_phase_e_axi_0/inst/u_core/u_npu/u_engine/u_engine_shared_multiplier/result[15]_INST_0_i_210/O
                         net (fo=1, routed)           0.024    14.570    vit_system_i/vit_phase_e_axi_0/inst/u_core/u_npu/u_engine/u_engine_shared_multiplier/result[15]_INST_0_i_210_n_0
    SLICE_X53Y21         CARRY8 (Prop_CARRY8_SLICEM_S[5]_CO[7])
                                                      0.202    14.772 r  vit_system_i/vit_phase_e_axi_0/inst/u_core/u_npu/u_engine/u_engine_shared_multiplier/result[15]_INST_0_i_117/CO[7]
                         net (fo=1, routed)           0.028    14.800    vit_system_i/vit_phase_e_axi_0/inst/u_core/u_npu/u_engine/u_engine_shared_multiplier/result[15]_INST_0_i_117_n_0
    SLICE_X53Y22         CARRY8 (Prop_CARRY8_SLICEM_CI_O[0])
                                                      0.072    14.872 r  vit_system_i/vit_phase_e_axi_0/inst/u_core/u_npu/u_engine/u_engine_shared_multiplier/result[21]_INST_0_i_97/O[0]
                         net (fo=2, routed)           0.400    15.272    vit_system_i/vit_phase_e_axi_0/inst/u_core/u_npu/u_engine/u_engine_shared_multiplier/result[21]_INST_0_i_97_n_15
    SLICE_X50Y20         LUT3 (Prop_C5LUT_SLICEL_I0_O)
                                                      0.135    15.407 r  vit_system_i/vit_phase_e_axi_0/inst/u_core/u_npu/u_engine/u_engine_shared_multiplier/result[15]_INST_0_i_91/O
                         net (fo=2, routed)           0.144    15.551    vit_system_i/vit_phase_e_axi_0/inst/u_core/u_npu/u_engine/u_engine_shared_multiplier/result[15]_INST_0_i_91_n_0
    SLICE_X50Y20         LUT4 (Prop_D6LUT_SLICEL_I3_O)
                                                      0.116    15.667 r  vit_system_i/vit_phase_e_axi_0/inst/u_core/u_npu/u_engine/u_engine_shared_multiplier/result[15]_INST_0_i_99/O
                         net (fo=1, routed)           0.010    15.677    vit_system_i/vit_phase_e_axi_0/inst/u_core/u_npu/u_engine/u_engine_shared_multiplier/result[15]_INST_0_i_99_n_0
    SLICE_X50Y20         CARRY8 (Prop_CARRY8_SLICEL_S[3]_O[4])
                                                      0.182    15.859 r  vit_system_i/vit_phase_e_axi_0/inst/u_core/u_npu/u_engine/u_engine_shared_multiplier/result[15]_INST_0_i_36/O[4]
                         net (fo=3, routed)           0.757    16.615    vit_system_i/vit_phase_e_axi_0/inst/u_core/u_npu/u_engine/u_engine_shared_multiplier/result[15]_INST_0_i_36_n_11
    SLICE_X46Y19         LUT3 (Prop_A6LUT_SLICEL_I2_O)
                                                      0.100    16.715 r  vit_system_i/vit_phase_e_axi_0/inst/u_core/u_npu/u_engine/u_engine_shared_multiplier/result[7]_INST_0_i_58/O
                         net (fo=2, routed)           0.195    16.910    vit_system_i/vit_phase_e_axi_0/inst/u_core/u_npu/u_engine/u_engine_shared_multiplier/result[7]_INST_0_i_58_n_0
    SLICE_X46Y20         LUT5 (Prop_A6LUT_SLICEL_I1_O)
                                                      0.149    17.059 r  vit_system_i/vit_phase_e_axi_0/inst/u_core/u_npu/u_engine/u_engine_shared_multiplier/result[7]_INST_0_i_19/O
                         net (fo=2, routed)           0.175    17.234    vit_system_i/vit_phase_e_axi_0/inst/u_core/u_npu/u_engine/u_engine_shared_multiplier/result[7]_INST_0_i_19_n_0
    SLICE_X45Y20         LUT6 (Prop_G6LUT_SLICEM_I0_O)
                                                      0.100    17.334 r  vit_system_i/vit_phase_e_axi_0/inst/u_core/u_npu/u_engine/u_engine_shared_multiplier/result[7]_INST_0_i_27/O
                         net (fo=1, routed)           0.017    17.351    vit_system_i/vit_phase_e_axi_0/inst/u_core/u_npu/u_engine/u_engine_shared_multiplier/result[7]_INST_0_i_27_n_0
    SLICE_X45Y20         CARRY8 (Prop_CARRY8_SLICEM_S[6]_CO[7])
                                                      0.150    17.501 r  vit_system_i/vit_phase_e_axi_0/inst/u_core/u_npu/u_engine/u_engine_shared_multiplier/result[7]_INST_0_i_11/CO[7]
                         net (fo=1, routed)           0.028    17.529    vit_system_i/vit_phase_e_axi_0/inst/u_core/u_npu/u_engine/u_engine_shared_multiplier/result[7]_INST_0_i_11_n_0
    SLICE_X45Y21         CARRY8 (Prop_CARRY8_SLICEM_CI_CO[7])
                                                      0.023    17.552 r  vit_system_i/vit_phase_e_axi_0/inst/u_core/u_npu/u_engine/u_engine_shared_multiplier/result[15]_INST_0_i_10/CO[7]
                         net (fo=1, routed)           0.028    17.580    vit_system_i/vit_phase_e_axi_0/inst/u_core/u_npu/u_engine/u_engine_shared_multiplier/result[15]_INST_0_i_10_n_0
    SLICE_X45Y22         CARRY8 (Prop_CARRY8_SLICEM_CI_CO[7])
                                                      0.023    17.603 r  vit_system_i/vit_phase_e_axi_0/inst/u_core/u_npu/u_engine/u_engine_shared_multiplier/result[21]_INST_0_i_11/CO[7]
                         net (fo=1, routed)           0.028    17.631    vit_system_i/vit_phase_e_axi_0/inst/u_core/u_npu/u_engine/u_engine_shared_multiplier/result[21]_INST_0_i_11_n_0
    SLICE_X45Y23         CARRY8 (Prop_CARRY8_SLICEM_CI_O[4])
                                                      0.109    17.740 r  vit_system_i/vit_phase_e_axi_0/inst/u_core/u_npu/u_engine/u_engine_shared_multiplier/result[30]_INST_0_i_70/O[4]
                         net (fo=58, routed)          0.322    18.063    vit_system_i/vit_phase_e_axi_0/inst/u_core/u_npu/u_engine/u_engine_shared_multiplier/p_0_in
    SLICE_X44Y21         LUT4 (Prop_D5LUT_SLICEL_I1_O)
                                                      0.080    18.143 r  vit_system_i/vit_phase_e_axi_0/inst/u_core/u_npu/u_engine/u_engine_shared_multiplier/result[7]_INST_0_i_39/O
                         net (fo=1, routed)           0.181    18.324    vit_system_i/vit_phase_e_axi_0/inst/u_core/u_npu/u_engine/u_engine_shared_multiplier/result[7]_INST_0_i_39_n_0
    SLICE_X44Y21         LUT5 (Prop_A6LUT_SLICEL_I4_O)
                                                      0.064    18.388 r  vit_system_i/vit_phase_e_axi_0/inst/u_core/u_npu/u_engine/u_engine_shared_multiplier/result[7]_INST_0_i_15/O
                         net (fo=1, routed)           0.162    18.550    vit_system_i/vit_phase_e_axi_0/inst/u_core/u_npu/u_engine/u_engine_shared_multiplier/result[7]_INST_0_i_15_n_0
    SLICE_X44Y24         LUT6 (Prop_A6LUT_SLICEL_I4_O)
                                                      0.115    18.665 r  vit_system_i/vit_phase_e_axi_0/inst/u_core/u_npu/u_engine/u_engine_shared_multiplier/result[7]_INST_0_i_10/O
                         net (fo=1, routed)           0.011    18.676    vit_system_i/vit_phase_e_axi_0/inst/u_core/u_npu/u_engine/u_engine_shared_multiplier/result[7]_INST_0_i_10_n_0
    SLICE_X44Y24         CARRY8 (Prop_CARRY8_SLICEL_S[0]_CO[7])
                                                      0.238    18.914 r  vit_system_i/vit_phase_e_axi_0/inst/u_core/u_npu/u_engine/u_engine_shared_multiplier/result[7]_INST_0_i_1/CO[7]
                         net (fo=1, routed)           0.028    18.942    vit_system_i/vit_phase_e_axi_0/inst/u_core/u_npu/u_engine/u_engine_shared_multiplier/result[7]_INST_0_i_1_n_0
    SLICE_X44Y25         CARRY8 (Prop_CARRY8_SLICEL_CI_CO[7])
                                                      0.023    18.965 r  vit_system_i/vit_phase_e_axi_0/inst/u_core/u_npu/u_engine/u_engine_shared_multiplier/result[15]_INST_0_i_1/CO[7]
                         net (fo=1, routed)           0.028    18.993    vit_system_i/vit_phase_e_axi_0/inst/u_core/u_npu/u_engine/u_engine_shared_multiplier/result[15]_INST_0_i_1_n_0
    SLICE_X44Y26         CARRY8 (Prop_CARRY8_SLICEL_CI_CO[7])
                                                      0.023    19.016 r  vit_system_i/vit_phase_e_axi_0/inst/u_core/u_npu/u_engine/u_engine_shared_multiplier/result[21]_INST_0_i_1/CO[7]
                         net (fo=1, routed)           0.028    19.044    vit_system_i/vit_phase_e_axi_0/inst/u_core/u_npu/u_engine/u_engine_shared_multiplier/result[21]_INST_0_i_1_n_0
    SLICE_X44Y27         CARRY8 (Prop_CARRY8_SLICEL_CI_CO[0])
                                                      0.068    19.112 r  vit_system_i/vit_phase_e_axi_0/inst/u_core/u_npu/u_engine/u_engine_shared_multiplier/result[21]_INST_0_i_2/CO[0]
                         net (fo=25, routed)          0.555    19.666    vit_system_i/vit_phase_e_axi_0/inst/u_core/u_npu/u_engine/u_engine_shared_multiplier/result[21]_INST_0_i_2_n_7
    SLICE_X43Y33         LUT4 (Prop_A6LUT_SLICEM_I3_O)
                                                      0.064    19.730 r  vit_system_i/vit_phase_e_axi_0/inst/u_core/u_npu/u_engine/u_engine_shared_multiplier/result[30]_INST_0_i_36/O
                         net (fo=1, routed)           0.014    19.744    vit_system_i/vit_phase_e_axi_0/inst/u_core/u_npu/u_engine/u_engine_shared_multiplier/result[30]_INST_0_i_36_n_0
    SLICE_X43Y33         CARRY8 (Prop_CARRY8_SLICEM_S[0]_CO[7])
                                                      0.241    19.985 r  vit_system_i/vit_phase_e_axi_0/inst/u_core/u_npu/u_engine/u_engine_shared_multiplier/result[30]_INST_0_i_3/CO[7]
                         net (fo=1, routed)           0.028    20.013    vit_system_i/vit_phase_e_axi_0/inst/u_core/u_npu/u_engine/u_engine_shared_multiplier/result[30]_INST_0_i_3_n_0
    SLICE_X43Y34         CARRY8 (Prop_CARRY8_SLICEM_CI_O[5])
                                                      0.145    20.158 f  vit_system_i/vit_phase_e_axi_0/inst/u_core/u_npu/u_engine/u_engine_shared_multiplier/result[30]_INST_0_i_72/O[5]
                         net (fo=3, routed)           0.308    20.467    vit_system_i/vit_phase_e_axi_0/inst/u_core/u_npu/u_engine/u_engine_shared_multiplier/exp_result[13]
    SLICE_X42Y36         LUT2 (Prop_F6LUT_SLICEL_I1_O)
                                                      0.098    20.565 r  vit_system_i/vit_phase_e_axi_0/inst/u_core/u_npu/u_engine/u_engine_shared_multiplier/result[30]_INST_0_i_55/O
                         net (fo=1, routed)           0.012    20.577    vit_system_i/vit_phase_e_axi_0/inst/u_core/u_npu/u_engine/u_engine_shared_multiplier/result[30]_INST_0_i_55_n_0
    SLICE_X42Y36         CARRY8 (Prop_CARRY8_SLICEL_S[5]_CO[7])
                                                      0.197    20.774 f  vit_system_i/vit_phase_e_axi_0/inst/u_core/u_npu/u_engine/u_engine_shared_multiplier/result[30]_INST_0_i_20/CO[7]
                         net (fo=1, routed)           0.028    20.802    vit_system_i/vit_phase_e_axi_0/inst/u_core/u_npu/u_engine/u_engine_shared_multiplier/result[30]_INST_0_i_20_n_0
    SLICE_X42Y37         CARRY8 (Prop_CARRY8_SLICEL_CI_CO[6])
                                                      0.116    20.918 f  vit_system_i/vit_phase_e_axi_0/inst/u_core/u_npu/u_engine/u_engine_shared_multiplier/result[30]_INST_0_i_2/CO[6]
                         net (fo=31, routed)          0.403    21.321    vit_system_i/vit_phase_e_axi_0/inst/u_core/u_npu/u_engine/u_engine_shared_multiplier/result[30]_INST_0_i_2_n_1
    SLICE_X44Y37         LUT5 (Prop_E6LUT_SLICEL_I3_O)
                                                      0.116    21.437 f  vit_system_i/vit_phase_e_axi_0/inst/u_core/u_npu/u_engine/u_engine_shared_multiplier/result[22]_INST_0_i_1/O
                         net (fo=1, routed)           0.157    21.594    vit_system_i/vit_phase_e_axi_0/inst/u_core/u_npu/u_engine/u_engine_shared_multiplier/result[22]_INST_0_i_1_n_0
    SLICE_X44Y36         LUT4 (Prop_F6LUT_SLICEL_I1_O)
                                                      0.098    21.692 r  vit_system_i/vit_phase_e_axi_0/inst/u_core/u_npu/u_engine/u_engine_shared_multiplier/result[22]_INST_0/O
                         net (fo=44, routed)          0.377    22.069    vit_system_i/vit_phase_e_axi_0/inst/u_core/u_npu/u_engine/u_softmax/external_mul_result[22]
    SLICE_X41Y37         LUT5 (Prop_F5LUT_SLICEM_I0_O)
                                                      0.091    22.160 r  vit_system_i/vit_phase_e_axi_0/inst/u_core/u_npu/u_engine/u_softmax/reciprocal_sum[22]_i_1/O
                         net (fo=1, routed)           0.224    22.384    vit_system_i/vit_phase_e_axi_0/inst/u_core/u_npu/u_engine/u_softmax/reciprocal_sum[22]_i_1_n_0
    SLICE_X42Y37         FDRE                                         r  vit_system_i/vit_phase_e_axi_0/inst/u_core/u_npu/u_engine/u_softmax/reciprocal_sum_reg[22]/D
  -------------------------------------------------------------------    -------------------

                         (clock clk_pl_0 rise edge)
                                                     20.000    20.000 r  
    PS8_X0Y0             PS8                          0.000    20.000 r  vit_system_i/zynq_ultra_ps_e_0/inst/PS8_i/PLCLK[0]
                         net (fo=1, routed)           0.140    20.140    vit_system_i/zynq_ultra_ps_e_0/inst/pl_clk_unbuffered[0]
    BUFG_PS_X0Y90        BUFG_PS (Prop_BUFG_PS_I_O)
                                                      0.027    20.167 r  vit_system_i/zynq_ultra_ps_e_0/inst/buffer_pl_clk_0.PL_CLK_0_BUFG/O
    X1Y1 (CLOCK_ROOT)    net (fo=66188, routed)       2.275    22.442    vit_system_i/vit_phase_e_axi_0/inst/u_core/u_npu/u_engine/u_softmax/clk
    SLICE_X42Y37         FDRE                                         r  vit_system_i/vit_phase_e_axi_0/inst/u_core/u_npu/u_engine/u_softmax/reciprocal_sum_reg[22]/C
                         clock pessimism              0.228    22.670    
                         clock uncertainty           -0.161    22.508    
    SLICE_X42Y37         FDRE (Setup_AFF2_SLICEL_C_D)
                                                      0.027    22.535    vit_system_i/vit_phase_e_axi_0/inst/u_core/u_npu/u_engine/u_softmax/reciprocal_sum_reg[22]
  -------------------------------------------------------------------
                         required time                         22.535    
                         arrival time                         -22.384    
  -------------------------------------------------------------------
                         slack                                  0.152    

Slack (MET) :             0.165ns  (required time - arrival time)
  Source:                 vit_system_i/vit_phase_e_axi_0/inst/u_core/u_npu/u_engine/u_gelu/u_serial_core/exp_scaled_reg[24]/C
                            (rising edge-triggered cell FDRE clocked by clk_pl_0  {rise@0.000ns fall@10.000ns period=20.000ns})
  Destination:            vit_system_i/vit_phase_e_axi_0/inst/u_core/u_npu/u_engine/u_gelu/u_serial_core/exp_scaled_reg[7]/D
                            (rising edge-triggered cell FDRE clocked by clk_pl_0  {rise@0.000ns fall@10.000ns period=20.000ns})
  Path Group:             clk_pl_0
  Path Type:              Setup (Max at Slow Process Corner)
  Requirement:            20.000ns  (clk_pl_0 rise@20.000ns - clk_pl_0 rise@0.000ns)
  Data Path Delay:        19.570ns  (logic 5.763ns (29.448%)  route 13.807ns (70.552%))
  Logic Levels:           51  (CARRY8=18 LUT2=3 LUT3=6 LUT4=6 LUT5=8 LUT6=10)
  Clock Path Skew:        -0.130ns (DCD - SCD + CPR)
    Destination Clock Delay (DCD):    2.474ns = ( 22.474 - 20.000 ) 
    Source Clock Delay      (SCD):    2.832ns
    Clock Pessimism Removal (CPR):    0.228ns
  Clock Uncertainty:      0.161ns  ((TSJ^2 + DJ^2)^1/2) / 2 + PE
    Total System Jitter     (TSJ):    0.071ns
    Discrete Jitter          (DJ):    0.315ns
    Phase Error              (PE):    0.000ns
  Clock Net Delay (Source):      2.625ns (routing 1.382ns, distribution 1.243ns)
  Clock Net Delay (Destination): 2.307ns (routing 1.258ns, distribution 1.049ns)

    Location             Delay type                Incr(ns)  Path(ns)    Netlist Resource(s)
  -------------------------------------------------------------------    -------------------
                         (clock clk_pl_0 rise edge)
                                                      0.000     0.000 r  
    PS8_X0Y0             PS8                          0.000     0.000 r  vit_system_i/zynq_ultra_ps_e_0/inst/PS8_i/PLCLK[0]
                         net (fo=1, routed)           0.178     0.178    vit_system_i/zynq_ultra_ps_e_0/inst/pl_clk_unbuffered[0]
    BUFG_PS_X0Y90        BUFG_PS (Prop_BUFG_PS_I_O)
                                                      0.029     0.207 r  vit_system_i/zynq_ultra_ps_e_0/inst/buffer_pl_clk_0.PL_CLK_0_BUFG/O
    X1Y1 (CLOCK_ROOT)    net (fo=66188, routed)       2.625     2.832    vit_system_i/vit_phase_e_axi_0/inst/u_core/u_npu/u_engine/u_gelu/u_serial_core/clk
    SLICE_X49Y33         FDRE                                         r  vit_system_i/vit_phase_e_axi_0/inst/u_core/u_npu/u_engine/u_gelu/u_serial_core/exp_scaled_reg[24]/C
  -------------------------------------------------------------------    -------------------
    SLICE_X49Y33         FDRE (Prop_FFF_SLICEL_C_Q)
                                                      0.096     2.928 r  vit_system_i/vit_phase_e_axi_0/inst/u_core/u_npu/u_engine/u_gelu/u_serial_core/exp_scaled_reg[24]/Q
                         net (fo=75, routed)          0.151     3.079    vit_system_i/vit_phase_e_axi_0/inst/u_core/u_npu/u_engine/u_gelu/u_serial_core/u_exp_to_integer/value[24]
    SLICE_X49Y35         LUT3 (Prop_C5LUT_SLICEL_I1_O)
                                                      0.168     3.247 r  vit_system_i/vit_phase_e_axi_0/inst/u_core/u_npu/u_engine/u_gelu/u_serial_core/u_exp_to_integer/result[30]_INST_0_i_17/O
                         net (fo=3, routed)           0.264     3.511    vit_system_i/vit_phase_e_axi_0/inst/u_core/u_npu/u_engine/u_gelu/u_serial_core/u_exp_to_integer/result[30]_INST_0_i_17_n_0
    SLICE_X49Y35         LUT6 (Prop_A6LUT_SLICEL_I1_O)
                                                      0.149     3.660 r  vit_system_i/vit_phase_e_axi_0/inst/u_core/u_npu/u_engine/u_gelu/u_serial_core/u_exp_to_integer/result[30]_INST_0_i_7/O
                         net (fo=32, routed)          0.546     4.206    vit_system_i/vit_phase_e_axi_0/inst/u_core/u_npu/u_engine/u_gelu/u_serial_core/u_exp_to_integer/result[30]_INST_0_i_7_n_0
    SLICE_X48Y37         LUT4 (Prop_E5LUT_SLICEL_I3_O)
                                                      0.124     4.330 r  vit_system_i/vit_phase_e_axi_0/inst/u_core/u_npu/u_engine/u_gelu/u_serial_core/u_exp_to_integer/result[28]_INST_0_i_9/O
                         net (fo=3, routed)           0.245     4.575    vit_system_i/vit_phase_e_axi_0/inst/u_core/u_npu/u_engine/u_gelu/u_serial_core/u_exp_to_integer/result[28]_INST_0_i_9_n_0
    SLICE_X47Y39         LUT5 (Prop_E6LUT_SLICEL_I2_O)
                                                      0.039     4.614 r  vit_system_i/vit_phase_e_axi_0/inst/u_core/u_npu/u_engine/u_gelu/u_serial_core/u_exp_to_integer/result[26]_INST_0_i_6/O
                         net (fo=4, routed)           0.550     5.164    vit_system_i/vit_phase_e_axi_0/inst/u_core/u_npu/u_engine/u_gelu/u_serial_core/u_exp_to_integer/result[26]_INST_0_i_6_n_0
    SLICE_X49Y40         LUT2 (Prop_D6LUT_SLICEL_I0_O)
                                                      0.099     5.263 r  vit_system_i/vit_phase_e_axi_0/inst/u_core/u_npu/u_engine/u_gelu/u_serial_core/u_exp_to_integer/result[10]_INST_0_i_4/O
                         net (fo=1, routed)           0.462     5.725    vit_system_i/vit_phase_e_axi_0/inst/u_core/u_npu/u_engine/u_gelu/u_serial_core/u_exp_to_integer/result[10]_INST_0_i_4_n_0
    SLICE_X48Y39         LUT6 (Prop_D6LUT_SLICEL_I5_O)
                                                      0.174     5.899 r  vit_system_i/vit_phase_e_axi_0/inst/u_core/u_npu/u_engine/u_gelu/u_serial_core/u_exp_to_integer/result[10]_INST_0/O
                         net (fo=3, routed)           0.240     6.139    vit_system_i/vit_phase_e_axi_0/inst/u_core/u_npu/u_engine/u_gelu/u_serial_core/exp_scale_integer_comb[10]
    SLICE_X48Y42         LUT4 (Prop_A6LUT_SLICEL_I1_O)
                                                      0.039     6.178 r  vit_system_i/vit_phase_e_axi_0/inst/u_core/u_npu/u_engine/u_gelu/u_serial_core/u_exp_from_integer_i_22/O
                         net (fo=15, routed)          0.705     6.883    vit_system_i/vit_phase_e_axi_0/inst/u_core/u_npu/u_engine/u_gelu/u_serial_core/u_exp_from_integer/value[10]
    SLICE_X49Y50         LUT5 (Prop_D6LUT_SLICEL_I3_O)
                                                      0.116     6.999 r  vit_system_i/vit_phase_e_axi_0/inst/u_core/u_npu/u_engine/u_gelu/u_serial_core/u_exp_from_integer/result[30]_INST_0_i_33/O
                         net (fo=1, routed)           0.449     7.448    vit_system_i/vit_phase_e_axi_0/inst/u_core/u_npu/u_engine/u_gelu/u_serial_core/u_exp_from_integer/result[30]_INST_0_i_33_n_0
    SLICE_X48Y51         LUT5 (Prop_F6LUT_SLICEL_I0_O)
                                                      0.039     7.487 r  vit_system_i/vit_phase_e_axi_0/inst/u_core/u_npu/u_engine/u_gelu/u_serial_core/u_exp_from_integer/result[30]_INST_0_i_14/O
                         net (fo=1, routed)           0.236     7.723    vit_system_i/vit_phase_e_axi_0/inst/u_core/u_npu/u_engine/u_gelu/u_serial_core/u_exp_from_integer/result[30]_INST_0_i_14_n_0
    SLICE_X47Y50         LUT6 (Prop_H6LUT_SLICEL_I2_O)
                                                      0.179     7.902 r  vit_system_i/vit_phase_e_axi_0/inst/u_core/u_npu/u_engine/u_gelu/u_serial_core/u_exp_from_integer/result[30]_INST_0_i_2/O
                         net (fo=89, routed)          0.304     8.206    vit_system_i/vit_phase_e_axi_0/inst/u_core/u_npu/u_engine/u_gelu/u_serial_core/u_exp_from_integer/result[30]_INST_0_i_2_n_0
    SLICE_X46Y48         LUT3 (Prop_A6LUT_SLICEL_I2_O)
                                                      0.039     8.245 f  vit_system_i/vit_phase_e_axi_0/inst/u_core/u_npu/u_engine/u_gelu/u_serial_core/u_exp_from_integer/result[22]_INST_0_i_39/O
                         net (fo=33, routed)          0.312     8.557    vit_system_i/vit_phase_e_axi_0/inst/u_core/u_npu/u_engine/u_gelu/u_serial_core/u_exp_from_integer/result[22]_INST_0_i_39_n_0
    SLICE_X47Y49         LUT3 (Prop_C6LUT_SLICEL_I0_O)
                                                      0.148     8.705 r  vit_system_i/vit_phase_e_axi_0/inst/u_core/u_npu/u_engine/u_gelu/u_serial_core/u_exp_from_integer/result[30]_INST_0_i_117/O
                         net (fo=1, routed)           0.011     8.716    vit_system_i/vit_phase_e_axi_0/inst/u_core/u_npu/u_engine/u_gelu/u_serial_core/u_exp_from_integer/result[30]_INST_0_i_117_n_0
    SLICE_X47Y49         CARRY8 (Prop_CARRY8_SLICEL_S[2]_O[5])
                                                      0.245     8.961 f  vit_system_i/vit_phase_e_axi_0/inst/u_core/u_npu/u_engine/u_gelu/u_serial_core/u_exp_from_integer/result[30]_INST_0_i_93/O[5]
                         net (fo=3, routed)           0.525     9.486    vit_system_i/vit_phase_e_axi_0/inst/u_core/u_npu/u_engine/u_gelu/u_serial_core/u_exp_from_integer/result[30]_INST_0_i_93_n_10
    SLICE_X49Y50         LUT6 (Prop_H6LUT_SLICEL_I3_O)
                                                      0.149     9.635 f  vit_system_i/vit_phase_e_axi_0/inst/u_core/u_npu/u_engine/u_gelu/u_serial_core/u_exp_from_integer/result[30]_INST_0_i_78/O
                         net (fo=1, routed)           0.491    10.126    vit_system_i/vit_phase_e_axi_0/inst/u_core/u_npu/u_engine/u_gelu/u_serial_core/u_exp_from_integer/result[30]_INST_0_i_78_n_0
    SLICE_X48Y49         CARRY8 (Prop_CARRY8_SLICEL_DI[3]_CO[7])
                                                      0.131    10.257 f  vit_system_i/vit_phase_e_axi_0/inst/u_core/u_npu/u_engine/u_gelu/u_serial_core/u_exp_from_integer/result[30]_INST_0_i_45/CO[7]
                         net (fo=1, routed)           0.028    10.285    vit_system_i/vit_phase_e_axi_0/inst/u_core/u_npu/u_engine/u_gelu/u_serial_core/u_exp_from_integer/result[30]_INST_0_i_45_n_0
    SLICE_X48Y50         CARRY8 (Prop_CARRY8_SLICEL_CI_CO[7])
                                                      0.030    10.315 f  vit_system_i/vit_phase_e_axi_0/inst/u_core/u_npu/u_engine/u_gelu/u_serial_core/u_exp_from_integer/result[30]_INST_0_i_25/CO[7]
                         net (fo=3, routed)           0.611    10.926    vit_system_i/vit_phase_e_axi_0/inst/u_core/u_npu/u_engine/u_gelu/u_serial_core/u_exp_from_integer/result[30]_INST_0_i_25_n_0
    SLICE_X49Y47         LUT5 (Prop_E6LUT_SLICEL_I3_O)
                                                      0.039    10.965 r  vit_system_i/vit_phase_e_axi_0/inst/u_core/u_npu/u_engine/u_gelu/u_serial_core/u_exp_from_integer/result[22]_INST_0_i_3/O
                         net (fo=23, routed)          0.295    11.260    vit_system_i/vit_phase_e_axi_0/inst/u_core/u_npu/u_engine/u_gelu/u_serial_core/u_exp_from_integer/result[22]_INST_0_i_3_n_0
    SLICE_X51Y41         LUT5 (Prop_E6LUT_SLICEL_I2_O)
                                                      0.176    11.436 f  vit_system_i/vit_phase_e_axi_0/inst/u_core/u_npu/u_engine/u_gelu/u_serial_core/u_exp_from_integer/result[12]_INST_0_i_1/O
                         net (fo=2, routed)           0.167    11.603    vit_system_i/vit_phase_e_axi_0/inst/u_core/u_npu/u_engine/u_gelu/u_serial_core/u_exp_from_integer/result[12]_INST_0_i_1_n_0
    SLICE_X51Y39         LUT3 (Prop_C6LUT_SLICEL_I2_O)
                                                      0.148    11.751 f  vit_system_i/vit_phase_e_axi_0/inst/u_core/u_npu/u_engine/u_gelu/u_serial_core/u_exp_from_integer/result[11]_INST_0/O
                         net (fo=1, routed)           0.236    11.987    vit_system_i/vit_phase_e_axi_0/inst/u_core/u_npu/u_engine/u_gelu/u_serial_core/integer_as_fp32[11]
    SLICE_X51Y32         LUT5 (Prop_B6LUT_SLICEL_I1_O)
                                                      0.064    12.051 f  vit_system_i/vit_phase_e_axi_0/inst/u_core/u_npu/u_engine/u_gelu/u_serial_core/mul_operand_a[11]_INST_0_i_2/O
                         net (fo=1, routed)           0.244    12.295    vit_system_i/vit_phase_e_axi_0/inst/u_core/u_npu/u_engine/u_gelu/u_serial_core/mul_operand_a[11]_INST_0_i_2_n_0
    SLICE_X49Y28         LUT6 (Prop_B6LUT_SLICEL_I3_O)
                                                      0.040    12.335 f  vit_system_i/vit_phase_e_axi_0/inst/u_core/u_npu/u_engine/u_gelu/u_serial_core/mul_operand_a[11]_INST_0/O
                         net (fo=1, routed)           0.715    13.050    vit_system_i/vit_phase_e_axi_0/inst/u_core/u_npu/u_engine/gelu_mul_operand_a[11]
    SLICE_X46Y18         LUT6 (Prop_H6LUT_SLICEL_I4_O)
                                                      0.116    13.166 f  vit_system_i/vit_phase_e_axi_0/inst/u_core/u_npu/u_engine/u_engine_shared_multiplier_i_85/O
                         net (fo=1, routed)           0.157    13.323    vit_system_i/vit_phase_e_axi_0/inst/u_core/u_npu/u_engine/u_engine_shared_multiplier_i_85_n_0
    SLICE_X46Y18         LUT4 (Prop_A6LUT_SLICEL_I3_O)
                                                      0.064    13.387 f  vit_system_i/vit_phase_e_axi_0/inst/u_core/u_npu/u_engine/u_engine_shared_multiplier_i_21/O
                         net (fo=50, routed)          0.667    14.055    vit_system_i/vit_phase_e_axi_0/inst/u_core/u_npu/u_engine/u_engine_shared_multiplier/a[11]
    SLICE_X51Y22         LUT2 (Prop_C5LUT_SLICEL_I0_O)
                                                      0.135    14.190 r  vit_system_i/vit_phase_e_axi_0/inst/u_core/u_npu/u_engine/u_engine_shared_multiplier/result[15]_INST_0_i_253/O
                         net (fo=1, routed)           0.318    14.508    vit_system_i/vit_phase_e_axi_0/inst/u_core/u_npu/u_engine/u_engine_shared_multiplier/result[15]_INST_0_i_253_n_0
    SLICE_X53Y21         LUT6 (Prop_F6LUT_SLICEM_I3_O)
                                                      0.038    14.546 r  vit_system_i/vit_phase_e_axi_0/inst/u_core/u_npu/u_engine/u_engine_shared_multiplier/result[15]_INST_0_i_210/O
                         net (fo=1, routed)           0.024    14.570    vit_system_i/vit_phase_e_axi_0/inst/u_core/u_npu/u_engine/u_engine_shared_multiplier/result[15]_INST_0_i_210_n_0
    SLICE_X53Y21         CARRY8 (Prop_CARRY8_SLICEM_S[5]_CO[7])
                                                      0.202    14.772 r  vit_system_i/vit_phase_e_axi_0/inst/u_core/u_npu/u_engine/u_engine_shared_multiplier/result[15]_INST_0_i_117/CO[7]
                         net (fo=1, routed)           0.028    14.800    vit_system_i/vit_phase_e_axi_0/inst/u_core/u_npu/u_engine/u_engine_shared_multiplier/result[15]_INST_0_i_117_n_0
    SLICE_X53Y22         CARRY8 (Prop_CARRY8_SLICEM_CI_O[0])
                                                      0.072    14.872 r  vit_system_i/vit_phase_e_axi_0/inst/u_core/u_npu/u_engine/u_engine_shared_multiplier/result[21]_INST_0_i_97/O[0]
                         net (fo=2, routed)           0.400    15.272    vit_system_i/vit_phase_e_axi_0/inst/u_core/u_npu/u_engine/u_engine_shared_multiplier/result[21]_INST_0_i_97_n_15
    SLICE_X50Y20         LUT3 (Prop_C5LUT_SLICEL_I0_O)
                                                      0.135    15.407 r  vit_system_i/vit_phase_e_axi_0/inst/u_core/u_npu/u_engine/u_engine_shared_multiplier/result[15]_INST_0_i_91/O
                         net (fo=2, routed)           0.144    15.551    vit_system_i/vit_phase_e_axi_0/inst/u_core/u_npu/u_engine/u_engine_shared_multiplier/result[15]_INST_0_i_91_n_0
    SLICE_X50Y20         LUT4 (Prop_D6LUT_SLICEL_I3_O)
                                                      0.116    15.667 r  vit_system_i/vit_phase_e_axi_0/inst/u_core/u_npu/u_engine/u_engine_shared_multiplier/result[15]_INST_0_i_99/O
                         net (fo=1, routed)           0.010    15.677    vit_system_i/vit_phase_e_axi_0/inst/u_core/u_npu/u_engine/u_engine_shared_multiplier/result[15]_INST_0_i_99_n_0
    SLICE_X50Y20         CARRY8 (Prop_CARRY8_SLICEL_S[3]_O[4])
                                                      0.182    15.859 r  vit_system_i/vit_phase_e_axi_0/inst/u_core/u_npu/u_engine/u_engine_shared_multiplier/result[15]_INST_0_i_36/O[4]
                         net (fo=3, routed)           0.757    16.615    vit_system_i/vit_phase_e_axi_0/inst/u_core/u_npu/u_engine/u_engine_shared_multiplier/result[15]_INST_0_i_36_n_11
    SLICE_X46Y19         LUT3 (Prop_A6LUT_SLICEL_I2_O)
                                                      0.100    16.715 r  vit_system_i/vit_phase_e_axi_0/inst/u_core/u_npu/u_engine/u_engine_shared_multiplier/result[7]_INST_0_i_58/O
                         net (fo=2, routed)           0.195    16.910    vit_system_i/vit_phase_e_axi_0/inst/u_core/u_npu/u_engine/u_engine_shared_multiplier/result[7]_INST_0_i_58_n_0
    SLICE_X46Y20         LUT5 (Prop_A6LUT_SLICEL_I1_O)
                                                      0.149    17.059 r  vit_system_i/vit_phase_e_axi_0/inst/u_core/u_npu/u_engine/u_engine_shared_multiplier/result[7]_INST_0_i_19/O
                         net (fo=2, routed)           0.175    17.234    vit_system_i/vit_phase_e_axi_0/inst/u_core/u_npu/u_engine/u_engine_shared_multiplier/result[7]_INST_0_i_19_n_0
    SLICE_X45Y20         LUT6 (Prop_G6LUT_SLICEM_I0_O)
                                                      0.100    17.334 r  vit_system_i/vit_phase_e_axi_0/inst/u_core/u_npu/u_engine/u_engine_shared_multiplier/result[7]_INST_0_i_27/O
                         net (fo=1, routed)           0.017    17.351    vit_system_i/vit_phase_e_axi_0/inst/u_core/u_npu/u_engine/u_engine_shared_multiplier/result[7]_INST_0_i_27_n_0
    SLICE_X45Y20         CARRY8 (Prop_CARRY8_SLICEM_S[6]_CO[7])
                                                      0.150    17.501 r  vit_system_i/vit_phase_e_axi_0/inst/u_core/u_npu/u_engine/u_engine_shared_multiplier/result[7]_INST_0_i_11/CO[7]
                         net (fo=1, routed)           0.028    17.529    vit_system_i/vit_phase_e_axi_0/inst/u_core/u_npu/u_engine/u_engine_shared_multiplier/result[7]_INST_0_i_11_n_0
    SLICE_X45Y21         CARRY8 (Prop_CARRY8_SLICEM_CI_CO[7])
                                                      0.023    17.552 r  vit_system_i/vit_phase_e_axi_0/inst/u_core/u_npu/u_engine/u_engine_shared_multiplier/result[15]_INST_0_i_10/CO[7]
                         net (fo=1, routed)           0.028    17.580    vit_system_i/vit_phase_e_axi_0/inst/u_core/u_npu/u_engine/u_engine_shared_multiplier/result[15]_INST_0_i_10_n_0
    SLICE_X45Y22         CARRY8 (Prop_CARRY8_SLICEM_CI_CO[7])
                                                      0.023    17.603 r  vit_system_i/vit_phase_e_axi_0/inst/u_core/u_npu/u_engine/u_engine_shared_multiplier/result[21]_INST_0_i_11/CO[7]
                         net (fo=1, routed)           0.028    17.631    vit_system_i/vit_phase_e_axi_0/inst/u_core/u_npu/u_engine/u_engine_shared_multiplier/result[21]_INST_0_i_11_n_0
    SLICE_X45Y23         CARRY8 (Prop_CARRY8_SLICEM_CI_O[4])
                                                      0.109    17.740 r  vit_system_i/vit_phase_e_axi_0/inst/u_core/u_npu/u_engine/u_engine_shared_multiplier/result[30]_INST_0_i_70/O[4]
                         net (fo=58, routed)          0.322    18.063    vit_system_i/vit_phase_e_axi_0/inst/u_core/u_npu/u_engine/u_engine_shared_multiplier/p_0_in
    SLICE_X44Y21         LUT4 (Prop_D5LUT_SLICEL_I1_O)
                                                      0.080    18.143 r  vit_system_i/vit_phase_e_axi_0/inst/u_core/u_npu/u_engine/u_engine_shared_multiplier/result[7]_INST_0_i_39/O
                         net (fo=1, routed)           0.181    18.324    vit_system_i/vit_phase_e_axi_0/inst/u_core/u_npu/u_engine/u_engine_shared_multiplier/result[7]_INST_0_i_39_n_0
    SLICE_X44Y21         LUT5 (Prop_A6LUT_SLICEL_I4_O)
                                                      0.064    18.388 r  vit_system_i/vit_phase_e_axi_0/inst/u_core/u_npu/u_engine/u_engine_shared_multiplier/result[7]_INST_0_i_15/O
                         net (fo=1, routed)           0.162    18.550    vit_system_i/vit_phase_e_axi_0/inst/u_core/u_npu/u_engine/u_engine_shared_multiplier/result[7]_INST_0_i_15_n_0
    SLICE_X44Y24         LUT6 (Prop_A6LUT_SLICEL_I4_O)
                                                      0.115    18.665 r  vit_system_i/vit_phase_e_axi_0/inst/u_core/u_npu/u_engine/u_engine_shared_multiplier/result[7]_INST_0_i_10/O
                         net (fo=1, routed)           0.011    18.676    vit_system_i/vit_phase_e_axi_0/inst/u_core/u_npu/u_engine/u_engine_shared_multiplier/result[7]_INST_0_i_10_n_0
    SLICE_X44Y24         CARRY8 (Prop_CARRY8_SLICEL_S[0]_CO[7])
                                                      0.238    18.914 r  vit_system_i/vit_phase_e_axi_0/inst/u_core/u_npu/u_engine/u_engine_shared_multiplier/result[7]_INST_0_i_1/CO[7]
                         net (fo=1, routed)           0.028    18.942    vit_system_i/vit_phase_e_axi_0/inst/u_core/u_npu/u_engine/u_engine_shared_multiplier/result[7]_INST_0_i_1_n_0
    SLICE_X44Y25         CARRY8 (Prop_CARRY8_SLICEL_CI_CO[7])
                                                      0.023    18.965 r  vit_system_i/vit_phase_e_axi_0/inst/u_core/u_npu/u_engine/u_engine_shared_multiplier/result[15]_INST_0_i_1/CO[7]
                         net (fo=1, routed)           0.028    18.993    vit_system_i/vit_phase_e_axi_0/inst/u_core/u_npu/u_engine/u_engine_shared_multiplier/result[15]_INST_0_i_1_n_0
    SLICE_X44Y26         CARRY8 (Prop_CARRY8_SLICEL_CI_CO[7])
                                                      0.023    19.016 r  vit_system_i/vit_phase_e_axi_0/inst/u_core/u_npu/u_engine/u_engine_shared_multiplier/result[21]_INST_0_i_1/CO[7]
                         net (fo=1, routed)           0.028    19.044    vit_system_i/vit_phase_e_axi_0/inst/u_core/u_npu/u_engine/u_engine_shared_multiplier/result[21]_INST_0_i_1_n_0
    SLICE_X44Y27         CARRY8 (Prop_CARRY8_SLICEL_CI_CO[0])
                                                      0.068    19.112 r  vit_system_i/vit_phase_e_axi_0/inst/u_core/u_npu/u_engine/u_engine_shared_multiplier/result[21]_INST_0_i_2/CO[0]
                         net (fo=25, routed)          0.555    19.666    vit_system_i/vit_phase_e_axi_0/inst/u_core/u_npu/u_engine/u_engine_shared_multiplier/result[21]_INST_0_i_2_n_7
    SLICE_X43Y33         LUT4 (Prop_A6LUT_SLICEM_I3_O)
                                                      0.064    19.730 r  vit_system_i/vit_phase_e_axi_0/inst/u_core/u_npu/u_engine/u_engine_shared_multiplier/result[30]_INST_0_i_36/O
                         net (fo=1, routed)           0.014    19.744    vit_system_i/vit_phase_e_axi_0/inst/u_core/u_npu/u_engine/u_engine_shared_multiplier/result[30]_INST_0_i_36_n_0
    SLICE_X43Y33         CARRY8 (Prop_CARRY8_SLICEM_S[0]_CO[7])
                                                      0.241    19.985 r  vit_system_i/vit_phase_e_axi_0/inst/u_core/u_npu/u_engine/u_engine_shared_multiplier/result[30]_INST_0_i_3/CO[7]
                         net (fo=1, routed)           0.028    20.013    vit_system_i/vit_phase_e_axi_0/inst/u_core/u_npu/u_engine/u_engine_shared_multiplier/result[30]_INST_0_i_3_n_0
    SLICE_X43Y34         CARRY8 (Prop_CARRY8_SLICEM_CI_O[5])
                                                      0.145    20.158 f  vit_system_i/vit_phase_e_axi_0/inst/u_core/u_npu/u_engine/u_engine_shared_multiplier/result[30]_INST_0_i_72/O[5]
                         net (fo=3, routed)           0.352    20.511    vit_system_i/vit_phase_e_axi_0/inst/u_core/u_npu/u_engine/u_engine_shared_multiplier/exp_result[13]
    SLICE_X43Y37         LUT2 (Prop_F6LUT_SLICEM_I1_O)
                                                      0.062    20.573 r  vit_system_i/vit_phase_e_axi_0/inst/u_core/u_npu/u_engine/u_engine_shared_multiplier/result[30]_INST_0_i_45/O
                         net (fo=1, routed)           0.024    20.597    vit_system_i/vit_phase_e_axi_0/inst/u_core/u_npu/u_engine/u_engine_shared_multiplier/result[30]_INST_0_i_45_n_0
    SLICE_X43Y37         CARRY8 (Prop_CARRY8_SLICEM_S[5]_CO[7])
                                                      0.202    20.799 f  vit_system_i/vit_phase_e_axi_0/inst/u_core/u_npu/u_engine/u_engine_shared_multiplier/result[30]_INST_0_i_5/CO[7]
                         net (fo=1, routed)           0.028    20.827    vit_system_i/vit_phase_e_axi_0/inst/u_core/u_npu/u_engine/u_engine_shared_multiplier/result[30]_INST_0_i_5_n_0
    SLICE_X43Y38         CARRY8 (Prop_CARRY8_SLICEM_CI_CO[6])
                                                      0.116    20.943 f  vit_system_i/vit_phase_e_axi_0/inst/u_core/u_npu/u_engine/u_engine_shared_multiplier/result[30]_INST_0_i_1/CO[6]
                         net (fo=31, routed)          0.502    21.444    vit_system_i/vit_phase_e_axi_0/inst/u_core/u_npu/u_engine/u_engine_shared_multiplier/result[30]_INST_0_i_1_n_1
    SLICE_X43Y28         LUT6 (Prop_E6LUT_SLICEM_I5_O)
                                                      0.177    21.621 r  vit_system_i/vit_phase_e_axi_0/inst/u_core/u_npu/u_engine/u_engine_shared_multiplier/result[7]_INST_0/O
                         net (fo=44, routed)          0.781    22.402    vit_system_i/vit_phase_e_axi_0/inst/u_core/u_npu/u_engine/u_gelu/u_serial_core/external_mul_result[7]
    SLICE_X48Y36         FDRE                                         r  vit_system_i/vit_phase_e_axi_0/inst/u_core/u_npu/u_engine/u_gelu/u_serial_core/exp_scaled_reg[7]/D
  -------------------------------------------------------------------    -------------------

                         (clock clk_pl_0 rise edge)
                                                     20.000    20.000 r  
    PS8_X0Y0             PS8                          0.000    20.000 r  vit_system_i/zynq_ultra_ps_e_0/inst/PS8_i/PLCLK[0]
                         net (fo=1, routed)           0.140    20.140    vit_system_i/zynq_ultra_ps_e_0/inst/pl_clk_unbuffered[0]
    BUFG_PS_X0Y90        BUFG_PS (Prop_BUFG_PS_I_O)
                                                      0.027    20.167 r  vit_system_i/zynq_ultra_ps_e_0/inst/buffer_pl_clk_0.PL_CLK_0_BUFG/O
    X1Y1 (CLOCK_ROOT)    net (fo=66188, routed)       2.307    22.474    vit_system_i/vit_phase_e_axi_0/inst/u_core/u_npu/u_engine/u_gelu/u_serial_core/clk
    SLICE_X48Y36         FDRE                                         r  vit_system_i/vit_phase_e_axi_0/inst/u_core/u_npu/u_engine/u_gelu/u_serial_core/exp_scaled_reg[7]/C
                         clock pessimism              0.228    22.702    
                         clock uncertainty           -0.161    22.540    
    SLICE_X48Y36         FDRE (Setup_FFF_SLICEL_C_D)
                                                      0.027    22.567    vit_system_i/vit_phase_e_axi_0/inst/u_core/u_npu/u_engine/u_gelu/u_serial_core/exp_scaled_reg[7]
  -------------------------------------------------------------------
                         required time                         22.567    
                         arrival time                         -22.402    
  -------------------------------------------------------------------
                         slack                                  0.165    

Slack (MET) :             0.178ns  (required time - arrival time)
  Source:                 vit_system_i/vit_phase_e_axi_0/inst/u_core/u_npu/u_engine/u_gelu/u_serial_core/exp_scaled_reg[24]/C
                            (rising edge-triggered cell FDRE clocked by clk_pl_0  {rise@0.000ns fall@10.000ns period=20.000ns})
  Destination:            vit_system_i/vit_phase_e_axi_0/inst/u_core/u_npu/u_engine/u_layernorm/token_inv_std_reg[22]/D
                            (rising edge-triggered cell FDRE clocked by clk_pl_0  {rise@0.000ns fall@10.000ns period=20.000ns})
  Path Group:             clk_pl_0
  Path Type:              Setup (Max at Slow Process Corner)
  Requirement:            20.000ns  (clk_pl_0 rise@20.000ns - clk_pl_0 rise@0.000ns)
  Data Path Delay:        19.457ns  (logic 5.895ns (30.297%)  route 13.562ns (69.703%))
  Logic Levels:           53  (CARRY8=18 LUT2=3 LUT3=6 LUT4=7 LUT5=9 LUT6=10)
  Clock Path Skew:        -0.230ns (DCD - SCD + CPR)
    Destination Clock Delay (DCD):    2.376ns = ( 22.376 - 20.000 ) 
    Source Clock Delay      (SCD):    2.832ns
    Clock Pessimism Removal (CPR):    0.226ns
  Clock Uncertainty:      0.161ns  ((TSJ^2 + DJ^2)^1/2) / 2 + PE
    Total System Jitter     (TSJ):    0.071ns
    Discrete Jitter          (DJ):    0.315ns
    Phase Error              (PE):    0.000ns
  Clock Net Delay (Source):      2.625ns (routing 1.382ns, distribution 1.243ns)
  Clock Net Delay (Destination): 2.209ns (routing 1.258ns, distribution 0.951ns)

    Location             Delay type                Incr(ns)  Path(ns)    Netlist Resource(s)
  -------------------------------------------------------------------    -------------------
                         (clock clk_pl_0 rise edge)
                                                      0.000     0.000 r  
    PS8_X0Y0             PS8                          0.000     0.000 r  vit_system_i/zynq_ultra_ps_e_0/inst/PS8_i/PLCLK[0]
                         net (fo=1, routed)           0.178     0.178    vit_system_i/zynq_ultra_ps_e_0/inst/pl_clk_unbuffered[0]
    BUFG_PS_X0Y90        BUFG_PS (Prop_BUFG_PS_I_O)
                                                      0.029     0.207 r  vit_system_i/zynq_ultra_ps_e_0/inst/buffer_pl_clk_0.PL_CLK_0_BUFG/O
    X1Y1 (CLOCK_ROOT)    net (fo=66188, routed)       2.625     2.832    vit_system_i/vit_phase_e_axi_0/inst/u_core/u_npu/u_engine/u_gelu/u_serial_core/clk
    SLICE_X49Y33         FDRE                                         r  vit_system_i/vit_phase_e_axi_0/inst/u_core/u_npu/u_engine/u_gelu/u_serial_core/exp_scaled_reg[24]/C
  -------------------------------------------------------------------    -------------------
    SLICE_X49Y33         FDRE (Prop_FFF_SLICEL_C_Q)
                                                      0.096     2.928 r  vit_system_i/vit_phase_e_axi_0/inst/u_core/u_npu/u_engine/u_gelu/u_serial_core/exp_scaled_reg[24]/Q
                         net (fo=75, routed)          0.151     3.079    vit_system_i/vit_phase_e_axi_0/inst/u_core/u_npu/u_engine/u_gelu/u_serial_core/u_exp_to_integer/value[24]
    SLICE_X49Y35         LUT3 (Prop_C5LUT_SLICEL_I1_O)
                                                      0.168     3.247 r  vit_system_i/vit_phase_e_axi_0/inst/u_core/u_npu/u_engine/u_gelu/u_serial_core/u_exp_to_integer/result[30]_INST_0_i_17/O
                         net (fo=3, routed)           0.264     3.511    vit_system_i/vit_phase_e_axi_0/inst/u_core/u_npu/u_engine/u_gelu/u_serial_core/u_exp_to_integer/result[30]_INST_0_i_17_n_0
    SLICE_X49Y35         LUT6 (Prop_A6LUT_SLICEL_I1_O)
                                                      0.149     3.660 r  vit_system_i/vit_phase_e_axi_0/inst/u_core/u_npu/u_engine/u_gelu/u_serial_core/u_exp_to_integer/result[30]_INST_0_i_7/O
                         net (fo=32, routed)          0.546     4.206    vit_system_i/vit_phase_e_axi_0/inst/u_core/u_npu/u_engine/u_gelu/u_serial_core/u_exp_to_integer/result[30]_INST_0_i_7_n_0
    SLICE_X48Y37         LUT4 (Prop_E5LUT_SLICEL_I3_O)
                                                      0.124     4.330 r  vit_system_i/vit_phase_e_axi_0/inst/u_core/u_npu/u_engine/u_gelu/u_serial_core/u_exp_to_integer/result[28]_INST_0_i_9/O
                         net (fo=3, routed)           0.245     4.575    vit_system_i/vit_phase_e_axi_0/inst/u_core/u_npu/u_engine/u_gelu/u_serial_core/u_exp_to_integer/result[28]_INST_0_i_9_n_0
    SLICE_X47Y39         LUT5 (Prop_E6LUT_SLICEL_I2_O)
                                                      0.039     4.614 r  vit_system_i/vit_phase_e_axi_0/inst/u_core/u_npu/u_engine/u_gelu/u_serial_core/u_exp_to_integer/result[26]_INST_0_i_6/O
                         net (fo=4, routed)           0.550     5.164    vit_system_i/vit_phase_e_axi_0/inst/u_core/u_npu/u_engine/u_gelu/u_serial_core/u_exp_to_integer/result[26]_INST_0_i_6_n_0
    SLICE_X49Y40         LUT2 (Prop_D6LUT_SLICEL_I0_O)
                                                      0.099     5.263 r  vit_system_i/vit_phase_e_axi_0/inst/u_core/u_npu/u_engine/u_gelu/u_serial_core/u_exp_to_integer/result[10]_INST_0_i_4/O
                         net (fo=1, routed)           0.462     5.725    vit_system_i/vit_phase_e_axi_0/inst/u_core/u_npu/u_engine/u_gelu/u_serial_core/u_exp_to_integer/result[10]_INST_0_i_4_n_0
    SLICE_X48Y39         LUT6 (Prop_D6LUT_SLICEL_I5_O)
                                                      0.174     5.899 r  vit_system_i/vit_phase_e_axi_0/inst/u_core/u_npu/u_engine/u_gelu/u_serial_core/u_exp_to_integer/result[10]_INST_0/O
                         net (fo=3, routed)           0.240     6.139    vit_system_i/vit_phase_e_axi_0/inst/u_core/u_npu/u_engine/u_gelu/u_serial_core/exp_scale_integer_comb[10]
    SLICE_X48Y42         LUT4 (Prop_A6LUT_SLICEL_I1_O)
                                                      0.039     6.178 r  vit_system_i/vit_phase_e_axi_0/inst/u_core/u_npu/u_engine/u_gelu/u_serial_core/u_exp_from_integer_i_22/O
                         net (fo=15, routed)          0.705     6.883    vit_system_i/vit_phase_e_axi_0/inst/u_core/u_npu/u_engine/u_gelu/u_serial_core/u_exp_from_integer/value[10]
    SLICE_X49Y50         LUT5 (Prop_D6LUT_SLICEL_I3_O)
                                                      0.116     6.999 r  vit_system_i/vit_phase_e_axi_0/inst/u_core/u_npu/u_engine/u_gelu/u_serial_core/u_exp_from_integer/result[30]_INST_0_i_33/O
                         net (fo=1, routed)           0.449     7.448    vit_system_i/vit_phase_e_axi_0/inst/u_core/u_npu/u_engine/u_gelu/u_serial_core/u_exp_from_integer/result[30]_INST_0_i_33_n_0
    SLICE_X48Y51         LUT5 (Prop_F6LUT_SLICEL_I0_O)
                                                      0.039     7.487 r  vit_system_i/vit_phase_e_axi_0/inst/u_core/u_npu/u_engine/u_gelu/u_serial_core/u_exp_from_integer/result[30]_INST_0_i_14/O
                         net (fo=1, routed)           0.236     7.723    vit_system_i/vit_phase_e_axi_0/inst/u_core/u_npu/u_engine/u_gelu/u_serial_core/u_exp_from_integer/result[30]_INST_0_i_14_n_0
    SLICE_X47Y50         LUT6 (Prop_H6LUT_SLICEL_I2_O)
                                                      0.179     7.902 r  vit_system_i/vit_phase_e_axi_0/inst/u_core/u_npu/u_engine/u_gelu/u_serial_core/u_exp_from_integer/result[30]_INST_0_i_2/O
                         net (fo=89, routed)          0.304     8.206    vit_system_i/vit_phase_e_axi_0/inst/u_core/u_npu/u_engine/u_gelu/u_serial_core/u_exp_from_integer/result[30]_INST_0_i_2_n_0
    SLICE_X46Y48         LUT3 (Prop_A6LUT_SLICEL_I2_O)
                                                      0.039     8.245 f  vit_system_i/vit_phase_e_axi_0/inst/u_core/u_npu/u_engine/u_gelu/u_serial_core/u_exp_from_integer/result[22]_INST_0_i_39/O
                         net (fo=33, routed)          0.312     8.557    vit_system_i/vit_phase_e_axi_0/inst/u_core/u_npu/u_engine/u_gelu/u_serial_core/u_exp_from_integer/result[22]_INST_0_i_39_n_0
    SLICE_X47Y49         LUT3 (Prop_C6LUT_SLICEL_I0_O)
                                                      0.148     8.705 r  vit_system_i/vit_phase_e_axi_0/inst/u_core/u_npu/u_engine/u_gelu/u_serial_core/u_exp_from_integer/result[30]_INST_0_i_117/O
                         net (fo=1, routed)           0.011     8.716    vit_system_i/vit_phase_e_axi_0/inst/u_core/u_npu/u_engine/u_gelu/u_serial_core/u_exp_from_integer/result[30]_INST_0_i_117_n_0
    SLICE_X47Y49         CARRY8 (Prop_CARRY8_SLICEL_S[2]_O[5])
                                                      0.245     8.961 f  vit_system_i/vit_phase_e_axi_0/inst/u_core/u_npu/u_engine/u_gelu/u_serial_core/u_exp_from_integer/result[30]_INST_0_i_93/O[5]
                         net (fo=3, routed)           0.525     9.486    vit_system_i/vit_phase_e_axi_0/inst/u_core/u_npu/u_engine/u_gelu/u_serial_core/u_exp_from_integer/result[30]_INST_0_i_93_n_10
    SLICE_X49Y50         LUT6 (Prop_H6LUT_SLICEL_I3_O)
                                                      0.149     9.635 f  vit_system_i/vit_phase_e_axi_0/inst/u_core/u_npu/u_engine/u_gelu/u_serial_core/u_exp_from_integer/result[30]_INST_0_i_78/O
                         net (fo=1, routed)           0.491    10.126    vit_system_i/vit_phase_e_axi_0/inst/u_core/u_npu/u_engine/u_gelu/u_serial_core/u_exp_from_integer/result[30]_INST_0_i_78_n_0
    SLICE_X48Y49         CARRY8 (Prop_CARRY8_SLICEL_DI[3]_CO[7])
                                                      0.131    10.257 f  vit_system_i/vit_phase_e_axi_0/inst/u_core/u_npu/u_engine/u_gelu/u_serial_core/u_exp_from_integer/result[30]_INST_0_i_45/CO[7]
                         net (fo=1, routed)           0.028    10.285    vit_system_i/vit_phase_e_axi_0/inst/u_core/u_npu/u_engine/u_gelu/u_serial_core/u_exp_from_integer/result[30]_INST_0_i_45_n_0
    SLICE_X48Y50         CARRY8 (Prop_CARRY8_SLICEL_CI_CO[7])
                                                      0.030    10.315 f  vit_system_i/vit_phase_e_axi_0/inst/u_core/u_npu/u_engine/u_gelu/u_serial_core/u_exp_from_integer/result[30]_INST_0_i_25/CO[7]
                         net (fo=3, routed)           0.611    10.926    vit_system_i/vit_phase_e_axi_0/inst/u_core/u_npu/u_engine/u_gelu/u_serial_core/u_exp_from_integer/result[30]_INST_0_i_25_n_0
    SLICE_X49Y47         LUT5 (Prop_E6LUT_SLICEL_I3_O)
                                                      0.039    10.965 r  vit_system_i/vit_phase_e_axi_0/inst/u_core/u_npu/u_engine/u_gelu/u_serial_core/u_exp_from_integer/result[22]_INST_0_i_3/O
                         net (fo=23, routed)          0.295    11.260    vit_system_i/vit_phase_e_axi_0/inst/u_core/u_npu/u_engine/u_gelu/u_serial_core/u_exp_from_integer/result[22]_INST_0_i_3_n_0
    SLICE_X51Y41         LUT5 (Prop_E6LUT_SLICEL_I2_O)
                                                      0.176    11.436 f  vit_system_i/vit_phase_e_axi_0/inst/u_core/u_npu/u_engine/u_gelu/u_serial_core/u_exp_from_integer/result[12]_INST_0_i_1/O
                         net (fo=2, routed)           0.167    11.603    vit_system_i/vit_phase_e_axi_0/inst/u_core/u_npu/u_engine/u_gelu/u_serial_core/u_exp_from_integer/result[12]_INST_0_i_1_n_0
    SLICE_X51Y39         LUT3 (Prop_C6LUT_SLICEL_I2_O)
                                                      0.148    11.751 f  vit_system_i/vit_phase_e_axi_0/inst/u_core/u_npu/u_engine/u_gelu/u_serial_core/u_exp_from_integer/result[11]_INST_0/O
                         net (fo=1, routed)           0.236    11.987    vit_system_i/vit_phase_e_axi_0/inst/u_core/u_npu/u_engine/u_gelu/u_serial_core/integer_as_fp32[11]
    SLICE_X51Y32         LUT5 (Prop_B6LUT_SLICEL_I1_O)
                                                      0.064    12.051 f  vit_system_i/vit_phase_e_axi_0/inst/u_core/u_npu/u_engine/u_gelu/u_serial_core/mul_operand_a[11]_INST_0_i_2/O
                         net (fo=1, routed)           0.244    12.295    vit_system_i/vit_phase_e_axi_0/inst/u_core/u_npu/u_engine/u_gelu/u_serial_core/mul_operand_a[11]_INST_0_i_2_n_0
    SLICE_X49Y28         LUT6 (Prop_B6LUT_SLICEL_I3_O)
                                                      0.040    12.335 f  vit_system_i/vit_phase_e_axi_0/inst/u_core/u_npu/u_engine/u_gelu/u_serial_core/mul_operand_a[11]_INST_0/O
                         net (fo=1, routed)           0.715    13.050    vit_system_i/vit_phase_e_axi_0/inst/u_core/u_npu/u_engine/gelu_mul_operand_a[11]
    SLICE_X46Y18         LUT6 (Prop_H6LUT_SLICEL_I4_O)
                                                      0.116    13.166 f  vit_system_i/vit_phase_e_axi_0/inst/u_core/u_npu/u_engine/u_engine_shared_multiplier_i_85/O
                         net (fo=1, routed)           0.157    13.323    vit_system_i/vit_phase_e_axi_0/inst/u_core/u_npu/u_engine/u_engine_shared_multiplier_i_85_n_0
    SLICE_X46Y18         LUT4 (Prop_A6LUT_SLICEL_I3_O)
                                                      0.064    13.387 f  vit_system_i/vit_phase_e_axi_0/inst/u_core/u_npu/u_engine/u_engine_shared_multiplier_i_21/O
                         net (fo=50, routed)          0.667    14.055    vit_system_i/vit_phase_e_axi_0/inst/u_core/u_npu/u_engine/u_engine_shared_multiplier/a[11]
    SLICE_X51Y22         LUT2 (Prop_C5LUT_SLICEL_I0_O)
                                                      0.135    14.190 r  vit_system_i/vit_phase_e_axi_0/inst/u_core/u_npu/u_engine/u_engine_shared_multiplier/result[15]_INST_0_i_253/O
                         net (fo=1, routed)           0.318    14.508    vit_system_i/vit_phase_e_axi_0/inst/u_core/u_npu/u_engine/u_engine_shared_multiplier/result[15]_INST_0_i_253_n_0
    SLICE_X53Y21         LUT6 (Prop_F6LUT_SLICEM_I3_O)
                                                      0.038    14.546 r  vit_system_i/vit_phase_e_axi_0/inst/u_core/u_npu/u_engine/u_engine_shared_multiplier/result[15]_INST_0_i_210/O
                         net (fo=1, routed)           0.024    14.570    vit_system_i/vit_phase_e_axi_0/inst/u_core/u_npu/u_engine/u_engine_shared_multiplier/result[15]_INST_0_i_210_n_0
    SLICE_X53Y21         CARRY8 (Prop_CARRY8_SLICEM_S[5]_CO[7])
                                                      0.202    14.772 r  vit_system_i/vit_phase_e_axi_0/inst/u_core/u_npu/u_engine/u_engine_shared_multiplier/result[15]_INST_0_i_117/CO[7]
                         net (fo=1, routed)           0.028    14.800    vit_system_i/vit_phase_e_axi_0/inst/u_core/u_npu/u_engine/u_engine_shared_multiplier/result[15]_INST_0_i_117_n_0
    SLICE_X53Y22         CARRY8 (Prop_CARRY8_SLICEM_CI_O[0])
                                                      0.072    14.872 r  vit_system_i/vit_phase_e_axi_0/inst/u_core/u_npu/u_engine/u_engine_shared_multiplier/result[21]_INST_0_i_97/O[0]
                         net (fo=2, routed)           0.400    15.272    vit_system_i/vit_phase_e_axi_0/inst/u_core/u_npu/u_engine/u_engine_shared_multiplier/result[21]_INST_0_i_97_n_15
    SLICE_X50Y20         LUT3 (Prop_C5LUT_SLICEL_I0_O)
                                                      0.135    15.407 r  vit_system_i/vit_phase_e_axi_0/inst/u_core/u_npu/u_engine/u_engine_shared_multiplier/result[15]_INST_0_i_91/O
                         net (fo=2, routed)           0.144    15.551    vit_system_i/vit_phase_e_axi_0/inst/u_core/u_npu/u_engine/u_engine_shared_multiplier/result[15]_INST_0_i_91_n_0
    SLICE_X50Y20         LUT4 (Prop_D6LUT_SLICEL_I3_O)
                                                      0.116    15.667 r  vit_system_i/vit_phase_e_axi_0/inst/u_core/u_npu/u_engine/u_engine_shared_multiplier/result[15]_INST_0_i_99/O
                         net (fo=1, routed)           0.010    15.677    vit_system_i/vit_phase_e_axi_0/inst/u_core/u_npu/u_engine/u_engine_shared_multiplier/result[15]_INST_0_i_99_n_0
    SLICE_X50Y20         CARRY8 (Prop_CARRY8_SLICEL_S[3]_O[4])
                                                      0.182    15.859 r  vit_system_i/vit_phase_e_axi_0/inst/u_core/u_npu/u_engine/u_engine_shared_multiplier/result[15]_INST_0_i_36/O[4]
                         net (fo=3, routed)           0.757    16.615    vit_system_i/vit_phase_e_axi_0/inst/u_core/u_npu/u_engine/u_engine_shared_multiplier/result[15]_INST_0_i_36_n_11
    SLICE_X46Y19         LUT3 (Prop_A6LUT_SLICEL_I2_O)
                                                      0.100    16.715 r  vit_system_i/vit_phase_e_axi_0/inst/u_core/u_npu/u_engine/u_engine_shared_multiplier/result[7]_INST_0_i_58/O
                         net (fo=2, routed)           0.195    16.910    vit_system_i/vit_phase_e_axi_0/inst/u_core/u_npu/u_engine/u_engine_shared_multiplier/result[7]_INST_0_i_58_n_0
    SLICE_X46Y20         LUT5 (Prop_A6LUT_SLICEL_I1_O)
                                                      0.149    17.059 r  vit_system_i/vit_phase_e_axi_0/inst/u_core/u_npu/u_engine/u_engine_shared_multiplier/result[7]_INST_0_i_19/O
                         net (fo=2, routed)           0.175    17.234    vit_system_i/vit_phase_e_axi_0/inst/u_core/u_npu/u_engine/u_engine_shared_multiplier/result[7]_INST_0_i_19_n_0
    SLICE_X45Y20         LUT6 (Prop_G6LUT_SLICEM_I0_O)
                                                      0.100    17.334 r  vit_system_i/vit_phase_e_axi_0/inst/u_core/u_npu/u_engine/u_engine_shared_multiplier/result[7]_INST_0_i_27/O
                         net (fo=1, routed)           0.017    17.351    vit_system_i/vit_phase_e_axi_0/inst/u_core/u_npu/u_engine/u_engine_shared_multiplier/result[7]_INST_0_i_27_n_0
    SLICE_X45Y20         CARRY8 (Prop_CARRY8_SLICEM_S[6]_CO[7])
                                                      0.150    17.501 r  vit_system_i/vit_phase_e_axi_0/inst/u_core/u_npu/u_engine/u_engine_shared_multiplier/result[7]_INST_0_i_11/CO[7]
                         net (fo=1, routed)           0.028    17.529    vit_system_i/vit_phase_e_axi_0/inst/u_core/u_npu/u_engine/u_engine_shared_multiplier/result[7]_INST_0_i_11_n_0
    SLICE_X45Y21         CARRY8 (Prop_CARRY8_SLICEM_CI_CO[7])
                                                      0.023    17.552 r  vit_system_i/vit_phase_e_axi_0/inst/u_core/u_npu/u_engine/u_engine_shared_multiplier/result[15]_INST_0_i_10/CO[7]
                         net (fo=1, routed)           0.028    17.580    vit_system_i/vit_phase_e_axi_0/inst/u_core/u_npu/u_engine/u_engine_shared_multiplier/result[15]_INST_0_i_10_n_0
    SLICE_X45Y22         CARRY8 (Prop_CARRY8_SLICEM_CI_CO[7])
                                                      0.023    17.603 r  vit_system_i/vit_phase_e_axi_0/inst/u_core/u_npu/u_engine/u_engine_shared_multiplier/result[21]_INST_0_i_11/CO[7]
                         net (fo=1, routed)           0.028    17.631    vit_system_i/vit_phase_e_axi_0/inst/u_core/u_npu/u_engine/u_engine_shared_multiplier/result[21]_INST_0_i_11_n_0
    SLICE_X45Y23         CARRY8 (Prop_CARRY8_SLICEM_CI_O[4])
                                                      0.109    17.740 r  vit_system_i/vit_phase_e_axi_0/inst/u_core/u_npu/u_engine/u_engine_shared_multiplier/result[30]_INST_0_i_70/O[4]
                         net (fo=58, routed)          0.322    18.063    vit_system_i/vit_phase_e_axi_0/inst/u_core/u_npu/u_engine/u_engine_shared_multiplier/p_0_in
    SLICE_X44Y21         LUT4 (Prop_D5LUT_SLICEL_I1_O)
                                                      0.080    18.143 r  vit_system_i/vit_phase_e_axi_0/inst/u_core/u_npu/u_engine/u_engine_shared_multiplier/result[7]_INST_0_i_39/O
                         net (fo=1, routed)           0.181    18.324    vit_system_i/vit_phase_e_axi_0/inst/u_core/u_npu/u_engine/u_engine_shared_multiplier/result[7]_INST_0_i_39_n_0
    SLICE_X44Y21         LUT5 (Prop_A6LUT_SLICEL_I4_O)
                                                      0.064    18.388 r  vit_system_i/vit_phase_e_axi_0/inst/u_core/u_npu/u_engine/u_engine_shared_multiplier/result[7]_INST_0_i_15/O
                         net (fo=1, routed)           0.162    18.550    vit_system_i/vit_phase_e_axi_0/inst/u_core/u_npu/u_engine/u_engine_shared_multiplier/result[7]_INST_0_i_15_n_0
    SLICE_X44Y24         LUT6 (Prop_A6LUT_SLICEL_I4_O)
                                                      0.115    18.665 r  vit_system_i/vit_phase_e_axi_0/inst/u_core/u_npu/u_engine/u_engine_shared_multiplier/result[7]_INST_0_i_10/O
                         net (fo=1, routed)           0.011    18.676    vit_system_i/vit_phase_e_axi_0/inst/u_core/u_npu/u_engine/u_engine_shared_multiplier/result[7]_INST_0_i_10_n_0
    SLICE_X44Y24         CARRY8 (Prop_CARRY8_SLICEL_S[0]_CO[7])
                                                      0.238    18.914 r  vit_system_i/vit_phase_e_axi_0/inst/u_core/u_npu/u_engine/u_engine_shared_multiplier/result[7]_INST_0_i_1/CO[7]
                         net (fo=1, routed)           0.028    18.942    vit_system_i/vit_phase_e_axi_0/inst/u_core/u_npu/u_engine/u_engine_shared_multiplier/result[7]_INST_0_i_1_n_0
    SLICE_X44Y25         CARRY8 (Prop_CARRY8_SLICEL_CI_CO[7])
                                                      0.023    18.965 r  vit_system_i/vit_phase_e_axi_0/inst/u_core/u_npu/u_engine/u_engine_shared_multiplier/result[15]_INST_0_i_1/CO[7]
                         net (fo=1, routed)           0.028    18.993    vit_system_i/vit_phase_e_axi_0/inst/u_core/u_npu/u_engine/u_engine_shared_multiplier/result[15]_INST_0_i_1_n_0
    SLICE_X44Y26         CARRY8 (Prop_CARRY8_SLICEL_CI_CO[7])
                                                      0.023    19.016 r  vit_system_i/vit_phase_e_axi_0/inst/u_core/u_npu/u_engine/u_engine_shared_multiplier/result[21]_INST_0_i_1/CO[7]
                         net (fo=1, routed)           0.028    19.044    vit_system_i/vit_phase_e_axi_0/inst/u_core/u_npu/u_engine/u_engine_shared_multiplier/result[21]_INST_0_i_1_n_0
    SLICE_X44Y27         CARRY8 (Prop_CARRY8_SLICEL_CI_CO[0])
                                                      0.068    19.112 r  vit_system_i/vit_phase_e_axi_0/inst/u_core/u_npu/u_engine/u_engine_shared_multiplier/result[21]_INST_0_i_2/CO[0]
                         net (fo=25, routed)          0.555    19.666    vit_system_i/vit_phase_e_axi_0/inst/u_core/u_npu/u_engine/u_engine_shared_multiplier/result[21]_INST_0_i_2_n_7
    SLICE_X43Y33         LUT4 (Prop_A6LUT_SLICEM_I3_O)
                                                      0.064    19.730 r  vit_system_i/vit_phase_e_axi_0/inst/u_core/u_npu/u_engine/u_engine_shared_multiplier/result[30]_INST_0_i_36/O
                         net (fo=1, routed)           0.014    19.744    vit_system_i/vit_phase_e_axi_0/inst/u_core/u_npu/u_engine/u_engine_shared_multiplier/result[30]_INST_0_i_36_n_0
    SLICE_X43Y33         CARRY8 (Prop_CARRY8_SLICEM_S[0]_CO[7])
                                                      0.241    19.985 r  vit_system_i/vit_phase_e_axi_0/inst/u_core/u_npu/u_engine/u_engine_shared_multiplier/result[30]_INST_0_i_3/CO[7]
                         net (fo=1, routed)           0.028    20.013    vit_system_i/vit_phase_e_axi_0/inst/u_core/u_npu/u_engine/u_engine_shared_multiplier/result[30]_INST_0_i_3_n_0
    SLICE_X43Y34         CARRY8 (Prop_CARRY8_SLICEM_CI_O[5])
                                                      0.145    20.158 f  vit_system_i/vit_phase_e_axi_0/inst/u_core/u_npu/u_engine/u_engine_shared_multiplier/result[30]_INST_0_i_72/O[5]
                         net (fo=3, routed)           0.308    20.467    vit_system_i/vit_phase_e_axi_0/inst/u_core/u_npu/u_engine/u_engine_shared_multiplier/exp_result[13]
    SLICE_X42Y36         LUT2 (Prop_F6LUT_SLICEL_I1_O)
                                                      0.098    20.565 r  vit_system_i/vit_phase_e_axi_0/inst/u_core/u_npu/u_engine/u_engine_shared_multiplier/result[30]_INST_0_i_55/O
                         net (fo=1, routed)           0.012    20.577    vit_system_i/vit_phase_e_axi_0/inst/u_core/u_npu/u_engine/u_engine_shared_multiplier/result[30]_INST_0_i_55_n_0
    SLICE_X42Y36         CARRY8 (Prop_CARRY8_SLICEL_S[5]_CO[7])
                                                      0.197    20.774 f  vit_system_i/vit_phase_e_axi_0/inst/u_core/u_npu/u_engine/u_engine_shared_multiplier/result[30]_INST_0_i_20/CO[7]
                         net (fo=1, routed)           0.028    20.802    vit_system_i/vit_phase_e_axi_0/inst/u_core/u_npu/u_engine/u_engine_shared_multiplier/result[30]_INST_0_i_20_n_0
    SLICE_X42Y37         CARRY8 (Prop_CARRY8_SLICEL_CI_CO[6])
                                                      0.116    20.918 f  vit_system_i/vit_phase_e_axi_0/inst/u_core/u_npu/u_engine/u_engine_shared_multiplier/result[30]_INST_0_i_2/CO[6]
                         net (fo=31, routed)          0.403    21.321    vit_system_i/vit_phase_e_axi_0/inst/u_core/u_npu/u_engine/u_engine_shared_multiplier/result[30]_INST_0_i_2_n_1
    SLICE_X44Y37         LUT5 (Prop_E6LUT_SLICEL_I3_O)
                                                      0.116    21.437 f  vit_system_i/vit_phase_e_axi_0/inst/u_core/u_npu/u_engine/u_engine_shared_multiplier/result[22]_INST_0_i_1/O
                         net (fo=1, routed)           0.157    21.594    vit_system_i/vit_phase_e_axi_0/inst/u_core/u_npu/u_engine/u_engine_shared_multiplier/result[22]_INST_0_i_1_n_0
    SLICE_X44Y36         LUT4 (Prop_F6LUT_SLICEL_I1_O)
                                                      0.098    21.692 r  vit_system_i/vit_phase_e_axi_0/inst/u_core/u_npu/u_engine/u_engine_shared_multiplier/result[22]_INST_0/O
                         net (fo=44, routed)          0.473    22.165    vit_system_i/vit_phase_e_axi_0/inst/u_core/u_npu/u_engine/u_layernorm/external_mul_result[22]
    SLICE_X39Y38         LUT6 (Prop_H6LUT_SLICEL_I0_O)
                                                      0.064    22.229 r  vit_system_i/vit_phase_e_axi_0/inst/u_core/u_npu/u_engine/u_layernorm/token_inv_std[22]_i_1/O
                         net (fo=1, routed)           0.060    22.289    vit_system_i/vit_phase_e_axi_0/inst/u_core/u_npu/u_engine/u_layernorm/token_inv_std[22]_i_1_n_0
    SLICE_X39Y38         FDRE                                         r  vit_system_i/vit_phase_e_axi_0/inst/u_core/u_npu/u_engine/u_layernorm/token_inv_std_reg[22]/D
  -------------------------------------------------------------------    -------------------

                         (clock clk_pl_0 rise edge)
                                                     20.000    20.000 r  
    PS8_X0Y0             PS8                          0.000    20.000 r  vit_system_i/zynq_ultra_ps_e_0/inst/PS8_i/PLCLK[0]
                         net (fo=1, routed)           0.140    20.140    vit_system_i/zynq_ultra_ps_e_0/inst/pl_clk_unbuffered[0]
    BUFG_PS_X0Y90        BUFG_PS (Prop_BUFG_PS_I_O)
                                                      0.027    20.167 r  vit_system_i/zynq_ultra_ps_e_0/inst/buffer_pl_clk_0.PL_CLK_0_BUFG/O
    X1Y1 (CLOCK_ROOT)    net (fo=66188, routed)       2.209    22.376    vit_system_i/vit_phase_e_axi_0/inst/u_core/u_npu/u_engine/u_layernorm/clk
    SLICE_X39Y38         FDRE                                         r  vit_system_i/vit_phase_e_axi_0/inst/u_core/u_npu/u_engine/u_layernorm/token_inv_std_reg[22]/C
                         clock pessimism              0.226    22.602    
                         clock uncertainty           -0.161    22.440    
    SLICE_X39Y38         FDRE (Setup_HFF_SLICEL_C_D)
                                                      0.027    22.467    vit_system_i/vit_phase_e_axi_0/inst/u_core/u_npu/u_engine/u_layernorm/token_inv_std_reg[22]
  -------------------------------------------------------------------
                         required time                         22.467    
                         arrival time                         -22.289    
  -------------------------------------------------------------------
                         slack                                  0.178    

Slack (MET) :             0.204ns  (required time - arrival time)
  Source:                 vit_system_i/vit_phase_e_axi_0/inst/u_core/u_npu/u_engine/u_gelu/u_serial_core/exp_scaled_reg[24]/C
                            (rising edge-triggered cell FDRE clocked by clk_pl_0  {rise@0.000ns fall@10.000ns period=20.000ns})
  Destination:            vit_system_i/vit_phase_e_axi_0/inst/u_core/u_npu/u_engine/u_softmax/exp_scaled_reg[18]/D
                            (rising edge-triggered cell FDRE clocked by clk_pl_0  {rise@0.000ns fall@10.000ns period=20.000ns})
  Path Group:             clk_pl_0
  Path Type:              Setup (Max at Slow Process Corner)
  Requirement:            20.000ns  (clk_pl_0 rise@20.000ns - clk_pl_0 rise@0.000ns)
  Data Path Delay:        19.420ns  (logic 5.701ns (29.356%)  route 13.719ns (70.644%))
  Logic Levels:           51  (CARRY8=18 LUT2=3 LUT3=6 LUT4=6 LUT5=8 LUT6=10)
  Clock Path Skew:        -0.241ns (DCD - SCD + CPR)
    Destination Clock Delay (DCD):    2.365ns = ( 22.365 - 20.000 ) 
    Source Clock Delay      (SCD):    2.832ns
    Clock Pessimism Removal (CPR):    0.226ns
  Clock Uncertainty:      0.161ns  ((TSJ^2 + DJ^2)^1/2) / 2 + PE
    Total System Jitter     (TSJ):    0.071ns
    Discrete Jitter          (DJ):    0.315ns
    Phase Error              (PE):    0.000ns
  Clock Net Delay (Source):      2.625ns (routing 1.382ns, distribution 1.243ns)
  Clock Net Delay (Destination): 2.198ns (routing 1.258ns, distribution 0.940ns)

    Location             Delay type                Incr(ns)  Path(ns)    Netlist Resource(s)
  -------------------------------------------------------------------    -------------------
                         (clock clk_pl_0 rise edge)
                                                      0.000     0.000 r  
    PS8_X0Y0             PS8                          0.000     0.000 r  vit_system_i/zynq_ultra_ps_e_0/inst/PS8_i/PLCLK[0]
                         net (fo=1, routed)           0.178     0.178    vit_system_i/zynq_ultra_ps_e_0/inst/pl_clk_unbuffered[0]
    BUFG_PS_X0Y90        BUFG_PS (Prop_BUFG_PS_I_O)
                                                      0.029     0.207 r  vit_system_i/zynq_ultra_ps_e_0/inst/buffer_pl_clk_0.PL_CLK_0_BUFG/O
    X1Y1 (CLOCK_ROOT)    net (fo=66188, routed)       2.625     2.832    vit_system_i/vit_phase_e_axi_0/inst/u_core/u_npu/u_engine/u_gelu/u_serial_core/clk
    SLICE_X49Y33         FDRE                                         r  vit_system_i/vit_phase_e_axi_0/inst/u_core/u_npu/u_engine/u_gelu/u_serial_core/exp_scaled_reg[24]/C
  -------------------------------------------------------------------    -------------------
    SLICE_X49Y33         FDRE (Prop_FFF_SLICEL_C_Q)
                                                      0.096     2.928 r  vit_system_i/vit_phase_e_axi_0/inst/u_core/u_npu/u_engine/u_gelu/u_serial_core/exp_scaled_reg[24]/Q
                         net (fo=75, routed)          0.151     3.079    vit_system_i/vit_phase_e_axi_0/inst/u_core/u_npu/u_engine/u_gelu/u_serial_core/u_exp_to_integer/value[24]
    SLICE_X49Y35         LUT3 (Prop_C5LUT_SLICEL_I1_O)
                                                      0.168     3.247 r  vit_system_i/vit_phase_e_axi_0/inst/u_core/u_npu/u_engine/u_gelu/u_serial_core/u_exp_to_integer/result[30]_INST_0_i_17/O
                         net (fo=3, routed)           0.264     3.511    vit_system_i/vit_phase_e_axi_0/inst/u_core/u_npu/u_engine/u_gelu/u_serial_core/u_exp_to_integer/result[30]_INST_0_i_17_n_0
    SLICE_X49Y35         LUT6 (Prop_A6LUT_SLICEL_I1_O)
                                                      0.149     3.660 r  vit_system_i/vit_phase_e_axi_0/inst/u_core/u_npu/u_engine/u_gelu/u_serial_core/u_exp_to_integer/result[30]_INST_0_i_7/O
                         net (fo=32, routed)          0.546     4.206    vit_system_i/vit_phase_e_axi_0/inst/u_core/u_npu/u_engine/u_gelu/u_serial_core/u_exp_to_integer/result[30]_INST_0_i_7_n_0
    SLICE_X48Y37         LUT4 (Prop_E5LUT_SLICEL_I3_O)
                                                      0.124     4.330 r  vit_system_i/vit_phase_e_axi_0/inst/u_core/u_npu/u_engine/u_gelu/u_serial_core/u_exp_to_integer/result[28]_INST_0_i_9/O
                         net (fo=3, routed)           0.245     4.575    vit_system_i/vit_phase_e_axi_0/inst/u_core/u_npu/u_engine/u_gelu/u_serial_core/u_exp_to_integer/result[28]_INST_0_i_9_n_0
    SLICE_X47Y39         LUT5 (Prop_E6LUT_SLICEL_I2_O)
                                                      0.039     4.614 r  vit_system_i/vit_phase_e_axi_0/inst/u_core/u_npu/u_engine/u_gelu/u_serial_core/u_exp_to_integer/result[26]_INST_0_i_6/O
                         net (fo=4, routed)           0.550     5.164    vit_system_i/vit_phase_e_axi_0/inst/u_core/u_npu/u_engine/u_gelu/u_serial_core/u_exp_to_integer/result[26]_INST_0_i_6_n_0
    SLICE_X49Y40         LUT2 (Prop_D6LUT_SLICEL_I0_O)
                                                      0.099     5.263 r  vit_system_i/vit_phase_e_axi_0/inst/u_core/u_npu/u_engine/u_gelu/u_serial_core/u_exp_to_integer/result[10]_INST_0_i_4/O
                         net (fo=1, routed)           0.462     5.725    vit_system_i/vit_phase_e_axi_0/inst/u_core/u_npu/u_engine/u_gelu/u_serial_core/u_exp_to_integer/result[10]_INST_0_i_4_n_0
    SLICE_X48Y39         LUT6 (Prop_D6LUT_SLICEL_I5_O)
                                                      0.174     5.899 r  vit_system_i/vit_phase_e_axi_0/inst/u_core/u_npu/u_engine/u_gelu/u_serial_core/u_exp_to_integer/result[10]_INST_0/O
                         net (fo=3, routed)           0.240     6.139    vit_system_i/vit_phase_e_axi_0/inst/u_core/u_npu/u_engine/u_gelu/u_serial_core/exp_scale_integer_comb[10]
    SLICE_X48Y42         LUT4 (Prop_A6LUT_SLICEL_I1_O)
                                                      0.039     6.178 r  vit_system_i/vit_phase_e_axi_0/inst/u_core/u_npu/u_engine/u_gelu/u_serial_core/u_exp_from_integer_i_22/O
                         net (fo=15, routed)          0.705     6.883    vit_system_i/vit_phase_e_axi_0/inst/u_core/u_npu/u_engine/u_gelu/u_serial_core/u_exp_from_integer/value[10]
    SLICE_X49Y50         LUT5 (Prop_D6LUT_SLICEL_I3_O)
                                                      0.116     6.999 r  vit_system_i/vit_phase_e_axi_0/inst/u_core/u_npu/u_engine/u_gelu/u_serial_core/u_exp_from_integer/result[30]_INST_0_i_33/O
                         net (fo=1, routed)           0.449     7.448    vit_system_i/vit_phase_e_axi_0/inst/u_core/u_npu/u_engine/u_gelu/u_serial_core/u_exp_from_integer/result[30]_INST_0_i_33_n_0
    SLICE_X48Y51         LUT5 (Prop_F6LUT_SLICEL_I0_O)
                                                      0.039     7.487 r  vit_system_i/vit_phase_e_axi_0/inst/u_core/u_npu/u_engine/u_gelu/u_serial_core/u_exp_from_integer/result[30]_INST_0_i_14/O
                         net (fo=1, routed)           0.236     7.723    vit_system_i/vit_phase_e_axi_0/inst/u_core/u_npu/u_engine/u_gelu/u_serial_core/u_exp_from_integer/result[30]_INST_0_i_14_n_0
    SLICE_X47Y50         LUT6 (Prop_H6LUT_SLICEL_I2_O)
                                                      0.179     7.902 r  vit_system_i/vit_phase_e_axi_0/inst/u_core/u_npu/u_engine/u_gelu/u_serial_core/u_exp_from_integer/result[30]_INST_0_i_2/O
                         net (fo=89, routed)          0.304     8.206    vit_system_i/vit_phase_e_axi_0/inst/u_core/u_npu/u_engine/u_gelu/u_serial_core/u_exp_from_integer/result[30]_INST_0_i_2_n_0
    SLICE_X46Y48         LUT3 (Prop_A6LUT_SLICEL_I2_O)
                                                      0.039     8.245 f  vit_system_i/vit_phase_e_axi_0/inst/u_core/u_npu/u_engine/u_gelu/u_serial_core/u_exp_from_integer/result[22]_INST_0_i_39/O
                         net (fo=33, routed)          0.312     8.557    vit_system_i/vit_phase_e_axi_0/inst/u_core/u_npu/u_engine/u_gelu/u_serial_core/u_exp_from_integer/result[22]_INST_0_i_39_n_0
    SLICE_X47Y49         LUT3 (Prop_C6LUT_SLICEL_I0_O)
                                                      0.148     8.705 r  vit_system_i/vit_phase_e_axi_0/inst/u_core/u_npu/u_engine/u_gelu/u_serial_core/u_exp_from_integer/result[30]_INST_0_i_117/O
                         net (fo=1, routed)           0.011     8.716    vit_system_i/vit_phase_e_axi_0/inst/u_core/u_npu/u_engine/u_gelu/u_serial_core/u_exp_from_integer/result[30]_INST_0_i_117_n_0
    SLICE_X47Y49         CARRY8 (Prop_CARRY8_SLICEL_S[2]_O[5])
                                                      0.245     8.961 f  vit_system_i/vit_phase_e_axi_0/inst/u_core/u_npu/u_engine/u_gelu/u_serial_core/u_exp_from_integer/result[30]_INST_0_i_93/O[5]
                         net (fo=3, routed)           0.525     9.486    vit_system_i/vit_phase_e_axi_0/inst/u_core/u_npu/u_engine/u_gelu/u_serial_core/u_exp_from_integer/result[30]_INST_0_i_93_n_10
    SLICE_X49Y50         LUT6 (Prop_H6LUT_SLICEL_I3_O)
                                                      0.149     9.635 f  vit_system_i/vit_phase_e_axi_0/inst/u_core/u_npu/u_engine/u_gelu/u_serial_core/u_exp_from_integer/result[30]_INST_0_i_78/O
                         net (fo=1, routed)           0.491    10.126    vit_system_i/vit_phase_e_axi_0/inst/u_core/u_npu/u_engine/u_gelu/u_serial_core/u_exp_from_integer/result[30]_INST_0_i_78_n_0
    SLICE_X48Y49         CARRY8 (Prop_CARRY8_SLICEL_DI[3]_CO[7])
                                                      0.131    10.257 f  vit_system_i/vit_phase_e_axi_0/inst/u_core/u_npu/u_engine/u_gelu/u_serial_core/u_exp_from_integer/result[30]_INST_0_i_45/CO[7]
                         net (fo=1, routed)           0.028    10.285    vit_system_i/vit_phase_e_axi_0/inst/u_core/u_npu/u_engine/u_gelu/u_serial_core/u_exp_from_integer/result[30]_INST_0_i_45_n_0
    SLICE_X48Y50         CARRY8 (Prop_CARRY8_SLICEL_CI_CO[7])
                                                      0.030    10.315 f  vit_system_i/vit_phase_e_axi_0/inst/u_core/u_npu/u_engine/u_gelu/u_serial_core/u_exp_from_integer/result[30]_INST_0_i_25/CO[7]
                         net (fo=3, routed)           0.611    10.926    vit_system_i/vit_phase_e_axi_0/inst/u_core/u_npu/u_engine/u_gelu/u_serial_core/u_exp_from_integer/result[30]_INST_0_i_25_n_0
    SLICE_X49Y47         LUT5 (Prop_E6LUT_SLICEL_I3_O)
                                                      0.039    10.965 r  vit_system_i/vit_phase_e_axi_0/inst/u_core/u_npu/u_engine/u_gelu/u_serial_core/u_exp_from_integer/result[22]_INST_0_i_3/O
                         net (fo=23, routed)          0.295    11.260    vit_system_i/vit_phase_e_axi_0/inst/u_core/u_npu/u_engine/u_gelu/u_serial_core/u_exp_from_integer/result[22]_INST_0_i_3_n_0
    SLICE_X51Y41         LUT5 (Prop_E6LUT_SLICEL_I2_O)
                                                      0.176    11.436 f  vit_system_i/vit_phase_e_axi_0/inst/u_core/u_npu/u_engine/u_gelu/u_serial_core/u_exp_from_integer/result[12]_INST_0_i_1/O
                         net (fo=2, routed)           0.167    11.603    vit_system_i/vit_phase_e_axi_0/inst/u_core/u_npu/u_engine/u_gelu/u_serial_core/u_exp_from_integer/result[12]_INST_0_i_1_n_0
    SLICE_X51Y39         LUT3 (Prop_C6LUT_SLICEL_I2_O)
                                                      0.148    11.751 f  vit_system_i/vit_phase_e_axi_0/inst/u_core/u_npu/u_engine/u_gelu/u_serial_core/u_exp_from_integer/result[11]_INST_0/O
                         net (fo=1, routed)           0.236    11.987    vit_system_i/vit_phase_e_axi_0/inst/u_core/u_npu/u_engine/u_gelu/u_serial_core/integer_as_fp32[11]
    SLICE_X51Y32         LUT5 (Prop_B6LUT_SLICEL_I1_O)
                                                      0.064    12.051 f  vit_system_i/vit_phase_e_axi_0/inst/u_core/u_npu/u_engine/u_gelu/u_serial_core/mul_operand_a[11]_INST_0_i_2/O
                         net (fo=1, routed)           0.244    12.295    vit_system_i/vit_phase_e_axi_0/inst/u_core/u_npu/u_engine/u_gelu/u_serial_core/mul_operand_a[11]_INST_0_i_2_n_0
    SLICE_X49Y28         LUT6 (Prop_B6LUT_SLICEL_I3_O)
                                                      0.040    12.335 f  vit_system_i/vit_phase_e_axi_0/inst/u_core/u_npu/u_engine/u_gelu/u_serial_core/mul_operand_a[11]_INST_0/O
                         net (fo=1, routed)           0.715    13.050    vit_system_i/vit_phase_e_axi_0/inst/u_core/u_npu/u_engine/gelu_mul_operand_a[11]
    SLICE_X46Y18         LUT6 (Prop_H6LUT_SLICEL_I4_O)
                                                      0.116    13.166 f  vit_system_i/vit_phase_e_axi_0/inst/u_core/u_npu/u_engine/u_engine_shared_multiplier_i_85/O
                         net (fo=1, routed)           0.157    13.323    vit_system_i/vit_phase_e_axi_0/inst/u_core/u_npu/u_engine/u_engine_shared_multiplier_i_85_n_0
    SLICE_X46Y18         LUT4 (Prop_A6LUT_SLICEL_I3_O)
                                                      0.064    13.387 f  vit_system_i/vit_phase_e_axi_0/inst/u_core/u_npu/u_engine/u_engine_shared_multiplier_i_21/O
                         net (fo=50, routed)          0.667    14.055    vit_system_i/vit_phase_e_axi_0/inst/u_core/u_npu/u_engine/u_engine_shared_multiplier/a[11]
    SLICE_X51Y22         LUT2 (Prop_C5LUT_SLICEL_I0_O)
                                                      0.135    14.190 r  vit_system_i/vit_phase_e_axi_0/inst/u_core/u_npu/u_engine/u_engine_shared_multiplier/result[15]_INST_0_i_253/O
                         net (fo=1, routed)           0.318    14.508    vit_system_i/vit_phase_e_axi_0/inst/u_core/u_npu/u_engine/u_engine_shared_multiplier/result[15]_INST_0_i_253_n_0
    SLICE_X53Y21         LUT6 (Prop_F6LUT_SLICEM_I3_O)
                                                      0.038    14.546 r  vit_system_i/vit_phase_e_axi_0/inst/u_core/u_npu/u_engine/u_engine_shared_multiplier/result[15]_INST_0_i_210/O
                         net (fo=1, routed)           0.024    14.570    vit_system_i/vit_phase_e_axi_0/inst/u_core/u_npu/u_engine/u_engine_shared_multiplier/result[15]_INST_0_i_210_n_0
    SLICE_X53Y21         CARRY8 (Prop_CARRY8_SLICEM_S[5]_CO[7])
                                                      0.202    14.772 r  vit_system_i/vit_phase_e_axi_0/inst/u_core/u_npu/u_engine/u_engine_shared_multiplier/result[15]_INST_0_i_117/CO[7]
                         net (fo=1, routed)           0.028    14.800    vit_system_i/vit_phase_e_axi_0/inst/u_core/u_npu/u_engine/u_engine_shared_multiplier/result[15]_INST_0_i_117_n_0
    SLICE_X53Y22         CARRY8 (Prop_CARRY8_SLICEM_CI_O[0])
                                                      0.072    14.872 r  vit_system_i/vit_phase_e_axi_0/inst/u_core/u_npu/u_engine/u_engine_shared_multiplier/result[21]_INST_0_i_97/O[0]
                         net (fo=2, routed)           0.400    15.272    vit_system_i/vit_phase_e_axi_0/inst/u_core/u_npu/u_engine/u_engine_shared_multiplier/result[21]_INST_0_i_97_n_15
    SLICE_X50Y20         LUT3 (Prop_C5LUT_SLICEL_I0_O)
                                                      0.135    15.407 r  vit_system_i/vit_phase_e_axi_0/inst/u_core/u_npu/u_engine/u_engine_shared_multiplier/result[15]_INST_0_i_91/O
                         net (fo=2, routed)           0.144    15.551    vit_system_i/vit_phase_e_axi_0/inst/u_core/u_npu/u_engine/u_engine_shared_multiplier/result[15]_INST_0_i_91_n_0
    SLICE_X50Y20         LUT4 (Prop_D6LUT_SLICEL_I3_O)
                                                      0.116    15.667 r  vit_system_i/vit_phase_e_axi_0/inst/u_core/u_npu/u_engine/u_engine_shared_multiplier/result[15]_INST_0_i_99/O
                         net (fo=1, routed)           0.010    15.677    vit_system_i/vit_phase_e_axi_0/inst/u_core/u_npu/u_engine/u_engine_shared_multiplier/result[15]_INST_0_i_99_n_0
    SLICE_X50Y20         CARRY8 (Prop_CARRY8_SLICEL_S[3]_O[4])
                                                      0.182    15.859 r  vit_system_i/vit_phase_e_axi_0/inst/u_core/u_npu/u_engine/u_engine_shared_multiplier/result[15]_INST_0_i_36/O[4]
                         net (fo=3, routed)           0.757    16.615    vit_system_i/vit_phase_e_axi_0/inst/u_core/u_npu/u_engine/u_engine_shared_multiplier/result[15]_INST_0_i_36_n_11
    SLICE_X46Y19         LUT3 (Prop_A6LUT_SLICEL_I2_O)
                                                      0.100    16.715 r  vit_system_i/vit_phase_e_axi_0/inst/u_core/u_npu/u_engine/u_engine_shared_multiplier/result[7]_INST_0_i_58/O
                         net (fo=2, routed)           0.195    16.910    vit_system_i/vit_phase_e_axi_0/inst/u_core/u_npu/u_engine/u_engine_shared_multiplier/result[7]_INST_0_i_58_n_0
    SLICE_X46Y20         LUT5 (Prop_A6LUT_SLICEL_I1_O)
                                                      0.149    17.059 r  vit_system_i/vit_phase_e_axi_0/inst/u_core/u_npu/u_engine/u_engine_shared_multiplier/result[7]_INST_0_i_19/O
                         net (fo=2, routed)           0.175    17.234    vit_system_i/vit_phase_e_axi_0/inst/u_core/u_npu/u_engine/u_engine_shared_multiplier/result[7]_INST_0_i_19_n_0
    SLICE_X45Y20         LUT6 (Prop_G6LUT_SLICEM_I0_O)
                                                      0.100    17.334 r  vit_system_i/vit_phase_e_axi_0/inst/u_core/u_npu/u_engine/u_engine_shared_multiplier/result[7]_INST_0_i_27/O
                         net (fo=1, routed)           0.017    17.351    vit_system_i/vit_phase_e_axi_0/inst/u_core/u_npu/u_engine/u_engine_shared_multiplier/result[7]_INST_0_i_27_n_0
    SLICE_X45Y20         CARRY8 (Prop_CARRY8_SLICEM_S[6]_CO[7])
                                                      0.150    17.501 r  vit_system_i/vit_phase_e_axi_0/inst/u_core/u_npu/u_engine/u_engine_shared_multiplier/result[7]_INST_0_i_11/CO[7]
                         net (fo=1, routed)           0.028    17.529    vit_system_i/vit_phase_e_axi_0/inst/u_core/u_npu/u_engine/u_engine_shared_multiplier/result[7]_INST_0_i_11_n_0
    SLICE_X45Y21         CARRY8 (Prop_CARRY8_SLICEM_CI_CO[7])
                                                      0.023    17.552 r  vit_system_i/vit_phase_e_axi_0/inst/u_core/u_npu/u_engine/u_engine_shared_multiplier/result[15]_INST_0_i_10/CO[7]
                         net (fo=1, routed)           0.028    17.580    vit_system_i/vit_phase_e_axi_0/inst/u_core/u_npu/u_engine/u_engine_shared_multiplier/result[15]_INST_0_i_10_n_0
    SLICE_X45Y22         CARRY8 (Prop_CARRY8_SLICEM_CI_CO[7])
                                                      0.023    17.603 r  vit_system_i/vit_phase_e_axi_0/inst/u_core/u_npu/u_engine/u_engine_shared_multiplier/result[21]_INST_0_i_11/CO[7]
                         net (fo=1, routed)           0.028    17.631    vit_system_i/vit_phase_e_axi_0/inst/u_core/u_npu/u_engine/u_engine_shared_multiplier/result[21]_INST_0_i_11_n_0
    SLICE_X45Y23         CARRY8 (Prop_CARRY8_SLICEM_CI_O[4])
                                                      0.109    17.740 r  vit_system_i/vit_phase_e_axi_0/inst/u_core/u_npu/u_engine/u_engine_shared_multiplier/result[30]_INST_0_i_70/O[4]
                         net (fo=58, routed)          0.322    18.063    vit_system_i/vit_phase_e_axi_0/inst/u_core/u_npu/u_engine/u_engine_shared_multiplier/p_0_in
    SLICE_X44Y21         LUT4 (Prop_D5LUT_SLICEL_I1_O)
                                                      0.080    18.143 r  vit_system_i/vit_phase_e_axi_0/inst/u_core/u_npu/u_engine/u_engine_shared_multiplier/result[7]_INST_0_i_39/O
                         net (fo=1, routed)           0.181    18.324    vit_system_i/vit_phase_e_axi_0/inst/u_core/u_npu/u_engine/u_engine_shared_multiplier/result[7]_INST_0_i_39_n_0
    SLICE_X44Y21         LUT5 (Prop_A6LUT_SLICEL_I4_O)
                                                      0.064    18.388 r  vit_system_i/vit_phase_e_axi_0/inst/u_core/u_npu/u_engine/u_engine_shared_multiplier/result[7]_INST_0_i_15/O
                         net (fo=1, routed)           0.162    18.550    vit_system_i/vit_phase_e_axi_0/inst/u_core/u_npu/u_engine/u_engine_shared_multiplier/result[7]_INST_0_i_15_n_0
    SLICE_X44Y24         LUT6 (Prop_A6LUT_SLICEL_I4_O)
                                                      0.115    18.665 r  vit_system_i/vit_phase_e_axi_0/inst/u_core/u_npu/u_engine/u_engine_shared_multiplier/result[7]_INST_0_i_10/O
                         net (fo=1, routed)           0.011    18.676    vit_system_i/vit_phase_e_axi_0/inst/u_core/u_npu/u_engine/u_engine_shared_multiplier/result[7]_INST_0_i_10_n_0
    SLICE_X44Y24         CARRY8 (Prop_CARRY8_SLICEL_S[0]_CO[7])
                                                      0.238    18.914 r  vit_system_i/vit_phase_e_axi_0/inst/u_core/u_npu/u_engine/u_engine_shared_multiplier/result[7]_INST_0_i_1/CO[7]
                         net (fo=1, routed)           0.028    18.942    vit_system_i/vit_phase_e_axi_0/inst/u_core/u_npu/u_engine/u_engine_shared_multiplier/result[7]_INST_0_i_1_n_0
    SLICE_X44Y25         CARRY8 (Prop_CARRY8_SLICEL_CI_CO[7])
                                                      0.023    18.965 r  vit_system_i/vit_phase_e_axi_0/inst/u_core/u_npu/u_engine/u_engine_shared_multiplier/result[15]_INST_0_i_1/CO[7]
                         net (fo=1, routed)           0.028    18.993    vit_system_i/vit_phase_e_axi_0/inst/u_core/u_npu/u_engine/u_engine_shared_multiplier/result[15]_INST_0_i_1_n_0
    SLICE_X44Y26         CARRY8 (Prop_CARRY8_SLICEL_CI_CO[7])
                                                      0.023    19.016 r  vit_system_i/vit_phase_e_axi_0/inst/u_core/u_npu/u_engine/u_engine_shared_multiplier/result[21]_INST_0_i_1/CO[7]
                         net (fo=1, routed)           0.028    19.044    vit_system_i/vit_phase_e_axi_0/inst/u_core/u_npu/u_engine/u_engine_shared_multiplier/result[21]_INST_0_i_1_n_0
    SLICE_X44Y27         CARRY8 (Prop_CARRY8_SLICEL_CI_CO[0])
                                                      0.068    19.112 r  vit_system_i/vit_phase_e_axi_0/inst/u_core/u_npu/u_engine/u_engine_shared_multiplier/result[21]_INST_0_i_2/CO[0]
                         net (fo=25, routed)          0.555    19.666    vit_system_i/vit_phase_e_axi_0/inst/u_core/u_npu/u_engine/u_engine_shared_multiplier/result[21]_INST_0_i_2_n_7
    SLICE_X43Y33         LUT4 (Prop_A6LUT_SLICEM_I3_O)
                                                      0.064    19.730 r  vit_system_i/vit_phase_e_axi_0/inst/u_core/u_npu/u_engine/u_engine_shared_multiplier/result[30]_INST_0_i_36/O
                         net (fo=1, routed)           0.014    19.744    vit_system_i/vit_phase_e_axi_0/inst/u_core/u_npu/u_engine/u_engine_shared_multiplier/result[30]_INST_0_i_36_n_0
    SLICE_X43Y33         CARRY8 (Prop_CARRY8_SLICEM_S[0]_CO[7])
                                                      0.241    19.985 r  vit_system_i/vit_phase_e_axi_0/inst/u_core/u_npu/u_engine/u_engine_shared_multiplier/result[30]_INST_0_i_3/CO[7]
                         net (fo=1, routed)           0.028    20.013    vit_system_i/vit_phase_e_axi_0/inst/u_core/u_npu/u_engine/u_engine_shared_multiplier/result[30]_INST_0_i_3_n_0
    SLICE_X43Y34         CARRY8 (Prop_CARRY8_SLICEM_CI_O[5])
                                                      0.145    20.158 f  vit_system_i/vit_phase_e_axi_0/inst/u_core/u_npu/u_engine/u_engine_shared_multiplier/result[30]_INST_0_i_72/O[5]
                         net (fo=3, routed)           0.352    20.511    vit_system_i/vit_phase_e_axi_0/inst/u_core/u_npu/u_engine/u_engine_shared_multiplier/exp_result[13]
    SLICE_X43Y37         LUT2 (Prop_F6LUT_SLICEM_I1_O)
                                                      0.062    20.573 r  vit_system_i/vit_phase_e_axi_0/inst/u_core/u_npu/u_engine/u_engine_shared_multiplier/result[30]_INST_0_i_45/O
                         net (fo=1, routed)           0.024    20.597    vit_system_i/vit_phase_e_axi_0/inst/u_core/u_npu/u_engine/u_engine_shared_multiplier/result[30]_INST_0_i_45_n_0
    SLICE_X43Y37         CARRY8 (Prop_CARRY8_SLICEM_S[5]_CO[7])
                                                      0.202    20.799 f  vit_system_i/vit_phase_e_axi_0/inst/u_core/u_npu/u_engine/u_engine_shared_multiplier/result[30]_INST_0_i_5/CO[7]
                         net (fo=1, routed)           0.028    20.827    vit_system_i/vit_phase_e_axi_0/inst/u_core/u_npu/u_engine/u_engine_shared_multiplier/result[30]_INST_0_i_5_n_0
    SLICE_X43Y38         CARRY8 (Prop_CARRY8_SLICEM_CI_CO[6])
                                                      0.116    20.943 f  vit_system_i/vit_phase_e_axi_0/inst/u_core/u_npu/u_engine/u_engine_shared_multiplier/result[30]_INST_0_i_1/CO[6]
                         net (fo=31, routed)          0.457    21.400    vit_system_i/vit_phase_e_axi_0/inst/u_core/u_npu/u_engine/u_engine_shared_multiplier/result[30]_INST_0_i_1_n_1
    SLICE_X44Y35         LUT6 (Prop_B6LUT_SLICEL_I5_O)
                                                      0.115    21.515 r  vit_system_i/vit_phase_e_axi_0/inst/u_core/u_npu/u_engine/u_engine_shared_multiplier/result[18]_INST_0/O
                         net (fo=44, routed)          0.737    22.252    vit_system_i/vit_phase_e_axi_0/inst/u_core/u_npu/u_engine/u_softmax/external_mul_result[18]
    SLICE_X40Y26         FDRE                                         r  vit_system_i/vit_phase_e_axi_0/inst/u_core/u_npu/u_engine/u_softmax/exp_scaled_reg[18]/D
  -------------------------------------------------------------------    -------------------

                         (clock clk_pl_0 rise edge)
                                                     20.000    20.000 r  
    PS8_X0Y0             PS8                          0.000    20.000 r  vit_system_i/zynq_ultra_ps_e_0/inst/PS8_i/PLCLK[0]
                         net (fo=1, routed)           0.140    20.140    vit_system_i/zynq_ultra_ps_e_0/inst/pl_clk_unbuffered[0]
    BUFG_PS_X0Y90        BUFG_PS (Prop_BUFG_PS_I_O)
                                                      0.027    20.167 r  vit_system_i/zynq_ultra_ps_e_0/inst/buffer_pl_clk_0.PL_CLK_0_BUFG/O
    X1Y1 (CLOCK_ROOT)    net (fo=66188, routed)       2.198    22.365    vit_system_i/vit_phase_e_axi_0/inst/u_core/u_npu/u_engine/u_softmax/clk
    SLICE_X40Y26         FDRE                                         r  vit_system_i/vit_phase_e_axi_0/inst/u_core/u_npu/u_engine/u_softmax/exp_scaled_reg[18]/C
                         clock pessimism              0.226    22.591    
                         clock uncertainty           -0.161    22.429    
    SLICE_X40Y26         FDRE (Setup_HFF2_SLICEM_C_D)
                                                      0.027    22.456    vit_system_i/vit_phase_e_axi_0/inst/u_core/u_npu/u_engine/u_softmax/exp_scaled_reg[18]
  -------------------------------------------------------------------
                         required time                         22.456    
                         arrival time                         -22.252    
  -------------------------------------------------------------------
                         slack                                  0.204    

Slack (MET) :             0.210ns  (required time - arrival time)
  Source:                 vit_system_i/vit_phase_e_axi_0/inst/u_core/u_npu/u_engine/u_gelu/u_serial_core/exp_scaled_reg[24]/C
                            (rising edge-triggered cell FDRE clocked by clk_pl_0  {rise@0.000ns fall@10.000ns period=20.000ns})
  Destination:            vit_system_i/vit_phase_e_axi_0/inst/u_core/u_npu/u_engine/u_gelu/u_serial_core/exp_scaled_reg[22]/D
                            (rising edge-triggered cell FDRE clocked by clk_pl_0  {rise@0.000ns fall@10.000ns period=20.000ns})
  Path Group:             clk_pl_0
  Path Type:              Setup (Max at Slow Process Corner)
  Requirement:            20.000ns  (clk_pl_0 rise@20.000ns - clk_pl_0 rise@0.000ns)
  Data Path Delay:        19.621ns  (logic 5.831ns (29.717%)  route 13.790ns (70.283%))
  Logic Levels:           52  (CARRY8=18 LUT2=3 LUT3=6 LUT4=7 LUT5=9 LUT6=9)
  Clock Path Skew:        -0.034ns (DCD - SCD + CPR)
    Destination Clock Delay (DCD):    2.503ns = ( 22.503 - 20.000 ) 
    Source Clock Delay      (SCD):    2.832ns
    Clock Pessimism Removal (CPR):    0.295ns
  Clock Uncertainty:      0.161ns  ((TSJ^2 + DJ^2)^1/2) / 2 + PE
    Total System Jitter     (TSJ):    0.071ns
    Discrete Jitter          (DJ):    0.315ns
    Phase Error              (PE):    0.000ns
  Clock Net Delay (Source):      2.625ns (routing 1.382ns, distribution 1.243ns)
  Clock Net Delay (Destination): 2.336ns (routing 1.258ns, distribution 1.078ns)

    Location             Delay type                Incr(ns)  Path(ns)    Netlist Resource(s)
  -------------------------------------------------------------------    -------------------
                         (clock clk_pl_0 rise edge)
                                                      0.000     0.000 r  
    PS8_X0Y0             PS8                          0.000     0.000 r  vit_system_i/zynq_ultra_ps_e_0/inst/PS8_i/PLCLK[0]
                         net (fo=1, routed)           0.178     0.178    vit_system_i/zynq_ultra_ps_e_0/inst/pl_clk_unbuffered[0]
    BUFG_PS_X0Y90        BUFG_PS (Prop_BUFG_PS_I_O)
                                                      0.029     0.207 r  vit_system_i/zynq_ultra_ps_e_0/inst/buffer_pl_clk_0.PL_CLK_0_BUFG/O
    X1Y1 (CLOCK_ROOT)    net (fo=66188, routed)       2.625     2.832    vit_system_i/vit_phase_e_axi_0/inst/u_core/u_npu/u_engine/u_gelu/u_serial_core/clk
    SLICE_X49Y33         FDRE                                         r  vit_system_i/vit_phase_e_axi_0/inst/u_core/u_npu/u_engine/u_gelu/u_serial_core/exp_scaled_reg[24]/C
  -------------------------------------------------------------------    -------------------
    SLICE_X49Y33         FDRE (Prop_FFF_SLICEL_C_Q)
                                                      0.096     2.928 r  vit_system_i/vit_phase_e_axi_0/inst/u_core/u_npu/u_engine/u_gelu/u_serial_core/exp_scaled_reg[24]/Q
                         net (fo=75, routed)          0.151     3.079    vit_system_i/vit_phase_e_axi_0/inst/u_core/u_npu/u_engine/u_gelu/u_serial_core/u_exp_to_integer/value[24]
    SLICE_X49Y35         LUT3 (Prop_C5LUT_SLICEL_I1_O)
                                                      0.168     3.247 r  vit_system_i/vit_phase_e_axi_0/inst/u_core/u_npu/u_engine/u_gelu/u_serial_core/u_exp_to_integer/result[30]_INST_0_i_17/O
                         net (fo=3, routed)           0.264     3.511    vit_system_i/vit_phase_e_axi_0/inst/u_core/u_npu/u_engine/u_gelu/u_serial_core/u_exp_to_integer/result[30]_INST_0_i_17_n_0
    SLICE_X49Y35         LUT6 (Prop_A6LUT_SLICEL_I1_O)
                                                      0.149     3.660 r  vit_system_i/vit_phase_e_axi_0/inst/u_core/u_npu/u_engine/u_gelu/u_serial_core/u_exp_to_integer/result[30]_INST_0_i_7/O
                         net (fo=32, routed)          0.546     4.206    vit_system_i/vit_phase_e_axi_0/inst/u_core/u_npu/u_engine/u_gelu/u_serial_core/u_exp_to_integer/result[30]_INST_0_i_7_n_0
    SLICE_X48Y37         LUT4 (Prop_E5LUT_SLICEL_I3_O)
                                                      0.124     4.330 r  vit_system_i/vit_phase_e_axi_0/inst/u_core/u_npu/u_engine/u_gelu/u_serial_core/u_exp_to_integer/result[28]_INST_0_i_9/O
                         net (fo=3, routed)           0.245     4.575    vit_system_i/vit_phase_e_axi_0/inst/u_core/u_npu/u_engine/u_gelu/u_serial_core/u_exp_to_integer/result[28]_INST_0_i_9_n_0
    SLICE_X47Y39         LUT5 (Prop_E6LUT_SLICEL_I2_O)
                                                      0.039     4.614 r  vit_system_i/vit_phase_e_axi_0/inst/u_core/u_npu/u_engine/u_gelu/u_serial_core/u_exp_to_integer/result[26]_INST_0_i_6/O
                         net (fo=4, routed)           0.550     5.164    vit_system_i/vit_phase_e_axi_0/inst/u_core/u_npu/u_engine/u_gelu/u_serial_core/u_exp_to_integer/result[26]_INST_0_i_6_n_0
    SLICE_X49Y40         LUT2 (Prop_D6LUT_SLICEL_I0_O)
                                                      0.099     5.263 r  vit_system_i/vit_phase_e_axi_0/inst/u_core/u_npu/u_engine/u_gelu/u_serial_core/u_exp_to_integer/result[10]_INST_0_i_4/O
                         net (fo=1, routed)           0.462     5.725    vit_system_i/vit_phase_e_axi_0/inst/u_core/u_npu/u_engine/u_gelu/u_serial_core/u_exp_to_integer/result[10]_INST_0_i_4_n_0
    SLICE_X48Y39         LUT6 (Prop_D6LUT_SLICEL_I5_O)
                                                      0.174     5.899 r  vit_system_i/vit_phase_e_axi_0/inst/u_core/u_npu/u_engine/u_gelu/u_serial_core/u_exp_to_integer/result[10]_INST_0/O
                         net (fo=3, routed)           0.240     6.139    vit_system_i/vit_phase_e_axi_0/inst/u_core/u_npu/u_engine/u_gelu/u_serial_core/exp_scale_integer_comb[10]
    SLICE_X48Y42         LUT4 (Prop_A6LUT_SLICEL_I1_O)
                                                      0.039     6.178 r  vit_system_i/vit_phase_e_axi_0/inst/u_core/u_npu/u_engine/u_gelu/u_serial_core/u_exp_from_integer_i_22/O
                         net (fo=15, routed)          0.705     6.883    vit_system_i/vit_phase_e_axi_0/inst/u_core/u_npu/u_engine/u_gelu/u_serial_core/u_exp_from_integer/value[10]
    SLICE_X49Y50         LUT5 (Prop_D6LUT_SLICEL_I3_O)
                                                      0.116     6.999 r  vit_system_i/vit_phase_e_axi_0/inst/u_core/u_npu/u_engine/u_gelu/u_serial_core/u_exp_from_integer/result[30]_INST_0_i_33/O
                         net (fo=1, routed)           0.449     7.448    vit_system_i/vit_phase_e_axi_0/inst/u_core/u_npu/u_engine/u_gelu/u_serial_core/u_exp_from_integer/result[30]_INST_0_i_33_n_0
    SLICE_X48Y51         LUT5 (Prop_F6LUT_SLICEL_I0_O)
                                                      0.039     7.487 r  vit_system_i/vit_phase_e_axi_0/inst/u_core/u_npu/u_engine/u_gelu/u_serial_core/u_exp_from_integer/result[30]_INST_0_i_14/O
                         net (fo=1, routed)           0.236     7.723    vit_system_i/vit_phase_e_axi_0/inst/u_core/u_npu/u_engine/u_gelu/u_serial_core/u_exp_from_integer/result[30]_INST_0_i_14_n_0
    SLICE_X47Y50         LUT6 (Prop_H6LUT_SLICEL_I2_O)
                                                      0.179     7.902 r  vit_system_i/vit_phase_e_axi_0/inst/u_core/u_npu/u_engine/u_gelu/u_serial_core/u_exp_from_integer/result[30]_INST_0_i_2/O
                         net (fo=89, routed)          0.304     8.206    vit_system_i/vit_phase_e_axi_0/inst/u_core/u_npu/u_engine/u_gelu/u_serial_core/u_exp_from_integer/result[30]_INST_0_i_2_n_0
    SLICE_X46Y48         LUT3 (Prop_A6LUT_SLICEL_I2_O)
                                                      0.039     8.245 f  vit_system_i/vit_phase_e_axi_0/inst/u_core/u_npu/u_engine/u_gelu/u_serial_core/u_exp_from_integer/result[22]_INST_0_i_39/O
                         net (fo=33, routed)          0.312     8.557    vit_system_i/vit_phase_e_axi_0/inst/u_core/u_npu/u_engine/u_gelu/u_serial_core/u_exp_from_integer/result[22]_INST_0_i_39_n_0
    SLICE_X47Y49         LUT3 (Prop_C6LUT_SLICEL_I0_O)
                                                      0.148     8.705 r  vit_system_i/vit_phase_e_axi_0/inst/u_core/u_npu/u_engine/u_gelu/u_serial_core/u_exp_from_integer/result[30]_INST_0_i_117/O
                         net (fo=1, routed)           0.011     8.716    vit_system_i/vit_phase_e_axi_0/inst/u_core/u_npu/u_engine/u_gelu/u_serial_core/u_exp_from_integer/result[30]_INST_0_i_117_n_0
    SLICE_X47Y49         CARRY8 (Prop_CARRY8_SLICEL_S[2]_O[5])
                                                      0.245     8.961 f  vit_system_i/vit_phase_e_axi_0/inst/u_core/u_npu/u_engine/u_gelu/u_serial_core/u_exp_from_integer/result[30]_INST_0_i_93/O[5]
                         net (fo=3, routed)           0.525     9.486    vit_system_i/vit_phase_e_axi_0/inst/u_core/u_npu/u_engine/u_gelu/u_serial_core/u_exp_from_integer/result[30]_INST_0_i_93_n_10
    SLICE_X49Y50         LUT6 (Prop_H6LUT_SLICEL_I3_O)
                                                      0.149     9.635 f  vit_system_i/vit_phase_e_axi_0/inst/u_core/u_npu/u_engine/u_gelu/u_serial_core/u_exp_from_integer/result[30]_INST_0_i_78/O
                         net (fo=1, routed)           0.491    10.126    vit_system_i/vit_phase_e_axi_0/inst/u_core/u_npu/u_engine/u_gelu/u_serial_core/u_exp_from_integer/result[30]_INST_0_i_78_n_0
    SLICE_X48Y49         CARRY8 (Prop_CARRY8_SLICEL_DI[3]_CO[7])
                                                      0.131    10.257 f  vit_system_i/vit_phase_e_axi_0/inst/u_core/u_npu/u_engine/u_gelu/u_serial_core/u_exp_from_integer/result[30]_INST_0_i_45/CO[7]
                         net (fo=1, routed)           0.028    10.285    vit_system_i/vit_phase_e_axi_0/inst/u_core/u_npu/u_engine/u_gelu/u_serial_core/u_exp_from_integer/result[30]_INST_0_i_45_n_0
    SLICE_X48Y50         CARRY8 (Prop_CARRY8_SLICEL_CI_CO[7])
                                                      0.030    10.315 f  vit_system_i/vit_phase_e_axi_0/inst/u_core/u_npu/u_engine/u_gelu/u_serial_core/u_exp_from_integer/result[30]_INST_0_i_25/CO[7]
                         net (fo=3, routed)           0.611    10.926    vit_system_i/vit_phase_e_axi_0/inst/u_core/u_npu/u_engine/u_gelu/u_serial_core/u_exp_from_integer/result[30]_INST_0_i_25_n_0
    SLICE_X49Y47         LUT5 (Prop_E6LUT_SLICEL_I3_O)
                                                      0.039    10.965 r  vit_system_i/vit_phase_e_axi_0/inst/u_core/u_npu/u_engine/u_gelu/u_serial_core/u_exp_from_integer/result[22]_INST_0_i_3/O
                         net (fo=23, routed)          0.295    11.260    vit_system_i/vit_phase_e_axi_0/inst/u_core/u_npu/u_engine/u_gelu/u_serial_core/u_exp_from_integer/result[22]_INST_0_i_3_n_0
    SLICE_X51Y41         LUT5 (Prop_E6LUT_SLICEL_I2_O)
                                                      0.176    11.436 f  vit_system_i/vit_phase_e_axi_0/inst/u_core/u_npu/u_engine/u_gelu/u_serial_core/u_exp_from_integer/result[12]_INST_0_i_1/O
                         net (fo=2, routed)           0.167    11.603    vit_system_i/vit_phase_e_axi_0/inst/u_core/u_npu/u_engine/u_gelu/u_serial_core/u_exp_from_integer/result[12]_INST_0_i_1_n_0
    SLICE_X51Y39         LUT3 (Prop_C6LUT_SLICEL_I2_O)
                                                      0.148    11.751 f  vit_system_i/vit_phase_e_axi_0/inst/u_core/u_npu/u_engine/u_gelu/u_serial_core/u_exp_from_integer/result[11]_INST_0/O
                         net (fo=1, routed)           0.236    11.987    vit_system_i/vit_phase_e_axi_0/inst/u_core/u_npu/u_engine/u_gelu/u_serial_core/integer_as_fp32[11]
    SLICE_X51Y32         LUT5 (Prop_B6LUT_SLICEL_I1_O)
                                                      0.064    12.051 f  vit_system_i/vit_phase_e_axi_0/inst/u_core/u_npu/u_engine/u_gelu/u_serial_core/mul_operand_a[11]_INST_0_i_2/O
                         net (fo=1, routed)           0.244    12.295    vit_system_i/vit_phase_e_axi_0/inst/u_core/u_npu/u_engine/u_gelu/u_serial_core/mul_operand_a[11]_INST_0_i_2_n_0
    SLICE_X49Y28         LUT6 (Prop_B6LUT_SLICEL_I3_O)
                                                      0.040    12.335 f  vit_system_i/vit_phase_e_axi_0/inst/u_core/u_npu/u_engine/u_gelu/u_serial_core/mul_operand_a[11]_INST_0/O
                         net (fo=1, routed)           0.715    13.050    vit_system_i/vit_phase_e_axi_0/inst/u_core/u_npu/u_engine/gelu_mul_operand_a[11]
    SLICE_X46Y18         LUT6 (Prop_H6LUT_SLICEL_I4_O)
                                                      0.116    13.166 f  vit_system_i/vit_phase_e_axi_0/inst/u_core/u_npu/u_engine/u_engine_shared_multiplier_i_85/O
                         net (fo=1, routed)           0.157    13.323    vit_system_i/vit_phase_e_axi_0/inst/u_core/u_npu/u_engine/u_engine_shared_multiplier_i_85_n_0
    SLICE_X46Y18         LUT4 (Prop_A6LUT_SLICEL_I3_O)
                                                      0.064    13.387 f  vit_system_i/vit_phase_e_axi_0/inst/u_core/u_npu/u_engine/u_engine_shared_multiplier_i_21/O
                         net (fo=50, routed)          0.667    14.055    vit_system_i/vit_phase_e_axi_0/inst/u_core/u_npu/u_engine/u_engine_shared_multiplier/a[11]
    SLICE_X51Y22         LUT2 (Prop_C5LUT_SLICEL_I0_O)
                                                      0.135    14.190 r  vit_system_i/vit_phase_e_axi_0/inst/u_core/u_npu/u_engine/u_engine_shared_multiplier/result[15]_INST_0_i_253/O
                         net (fo=1, routed)           0.318    14.508    vit_system_i/vit_phase_e_axi_0/inst/u_core/u_npu/u_engine/u_engine_shared_multiplier/result[15]_INST_0_i_253_n_0
    SLICE_X53Y21         LUT6 (Prop_F6LUT_SLICEM_I3_O)
                                                      0.038    14.546 r  vit_system_i/vit_phase_e_axi_0/inst/u_core/u_npu/u_engine/u_engine_shared_multiplier/result[15]_INST_0_i_210/O
                         net (fo=1, routed)           0.024    14.570    vit_system_i/vit_phase_e_axi_0/inst/u_core/u_npu/u_engine/u_engine_shared_multiplier/result[15]_INST_0_i_210_n_0
    SLICE_X53Y21         CARRY8 (Prop_CARRY8_SLICEM_S[5]_CO[7])
                                                      0.202    14.772 r  vit_system_i/vit_phase_e_axi_0/inst/u_core/u_npu/u_engine/u_engine_shared_multiplier/result[15]_INST_0_i_117/CO[7]
                         net (fo=1, routed)           0.028    14.800    vit_system_i/vit_phase_e_axi_0/inst/u_core/u_npu/u_engine/u_engine_shared_multiplier/result[15]_INST_0_i_117_n_0
    SLICE_X53Y22         CARRY8 (Prop_CARRY8_SLICEM_CI_O[0])
                                                      0.072    14.872 r  vit_system_i/vit_phase_e_axi_0/inst/u_core/u_npu/u_engine/u_engine_shared_multiplier/result[21]_INST_0_i_97/O[0]
                         net (fo=2, routed)           0.400    15.272    vit_system_i/vit_phase_e_axi_0/inst/u_core/u_npu/u_engine/u_engine_shared_multiplier/result[21]_INST_0_i_97_n_15
    SLICE_X50Y20         LUT3 (Prop_C5LUT_SLICEL_I0_O)
                                                      0.135    15.407 r  vit_system_i/vit_phase_e_axi_0/inst/u_core/u_npu/u_engine/u_engine_shared_multiplier/result[15]_INST_0_i_91/O
                         net (fo=2, routed)           0.144    15.551    vit_system_i/vit_phase_e_axi_0/inst/u_core/u_npu/u_engine/u_engine_shared_multiplier/result[15]_INST_0_i_91_n_0
    SLICE_X50Y20         LUT4 (Prop_D6LUT_SLICEL_I3_O)
                                                      0.116    15.667 r  vit_system_i/vit_phase_e_axi_0/inst/u_core/u_npu/u_engine/u_engine_shared_multiplier/result[15]_INST_0_i_99/O
                         net (fo=1, routed)           0.010    15.677    vit_system_i/vit_phase_e_axi_0/inst/u_core/u_npu/u_engine/u_engine_shared_multiplier/result[15]_INST_0_i_99_n_0
    SLICE_X50Y20         CARRY8 (Prop_CARRY8_SLICEL_S[3]_O[4])
                                                      0.182    15.859 r  vit_system_i/vit_phase_e_axi_0/inst/u_core/u_npu/u_engine/u_engine_shared_multiplier/result[15]_INST_0_i_36/O[4]
                         net (fo=3, routed)           0.757    16.615    vit_system_i/vit_phase_e_axi_0/inst/u_core/u_npu/u_engine/u_engine_shared_multiplier/result[15]_INST_0_i_36_n_11
    SLICE_X46Y19         LUT3 (Prop_A6LUT_SLICEL_I2_O)
                                                      0.100    16.715 r  vit_system_i/vit_phase_e_axi_0/inst/u_core/u_npu/u_engine/u_engine_shared_multiplier/result[7]_INST_0_i_58/O
                         net (fo=2, routed)           0.195    16.910    vit_system_i/vit_phase_e_axi_0/inst/u_core/u_npu/u_engine/u_engine_shared_multiplier/result[7]_INST_0_i_58_n_0
    SLICE_X46Y20         LUT5 (Prop_A6LUT_SLICEL_I1_O)
                                                      0.149    17.059 r  vit_system_i/vit_phase_e_axi_0/inst/u_core/u_npu/u_engine/u_engine_shared_multiplier/result[7]_INST_0_i_19/O
                         net (fo=2, routed)           0.175    17.234    vit_system_i/vit_phase_e_axi_0/inst/u_core/u_npu/u_engine/u_engine_shared_multiplier/result[7]_INST_0_i_19_n_0
    SLICE_X45Y20         LUT6 (Prop_G6LUT_SLICEM_I0_O)
                                                      0.100    17.334 r  vit_system_i/vit_phase_e_axi_0/inst/u_core/u_npu/u_engine/u_engine_shared_multiplier/result[7]_INST_0_i_27/O
                         net (fo=1, routed)           0.017    17.351    vit_system_i/vit_phase_e_axi_0/inst/u_core/u_npu/u_engine/u_engine_shared_multiplier/result[7]_INST_0_i_27_n_0
    SLICE_X45Y20         CARRY8 (Prop_CARRY8_SLICEM_S[6]_CO[7])
                                                      0.150    17.501 r  vit_system_i/vit_phase_e_axi_0/inst/u_core/u_npu/u_engine/u_engine_shared_multiplier/result[7]_INST_0_i_11/CO[7]
                         net (fo=1, routed)           0.028    17.529    vit_system_i/vit_phase_e_axi_0/inst/u_core/u_npu/u_engine/u_engine_shared_multiplier/result[7]_INST_0_i_11_n_0
    SLICE_X45Y21         CARRY8 (Prop_CARRY8_SLICEM_CI_CO[7])
                                                      0.023    17.552 r  vit_system_i/vit_phase_e_axi_0/inst/u_core/u_npu/u_engine/u_engine_shared_multiplier/result[15]_INST_0_i_10/CO[7]
                         net (fo=1, routed)           0.028    17.580    vit_system_i/vit_phase_e_axi_0/inst/u_core/u_npu/u_engine/u_engine_shared_multiplier/result[15]_INST_0_i_10_n_0
    SLICE_X45Y22         CARRY8 (Prop_CARRY8_SLICEM_CI_CO[7])
                                                      0.023    17.603 r  vit_system_i/vit_phase_e_axi_0/inst/u_core/u_npu/u_engine/u_engine_shared_multiplier/result[21]_INST_0_i_11/CO[7]
                         net (fo=1, routed)           0.028    17.631    vit_system_i/vit_phase_e_axi_0/inst/u_core/u_npu/u_engine/u_engine_shared_multiplier/result[21]_INST_0_i_11_n_0
    SLICE_X45Y23         CARRY8 (Prop_CARRY8_SLICEM_CI_O[4])
                                                      0.109    17.740 r  vit_system_i/vit_phase_e_axi_0/inst/u_core/u_npu/u_engine/u_engine_shared_multiplier/result[30]_INST_0_i_70/O[4]
                         net (fo=58, routed)          0.322    18.063    vit_system_i/vit_phase_e_axi_0/inst/u_core/u_npu/u_engine/u_engine_shared_multiplier/p_0_in
    SLICE_X44Y21         LUT4 (Prop_D5LUT_SLICEL_I1_O)
                                                      0.080    18.143 r  vit_system_i/vit_phase_e_axi_0/inst/u_core/u_npu/u_engine/u_engine_shared_multiplier/result[7]_INST_0_i_39/O
                         net (fo=1, routed)           0.181    18.324    vit_system_i/vit_phase_e_axi_0/inst/u_core/u_npu/u_engine/u_engine_shared_multiplier/result[7]_INST_0_i_39_n_0
    SLICE_X44Y21         LUT5 (Prop_A6LUT_SLICEL_I4_O)
                                                      0.064    18.388 r  vit_system_i/vit_phase_e_axi_0/inst/u_core/u_npu/u_engine/u_engine_shared_multiplier/result[7]_INST_0_i_15/O
                         net (fo=1, routed)           0.162    18.550    vit_system_i/vit_phase_e_axi_0/inst/u_core/u_npu/u_engine/u_engine_shared_multiplier/result[7]_INST_0_i_15_n_0
    SLICE_X44Y24         LUT6 (Prop_A6LUT_SLICEL_I4_O)
                                                      0.115    18.665 r  vit_system_i/vit_phase_e_axi_0/inst/u_core/u_npu/u_engine/u_engine_shared_multiplier/result[7]_INST_0_i_10/O
                         net (fo=1, routed)           0.011    18.676    vit_system_i/vit_phase_e_axi_0/inst/u_core/u_npu/u_engine/u_engine_shared_multiplier/result[7]_INST_0_i_10_n_0
    SLICE_X44Y24         CARRY8 (Prop_CARRY8_SLICEL_S[0]_CO[7])
                                                      0.238    18.914 r  vit_system_i/vit_phase_e_axi_0/inst/u_core/u_npu/u_engine/u_engine_shared_multiplier/result[7]_INST_0_i_1/CO[7]
                         net (fo=1, routed)           0.028    18.942    vit_system_i/vit_phase_e_axi_0/inst/u_core/u_npu/u_engine/u_engine_shared_multiplier/result[7]_INST_0_i_1_n_0
    SLICE_X44Y25         CARRY8 (Prop_CARRY8_SLICEL_CI_CO[7])
                                                      0.023    18.965 r  vit_system_i/vit_phase_e_axi_0/inst/u_core/u_npu/u_engine/u_engine_shared_multiplier/result[15]_INST_0_i_1/CO[7]
                         net (fo=1, routed)           0.028    18.993    vit_system_i/vit_phase_e_axi_0/inst/u_core/u_npu/u_engine/u_engine_shared_multiplier/result[15]_INST_0_i_1_n_0
    SLICE_X44Y26         CARRY8 (Prop_CARRY8_SLICEL_CI_CO[7])
                                                      0.023    19.016 r  vit_system_i/vit_phase_e_axi_0/inst/u_core/u_npu/u_engine/u_engine_shared_multiplier/result[21]_INST_0_i_1/CO[7]
                         net (fo=1, routed)           0.028    19.044    vit_system_i/vit_phase_e_axi_0/inst/u_core/u_npu/u_engine/u_engine_shared_multiplier/result[21]_INST_0_i_1_n_0
    SLICE_X44Y27         CARRY8 (Prop_CARRY8_SLICEL_CI_CO[0])
                                                      0.068    19.112 r  vit_system_i/vit_phase_e_axi_0/inst/u_core/u_npu/u_engine/u_engine_shared_multiplier/result[21]_INST_0_i_2/CO[0]
                         net (fo=25, routed)          0.555    19.666    vit_system_i/vit_phase_e_axi_0/inst/u_core/u_npu/u_engine/u_engine_shared_multiplier/result[21]_INST_0_i_2_n_7
    SLICE_X43Y33         LUT4 (Prop_A6LUT_SLICEM_I3_O)
                                                      0.064    19.730 r  vit_system_i/vit_phase_e_axi_0/inst/u_core/u_npu/u_engine/u_engine_shared_multiplier/result[30]_INST_0_i_36/O
                         net (fo=1, routed)           0.014    19.744    vit_system_i/vit_phase_e_axi_0/inst/u_core/u_npu/u_engine/u_engine_shared_multiplier/result[30]_INST_0_i_36_n_0
    SLICE_X43Y33         CARRY8 (Prop_CARRY8_SLICEM_S[0]_CO[7])
                                                      0.241    19.985 r  vit_system_i/vit_phase_e_axi_0/inst/u_core/u_npu/u_engine/u_engine_shared_multiplier/result[30]_INST_0_i_3/CO[7]
                         net (fo=1, routed)           0.028    20.013    vit_system_i/vit_phase_e_axi_0/inst/u_core/u_npu/u_engine/u_engine_shared_multiplier/result[30]_INST_0_i_3_n_0
    SLICE_X43Y34         CARRY8 (Prop_CARRY8_SLICEM_CI_O[5])
                                                      0.145    20.158 f  vit_system_i/vit_phase_e_axi_0/inst/u_core/u_npu/u_engine/u_engine_shared_multiplier/result[30]_INST_0_i_72/O[5]
                         net (fo=3, routed)           0.308    20.467    vit_system_i/vit_phase_e_axi_0/inst/u_core/u_npu/u_engine/u_engine_shared_multiplier/exp_result[13]
    SLICE_X42Y36         LUT2 (Prop_F6LUT_SLICEL_I1_O)
                                                      0.098    20.565 r  vit_system_i/vit_phase_e_axi_0/inst/u_core/u_npu/u_engine/u_engine_shared_multiplier/result[30]_INST_0_i_55/O
                         net (fo=1, routed)           0.012    20.577    vit_system_i/vit_phase_e_axi_0/inst/u_core/u_npu/u_engine/u_engine_shared_multiplier/result[30]_INST_0_i_55_n_0
    SLICE_X42Y36         CARRY8 (Prop_CARRY8_SLICEL_S[5]_CO[7])
                                                      0.197    20.774 f  vit_system_i/vit_phase_e_axi_0/inst/u_core/u_npu/u_engine/u_engine_shared_multiplier/result[30]_INST_0_i_20/CO[7]
                         net (fo=1, routed)           0.028    20.802    vit_system_i/vit_phase_e_axi_0/inst/u_core/u_npu/u_engine/u_engine_shared_multiplier/result[30]_INST_0_i_20_n_0
    SLICE_X42Y37         CARRY8 (Prop_CARRY8_SLICEL_CI_CO[6])
                                                      0.116    20.918 f  vit_system_i/vit_phase_e_axi_0/inst/u_core/u_npu/u_engine/u_engine_shared_multiplier/result[30]_INST_0_i_2/CO[6]
                         net (fo=31, routed)          0.403    21.321    vit_system_i/vit_phase_e_axi_0/inst/u_core/u_npu/u_engine/u_engine_shared_multiplier/result[30]_INST_0_i_2_n_1
    SLICE_X44Y37         LUT5 (Prop_E6LUT_SLICEL_I3_O)
                                                      0.116    21.437 f  vit_system_i/vit_phase_e_axi_0/inst/u_core/u_npu/u_engine/u_engine_shared_multiplier/result[22]_INST_0_i_1/O
                         net (fo=1, routed)           0.157    21.594    vit_system_i/vit_phase_e_axi_0/inst/u_core/u_npu/u_engine/u_engine_shared_multiplier/result[22]_INST_0_i_1_n_0
    SLICE_X44Y36         LUT4 (Prop_F6LUT_SLICEL_I1_O)
                                                      0.098    21.692 r  vit_system_i/vit_phase_e_axi_0/inst/u_core/u_npu/u_engine/u_engine_shared_multiplier/result[22]_INST_0/O
                         net (fo=44, routed)          0.762    22.453    vit_system_i/vit_phase_e_axi_0/inst/u_core/u_npu/u_engine/u_gelu/u_serial_core/external_mul_result[22]
    SLICE_X49Y38         FDRE                                         r  vit_system_i/vit_phase_e_axi_0/inst/u_core/u_npu/u_engine/u_gelu/u_serial_core/exp_scaled_reg[22]/D
  -------------------------------------------------------------------    -------------------

                         (clock clk_pl_0 rise edge)
                                                     20.000    20.000 r  
    PS8_X0Y0             PS8                          0.000    20.000 r  vit_system_i/zynq_ultra_ps_e_0/inst/PS8_i/PLCLK[0]
                         net (fo=1, routed)           0.140    20.140    vit_system_i/zynq_ultra_ps_e_0/inst/pl_clk_unbuffered[0]
    BUFG_PS_X0Y90        BUFG_PS (Prop_BUFG_PS_I_O)
                                                      0.027    20.167 r  vit_system_i/zynq_ultra_ps_e_0/inst/buffer_pl_clk_0.PL_CLK_0_BUFG/O
    X1Y1 (CLOCK_ROOT)    net (fo=66188, routed)       2.336    22.503    vit_system_i/vit_phase_e_axi_0/inst/u_core/u_npu/u_engine/u_gelu/u_serial_core/clk
    SLICE_X49Y38         FDRE                                         r  vit_system_i/vit_phase_e_axi_0/inst/u_core/u_npu/u_engine/u_gelu/u_serial_core/exp_scaled_reg[22]/C
                         clock pessimism              0.295    22.798    
                         clock uncertainty           -0.161    22.637    
    SLICE_X49Y38         FDRE (Setup_HFF_SLICEL_C_D)
                                                      0.027    22.664    vit_system_i/vit_phase_e_axi_0/inst/u_core/u_npu/u_engine/u_gelu/u_serial_core/exp_scaled_reg[22]
  -------------------------------------------------------------------
                         required time                         22.664    
                         arrival time                         -22.453    
  -------------------------------------------------------------------
                         slack                                  0.210    

Slack (MET) :             0.219ns  (required time - arrival time)
  Source:                 vit_system_i/vit_phase_e_axi_0/inst/u_core/u_npu/u_engine/u_gelu/u_serial_core/exp_scaled_reg[24]/C
                            (rising edge-triggered cell FDRE clocked by clk_pl_0  {rise@0.000ns fall@10.000ns period=20.000ns})
  Destination:            vit_system_i/vit_phase_e_axi_0/inst/u_core/u_npu/u_engine/u_vector/result_data_reg_reg[46]/D
                            (rising edge-triggered cell FDRE clocked by clk_pl_0  {rise@0.000ns fall@10.000ns period=20.000ns})
  Path Group:             clk_pl_0
  Path Type:              Setup (Max at Slow Process Corner)
  Requirement:            20.000ns  (clk_pl_0 rise@20.000ns - clk_pl_0 rise@0.000ns)
  Data Path Delay:        19.502ns  (logic 5.797ns (29.725%)  route 13.705ns (70.275%))
  Logic Levels:           52  (CARRY8=18 LUT2=3 LUT3=6 LUT4=6 LUT5=8 LUT6=11)
  Clock Path Skew:        -0.144ns (DCD - SCD + CPR)
    Destination Clock Delay (DCD):    2.460ns = ( 22.460 - 20.000 ) 
    Source Clock Delay      (SCD):    2.832ns
    Clock Pessimism Removal (CPR):    0.228ns
  Clock Uncertainty:      0.161ns  ((TSJ^2 + DJ^2)^1/2) / 2 + PE
    Total System Jitter     (TSJ):    0.071ns
    Discrete Jitter          (DJ):    0.315ns
    Phase Error              (PE):    0.000ns
  Clock Net Delay (Source):      2.625ns (routing 1.382ns, distribution 1.243ns)
  Clock Net Delay (Destination): 2.293ns (routing 1.258ns, distribution 1.035ns)

    Location             Delay type                Incr(ns)  Path(ns)    Netlist Resource(s)
  -------------------------------------------------------------------    -------------------
                         (clock clk_pl_0 rise edge)
                                                      0.000     0.000 r  
    PS8_X0Y0             PS8                          0.000     0.000 r  vit_system_i/zynq_ultra_ps_e_0/inst/PS8_i/PLCLK[0]
                         net (fo=1, routed)           0.178     0.178    vit_system_i/zynq_ultra_ps_e_0/inst/pl_clk_unbuffered[0]
    BUFG_PS_X0Y90        BUFG_PS (Prop_BUFG_PS_I_O)
                                                      0.029     0.207 r  vit_system_i/zynq_ultra_ps_e_0/inst/buffer_pl_clk_0.PL_CLK_0_BUFG/O
    X1Y1 (CLOCK_ROOT)    net (fo=66188, routed)       2.625     2.832    vit_system_i/vit_phase_e_axi_0/inst/u_core/u_npu/u_engine/u_gelu/u_serial_core/clk
    SLICE_X49Y33         FDRE                                         r  vit_system_i/vit_phase_e_axi_0/inst/u_core/u_npu/u_engine/u_gelu/u_serial_core/exp_scaled_reg[24]/C
  -------------------------------------------------------------------    -------------------
    SLICE_X49Y33         FDRE (Prop_FFF_SLICEL_C_Q)
                                                      0.096     2.928 r  vit_system_i/vit_phase_e_axi_0/inst/u_core/u_npu/u_engine/u_gelu/u_serial_core/exp_scaled_reg[24]/Q
                         net (fo=75, routed)          0.151     3.079    vit_system_i/vit_phase_e_axi_0/inst/u_core/u_npu/u_engine/u_gelu/u_serial_core/u_exp_to_integer/value[24]
    SLICE_X49Y35         LUT3 (Prop_C5LUT_SLICEL_I1_O)
                                                      0.168     3.247 r  vit_system_i/vit_phase_e_axi_0/inst/u_core/u_npu/u_engine/u_gelu/u_serial_core/u_exp_to_integer/result[30]_INST_0_i_17/O
                         net (fo=3, routed)           0.264     3.511    vit_system_i/vit_phase_e_axi_0/inst/u_core/u_npu/u_engine/u_gelu/u_serial_core/u_exp_to_integer/result[30]_INST_0_i_17_n_0
    SLICE_X49Y35         LUT6 (Prop_A6LUT_SLICEL_I1_O)
                                                      0.149     3.660 r  vit_system_i/vit_phase_e_axi_0/inst/u_core/u_npu/u_engine/u_gelu/u_serial_core/u_exp_to_integer/result[30]_INST_0_i_7/O
                         net (fo=32, routed)          0.546     4.206    vit_system_i/vit_phase_e_axi_0/inst/u_core/u_npu/u_engine/u_gelu/u_serial_core/u_exp_to_integer/result[30]_INST_0_i_7_n_0
    SLICE_X48Y37         LUT4 (Prop_E5LUT_SLICEL_I3_O)
                                                      0.124     4.330 r  vit_system_i/vit_phase_e_axi_0/inst/u_core/u_npu/u_engine/u_gelu/u_serial_core/u_exp_to_integer/result[28]_INST_0_i_9/O
                         net (fo=3, routed)           0.245     4.575    vit_system_i/vit_phase_e_axi_0/inst/u_core/u_npu/u_engine/u_gelu/u_serial_core/u_exp_to_integer/result[28]_INST_0_i_9_n_0
    SLICE_X47Y39         LUT5 (Prop_E6LUT_SLICEL_I2_O)
                                                      0.039     4.614 r  vit_system_i/vit_phase_e_axi_0/inst/u_core/u_npu/u_engine/u_gelu/u_serial_core/u_exp_to_integer/result[26]_INST_0_i_6/O
                         net (fo=4, routed)           0.550     5.164    vit_system_i/vit_phase_e_axi_0/inst/u_core/u_npu/u_engine/u_gelu/u_serial_core/u_exp_to_integer/result[26]_INST_0_i_6_n_0
    SLICE_X49Y40         LUT2 (Prop_D6LUT_SLICEL_I0_O)
                                                      0.099     5.263 r  vit_system_i/vit_phase_e_axi_0/inst/u_core/u_npu/u_engine/u_gelu/u_serial_core/u_exp_to_integer/result[10]_INST_0_i_4/O
                         net (fo=1, routed)           0.462     5.725    vit_system_i/vit_phase_e_axi_0/inst/u_core/u_npu/u_engine/u_gelu/u_serial_core/u_exp_to_integer/result[10]_INST_0_i_4_n_0
    SLICE_X48Y39         LUT6 (Prop_D6LUT_SLICEL_I5_O)
                                                      0.174     5.899 r  vit_system_i/vit_phase_e_axi_0/inst/u_core/u_npu/u_engine/u_gelu/u_serial_core/u_exp_to_integer/result[10]_INST_0/O
                         net (fo=3, routed)           0.240     6.139    vit_system_i/vit_phase_e_axi_0/inst/u_core/u_npu/u_engine/u_gelu/u_serial_core/exp_scale_integer_comb[10]
    SLICE_X48Y42         LUT4 (Prop_A6LUT_SLICEL_I1_O)
                                                      0.039     6.178 r  vit_system_i/vit_phase_e_axi_0/inst/u_core/u_npu/u_engine/u_gelu/u_serial_core/u_exp_from_integer_i_22/O
                         net (fo=15, routed)          0.705     6.883    vit_system_i/vit_phase_e_axi_0/inst/u_core/u_npu/u_engine/u_gelu/u_serial_core/u_exp_from_integer/value[10]
    SLICE_X49Y50         LUT5 (Prop_D6LUT_SLICEL_I3_O)
                                                      0.116     6.999 r  vit_system_i/vit_phase_e_axi_0/inst/u_core/u_npu/u_engine/u_gelu/u_serial_core/u_exp_from_integer/result[30]_INST_0_i_33/O
                         net (fo=1, routed)           0.449     7.448    vit_system_i/vit_phase_e_axi_0/inst/u_core/u_npu/u_engine/u_gelu/u_serial_core/u_exp_from_integer/result[30]_INST_0_i_33_n_0
    SLICE_X48Y51         LUT5 (Prop_F6LUT_SLICEL_I0_O)
                                                      0.039     7.487 r  vit_system_i/vit_phase_e_axi_0/inst/u_core/u_npu/u_engine/u_gelu/u_serial_core/u_exp_from_integer/result[30]_INST_0_i_14/O
                         net (fo=1, routed)           0.236     7.723    vit_system_i/vit_phase_e_axi_0/inst/u_core/u_npu/u_engine/u_gelu/u_serial_core/u_exp_from_integer/result[30]_INST_0_i_14_n_0
    SLICE_X47Y50         LUT6 (Prop_H6LUT_SLICEL_I2_O)
                                                      0.179     7.902 r  vit_system_i/vit_phase_e_axi_0/inst/u_core/u_npu/u_engine/u_gelu/u_serial_core/u_exp_from_integer/result[30]_INST_0_i_2/O
                         net (fo=89, routed)          0.304     8.206    vit_system_i/vit_phase_e_axi_0/inst/u_core/u_npu/u_engine/u_gelu/u_serial_core/u_exp_from_integer/result[30]_INST_0_i_2_n_0
    SLICE_X46Y48         LUT3 (Prop_A6LUT_SLICEL_I2_O)
                                                      0.039     8.245 f  vit_system_i/vit_phase_e_axi_0/inst/u_core/u_npu/u_engine/u_gelu/u_serial_core/u_exp_from_integer/result[22]_INST_0_i_39/O
                         net (fo=33, routed)          0.312     8.557    vit_system_i/vit_phase_e_axi_0/inst/u_core/u_npu/u_engine/u_gelu/u_serial_core/u_exp_from_integer/result[22]_INST_0_i_39_n_0
    SLICE_X47Y49         LUT3 (Prop_C6LUT_SLICEL_I0_O)
                                                      0.148     8.705 r  vit_system_i/vit_phase_e_axi_0/inst/u_core/u_npu/u_engine/u_gelu/u_serial_core/u_exp_from_integer/result[30]_INST_0_i_117/O
                         net (fo=1, routed)           0.011     8.716    vit_system_i/vit_phase_e_axi_0/inst/u_core/u_npu/u_engine/u_gelu/u_serial_core/u_exp_from_integer/result[30]_INST_0_i_117_n_0
    SLICE_X47Y49         CARRY8 (Prop_CARRY8_SLICEL_S[2]_O[5])
                                                      0.245     8.961 f  vit_system_i/vit_phase_e_axi_0/inst/u_core/u_npu/u_engine/u_gelu/u_serial_core/u_exp_from_integer/result[30]_INST_0_i_93/O[5]
                         net (fo=3, routed)           0.525     9.486    vit_system_i/vit_phase_e_axi_0/inst/u_core/u_npu/u_engine/u_gelu/u_serial_core/u_exp_from_integer/result[30]_INST_0_i_93_n_10
    SLICE_X49Y50         LUT6 (Prop_H6LUT_SLICEL_I3_O)
                                                      0.149     9.635 f  vit_system_i/vit_phase_e_axi_0/inst/u_core/u_npu/u_engine/u_gelu/u_serial_core/u_exp_from_integer/result[30]_INST_0_i_78/O
                         net (fo=1, routed)           0.491    10.126    vit_system_i/vit_phase_e_axi_0/inst/u_core/u_npu/u_engine/u_gelu/u_serial_core/u_exp_from_integer/result[30]_INST_0_i_78_n_0
    SLICE_X48Y49         CARRY8 (Prop_CARRY8_SLICEL_DI[3]_CO[7])
                                                      0.131    10.257 f  vit_system_i/vit_phase_e_axi_0/inst/u_core/u_npu/u_engine/u_gelu/u_serial_core/u_exp_from_integer/result[30]_INST_0_i_45/CO[7]
                         net (fo=1, routed)           0.028    10.285    vit_system_i/vit_phase_e_axi_0/inst/u_core/u_npu/u_engine/u_gelu/u_serial_core/u_exp_from_integer/result[30]_INST_0_i_45_n_0
    SLICE_X48Y50         CARRY8 (Prop_CARRY8_SLICEL_CI_CO[7])
                                                      0.030    10.315 f  vit_system_i/vit_phase_e_axi_0/inst/u_core/u_npu/u_engine/u_gelu/u_serial_core/u_exp_from_integer/result[30]_INST_0_i_25/CO[7]
                         net (fo=3, routed)           0.611    10.926    vit_system_i/vit_phase_e_axi_0/inst/u_core/u_npu/u_engine/u_gelu/u_serial_core/u_exp_from_integer/result[30]_INST_0_i_25_n_0
    SLICE_X49Y47         LUT5 (Prop_E6LUT_SLICEL_I3_O)
                                                      0.039    10.965 r  vit_system_i/vit_phase_e_axi_0/inst/u_core/u_npu/u_engine/u_gelu/u_serial_core/u_exp_from_integer/result[22]_INST_0_i_3/O
                         net (fo=23, routed)          0.295    11.260    vit_system_i/vit_phase_e_axi_0/inst/u_core/u_npu/u_engine/u_gelu/u_serial_core/u_exp_from_integer/result[22]_INST_0_i_3_n_0
    SLICE_X51Y41         LUT5 (Prop_E6LUT_SLICEL_I2_O)
                                                      0.176    11.436 f  vit_system_i/vit_phase_e_axi_0/inst/u_core/u_npu/u_engine/u_gelu/u_serial_core/u_exp_from_integer/result[12]_INST_0_i_1/O
                         net (fo=2, routed)           0.167    11.603    vit_system_i/vit_phase_e_axi_0/inst/u_core/u_npu/u_engine/u_gelu/u_serial_core/u_exp_from_integer/result[12]_INST_0_i_1_n_0
    SLICE_X51Y39         LUT3 (Prop_C6LUT_SLICEL_I2_O)
                                                      0.148    11.751 f  vit_system_i/vit_phase_e_axi_0/inst/u_core/u_npu/u_engine/u_gelu/u_serial_core/u_exp_from_integer/result[11]_INST_0/O
                         net (fo=1, routed)           0.236    11.987    vit_system_i/vit_phase_e_axi_0/inst/u_core/u_npu/u_engine/u_gelu/u_serial_core/integer_as_fp32[11]
    SLICE_X51Y32         LUT5 (Prop_B6LUT_SLICEL_I1_O)
                                                      0.064    12.051 f  vit_system_i/vit_phase_e_axi_0/inst/u_core/u_npu/u_engine/u_gelu/u_serial_core/mul_operand_a[11]_INST_0_i_2/O
                         net (fo=1, routed)           0.244    12.295    vit_system_i/vit_phase_e_axi_0/inst/u_core/u_npu/u_engine/u_gelu/u_serial_core/mul_operand_a[11]_INST_0_i_2_n_0
    SLICE_X49Y28         LUT6 (Prop_B6LUT_SLICEL_I3_O)
                                                      0.040    12.335 f  vit_system_i/vit_phase_e_axi_0/inst/u_core/u_npu/u_engine/u_gelu/u_serial_core/mul_operand_a[11]_INST_0/O
                         net (fo=1, routed)           0.715    13.050    vit_system_i/vit_phase_e_axi_0/inst/u_core/u_npu/u_engine/gelu_mul_operand_a[11]
    SLICE_X46Y18         LUT6 (Prop_H6LUT_SLICEL_I4_O)
                                                      0.116    13.166 f  vit_system_i/vit_phase_e_axi_0/inst/u_core/u_npu/u_engine/u_engine_shared_multiplier_i_85/O
                         net (fo=1, routed)           0.157    13.323    vit_system_i/vit_phase_e_axi_0/inst/u_core/u_npu/u_engine/u_engine_shared_multiplier_i_85_n_0
    SLICE_X46Y18         LUT4 (Prop_A6LUT_SLICEL_I3_O)
                                                      0.064    13.387 f  vit_system_i/vit_phase_e_axi_0/inst/u_core/u_npu/u_engine/u_engine_shared_multiplier_i_21/O
                         net (fo=50, routed)          0.667    14.055    vit_system_i/vit_phase_e_axi_0/inst/u_core/u_npu/u_engine/u_engine_shared_multiplier/a[11]
    SLICE_X51Y22         LUT2 (Prop_C5LUT_SLICEL_I0_O)
                                                      0.135    14.190 r  vit_system_i/vit_phase_e_axi_0/inst/u_core/u_npu/u_engine/u_engine_shared_multiplier/result[15]_INST_0_i_253/O
                         net (fo=1, routed)           0.318    14.508    vit_system_i/vit_phase_e_axi_0/inst/u_core/u_npu/u_engine/u_engine_shared_multiplier/result[15]_INST_0_i_253_n_0
    SLICE_X53Y21         LUT6 (Prop_F6LUT_SLICEM_I3_O)
                                                      0.038    14.546 r  vit_system_i/vit_phase_e_axi_0/inst/u_core/u_npu/u_engine/u_engine_shared_multiplier/result[15]_INST_0_i_210/O
                         net (fo=1, routed)           0.024    14.570    vit_system_i/vit_phase_e_axi_0/inst/u_core/u_npu/u_engine/u_engine_shared_multiplier/result[15]_INST_0_i_210_n_0
    SLICE_X53Y21         CARRY8 (Prop_CARRY8_SLICEM_S[5]_CO[7])
                                                      0.202    14.772 r  vit_system_i/vit_phase_e_axi_0/inst/u_core/u_npu/u_engine/u_engine_shared_multiplier/result[15]_INST_0_i_117/CO[7]
                         net (fo=1, routed)           0.028    14.800    vit_system_i/vit_phase_e_axi_0/inst/u_core/u_npu/u_engine/u_engine_shared_multiplier/result[15]_INST_0_i_117_n_0
    SLICE_X53Y22         CARRY8 (Prop_CARRY8_SLICEM_CI_O[0])
                                                      0.072    14.872 r  vit_system_i/vit_phase_e_axi_0/inst/u_core/u_npu/u_engine/u_engine_shared_multiplier/result[21]_INST_0_i_97/O[0]
                         net (fo=2, routed)           0.400    15.272    vit_system_i/vit_phase_e_axi_0/inst/u_core/u_npu/u_engine/u_engine_shared_multiplier/result[21]_INST_0_i_97_n_15
    SLICE_X50Y20         LUT3 (Prop_C5LUT_SLICEL_I0_O)
                                                      0.135    15.407 r  vit_system_i/vit_phase_e_axi_0/inst/u_core/u_npu/u_engine/u_engine_shared_multiplier/result[15]_INST_0_i_91/O
                         net (fo=2, routed)           0.144    15.551    vit_system_i/vit_phase_e_axi_0/inst/u_core/u_npu/u_engine/u_engine_shared_multiplier/result[15]_INST_0_i_91_n_0
    SLICE_X50Y20         LUT4 (Prop_D6LUT_SLICEL_I3_O)
                                                      0.116    15.667 r  vit_system_i/vit_phase_e_axi_0/inst/u_core/u_npu/u_engine/u_engine_shared_multiplier/result[15]_INST_0_i_99/O
                         net (fo=1, routed)           0.010    15.677    vit_system_i/vit_phase_e_axi_0/inst/u_core/u_npu/u_engine/u_engine_shared_multiplier/result[15]_INST_0_i_99_n_0
    SLICE_X50Y20         CARRY8 (Prop_CARRY8_SLICEL_S[3]_O[4])
                                                      0.182    15.859 r  vit_system_i/vit_phase_e_axi_0/inst/u_core/u_npu/u_engine/u_engine_shared_multiplier/result[15]_INST_0_i_36/O[4]
                         net (fo=3, routed)           0.757    16.615    vit_system_i/vit_phase_e_axi_0/inst/u_core/u_npu/u_engine/u_engine_shared_multiplier/result[15]_INST_0_i_36_n_11
    SLICE_X46Y19         LUT3 (Prop_A6LUT_SLICEL_I2_O)
                                                      0.100    16.715 r  vit_system_i/vit_phase_e_axi_0/inst/u_core/u_npu/u_engine/u_engine_shared_multiplier/result[7]_INST_0_i_58/O
                         net (fo=2, routed)           0.195    16.910    vit_system_i/vit_phase_e_axi_0/inst/u_core/u_npu/u_engine/u_engine_shared_multiplier/result[7]_INST_0_i_58_n_0
    SLICE_X46Y20         LUT5 (Prop_A6LUT_SLICEL_I1_O)
                                                      0.149    17.059 r  vit_system_i/vit_phase_e_axi_0/inst/u_core/u_npu/u_engine/u_engine_shared_multiplier/result[7]_INST_0_i_19/O
                         net (fo=2, routed)           0.175    17.234    vit_system_i/vit_phase_e_axi_0/inst/u_core/u_npu/u_engine/u_engine_shared_multiplier/result[7]_INST_0_i_19_n_0
    SLICE_X45Y20         LUT6 (Prop_G6LUT_SLICEM_I0_O)
                                                      0.100    17.334 r  vit_system_i/vit_phase_e_axi_0/inst/u_core/u_npu/u_engine/u_engine_shared_multiplier/result[7]_INST_0_i_27/O
                         net (fo=1, routed)           0.017    17.351    vit_system_i/vit_phase_e_axi_0/inst/u_core/u_npu/u_engine/u_engine_shared_multiplier/result[7]_INST_0_i_27_n_0
    SLICE_X45Y20         CARRY8 (Prop_CARRY8_SLICEM_S[6]_CO[7])
                                                      0.150    17.501 r  vit_system_i/vit_phase_e_axi_0/inst/u_core/u_npu/u_engine/u_engine_shared_multiplier/result[7]_INST_0_i_11/CO[7]
                         net (fo=1, routed)           0.028    17.529    vit_system_i/vit_phase_e_axi_0/inst/u_core/u_npu/u_engine/u_engine_shared_multiplier/result[7]_INST_0_i_11_n_0
    SLICE_X45Y21         CARRY8 (Prop_CARRY8_SLICEM_CI_CO[7])
                                                      0.023    17.552 r  vit_system_i/vit_phase_e_axi_0/inst/u_core/u_npu/u_engine/u_engine_shared_multiplier/result[15]_INST_0_i_10/CO[7]
                         net (fo=1, routed)           0.028    17.580    vit_system_i/vit_phase_e_axi_0/inst/u_core/u_npu/u_engine/u_engine_shared_multiplier/result[15]_INST_0_i_10_n_0
    SLICE_X45Y22         CARRY8 (Prop_CARRY8_SLICEM_CI_CO[7])
                                                      0.023    17.603 r  vit_system_i/vit_phase_e_axi_0/inst/u_core/u_npu/u_engine/u_engine_shared_multiplier/result[21]_INST_0_i_11/CO[7]
                         net (fo=1, routed)           0.028    17.631    vit_system_i/vit_phase_e_axi_0/inst/u_core/u_npu/u_engine/u_engine_shared_multiplier/result[21]_INST_0_i_11_n_0
    SLICE_X45Y23         CARRY8 (Prop_CARRY8_SLICEM_CI_O[4])
                                                      0.109    17.740 r  vit_system_i/vit_phase_e_axi_0/inst/u_core/u_npu/u_engine/u_engine_shared_multiplier/result[30]_INST_0_i_70/O[4]
                         net (fo=58, routed)          0.322    18.063    vit_system_i/vit_phase_e_axi_0/inst/u_core/u_npu/u_engine/u_engine_shared_multiplier/p_0_in
    SLICE_X44Y21         LUT4 (Prop_D5LUT_SLICEL_I1_O)
                                                      0.080    18.143 r  vit_system_i/vit_phase_e_axi_0/inst/u_core/u_npu/u_engine/u_engine_shared_multiplier/result[7]_INST_0_i_39/O
                         net (fo=1, routed)           0.181    18.324    vit_system_i/vit_phase_e_axi_0/inst/u_core/u_npu/u_engine/u_engine_shared_multiplier/result[7]_INST_0_i_39_n_0
    SLICE_X44Y21         LUT5 (Prop_A6LUT_SLICEL_I4_O)
                                                      0.064    18.388 r  vit_system_i/vit_phase_e_axi_0/inst/u_core/u_npu/u_engine/u_engine_shared_multiplier/result[7]_INST_0_i_15/O
                         net (fo=1, routed)           0.162    18.550    vit_system_i/vit_phase_e_axi_0/inst/u_core/u_npu/u_engine/u_engine_shared_multiplier/result[7]_INST_0_i_15_n_0
    SLICE_X44Y24         LUT6 (Prop_A6LUT_SLICEL_I4_O)
                                                      0.115    18.665 r  vit_system_i/vit_phase_e_axi_0/inst/u_core/u_npu/u_engine/u_engine_shared_multiplier/result[7]_INST_0_i_10/O
                         net (fo=1, routed)           0.011    18.676    vit_system_i/vit_phase_e_axi_0/inst/u_core/u_npu/u_engine/u_engine_shared_multiplier/result[7]_INST_0_i_10_n_0
    SLICE_X44Y24         CARRY8 (Prop_CARRY8_SLICEL_S[0]_CO[7])
                                                      0.238    18.914 r  vit_system_i/vit_phase_e_axi_0/inst/u_core/u_npu/u_engine/u_engine_shared_multiplier/result[7]_INST_0_i_1/CO[7]
                         net (fo=1, routed)           0.028    18.942    vit_system_i/vit_phase_e_axi_0/inst/u_core/u_npu/u_engine/u_engine_shared_multiplier/result[7]_INST_0_i_1_n_0
    SLICE_X44Y25         CARRY8 (Prop_CARRY8_SLICEL_CI_CO[7])
                                                      0.023    18.965 r  vit_system_i/vit_phase_e_axi_0/inst/u_core/u_npu/u_engine/u_engine_shared_multiplier/result[15]_INST_0_i_1/CO[7]
                         net (fo=1, routed)           0.028    18.993    vit_system_i/vit_phase_e_axi_0/inst/u_core/u_npu/u_engine/u_engine_shared_multiplier/result[15]_INST_0_i_1_n_0
    SLICE_X44Y26         CARRY8 (Prop_CARRY8_SLICEL_CI_CO[7])
                                                      0.023    19.016 r  vit_system_i/vit_phase_e_axi_0/inst/u_core/u_npu/u_engine/u_engine_shared_multiplier/result[21]_INST_0_i_1/CO[7]
                         net (fo=1, routed)           0.028    19.044    vit_system_i/vit_phase_e_axi_0/inst/u_core/u_npu/u_engine/u_engine_shared_multiplier/result[21]_INST_0_i_1_n_0
    SLICE_X44Y27         CARRY8 (Prop_CARRY8_SLICEL_CI_CO[0])
                                                      0.068    19.112 r  vit_system_i/vit_phase_e_axi_0/inst/u_core/u_npu/u_engine/u_engine_shared_multiplier/result[21]_INST_0_i_2/CO[0]
                         net (fo=25, routed)          0.555    19.666    vit_system_i/vit_phase_e_axi_0/inst/u_core/u_npu/u_engine/u_engine_shared_multiplier/result[21]_INST_0_i_2_n_7
    SLICE_X43Y33         LUT4 (Prop_A6LUT_SLICEM_I3_O)
                                                      0.064    19.730 r  vit_system_i/vit_phase_e_axi_0/inst/u_core/u_npu/u_engine/u_engine_shared_multiplier/result[30]_INST_0_i_36/O
                         net (fo=1, routed)           0.014    19.744    vit_system_i/vit_phase_e_axi_0/inst/u_core/u_npu/u_engine/u_engine_shared_multiplier/result[30]_INST_0_i_36_n_0
    SLICE_X43Y33         CARRY8 (Prop_CARRY8_SLICEM_S[0]_CO[7])
                                                      0.241    19.985 r  vit_system_i/vit_phase_e_axi_0/inst/u_core/u_npu/u_engine/u_engine_shared_multiplier/result[30]_INST_0_i_3/CO[7]
                         net (fo=1, routed)           0.028    20.013    vit_system_i/vit_phase_e_axi_0/inst/u_core/u_npu/u_engine/u_engine_shared_multiplier/result[30]_INST_0_i_3_n_0
    SLICE_X43Y34         CARRY8 (Prop_CARRY8_SLICEM_CI_O[5])
                                                      0.145    20.158 f  vit_system_i/vit_phase_e_axi_0/inst/u_core/u_npu/u_engine/u_engine_shared_multiplier/result[30]_INST_0_i_72/O[5]
                         net (fo=3, routed)           0.352    20.511    vit_system_i/vit_phase_e_axi_0/inst/u_core/u_npu/u_engine/u_engine_shared_multiplier/exp_result[13]
    SLICE_X43Y37         LUT2 (Prop_F6LUT_SLICEM_I1_O)
                                                      0.062    20.573 r  vit_system_i/vit_phase_e_axi_0/inst/u_core/u_npu/u_engine/u_engine_shared_multiplier/result[30]_INST_0_i_45/O
                         net (fo=1, routed)           0.024    20.597    vit_system_i/vit_phase_e_axi_0/inst/u_core/u_npu/u_engine/u_engine_shared_multiplier/result[30]_INST_0_i_45_n_0
    SLICE_X43Y37         CARRY8 (Prop_CARRY8_SLICEM_S[5]_CO[7])
                                                      0.202    20.799 f  vit_system_i/vit_phase_e_axi_0/inst/u_core/u_npu/u_engine/u_engine_shared_multiplier/result[30]_INST_0_i_5/CO[7]
                         net (fo=1, routed)           0.028    20.827    vit_system_i/vit_phase_e_axi_0/inst/u_core/u_npu/u_engine/u_engine_shared_multiplier/result[30]_INST_0_i_5_n_0
    SLICE_X43Y38         CARRY8 (Prop_CARRY8_SLICEM_CI_CO[6])
                                                      0.116    20.943 f  vit_system_i/vit_phase_e_axi_0/inst/u_core/u_npu/u_engine/u_engine_shared_multiplier/result[30]_INST_0_i_1/CO[6]
                         net (fo=31, routed)          0.353    21.296    vit_system_i/vit_phase_e_axi_0/inst/u_core/u_npu/u_engine/u_engine_shared_multiplier/result[30]_INST_0_i_1_n_1
    SLICE_X43Y30         LUT6 (Prop_F6LUT_SLICEM_I5_O)
                                                      0.148    21.444 r  vit_system_i/vit_phase_e_axi_0/inst/u_core/u_npu/u_engine/u_engine_shared_multiplier/result[14]_INST_0/O
                         net (fo=44, routed)          0.768    22.212    vit_system_i/vit_phase_e_axi_0/inst/u_core/u_npu/u_engine/u_vector/external_mul_result[14]
    SLICE_X46Y22         LUT6 (Prop_C6LUT_SLICEL_I4_O)
                                                      0.063    22.275 r  vit_system_i/vit_phase_e_axi_0/inst/u_core/u_npu/u_engine/u_vector/result_data_reg[46]_i_1/O
                         net (fo=1, routed)           0.059    22.334    vit_system_i/vit_phase_e_axi_0/inst/u_core/u_npu/u_engine/u_vector/result_data_reg[46]_i_1_n_0
    SLICE_X46Y22         FDRE                                         r  vit_system_i/vit_phase_e_axi_0/inst/u_core/u_npu/u_engine/u_vector/result_data_reg_reg[46]/D
  -------------------------------------------------------------------    -------------------

                         (clock clk_pl_0 rise edge)
                                                     20.000    20.000 r  
    PS8_X0Y0             PS8                          0.000    20.000 r  vit_system_i/zynq_ultra_ps_e_0/inst/PS8_i/PLCLK[0]
                         net (fo=1, routed)           0.140    20.140    vit_system_i/zynq_ultra_ps_e_0/inst/pl_clk_unbuffered[0]
    BUFG_PS_X0Y90        BUFG_PS (Prop_BUFG_PS_I_O)
                                                      0.027    20.167 r  vit_system_i/zynq_ultra_ps_e_0/inst/buffer_pl_clk_0.PL_CLK_0_BUFG/O
    X1Y1 (CLOCK_ROOT)    net (fo=66188, routed)       2.293    22.460    vit_system_i/vit_phase_e_axi_0/inst/u_core/u_npu/u_engine/u_vector/clk
    SLICE_X46Y22         FDRE                                         r  vit_system_i/vit_phase_e_axi_0/inst/u_core/u_npu/u_engine/u_vector/result_data_reg_reg[46]/C
                         clock pessimism              0.228    22.688    
                         clock uncertainty           -0.161    22.526    
    SLICE_X46Y22         FDRE (Setup_CFF_SLICEL_C_D)
                                                      0.027    22.553    vit_system_i/vit_phase_e_axi_0/inst/u_core/u_npu/u_engine/u_vector/result_data_reg_reg[46]
  -------------------------------------------------------------------
                         required time                         22.553    
                         arrival time                         -22.334    
  -------------------------------------------------------------------
                         slack                                  0.219    

Slack (MET) :             0.222ns  (required time - arrival time)
  Source:                 vit_system_i/vit_phase_e_axi_0/inst/u_core/u_npu/u_engine/u_gelu/u_serial_core/exp_scaled_reg[24]/C
                            (rising edge-triggered cell FDRE clocked by clk_pl_0  {rise@0.000ns fall@10.000ns period=20.000ns})
  Destination:            vit_system_i/vit_phase_e_axi_0/inst/u_core/u_npu/u_engine/u_layernorm/token_variance_reg[8]/D
                            (rising edge-triggered cell FDRE clocked by clk_pl_0  {rise@0.000ns fall@10.000ns period=20.000ns})
  Path Group:             clk_pl_0
  Path Type:              Setup (Max at Slow Process Corner)
  Requirement:            20.000ns  (clk_pl_0 rise@20.000ns - clk_pl_0 rise@0.000ns)
  Data Path Delay:        19.488ns  (logic 5.800ns (29.762%)  route 13.688ns (70.238%))
  Logic Levels:           52  (CARRY8=18 LUT2=3 LUT3=7 LUT4=6 LUT5=8 LUT6=10)
  Clock Path Skew:        -0.156ns (DCD - SCD + CPR)
    Destination Clock Delay (DCD):    2.448ns = ( 22.448 - 20.000 ) 
    Source Clock Delay      (SCD):    2.832ns
    Clock Pessimism Removal (CPR):    0.228ns
  Clock Uncertainty:      0.161ns  ((TSJ^2 + DJ^2)^1/2) / 2 + PE
    Total System Jitter     (TSJ):    0.071ns
    Discrete Jitter          (DJ):    0.315ns
    Phase Error              (PE):    0.000ns
  Clock Net Delay (Source):      2.625ns (routing 1.382ns, distribution 1.243ns)
  Clock Net Delay (Destination): 2.281ns (routing 1.258ns, distribution 1.023ns)

    Location             Delay type                Incr(ns)  Path(ns)    Netlist Resource(s)
  -------------------------------------------------------------------    -------------------
                         (clock clk_pl_0 rise edge)
                                                      0.000     0.000 r  
    PS8_X0Y0             PS8                          0.000     0.000 r  vit_system_i/zynq_ultra_ps_e_0/inst/PS8_i/PLCLK[0]
                         net (fo=1, routed)           0.178     0.178    vit_system_i/zynq_ultra_ps_e_0/inst/pl_clk_unbuffered[0]
    BUFG_PS_X0Y90        BUFG_PS (Prop_BUFG_PS_I_O)
                                                      0.029     0.207 r  vit_system_i/zynq_ultra_ps_e_0/inst/buffer_pl_clk_0.PL_CLK_0_BUFG/O
    X1Y1 (CLOCK_ROOT)    net (fo=66188, routed)       2.625     2.832    vit_system_i/vit_phase_e_axi_0/inst/u_core/u_npu/u_engine/u_gelu/u_serial_core/clk
    SLICE_X49Y33         FDRE                                         r  vit_system_i/vit_phase_e_axi_0/inst/u_core/u_npu/u_engine/u_gelu/u_serial_core/exp_scaled_reg[24]/C
  -------------------------------------------------------------------    -------------------
    SLICE_X49Y33         FDRE (Prop_FFF_SLICEL_C_Q)
                                                      0.096     2.928 r  vit_system_i/vit_phase_e_axi_0/inst/u_core/u_npu/u_engine/u_gelu/u_serial_core/exp_scaled_reg[24]/Q
                         net (fo=75, routed)          0.151     3.079    vit_system_i/vit_phase_e_axi_0/inst/u_core/u_npu/u_engine/u_gelu/u_serial_core/u_exp_to_integer/value[24]
    SLICE_X49Y35         LUT3 (Prop_C5LUT_SLICEL_I1_O)
                                                      0.168     3.247 r  vit_system_i/vit_phase_e_axi_0/inst/u_core/u_npu/u_engine/u_gelu/u_serial_core/u_exp_to_integer/result[30]_INST_0_i_17/O
                         net (fo=3, routed)           0.264     3.511    vit_system_i/vit_phase_e_axi_0/inst/u_core/u_npu/u_engine/u_gelu/u_serial_core/u_exp_to_integer/result[30]_INST_0_i_17_n_0
    SLICE_X49Y35         LUT6 (Prop_A6LUT_SLICEL_I1_O)
                                                      0.149     3.660 r  vit_system_i/vit_phase_e_axi_0/inst/u_core/u_npu/u_engine/u_gelu/u_serial_core/u_exp_to_integer/result[30]_INST_0_i_7/O
                         net (fo=32, routed)          0.546     4.206    vit_system_i/vit_phase_e_axi_0/inst/u_core/u_npu/u_engine/u_gelu/u_serial_core/u_exp_to_integer/result[30]_INST_0_i_7_n_0
    SLICE_X48Y37         LUT4 (Prop_E5LUT_SLICEL_I3_O)
                                                      0.124     4.330 r  vit_system_i/vit_phase_e_axi_0/inst/u_core/u_npu/u_engine/u_gelu/u_serial_core/u_exp_to_integer/result[28]_INST_0_i_9/O
                         net (fo=3, routed)           0.245     4.575    vit_system_i/vit_phase_e_axi_0/inst/u_core/u_npu/u_engine/u_gelu/u_serial_core/u_exp_to_integer/result[28]_INST_0_i_9_n_0
    SLICE_X47Y39         LUT5 (Prop_E6LUT_SLICEL_I2_O)
                                                      0.039     4.614 r  vit_system_i/vit_phase_e_axi_0/inst/u_core/u_npu/u_engine/u_gelu/u_serial_core/u_exp_to_integer/result[26]_INST_0_i_6/O
                         net (fo=4, routed)           0.550     5.164    vit_system_i/vit_phase_e_axi_0/inst/u_core/u_npu/u_engine/u_gelu/u_serial_core/u_exp_to_integer/result[26]_INST_0_i_6_n_0
    SLICE_X49Y40         LUT2 (Prop_D6LUT_SLICEL_I0_O)
                                                      0.099     5.263 r  vit_system_i/vit_phase_e_axi_0/inst/u_core/u_npu/u_engine/u_gelu/u_serial_core/u_exp_to_integer/result[10]_INST_0_i_4/O
                         net (fo=1, routed)           0.462     5.725    vit_system_i/vit_phase_e_axi_0/inst/u_core/u_npu/u_engine/u_gelu/u_serial_core/u_exp_to_integer/result[10]_INST_0_i_4_n_0
    SLICE_X48Y39         LUT6 (Prop_D6LUT_SLICEL_I5_O)
                                                      0.174     5.899 r  vit_system_i/vit_phase_e_axi_0/inst/u_core/u_npu/u_engine/u_gelu/u_serial_core/u_exp_to_integer/result[10]_INST_0/O
                         net (fo=3, routed)           0.240     6.139    vit_system_i/vit_phase_e_axi_0/inst/u_core/u_npu/u_engine/u_gelu/u_serial_core/exp_scale_integer_comb[10]
    SLICE_X48Y42         LUT4 (Prop_A6LUT_SLICEL_I1_O)
                                                      0.039     6.178 r  vit_system_i/vit_phase_e_axi_0/inst/u_core/u_npu/u_engine/u_gelu/u_serial_core/u_exp_from_integer_i_22/O
                         net (fo=15, routed)          0.705     6.883    vit_system_i/vit_phase_e_axi_0/inst/u_core/u_npu/u_engine/u_gelu/u_serial_core/u_exp_from_integer/value[10]
    SLICE_X49Y50         LUT5 (Prop_D6LUT_SLICEL_I3_O)
                                                      0.116     6.999 r  vit_system_i/vit_phase_e_axi_0/inst/u_core/u_npu/u_engine/u_gelu/u_serial_core/u_exp_from_integer/result[30]_INST_0_i_33/O
                         net (fo=1, routed)           0.449     7.448    vit_system_i/vit_phase_e_axi_0/inst/u_core/u_npu/u_engine/u_gelu/u_serial_core/u_exp_from_integer/result[30]_INST_0_i_33_n_0
    SLICE_X48Y51         LUT5 (Prop_F6LUT_SLICEL_I0_O)
                                                      0.039     7.487 r  vit_system_i/vit_phase_e_axi_0/inst/u_core/u_npu/u_engine/u_gelu/u_serial_core/u_exp_from_integer/result[30]_INST_0_i_14/O
                         net (fo=1, routed)           0.236     7.723    vit_system_i/vit_phase_e_axi_0/inst/u_core/u_npu/u_engine/u_gelu/u_serial_core/u_exp_from_integer/result[30]_INST_0_i_14_n_0
    SLICE_X47Y50         LUT6 (Prop_H6LUT_SLICEL_I2_O)
                                                      0.179     7.902 r  vit_system_i/vit_phase_e_axi_0/inst/u_core/u_npu/u_engine/u_gelu/u_serial_core/u_exp_from_integer/result[30]_INST_0_i_2/O
                         net (fo=89, routed)          0.304     8.206    vit_system_i/vit_phase_e_axi_0/inst/u_core/u_npu/u_engine/u_gelu/u_serial_core/u_exp_from_integer/result[30]_INST_0_i_2_n_0
    SLICE_X46Y48         LUT3 (Prop_A6LUT_SLICEL_I2_O)
                                                      0.039     8.245 f  vit_system_i/vit_phase_e_axi_0/inst/u_core/u_npu/u_engine/u_gelu/u_serial_core/u_exp_from_integer/result[22]_INST_0_i_39/O
                         net (fo=33, routed)          0.312     8.557    vit_system_i/vit_phase_e_axi_0/inst/u_core/u_npu/u_engine/u_gelu/u_serial_core/u_exp_from_integer/result[22]_INST_0_i_39_n_0
    SLICE_X47Y49         LUT3 (Prop_C6LUT_SLICEL_I0_O)
                                                      0.148     8.705 r  vit_system_i/vit_phase_e_axi_0/inst/u_core/u_npu/u_engine/u_gelu/u_serial_core/u_exp_from_integer/result[30]_INST_0_i_117/O
                         net (fo=1, routed)           0.011     8.716    vit_system_i/vit_phase_e_axi_0/inst/u_core/u_npu/u_engine/u_gelu/u_serial_core/u_exp_from_integer/result[30]_INST_0_i_117_n_0
    SLICE_X47Y49         CARRY8 (Prop_CARRY8_SLICEL_S[2]_O[5])
                                                      0.245     8.961 f  vit_system_i/vit_phase_e_axi_0/inst/u_core/u_npu/u_engine/u_gelu/u_serial_core/u_exp_from_integer/result[30]_INST_0_i_93/O[5]
                         net (fo=3, routed)           0.525     9.486    vit_system_i/vit_phase_e_axi_0/inst/u_core/u_npu/u_engine/u_gelu/u_serial_core/u_exp_from_integer/result[30]_INST_0_i_93_n_10
    SLICE_X49Y50         LUT6 (Prop_H6LUT_SLICEL_I3_O)
                                                      0.149     9.635 f  vit_system_i/vit_phase_e_axi_0/inst/u_core/u_npu/u_engine/u_gelu/u_serial_core/u_exp_from_integer/result[30]_INST_0_i_78/O
                         net (fo=1, routed)           0.491    10.126    vit_system_i/vit_phase_e_axi_0/inst/u_core/u_npu/u_engine/u_gelu/u_serial_core/u_exp_from_integer/result[30]_INST_0_i_78_n_0
    SLICE_X48Y49         CARRY8 (Prop_CARRY8_SLICEL_DI[3]_CO[7])
                                                      0.131    10.257 f  vit_system_i/vit_phase_e_axi_0/inst/u_core/u_npu/u_engine/u_gelu/u_serial_core/u_exp_from_integer/result[30]_INST_0_i_45/CO[7]
                         net (fo=1, routed)           0.028    10.285    vit_system_i/vit_phase_e_axi_0/inst/u_core/u_npu/u_engine/u_gelu/u_serial_core/u_exp_from_integer/result[30]_INST_0_i_45_n_0
    SLICE_X48Y50         CARRY8 (Prop_CARRY8_SLICEL_CI_CO[7])
                                                      0.030    10.315 f  vit_system_i/vit_phase_e_axi_0/inst/u_core/u_npu/u_engine/u_gelu/u_serial_core/u_exp_from_integer/result[30]_INST_0_i_25/CO[7]
                         net (fo=3, routed)           0.611    10.926    vit_system_i/vit_phase_e_axi_0/inst/u_core/u_npu/u_engine/u_gelu/u_serial_core/u_exp_from_integer/result[30]_INST_0_i_25_n_0
    SLICE_X49Y47         LUT5 (Prop_E6LUT_SLICEL_I3_O)
                                                      0.039    10.965 r  vit_system_i/vit_phase_e_axi_0/inst/u_core/u_npu/u_engine/u_gelu/u_serial_core/u_exp_from_integer/result[22]_INST_0_i_3/O
                         net (fo=23, routed)          0.295    11.260    vit_system_i/vit_phase_e_axi_0/inst/u_core/u_npu/u_engine/u_gelu/u_serial_core/u_exp_from_integer/result[22]_INST_0_i_3_n_0
    SLICE_X51Y41         LUT5 (Prop_E6LUT_SLICEL_I2_O)
                                                      0.176    11.436 f  vit_system_i/vit_phase_e_axi_0/inst/u_core/u_npu/u_engine/u_gelu/u_serial_core/u_exp_from_integer/result[12]_INST_0_i_1/O
                         net (fo=2, routed)           0.167    11.603    vit_system_i/vit_phase_e_axi_0/inst/u_core/u_npu/u_engine/u_gelu/u_serial_core/u_exp_from_integer/result[12]_INST_0_i_1_n_0
    SLICE_X51Y39         LUT3 (Prop_C6LUT_SLICEL_I2_O)
                                                      0.148    11.751 f  vit_system_i/vit_phase_e_axi_0/inst/u_core/u_npu/u_engine/u_gelu/u_serial_core/u_exp_from_integer/result[11]_INST_0/O
                         net (fo=1, routed)           0.236    11.987    vit_system_i/vit_phase_e_axi_0/inst/u_core/u_npu/u_engine/u_gelu/u_serial_core/integer_as_fp32[11]
    SLICE_X51Y32         LUT5 (Prop_B6LUT_SLICEL_I1_O)
                                                      0.064    12.051 f  vit_system_i/vit_phase_e_axi_0/inst/u_core/u_npu/u_engine/u_gelu/u_serial_core/mul_operand_a[11]_INST_0_i_2/O
                         net (fo=1, routed)           0.244    12.295    vit_system_i/vit_phase_e_axi_0/inst/u_core/u_npu/u_engine/u_gelu/u_serial_core/mul_operand_a[11]_INST_0_i_2_n_0
    SLICE_X49Y28         LUT6 (Prop_B6LUT_SLICEL_I3_O)
                                                      0.040    12.335 f  vit_system_i/vit_phase_e_axi_0/inst/u_core/u_npu/u_engine/u_gelu/u_serial_core/mul_operand_a[11]_INST_0/O
                         net (fo=1, routed)           0.715    13.050    vit_system_i/vit_phase_e_axi_0/inst/u_core/u_npu/u_engine/gelu_mul_operand_a[11]
    SLICE_X46Y18         LUT6 (Prop_H6LUT_SLICEL_I4_O)
                                                      0.116    13.166 f  vit_system_i/vit_phase_e_axi_0/inst/u_core/u_npu/u_engine/u_engine_shared_multiplier_i_85/O
                         net (fo=1, routed)           0.157    13.323    vit_system_i/vit_phase_e_axi_0/inst/u_core/u_npu/u_engine/u_engine_shared_multiplier_i_85_n_0
    SLICE_X46Y18         LUT4 (Prop_A6LUT_SLICEL_I3_O)
                                                      0.064    13.387 f  vit_system_i/vit_phase_e_axi_0/inst/u_core/u_npu/u_engine/u_engine_shared_multiplier_i_21/O
                         net (fo=50, routed)          0.667    14.055    vit_system_i/vit_phase_e_axi_0/inst/u_core/u_npu/u_engine/u_engine_shared_multiplier/a[11]
    SLICE_X51Y22         LUT2 (Prop_C5LUT_SLICEL_I0_O)
                                                      0.135    14.190 r  vit_system_i/vit_phase_e_axi_0/inst/u_core/u_npu/u_engine/u_engine_shared_multiplier/result[15]_INST_0_i_253/O
                         net (fo=1, routed)           0.318    14.508    vit_system_i/vit_phase_e_axi_0/inst/u_core/u_npu/u_engine/u_engine_shared_multiplier/result[15]_INST_0_i_253_n_0
    SLICE_X53Y21         LUT6 (Prop_F6LUT_SLICEM_I3_O)
                                                      0.038    14.546 r  vit_system_i/vit_phase_e_axi_0/inst/u_core/u_npu/u_engine/u_engine_shared_multiplier/result[15]_INST_0_i_210/O
                         net (fo=1, routed)           0.024    14.570    vit_system_i/vit_phase_e_axi_0/inst/u_core/u_npu/u_engine/u_engine_shared_multiplier/result[15]_INST_0_i_210_n_0
    SLICE_X53Y21         CARRY8 (Prop_CARRY8_SLICEM_S[5]_CO[7])
                                                      0.202    14.772 r  vit_system_i/vit_phase_e_axi_0/inst/u_core/u_npu/u_engine/u_engine_shared_multiplier/result[15]_INST_0_i_117/CO[7]
                         net (fo=1, routed)           0.028    14.800    vit_system_i/vit_phase_e_axi_0/inst/u_core/u_npu/u_engine/u_engine_shared_multiplier/result[15]_INST_0_i_117_n_0
    SLICE_X53Y22         CARRY8 (Prop_CARRY8_SLICEM_CI_O[0])
                                                      0.072    14.872 r  vit_system_i/vit_phase_e_axi_0/inst/u_core/u_npu/u_engine/u_engine_shared_multiplier/result[21]_INST_0_i_97/O[0]
                         net (fo=2, routed)           0.400    15.272    vit_system_i/vit_phase_e_axi_0/inst/u_core/u_npu/u_engine/u_engine_shared_multiplier/result[21]_INST_0_i_97_n_15
    SLICE_X50Y20         LUT3 (Prop_C5LUT_SLICEL_I0_O)
                                                      0.135    15.407 r  vit_system_i/vit_phase_e_axi_0/inst/u_core/u_npu/u_engine/u_engine_shared_multiplier/result[15]_INST_0_i_91/O
                         net (fo=2, routed)           0.144    15.551    vit_system_i/vit_phase_e_axi_0/inst/u_core/u_npu/u_engine/u_engine_shared_multiplier/result[15]_INST_0_i_91_n_0
    SLICE_X50Y20         LUT4 (Prop_D6LUT_SLICEL_I3_O)
                                                      0.116    15.667 r  vit_system_i/vit_phase_e_axi_0/inst/u_core/u_npu/u_engine/u_engine_shared_multiplier/result[15]_INST_0_i_99/O
                         net (fo=1, routed)           0.010    15.677    vit_system_i/vit_phase_e_axi_0/inst/u_core/u_npu/u_engine/u_engine_shared_multiplier/result[15]_INST_0_i_99_n_0
    SLICE_X50Y20         CARRY8 (Prop_CARRY8_SLICEL_S[3]_O[4])
                                                      0.182    15.859 r  vit_system_i/vit_phase_e_axi_0/inst/u_core/u_npu/u_engine/u_engine_shared_multiplier/result[15]_INST_0_i_36/O[4]
                         net (fo=3, routed)           0.757    16.615    vit_system_i/vit_phase_e_axi_0/inst/u_core/u_npu/u_engine/u_engine_shared_multiplier/result[15]_INST_0_i_36_n_11
    SLICE_X46Y19         LUT3 (Prop_A6LUT_SLICEL_I2_O)
                                                      0.100    16.715 r  vit_system_i/vit_phase_e_axi_0/inst/u_core/u_npu/u_engine/u_engine_shared_multiplier/result[7]_INST_0_i_58/O
                         net (fo=2, routed)           0.195    16.910    vit_system_i/vit_phase_e_axi_0/inst/u_core/u_npu/u_engine/u_engine_shared_multiplier/result[7]_INST_0_i_58_n_0
    SLICE_X46Y20         LUT5 (Prop_A6LUT_SLICEL_I1_O)
                                                      0.149    17.059 r  vit_system_i/vit_phase_e_axi_0/inst/u_core/u_npu/u_engine/u_engine_shared_multiplier/result[7]_INST_0_i_19/O
                         net (fo=2, routed)           0.175    17.234    vit_system_i/vit_phase_e_axi_0/inst/u_core/u_npu/u_engine/u_engine_shared_multiplier/result[7]_INST_0_i_19_n_0
    SLICE_X45Y20         LUT6 (Prop_G6LUT_SLICEM_I0_O)
                                                      0.100    17.334 r  vit_system_i/vit_phase_e_axi_0/inst/u_core/u_npu/u_engine/u_engine_shared_multiplier/result[7]_INST_0_i_27/O
                         net (fo=1, routed)           0.017    17.351    vit_system_i/vit_phase_e_axi_0/inst/u_core/u_npu/u_engine/u_engine_shared_multiplier/result[7]_INST_0_i_27_n_0
    SLICE_X45Y20         CARRY8 (Prop_CARRY8_SLICEM_S[6]_CO[7])
                                                      0.150    17.501 r  vit_system_i/vit_phase_e_axi_0/inst/u_core/u_npu/u_engine/u_engine_shared_multiplier/result[7]_INST_0_i_11/CO[7]
                         net (fo=1, routed)           0.028    17.529    vit_system_i/vit_phase_e_axi_0/inst/u_core/u_npu/u_engine/u_engine_shared_multiplier/result[7]_INST_0_i_11_n_0
    SLICE_X45Y21         CARRY8 (Prop_CARRY8_SLICEM_CI_CO[7])
                                                      0.023    17.552 r  vit_system_i/vit_phase_e_axi_0/inst/u_core/u_npu/u_engine/u_engine_shared_multiplier/result[15]_INST_0_i_10/CO[7]
                         net (fo=1, routed)           0.028    17.580    vit_system_i/vit_phase_e_axi_0/inst/u_core/u_npu/u_engine/u_engine_shared_multiplier/result[15]_INST_0_i_10_n_0
    SLICE_X45Y22         CARRY8 (Prop_CARRY8_SLICEM_CI_CO[7])
                                                      0.023    17.603 r  vit_system_i/vit_phase_e_axi_0/inst/u_core/u_npu/u_engine/u_engine_shared_multiplier/result[21]_INST_0_i_11/CO[7]
                         net (fo=1, routed)           0.028    17.631    vit_system_i/vit_phase_e_axi_0/inst/u_core/u_npu/u_engine/u_engine_shared_multiplier/result[21]_INST_0_i_11_n_0
    SLICE_X45Y23         CARRY8 (Prop_CARRY8_SLICEM_CI_O[4])
                                                      0.109    17.740 r  vit_system_i/vit_phase_e_axi_0/inst/u_core/u_npu/u_engine/u_engine_shared_multiplier/result[30]_INST_0_i_70/O[4]
                         net (fo=58, routed)          0.322    18.063    vit_system_i/vit_phase_e_axi_0/inst/u_core/u_npu/u_engine/u_engine_shared_multiplier/p_0_in
    SLICE_X44Y21         LUT4 (Prop_D5LUT_SLICEL_I1_O)
                                                      0.080    18.143 r  vit_system_i/vit_phase_e_axi_0/inst/u_core/u_npu/u_engine/u_engine_shared_multiplier/result[7]_INST_0_i_39/O
                         net (fo=1, routed)           0.181    18.324    vit_system_i/vit_phase_e_axi_0/inst/u_core/u_npu/u_engine/u_engine_shared_multiplier/result[7]_INST_0_i_39_n_0
    SLICE_X44Y21         LUT5 (Prop_A6LUT_SLICEL_I4_O)
                                                      0.064    18.388 r  vit_system_i/vit_phase_e_axi_0/inst/u_core/u_npu/u_engine/u_engine_shared_multiplier/result[7]_INST_0_i_15/O
                         net (fo=1, routed)           0.162    18.550    vit_system_i/vit_phase_e_axi_0/inst/u_core/u_npu/u_engine/u_engine_shared_multiplier/result[7]_INST_0_i_15_n_0
    SLICE_X44Y24         LUT6 (Prop_A6LUT_SLICEL_I4_O)
                                                      0.115    18.665 r  vit_system_i/vit_phase_e_axi_0/inst/u_core/u_npu/u_engine/u_engine_shared_multiplier/result[7]_INST_0_i_10/O
                         net (fo=1, routed)           0.011    18.676    vit_system_i/vit_phase_e_axi_0/inst/u_core/u_npu/u_engine/u_engine_shared_multiplier/result[7]_INST_0_i_10_n_0
    SLICE_X44Y24         CARRY8 (Prop_CARRY8_SLICEL_S[0]_CO[7])
                                                      0.238    18.914 r  vit_system_i/vit_phase_e_axi_0/inst/u_core/u_npu/u_engine/u_engine_shared_multiplier/result[7]_INST_0_i_1/CO[7]
                         net (fo=1, routed)           0.028    18.942    vit_system_i/vit_phase_e_axi_0/inst/u_core/u_npu/u_engine/u_engine_shared_multiplier/result[7]_INST_0_i_1_n_0
    SLICE_X44Y25         CARRY8 (Prop_CARRY8_SLICEL_CI_CO[7])
                                                      0.023    18.965 r  vit_system_i/vit_phase_e_axi_0/inst/u_core/u_npu/u_engine/u_engine_shared_multiplier/result[15]_INST_0_i_1/CO[7]
                         net (fo=1, routed)           0.028    18.993    vit_system_i/vit_phase_e_axi_0/inst/u_core/u_npu/u_engine/u_engine_shared_multiplier/result[15]_INST_0_i_1_n_0
    SLICE_X44Y26         CARRY8 (Prop_CARRY8_SLICEL_CI_CO[7])
                                                      0.023    19.016 r  vit_system_i/vit_phase_e_axi_0/inst/u_core/u_npu/u_engine/u_engine_shared_multiplier/result[21]_INST_0_i_1/CO[7]
                         net (fo=1, routed)           0.028    19.044    vit_system_i/vit_phase_e_axi_0/inst/u_core/u_npu/u_engine/u_engine_shared_multiplier/result[21]_INST_0_i_1_n_0
    SLICE_X44Y27         CARRY8 (Prop_CARRY8_SLICEL_CI_CO[0])
                                                      0.068    19.112 r  vit_system_i/vit_phase_e_axi_0/inst/u_core/u_npu/u_engine/u_engine_shared_multiplier/result[21]_INST_0_i_2/CO[0]
                         net (fo=25, routed)          0.555    19.666    vit_system_i/vit_phase_e_axi_0/inst/u_core/u_npu/u_engine/u_engine_shared_multiplier/result[21]_INST_0_i_2_n_7
    SLICE_X43Y33         LUT4 (Prop_A6LUT_SLICEM_I3_O)
                                                      0.064    19.730 r  vit_system_i/vit_phase_e_axi_0/inst/u_core/u_npu/u_engine/u_engine_shared_multiplier/result[30]_INST_0_i_36/O
                         net (fo=1, routed)           0.014    19.744    vit_system_i/vit_phase_e_axi_0/inst/u_core/u_npu/u_engine/u_engine_shared_multiplier/result[30]_INST_0_i_36_n_0
    SLICE_X43Y33         CARRY8 (Prop_CARRY8_SLICEM_S[0]_CO[7])
                                                      0.241    19.985 r  vit_system_i/vit_phase_e_axi_0/inst/u_core/u_npu/u_engine/u_engine_shared_multiplier/result[30]_INST_0_i_3/CO[7]
                         net (fo=1, routed)           0.028    20.013    vit_system_i/vit_phase_e_axi_0/inst/u_core/u_npu/u_engine/u_engine_shared_multiplier/result[30]_INST_0_i_3_n_0
    SLICE_X43Y34         CARRY8 (Prop_CARRY8_SLICEM_CI_O[5])
                                                      0.145    20.158 f  vit_system_i/vit_phase_e_axi_0/inst/u_core/u_npu/u_engine/u_engine_shared_multiplier/result[30]_INST_0_i_72/O[5]
                         net (fo=3, routed)           0.352    20.511    vit_system_i/vit_phase_e_axi_0/inst/u_core/u_npu/u_engine/u_engine_shared_multiplier/exp_result[13]
    SLICE_X43Y37         LUT2 (Prop_F6LUT_SLICEM_I1_O)
                                                      0.062    20.573 r  vit_system_i/vit_phase_e_axi_0/inst/u_core/u_npu/u_engine/u_engine_shared_multiplier/result[30]_INST_0_i_45/O
                         net (fo=1, routed)           0.024    20.597    vit_system_i/vit_phase_e_axi_0/inst/u_core/u_npu/u_engine/u_engine_shared_multiplier/result[30]_INST_0_i_45_n_0
    SLICE_X43Y37         CARRY8 (Prop_CARRY8_SLICEM_S[5]_CO[7])
                                                      0.202    20.799 f  vit_system_i/vit_phase_e_axi_0/inst/u_core/u_npu/u_engine/u_engine_shared_multiplier/result[30]_INST_0_i_5/CO[7]
                         net (fo=1, routed)           0.028    20.827    vit_system_i/vit_phase_e_axi_0/inst/u_core/u_npu/u_engine/u_engine_shared_multiplier/result[30]_INST_0_i_5_n_0
    SLICE_X43Y38         CARRY8 (Prop_CARRY8_SLICEM_CI_CO[6])
                                                      0.116    20.943 f  vit_system_i/vit_phase_e_axi_0/inst/u_core/u_npu/u_engine/u_engine_shared_multiplier/result[30]_INST_0_i_1/CO[6]
                         net (fo=31, routed)          0.509    21.452    vit_system_i/vit_phase_e_axi_0/inst/u_core/u_npu/u_engine/u_engine_shared_multiplier/result[30]_INST_0_i_1_n_1
    SLICE_X44Y30         LUT6 (Prop_F6LUT_SLICEL_I5_O)
                                                      0.148    21.600 r  vit_system_i/vit_phase_e_axi_0/inst/u_core/u_npu/u_engine/u_engine_shared_multiplier/result[8]_INST_0/O
                         net (fo=44, routed)          0.586    22.186    vit_system_i/vit_phase_e_axi_0/inst/u_core/u_npu/u_engine/u_layernorm/external_mul_result[8]
    SLICE_X43Y18         LUT3 (Prop_H6LUT_SLICEM_I0_O)
                                                      0.066    22.252 r  vit_system_i/vit_phase_e_axi_0/inst/u_core/u_npu/u_engine/u_layernorm/token_variance[8]_i_1/O
                         net (fo=1, routed)           0.068    22.320    vit_system_i/vit_phase_e_axi_0/inst/u_core/u_npu/u_engine/u_layernorm/token_variance[8]_i_1_n_0
    SLICE_X43Y18         FDRE                                         r  vit_system_i/vit_phase_e_axi_0/inst/u_core/u_npu/u_engine/u_layernorm/token_variance_reg[8]/D
  -------------------------------------------------------------------    -------------------

                         (clock clk_pl_0 rise edge)
                                                     20.000    20.000 r  
    PS8_X0Y0             PS8                          0.000    20.000 r  vit_system_i/zynq_ultra_ps_e_0/inst/PS8_i/PLCLK[0]
                         net (fo=1, routed)           0.140    20.140    vit_system_i/zynq_ultra_ps_e_0/inst/pl_clk_unbuffered[0]
    BUFG_PS_X0Y90        BUFG_PS (Prop_BUFG_PS_I_O)
                                                      0.027    20.167 r  vit_system_i/zynq_ultra_ps_e_0/inst/buffer_pl_clk_0.PL_CLK_0_BUFG/O
    X1Y1 (CLOCK_ROOT)    net (fo=66188, routed)       2.281    22.448    vit_system_i/vit_phase_e_axi_0/inst/u_core/u_npu/u_engine/u_layernorm/clk
    SLICE_X43Y18         FDRE                                         r  vit_system_i/vit_phase_e_axi_0/inst/u_core/u_npu/u_engine/u_layernorm/token_variance_reg[8]/C
                         clock pessimism              0.228    22.676    
                         clock uncertainty           -0.161    22.514    
    SLICE_X43Y18         FDRE (Setup_HFF_SLICEM_C_D)
                                                      0.027    22.541    vit_system_i/vit_phase_e_axi_0/inst/u_core/u_npu/u_engine/u_layernorm/token_variance_reg[8]
  -------------------------------------------------------------------
                         required time                         22.541    
                         arrival time                         -22.320    
  -------------------------------------------------------------------
                         slack                                  0.222    

Slack (MET) :             0.226ns  (required time - arrival time)
  Source:                 vit_system_i/vit_phase_e_axi_0/inst/u_core/u_npu/u_engine/u_gelu/u_serial_core/exp_scaled_reg[24]/C
                            (rising edge-triggered cell FDRE clocked by clk_pl_0  {rise@0.000ns fall@10.000ns period=20.000ns})
  Destination:            vit_system_i/vit_phase_e_axi_0/inst/u_core/u_npu/u_engine/u_gelu/u_serial_core/exp_scaled_reg[13]/D
                            (rising edge-triggered cell FDRE clocked by clk_pl_0  {rise@0.000ns fall@10.000ns period=20.000ns})
  Path Group:             clk_pl_0
  Path Type:              Setup (Max at Slow Process Corner)
  Requirement:            20.000ns  (clk_pl_0 rise@20.000ns - clk_pl_0 rise@0.000ns)
  Data Path Delay:        19.503ns  (logic 5.649ns (28.965%)  route 13.854ns (71.035%))
  Logic Levels:           51  (CARRY8=18 LUT2=3 LUT3=6 LUT4=6 LUT5=8 LUT6=10)
  Clock Path Skew:        -0.137ns (DCD - SCD + CPR)
    Destination Clock Delay (DCD):    2.467ns = ( 22.467 - 20.000 ) 
    Source Clock Delay      (SCD):    2.832ns
    Clock Pessimism Removal (CPR):    0.228ns
  Clock Uncertainty:      0.161ns  ((TSJ^2 + DJ^2)^1/2) / 2 + PE
    Total System Jitter     (TSJ):    0.071ns
    Discrete Jitter          (DJ):    0.315ns
    Phase Error              (PE):    0.000ns
  Clock Net Delay (Source):      2.625ns (routing 1.382ns, distribution 1.243ns)
  Clock Net Delay (Destination): 2.300ns (routing 1.258ns, distribution 1.042ns)

    Location             Delay type                Incr(ns)  Path(ns)    Netlist Resource(s)
  -------------------------------------------------------------------    -------------------
                         (clock clk_pl_0 rise edge)
                                                      0.000     0.000 r  
    PS8_X0Y0             PS8                          0.000     0.000 r  vit_system_i/zynq_ultra_ps_e_0/inst/PS8_i/PLCLK[0]
                         net (fo=1, routed)           0.178     0.178    vit_system_i/zynq_ultra_ps_e_0/inst/pl_clk_unbuffered[0]
    BUFG_PS_X0Y90        BUFG_PS (Prop_BUFG_PS_I_O)
                                                      0.029     0.207 r  vit_system_i/zynq_ultra_ps_e_0/inst/buffer_pl_clk_0.PL_CLK_0_BUFG/O
    X1Y1 (CLOCK_ROOT)    net (fo=66188, routed)       2.625     2.832    vit_system_i/vit_phase_e_axi_0/inst/u_core/u_npu/u_engine/u_gelu/u_serial_core/clk
    SLICE_X49Y33         FDRE                                         r  vit_system_i/vit_phase_e_axi_0/inst/u_core/u_npu/u_engine/u_gelu/u_serial_core/exp_scaled_reg[24]/C
  -------------------------------------------------------------------    -------------------
    SLICE_X49Y33         FDRE (Prop_FFF_SLICEL_C_Q)
                                                      0.096     2.928 r  vit_system_i/vit_phase_e_axi_0/inst/u_core/u_npu/u_engine/u_gelu/u_serial_core/exp_scaled_reg[24]/Q
                         net (fo=75, routed)          0.151     3.079    vit_system_i/vit_phase_e_axi_0/inst/u_core/u_npu/u_engine/u_gelu/u_serial_core/u_exp_to_integer/value[24]
    SLICE_X49Y35         LUT3 (Prop_C5LUT_SLICEL_I1_O)
                                                      0.168     3.247 r  vit_system_i/vit_phase_e_axi_0/inst/u_core/u_npu/u_engine/u_gelu/u_serial_core/u_exp_to_integer/result[30]_INST_0_i_17/O
                         net (fo=3, routed)           0.264     3.511    vit_system_i/vit_phase_e_axi_0/inst/u_core/u_npu/u_engine/u_gelu/u_serial_core/u_exp_to_integer/result[30]_INST_0_i_17_n_0
    SLICE_X49Y35         LUT6 (Prop_A6LUT_SLICEL_I1_O)
                                                      0.149     3.660 r  vit_system_i/vit_phase_e_axi_0/inst/u_core/u_npu/u_engine/u_gelu/u_serial_core/u_exp_to_integer/result[30]_INST_0_i_7/O
                         net (fo=32, routed)          0.546     4.206    vit_system_i/vit_phase_e_axi_0/inst/u_core/u_npu/u_engine/u_gelu/u_serial_core/u_exp_to_integer/result[30]_INST_0_i_7_n_0
    SLICE_X48Y37         LUT4 (Prop_E5LUT_SLICEL_I3_O)
                                                      0.124     4.330 r  vit_system_i/vit_phase_e_axi_0/inst/u_core/u_npu/u_engine/u_gelu/u_serial_core/u_exp_to_integer/result[28]_INST_0_i_9/O
                         net (fo=3, routed)           0.245     4.575    vit_system_i/vit_phase_e_axi_0/inst/u_core/u_npu/u_engine/u_gelu/u_serial_core/u_exp_to_integer/result[28]_INST_0_i_9_n_0
    SLICE_X47Y39         LUT5 (Prop_E6LUT_SLICEL_I2_O)
                                                      0.039     4.614 r  vit_system_i/vit_phase_e_axi_0/inst/u_core/u_npu/u_engine/u_gelu/u_serial_core/u_exp_to_integer/result[26]_INST_0_i_6/O
                         net (fo=4, routed)           0.550     5.164    vit_system_i/vit_phase_e_axi_0/inst/u_core/u_npu/u_engine/u_gelu/u_serial_core/u_exp_to_integer/result[26]_INST_0_i_6_n_0
    SLICE_X49Y40         LUT2 (Prop_D6LUT_SLICEL_I0_O)
                                                      0.099     5.263 r  vit_system_i/vit_phase_e_axi_0/inst/u_core/u_npu/u_engine/u_gelu/u_serial_core/u_exp_to_integer/result[10]_INST_0_i_4/O
                         net (fo=1, routed)           0.462     5.725    vit_system_i/vit_phase_e_axi_0/inst/u_core/u_npu/u_engine/u_gelu/u_serial_core/u_exp_to_integer/result[10]_INST_0_i_4_n_0
    SLICE_X48Y39         LUT6 (Prop_D6LUT_SLICEL_I5_O)
                                                      0.174     5.899 r  vit_system_i/vit_phase_e_axi_0/inst/u_core/u_npu/u_engine/u_gelu/u_serial_core/u_exp_to_integer/result[10]_INST_0/O
                         net (fo=3, routed)           0.240     6.139    vit_system_i/vit_phase_e_axi_0/inst/u_core/u_npu/u_engine/u_gelu/u_serial_core/exp_scale_integer_comb[10]
    SLICE_X48Y42         LUT4 (Prop_A6LUT_SLICEL_I1_O)
                                                      0.039     6.178 r  vit_system_i/vit_phase_e_axi_0/inst/u_core/u_npu/u_engine/u_gelu/u_serial_core/u_exp_from_integer_i_22/O
                         net (fo=15, routed)          0.705     6.883    vit_system_i/vit_phase_e_axi_0/inst/u_core/u_npu/u_engine/u_gelu/u_serial_core/u_exp_from_integer/value[10]
    SLICE_X49Y50         LUT5 (Prop_D6LUT_SLICEL_I3_O)
                                                      0.116     6.999 r  vit_system_i/vit_phase_e_axi_0/inst/u_core/u_npu/u_engine/u_gelu/u_serial_core/u_exp_from_integer/result[30]_INST_0_i_33/O
                         net (fo=1, routed)           0.449     7.448    vit_system_i/vit_phase_e_axi_0/inst/u_core/u_npu/u_engine/u_gelu/u_serial_core/u_exp_from_integer/result[30]_INST_0_i_33_n_0
    SLICE_X48Y51         LUT5 (Prop_F6LUT_SLICEL_I0_O)
                                                      0.039     7.487 r  vit_system_i/vit_phase_e_axi_0/inst/u_core/u_npu/u_engine/u_gelu/u_serial_core/u_exp_from_integer/result[30]_INST_0_i_14/O
                         net (fo=1, routed)           0.236     7.723    vit_system_i/vit_phase_e_axi_0/inst/u_core/u_npu/u_engine/u_gelu/u_serial_core/u_exp_from_integer/result[30]_INST_0_i_14_n_0
    SLICE_X47Y50         LUT6 (Prop_H6LUT_SLICEL_I2_O)
                                                      0.179     7.902 r  vit_system_i/vit_phase_e_axi_0/inst/u_core/u_npu/u_engine/u_gelu/u_serial_core/u_exp_from_integer/result[30]_INST_0_i_2/O
                         net (fo=89, routed)          0.304     8.206    vit_system_i/vit_phase_e_axi_0/inst/u_core/u_npu/u_engine/u_gelu/u_serial_core/u_exp_from_integer/result[30]_INST_0_i_2_n_0
    SLICE_X46Y48         LUT3 (Prop_A6LUT_SLICEL_I2_O)
                                                      0.039     8.245 f  vit_system_i/vit_phase_e_axi_0/inst/u_core/u_npu/u_engine/u_gelu/u_serial_core/u_exp_from_integer/result[22]_INST_0_i_39/O
                         net (fo=33, routed)          0.312     8.557    vit_system_i/vit_phase_e_axi_0/inst/u_core/u_npu/u_engine/u_gelu/u_serial_core/u_exp_from_integer/result[22]_INST_0_i_39_n_0
    SLICE_X47Y49         LUT3 (Prop_C6LUT_SLICEL_I0_O)
                                                      0.148     8.705 r  vit_system_i/vit_phase_e_axi_0/inst/u_core/u_npu/u_engine/u_gelu/u_serial_core/u_exp_from_integer/result[30]_INST_0_i_117/O
                         net (fo=1, routed)           0.011     8.716    vit_system_i/vit_phase_e_axi_0/inst/u_core/u_npu/u_engine/u_gelu/u_serial_core/u_exp_from_integer/result[30]_INST_0_i_117_n_0
    SLICE_X47Y49         CARRY8 (Prop_CARRY8_SLICEL_S[2]_O[5])
                                                      0.245     8.961 f  vit_system_i/vit_phase_e_axi_0/inst/u_core/u_npu/u_engine/u_gelu/u_serial_core/u_exp_from_integer/result[30]_INST_0_i_93/O[5]
                         net (fo=3, routed)           0.525     9.486    vit_system_i/vit_phase_e_axi_0/inst/u_core/u_npu/u_engine/u_gelu/u_serial_core/u_exp_from_integer/result[30]_INST_0_i_93_n_10
    SLICE_X49Y50         LUT6 (Prop_H6LUT_SLICEL_I3_O)
                                                      0.149     9.635 f  vit_system_i/vit_phase_e_axi_0/inst/u_core/u_npu/u_engine/u_gelu/u_serial_core/u_exp_from_integer/result[30]_INST_0_i_78/O
                         net (fo=1, routed)           0.491    10.126    vit_system_i/vit_phase_e_axi_0/inst/u_core/u_npu/u_engine/u_gelu/u_serial_core/u_exp_from_integer/result[30]_INST_0_i_78_n_0
    SLICE_X48Y49         CARRY8 (Prop_CARRY8_SLICEL_DI[3]_CO[7])
                                                      0.131    10.257 f  vit_system_i/vit_phase_e_axi_0/inst/u_core/u_npu/u_engine/u_gelu/u_serial_core/u_exp_from_integer/result[30]_INST_0_i_45/CO[7]
                         net (fo=1, routed)           0.028    10.285    vit_system_i/vit_phase_e_axi_0/inst/u_core/u_npu/u_engine/u_gelu/u_serial_core/u_exp_from_integer/result[30]_INST_0_i_45_n_0
    SLICE_X48Y50         CARRY8 (Prop_CARRY8_SLICEL_CI_CO[7])
                                                      0.030    10.315 f  vit_system_i/vit_phase_e_axi_0/inst/u_core/u_npu/u_engine/u_gelu/u_serial_core/u_exp_from_integer/result[30]_INST_0_i_25/CO[7]
                         net (fo=3, routed)           0.611    10.926    vit_system_i/vit_phase_e_axi_0/inst/u_core/u_npu/u_engine/u_gelu/u_serial_core/u_exp_from_integer/result[30]_INST_0_i_25_n_0
    SLICE_X49Y47         LUT5 (Prop_E6LUT_SLICEL_I3_O)
                                                      0.039    10.965 r  vit_system_i/vit_phase_e_axi_0/inst/u_core/u_npu/u_engine/u_gelu/u_serial_core/u_exp_from_integer/result[22]_INST_0_i_3/O
                         net (fo=23, routed)          0.295    11.260    vit_system_i/vit_phase_e_axi_0/inst/u_core/u_npu/u_engine/u_gelu/u_serial_core/u_exp_from_integer/result[22]_INST_0_i_3_n_0
    SLICE_X51Y41         LUT5 (Prop_E6LUT_SLICEL_I2_O)
                                                      0.176    11.436 f  vit_system_i/vit_phase_e_axi_0/inst/u_core/u_npu/u_engine/u_gelu/u_serial_core/u_exp_from_integer/result[12]_INST_0_i_1/O
                         net (fo=2, routed)           0.167    11.603    vit_system_i/vit_phase_e_axi_0/inst/u_core/u_npu/u_engine/u_gelu/u_serial_core/u_exp_from_integer/result[12]_INST_0_i_1_n_0
    SLICE_X51Y39         LUT3 (Prop_C6LUT_SLICEL_I2_O)
                                                      0.148    11.751 f  vit_system_i/vit_phase_e_axi_0/inst/u_core/u_npu/u_engine/u_gelu/u_serial_core/u_exp_from_integer/result[11]_INST_0/O
                         net (fo=1, routed)           0.236    11.987    vit_system_i/vit_phase_e_axi_0/inst/u_core/u_npu/u_engine/u_gelu/u_serial_core/integer_as_fp32[11]
    SLICE_X51Y32         LUT5 (Prop_B6LUT_SLICEL_I1_O)
                                                      0.064    12.051 f  vit_system_i/vit_phase_e_axi_0/inst/u_core/u_npu/u_engine/u_gelu/u_serial_core/mul_operand_a[11]_INST_0_i_2/O
                         net (fo=1, routed)           0.244    12.295    vit_system_i/vit_phase_e_axi_0/inst/u_core/u_npu/u_engine/u_gelu/u_serial_core/mul_operand_a[11]_INST_0_i_2_n_0
    SLICE_X49Y28         LUT6 (Prop_B6LUT_SLICEL_I3_O)
                                                      0.040    12.335 f  vit_system_i/vit_phase_e_axi_0/inst/u_core/u_npu/u_engine/u_gelu/u_serial_core/mul_operand_a[11]_INST_0/O
                         net (fo=1, routed)           0.715    13.050    vit_system_i/vit_phase_e_axi_0/inst/u_core/u_npu/u_engine/gelu_mul_operand_a[11]
    SLICE_X46Y18         LUT6 (Prop_H6LUT_SLICEL_I4_O)
                                                      0.116    13.166 f  vit_system_i/vit_phase_e_axi_0/inst/u_core/u_npu/u_engine/u_engine_shared_multiplier_i_85/O
                         net (fo=1, routed)           0.157    13.323    vit_system_i/vit_phase_e_axi_0/inst/u_core/u_npu/u_engine/u_engine_shared_multiplier_i_85_n_0
    SLICE_X46Y18         LUT4 (Prop_A6LUT_SLICEL_I3_O)
                                                      0.064    13.387 f  vit_system_i/vit_phase_e_axi_0/inst/u_core/u_npu/u_engine/u_engine_shared_multiplier_i_21/O
                         net (fo=50, routed)          0.667    14.055    vit_system_i/vit_phase_e_axi_0/inst/u_core/u_npu/u_engine/u_engine_shared_multiplier/a[11]
    SLICE_X51Y22         LUT2 (Prop_C5LUT_SLICEL_I0_O)
                                                      0.135    14.190 r  vit_system_i/vit_phase_e_axi_0/inst/u_core/u_npu/u_engine/u_engine_shared_multiplier/result[15]_INST_0_i_253/O
                         net (fo=1, routed)           0.318    14.508    vit_system_i/vit_phase_e_axi_0/inst/u_core/u_npu/u_engine/u_engine_shared_multiplier/result[15]_INST_0_i_253_n_0
    SLICE_X53Y21         LUT6 (Prop_F6LUT_SLICEM_I3_O)
                                                      0.038    14.546 r  vit_system_i/vit_phase_e_axi_0/inst/u_core/u_npu/u_engine/u_engine_shared_multiplier/result[15]_INST_0_i_210/O
                         net (fo=1, routed)           0.024    14.570    vit_system_i/vit_phase_e_axi_0/inst/u_core/u_npu/u_engine/u_engine_shared_multiplier/result[15]_INST_0_i_210_n_0
    SLICE_X53Y21         CARRY8 (Prop_CARRY8_SLICEM_S[5]_CO[7])
                                                      0.202    14.772 r  vit_system_i/vit_phase_e_axi_0/inst/u_core/u_npu/u_engine/u_engine_shared_multiplier/result[15]_INST_0_i_117/CO[7]
                         net (fo=1, routed)           0.028    14.800    vit_system_i/vit_phase_e_axi_0/inst/u_core/u_npu/u_engine/u_engine_shared_multiplier/result[15]_INST_0_i_117_n_0
    SLICE_X53Y22         CARRY8 (Prop_CARRY8_SLICEM_CI_O[0])
                                                      0.072    14.872 r  vit_system_i/vit_phase_e_axi_0/inst/u_core/u_npu/u_engine/u_engine_shared_multiplier/result[21]_INST_0_i_97/O[0]
                         net (fo=2, routed)           0.400    15.272    vit_system_i/vit_phase_e_axi_0/inst/u_core/u_npu/u_engine/u_engine_shared_multiplier/result[21]_INST_0_i_97_n_15
    SLICE_X50Y20         LUT3 (Prop_C5LUT_SLICEL_I0_O)
                                                      0.135    15.407 r  vit_system_i/vit_phase_e_axi_0/inst/u_core/u_npu/u_engine/u_engine_shared_multiplier/result[15]_INST_0_i_91/O
                         net (fo=2, routed)           0.144    15.551    vit_system_i/vit_phase_e_axi_0/inst/u_core/u_npu/u_engine/u_engine_shared_multiplier/result[15]_INST_0_i_91_n_0
    SLICE_X50Y20         LUT4 (Prop_D6LUT_SLICEL_I3_O)
                                                      0.116    15.667 r  vit_system_i/vit_phase_e_axi_0/inst/u_core/u_npu/u_engine/u_engine_shared_multiplier/result[15]_INST_0_i_99/O
                         net (fo=1, routed)           0.010    15.677    vit_system_i/vit_phase_e_axi_0/inst/u_core/u_npu/u_engine/u_engine_shared_multiplier/result[15]_INST_0_i_99_n_0
    SLICE_X50Y20         CARRY8 (Prop_CARRY8_SLICEL_S[3]_O[4])
                                                      0.182    15.859 r  vit_system_i/vit_phase_e_axi_0/inst/u_core/u_npu/u_engine/u_engine_shared_multiplier/result[15]_INST_0_i_36/O[4]
                         net (fo=3, routed)           0.757    16.615    vit_system_i/vit_phase_e_axi_0/inst/u_core/u_npu/u_engine/u_engine_shared_multiplier/result[15]_INST_0_i_36_n_11
    SLICE_X46Y19         LUT3 (Prop_A6LUT_SLICEL_I2_O)
                                                      0.100    16.715 r  vit_system_i/vit_phase_e_axi_0/inst/u_core/u_npu/u_engine/u_engine_shared_multiplier/result[7]_INST_0_i_58/O
                         net (fo=2, routed)           0.195    16.910    vit_system_i/vit_phase_e_axi_0/inst/u_core/u_npu/u_engine/u_engine_shared_multiplier/result[7]_INST_0_i_58_n_0
    SLICE_X46Y20         LUT5 (Prop_A6LUT_SLICEL_I1_O)
                                                      0.149    17.059 r  vit_system_i/vit_phase_e_axi_0/inst/u_core/u_npu/u_engine/u_engine_shared_multiplier/result[7]_INST_0_i_19/O
                         net (fo=2, routed)           0.175    17.234    vit_system_i/vit_phase_e_axi_0/inst/u_core/u_npu/u_engine/u_engine_shared_multiplier/result[7]_INST_0_i_19_n_0
    SLICE_X45Y20         LUT6 (Prop_G6LUT_SLICEM_I0_O)
                                                      0.100    17.334 r  vit_system_i/vit_phase_e_axi_0/inst/u_core/u_npu/u_engine/u_engine_shared_multiplier/result[7]_INST_0_i_27/O
                         net (fo=1, routed)           0.017    17.351    vit_system_i/vit_phase_e_axi_0/inst/u_core/u_npu/u_engine/u_engine_shared_multiplier/result[7]_INST_0_i_27_n_0
    SLICE_X45Y20         CARRY8 (Prop_CARRY8_SLICEM_S[6]_CO[7])
                                                      0.150    17.501 r  vit_system_i/vit_phase_e_axi_0/inst/u_core/u_npu/u_engine/u_engine_shared_multiplier/result[7]_INST_0_i_11/CO[7]
                         net (fo=1, routed)           0.028    17.529    vit_system_i/vit_phase_e_axi_0/inst/u_core/u_npu/u_engine/u_engine_shared_multiplier/result[7]_INST_0_i_11_n_0
    SLICE_X45Y21         CARRY8 (Prop_CARRY8_SLICEM_CI_CO[7])
                                                      0.023    17.552 r  vit_system_i/vit_phase_e_axi_0/inst/u_core/u_npu/u_engine/u_engine_shared_multiplier/result[15]_INST_0_i_10/CO[7]
                         net (fo=1, routed)           0.028    17.580    vit_system_i/vit_phase_e_axi_0/inst/u_core/u_npu/u_engine/u_engine_shared_multiplier/result[15]_INST_0_i_10_n_0
    SLICE_X45Y22         CARRY8 (Prop_CARRY8_SLICEM_CI_CO[7])
                                                      0.023    17.603 r  vit_system_i/vit_phase_e_axi_0/inst/u_core/u_npu/u_engine/u_engine_shared_multiplier/result[21]_INST_0_i_11/CO[7]
                         net (fo=1, routed)           0.028    17.631    vit_system_i/vit_phase_e_axi_0/inst/u_core/u_npu/u_engine/u_engine_shared_multiplier/result[21]_INST_0_i_11_n_0
    SLICE_X45Y23         CARRY8 (Prop_CARRY8_SLICEM_CI_O[4])
                                                      0.109    17.740 r  vit_system_i/vit_phase_e_axi_0/inst/u_core/u_npu/u_engine/u_engine_shared_multiplier/result[30]_INST_0_i_70/O[4]
                         net (fo=58, routed)          0.322    18.063    vit_system_i/vit_phase_e_axi_0/inst/u_core/u_npu/u_engine/u_engine_shared_multiplier/p_0_in
    SLICE_X44Y21         LUT4 (Prop_D5LUT_SLICEL_I1_O)
                                                      0.080    18.143 r  vit_system_i/vit_phase_e_axi_0/inst/u_core/u_npu/u_engine/u_engine_shared_multiplier/result[7]_INST_0_i_39/O
                         net (fo=1, routed)           0.181    18.324    vit_system_i/vit_phase_e_axi_0/inst/u_core/u_npu/u_engine/u_engine_shared_multiplier/result[7]_INST_0_i_39_n_0
    SLICE_X44Y21         LUT5 (Prop_A6LUT_SLICEL_I4_O)
                                                      0.064    18.388 r  vit_system_i/vit_phase_e_axi_0/inst/u_core/u_npu/u_engine/u_engine_shared_multiplier/result[7]_INST_0_i_15/O
                         net (fo=1, routed)           0.162    18.550    vit_system_i/vit_phase_e_axi_0/inst/u_core/u_npu/u_engine/u_engine_shared_multiplier/result[7]_INST_0_i_15_n_0
    SLICE_X44Y24         LUT6 (Prop_A6LUT_SLICEL_I4_O)
                                                      0.115    18.665 r  vit_system_i/vit_phase_e_axi_0/inst/u_core/u_npu/u_engine/u_engine_shared_multiplier/result[7]_INST_0_i_10/O
                         net (fo=1, routed)           0.011    18.676    vit_system_i/vit_phase_e_axi_0/inst/u_core/u_npu/u_engine/u_engine_shared_multiplier/result[7]_INST_0_i_10_n_0
    SLICE_X44Y24         CARRY8 (Prop_CARRY8_SLICEL_S[0]_CO[7])
                                                      0.238    18.914 r  vit_system_i/vit_phase_e_axi_0/inst/u_core/u_npu/u_engine/u_engine_shared_multiplier/result[7]_INST_0_i_1/CO[7]
                         net (fo=1, routed)           0.028    18.942    vit_system_i/vit_phase_e_axi_0/inst/u_core/u_npu/u_engine/u_engine_shared_multiplier/result[7]_INST_0_i_1_n_0
    SLICE_X44Y25         CARRY8 (Prop_CARRY8_SLICEL_CI_CO[7])
                                                      0.023    18.965 r  vit_system_i/vit_phase_e_axi_0/inst/u_core/u_npu/u_engine/u_engine_shared_multiplier/result[15]_INST_0_i_1/CO[7]
                         net (fo=1, routed)           0.028    18.993    vit_system_i/vit_phase_e_axi_0/inst/u_core/u_npu/u_engine/u_engine_shared_multiplier/result[15]_INST_0_i_1_n_0
    SLICE_X44Y26         CARRY8 (Prop_CARRY8_SLICEL_CI_CO[7])
                                                      0.023    19.016 r  vit_system_i/vit_phase_e_axi_0/inst/u_core/u_npu/u_engine/u_engine_shared_multiplier/result[21]_INST_0_i_1/CO[7]
                         net (fo=1, routed)           0.028    19.044    vit_system_i/vit_phase_e_axi_0/inst/u_core/u_npu/u_engine/u_engine_shared_multiplier/result[21]_INST_0_i_1_n_0
    SLICE_X44Y27         CARRY8 (Prop_CARRY8_SLICEL_CI_CO[0])
                                                      0.068    19.112 r  vit_system_i/vit_phase_e_axi_0/inst/u_core/u_npu/u_engine/u_engine_shared_multiplier/result[21]_INST_0_i_2/CO[0]
                         net (fo=25, routed)          0.555    19.666    vit_system_i/vit_phase_e_axi_0/inst/u_core/u_npu/u_engine/u_engine_shared_multiplier/result[21]_INST_0_i_2_n_7
    SLICE_X43Y33         LUT4 (Prop_A6LUT_SLICEM_I3_O)
                                                      0.064    19.730 r  vit_system_i/vit_phase_e_axi_0/inst/u_core/u_npu/u_engine/u_engine_shared_multiplier/result[30]_INST_0_i_36/O
                         net (fo=1, routed)           0.014    19.744    vit_system_i/vit_phase_e_axi_0/inst/u_core/u_npu/u_engine/u_engine_shared_multiplier/result[30]_INST_0_i_36_n_0
    SLICE_X43Y33         CARRY8 (Prop_CARRY8_SLICEM_S[0]_CO[7])
                                                      0.241    19.985 r  vit_system_i/vit_phase_e_axi_0/inst/u_core/u_npu/u_engine/u_engine_shared_multiplier/result[30]_INST_0_i_3/CO[7]
                         net (fo=1, routed)           0.028    20.013    vit_system_i/vit_phase_e_axi_0/inst/u_core/u_npu/u_engine/u_engine_shared_multiplier/result[30]_INST_0_i_3_n_0
    SLICE_X43Y34         CARRY8 (Prop_CARRY8_SLICEM_CI_O[5])
                                                      0.145    20.158 f  vit_system_i/vit_phase_e_axi_0/inst/u_core/u_npu/u_engine/u_engine_shared_multiplier/result[30]_INST_0_i_72/O[5]
                         net (fo=3, routed)           0.352    20.511    vit_system_i/vit_phase_e_axi_0/inst/u_core/u_npu/u_engine/u_engine_shared_multiplier/exp_result[13]
    SLICE_X43Y37         LUT2 (Prop_F6LUT_SLICEM_I1_O)
                                                      0.062    20.573 r  vit_system_i/vit_phase_e_axi_0/inst/u_core/u_npu/u_engine/u_engine_shared_multiplier/result[30]_INST_0_i_45/O
                         net (fo=1, routed)           0.024    20.597    vit_system_i/vit_phase_e_axi_0/inst/u_core/u_npu/u_engine/u_engine_shared_multiplier/result[30]_INST_0_i_45_n_0
    SLICE_X43Y37         CARRY8 (Prop_CARRY8_SLICEM_S[5]_CO[7])
                                                      0.202    20.799 f  vit_system_i/vit_phase_e_axi_0/inst/u_core/u_npu/u_engine/u_engine_shared_multiplier/result[30]_INST_0_i_5/CO[7]
                         net (fo=1, routed)           0.028    20.827    vit_system_i/vit_phase_e_axi_0/inst/u_core/u_npu/u_engine/u_engine_shared_multiplier/result[30]_INST_0_i_5_n_0
    SLICE_X43Y38         CARRY8 (Prop_CARRY8_SLICEM_CI_CO[6])
                                                      0.116    20.943 f  vit_system_i/vit_phase_e_axi_0/inst/u_core/u_npu/u_engine/u_engine_shared_multiplier/result[30]_INST_0_i_1/CO[6]
                         net (fo=31, routed)          0.432    21.375    vit_system_i/vit_phase_e_axi_0/inst/u_core/u_npu/u_engine/u_engine_shared_multiplier/result[30]_INST_0_i_1_n_1
    SLICE_X43Y29         LUT6 (Prop_B6LUT_SLICEM_I5_O)
                                                      0.063    21.438 r  vit_system_i/vit_phase_e_axi_0/inst/u_core/u_npu/u_engine/u_engine_shared_multiplier/result[13]_INST_0/O
                         net (fo=44, routed)          0.897    22.335    vit_system_i/vit_phase_e_axi_0/inst/u_core/u_npu/u_engine/u_gelu/u_serial_core/external_mul_result[13]
    SLICE_X47Y33         FDRE                                         r  vit_system_i/vit_phase_e_axi_0/inst/u_core/u_npu/u_engine/u_gelu/u_serial_core/exp_scaled_reg[13]/D
  -------------------------------------------------------------------    -------------------

                         (clock clk_pl_0 rise edge)
                                                     20.000    20.000 r  
    PS8_X0Y0             PS8                          0.000    20.000 r  vit_system_i/zynq_ultra_ps_e_0/inst/PS8_i/PLCLK[0]
                         net (fo=1, routed)           0.140    20.140    vit_system_i/zynq_ultra_ps_e_0/inst/pl_clk_unbuffered[0]
    BUFG_PS_X0Y90        BUFG_PS (Prop_BUFG_PS_I_O)
                                                      0.027    20.167 r  vit_system_i/zynq_ultra_ps_e_0/inst/buffer_pl_clk_0.PL_CLK_0_BUFG/O
    X1Y1 (CLOCK_ROOT)    net (fo=66188, routed)       2.300    22.467    vit_system_i/vit_phase_e_axi_0/inst/u_core/u_npu/u_engine/u_gelu/u_serial_core/clk
    SLICE_X47Y33         FDRE                                         r  vit_system_i/vit_phase_e_axi_0/inst/u_core/u_npu/u_engine/u_gelu/u_serial_core/exp_scaled_reg[13]/C
                         clock pessimism              0.228    22.695    
                         clock uncertainty           -0.161    22.533    
    SLICE_X47Y33         FDRE (Setup_HFF2_SLICEL_C_D)
                                                      0.027    22.560    vit_system_i/vit_phase_e_axi_0/inst/u_core/u_npu/u_engine/u_gelu/u_serial_core/exp_scaled_reg[13]
  -------------------------------------------------------------------
                         required time                         22.560    
                         arrival time                         -22.335    
  -------------------------------------------------------------------
                         slack                                  0.226    





Min Delay Paths
--------------------------------------------------------------------------------------
Slack (MET) :             0.010ns  (arrival time - required time)
  Source:                 vit_system_i/vit_phase_e_axi_0/inst/u_core/u_npu/u_engine/u_memory_frontend/gemm_bias_data_reg[11]/C
                            (rising edge-triggered cell FDRE clocked by clk_pl_0  {rise@0.000ns fall@10.000ns period=20.000ns})
  Destination:            vit_system_i/vit_phase_e_axi_0/inst/u_core/u_npu/u_engine/u_gemm/gen_fp16.u_fp16/bias_q_reg[11]/D
                            (rising edge-triggered cell FDRE clocked by clk_pl_0  {rise@0.000ns fall@10.000ns period=20.000ns})
  Path Group:             clk_pl_0
  Path Type:              Hold (Min at Slow Process Corner)
  Requirement:            0.000ns  (clk_pl_0 rise@0.000ns - clk_pl_0 rise@0.000ns)
  Data Path Delay:        0.310ns  (logic 0.070ns (22.581%)  route 0.240ns (77.419%))
  Logic Levels:           0  
  Clock Path Skew:        0.247ns (DCD - SCD - CPR)
    Destination Clock Delay (DCD):    2.905ns
    Source Clock Delay      (SCD):    2.494ns
    Clock Pessimism Removal (CPR):    0.164ns
  Clock Net Delay (Source):      2.327ns (routing 1.258ns, distribution 1.069ns)
  Clock Net Delay (Destination): 2.698ns (routing 1.382ns, distribution 1.316ns)

    Location             Delay type                Incr(ns)  Path(ns)    Netlist Resource(s)
  -------------------------------------------------------------------    -------------------
                         (clock clk_pl_0 rise edge)
                                                      0.000     0.000 r  
    PS8_X0Y0             PS8                          0.000     0.000 r  vit_system_i/zynq_ultra_ps_e_0/inst/PS8_i/PLCLK[0]
                         net (fo=1, routed)           0.140     0.140    vit_system_i/zynq_ultra_ps_e_0/inst/pl_clk_unbuffered[0]
    BUFG_PS_X0Y90        BUFG_PS (Prop_BUFG_PS_I_O)
                                                      0.027     0.167 r  vit_system_i/zynq_ultra_ps_e_0/inst/buffer_pl_clk_0.PL_CLK_0_BUFG/O
    X1Y1 (CLOCK_ROOT)    net (fo=66188, routed)       2.327     2.494    vit_system_i/vit_phase_e_axi_0/inst/u_core/u_npu/u_engine/u_memory_frontend/clk
    SLICE_X52Y99         FDRE                                         r  vit_system_i/vit_phase_e_axi_0/inst/u_core/u_npu/u_engine/u_memory_frontend/gemm_bias_data_reg[11]/C
  -------------------------------------------------------------------    -------------------
    SLICE_X52Y99         FDRE (Prop_DFF_SLICEL_C_Q)
                                                      0.070     2.564 r  vit_system_i/vit_phase_e_axi_0/inst/u_core/u_npu/u_engine/u_memory_frontend/gemm_bias_data_reg[11]/Q
                         net (fo=2, routed)           0.240     2.804    vit_system_i/vit_phase_e_axi_0/inst/u_core/u_npu/u_engine/u_gemm/gen_fp16.u_fp16/bias_data[11]
    SLICE_X52Y121        FDRE                                         r  vit_system_i/vit_phase_e_axi_0/inst/u_core/u_npu/u_engine/u_gemm/gen_fp16.u_fp16/bias_q_reg[11]/D
  -------------------------------------------------------------------    -------------------

                         (clock clk_pl_0 rise edge)
                                                      0.000     0.000 r  
    PS8_X0Y0             PS8                          0.000     0.000 r  vit_system_i/zynq_ultra_ps_e_0/inst/PS8_i/PLCLK[0]
                         net (fo=1, routed)           0.178     0.178    vit_system_i/zynq_ultra_ps_e_0/inst/pl_clk_unbuffered[0]
    BUFG_PS_X0Y90        BUFG_PS (Prop_BUFG_PS_I_O)
                                                      0.029     0.207 r  vit_system_i/zynq_ultra_ps_e_0/inst/buffer_pl_clk_0.PL_CLK_0_BUFG/O
    X1Y1 (CLOCK_ROOT)    net (fo=66188, routed)       2.698     2.905    vit_system_i/vit_phase_e_axi_0/inst/u_core/u_npu/u_engine/u_gemm/gen_fp16.u_fp16/clk
    SLICE_X52Y121        FDRE                                         r  vit_system_i/vit_phase_e_axi_0/inst/u_core/u_npu/u_engine/u_gemm/gen_fp16.u_fp16/bias_q_reg[11]/C
                         clock pessimism             -0.164     2.741    
    SLICE_X52Y121        FDRE (Hold_DFF_SLICEL_C_D)
                                                      0.053     2.794    vit_system_i/vit_phase_e_axi_0/inst/u_core/u_npu/u_engine/u_gemm/gen_fp16.u_fp16/bias_q_reg[11]
  -------------------------------------------------------------------
                         required time                         -2.794    
                         arrival time                           2.804    
  -------------------------------------------------------------------
                         slack                                  0.010    

Slack (MET) :             0.010ns  (arrival time - required time)
  Source:                 vit_system_i/vit_phase_e_axi_0/inst/u_core/u_npu/u_engine/u_memory_frontend/gemm_weight_data_reg[431]/C
                            (rising edge-triggered cell FDRE clocked by clk_pl_0  {rise@0.000ns fall@10.000ns period=20.000ns})
  Destination:            vit_system_i/vit_phase_e_axi_0/inst/u_core/u_npu/u_engine/u_gemm/gen_fp16.u_fp16/panel1_weight_q_reg[431]/D
                            (rising edge-triggered cell FDRE clocked by clk_pl_0  {rise@0.000ns fall@10.000ns period=20.000ns})
  Path Group:             clk_pl_0
  Path Type:              Hold (Min at Slow Process Corner)
  Requirement:            0.000ns  (clk_pl_0 rise@0.000ns - clk_pl_0 rise@0.000ns)
  Data Path Delay:        0.193ns  (logic 0.073ns (37.784%)  route 0.120ns (62.216%))
  Logic Levels:           0  
  Clock Path Skew:        0.130ns (DCD - SCD - CPR)
    Destination Clock Delay (DCD):    2.910ns
    Source Clock Delay      (SCD):    2.554ns
    Clock Pessimism Removal (CPR):    0.226ns
  Clock Net Delay (Source):      2.387ns (routing 1.258ns, distribution 1.129ns)
  Clock Net Delay (Destination): 2.703ns (routing 1.382ns, distribution 1.321ns)

    Location             Delay type                Incr(ns)  Path(ns)    Netlist Resource(s)
  -------------------------------------------------------------------    -------------------
                         (clock clk_pl_0 rise edge)
                                                      0.000     0.000 r  
    PS8_X0Y0             PS8                          0.000     0.000 r  vit_system_i/zynq_ultra_ps_e_0/inst/PS8_i/PLCLK[0]
                         net (fo=1, routed)           0.140     0.140    vit_system_i/zynq_ultra_ps_e_0/inst/pl_clk_unbuffered[0]
    BUFG_PS_X0Y90        BUFG_PS (Prop_BUFG_PS_I_O)
                                                      0.027     0.167 r  vit_system_i/zynq_ultra_ps_e_0/inst/buffer_pl_clk_0.PL_CLK_0_BUFG/O
    X1Y1 (CLOCK_ROOT)    net (fo=66188, routed)       2.387     2.554    vit_system_i/vit_phase_e_axi_0/inst/u_core/u_npu/u_engine/u_memory_frontend/clk
    SLICE_X60Y130        FDRE                                         r  vit_system_i/vit_phase_e_axi_0/inst/u_core/u_npu/u_engine/u_memory_frontend/gemm_weight_data_reg[431]/C
  -------------------------------------------------------------------    -------------------
    SLICE_X60Y130        FDRE (Prop_DFF2_SLICEL_C_Q)
                                                      0.073     2.627 r  vit_system_i/vit_phase_e_axi_0/inst/u_core/u_npu/u_engine/u_memory_frontend/gemm_weight_data_reg[431]/Q
                         net (fo=2, routed)           0.120     2.747    vit_system_i/vit_phase_e_axi_0/inst/u_core/u_npu/u_engine/u_gemm/gen_fp16.u_fp16/weight_data[431]
    SLICE_X59Y131        FDRE                                         r  vit_system_i/vit_phase_e_axi_0/inst/u_core/u_npu/u_engine/u_gemm/gen_fp16.u_fp16/panel1_weight_q_reg[431]/D
  -------------------------------------------------------------------    -------------------

                         (clock clk_pl_0 rise edge)
                                                      0.000     0.000 r  
    PS8_X0Y0             PS8                          0.000     0.000 r  vit_system_i/zynq_ultra_ps_e_0/inst/PS8_i/PLCLK[0]
                         net (fo=1, routed)           0.178     0.178    vit_system_i/zynq_ultra_ps_e_0/inst/pl_clk_unbuffered[0]
    BUFG_PS_X0Y90        BUFG_PS (Prop_BUFG_PS_I_O)
                                                      0.029     0.207 r  vit_system_i/zynq_ultra_ps_e_0/inst/buffer_pl_clk_0.PL_CLK_0_BUFG/O
    X1Y1 (CLOCK_ROOT)    net (fo=66188, routed)       2.703     2.910    vit_system_i/vit_phase_e_axi_0/inst/u_core/u_npu/u_engine/u_gemm/gen_fp16.u_fp16/clk
    SLICE_X59Y131        FDRE                                         r  vit_system_i/vit_phase_e_axi_0/inst/u_core/u_npu/u_engine/u_gemm/gen_fp16.u_fp16/panel1_weight_q_reg[431]/C
                         clock pessimism             -0.226     2.684    
    SLICE_X59Y131        FDRE (Hold_GFF_SLICEL_C_D)
                                                      0.053     2.737    vit_system_i/vit_phase_e_axi_0/inst/u_core/u_npu/u_engine/u_gemm/gen_fp16.u_fp16/panel1_weight_q_reg[431]
  -------------------------------------------------------------------
                         required time                         -2.737    
                         arrival time                           2.747    
  -------------------------------------------------------------------
                         slack                                  0.010    

Slack (MET) :             0.010ns  (arrival time - required time)
  Source:                 vit_system_i/vit_phase_e_axi_0/inst/u_core/u_npu/u_engine/u_gemm/gen_fp16.u_fp16/u_stream_array/result_data_q_reg[248]/C
                            (rising edge-triggered cell FDRE clocked by clk_pl_0  {rise@0.000ns fall@10.000ns period=20.000ns})
  Destination:            vit_system_i/vit_phase_e_axi_0/inst/u_core/u_npu/u_engine/u_gemm/gen_fp16.u_fp16/u_result_fifo/entry_memory_reg_0_1_238_251/RAMF/I
                            (rising edge-triggered cell RAMD32 clocked by clk_pl_0  {rise@0.000ns fall@10.000ns period=20.000ns})
  Path Group:             clk_pl_0
  Path Type:              Hold (Min at Slow Process Corner)
  Requirement:            0.000ns  (clk_pl_0 rise@0.000ns - clk_pl_0 rise@0.000ns)
  Data Path Delay:        0.220ns  (logic 0.073ns (33.134%)  route 0.147ns (66.866%))
  Logic Levels:           0  
  Clock Path Skew:        0.129ns (DCD - SCD - CPR)
    Destination Clock Delay (DCD):    2.742ns
    Source Clock Delay      (SCD):    2.390ns
    Clock Pessimism Removal (CPR):    0.223ns
  Clock Net Delay (Source):      2.223ns (routing 1.258ns, distribution 0.965ns)
  Clock Net Delay (Destination): 2.535ns (routing 1.382ns, distribution 1.153ns)

    Location             Delay type                Incr(ns)  Path(ns)    Netlist Resource(s)
  -------------------------------------------------------------------    -------------------
                         (clock clk_pl_0 rise edge)
                                                      0.000     0.000 r  
    PS8_X0Y0             PS8                          0.000     0.000 r  vit_system_i/zynq_ultra_ps_e_0/inst/PS8_i/PLCLK[0]
                         net (fo=1, routed)           0.140     0.140    vit_system_i/zynq_ultra_ps_e_0/inst/pl_clk_unbuffered[0]
    BUFG_PS_X0Y90        BUFG_PS (Prop_BUFG_PS_I_O)
                                                      0.027     0.167 r  vit_system_i/zynq_ultra_ps_e_0/inst/buffer_pl_clk_0.PL_CLK_0_BUFG/O
    X1Y1 (CLOCK_ROOT)    net (fo=66188, routed)       2.223     2.390    vit_system_i/vit_phase_e_axi_0/inst/u_core/u_npu/u_engine/u_gemm/gen_fp16.u_fp16/u_stream_array/clk
    SLICE_X27Y47         FDRE                                         r  vit_system_i/vit_phase_e_axi_0/inst/u_core/u_npu/u_engine/u_gemm/gen_fp16.u_fp16/u_stream_array/result_data_q_reg[248]/C
  -------------------------------------------------------------------    -------------------
    SLICE_X27Y47         FDRE (Prop_DFF2_SLICEL_C_Q)
                                                      0.073     2.463 r  vit_system_i/vit_phase_e_axi_0/inst/u_core/u_npu/u_engine/u_gemm/gen_fp16.u_fp16/u_stream_array/result_data_q_reg[248]/Q
                         net (fo=2, routed)           0.147     2.610    vit_system_i/vit_phase_e_axi_0/inst/u_core/u_npu/u_engine/u_gemm/gen_fp16.u_fp16/u_result_fifo/entry_memory_reg_0_1_238_251/DIF0
    SLICE_X29Y48         RAMD32                                       r  vit_system_i/vit_phase_e_axi_0/inst/u_core/u_npu/u_engine/u_gemm/gen_fp16.u_fp16/u_result_fifo/entry_memory_reg_0_1_238_251/RAMF/I
  -------------------------------------------------------------------    -------------------

                         (clock clk_pl_0 rise edge)
                                                      0.000     0.000 r  
    PS8_X0Y0             PS8                          0.000     0.000 r  vit_system_i/zynq_ultra_ps_e_0/inst/PS8_i/PLCLK[0]
                         net (fo=1, routed)           0.178     0.178    vit_system_i/zynq_ultra_ps_e_0/inst/pl_clk_unbuffered[0]
    BUFG_PS_X0Y90        BUFG_PS (Prop_BUFG_PS_I_O)
                                                      0.029     0.207 r  vit_system_i/zynq_ultra_ps_e_0/inst/buffer_pl_clk_0.PL_CLK_0_BUFG/O
    X1Y1 (CLOCK_ROOT)    net (fo=66188, routed)       2.535     2.742    vit_system_i/vit_phase_e_axi_0/inst/u_core/u_npu/u_engine/u_gemm/gen_fp16.u_fp16/u_result_fifo/entry_memory_reg_0_1_238_251/WCLK
    SLICE_X29Y48         RAMD32                                       r  vit_system_i/vit_phase_e_axi_0/inst/u_core/u_npu/u_engine/u_gemm/gen_fp16.u_fp16/u_result_fifo/entry_memory_reg_0_1_238_251/RAMF/CLK
                         clock pessimism             -0.223     2.519    
    SLICE_X29Y48         RAMD32 (Hold_F5LUT_SLICEM_CLK_I)
                                                      0.081     2.600    vit_system_i/vit_phase_e_axi_0/inst/u_core/u_npu/u_engine/u_gemm/gen_fp16.u_fp16/u_result_fifo/entry_memory_reg_0_1_238_251/RAMF
  -------------------------------------------------------------------
                         required time                         -2.600    
                         arrival time                           2.610    
  -------------------------------------------------------------------
                         slack                                  0.010    

Slack (MET) :             0.010ns  (arrival time - required time)
  Source:                 vit_system_i/vit_phase_e_axi_0/inst/u_core/u_npu/u_engine/u_memory_frontend/gemm_activation_data_reg[2408]/C
                            (rising edge-triggered cell FDRE clocked by clk_pl_0  {rise@0.000ns fall@10.000ns period=20.000ns})
  Destination:            vit_system_i/vit_phase_e_axi_0/inst/u_core/u_npu/u_engine/u_gemm/gen_fp16.u_fp16/activation_q_reg[2408]/D
                            (rising edge-triggered cell FDRE clocked by clk_pl_0  {rise@0.000ns fall@10.000ns period=20.000ns})
  Path Group:             clk_pl_0
  Path Type:              Hold (Min at Fast Process Corner)
  Requirement:            0.000ns  (clk_pl_0 rise@0.000ns - clk_pl_0 rise@0.000ns)
  Data Path Delay:        0.078ns  (logic 0.038ns (48.708%)  route 0.040ns (51.292%))
  Logic Levels:           0  
  Clock Path Skew:        0.021ns (DCD - SCD - CPR)
    Destination Clock Delay (DCD):    1.597ns
    Source Clock Delay      (SCD):    1.397ns
    Clock Pessimism Removal (CPR):    0.179ns
  Clock Net Delay (Source):      1.286ns (routing 0.699ns, distribution 0.587ns)
  Clock Net Delay (Destination): 1.459ns (routing 0.785ns, distribution 0.674ns)

    Location             Delay type                Incr(ns)  Path(ns)    Netlist Resource(s)
  -------------------------------------------------------------------    -------------------
                         (clock clk_pl_0 rise edge)
                                                      0.000     0.000 r  
    PS8_X0Y0             PS8                          0.000     0.000 r  vit_system_i/zynq_ultra_ps_e_0/inst/PS8_i/PLCLK[0]
                         net (fo=1, routed)           0.094     0.094    vit_system_i/zynq_ultra_ps_e_0/inst/pl_clk_unbuffered[0]
    BUFG_PS_X0Y90        BUFG_PS (Prop_BUFG_PS_I_O)
                                                      0.017     0.111 r  vit_system_i/zynq_ultra_ps_e_0/inst/buffer_pl_clk_0.PL_CLK_0_BUFG/O
    X1Y1 (CLOCK_ROOT)    net (fo=66188, routed)       1.286     1.397    vit_system_i/vit_phase_e_axi_0/inst/u_core/u_npu/u_engine/u_memory_frontend/clk
    SLICE_X35Y196        FDRE                                         r  vit_system_i/vit_phase_e_axi_0/inst/u_core/u_npu/u_engine/u_memory_frontend/gemm_activation_data_reg[2408]/C
  -------------------------------------------------------------------    -------------------
    SLICE_X35Y196        FDRE (Prop_CFF_SLICEM_C_Q)
                                                      0.038     1.435 r  vit_system_i/vit_phase_e_axi_0/inst/u_core/u_npu/u_engine/u_memory_frontend/gemm_activation_data_reg[2408]/Q
                         net (fo=3, routed)           0.040     1.475    vit_system_i/vit_phase_e_axi_0/inst/u_core/u_npu/u_engine/u_gemm/gen_fp16.u_fp16/activation_data[2408]
    SLICE_X35Y195        FDRE                                         r  vit_system_i/vit_phase_e_axi_0/inst/u_core/u_npu/u_engine/u_gemm/gen_fp16.u_fp16/activation_q_reg[2408]/D
  -------------------------------------------------------------------    -------------------

                         (clock clk_pl_0 rise edge)
                                                      0.000     0.000 r  
    PS8_X0Y0             PS8                          0.000     0.000 r  vit_system_i/zynq_ultra_ps_e_0/inst/PS8_i/PLCLK[0]
                         net (fo=1, routed)           0.120     0.120    vit_system_i/zynq_ultra_ps_e_0/inst/pl_clk_unbuffered[0]
    BUFG_PS_X0Y90        BUFG_PS (Prop_BUFG_PS_I_O)
                                                      0.018     0.138 r  vit_system_i/zynq_ultra_ps_e_0/inst/buffer_pl_clk_0.PL_CLK_0_BUFG/O
    X1Y1 (CLOCK_ROOT)    net (fo=66188, routed)       1.459     1.597    vit_system_i/vit_phase_e_axi_0/inst/u_core/u_npu/u_engine/u_gemm/gen_fp16.u_fp16/clk
    SLICE_X35Y195        FDRE                                         r  vit_system_i/vit_phase_e_axi_0/inst/u_core/u_npu/u_engine/u_gemm/gen_fp16.u_fp16/activation_q_reg[2408]/C
                         clock pessimism             -0.179     1.417    
    SLICE_X35Y195        FDRE (Hold_HFF2_SLICEM_C_D)
                                                      0.047     1.464    vit_system_i/vit_phase_e_axi_0/inst/u_core/u_npu/u_engine/u_gemm/gen_fp16.u_fp16/activation_q_reg[2408]
  -------------------------------------------------------------------
                         required time                         -1.464    
                         arrival time                           1.475    
  -------------------------------------------------------------------
                         slack                                  0.010    

Slack (MET) :             0.011ns  (arrival time - required time)
  Source:                 vit_system_i/vit_phase_e_axi_0/inst/u_core/u_npu/u_engine/u_memory_frontend/gemm_weight_data_reg[884]/C
                            (rising edge-triggered cell FDRE clocked by clk_pl_0  {rise@0.000ns fall@10.000ns period=20.000ns})
  Destination:            vit_system_i/vit_phase_e_axi_0/inst/u_core/u_npu/u_engine/u_gemm/gen_fp16.u_fp16/weight_q_reg[884]/D
                            (rising edge-triggered cell FDRE clocked by clk_pl_0  {rise@0.000ns fall@10.000ns period=20.000ns})
  Path Group:             clk_pl_0
  Path Type:              Hold (Min at Slow Process Corner)
  Requirement:            0.000ns  (clk_pl_0 rise@0.000ns - clk_pl_0 rise@0.000ns)
  Data Path Delay:        0.156ns  (logic 0.071ns (45.449%)  route 0.085ns (54.551%))
  Logic Levels:           0  
  Clock Path Skew:        0.090ns (DCD - SCD - CPR)
    Destination Clock Delay (DCD):    2.773ns
    Source Clock Delay      (SCD):    2.460ns
    Clock Pessimism Removal (CPR):    0.223ns
  Clock Net Delay (Source):      2.293ns (routing 1.258ns, distribution 1.035ns)
  Clock Net Delay (Destination): 2.566ns (routing 1.382ns, distribution 1.184ns)

    Location             Delay type                Incr(ns)  Path(ns)    Netlist Resource(s)
  -------------------------------------------------------------------    -------------------
                         (clock clk_pl_0 rise edge)
                                                      0.000     0.000 r  
    PS8_X0Y0             PS8                          0.000     0.000 r  vit_system_i/zynq_ultra_ps_e_0/inst/PS8_i/PLCLK[0]
                         net (fo=1, routed)           0.140     0.140    vit_system_i/zynq_ultra_ps_e_0/inst/pl_clk_unbuffered[0]
    BUFG_PS_X0Y90        BUFG_PS (Prop_BUFG_PS_I_O)
                                                      0.027     0.167 r  vit_system_i/zynq_ultra_ps_e_0/inst/buffer_pl_clk_0.PL_CLK_0_BUFG/O
    X1Y1 (CLOCK_ROOT)    net (fo=66188, routed)       2.293     2.460    vit_system_i/vit_phase_e_axi_0/inst/u_core/u_npu/u_engine/u_memory_frontend/clk
    SLICE_X46Y73         FDRE                                         r  vit_system_i/vit_phase_e_axi_0/inst/u_core/u_npu/u_engine/u_memory_frontend/gemm_weight_data_reg[884]/C
  -------------------------------------------------------------------    -------------------
    SLICE_X46Y73         FDRE (Prop_CFF2_SLICEL_C_Q)
                                                      0.071     2.531 r  vit_system_i/vit_phase_e_axi_0/inst/u_core/u_npu/u_engine/u_memory_frontend/gemm_weight_data_reg[884]/Q
                         net (fo=2, routed)           0.085     2.616    vit_system_i/vit_phase_e_axi_0/inst/u_core/u_npu/u_engine/u_gemm/gen_fp16.u_fp16/weight_data[884]
    SLICE_X44Y73         FDRE                                         r  vit_system_i/vit_phase_e_axi_0/inst/u_core/u_npu/u_engine/u_gemm/gen_fp16.u_fp16/weight_q_reg[884]/D
  -------------------------------------------------------------------    -------------------

                         (clock clk_pl_0 rise edge)
                                                      0.000     0.000 r  
    PS8_X0Y0             PS8                          0.000     0.000 r  vit_system_i/zynq_ultra_ps_e_0/inst/PS8_i/PLCLK[0]
                         net (fo=1, routed)           0.178     0.178    vit_system_i/zynq_ultra_ps_e_0/inst/pl_clk_unbuffered[0]
    BUFG_PS_X0Y90        BUFG_PS (Prop_BUFG_PS_I_O)
                                                      0.029     0.207 r  vit_system_i/zynq_ultra_ps_e_0/inst/buffer_pl_clk_0.PL_CLK_0_BUFG/O
    X1Y1 (CLOCK_ROOT)    net (fo=66188, routed)       2.566     2.773    vit_system_i/vit_phase_e_axi_0/inst/u_core/u_npu/u_engine/u_gemm/gen_fp16.u_fp16/clk
    SLICE_X44Y73         FDRE                                         r  vit_system_i/vit_phase_e_axi_0/inst/u_core/u_npu/u_engine/u_gemm/gen_fp16.u_fp16/weight_q_reg[884]/C
                         clock pessimism             -0.223     2.550    
    SLICE_X44Y73         FDRE (Hold_FFF2_SLICEL_C_D)
                                                      0.055     2.605    vit_system_i/vit_phase_e_axi_0/inst/u_core/u_npu/u_engine/u_gemm/gen_fp16.u_fp16/weight_q_reg[884]
  -------------------------------------------------------------------
                         required time                         -2.605    
                         arrival time                           2.616    
  -------------------------------------------------------------------
                         slack                                  0.011    

Slack (MET) :             0.011ns  (arrival time - required time)
  Source:                 vit_system_i/vit_phase_e_axi_0/inst/u_core/u_npu/u_engine/u_memory_frontend/gemm_activation_data_reg[728]/C
                            (rising edge-triggered cell FDRE clocked by clk_pl_0  {rise@0.000ns fall@10.000ns period=20.000ns})
  Destination:            vit_system_i/vit_phase_e_axi_0/inst/u_core/u_npu/u_engine/u_gemm/gen_fp16.u_fp16/activation_q_reg[728]/D
                            (rising edge-triggered cell FDRE clocked by clk_pl_0  {rise@0.000ns fall@10.000ns period=20.000ns})
  Path Group:             clk_pl_0
  Path Type:              Hold (Min at Slow Process Corner)
  Requirement:            0.000ns  (clk_pl_0 rise@0.000ns - clk_pl_0 rise@0.000ns)
  Data Path Delay:        0.185ns  (logic 0.070ns (37.786%)  route 0.115ns (62.214%))
  Logic Levels:           0  
  Clock Path Skew:        0.119ns (DCD - SCD - CPR)
    Destination Clock Delay (DCD):    2.915ns
    Source Clock Delay      (SCD):    2.565ns
    Clock Pessimism Removal (CPR):    0.231ns
  Clock Net Delay (Source):      2.398ns (routing 1.258ns, distribution 1.140ns)
  Clock Net Delay (Destination): 2.708ns (routing 1.382ns, distribution 1.326ns)

    Location             Delay type                Incr(ns)  Path(ns)    Netlist Resource(s)
  -------------------------------------------------------------------    -------------------
                         (clock clk_pl_0 rise edge)
                                                      0.000     0.000 r  
    PS8_X0Y0             PS8                          0.000     0.000 r  vit_system_i/zynq_ultra_ps_e_0/inst/PS8_i/PLCLK[0]
                         net (fo=1, routed)           0.140     0.140    vit_system_i/zynq_ultra_ps_e_0/inst/pl_clk_unbuffered[0]
    BUFG_PS_X0Y90        BUFG_PS (Prop_BUFG_PS_I_O)
                                                      0.027     0.167 r  vit_system_i/zynq_ultra_ps_e_0/inst/buffer_pl_clk_0.PL_CLK_0_BUFG/O
    X1Y1 (CLOCK_ROOT)    net (fo=66188, routed)       2.398     2.565    vit_system_i/vit_phase_e_axi_0/inst/u_core/u_npu/u_engine/u_memory_frontend/clk
    SLICE_X57Y213        FDRE                                         r  vit_system_i/vit_phase_e_axi_0/inst/u_core/u_npu/u_engine/u_memory_frontend/gemm_activation_data_reg[728]/C
  -------------------------------------------------------------------    -------------------
    SLICE_X57Y213        FDRE (Prop_GFF_SLICEL_C_Q)
                                                      0.070     2.635 r  vit_system_i/vit_phase_e_axi_0/inst/u_core/u_npu/u_engine/u_memory_frontend/gemm_activation_data_reg[728]/Q
                         net (fo=3, routed)           0.115     2.750    vit_system_i/vit_phase_e_axi_0/inst/u_core/u_npu/u_engine/u_gemm/gen_fp16.u_fp16/activation_data[728]
    SLICE_X58Y214        FDRE                                         r  vit_system_i/vit_phase_e_axi_0/inst/u_core/u_npu/u_engine/u_gemm/gen_fp16.u_fp16/activation_q_reg[728]/D
  -------------------------------------------------------------------    -------------------

                         (clock clk_pl_0 rise edge)
                                                      0.000     0.000 r  
    PS8_X0Y0             PS8                          0.000     0.000 r  vit_system_i/zynq_ultra_ps_e_0/inst/PS8_i/PLCLK[0]
                         net (fo=1, routed)           0.178     0.178    vit_system_i/zynq_ultra_ps_e_0/inst/pl_clk_unbuffered[0]
    BUFG_PS_X0Y90        BUFG_PS (Prop_BUFG_PS_I_O)
                                                      0.029     0.207 r  vit_system_i/zynq_ultra_ps_e_0/inst/buffer_pl_clk_0.PL_CLK_0_BUFG/O
    X1Y1 (CLOCK_ROOT)    net (fo=66188, routed)       2.708     2.915    vit_system_i/vit_phase_e_axi_0/inst/u_core/u_npu/u_engine/u_gemm/gen_fp16.u_fp16/clk
    SLICE_X58Y214        FDRE                                         r  vit_system_i/vit_phase_e_axi_0/inst/u_core/u_npu/u_engine/u_gemm/gen_fp16.u_fp16/activation_q_reg[728]/C
                         clock pessimism             -0.231     2.684    
    SLICE_X58Y214        FDRE (Hold_GFF2_SLICEM_C_D)
                                                      0.055     2.739    vit_system_i/vit_phase_e_axi_0/inst/u_core/u_npu/u_engine/u_gemm/gen_fp16.u_fp16/activation_q_reg[728]
  -------------------------------------------------------------------
                         required time                         -2.739    
                         arrival time                           2.750    
  -------------------------------------------------------------------
                         slack                                  0.011    

Slack (MET) :             0.011ns  (arrival time - required time)
  Source:                 vit_system_i/vit_phase_e_axi_0/inst/u_core/u_npu/u_engine/u_memory_frontend/gemm_activation_data_reg[2593]/C
                            (rising edge-triggered cell FDRE clocked by clk_pl_0  {rise@0.000ns fall@10.000ns period=20.000ns})
  Destination:            vit_system_i/vit_phase_e_axi_0/inst/u_core/u_npu/u_engine/u_gemm/gen_fp16.u_fp16/activation_q_reg[2593]/D
                            (rising edge-triggered cell FDRE clocked by clk_pl_0  {rise@0.000ns fall@10.000ns period=20.000ns})
  Path Group:             clk_pl_0
  Path Type:              Hold (Min at Fast Process Corner)
  Requirement:            0.000ns  (clk_pl_0 rise@0.000ns - clk_pl_0 rise@0.000ns)
  Data Path Delay:        0.078ns  (logic 0.038ns (48.708%)  route 0.040ns (51.292%))
  Logic Levels:           0  
  Clock Path Skew:        0.020ns (DCD - SCD - CPR)
    Destination Clock Delay (DCD):    1.673ns
    Source Clock Delay      (SCD):    1.470ns
    Clock Pessimism Removal (CPR):    0.183ns
  Clock Net Delay (Source):      1.359ns (routing 0.699ns, distribution 0.660ns)
  Clock Net Delay (Destination): 1.535ns (routing 0.785ns, distribution 0.750ns)

    Location             Delay type                Incr(ns)  Path(ns)    Netlist Resource(s)
  -------------------------------------------------------------------    -------------------
                         (clock clk_pl_0 rise edge)
                                                      0.000     0.000 r  
    PS8_X0Y0             PS8                          0.000     0.000 r  vit_system_i/zynq_ultra_ps_e_0/inst/PS8_i/PLCLK[0]
                         net (fo=1, routed)           0.094     0.094    vit_system_i/zynq_ultra_ps_e_0/inst/pl_clk_unbuffered[0]
    BUFG_PS_X0Y90        BUFG_PS (Prop_BUFG_PS_I_O)
                                                      0.017     0.111 r  vit_system_i/zynq_ultra_ps_e_0/inst/buffer_pl_clk_0.PL_CLK_0_BUFG/O
    X1Y1 (CLOCK_ROOT)    net (fo=66188, routed)       1.359     1.470    vit_system_i/vit_phase_e_axi_0/inst/u_core/u_npu/u_engine/u_memory_frontend/clk
    SLICE_X8Y110         FDRE                                         r  vit_system_i/vit_phase_e_axi_0/inst/u_core/u_npu/u_engine/u_memory_frontend/gemm_activation_data_reg[2593]/C
  -------------------------------------------------------------------    -------------------
    SLICE_X8Y110         FDRE (Prop_CFF_SLICEM_C_Q)
                                                      0.038     1.508 r  vit_system_i/vit_phase_e_axi_0/inst/u_core/u_npu/u_engine/u_memory_frontend/gemm_activation_data_reg[2593]/Q
                         net (fo=3, routed)           0.040     1.548    vit_system_i/vit_phase_e_axi_0/inst/u_core/u_npu/u_engine/u_gemm/gen_fp16.u_fp16/activation_data[2593]
    SLICE_X8Y109         FDRE                                         r  vit_system_i/vit_phase_e_axi_0/inst/u_core/u_npu/u_engine/u_gemm/gen_fp16.u_fp16/activation_q_reg[2593]/D
  -------------------------------------------------------------------    -------------------

                         (clock clk_pl_0 rise edge)
                                                      0.000     0.000 r  
    PS8_X0Y0             PS8                          0.000     0.000 r  vit_system_i/zynq_ultra_ps_e_0/inst/PS8_i/PLCLK[0]
                         net (fo=1, routed)           0.120     0.120    vit_system_i/zynq_ultra_ps_e_0/inst/pl_clk_unbuffered[0]
    BUFG_PS_X0Y90        BUFG_PS (Prop_BUFG_PS_I_O)
                                                      0.018     0.138 r  vit_system_i/zynq_ultra_ps_e_0/inst/buffer_pl_clk_0.PL_CLK_0_BUFG/O
    X1Y1 (CLOCK_ROOT)    net (fo=66188, routed)       1.535     1.673    vit_system_i/vit_phase_e_axi_0/inst/u_core/u_npu/u_engine/u_gemm/gen_fp16.u_fp16/clk
    SLICE_X8Y109         FDRE                                         r  vit_system_i/vit_phase_e_axi_0/inst/u_core/u_npu/u_engine/u_gemm/gen_fp16.u_fp16/activation_q_reg[2593]/C
                         clock pessimism             -0.183     1.489    
    SLICE_X8Y109         FDRE (Hold_HFF2_SLICEM_C_D)
                                                      0.047     1.536    vit_system_i/vit_phase_e_axi_0/inst/u_core/u_npu/u_engine/u_gemm/gen_fp16.u_fp16/activation_q_reg[2593]
  -------------------------------------------------------------------
                         required time                         -1.536    
                         arrival time                           1.548    
  -------------------------------------------------------------------
                         slack                                  0.011    

Slack (MET) :             0.012ns  (arrival time - required time)
  Source:                 vit_system_i/vit_phase_e_axi_0/inst/u_core/u_npu/u_engine/u_gemm/gen_fp16.u_fp16/u_stream_array/result_data_q_reg[152]/C
                            (rising edge-triggered cell FDRE clocked by clk_pl_0  {rise@0.000ns fall@10.000ns period=20.000ns})
  Destination:            vit_system_i/vit_phase_e_axi_0/inst/u_core/u_npu/u_engine/u_gemm/gen_fp16.u_fp16/u_result_fifo/entry_memory_reg_0_1_140_153/RAMG/I
                            (rising edge-triggered cell RAMD32 clocked by clk_pl_0  {rise@0.000ns fall@10.000ns period=20.000ns})
  Path Group:             clk_pl_0
  Path Type:              Hold (Min at Slow Process Corner)
  Requirement:            0.000ns  (clk_pl_0 rise@0.000ns - clk_pl_0 rise@0.000ns)
  Data Path Delay:        0.219ns  (logic 0.069ns (31.559%)  route 0.150ns (68.441%))
  Logic Levels:           0  
  Clock Path Skew:        0.125ns (DCD - SCD - CPR)
    Destination Clock Delay (DCD):    2.743ns
    Source Clock Delay      (SCD):    2.395ns
    Clock Pessimism Removal (CPR):    0.223ns
  Clock Net Delay (Source):      2.228ns (routing 1.258ns, distribution 0.970ns)
  Clock Net Delay (Destination): 2.536ns (routing 1.382ns, distribution 1.154ns)

    Location             Delay type                Incr(ns)  Path(ns)    Netlist Resource(s)
  -------------------------------------------------------------------    -------------------
                         (clock clk_pl_0 rise edge)
                                                      0.000     0.000 r  
    PS8_X0Y0             PS8                          0.000     0.000 r  vit_system_i/zynq_ultra_ps_e_0/inst/PS8_i/PLCLK[0]
                         net (fo=1, routed)           0.140     0.140    vit_system_i/zynq_ultra_ps_e_0/inst/pl_clk_unbuffered[0]
    BUFG_PS_X0Y90        BUFG_PS (Prop_BUFG_PS_I_O)
                                                      0.027     0.167 r  vit_system_i/zynq_ultra_ps_e_0/inst/buffer_pl_clk_0.PL_CLK_0_BUFG/O
    X1Y1 (CLOCK_ROOT)    net (fo=66188, routed)       2.228     2.395    vit_system_i/vit_phase_e_axi_0/inst/u_core/u_npu/u_engine/u_gemm/gen_fp16.u_fp16/u_stream_array/clk
    SLICE_X28Y52         FDRE                                         r  vit_system_i/vit_phase_e_axi_0/inst/u_core/u_npu/u_engine/u_gemm/gen_fp16.u_fp16/u_stream_array/result_data_q_reg[152]/C
  -------------------------------------------------------------------    -------------------
    SLICE_X28Y52         FDRE (Prop_CFF_SLICEM_C_Q)
                                                      0.069     2.464 r  vit_system_i/vit_phase_e_axi_0/inst/u_core/u_npu/u_engine/u_gemm/gen_fp16.u_fp16/u_stream_array/result_data_q_reg[152]/Q
                         net (fo=2, routed)           0.150     2.614    vit_system_i/vit_phase_e_axi_0/inst/u_core/u_npu/u_engine/u_gemm/gen_fp16.u_fp16/u_result_fifo/entry_memory_reg_0_1_140_153/DIG0
    SLICE_X29Y49         RAMD32                                       r  vit_system_i/vit_phase_e_axi_0/inst/u_core/u_npu/u_engine/u_gemm/gen_fp16.u_fp16/u_result_fifo/entry_memory_reg_0_1_140_153/RAMG/I
  -------------------------------------------------------------------    -------------------

                         (clock clk_pl_0 rise edge)
                                                      0.000     0.000 r  
    PS8_X0Y0             PS8                          0.000     0.000 r  vit_system_i/zynq_ultra_ps_e_0/inst/PS8_i/PLCLK[0]
                         net (fo=1, routed)           0.178     0.178    vit_system_i/zynq_ultra_ps_e_0/inst/pl_clk_unbuffered[0]
    BUFG_PS_X0Y90        BUFG_PS (Prop_BUFG_PS_I_O)
                                                      0.029     0.207 r  vit_system_i/zynq_ultra_ps_e_0/inst/buffer_pl_clk_0.PL_CLK_0_BUFG/O
    X1Y1 (CLOCK_ROOT)    net (fo=66188, routed)       2.536     2.743    vit_system_i/vit_phase_e_axi_0/inst/u_core/u_npu/u_engine/u_gemm/gen_fp16.u_fp16/u_result_fifo/entry_memory_reg_0_1_140_153/WCLK
    SLICE_X29Y49         RAMD32                                       r  vit_system_i/vit_phase_e_axi_0/inst/u_core/u_npu/u_engine/u_gemm/gen_fp16.u_fp16/u_result_fifo/entry_memory_reg_0_1_140_153/RAMG/CLK
                         clock pessimism             -0.223     2.520    
    SLICE_X29Y49         RAMD32 (Hold_G5LUT_SLICEM_CLK_I)
                                                      0.082     2.602    vit_system_i/vit_phase_e_axi_0/inst/u_core/u_npu/u_engine/u_gemm/gen_fp16.u_fp16/u_result_fifo/entry_memory_reg_0_1_140_153/RAMG
  -------------------------------------------------------------------
                         required time                         -2.602    
                         arrival time                           2.614    
  -------------------------------------------------------------------
                         slack                                  0.012    

Slack (MET) :             0.012ns  (arrival time - required time)
  Source:                 vit_system_i/vit_phase_e_axi_0/inst/u_core/u_npu/u_engine/u_memory_frontend/gemm_activation_data_reg[1361]/C
                            (rising edge-triggered cell FDRE clocked by clk_pl_0  {rise@0.000ns fall@10.000ns period=20.000ns})
  Destination:            vit_system_i/vit_phase_e_axi_0/inst/u_core/u_npu/u_engine/u_gemm/gen_fp16.u_fp16/activation_q_reg[1361]/D
                            (rising edge-triggered cell FDRE clocked by clk_pl_0  {rise@0.000ns fall@10.000ns period=20.000ns})
  Path Group:             clk_pl_0
  Path Type:              Hold (Min at Slow Process Corner)
  Requirement:            0.000ns  (clk_pl_0 rise@0.000ns - clk_pl_0 rise@0.000ns)
  Data Path Delay:        0.199ns  (logic 0.070ns (35.102%)  route 0.129ns (64.898%))
  Logic Levels:           0  
  Clock Path Skew:        0.132ns (DCD - SCD - CPR)
    Destination Clock Delay (DCD):    2.871ns
    Source Clock Delay      (SCD):    2.507ns
    Clock Pessimism Removal (CPR):    0.232ns
  Clock Net Delay (Source):      2.340ns (routing 1.258ns, distribution 1.082ns)
  Clock Net Delay (Destination): 2.664ns (routing 1.382ns, distribution 1.282ns)

    Location             Delay type                Incr(ns)  Path(ns)    Netlist Resource(s)
  -------------------------------------------------------------------    -------------------
                         (clock clk_pl_0 rise edge)
                                                      0.000     0.000 r  
    PS8_X0Y0             PS8                          0.000     0.000 r  vit_system_i/zynq_ultra_ps_e_0/inst/PS8_i/PLCLK[0]
                         net (fo=1, routed)           0.140     0.140    vit_system_i/zynq_ultra_ps_e_0/inst/pl_clk_unbuffered[0]
    BUFG_PS_X0Y90        BUFG_PS (Prop_BUFG_PS_I_O)
                                                      0.027     0.167 r  vit_system_i/zynq_ultra_ps_e_0/inst/buffer_pl_clk_0.PL_CLK_0_BUFG/O
    X1Y1 (CLOCK_ROOT)    net (fo=66188, routed)       2.340     2.507    vit_system_i/vit_phase_e_axi_0/inst/u_core/u_npu/u_engine/u_memory_frontend/clk
    SLICE_X44Y239        FDRE                                         r  vit_system_i/vit_phase_e_axi_0/inst/u_core/u_npu/u_engine/u_memory_frontend/gemm_activation_data_reg[1361]/C
  -------------------------------------------------------------------    -------------------
    SLICE_X44Y239        FDRE (Prop_CFF_SLICEL_C_Q)
                                                      0.070     2.577 r  vit_system_i/vit_phase_e_axi_0/inst/u_core/u_npu/u_engine/u_memory_frontend/gemm_activation_data_reg[1361]/Q
                         net (fo=3, routed)           0.129     2.706    vit_system_i/vit_phase_e_axi_0/inst/u_core/u_npu/u_engine/u_gemm/gen_fp16.u_fp16/activation_data[1361]
    SLICE_X45Y239        FDRE                                         r  vit_system_i/vit_phase_e_axi_0/inst/u_core/u_npu/u_engine/u_gemm/gen_fp16.u_fp16/activation_q_reg[1361]/D
  -------------------------------------------------------------------    -------------------

                         (clock clk_pl_0 rise edge)
                                                      0.000     0.000 r  
    PS8_X0Y0             PS8                          0.000     0.000 r  vit_system_i/zynq_ultra_ps_e_0/inst/PS8_i/PLCLK[0]
                         net (fo=1, routed)           0.178     0.178    vit_system_i/zynq_ultra_ps_e_0/inst/pl_clk_unbuffered[0]
    BUFG_PS_X0Y90        BUFG_PS (Prop_BUFG_PS_I_O)
                                                      0.029     0.207 r  vit_system_i/zynq_ultra_ps_e_0/inst/buffer_pl_clk_0.PL_CLK_0_BUFG/O
    X1Y1 (CLOCK_ROOT)    net (fo=66188, routed)       2.664     2.871    vit_system_i/vit_phase_e_axi_0/inst/u_core/u_npu/u_engine/u_gemm/gen_fp16.u_fp16/clk
    SLICE_X45Y239        FDRE                                         r  vit_system_i/vit_phase_e_axi_0/inst/u_core/u_npu/u_engine/u_gemm/gen_fp16.u_fp16/activation_q_reg[1361]/C
                         clock pessimism             -0.232     2.639    
    SLICE_X45Y239        FDRE (Hold_FFF2_SLICEM_C_D)
                                                      0.055     2.694    vit_system_i/vit_phase_e_axi_0/inst/u_core/u_npu/u_engine/u_gemm/gen_fp16.u_fp16/activation_q_reg[1361]
  -------------------------------------------------------------------
                         required time                         -2.694    
                         arrival time                           2.706    
  -------------------------------------------------------------------
                         slack                                  0.012    

Slack (MET) :             0.012ns  (arrival time - required time)
  Source:                 vit_system_i/smartconnect_ddr/inst/s00_nodes/s00_r_node/inst/inst_mi_handler/gen_normal_area.inst_fifo_node_payld/gen_xpm_memory_fifo.inst_fifo/gen_mem_rep[0].inst_xpm_memory/xpm_memory_base_inst/gen_rd_b.gen_rd_b_synth_template.gen_rf_narrow_reg.doutb_reg_reg[67]/C
                            (rising edge-triggered cell FDRE clocked by clk_pl_0  {rise@0.000ns fall@10.000ns period=20.000ns})
  Destination:            vit_system_i/smartconnect_ddr/inst/s00_entry_pipeline/s00_si_converter/inst/converter.wrap_narrow_inst/gen_thread_loop[0].r_payld_fifo/gen_srls[63].srl_nx1/shift_reg_reg[0]_srl32/D
                            (rising edge-triggered cell SRLC32E clocked by clk_pl_0  {rise@0.000ns fall@10.000ns period=20.000ns})
  Path Group:             clk_pl_0
  Path Type:              Hold (Min at Slow Process Corner)
  Requirement:            0.000ns  (clk_pl_0 rise@0.000ns - clk_pl_0 rise@0.000ns)
  Data Path Delay:        0.199ns  (logic 0.069ns (34.673%)  route 0.130ns (65.327%))
  Logic Levels:           0  
  Clock Path Skew:        0.141ns (DCD - SCD - CPR)
    Destination Clock Delay (DCD):    2.937ns
    Source Clock Delay      (SCD):    2.566ns
    Clock Pessimism Removal (CPR):    0.230ns
  Clock Net Delay (Source):      2.399ns (routing 1.258ns, distribution 1.141ns)
  Clock Net Delay (Destination): 2.730ns (routing 1.382ns, distribution 1.348ns)

    Location             Delay type                Incr(ns)  Path(ns)    Netlist Resource(s)
  -------------------------------------------------------------------    -------------------
                         (clock clk_pl_0 rise edge)
                                                      0.000     0.000 r  
    PS8_X0Y0             PS8                          0.000     0.000 r  vit_system_i/zynq_ultra_ps_e_0/inst/PS8_i/PLCLK[0]
                         net (fo=1, routed)           0.140     0.140    vit_system_i/zynq_ultra_ps_e_0/inst/pl_clk_unbuffered[0]
    BUFG_PS_X0Y90        BUFG_PS (Prop_BUFG_PS_I_O)
                                                      0.027     0.167 r  vit_system_i/zynq_ultra_ps_e_0/inst/buffer_pl_clk_0.PL_CLK_0_BUFG/O
    X1Y1 (CLOCK_ROOT)    net (fo=66188, routed)       2.399     2.566    vit_system_i/smartconnect_ddr/inst/s00_nodes/s00_r_node/inst/inst_mi_handler/gen_normal_area.inst_fifo_node_payld/gen_xpm_memory_fifo.inst_fifo/gen_mem_rep[0].inst_xpm_memory/xpm_memory_base_inst/clka
    SLICE_X1Y30          FDRE                                         r  vit_system_i/smartconnect_ddr/inst/s00_nodes/s00_r_node/inst/inst_mi_handler/gen_normal_area.inst_fifo_node_payld/gen_xpm_memory_fifo.inst_fifo/gen_mem_rep[0].inst_xpm_memory/xpm_memory_base_inst/gen_rd_b.gen_rd_b_synth_template.gen_rf_narrow_reg.doutb_reg_reg[67]/C
  -------------------------------------------------------------------    -------------------
    SLICE_X1Y30          FDRE (Prop_FFF_SLICEM_C_Q)
                                                      0.069     2.635 r  vit_system_i/smartconnect_ddr/inst/s00_nodes/s00_r_node/inst/inst_mi_handler/gen_normal_area.inst_fifo_node_payld/gen_xpm_memory_fifo.inst_fifo/gen_mem_rep[0].inst_xpm_memory/xpm_memory_base_inst/gen_rd_b.gen_rd_b_synth_template.gen_rf_narrow_reg.doutb_reg_reg[67]/Q
                         net (fo=1, routed)           0.130     2.765    vit_system_i/smartconnect_ddr/inst/s00_entry_pipeline/s00_si_converter/inst/converter.wrap_narrow_inst/gen_thread_loop[0].r_payld_fifo/gen_srls[63].srl_nx1/s_mesg[0]
    SLICE_X4Y31          SRLC32E                                      r  vit_system_i/smartconnect_ddr/inst/s00_entry_pipeline/s00_si_converter/inst/converter.wrap_narrow_inst/gen_thread_loop[0].r_payld_fifo/gen_srls[63].srl_nx1/shift_reg_reg[0]_srl32/D
  -------------------------------------------------------------------    -------------------

                         (clock clk_pl_0 rise edge)
                                                      0.000     0.000 r  
    PS8_X0Y0             PS8                          0.000     0.000 r  vit_system_i/zynq_ultra_ps_e_0/inst/PS8_i/PLCLK[0]
                         net (fo=1, routed)           0.178     0.178    vit_system_i/zynq_ultra_ps_e_0/inst/pl_clk_unbuffered[0]
    BUFG_PS_X0Y90        BUFG_PS (Prop_BUFG_PS_I_O)
                                                      0.029     0.207 r  vit_system_i/zynq_ultra_ps_e_0/inst/buffer_pl_clk_0.PL_CLK_0_BUFG/O
    X1Y1 (CLOCK_ROOT)    net (fo=66188, routed)       2.730     2.937    vit_system_i/smartconnect_ddr/inst/s00_entry_pipeline/s00_si_converter/inst/converter.wrap_narrow_inst/gen_thread_loop[0].r_payld_fifo/gen_srls[63].srl_nx1/aclk
    SLICE_X4Y31          SRLC32E                                      r  vit_system_i/smartconnect_ddr/inst/s00_entry_pipeline/s00_si_converter/inst/converter.wrap_narrow_inst/gen_thread_loop[0].r_payld_fifo/gen_srls[63].srl_nx1/shift_reg_reg[0]_srl32/CLK
                         clock pessimism             -0.230     2.707    
    SLICE_X4Y31          SRLC32E (Hold_G6LUT_SLICEM_CLK_D)
                                                      0.046     2.753    vit_system_i/smartconnect_ddr/inst/s00_entry_pipeline/s00_si_converter/inst/converter.wrap_narrow_inst/gen_thread_loop[0].r_payld_fifo/gen_srls[63].srl_nx1/shift_reg_reg[0]_srl32
  -------------------------------------------------------------------
                         required time                         -2.753    
                         arrival time                           2.765    
  -------------------------------------------------------------------
                         slack                                  0.012    





Pulse Width Checks
--------------------------------------------------------------------------------------
Clock Name:         clk_pl_0
Waveform(ns):       { 0.000 10.000 }
Period(ns):         20.000
Sources:            { vit_system_i/zynq_ultra_ps_e_0/inst/PS8_i/PLCLK[0] }

Check Type        Corner  Lib Pin             Reference Pin  Required(ns)  Actual(ns)  Slack(ns)  Location      Pin
Min Period        n/a     PS8/MAXIGP0ACLK     n/a            3.000         20.000      17.000     PS8_X0Y0      vit_system_i/zynq_ultra_ps_e_0/inst/PS8_i/MAXIGP0ACLK
Min Period        n/a     PS8/SAXIGP2RCLK     n/a            3.000         20.000      17.000     PS8_X0Y0      vit_system_i/zynq_ultra_ps_e_0/inst/PS8_i/SAXIGP2RCLK
Min Period        n/a     PS8/SAXIGP2WCLK     n/a            3.000         20.000      17.000     PS8_X0Y0      vit_system_i/zynq_ultra_ps_e_0/inst/PS8_i/SAXIGP2WCLK
Min Period        n/a     RAMB36E2/CLKARDCLK  n/a            1.739         20.000      18.261     RAMB36_X0Y17  vit_system_i/vit_phase_e_axi_0/inst/u_core/u_layer_param_table/data_memory_reg/CLKARDCLK
Min Period        n/a     RAMB36E2/CLKARDCLK  n/a            1.739         20.000      18.261     RAMB36_X0Y13  vit_system_i/vit_phase_e_axi_0/inst/u_core/u_npu/u_engine/u_layernorm/gen_row_affine_buffers.beta_buffer_reg_bram_0/CLKARDCLK
Min Period        n/a     RAMB36E2/CLKARDCLK  n/a            1.739         20.000      18.261     RAMB36_X0Y10  vit_system_i/vit_phase_e_axi_0/inst/u_core/u_npu/u_engine/u_layernorm/gen_row_affine_buffers.gamma_buffer_reg_bram_0/CLKARDCLK
Min Period        n/a     RAMB36E2/CLKARDCLK  n/a            1.739         20.000      18.261     RAMB36_X0Y15  vit_system_i/vit_phase_e_axi_0/inst/u_core/u_npu/u_engine/u_layernorm/gen_row_affine_buffers.sample_buffer_reg_bram_0/CLKARDCLK
Min Period        n/a     RAMB36E2/CLKARDCLK  n/a            1.739         20.000      18.261     RAMB36_X1Y31  vit_system_i/vit_phase_e_axi_0/inst/u_core/u_npu/u_engine/u_memory_frontend/u_gemm_activation_panel_cache/gen_row_bank[0].row_memory_reg_bram_0/CLKARDCLK
Min Period        n/a     RAMB36E2/CLKARDCLK  n/a            1.739         20.000      18.261     RAMB36_X1Y32  vit_system_i/vit_phase_e_axi_0/inst/u_core/u_npu/u_engine/u_memory_frontend/u_gemm_activation_panel_cache/gen_row_bank[0].row_memory_reg_bram_1/CLKARDCLK
Min Period        n/a     RAMB36E2/CLKARDCLK  n/a            1.739         20.000      18.261     RAMB36_X1Y24  vit_system_i/vit_phase_e_axi_0/inst/u_core/u_npu/u_engine/u_memory_frontend/u_gemm_activation_panel_cache/gen_row_bank[0].row_memory_reg_bram_2/CLKARDCLK
Low Pulse Width   Slow    PS8/MAXIGP0ACLK     n/a            1.500         10.000      8.500      PS8_X0Y0      vit_system_i/zynq_ultra_ps_e_0/inst/PS8_i/MAXIGP0ACLK
Low Pulse Width   Fast    PS8/MAXIGP0ACLK     n/a            1.500         10.000      8.500      PS8_X0Y0      vit_system_i/zynq_ultra_ps_e_0/inst/PS8_i/MAXIGP0ACLK
Low Pulse Width   Slow    PS8/SAXIGP2RCLK     n/a            1.500         10.000      8.500      PS8_X0Y0      vit_system_i/zynq_ultra_ps_e_0/inst/PS8_i/SAXIGP2RCLK
Low Pulse Width   Fast    PS8/SAXIGP2RCLK     n/a            1.500         10.000      8.500      PS8_X0Y0      vit_system_i/zynq_ultra_ps_e_0/inst/PS8_i/SAXIGP2RCLK
Low Pulse Width   Slow    PS8/SAXIGP2WCLK     n/a            1.500         10.000      8.500      PS8_X0Y0      vit_system_i/zynq_ultra_ps_e_0/inst/PS8_i/SAXIGP2WCLK
Low Pulse Width   Fast    PS8/SAXIGP2WCLK     n/a            1.500         10.000      8.500      PS8_X0Y0      vit_system_i/zynq_ultra_ps_e_0/inst/PS8_i/SAXIGP2WCLK
Low Pulse Width   Slow    SRL16E/CLK          n/a            0.573         10.000      9.427      SLICE_X2Y235  vit_system_i/proc_sys_reset_0/U0/EXT_LPF/POR_SRL_I/CLK
Low Pulse Width   Fast    SRL16E/CLK          n/a            0.573         10.000      9.427      SLICE_X2Y235  vit_system_i/proc_sys_reset_0/U0/EXT_LPF/POR_SRL_I/CLK
Low Pulse Width   Slow    SRL16E/CLK          n/a            0.573         10.000      9.427      SLICE_X2Y87   vit_system_i/smartconnect_control/inst/clk_map/psr_aclk/U0/EXT_LPF/POR_SRL_I/CLK
Low Pulse Width   Fast    SRL16E/CLK          n/a            0.573         10.000      9.427      SLICE_X2Y87   vit_system_i/smartconnect_control/inst/clk_map/psr_aclk/U0/EXT_LPF/POR_SRL_I/CLK
High Pulse Width  Slow    PS8/MAXIGP0ACLK     n/a            1.500         10.000      8.500      PS8_X0Y0      vit_system_i/zynq_ultra_ps_e_0/inst/PS8_i/MAXIGP0ACLK
High Pulse Width  Fast    PS8/MAXIGP0ACLK     n/a            1.500         10.000      8.500      PS8_X0Y0      vit_system_i/zynq_ultra_ps_e_0/inst/PS8_i/MAXIGP0ACLK
High Pulse Width  Slow    PS8/SAXIGP2RCLK     n/a            1.500         10.000      8.500      PS8_X0Y0      vit_system_i/zynq_ultra_ps_e_0/inst/PS8_i/SAXIGP2RCLK
High Pulse Width  Fast    PS8/SAXIGP2RCLK     n/a            1.500         10.000      8.500      PS8_X0Y0      vit_system_i/zynq_ultra_ps_e_0/inst/PS8_i/SAXIGP2RCLK
High Pulse Width  Slow    PS8/SAXIGP2WCLK     n/a            1.500         10.000      8.500      PS8_X0Y0      vit_system_i/zynq_ultra_ps_e_0/inst/PS8_i/SAXIGP2WCLK
High Pulse Width  Fast    PS8/SAXIGP2WCLK     n/a            1.500         10.000      8.500      PS8_X0Y0      vit_system_i/zynq_ultra_ps_e_0/inst/PS8_i/SAXIGP2WCLK
High Pulse Width  Slow    SRL16E/CLK          n/a            0.573         10.000      9.427      SLICE_X2Y235  vit_system_i/proc_sys_reset_0/U0/EXT_LPF/POR_SRL_I/CLK
High Pulse Width  Fast    SRL16E/CLK          n/a            0.573         10.000      9.427      SLICE_X2Y235  vit_system_i/proc_sys_reset_0/U0/EXT_LPF/POR_SRL_I/CLK
High Pulse Width  Slow    SRL16E/CLK          n/a            0.573         10.000      9.427      SLICE_X2Y87   vit_system_i/smartconnect_control/inst/clk_map/psr_aclk/U0/EXT_LPF/POR_SRL_I/CLK
High Pulse Width  Fast    SRL16E/CLK          n/a            0.573         10.000      9.427      SLICE_X2Y87   vit_system_i/smartconnect_control/inst/clk_map/psr_aclk/U0/EXT_LPF/POR_SRL_I/CLK



--------------------------------------------------------------------------------------
Path Group:  (none)
From Clock:  
  To Clock:  clk_pl_0

Max Delay             1 Endpoint
Min Delay             1 Endpoint
--------------------------------------------------------------------------------------


Max Delay Paths
--------------------------------------------------------------------------------------
Slack:                    inf
  Source:                 vit_system_i/zynq_ultra_ps_e_0/inst/PS8_i/EMIOGPIOO[95]
                            (internal pin)
  Destination:            vit_system_i/proc_sys_reset_0/U0/EXT_LPF/ACTIVE_LOW_EXT.ACT_LO_EXT/GENERATE_LEVEL_P_S_CDC.SINGLE_BIT.CROSS_PLEVEL_IN2SCNDRY_IN_cdc_to/D
                            (rising edge-triggered cell FDRE clocked by clk_pl_0  {rise@0.000ns fall@10.000ns period=20.000ns})
  Path Group:             (none)
  Path Type:              Setup (Max at Slow Process Corner)
  Data Path Delay:        0.632ns  (logic 0.040ns (6.329%)  route 0.592ns (93.671%))
  Logic Levels:           1  (LUT1=1)
  Clock Uncertainty:      0.159ns  ((TSJ^2 + DJ^2)^1/2) / 2 + PE
    Total System Jitter     (TSJ):    0.050ns
    Discrete Jitter          (DJ):    0.315ns
    Phase Error              (PE):    0.000ns
  Clock Net Delay (Destination): 2.465ns (routing 1.258ns, distribution 1.207ns)
  Timing Exception:       False Path

    Location             Delay type                Incr(ns)  Path(ns)    Netlist Resource(s)
  -------------------------------------------------------------------    -------------------
    PS8_X0Y0             PS8                          0.000     0.000 f  vit_system_i/zynq_ultra_ps_e_0/inst/PS8_i/EMIOGPIOO[95]
                         net (fo=1, routed)           0.392     0.392    vit_system_i/proc_sys_reset_0/U0/EXT_LPF/ACTIVE_LOW_EXT.ACT_LO_EXT/ext_reset_in
    SLICE_X2Y236         LUT1 (Prop_A6LUT_SLICEM_I0_O)
                                                      0.040     0.432 r  vit_system_i/proc_sys_reset_0/U0/EXT_LPF/ACTIVE_LOW_EXT.ACT_LO_EXT/GENERATE_LEVEL_P_S_CDC.SINGLE_BIT.CROSS_PLEVEL_IN2SCNDRY_IN_cdc_to_i_1/O
                         net (fo=1, routed)           0.200     0.632    vit_system_i/proc_sys_reset_0/U0/EXT_LPF/ACTIVE_LOW_EXT.ACT_LO_EXT/exr_d1
    SLICE_X2Y236         FDRE                                         r  vit_system_i/proc_sys_reset_0/U0/EXT_LPF/ACTIVE_LOW_EXT.ACT_LO_EXT/GENERATE_LEVEL_P_S_CDC.SINGLE_BIT.CROSS_PLEVEL_IN2SCNDRY_IN_cdc_to/D
  -------------------------------------------------------------------    -------------------

                         (clock clk_pl_0 rise edge)
                                                      0.000     0.000 r  
    PS8_X0Y0             PS8                          0.000     0.000 r  vit_system_i/zynq_ultra_ps_e_0/inst/PS8_i/PLCLK[0]
                         net (fo=1, routed)           0.140     0.140    vit_system_i/zynq_ultra_ps_e_0/inst/pl_clk_unbuffered[0]
    BUFG_PS_X0Y90        BUFG_PS (Prop_BUFG_PS_I_O)
                                                      0.027     0.167 r  vit_system_i/zynq_ultra_ps_e_0/inst/buffer_pl_clk_0.PL_CLK_0_BUFG/O
    X1Y1 (CLOCK_ROOT)    net (fo=66188, routed)       2.465     2.632    vit_system_i/proc_sys_reset_0/U0/EXT_LPF/ACTIVE_LOW_EXT.ACT_LO_EXT/slowest_sync_clk
    SLICE_X2Y236         FDRE                                         r  vit_system_i/proc_sys_reset_0/U0/EXT_LPF/ACTIVE_LOW_EXT.ACT_LO_EXT/GENERATE_LEVEL_P_S_CDC.SINGLE_BIT.CROSS_PLEVEL_IN2SCNDRY_IN_cdc_to/C





Min Delay Paths
--------------------------------------------------------------------------------------
Slack:                    inf
  Source:                 vit_system_i/zynq_ultra_ps_e_0/inst/PS8_i/EMIOGPIOO[95]
                            (internal pin)
  Destination:            vit_system_i/proc_sys_reset_0/U0/EXT_LPF/ACTIVE_LOW_EXT.ACT_LO_EXT/GENERATE_LEVEL_P_S_CDC.SINGLE_BIT.CROSS_PLEVEL_IN2SCNDRY_IN_cdc_to/D
                            (rising edge-triggered cell FDRE clocked by clk_pl_0  {rise@0.000ns fall@10.000ns period=20.000ns})
  Path Group:             (none)
  Path Type:              Hold (Min at Fast Process Corner)
  Data Path Delay:        0.255ns  (logic 0.014ns (5.490%)  route 0.241ns (94.510%))
  Logic Levels:           1  (LUT1=1)
  Clock Uncertainty:      0.159ns  ((TSJ^2 + DJ^2)^1/2) / 2 + PE
    Total System Jitter     (TSJ):    0.050ns
    Discrete Jitter          (DJ):    0.315ns
    Phase Error              (PE):    0.000ns
  Clock Net Delay (Destination): 1.581ns (routing 0.785ns, distribution 0.796ns)
  Timing Exception:       False Path

    Location             Delay type                Incr(ns)  Path(ns)    Netlist Resource(s)
  -------------------------------------------------------------------    -------------------
    PS8_X0Y0             PS8                          0.000     0.000 f  vit_system_i/zynq_ultra_ps_e_0/inst/PS8_i/EMIOGPIOO[95]
                         net (fo=1, routed)           0.179     0.179    vit_system_i/proc_sys_reset_0/U0/EXT_LPF/ACTIVE_LOW_EXT.ACT_LO_EXT/ext_reset_in
    SLICE_X2Y236         LUT1 (Prop_A6LUT_SLICEM_I0_O)
                                                      0.014     0.193 r  vit_system_i/proc_sys_reset_0/U0/EXT_LPF/ACTIVE_LOW_EXT.ACT_LO_EXT/GENERATE_LEVEL_P_S_CDC.SINGLE_BIT.CROSS_PLEVEL_IN2SCNDRY_IN_cdc_to_i_1/O
                         net (fo=1, routed)           0.062     0.255    vit_system_i/proc_sys_reset_0/U0/EXT_LPF/ACTIVE_LOW_EXT.ACT_LO_EXT/exr_d1
    SLICE_X2Y236         FDRE                                         r  vit_system_i/proc_sys_reset_0/U0/EXT_LPF/ACTIVE_LOW_EXT.ACT_LO_EXT/GENERATE_LEVEL_P_S_CDC.SINGLE_BIT.CROSS_PLEVEL_IN2SCNDRY_IN_cdc_to/D
  -------------------------------------------------------------------    -------------------

                         (clock clk_pl_0 rise edge)
                                                      0.000     0.000 r  
    PS8_X0Y0             PS8                          0.000     0.000 r  vit_system_i/zynq_ultra_ps_e_0/inst/PS8_i/PLCLK[0]
                         net (fo=1, routed)           0.120     0.120    vit_system_i/zynq_ultra_ps_e_0/inst/pl_clk_unbuffered[0]
    BUFG_PS_X0Y90        BUFG_PS (Prop_BUFG_PS_I_O)
                                                      0.018     0.138 r  vit_system_i/zynq_ultra_ps_e_0/inst/buffer_pl_clk_0.PL_CLK_0_BUFG/O
    X1Y1 (CLOCK_ROOT)    net (fo=66188, routed)       1.581     1.719    vit_system_i/proc_sys_reset_0/U0/EXT_LPF/ACTIVE_LOW_EXT.ACT_LO_EXT/slowest_sync_clk
    SLICE_X2Y236         FDRE                                         r  vit_system_i/proc_sys_reset_0/U0/EXT_LPF/ACTIVE_LOW_EXT.ACT_LO_EXT/GENERATE_LEVEL_P_S_CDC.SINGLE_BIT.CROSS_PLEVEL_IN2SCNDRY_IN_cdc_to/C





--------------------------------------------------------------------------------------
Path Group:  (none)
From Clock:  clk_pl_0
  To Clock:  clk_pl_0

Max Delay            56 Endpoints
Min Delay            56 Endpoints
--------------------------------------------------------------------------------------


Max Delay Paths
--------------------------------------------------------------------------------------
Slack:                    inf
  Source:                 vit_system_i/smartconnect_ddr/inst/clk_map/psr_aclk/U0/ACTIVE_LOW_BSR_OUT_DFF[0].FDRE_BSR_N/C
                            (rising edge-triggered cell FDRE clocked by clk_pl_0  {rise@0.000ns fall@10.000ns period=20.000ns})
  Destination:            vit_system_i/smartconnect_ddr/inst/s00_entry_pipeline/s00_transaction_regulator/inst/xpm_cdc_async_rst_inst/arststages_ff_reg[0]/CLR
                            (recovery check against rising-edge clock clk_pl_0  {rise@0.000ns fall@10.000ns period=20.000ns})
  Path Group:             (none)
  Path Type:              Recovery (Max at Slow Process Corner)
  Data Path Delay:        2.020ns  (logic 0.096ns (4.752%)  route 1.924ns (95.248%))
  Logic Levels:           0  
  Clock Path Skew:        -0.495ns (DCD - SCD + CPR)
    Destination Clock Delay (DCD):    2.416ns
    Source Clock Delay      (SCD):    2.911ns
    Clock Pessimism Removal (CPR):    0.000ns
  Clock Uncertainty:      0.161ns  ((TSJ^2 + DJ^2)^1/2) / 2 + PE
    Total System Jitter     (TSJ):    0.071ns
    Discrete Jitter          (DJ):    0.315ns
    Phase Error              (PE):    0.000ns
  Clock Net Delay (Source):      2.704ns (routing 1.382ns, distribution 1.322ns)
  Clock Net Delay (Destination): 2.249ns (routing 1.258ns, distribution 0.991ns)
  Timing Exception:       False Path

    Location             Delay type                Incr(ns)  Path(ns)    Netlist Resource(s)
  -------------------------------------------------------------------    -------------------
                         (clock clk_pl_0 rise edge)
                                                      0.000     0.000 r  
    PS8_X0Y0             PS8                          0.000     0.000 r  vit_system_i/zynq_ultra_ps_e_0/inst/PS8_i/PLCLK[0]
                         net (fo=1, routed)           0.178     0.178    vit_system_i/zynq_ultra_ps_e_0/inst/pl_clk_unbuffered[0]
    BUFG_PS_X0Y90        BUFG_PS (Prop_BUFG_PS_I_O)
                                                      0.029     0.207 r  vit_system_i/zynq_ultra_ps_e_0/inst/buffer_pl_clk_0.PL_CLK_0_BUFG/O
    X1Y1 (CLOCK_ROOT)    net (fo=66188, routed)       2.704     2.911    vit_system_i/smartconnect_ddr/inst/clk_map/psr_aclk/U0/aclk
    SLICE_X1Y28          FDRE                                         r  vit_system_i/smartconnect_ddr/inst/clk_map/psr_aclk/U0/ACTIVE_LOW_BSR_OUT_DFF[0].FDRE_BSR_N/C
  -------------------------------------------------------------------    -------------------
    SLICE_X1Y28          FDRE (Prop_HFF_SLICEM_C_Q)
                                                      0.096     3.007 r  vit_system_i/smartconnect_ddr/inst/clk_map/psr_aclk/U0/ACTIVE_LOW_BSR_OUT_DFF[0].FDRE_BSR_N/Q
                         net (fo=27, routed)          1.924     4.931    vit_system_i/smartconnect_ddr/inst/s00_entry_pipeline/s00_transaction_regulator/inst/xpm_cdc_async_rst_inst/src_arst
    SLICE_X25Y57         FDCE                                         f  vit_system_i/smartconnect_ddr/inst/s00_entry_pipeline/s00_transaction_regulator/inst/xpm_cdc_async_rst_inst/arststages_ff_reg[0]/CLR  (IS_INVERTED)
  -------------------------------------------------------------------    -------------------

                         (clock clk_pl_0 rise edge)
                                                      0.000     0.000 r  
    PS8_X0Y0             PS8                          0.000     0.000 r  vit_system_i/zynq_ultra_ps_e_0/inst/PS8_i/PLCLK[0]
                         net (fo=1, routed)           0.140     0.140    vit_system_i/zynq_ultra_ps_e_0/inst/pl_clk_unbuffered[0]
    BUFG_PS_X0Y90        BUFG_PS (Prop_BUFG_PS_I_O)
                                                      0.027     0.167 r  vit_system_i/zynq_ultra_ps_e_0/inst/buffer_pl_clk_0.PL_CLK_0_BUFG/O
    X1Y1 (CLOCK_ROOT)    net (fo=66188, routed)       2.249     2.416    vit_system_i/smartconnect_ddr/inst/s00_entry_pipeline/s00_transaction_regulator/inst/xpm_cdc_async_rst_inst/dest_clk
    SLICE_X25Y57         FDCE                                         r  vit_system_i/smartconnect_ddr/inst/s00_entry_pipeline/s00_transaction_regulator/inst/xpm_cdc_async_rst_inst/arststages_ff_reg[0]/C

Slack:                    inf
  Source:                 vit_system_i/smartconnect_ddr/inst/clk_map/psr_aclk/U0/ACTIVE_LOW_BSR_OUT_DFF[0].FDRE_BSR_N/C
                            (rising edge-triggered cell FDRE clocked by clk_pl_0  {rise@0.000ns fall@10.000ns period=20.000ns})
  Destination:            vit_system_i/smartconnect_ddr/inst/s00_entry_pipeline/s00_transaction_regulator/inst/xpm_cdc_async_rst_inst/arststages_ff_reg[1]/CLR
                            (recovery check against rising-edge clock clk_pl_0  {rise@0.000ns fall@10.000ns period=20.000ns})
  Path Group:             (none)
  Path Type:              Recovery (Max at Slow Process Corner)
  Data Path Delay:        2.020ns  (logic 0.096ns (4.752%)  route 1.924ns (95.248%))
  Logic Levels:           0  
  Clock Path Skew:        -0.495ns (DCD - SCD + CPR)
    Destination Clock Delay (DCD):    2.416ns
    Source Clock Delay      (SCD):    2.911ns
    Clock Pessimism Removal (CPR):    0.000ns
  Clock Uncertainty:      0.161ns  ((TSJ^2 + DJ^2)^1/2) / 2 + PE
    Total System Jitter     (TSJ):    0.071ns
    Discrete Jitter          (DJ):    0.315ns
    Phase Error              (PE):    0.000ns
  Clock Net Delay (Source):      2.704ns (routing 1.382ns, distribution 1.322ns)
  Clock Net Delay (Destination): 2.249ns (routing 1.258ns, distribution 0.991ns)
  Timing Exception:       False Path

    Location             Delay type                Incr(ns)  Path(ns)    Netlist Resource(s)
  -------------------------------------------------------------------    -------------------
                         (clock clk_pl_0 rise edge)
                                                      0.000     0.000 r  
    PS8_X0Y0             PS8                          0.000     0.000 r  vit_system_i/zynq_ultra_ps_e_0/inst/PS8_i/PLCLK[0]
                         net (fo=1, routed)           0.178     0.178    vit_system_i/zynq_ultra_ps_e_0/inst/pl_clk_unbuffered[0]
    BUFG_PS_X0Y90        BUFG_PS (Prop_BUFG_PS_I_O)
                                                      0.029     0.207 r  vit_system_i/zynq_ultra_ps_e_0/inst/buffer_pl_clk_0.PL_CLK_0_BUFG/O
    X1Y1 (CLOCK_ROOT)    net (fo=66188, routed)       2.704     2.911    vit_system_i/smartconnect_ddr/inst/clk_map/psr_aclk/U0/aclk
    SLICE_X1Y28          FDRE                                         r  vit_system_i/smartconnect_ddr/inst/clk_map/psr_aclk/U0/ACTIVE_LOW_BSR_OUT_DFF[0].FDRE_BSR_N/C
  -------------------------------------------------------------------    -------------------
    SLICE_X1Y28          FDRE (Prop_HFF_SLICEM_C_Q)
                                                      0.096     3.007 r  vit_system_i/smartconnect_ddr/inst/clk_map/psr_aclk/U0/ACTIVE_LOW_BSR_OUT_DFF[0].FDRE_BSR_N/Q
                         net (fo=27, routed)          1.924     4.931    vit_system_i/smartconnect_ddr/inst/s00_entry_pipeline/s00_transaction_regulator/inst/xpm_cdc_async_rst_inst/src_arst
    SLICE_X25Y57         FDCE                                         f  vit_system_i/smartconnect_ddr/inst/s00_entry_pipeline/s00_transaction_regulator/inst/xpm_cdc_async_rst_inst/arststages_ff_reg[1]/CLR  (IS_INVERTED)
  -------------------------------------------------------------------    -------------------

                         (clock clk_pl_0 rise edge)
                                                      0.000     0.000 r  
    PS8_X0Y0             PS8                          0.000     0.000 r  vit_system_i/zynq_ultra_ps_e_0/inst/PS8_i/PLCLK[0]
                         net (fo=1, routed)           0.140     0.140    vit_system_i/zynq_ultra_ps_e_0/inst/pl_clk_unbuffered[0]
    BUFG_PS_X0Y90        BUFG_PS (Prop_BUFG_PS_I_O)
                                                      0.027     0.167 r  vit_system_i/zynq_ultra_ps_e_0/inst/buffer_pl_clk_0.PL_CLK_0_BUFG/O
    X1Y1 (CLOCK_ROOT)    net (fo=66188, routed)       2.249     2.416    vit_system_i/smartconnect_ddr/inst/s00_entry_pipeline/s00_transaction_regulator/inst/xpm_cdc_async_rst_inst/dest_clk
    SLICE_X25Y57         FDCE                                         r  vit_system_i/smartconnect_ddr/inst/s00_entry_pipeline/s00_transaction_regulator/inst/xpm_cdc_async_rst_inst/arststages_ff_reg[1]/C

Slack:                    inf
  Source:                 vit_system_i/smartconnect_ddr/inst/clk_map/psr_aclk/U0/ACTIVE_LOW_BSR_OUT_DFF[0].FDRE_BSR_N/C
                            (rising edge-triggered cell FDRE clocked by clk_pl_0  {rise@0.000ns fall@10.000ns period=20.000ns})
  Destination:            vit_system_i/smartconnect_ddr/inst/s00_entry_pipeline/s00_transaction_regulator/inst/xpm_cdc_async_rst_inst/arststages_ff_reg[2]/CLR
                            (recovery check against rising-edge clock clk_pl_0  {rise@0.000ns fall@10.000ns period=20.000ns})
  Path Group:             (none)
  Path Type:              Recovery (Max at Slow Process Corner)
  Data Path Delay:        2.020ns  (logic 0.096ns (4.752%)  route 1.924ns (95.248%))
  Logic Levels:           0  
  Clock Path Skew:        -0.495ns (DCD - SCD + CPR)
    Destination Clock Delay (DCD):    2.416ns
    Source Clock Delay      (SCD):    2.911ns
    Clock Pessimism Removal (CPR):    0.000ns
  Clock Uncertainty:      0.161ns  ((TSJ^2 + DJ^2)^1/2) / 2 + PE
    Total System Jitter     (TSJ):    0.071ns
    Discrete Jitter          (DJ):    0.315ns
    Phase Error              (PE):    0.000ns
  Clock Net Delay (Source):      2.704ns (routing 1.382ns, distribution 1.322ns)
  Clock Net Delay (Destination): 2.249ns (routing 1.258ns, distribution 0.991ns)
  Timing Exception:       False Path

    Location             Delay type                Incr(ns)  Path(ns)    Netlist Resource(s)
  -------------------------------------------------------------------    -------------------
                         (clock clk_pl_0 rise edge)
                                                      0.000     0.000 r  
    PS8_X0Y0             PS8                          0.000     0.000 r  vit_system_i/zynq_ultra_ps_e_0/inst/PS8_i/PLCLK[0]
                         net (fo=1, routed)           0.178     0.178    vit_system_i/zynq_ultra_ps_e_0/inst/pl_clk_unbuffered[0]
    BUFG_PS_X0Y90        BUFG_PS (Prop_BUFG_PS_I_O)
                                                      0.029     0.207 r  vit_system_i/zynq_ultra_ps_e_0/inst/buffer_pl_clk_0.PL_CLK_0_BUFG/O
    X1Y1 (CLOCK_ROOT)    net (fo=66188, routed)       2.704     2.911    vit_system_i/smartconnect_ddr/inst/clk_map/psr_aclk/U0/aclk
    SLICE_X1Y28          FDRE                                         r  vit_system_i/smartconnect_ddr/inst/clk_map/psr_aclk/U0/ACTIVE_LOW_BSR_OUT_DFF[0].FDRE_BSR_N/C
  -------------------------------------------------------------------    -------------------
    SLICE_X1Y28          FDRE (Prop_HFF_SLICEM_C_Q)
                                                      0.096     3.007 r  vit_system_i/smartconnect_ddr/inst/clk_map/psr_aclk/U0/ACTIVE_LOW_BSR_OUT_DFF[0].FDRE_BSR_N/Q
                         net (fo=27, routed)          1.924     4.931    vit_system_i/smartconnect_ddr/inst/s00_entry_pipeline/s00_transaction_regulator/inst/xpm_cdc_async_rst_inst/src_arst
    SLICE_X25Y57         FDCE                                         f  vit_system_i/smartconnect_ddr/inst/s00_entry_pipeline/s00_transaction_regulator/inst/xpm_cdc_async_rst_inst/arststages_ff_reg[2]/CLR  (IS_INVERTED)
  -------------------------------------------------------------------    -------------------

                         (clock clk_pl_0 rise edge)
                                                      0.000     0.000 r  
    PS8_X0Y0             PS8                          0.000     0.000 r  vit_system_i/zynq_ultra_ps_e_0/inst/PS8_i/PLCLK[0]
                         net (fo=1, routed)           0.140     0.140    vit_system_i/zynq_ultra_ps_e_0/inst/pl_clk_unbuffered[0]
    BUFG_PS_X0Y90        BUFG_PS (Prop_BUFG_PS_I_O)
                                                      0.027     0.167 r  vit_system_i/zynq_ultra_ps_e_0/inst/buffer_pl_clk_0.PL_CLK_0_BUFG/O
    X1Y1 (CLOCK_ROOT)    net (fo=66188, routed)       2.249     2.416    vit_system_i/smartconnect_ddr/inst/s00_entry_pipeline/s00_transaction_regulator/inst/xpm_cdc_async_rst_inst/dest_clk
    SLICE_X25Y57         FDCE                                         r  vit_system_i/smartconnect_ddr/inst/s00_entry_pipeline/s00_transaction_regulator/inst/xpm_cdc_async_rst_inst/arststages_ff_reg[2]/C

Slack:                    inf
  Source:                 vit_system_i/smartconnect_ddr/inst/clk_map/psr_aclk/U0/ACTIVE_LOW_BSR_OUT_DFF[0].FDRE_BSR_N/C
                            (rising edge-triggered cell FDRE clocked by clk_pl_0  {rise@0.000ns fall@10.000ns period=20.000ns})
  Destination:            vit_system_i/smartconnect_ddr/inst/s00_nodes/s00_ar_node/inst/s_sc_xpm_cdc_async_rst_inst/arststages_ff_reg[0]/CLR
                            (recovery check against rising-edge clock clk_pl_0  {rise@0.000ns fall@10.000ns period=20.000ns})
  Path Group:             (none)
  Path Type:              Recovery (Max at Slow Process Corner)
  Data Path Delay:        1.582ns  (logic 0.096ns (6.068%)  route 1.486ns (93.932%))
  Logic Levels:           0  
  Clock Path Skew:        -0.512ns (DCD - SCD + CPR)
    Destination Clock Delay (DCD):    2.399ns
    Source Clock Delay      (SCD):    2.911ns
    Clock Pessimism Removal (CPR):    0.000ns
  Clock Uncertainty:      0.161ns  ((TSJ^2 + DJ^2)^1/2) / 2 + PE
    Total System Jitter     (TSJ):    0.071ns
    Discrete Jitter          (DJ):    0.315ns
    Phase Error              (PE):    0.000ns
  Clock Net Delay (Source):      2.704ns (routing 1.382ns, distribution 1.322ns)
  Clock Net Delay (Destination): 2.232ns (routing 1.258ns, distribution 0.974ns)
  Timing Exception:       False Path

    Location             Delay type                Incr(ns)  Path(ns)    Netlist Resource(s)
  -------------------------------------------------------------------    -------------------
                         (clock clk_pl_0 rise edge)
                                                      0.000     0.000 r  
    PS8_X0Y0             PS8                          0.000     0.000 r  vit_system_i/zynq_ultra_ps_e_0/inst/PS8_i/PLCLK[0]
                         net (fo=1, routed)           0.178     0.178    vit_system_i/zynq_ultra_ps_e_0/inst/pl_clk_unbuffered[0]
    BUFG_PS_X0Y90        BUFG_PS (Prop_BUFG_PS_I_O)
                                                      0.029     0.207 r  vit_system_i/zynq_ultra_ps_e_0/inst/buffer_pl_clk_0.PL_CLK_0_BUFG/O
    X1Y1 (CLOCK_ROOT)    net (fo=66188, routed)       2.704     2.911    vit_system_i/smartconnect_ddr/inst/clk_map/psr_aclk/U0/aclk
    SLICE_X1Y28          FDRE                                         r  vit_system_i/smartconnect_ddr/inst/clk_map/psr_aclk/U0/ACTIVE_LOW_BSR_OUT_DFF[0].FDRE_BSR_N/C
  -------------------------------------------------------------------    -------------------
    SLICE_X1Y28          FDRE (Prop_HFF_SLICEM_C_Q)
                                                      0.096     3.007 r  vit_system_i/smartconnect_ddr/inst/clk_map/psr_aclk/U0/ACTIVE_LOW_BSR_OUT_DFF[0].FDRE_BSR_N/Q
                         net (fo=27, routed)          1.486     4.493    vit_system_i/smartconnect_ddr/inst/s00_nodes/s00_ar_node/inst/s_sc_xpm_cdc_async_rst_inst/src_arst
    SLICE_X24Y23         FDCE                                         f  vit_system_i/smartconnect_ddr/inst/s00_nodes/s00_ar_node/inst/s_sc_xpm_cdc_async_rst_inst/arststages_ff_reg[0]/CLR  (IS_INVERTED)
  -------------------------------------------------------------------    -------------------

                         (clock clk_pl_0 rise edge)
                                                      0.000     0.000 r  
    PS8_X0Y0             PS8                          0.000     0.000 r  vit_system_i/zynq_ultra_ps_e_0/inst/PS8_i/PLCLK[0]
                         net (fo=1, routed)           0.140     0.140    vit_system_i/zynq_ultra_ps_e_0/inst/pl_clk_unbuffered[0]
    BUFG_PS_X0Y90        BUFG_PS (Prop_BUFG_PS_I_O)
                                                      0.027     0.167 r  vit_system_i/zynq_ultra_ps_e_0/inst/buffer_pl_clk_0.PL_CLK_0_BUFG/O
    X1Y1 (CLOCK_ROOT)    net (fo=66188, routed)       2.232     2.399    vit_system_i/smartconnect_ddr/inst/s00_nodes/s00_ar_node/inst/s_sc_xpm_cdc_async_rst_inst/dest_clk
    SLICE_X24Y23         FDCE                                         r  vit_system_i/smartconnect_ddr/inst/s00_nodes/s00_ar_node/inst/s_sc_xpm_cdc_async_rst_inst/arststages_ff_reg[0]/C

Slack:                    inf
  Source:                 vit_system_i/smartconnect_ddr/inst/clk_map/psr_aclk/U0/ACTIVE_LOW_BSR_OUT_DFF[0].FDRE_BSR_N/C
                            (rising edge-triggered cell FDRE clocked by clk_pl_0  {rise@0.000ns fall@10.000ns period=20.000ns})
  Destination:            vit_system_i/smartconnect_ddr/inst/s00_nodes/s00_ar_node/inst/s_sc_xpm_cdc_async_rst_inst/arststages_ff_reg[1]/CLR
                            (recovery check against rising-edge clock clk_pl_0  {rise@0.000ns fall@10.000ns period=20.000ns})
  Path Group:             (none)
  Path Type:              Recovery (Max at Slow Process Corner)
  Data Path Delay:        1.582ns  (logic 0.096ns (6.068%)  route 1.486ns (93.932%))
  Logic Levels:           0  
  Clock Path Skew:        -0.512ns (DCD - SCD + CPR)
    Destination Clock Delay (DCD):    2.399ns
    Source Clock Delay      (SCD):    2.911ns
    Clock Pessimism Removal (CPR):    0.000ns
  Clock Uncertainty:      0.161ns  ((TSJ^2 + DJ^2)^1/2) / 2 + PE
    Total System Jitter     (TSJ):    0.071ns
    Discrete Jitter          (DJ):    0.315ns
    Phase Error              (PE):    0.000ns
  Clock Net Delay (Source):      2.704ns (routing 1.382ns, distribution 1.322ns)
  Clock Net Delay (Destination): 2.232ns (routing 1.258ns, distribution 0.974ns)
  Timing Exception:       False Path

    Location             Delay type                Incr(ns)  Path(ns)    Netlist Resource(s)
  -------------------------------------------------------------------    -------------------
                         (clock clk_pl_0 rise edge)
                                                      0.000     0.000 r  
    PS8_X0Y0             PS8                          0.000     0.000 r  vit_system_i/zynq_ultra_ps_e_0/inst/PS8_i/PLCLK[0]
                         net (fo=1, routed)           0.178     0.178    vit_system_i/zynq_ultra_ps_e_0/inst/pl_clk_unbuffered[0]
    BUFG_PS_X0Y90        BUFG_PS (Prop_BUFG_PS_I_O)
                                                      0.029     0.207 r  vit_system_i/zynq_ultra_ps_e_0/inst/buffer_pl_clk_0.PL_CLK_0_BUFG/O
    X1Y1 (CLOCK_ROOT)    net (fo=66188, routed)       2.704     2.911    vit_system_i/smartconnect_ddr/inst/clk_map/psr_aclk/U0/aclk
    SLICE_X1Y28          FDRE                                         r  vit_system_i/smartconnect_ddr/inst/clk_map/psr_aclk/U0/ACTIVE_LOW_BSR_OUT_DFF[0].FDRE_BSR_N/C
  -------------------------------------------------------------------    -------------------
    SLICE_X1Y28          FDRE (Prop_HFF_SLICEM_C_Q)
                                                      0.096     3.007 r  vit_system_i/smartconnect_ddr/inst/clk_map/psr_aclk/U0/ACTIVE_LOW_BSR_OUT_DFF[0].FDRE_BSR_N/Q
                         net (fo=27, routed)          1.486     4.493    vit_system_i/smartconnect_ddr/inst/s00_nodes/s00_ar_node/inst/s_sc_xpm_cdc_async_rst_inst/src_arst
    SLICE_X24Y23         FDCE                                         f  vit_system_i/smartconnect_ddr/inst/s00_nodes/s00_ar_node/inst/s_sc_xpm_cdc_async_rst_inst/arststages_ff_reg[1]/CLR  (IS_INVERTED)
  -------------------------------------------------------------------    -------------------

                         (clock clk_pl_0 rise edge)
                                                      0.000     0.000 r  
    PS8_X0Y0             PS8                          0.000     0.000 r  vit_system_i/zynq_ultra_ps_e_0/inst/PS8_i/PLCLK[0]
                         net (fo=1, routed)           0.140     0.140    vit_system_i/zynq_ultra_ps_e_0/inst/pl_clk_unbuffered[0]
    BUFG_PS_X0Y90        BUFG_PS (Prop_BUFG_PS_I_O)
                                                      0.027     0.167 r  vit_system_i/zynq_ultra_ps_e_0/inst/buffer_pl_clk_0.PL_CLK_0_BUFG/O
    X1Y1 (CLOCK_ROOT)    net (fo=66188, routed)       2.232     2.399    vit_system_i/smartconnect_ddr/inst/s00_nodes/s00_ar_node/inst/s_sc_xpm_cdc_async_rst_inst/dest_clk
    SLICE_X24Y23         FDCE                                         r  vit_system_i/smartconnect_ddr/inst/s00_nodes/s00_ar_node/inst/s_sc_xpm_cdc_async_rst_inst/arststages_ff_reg[1]/C

Slack:                    inf
  Source:                 vit_system_i/smartconnect_ddr/inst/clk_map/psr_aclk/U0/ACTIVE_LOW_BSR_OUT_DFF[0].FDRE_BSR_N/C
                            (rising edge-triggered cell FDRE clocked by clk_pl_0  {rise@0.000ns fall@10.000ns period=20.000ns})
  Destination:            vit_system_i/smartconnect_ddr/inst/s00_nodes/s00_ar_node/inst/s_sc_xpm_cdc_async_rst_inst/arststages_ff_reg[2]/CLR
                            (recovery check against rising-edge clock clk_pl_0  {rise@0.000ns fall@10.000ns period=20.000ns})
  Path Group:             (none)
  Path Type:              Recovery (Max at Slow Process Corner)
  Data Path Delay:        1.582ns  (logic 0.096ns (6.068%)  route 1.486ns (93.932%))
  Logic Levels:           0  
  Clock Path Skew:        -0.512ns (DCD - SCD + CPR)
    Destination Clock Delay (DCD):    2.399ns
    Source Clock Delay      (SCD):    2.911ns
    Clock Pessimism Removal (CPR):    0.000ns
  Clock Uncertainty:      0.161ns  ((TSJ^2 + DJ^2)^1/2) / 2 + PE
    Total System Jitter     (TSJ):    0.071ns
    Discrete Jitter          (DJ):    0.315ns
    Phase Error              (PE):    0.000ns
  Clock Net Delay (Source):      2.704ns (routing 1.382ns, distribution 1.322ns)
  Clock Net Delay (Destination): 2.232ns (routing 1.258ns, distribution 0.974ns)
  Timing Exception:       False Path

    Location             Delay type                Incr(ns)  Path(ns)    Netlist Resource(s)
  -------------------------------------------------------------------    -------------------
                         (clock clk_pl_0 rise edge)
                                                      0.000     0.000 r  
    PS8_X0Y0             PS8                          0.000     0.000 r  vit_system_i/zynq_ultra_ps_e_0/inst/PS8_i/PLCLK[0]
                         net (fo=1, routed)           0.178     0.178    vit_system_i/zynq_ultra_ps_e_0/inst/pl_clk_unbuffered[0]
    BUFG_PS_X0Y90        BUFG_PS (Prop_BUFG_PS_I_O)
                                                      0.029     0.207 r  vit_system_i/zynq_ultra_ps_e_0/inst/buffer_pl_clk_0.PL_CLK_0_BUFG/O
    X1Y1 (CLOCK_ROOT)    net (fo=66188, routed)       2.704     2.911    vit_system_i/smartconnect_ddr/inst/clk_map/psr_aclk/U0/aclk
    SLICE_X1Y28          FDRE                                         r  vit_system_i/smartconnect_ddr/inst/clk_map/psr_aclk/U0/ACTIVE_LOW_BSR_OUT_DFF[0].FDRE_BSR_N/C
  -------------------------------------------------------------------    -------------------
    SLICE_X1Y28          FDRE (Prop_HFF_SLICEM_C_Q)
                                                      0.096     3.007 r  vit_system_i/smartconnect_ddr/inst/clk_map/psr_aclk/U0/ACTIVE_LOW_BSR_OUT_DFF[0].FDRE_BSR_N/Q
                         net (fo=27, routed)          1.486     4.493    vit_system_i/smartconnect_ddr/inst/s00_nodes/s00_ar_node/inst/s_sc_xpm_cdc_async_rst_inst/src_arst
    SLICE_X24Y23         FDCE                                         f  vit_system_i/smartconnect_ddr/inst/s00_nodes/s00_ar_node/inst/s_sc_xpm_cdc_async_rst_inst/arststages_ff_reg[2]/CLR  (IS_INVERTED)
  -------------------------------------------------------------------    -------------------

                         (clock clk_pl_0 rise edge)
                                                      0.000     0.000 r  
    PS8_X0Y0             PS8                          0.000     0.000 r  vit_system_i/zynq_ultra_ps_e_0/inst/PS8_i/PLCLK[0]
                         net (fo=1, routed)           0.140     0.140    vit_system_i/zynq_ultra_ps_e_0/inst/pl_clk_unbuffered[0]
    BUFG_PS_X0Y90        BUFG_PS (Prop_BUFG_PS_I_O)
                                                      0.027     0.167 r  vit_system_i/zynq_ultra_ps_e_0/inst/buffer_pl_clk_0.PL_CLK_0_BUFG/O
    X1Y1 (CLOCK_ROOT)    net (fo=66188, routed)       2.232     2.399    vit_system_i/smartconnect_ddr/inst/s00_nodes/s00_ar_node/inst/s_sc_xpm_cdc_async_rst_inst/dest_clk
    SLICE_X24Y23         FDCE                                         r  vit_system_i/smartconnect_ddr/inst/s00_nodes/s00_ar_node/inst/s_sc_xpm_cdc_async_rst_inst/arststages_ff_reg[2]/C

Slack:                    inf
  Source:                 vit_system_i/proc_sys_reset_0/U0/ACTIVE_LOW_BSR_OUT_DFF[0].FDRE_BSR_N/C
                            (rising edge-triggered cell FDRE clocked by clk_pl_0  {rise@0.000ns fall@10.000ns period=20.000ns})
  Destination:            vit_system_i/smartconnect_control/inst/clk_map/psr_aclk/U0/EXT_LPF/ACTIVE_LOW_AUX.ACT_LO_AUX/GENERATE_LEVEL_P_S_CDC.SINGLE_BIT.CROSS_PLEVEL_IN2SCNDRY_IN_cdc_to/D
                            (rising edge-triggered cell FDRE clocked by clk_pl_0  {rise@0.000ns fall@10.000ns period=20.000ns})
  Path Group:             (none)
  Path Type:              Setup (Max at Slow Process Corner)
  Data Path Delay:        1.414ns  (logic 0.180ns (12.730%)  route 1.234ns (87.270%))
  Logic Levels:           1  (LUT1=1)
  Clock Path Skew:        -0.378ns (DCD - SCD + CPR)
    Destination Clock Delay (DCD):    2.566ns
    Source Clock Delay      (SCD):    2.944ns
    Clock Pessimism Removal (CPR):    0.000ns
  Clock Uncertainty:      0.161ns  ((TSJ^2 + DJ^2)^1/2) / 2 + PE
    Total System Jitter     (TSJ):    0.071ns
    Discrete Jitter          (DJ):    0.315ns
    Phase Error              (PE):    0.000ns
  Clock Net Delay (Source):      2.737ns (routing 1.382ns, distribution 1.355ns)
  Clock Net Delay (Destination): 2.399ns (routing 1.258ns, distribution 1.141ns)
  Timing Exception:       False Path

    Location             Delay type                Incr(ns)  Path(ns)    Netlist Resource(s)
  -------------------------------------------------------------------    -------------------
                         (clock clk_pl_0 rise edge)
                                                      0.000     0.000 r  
    PS8_X0Y0             PS8                          0.000     0.000 r  vit_system_i/zynq_ultra_ps_e_0/inst/PS8_i/PLCLK[0]
                         net (fo=1, routed)           0.178     0.178    vit_system_i/zynq_ultra_ps_e_0/inst/pl_clk_unbuffered[0]
    BUFG_PS_X0Y90        BUFG_PS (Prop_BUFG_PS_I_O)
                                                      0.029     0.207 r  vit_system_i/zynq_ultra_ps_e_0/inst/buffer_pl_clk_0.PL_CLK_0_BUFG/O
    X1Y1 (CLOCK_ROOT)    net (fo=66188, routed)       2.737     2.944    vit_system_i/proc_sys_reset_0/U0/slowest_sync_clk
    SLICE_X3Y46          FDRE                                         r  vit_system_i/proc_sys_reset_0/U0/ACTIVE_LOW_BSR_OUT_DFF[0].FDRE_BSR_N/C
  -------------------------------------------------------------------    -------------------
    SLICE_X3Y46          FDRE (Prop_HFF_SLICEL_C_Q)
                                                      0.096     3.040 f  vit_system_i/proc_sys_reset_0/U0/ACTIVE_LOW_BSR_OUT_DFF[0].FDRE_BSR_N/Q
                         net (fo=2, routed)           0.555     3.595    vit_system_i/smartconnect_control/inst/clk_map/psr_aclk/U0/EXT_LPF/ACTIVE_LOW_AUX.ACT_LO_AUX/aresetn
    SLICE_X1Y69          LUT1 (Prop_C5LUT_SLICEM_I0_O)
                                                      0.084     3.679 r  vit_system_i/smartconnect_control/inst/clk_map/psr_aclk/U0/EXT_LPF/ACTIVE_LOW_AUX.ACT_LO_AUX/GENERATE_LEVEL_P_S_CDC.SINGLE_BIT.CROSS_PLEVEL_IN2SCNDRY_IN_cdc_to_i_1/O
                         net (fo=1, routed)           0.679     4.358    vit_system_i/smartconnect_control/inst/clk_map/psr_aclk/U0/EXT_LPF/ACTIVE_LOW_AUX.ACT_LO_AUX/asr_d1
    SLICE_X2Y87          FDRE                                         r  vit_system_i/smartconnect_control/inst/clk_map/psr_aclk/U0/EXT_LPF/ACTIVE_LOW_AUX.ACT_LO_AUX/GENERATE_LEVEL_P_S_CDC.SINGLE_BIT.CROSS_PLEVEL_IN2SCNDRY_IN_cdc_to/D
  -------------------------------------------------------------------    -------------------

                         (clock clk_pl_0 rise edge)
                                                      0.000     0.000 r  
    PS8_X0Y0             PS8                          0.000     0.000 r  vit_system_i/zynq_ultra_ps_e_0/inst/PS8_i/PLCLK[0]
                         net (fo=1, routed)           0.140     0.140    vit_system_i/zynq_ultra_ps_e_0/inst/pl_clk_unbuffered[0]
    BUFG_PS_X0Y90        BUFG_PS (Prop_BUFG_PS_I_O)
                                                      0.027     0.167 r  vit_system_i/zynq_ultra_ps_e_0/inst/buffer_pl_clk_0.PL_CLK_0_BUFG/O
    X1Y1 (CLOCK_ROOT)    net (fo=66188, routed)       2.399     2.566    vit_system_i/smartconnect_control/inst/clk_map/psr_aclk/U0/EXT_LPF/ACTIVE_LOW_AUX.ACT_LO_AUX/aclk
    SLICE_X2Y87          FDRE                                         r  vit_system_i/smartconnect_control/inst/clk_map/psr_aclk/U0/EXT_LPF/ACTIVE_LOW_AUX.ACT_LO_AUX/GENERATE_LEVEL_P_S_CDC.SINGLE_BIT.CROSS_PLEVEL_IN2SCNDRY_IN_cdc_to/C

Slack:                    inf
  Source:                 vit_system_i/smartconnect_ddr/inst/clk_map/psr_aclk/U0/ACTIVE_LOW_BSR_OUT_DFF[0].FDRE_BSR_N/C
                            (rising edge-triggered cell FDRE clocked by clk_pl_0  {rise@0.000ns fall@10.000ns period=20.000ns})
  Destination:            vit_system_i/smartconnect_ddr/inst/m00_exit_pipeline/m00_exit/inst/xpm_cdc_async_rst_inst/arststages_ff_reg[0]/CLR
                            (recovery check against rising-edge clock clk_pl_0  {rise@0.000ns fall@10.000ns period=20.000ns})
  Path Group:             (none)
  Path Type:              Recovery (Max at Slow Process Corner)
  Data Path Delay:        1.404ns  (logic 0.096ns (6.837%)  route 1.308ns (93.163%))
  Logic Levels:           0  
  Clock Path Skew:        -0.319ns (DCD - SCD + CPR)
    Destination Clock Delay (DCD):    2.592ns
    Source Clock Delay      (SCD):    2.911ns
    Clock Pessimism Removal (CPR):    0.000ns
  Clock Uncertainty:      0.161ns  ((TSJ^2 + DJ^2)^1/2) / 2 + PE
    Total System Jitter     (TSJ):    0.071ns
    Discrete Jitter          (DJ):    0.315ns
    Phase Error              (PE):    0.000ns
  Clock Net Delay (Source):      2.704ns (routing 1.382ns, distribution 1.322ns)
  Clock Net Delay (Destination): 2.425ns (routing 1.258ns, distribution 1.167ns)
  Timing Exception:       False Path

    Location             Delay type                Incr(ns)  Path(ns)    Netlist Resource(s)
  -------------------------------------------------------------------    -------------------
                         (clock clk_pl_0 rise edge)
                                                      0.000     0.000 r  
    PS8_X0Y0             PS8                          0.000     0.000 r  vit_system_i/zynq_ultra_ps_e_0/inst/PS8_i/PLCLK[0]
                         net (fo=1, routed)           0.178     0.178    vit_system_i/zynq_ultra_ps_e_0/inst/pl_clk_unbuffered[0]
    BUFG_PS_X0Y90        BUFG_PS (Prop_BUFG_PS_I_O)
                                                      0.029     0.207 r  vit_system_i/zynq_ultra_ps_e_0/inst/buffer_pl_clk_0.PL_CLK_0_BUFG/O
    X1Y1 (CLOCK_ROOT)    net (fo=66188, routed)       2.704     2.911    vit_system_i/smartconnect_ddr/inst/clk_map/psr_aclk/U0/aclk
    SLICE_X1Y28          FDRE                                         r  vit_system_i/smartconnect_ddr/inst/clk_map/psr_aclk/U0/ACTIVE_LOW_BSR_OUT_DFF[0].FDRE_BSR_N/C
  -------------------------------------------------------------------    -------------------
    SLICE_X1Y28          FDRE (Prop_HFF_SLICEM_C_Q)
                                                      0.096     3.007 r  vit_system_i/smartconnect_ddr/inst/clk_map/psr_aclk/U0/ACTIVE_LOW_BSR_OUT_DFF[0].FDRE_BSR_N/Q
                         net (fo=27, routed)          1.308     4.315    vit_system_i/smartconnect_ddr/inst/m00_exit_pipeline/m00_exit/inst/xpm_cdc_async_rst_inst/src_arst
    SLICE_X5Y59          FDCE                                         f  vit_system_i/smartconnect_ddr/inst/m00_exit_pipeline/m00_exit/inst/xpm_cdc_async_rst_inst/arststages_ff_reg[0]/CLR  (IS_INVERTED)
  -------------------------------------------------------------------    -------------------

                         (clock clk_pl_0 rise edge)
                                                      0.000     0.000 r  
    PS8_X0Y0             PS8                          0.000     0.000 r  vit_system_i/zynq_ultra_ps_e_0/inst/PS8_i/PLCLK[0]
                         net (fo=1, routed)           0.140     0.140    vit_system_i/zynq_ultra_ps_e_0/inst/pl_clk_unbuffered[0]
    BUFG_PS_X0Y90        BUFG_PS (Prop_BUFG_PS_I_O)
                                                      0.027     0.167 r  vit_system_i/zynq_ultra_ps_e_0/inst/buffer_pl_clk_0.PL_CLK_0_BUFG/O
    X1Y1 (CLOCK_ROOT)    net (fo=66188, routed)       2.425     2.592    vit_system_i/smartconnect_ddr/inst/m00_exit_pipeline/m00_exit/inst/xpm_cdc_async_rst_inst/dest_clk
    SLICE_X5Y59          FDCE                                         r  vit_system_i/smartconnect_ddr/inst/m00_exit_pipeline/m00_exit/inst/xpm_cdc_async_rst_inst/arststages_ff_reg[0]/C

Slack:                    inf
  Source:                 vit_system_i/smartconnect_ddr/inst/clk_map/psr_aclk/U0/ACTIVE_LOW_BSR_OUT_DFF[0].FDRE_BSR_N/C
                            (rising edge-triggered cell FDRE clocked by clk_pl_0  {rise@0.000ns fall@10.000ns period=20.000ns})
  Destination:            vit_system_i/smartconnect_ddr/inst/m00_exit_pipeline/m00_exit/inst/xpm_cdc_async_rst_inst/arststages_ff_reg[1]/CLR
                            (recovery check against rising-edge clock clk_pl_0  {rise@0.000ns fall@10.000ns period=20.000ns})
  Path Group:             (none)
  Path Type:              Recovery (Max at Slow Process Corner)
  Data Path Delay:        1.404ns  (logic 0.096ns (6.837%)  route 1.308ns (93.163%))
  Logic Levels:           0  
  Clock Path Skew:        -0.319ns (DCD - SCD + CPR)
    Destination Clock Delay (DCD):    2.592ns
    Source Clock Delay      (SCD):    2.911ns
    Clock Pessimism Removal (CPR):    0.000ns
  Clock Uncertainty:      0.161ns  ((TSJ^2 + DJ^2)^1/2) / 2 + PE
    Total System Jitter     (TSJ):    0.071ns
    Discrete Jitter          (DJ):    0.315ns
    Phase Error              (PE):    0.000ns
  Clock Net Delay (Source):      2.704ns (routing 1.382ns, distribution 1.322ns)
  Clock Net Delay (Destination): 2.425ns (routing 1.258ns, distribution 1.167ns)
  Timing Exception:       False Path

    Location             Delay type                Incr(ns)  Path(ns)    Netlist Resource(s)
  -------------------------------------------------------------------    -------------------
                         (clock clk_pl_0 rise edge)
                                                      0.000     0.000 r  
    PS8_X0Y0             PS8                          0.000     0.000 r  vit_system_i/zynq_ultra_ps_e_0/inst/PS8_i/PLCLK[0]
                         net (fo=1, routed)           0.178     0.178    vit_system_i/zynq_ultra_ps_e_0/inst/pl_clk_unbuffered[0]
    BUFG_PS_X0Y90        BUFG_PS (Prop_BUFG_PS_I_O)
                                                      0.029     0.207 r  vit_system_i/zynq_ultra_ps_e_0/inst/buffer_pl_clk_0.PL_CLK_0_BUFG/O
    X1Y1 (CLOCK_ROOT)    net (fo=66188, routed)       2.704     2.911    vit_system_i/smartconnect_ddr/inst/clk_map/psr_aclk/U0/aclk
    SLICE_X1Y28          FDRE                                         r  vit_system_i/smartconnect_ddr/inst/clk_map/psr_aclk/U0/ACTIVE_LOW_BSR_OUT_DFF[0].FDRE_BSR_N/C
  -------------------------------------------------------------------    -------------------
    SLICE_X1Y28          FDRE (Prop_HFF_SLICEM_C_Q)
                                                      0.096     3.007 r  vit_system_i/smartconnect_ddr/inst/clk_map/psr_aclk/U0/ACTIVE_LOW_BSR_OUT_DFF[0].FDRE_BSR_N/Q
                         net (fo=27, routed)          1.308     4.315    vit_system_i/smartconnect_ddr/inst/m00_exit_pipeline/m00_exit/inst/xpm_cdc_async_rst_inst/src_arst
    SLICE_X5Y59          FDCE                                         f  vit_system_i/smartconnect_ddr/inst/m00_exit_pipeline/m00_exit/inst/xpm_cdc_async_rst_inst/arststages_ff_reg[1]/CLR  (IS_INVERTED)
  -------------------------------------------------------------------    -------------------

                         (clock clk_pl_0 rise edge)
                                                      0.000     0.000 r  
    PS8_X0Y0             PS8                          0.000     0.000 r  vit_system_i/zynq_ultra_ps_e_0/inst/PS8_i/PLCLK[0]
                         net (fo=1, routed)           0.140     0.140    vit_system_i/zynq_ultra_ps_e_0/inst/pl_clk_unbuffered[0]
    BUFG_PS_X0Y90        BUFG_PS (Prop_BUFG_PS_I_O)
                                                      0.027     0.167 r  vit_system_i/zynq_ultra_ps_e_0/inst/buffer_pl_clk_0.PL_CLK_0_BUFG/O
    X1Y1 (CLOCK_ROOT)    net (fo=66188, routed)       2.425     2.592    vit_system_i/smartconnect_ddr/inst/m00_exit_pipeline/m00_exit/inst/xpm_cdc_async_rst_inst/dest_clk
    SLICE_X5Y59          FDCE                                         r  vit_system_i/smartconnect_ddr/inst/m00_exit_pipeline/m00_exit/inst/xpm_cdc_async_rst_inst/arststages_ff_reg[1]/C

Slack:                    inf
  Source:                 vit_system_i/smartconnect_ddr/inst/clk_map/psr_aclk/U0/ACTIVE_LOW_BSR_OUT_DFF[0].FDRE_BSR_N/C
                            (rising edge-triggered cell FDRE clocked by clk_pl_0  {rise@0.000ns fall@10.000ns period=20.000ns})
  Destination:            vit_system_i/smartconnect_ddr/inst/m00_exit_pipeline/m00_exit/inst/xpm_cdc_async_rst_inst/arststages_ff_reg[2]/CLR
                            (recovery check against rising-edge clock clk_pl_0  {rise@0.000ns fall@10.000ns period=20.000ns})
  Path Group:             (none)
  Path Type:              Recovery (Max at Slow Process Corner)
  Data Path Delay:        1.404ns  (logic 0.096ns (6.837%)  route 1.308ns (93.163%))
  Logic Levels:           0  
  Clock Path Skew:        -0.319ns (DCD - SCD + CPR)
    Destination Clock Delay (DCD):    2.592ns
    Source Clock Delay      (SCD):    2.911ns
    Clock Pessimism Removal (CPR):    0.000ns
  Clock Uncertainty:      0.161ns  ((TSJ^2 + DJ^2)^1/2) / 2 + PE
    Total System Jitter     (TSJ):    0.071ns
    Discrete Jitter          (DJ):    0.315ns
    Phase Error              (PE):    0.000ns
  Clock Net Delay (Source):      2.704ns (routing 1.382ns, distribution 1.322ns)
  Clock Net Delay (Destination): 2.425ns (routing 1.258ns, distribution 1.167ns)
  Timing Exception:       False Path

    Location             Delay type                Incr(ns)  Path(ns)    Netlist Resource(s)
  -------------------------------------------------------------------    -------------------
                         (clock clk_pl_0 rise edge)
                                                      0.000     0.000 r  
    PS8_X0Y0             PS8                          0.000     0.000 r  vit_system_i/zynq_ultra_ps_e_0/inst/PS8_i/PLCLK[0]
                         net (fo=1, routed)           0.178     0.178    vit_system_i/zynq_ultra_ps_e_0/inst/pl_clk_unbuffered[0]
    BUFG_PS_X0Y90        BUFG_PS (Prop_BUFG_PS_I_O)
                                                      0.029     0.207 r  vit_system_i/zynq_ultra_ps_e_0/inst/buffer_pl_clk_0.PL_CLK_0_BUFG/O
    X1Y1 (CLOCK_ROOT)    net (fo=66188, routed)       2.704     2.911    vit_system_i/smartconnect_ddr/inst/clk_map/psr_aclk/U0/aclk
    SLICE_X1Y28          FDRE                                         r  vit_system_i/smartconnect_ddr/inst/clk_map/psr_aclk/U0/ACTIVE_LOW_BSR_OUT_DFF[0].FDRE_BSR_N/C
  -------------------------------------------------------------------    -------------------
    SLICE_X1Y28          FDRE (Prop_HFF_SLICEM_C_Q)
                                                      0.096     3.007 r  vit_system_i/smartconnect_ddr/inst/clk_map/psr_aclk/U0/ACTIVE_LOW_BSR_OUT_DFF[0].FDRE_BSR_N/Q
                         net (fo=27, routed)          1.308     4.315    vit_system_i/smartconnect_ddr/inst/m00_exit_pipeline/m00_exit/inst/xpm_cdc_async_rst_inst/src_arst
    SLICE_X5Y59          FDCE                                         f  vit_system_i/smartconnect_ddr/inst/m00_exit_pipeline/m00_exit/inst/xpm_cdc_async_rst_inst/arststages_ff_reg[2]/CLR  (IS_INVERTED)
  -------------------------------------------------------------------    -------------------

                         (clock clk_pl_0 rise edge)
                                                      0.000     0.000 r  
    PS8_X0Y0             PS8                          0.000     0.000 r  vit_system_i/zynq_ultra_ps_e_0/inst/PS8_i/PLCLK[0]
                         net (fo=1, routed)           0.140     0.140    vit_system_i/zynq_ultra_ps_e_0/inst/pl_clk_unbuffered[0]
    BUFG_PS_X0Y90        BUFG_PS (Prop_BUFG_PS_I_O)
                                                      0.027     0.167 r  vit_system_i/zynq_ultra_ps_e_0/inst/buffer_pl_clk_0.PL_CLK_0_BUFG/O
    X1Y1 (CLOCK_ROOT)    net (fo=66188, routed)       2.425     2.592    vit_system_i/smartconnect_ddr/inst/m00_exit_pipeline/m00_exit/inst/xpm_cdc_async_rst_inst/dest_clk
    SLICE_X5Y59          FDCE                                         r  vit_system_i/smartconnect_ddr/inst/m00_exit_pipeline/m00_exit/inst/xpm_cdc_async_rst_inst/arststages_ff_reg[2]/C





Min Delay Paths
--------------------------------------------------------------------------------------
Slack:                    inf
  Source:                 vit_system_i/smartconnect_ddr/inst/clk_map/psr_aclk/U0/ACTIVE_LOW_BSR_OUT_DFF[0].FDRE_BSR_N/C
                            (rising edge-triggered cell FDRE clocked by clk_pl_0  {rise@0.000ns fall@10.000ns period=20.000ns})
  Destination:            vit_system_i/smartconnect_ddr/inst/s00_entry_pipeline/s00_mmu/inst/xpm_cdc_async_rst_inst/arststages_ff_reg[0]/CLR
                            (removal check against rising-edge clock clk_pl_0  {rise@0.000ns fall@10.000ns period=20.000ns})
  Path Group:             (none)
  Path Type:              Removal (Min at Fast Process Corner)
  Data Path Delay:        0.172ns  (logic 0.039ns (22.661%)  route 0.133ns (77.339%))
  Logic Levels:           0  
  Clock Path Skew:        0.214ns (DCD - SCD - CPR)
    Destination Clock Delay (DCD):    1.685ns
    Source Clock Delay      (SCD):    1.472ns
    Clock Pessimism Removal (CPR):    -0.000ns
  Clock Uncertainty:      0.161ns  ((TSJ^2 + DJ^2)^1/2) / 2 + PE
    Total System Jitter     (TSJ):    0.071ns
    Discrete Jitter          (DJ):    0.315ns
    Phase Error              (PE):    0.000ns
  Clock Net Delay (Source):      1.361ns (routing 0.699ns, distribution 0.662ns)
  Clock Net Delay (Destination): 1.547ns (routing 0.785ns, distribution 0.762ns)
  Timing Exception:       False Path

    Location             Delay type                Incr(ns)  Path(ns)    Netlist Resource(s)
  -------------------------------------------------------------------    -------------------
                         (clock clk_pl_0 rise edge)
                                                      0.000     0.000 r  
    PS8_X0Y0             PS8                          0.000     0.000 r  vit_system_i/zynq_ultra_ps_e_0/inst/PS8_i/PLCLK[0]
                         net (fo=1, routed)           0.094     0.094    vit_system_i/zynq_ultra_ps_e_0/inst/pl_clk_unbuffered[0]
    BUFG_PS_X0Y90        BUFG_PS (Prop_BUFG_PS_I_O)
                                                      0.017     0.111 r  vit_system_i/zynq_ultra_ps_e_0/inst/buffer_pl_clk_0.PL_CLK_0_BUFG/O
    X1Y1 (CLOCK_ROOT)    net (fo=66188, routed)       1.361     1.472    vit_system_i/smartconnect_ddr/inst/clk_map/psr_aclk/U0/aclk
    SLICE_X1Y28          FDRE                                         r  vit_system_i/smartconnect_ddr/inst/clk_map/psr_aclk/U0/ACTIVE_LOW_BSR_OUT_DFF[0].FDRE_BSR_N/C
  -------------------------------------------------------------------    -------------------
    SLICE_X1Y28          FDRE (Prop_HFF_SLICEM_C_Q)
                                                      0.039     1.511 r  vit_system_i/smartconnect_ddr/inst/clk_map/psr_aclk/U0/ACTIVE_LOW_BSR_OUT_DFF[0].FDRE_BSR_N/Q
                         net (fo=27, routed)          0.133     1.644    vit_system_i/smartconnect_ddr/inst/s00_entry_pipeline/s00_mmu/inst/xpm_cdc_async_rst_inst/src_arst
    SLICE_X1Y24          FDCE                                         f  vit_system_i/smartconnect_ddr/inst/s00_entry_pipeline/s00_mmu/inst/xpm_cdc_async_rst_inst/arststages_ff_reg[0]/CLR  (IS_INVERTED)
  -------------------------------------------------------------------    -------------------

                         (clock clk_pl_0 rise edge)
                                                      0.000     0.000 r  
    PS8_X0Y0             PS8                          0.000     0.000 r  vit_system_i/zynq_ultra_ps_e_0/inst/PS8_i/PLCLK[0]
                         net (fo=1, routed)           0.120     0.120    vit_system_i/zynq_ultra_ps_e_0/inst/pl_clk_unbuffered[0]
    BUFG_PS_X0Y90        BUFG_PS (Prop_BUFG_PS_I_O)
                                                      0.018     0.138 r  vit_system_i/zynq_ultra_ps_e_0/inst/buffer_pl_clk_0.PL_CLK_0_BUFG/O
    X1Y1 (CLOCK_ROOT)    net (fo=66188, routed)       1.547     1.685    vit_system_i/smartconnect_ddr/inst/s00_entry_pipeline/s00_mmu/inst/xpm_cdc_async_rst_inst/dest_clk
    SLICE_X1Y24          FDCE                                         r  vit_system_i/smartconnect_ddr/inst/s00_entry_pipeline/s00_mmu/inst/xpm_cdc_async_rst_inst/arststages_ff_reg[0]/C

Slack:                    inf
  Source:                 vit_system_i/smartconnect_ddr/inst/clk_map/psr_aclk/U0/ACTIVE_LOW_BSR_OUT_DFF[0].FDRE_BSR_N/C
                            (rising edge-triggered cell FDRE clocked by clk_pl_0  {rise@0.000ns fall@10.000ns period=20.000ns})
  Destination:            vit_system_i/smartconnect_ddr/inst/s00_entry_pipeline/s00_mmu/inst/xpm_cdc_async_rst_inst/arststages_ff_reg[1]/CLR
                            (removal check against rising-edge clock clk_pl_0  {rise@0.000ns fall@10.000ns period=20.000ns})
  Path Group:             (none)
  Path Type:              Removal (Min at Fast Process Corner)
  Data Path Delay:        0.172ns  (logic 0.039ns (22.661%)  route 0.133ns (77.339%))
  Logic Levels:           0  
  Clock Path Skew:        0.214ns (DCD - SCD - CPR)
    Destination Clock Delay (DCD):    1.685ns
    Source Clock Delay      (SCD):    1.472ns
    Clock Pessimism Removal (CPR):    -0.000ns
  Clock Uncertainty:      0.161ns  ((TSJ^2 + DJ^2)^1/2) / 2 + PE
    Total System Jitter     (TSJ):    0.071ns
    Discrete Jitter          (DJ):    0.315ns
    Phase Error              (PE):    0.000ns
  Clock Net Delay (Source):      1.361ns (routing 0.699ns, distribution 0.662ns)
  Clock Net Delay (Destination): 1.547ns (routing 0.785ns, distribution 0.762ns)
  Timing Exception:       False Path

    Location             Delay type                Incr(ns)  Path(ns)    Netlist Resource(s)
  -------------------------------------------------------------------    -------------------
                         (clock clk_pl_0 rise edge)
                                                      0.000     0.000 r  
    PS8_X0Y0             PS8                          0.000     0.000 r  vit_system_i/zynq_ultra_ps_e_0/inst/PS8_i/PLCLK[0]
                         net (fo=1, routed)           0.094     0.094    vit_system_i/zynq_ultra_ps_e_0/inst/pl_clk_unbuffered[0]
    BUFG_PS_X0Y90        BUFG_PS (Prop_BUFG_PS_I_O)
                                                      0.017     0.111 r  vit_system_i/zynq_ultra_ps_e_0/inst/buffer_pl_clk_0.PL_CLK_0_BUFG/O
    X1Y1 (CLOCK_ROOT)    net (fo=66188, routed)       1.361     1.472    vit_system_i/smartconnect_ddr/inst/clk_map/psr_aclk/U0/aclk
    SLICE_X1Y28          FDRE                                         r  vit_system_i/smartconnect_ddr/inst/clk_map/psr_aclk/U0/ACTIVE_LOW_BSR_OUT_DFF[0].FDRE_BSR_N/C
  -------------------------------------------------------------------    -------------------
    SLICE_X1Y28          FDRE (Prop_HFF_SLICEM_C_Q)
                                                      0.039     1.511 r  vit_system_i/smartconnect_ddr/inst/clk_map/psr_aclk/U0/ACTIVE_LOW_BSR_OUT_DFF[0].FDRE_BSR_N/Q
                         net (fo=27, routed)          0.133     1.644    vit_system_i/smartconnect_ddr/inst/s00_entry_pipeline/s00_mmu/inst/xpm_cdc_async_rst_inst/src_arst
    SLICE_X1Y24          FDCE                                         f  vit_system_i/smartconnect_ddr/inst/s00_entry_pipeline/s00_mmu/inst/xpm_cdc_async_rst_inst/arststages_ff_reg[1]/CLR  (IS_INVERTED)
  -------------------------------------------------------------------    -------------------

                         (clock clk_pl_0 rise edge)
                                                      0.000     0.000 r  
    PS8_X0Y0             PS8                          0.000     0.000 r  vit_system_i/zynq_ultra_ps_e_0/inst/PS8_i/PLCLK[0]
                         net (fo=1, routed)           0.120     0.120    vit_system_i/zynq_ultra_ps_e_0/inst/pl_clk_unbuffered[0]
    BUFG_PS_X0Y90        BUFG_PS (Prop_BUFG_PS_I_O)
                                                      0.018     0.138 r  vit_system_i/zynq_ultra_ps_e_0/inst/buffer_pl_clk_0.PL_CLK_0_BUFG/O
    X1Y1 (CLOCK_ROOT)    net (fo=66188, routed)       1.547     1.685    vit_system_i/smartconnect_ddr/inst/s00_entry_pipeline/s00_mmu/inst/xpm_cdc_async_rst_inst/dest_clk
    SLICE_X1Y24          FDCE                                         r  vit_system_i/smartconnect_ddr/inst/s00_entry_pipeline/s00_mmu/inst/xpm_cdc_async_rst_inst/arststages_ff_reg[1]/C

Slack:                    inf
  Source:                 vit_system_i/smartconnect_ddr/inst/clk_map/psr_aclk/U0/ACTIVE_LOW_BSR_OUT_DFF[0].FDRE_BSR_N/C
                            (rising edge-triggered cell FDRE clocked by clk_pl_0  {rise@0.000ns fall@10.000ns period=20.000ns})
  Destination:            vit_system_i/smartconnect_ddr/inst/s00_entry_pipeline/s00_mmu/inst/xpm_cdc_async_rst_inst/arststages_ff_reg[2]/CLR
                            (removal check against rising-edge clock clk_pl_0  {rise@0.000ns fall@10.000ns period=20.000ns})
  Path Group:             (none)
  Path Type:              Removal (Min at Fast Process Corner)
  Data Path Delay:        0.172ns  (logic 0.039ns (22.661%)  route 0.133ns (77.339%))
  Logic Levels:           0  
  Clock Path Skew:        0.214ns (DCD - SCD - CPR)
    Destination Clock Delay (DCD):    1.685ns
    Source Clock Delay      (SCD):    1.472ns
    Clock Pessimism Removal (CPR):    -0.000ns
  Clock Uncertainty:      0.161ns  ((TSJ^2 + DJ^2)^1/2) / 2 + PE
    Total System Jitter     (TSJ):    0.071ns
    Discrete Jitter          (DJ):    0.315ns
    Phase Error              (PE):    0.000ns
  Clock Net Delay (Source):      1.361ns (routing 0.699ns, distribution 0.662ns)
  Clock Net Delay (Destination): 1.547ns (routing 0.785ns, distribution 0.762ns)
  Timing Exception:       False Path

    Location             Delay type                Incr(ns)  Path(ns)    Netlist Resource(s)
  -------------------------------------------------------------------    -------------------
                         (clock clk_pl_0 rise edge)
                                                      0.000     0.000 r  
    PS8_X0Y0             PS8                          0.000     0.000 r  vit_system_i/zynq_ultra_ps_e_0/inst/PS8_i/PLCLK[0]
                         net (fo=1, routed)           0.094     0.094    vit_system_i/zynq_ultra_ps_e_0/inst/pl_clk_unbuffered[0]
    BUFG_PS_X0Y90        BUFG_PS (Prop_BUFG_PS_I_O)
                                                      0.017     0.111 r  vit_system_i/zynq_ultra_ps_e_0/inst/buffer_pl_clk_0.PL_CLK_0_BUFG/O
    X1Y1 (CLOCK_ROOT)    net (fo=66188, routed)       1.361     1.472    vit_system_i/smartconnect_ddr/inst/clk_map/psr_aclk/U0/aclk
    SLICE_X1Y28          FDRE                                         r  vit_system_i/smartconnect_ddr/inst/clk_map/psr_aclk/U0/ACTIVE_LOW_BSR_OUT_DFF[0].FDRE_BSR_N/C
  -------------------------------------------------------------------    -------------------
    SLICE_X1Y28          FDRE (Prop_HFF_SLICEM_C_Q)
                                                      0.039     1.511 r  vit_system_i/smartconnect_ddr/inst/clk_map/psr_aclk/U0/ACTIVE_LOW_BSR_OUT_DFF[0].FDRE_BSR_N/Q
                         net (fo=27, routed)          0.133     1.644    vit_system_i/smartconnect_ddr/inst/s00_entry_pipeline/s00_mmu/inst/xpm_cdc_async_rst_inst/src_arst
    SLICE_X1Y24          FDCE                                         f  vit_system_i/smartconnect_ddr/inst/s00_entry_pipeline/s00_mmu/inst/xpm_cdc_async_rst_inst/arststages_ff_reg[2]/CLR  (IS_INVERTED)
  -------------------------------------------------------------------    -------------------

                         (clock clk_pl_0 rise edge)
                                                      0.000     0.000 r  
    PS8_X0Y0             PS8                          0.000     0.000 r  vit_system_i/zynq_ultra_ps_e_0/inst/PS8_i/PLCLK[0]
                         net (fo=1, routed)           0.120     0.120    vit_system_i/zynq_ultra_ps_e_0/inst/pl_clk_unbuffered[0]
    BUFG_PS_X0Y90        BUFG_PS (Prop_BUFG_PS_I_O)
                                                      0.018     0.138 r  vit_system_i/zynq_ultra_ps_e_0/inst/buffer_pl_clk_0.PL_CLK_0_BUFG/O
    X1Y1 (CLOCK_ROOT)    net (fo=66188, routed)       1.547     1.685    vit_system_i/smartconnect_ddr/inst/s00_entry_pipeline/s00_mmu/inst/xpm_cdc_async_rst_inst/dest_clk
    SLICE_X1Y24          FDCE                                         r  vit_system_i/smartconnect_ddr/inst/s00_entry_pipeline/s00_mmu/inst/xpm_cdc_async_rst_inst/arststages_ff_reg[2]/C

Slack:                    inf
  Source:                 vit_system_i/smartconnect_control/inst/clk_map/psr_aclk/U0/ACTIVE_LOW_BSR_OUT_DFF[0].FDRE_BSR_N/C
                            (rising edge-triggered cell FDRE clocked by clk_pl_0  {rise@0.000ns fall@10.000ns period=20.000ns})
  Destination:            vit_system_i/smartconnect_control/inst/s00_entry_pipeline/s00_transaction_regulator/inst/xpm_cdc_async_rst_inst/arststages_ff_reg[0]/CLR
                            (removal check against rising-edge clock clk_pl_0  {rise@0.000ns fall@10.000ns period=20.000ns})
  Path Group:             (none)
  Path Type:              Removal (Min at Fast Process Corner)
  Data Path Delay:        0.200ns  (logic 0.039ns (19.518%)  route 0.161ns (80.482%))
  Logic Levels:           0  
  Clock Path Skew:        0.209ns (DCD - SCD - CPR)
    Destination Clock Delay (DCD):    1.672ns
    Source Clock Delay      (SCD):    1.463ns
    Clock Pessimism Removal (CPR):    -0.000ns
  Clock Uncertainty:      0.161ns  ((TSJ^2 + DJ^2)^1/2) / 2 + PE
    Total System Jitter     (TSJ):    0.071ns
    Discrete Jitter          (DJ):    0.315ns
    Phase Error              (PE):    0.000ns
  Clock Net Delay (Source):      1.352ns (routing 0.699ns, distribution 0.653ns)
  Clock Net Delay (Destination): 1.534ns (routing 0.785ns, distribution 0.749ns)
  Timing Exception:       False Path

    Location             Delay type                Incr(ns)  Path(ns)    Netlist Resource(s)
  -------------------------------------------------------------------    -------------------
                         (clock clk_pl_0 rise edge)
                                                      0.000     0.000 r  
    PS8_X0Y0             PS8                          0.000     0.000 r  vit_system_i/zynq_ultra_ps_e_0/inst/PS8_i/PLCLK[0]
                         net (fo=1, routed)           0.094     0.094    vit_system_i/zynq_ultra_ps_e_0/inst/pl_clk_unbuffered[0]
    BUFG_PS_X0Y90        BUFG_PS (Prop_BUFG_PS_I_O)
                                                      0.017     0.111 r  vit_system_i/zynq_ultra_ps_e_0/inst/buffer_pl_clk_0.PL_CLK_0_BUFG/O
    X1Y1 (CLOCK_ROOT)    net (fo=66188, routed)       1.352     1.463    vit_system_i/smartconnect_control/inst/clk_map/psr_aclk/U0/aclk
    SLICE_X3Y86          FDRE                                         r  vit_system_i/smartconnect_control/inst/clk_map/psr_aclk/U0/ACTIVE_LOW_BSR_OUT_DFF[0].FDRE_BSR_N/C
  -------------------------------------------------------------------    -------------------
    SLICE_X3Y86          FDRE (Prop_DFF_SLICEL_C_Q)
                                                      0.039     1.502 r  vit_system_i/smartconnect_control/inst/clk_map/psr_aclk/U0/ACTIVE_LOW_BSR_OUT_DFF[0].FDRE_BSR_N/Q
                         net (fo=27, routed)          0.161     1.662    vit_system_i/smartconnect_control/inst/s00_entry_pipeline/s00_transaction_regulator/inst/xpm_cdc_async_rst_inst/src_arst
    SLICE_X3Y84          FDCE                                         f  vit_system_i/smartconnect_control/inst/s00_entry_pipeline/s00_transaction_regulator/inst/xpm_cdc_async_rst_inst/arststages_ff_reg[0]/CLR  (IS_INVERTED)
  -------------------------------------------------------------------    -------------------

                         (clock clk_pl_0 rise edge)
                                                      0.000     0.000 r  
    PS8_X0Y0             PS8                          0.000     0.000 r  vit_system_i/zynq_ultra_ps_e_0/inst/PS8_i/PLCLK[0]
                         net (fo=1, routed)           0.120     0.120    vit_system_i/zynq_ultra_ps_e_0/inst/pl_clk_unbuffered[0]
    BUFG_PS_X0Y90        BUFG_PS (Prop_BUFG_PS_I_O)
                                                      0.018     0.138 r  vit_system_i/zynq_ultra_ps_e_0/inst/buffer_pl_clk_0.PL_CLK_0_BUFG/O
    X1Y1 (CLOCK_ROOT)    net (fo=66188, routed)       1.534     1.672    vit_system_i/smartconnect_control/inst/s00_entry_pipeline/s00_transaction_regulator/inst/xpm_cdc_async_rst_inst/dest_clk
    SLICE_X3Y84          FDCE                                         r  vit_system_i/smartconnect_control/inst/s00_entry_pipeline/s00_transaction_regulator/inst/xpm_cdc_async_rst_inst/arststages_ff_reg[0]/C

Slack:                    inf
  Source:                 vit_system_i/smartconnect_control/inst/clk_map/psr_aclk/U0/ACTIVE_LOW_BSR_OUT_DFF[0].FDRE_BSR_N/C
                            (rising edge-triggered cell FDRE clocked by clk_pl_0  {rise@0.000ns fall@10.000ns period=20.000ns})
  Destination:            vit_system_i/smartconnect_control/inst/s00_entry_pipeline/s00_transaction_regulator/inst/xpm_cdc_async_rst_inst/arststages_ff_reg[1]/CLR
                            (removal check against rising-edge clock clk_pl_0  {rise@0.000ns fall@10.000ns period=20.000ns})
  Path Group:             (none)
  Path Type:              Removal (Min at Fast Process Corner)
  Data Path Delay:        0.200ns  (logic 0.039ns (19.518%)  route 0.161ns (80.482%))
  Logic Levels:           0  
  Clock Path Skew:        0.209ns (DCD - SCD - CPR)
    Destination Clock Delay (DCD):    1.672ns
    Source Clock Delay      (SCD):    1.463ns
    Clock Pessimism Removal (CPR):    -0.000ns
  Clock Uncertainty:      0.161ns  ((TSJ^2 + DJ^2)^1/2) / 2 + PE
    Total System Jitter     (TSJ):    0.071ns
    Discrete Jitter          (DJ):    0.315ns
    Phase Error              (PE):    0.000ns
  Clock Net Delay (Source):      1.352ns (routing 0.699ns, distribution 0.653ns)
  Clock Net Delay (Destination): 1.534ns (routing 0.785ns, distribution 0.749ns)
  Timing Exception:       False Path

    Location             Delay type                Incr(ns)  Path(ns)    Netlist Resource(s)
  -------------------------------------------------------------------    -------------------
                         (clock clk_pl_0 rise edge)
                                                      0.000     0.000 r  
    PS8_X0Y0             PS8                          0.000     0.000 r  vit_system_i/zynq_ultra_ps_e_0/inst/PS8_i/PLCLK[0]
                         net (fo=1, routed)           0.094     0.094    vit_system_i/zynq_ultra_ps_e_0/inst/pl_clk_unbuffered[0]
    BUFG_PS_X0Y90        BUFG_PS (Prop_BUFG_PS_I_O)
                                                      0.017     0.111 r  vit_system_i/zynq_ultra_ps_e_0/inst/buffer_pl_clk_0.PL_CLK_0_BUFG/O
    X1Y1 (CLOCK_ROOT)    net (fo=66188, routed)       1.352     1.463    vit_system_i/smartconnect_control/inst/clk_map/psr_aclk/U0/aclk
    SLICE_X3Y86          FDRE                                         r  vit_system_i/smartconnect_control/inst/clk_map/psr_aclk/U0/ACTIVE_LOW_BSR_OUT_DFF[0].FDRE_BSR_N/C
  -------------------------------------------------------------------    -------------------
    SLICE_X3Y86          FDRE (Prop_DFF_SLICEL_C_Q)
                                                      0.039     1.502 r  vit_system_i/smartconnect_control/inst/clk_map/psr_aclk/U0/ACTIVE_LOW_BSR_OUT_DFF[0].FDRE_BSR_N/Q
                         net (fo=27, routed)          0.161     1.662    vit_system_i/smartconnect_control/inst/s00_entry_pipeline/s00_transaction_regulator/inst/xpm_cdc_async_rst_inst/src_arst
    SLICE_X3Y84          FDCE                                         f  vit_system_i/smartconnect_control/inst/s00_entry_pipeline/s00_transaction_regulator/inst/xpm_cdc_async_rst_inst/arststages_ff_reg[1]/CLR  (IS_INVERTED)
  -------------------------------------------------------------------    -------------------

                         (clock clk_pl_0 rise edge)
                                                      0.000     0.000 r  
    PS8_X0Y0             PS8                          0.000     0.000 r  vit_system_i/zynq_ultra_ps_e_0/inst/PS8_i/PLCLK[0]
                         net (fo=1, routed)           0.120     0.120    vit_system_i/zynq_ultra_ps_e_0/inst/pl_clk_unbuffered[0]
    BUFG_PS_X0Y90        BUFG_PS (Prop_BUFG_PS_I_O)
                                                      0.018     0.138 r  vit_system_i/zynq_ultra_ps_e_0/inst/buffer_pl_clk_0.PL_CLK_0_BUFG/O
    X1Y1 (CLOCK_ROOT)    net (fo=66188, routed)       1.534     1.672    vit_system_i/smartconnect_control/inst/s00_entry_pipeline/s00_transaction_regulator/inst/xpm_cdc_async_rst_inst/dest_clk
    SLICE_X3Y84          FDCE                                         r  vit_system_i/smartconnect_control/inst/s00_entry_pipeline/s00_transaction_regulator/inst/xpm_cdc_async_rst_inst/arststages_ff_reg[1]/C

Slack:                    inf
  Source:                 vit_system_i/smartconnect_control/inst/clk_map/psr_aclk/U0/ACTIVE_LOW_BSR_OUT_DFF[0].FDRE_BSR_N/C
                            (rising edge-triggered cell FDRE clocked by clk_pl_0  {rise@0.000ns fall@10.000ns period=20.000ns})
  Destination:            vit_system_i/smartconnect_control/inst/s00_entry_pipeline/s00_transaction_regulator/inst/xpm_cdc_async_rst_inst/arststages_ff_reg[2]/CLR
                            (removal check against rising-edge clock clk_pl_0  {rise@0.000ns fall@10.000ns period=20.000ns})
  Path Group:             (none)
  Path Type:              Removal (Min at Fast Process Corner)
  Data Path Delay:        0.200ns  (logic 0.039ns (19.518%)  route 0.161ns (80.482%))
  Logic Levels:           0  
  Clock Path Skew:        0.209ns (DCD - SCD - CPR)
    Destination Clock Delay (DCD):    1.672ns
    Source Clock Delay      (SCD):    1.463ns
    Clock Pessimism Removal (CPR):    -0.000ns
  Clock Uncertainty:      0.161ns  ((TSJ^2 + DJ^2)^1/2) / 2 + PE
    Total System Jitter     (TSJ):    0.071ns
    Discrete Jitter          (DJ):    0.315ns
    Phase Error              (PE):    0.000ns
  Clock Net Delay (Source):      1.352ns (routing 0.699ns, distribution 0.653ns)
  Clock Net Delay (Destination): 1.534ns (routing 0.785ns, distribution 0.749ns)
  Timing Exception:       False Path

    Location             Delay type                Incr(ns)  Path(ns)    Netlist Resource(s)
  -------------------------------------------------------------------    -------------------
                         (clock clk_pl_0 rise edge)
                                                      0.000     0.000 r  
    PS8_X0Y0             PS8                          0.000     0.000 r  vit_system_i/zynq_ultra_ps_e_0/inst/PS8_i/PLCLK[0]
                         net (fo=1, routed)           0.094     0.094    vit_system_i/zynq_ultra_ps_e_0/inst/pl_clk_unbuffered[0]
    BUFG_PS_X0Y90        BUFG_PS (Prop_BUFG_PS_I_O)
                                                      0.017     0.111 r  vit_system_i/zynq_ultra_ps_e_0/inst/buffer_pl_clk_0.PL_CLK_0_BUFG/O
    X1Y1 (CLOCK_ROOT)    net (fo=66188, routed)       1.352     1.463    vit_system_i/smartconnect_control/inst/clk_map/psr_aclk/U0/aclk
    SLICE_X3Y86          FDRE                                         r  vit_system_i/smartconnect_control/inst/clk_map/psr_aclk/U0/ACTIVE_LOW_BSR_OUT_DFF[0].FDRE_BSR_N/C
  -------------------------------------------------------------------    -------------------
    SLICE_X3Y86          FDRE (Prop_DFF_SLICEL_C_Q)
                                                      0.039     1.502 r  vit_system_i/smartconnect_control/inst/clk_map/psr_aclk/U0/ACTIVE_LOW_BSR_OUT_DFF[0].FDRE_BSR_N/Q
                         net (fo=27, routed)          0.161     1.662    vit_system_i/smartconnect_control/inst/s00_entry_pipeline/s00_transaction_regulator/inst/xpm_cdc_async_rst_inst/src_arst
    SLICE_X3Y84          FDCE                                         f  vit_system_i/smartconnect_control/inst/s00_entry_pipeline/s00_transaction_regulator/inst/xpm_cdc_async_rst_inst/arststages_ff_reg[2]/CLR  (IS_INVERTED)
  -------------------------------------------------------------------    -------------------

                         (clock clk_pl_0 rise edge)
                                                      0.000     0.000 r  
    PS8_X0Y0             PS8                          0.000     0.000 r  vit_system_i/zynq_ultra_ps_e_0/inst/PS8_i/PLCLK[0]
                         net (fo=1, routed)           0.120     0.120    vit_system_i/zynq_ultra_ps_e_0/inst/pl_clk_unbuffered[0]
    BUFG_PS_X0Y90        BUFG_PS (Prop_BUFG_PS_I_O)
                                                      0.018     0.138 r  vit_system_i/zynq_ultra_ps_e_0/inst/buffer_pl_clk_0.PL_CLK_0_BUFG/O
    X1Y1 (CLOCK_ROOT)    net (fo=66188, routed)       1.534     1.672    vit_system_i/smartconnect_control/inst/s00_entry_pipeline/s00_transaction_regulator/inst/xpm_cdc_async_rst_inst/dest_clk
    SLICE_X3Y84          FDCE                                         r  vit_system_i/smartconnect_control/inst/s00_entry_pipeline/s00_transaction_regulator/inst/xpm_cdc_async_rst_inst/arststages_ff_reg[2]/C

Slack:                    inf
  Source:                 vit_system_i/smartconnect_control/inst/clk_map/psr_aclk/U0/ACTIVE_LOW_BSR_OUT_DFF[0].FDRE_BSR_N/C
                            (rising edge-triggered cell FDRE clocked by clk_pl_0  {rise@0.000ns fall@10.000ns period=20.000ns})
  Destination:            vit_system_i/smartconnect_control/inst/s00_nodes/s00_b_node/inst/s_sc_xpm_cdc_async_rst_inst/arststages_ff_reg[0]/CLR
                            (removal check against rising-edge clock clk_pl_0  {rise@0.000ns fall@10.000ns period=20.000ns})
  Path Group:             (none)
  Path Type:              Removal (Min at Fast Process Corner)
  Data Path Delay:        0.259ns  (logic 0.039ns (15.056%)  route 0.220ns (84.944%))
  Logic Levels:           0  
  Clock Path Skew:        0.208ns (DCD - SCD - CPR)
    Destination Clock Delay (DCD):    1.671ns
    Source Clock Delay      (SCD):    1.463ns
    Clock Pessimism Removal (CPR):    -0.000ns
  Clock Uncertainty:      0.161ns  ((TSJ^2 + DJ^2)^1/2) / 2 + PE
    Total System Jitter     (TSJ):    0.071ns
    Discrete Jitter          (DJ):    0.315ns
    Phase Error              (PE):    0.000ns
  Clock Net Delay (Source):      1.352ns (routing 0.699ns, distribution 0.653ns)
  Clock Net Delay (Destination): 1.533ns (routing 0.785ns, distribution 0.748ns)
  Timing Exception:       False Path

    Location             Delay type                Incr(ns)  Path(ns)    Netlist Resource(s)
  -------------------------------------------------------------------    -------------------
                         (clock clk_pl_0 rise edge)
                                                      0.000     0.000 r  
    PS8_X0Y0             PS8                          0.000     0.000 r  vit_system_i/zynq_ultra_ps_e_0/inst/PS8_i/PLCLK[0]
                         net (fo=1, routed)           0.094     0.094    vit_system_i/zynq_ultra_ps_e_0/inst/pl_clk_unbuffered[0]
    BUFG_PS_X0Y90        BUFG_PS (Prop_BUFG_PS_I_O)
                                                      0.017     0.111 r  vit_system_i/zynq_ultra_ps_e_0/inst/buffer_pl_clk_0.PL_CLK_0_BUFG/O
    X1Y1 (CLOCK_ROOT)    net (fo=66188, routed)       1.352     1.463    vit_system_i/smartconnect_control/inst/clk_map/psr_aclk/U0/aclk
    SLICE_X3Y86          FDRE                                         r  vit_system_i/smartconnect_control/inst/clk_map/psr_aclk/U0/ACTIVE_LOW_BSR_OUT_DFF[0].FDRE_BSR_N/C
  -------------------------------------------------------------------    -------------------
    SLICE_X3Y86          FDRE (Prop_DFF_SLICEL_C_Q)
                                                      0.039     1.502 r  vit_system_i/smartconnect_control/inst/clk_map/psr_aclk/U0/ACTIVE_LOW_BSR_OUT_DFF[0].FDRE_BSR_N/Q
                         net (fo=27, routed)          0.220     1.722    vit_system_i/smartconnect_control/inst/s00_nodes/s00_b_node/inst/s_sc_xpm_cdc_async_rst_inst/src_arst
    SLICE_X5Y85          FDCE                                         f  vit_system_i/smartconnect_control/inst/s00_nodes/s00_b_node/inst/s_sc_xpm_cdc_async_rst_inst/arststages_ff_reg[0]/CLR  (IS_INVERTED)
  -------------------------------------------------------------------    -------------------

                         (clock clk_pl_0 rise edge)
                                                      0.000     0.000 r  
    PS8_X0Y0             PS8                          0.000     0.000 r  vit_system_i/zynq_ultra_ps_e_0/inst/PS8_i/PLCLK[0]
                         net (fo=1, routed)           0.120     0.120    vit_system_i/zynq_ultra_ps_e_0/inst/pl_clk_unbuffered[0]
    BUFG_PS_X0Y90        BUFG_PS (Prop_BUFG_PS_I_O)
                                                      0.018     0.138 r  vit_system_i/zynq_ultra_ps_e_0/inst/buffer_pl_clk_0.PL_CLK_0_BUFG/O
    X1Y1 (CLOCK_ROOT)    net (fo=66188, routed)       1.533     1.671    vit_system_i/smartconnect_control/inst/s00_nodes/s00_b_node/inst/s_sc_xpm_cdc_async_rst_inst/dest_clk
    SLICE_X5Y85          FDCE                                         r  vit_system_i/smartconnect_control/inst/s00_nodes/s00_b_node/inst/s_sc_xpm_cdc_async_rst_inst/arststages_ff_reg[0]/C

Slack:                    inf
  Source:                 vit_system_i/smartconnect_control/inst/clk_map/psr_aclk/U0/ACTIVE_LOW_BSR_OUT_DFF[0].FDRE_BSR_N/C
                            (rising edge-triggered cell FDRE clocked by clk_pl_0  {rise@0.000ns fall@10.000ns period=20.000ns})
  Destination:            vit_system_i/smartconnect_control/inst/s00_nodes/s00_b_node/inst/s_sc_xpm_cdc_async_rst_inst/arststages_ff_reg[1]/CLR
                            (removal check against rising-edge clock clk_pl_0  {rise@0.000ns fall@10.000ns period=20.000ns})
  Path Group:             (none)
  Path Type:              Removal (Min at Fast Process Corner)
  Data Path Delay:        0.259ns  (logic 0.039ns (15.056%)  route 0.220ns (84.944%))
  Logic Levels:           0  
  Clock Path Skew:        0.208ns (DCD - SCD - CPR)
    Destination Clock Delay (DCD):    1.671ns
    Source Clock Delay      (SCD):    1.463ns
    Clock Pessimism Removal (CPR):    -0.000ns
  Clock Uncertainty:      0.161ns  ((TSJ^2 + DJ^2)^1/2) / 2 + PE
    Total System Jitter     (TSJ):    0.071ns
    Discrete Jitter          (DJ):    0.315ns
    Phase Error              (PE):    0.000ns
  Clock Net Delay (Source):      1.352ns (routing 0.699ns, distribution 0.653ns)
  Clock Net Delay (Destination): 1.533ns (routing 0.785ns, distribution 0.748ns)
  Timing Exception:       False Path

    Location             Delay type                Incr(ns)  Path(ns)    Netlist Resource(s)
  -------------------------------------------------------------------    -------------------
                         (clock clk_pl_0 rise edge)
                                                      0.000     0.000 r  
    PS8_X0Y0             PS8                          0.000     0.000 r  vit_system_i/zynq_ultra_ps_e_0/inst/PS8_i/PLCLK[0]
                         net (fo=1, routed)           0.094     0.094    vit_system_i/zynq_ultra_ps_e_0/inst/pl_clk_unbuffered[0]
    BUFG_PS_X0Y90        BUFG_PS (Prop_BUFG_PS_I_O)
                                                      0.017     0.111 r  vit_system_i/zynq_ultra_ps_e_0/inst/buffer_pl_clk_0.PL_CLK_0_BUFG/O
    X1Y1 (CLOCK_ROOT)    net (fo=66188, routed)       1.352     1.463    vit_system_i/smartconnect_control/inst/clk_map/psr_aclk/U0/aclk
    SLICE_X3Y86          FDRE                                         r  vit_system_i/smartconnect_control/inst/clk_map/psr_aclk/U0/ACTIVE_LOW_BSR_OUT_DFF[0].FDRE_BSR_N/C
  -------------------------------------------------------------------    -------------------
    SLICE_X3Y86          FDRE (Prop_DFF_SLICEL_C_Q)
                                                      0.039     1.502 r  vit_system_i/smartconnect_control/inst/clk_map/psr_aclk/U0/ACTIVE_LOW_BSR_OUT_DFF[0].FDRE_BSR_N/Q
                         net (fo=27, routed)          0.220     1.722    vit_system_i/smartconnect_control/inst/s00_nodes/s00_b_node/inst/s_sc_xpm_cdc_async_rst_inst/src_arst
    SLICE_X5Y85          FDCE                                         f  vit_system_i/smartconnect_control/inst/s00_nodes/s00_b_node/inst/s_sc_xpm_cdc_async_rst_inst/arststages_ff_reg[1]/CLR  (IS_INVERTED)
  -------------------------------------------------------------------    -------------------

                         (clock clk_pl_0 rise edge)
                                                      0.000     0.000 r  
    PS8_X0Y0             PS8                          0.000     0.000 r  vit_system_i/zynq_ultra_ps_e_0/inst/PS8_i/PLCLK[0]
                         net (fo=1, routed)           0.120     0.120    vit_system_i/zynq_ultra_ps_e_0/inst/pl_clk_unbuffered[0]
    BUFG_PS_X0Y90        BUFG_PS (Prop_BUFG_PS_I_O)
                                                      0.018     0.138 r  vit_system_i/zynq_ultra_ps_e_0/inst/buffer_pl_clk_0.PL_CLK_0_BUFG/O
    X1Y1 (CLOCK_ROOT)    net (fo=66188, routed)       1.533     1.671    vit_system_i/smartconnect_control/inst/s00_nodes/s00_b_node/inst/s_sc_xpm_cdc_async_rst_inst/dest_clk
    SLICE_X5Y85          FDCE                                         r  vit_system_i/smartconnect_control/inst/s00_nodes/s00_b_node/inst/s_sc_xpm_cdc_async_rst_inst/arststages_ff_reg[1]/C

Slack:                    inf
  Source:                 vit_system_i/smartconnect_control/inst/clk_map/psr_aclk/U0/ACTIVE_LOW_BSR_OUT_DFF[0].FDRE_BSR_N/C
                            (rising edge-triggered cell FDRE clocked by clk_pl_0  {rise@0.000ns fall@10.000ns period=20.000ns})
  Destination:            vit_system_i/smartconnect_control/inst/s00_nodes/s00_b_node/inst/s_sc_xpm_cdc_async_rst_inst/arststages_ff_reg[2]/CLR
                            (removal check against rising-edge clock clk_pl_0  {rise@0.000ns fall@10.000ns period=20.000ns})
  Path Group:             (none)
  Path Type:              Removal (Min at Fast Process Corner)
  Data Path Delay:        0.259ns  (logic 0.039ns (15.056%)  route 0.220ns (84.944%))
  Logic Levels:           0  
  Clock Path Skew:        0.208ns (DCD - SCD - CPR)
    Destination Clock Delay (DCD):    1.671ns
    Source Clock Delay      (SCD):    1.463ns
    Clock Pessimism Removal (CPR):    -0.000ns
  Clock Uncertainty:      0.161ns  ((TSJ^2 + DJ^2)^1/2) / 2 + PE
    Total System Jitter     (TSJ):    0.071ns
    Discrete Jitter          (DJ):    0.315ns
    Phase Error              (PE):    0.000ns
  Clock Net Delay (Source):      1.352ns (routing 0.699ns, distribution 0.653ns)
  Clock Net Delay (Destination): 1.533ns (routing 0.785ns, distribution 0.748ns)
  Timing Exception:       False Path

    Location             Delay type                Incr(ns)  Path(ns)    Netlist Resource(s)
  -------------------------------------------------------------------    -------------------
                         (clock clk_pl_0 rise edge)
                                                      0.000     0.000 r  
    PS8_X0Y0             PS8                          0.000     0.000 r  vit_system_i/zynq_ultra_ps_e_0/inst/PS8_i/PLCLK[0]
                         net (fo=1, routed)           0.094     0.094    vit_system_i/zynq_ultra_ps_e_0/inst/pl_clk_unbuffered[0]
    BUFG_PS_X0Y90        BUFG_PS (Prop_BUFG_PS_I_O)
                                                      0.017     0.111 r  vit_system_i/zynq_ultra_ps_e_0/inst/buffer_pl_clk_0.PL_CLK_0_BUFG/O
    X1Y1 (CLOCK_ROOT)    net (fo=66188, routed)       1.352     1.463    vit_system_i/smartconnect_control/inst/clk_map/psr_aclk/U0/aclk
    SLICE_X3Y86          FDRE                                         r  vit_system_i/smartconnect_control/inst/clk_map/psr_aclk/U0/ACTIVE_LOW_BSR_OUT_DFF[0].FDRE_BSR_N/C
  -------------------------------------------------------------------    -------------------
    SLICE_X3Y86          FDRE (Prop_DFF_SLICEL_C_Q)
                                                      0.039     1.502 r  vit_system_i/smartconnect_control/inst/clk_map/psr_aclk/U0/ACTIVE_LOW_BSR_OUT_DFF[0].FDRE_BSR_N/Q
                         net (fo=27, routed)          0.220     1.722    vit_system_i/smartconnect_control/inst/s00_nodes/s00_b_node/inst/s_sc_xpm_cdc_async_rst_inst/src_arst
    SLICE_X5Y85          FDCE                                         f  vit_system_i/smartconnect_control/inst/s00_nodes/s00_b_node/inst/s_sc_xpm_cdc_async_rst_inst/arststages_ff_reg[2]/CLR  (IS_INVERTED)
  -------------------------------------------------------------------    -------------------

                         (clock clk_pl_0 rise edge)
                                                      0.000     0.000 r  
    PS8_X0Y0             PS8                          0.000     0.000 r  vit_system_i/zynq_ultra_ps_e_0/inst/PS8_i/PLCLK[0]
                         net (fo=1, routed)           0.120     0.120    vit_system_i/zynq_ultra_ps_e_0/inst/pl_clk_unbuffered[0]
    BUFG_PS_X0Y90        BUFG_PS (Prop_BUFG_PS_I_O)
                                                      0.018     0.138 r  vit_system_i/zynq_ultra_ps_e_0/inst/buffer_pl_clk_0.PL_CLK_0_BUFG/O
    X1Y1 (CLOCK_ROOT)    net (fo=66188, routed)       1.533     1.671    vit_system_i/smartconnect_control/inst/s00_nodes/s00_b_node/inst/s_sc_xpm_cdc_async_rst_inst/dest_clk
    SLICE_X5Y85          FDCE                                         r  vit_system_i/smartconnect_control/inst/s00_nodes/s00_b_node/inst/s_sc_xpm_cdc_async_rst_inst/arststages_ff_reg[2]/C

Slack:                    inf
  Source:                 vit_system_i/smartconnect_control/inst/clk_map/psr_aclk/U0/ACTIVE_LOW_BSR_OUT_DFF[0].FDRE_BSR_N/C
                            (rising edge-triggered cell FDRE clocked by clk_pl_0  {rise@0.000ns fall@10.000ns period=20.000ns})
  Destination:            vit_system_i/smartconnect_control/inst/s00_entry_pipeline/s00_si_converter/inst/xpm_cdc_async_rst_inst/arststages_ff_reg[0]/CLR
                            (removal check against rising-edge clock clk_pl_0  {rise@0.000ns fall@10.000ns period=20.000ns})
  Path Group:             (none)
  Path Type:              Removal (Min at Fast Process Corner)
  Data Path Delay:        0.322ns  (logic 0.039ns (12.119%)  route 0.283ns (87.881%))
  Logic Levels:           0  
  Clock Path Skew:        0.201ns (DCD - SCD - CPR)
    Destination Clock Delay (DCD):    1.663ns
    Source Clock Delay      (SCD):    1.463ns
    Clock Pessimism Removal (CPR):    -0.000ns
  Clock Uncertainty:      0.161ns  ((TSJ^2 + DJ^2)^1/2) / 2 + PE
    Total System Jitter     (TSJ):    0.071ns
    Discrete Jitter          (DJ):    0.315ns
    Phase Error              (PE):    0.000ns
  Clock Net Delay (Source):      1.352ns (routing 0.699ns, distribution 0.653ns)
  Clock Net Delay (Destination): 1.525ns (routing 0.785ns, distribution 0.740ns)
  Timing Exception:       False Path

    Location             Delay type                Incr(ns)  Path(ns)    Netlist Resource(s)
  -------------------------------------------------------------------    -------------------
                         (clock clk_pl_0 rise edge)
                                                      0.000     0.000 r  
    PS8_X0Y0             PS8                          0.000     0.000 r  vit_system_i/zynq_ultra_ps_e_0/inst/PS8_i/PLCLK[0]
                         net (fo=1, routed)           0.094     0.094    vit_system_i/zynq_ultra_ps_e_0/inst/pl_clk_unbuffered[0]
    BUFG_PS_X0Y90        BUFG_PS (Prop_BUFG_PS_I_O)
                                                      0.017     0.111 r  vit_system_i/zynq_ultra_ps_e_0/inst/buffer_pl_clk_0.PL_CLK_0_BUFG/O
    X1Y1 (CLOCK_ROOT)    net (fo=66188, routed)       1.352     1.463    vit_system_i/smartconnect_control/inst/clk_map/psr_aclk/U0/aclk
    SLICE_X3Y86          FDRE                                         r  vit_system_i/smartconnect_control/inst/clk_map/psr_aclk/U0/ACTIVE_LOW_BSR_OUT_DFF[0].FDRE_BSR_N/C
  -------------------------------------------------------------------    -------------------
    SLICE_X3Y86          FDRE (Prop_DFF_SLICEL_C_Q)
                                                      0.039     1.502 r  vit_system_i/smartconnect_control/inst/clk_map/psr_aclk/U0/ACTIVE_LOW_BSR_OUT_DFF[0].FDRE_BSR_N/Q
                         net (fo=27, routed)          0.283     1.784    vit_system_i/smartconnect_control/inst/s00_entry_pipeline/s00_si_converter/inst/xpm_cdc_async_rst_inst/src_arst
    SLICE_X1Y98          FDCE                                         f  vit_system_i/smartconnect_control/inst/s00_entry_pipeline/s00_si_converter/inst/xpm_cdc_async_rst_inst/arststages_ff_reg[0]/CLR  (IS_INVERTED)
  -------------------------------------------------------------------    -------------------

                         (clock clk_pl_0 rise edge)
                                                      0.000     0.000 r  
    PS8_X0Y0             PS8                          0.000     0.000 r  vit_system_i/zynq_ultra_ps_e_0/inst/PS8_i/PLCLK[0]
                         net (fo=1, routed)           0.120     0.120    vit_system_i/zynq_ultra_ps_e_0/inst/pl_clk_unbuffered[0]
    BUFG_PS_X0Y90        BUFG_PS (Prop_BUFG_PS_I_O)
                                                      0.018     0.138 r  vit_system_i/zynq_ultra_ps_e_0/inst/buffer_pl_clk_0.PL_CLK_0_BUFG/O
    X1Y1 (CLOCK_ROOT)    net (fo=66188, routed)       1.525     1.663    vit_system_i/smartconnect_control/inst/s00_entry_pipeline/s00_si_converter/inst/xpm_cdc_async_rst_inst/dest_clk
    SLICE_X1Y98          FDCE                                         r  vit_system_i/smartconnect_control/inst/s00_entry_pipeline/s00_si_converter/inst/xpm_cdc_async_rst_inst/arststages_ff_reg[0]/C





