M8_RECEIPT_CLOSURE_PASS receipts=6 entries=658 sidecars=3 payload_replay=FULL
M8_METADATA_PREFLIGHT_PASS sources=80 ordered=db4e84bbe7b28dcccf4d5e574027be06b5162ae9789e0f2ef0ab2dcfb0fffb7e filelist=88166c76fac96e7f4b59f486a3d5867a94001e6d72014ad7187b5e4de40f3524 ip=0x0001000D abi=v1.13 parent=M7S8 receipts=BOUND full_vivado=PENDING bit_xsa=NOT_GENERATED
M8_DEVELOPMENT_MANIFEST_PASS entries=409
M8_DEVELOPMENT_MANIFEST_SHA256=67c18532e3bb16b24ec6983f99cc54a3ffafb05fe6c02cf0385465c316b31078
M8_DEVELOPMENT_PREFLIGHT_PASS status=DEVELOPMENT_UNSEALED seal=PENDING_M8_SEAL
RUN 00_preflight: scripts/server/00_preflight.tcl

****** Vivado v2023.2 (64-bit)
  **** SW Build 4029153 on Fri Oct 13 20:13:54 MDT 2023
  **** IP Build 4028589 on Sat Oct 14 00:45:43 MDT 2023
  **** SharedData Build 4025554 on Tue Oct 10 17:18:54 MDT 2023
    ** Copyright 1986-2022 Xilinx, Inc. All Rights Reserved.
    ** Copyright 2022-2023 Advanced Micro Devices, Inc. All Rights Reserved.

source scripts/server/00_preflight.tcl -notrace
M8_RECEIPT_CLOSURE_PASS receipts=6 entries=658 sidecars=3 payload_replay=FULL
M8_METADATA_PREFLIGHT_PASS sources=80 ordered=db4e84bbe7b28dcccf4d5e574027be06b5162ae9789e0f2ef0ab2dcfb0fffb7e filelist=88166c76fac96e7f4b59f486a3d5867a94001e6d72014ad7187b5e4de40f3524 ip=0x0001000D abi=v1.13 parent=M7S8 receipts=BOUND full_vivado=PENDING bit_xsa=NOT_GENERATED
M8_DEVELOPMENT_MANIFEST_PASS entries=409
M8_DEVELOPMENT_MANIFEST_SHA256=67c18532e3bb16b24ec6983f99cc54a3ffafb05fe6c02cf0385465c316b31078
M8_DEVELOPMENT_PREFLIGHT_PASS status=DEVELOPMENT_UNSEALED seal=PENDING_M8_SEAL
PASS: M8 DEVELOPMENT_UNSEALED source manifest is valid: /home/s23520579/Vivado_project/vit_m8_board_candidate_67c18532_workspace_20260809/vivado_server_307_perf_v1_m8_nongemm_nodsp_2023_2/M8_DEVELOPMENT_SHA256SUMS.txt
PASS: Vivado version is 2023.2
create_project: Time (s): cpu = 00:00:09 ; elapsed = 00:00:09 . Memory (MB): peak = 1330.156 ; gain = 0.027 ; free physical = 229667 ; free virtual = 246462
INFO: opened temporary in-memory project for catalog checks
INFO: closed temporary in-memory catalog project
PASS: FPGA part, board part and required IP catalog are present
PASS: M8 DEVELOPMENT_UNSEALED Vivado server preflight completed
  bundle : /home/s23520579/Vivado_project/vit_m8_board_candidate_67c18532_workspace_20260809/vivado_server_307_perf_v1_m8_nongemm_nodsp_2023_2
  RTL    : 80 production files
  part   : xczu5ev-sfvc784-1-e
  board  : digilentinc.com:gzu_5ev:part0:1.1
INFO: [Common 17-206] Exiting Vivado at Sun Aug  9 03:22:10 2026...
PASS stage 00_preflight
INFO: [VRFC 10-2263] Analyzing SystemVerilog file "/home/s23520579/Vivado_project/vit_m8_board_candidate_67c18532_workspace_20260809/vivado_server_307_perf_v1_m8_nongemm_nodsp_2023_2/rtl/pkg/vit_phase_e_pkg.sv" into library work
INFO: [VRFC 10-2263] Analyzing SystemVerilog file "/home/s23520579/Vivado_project/vit_m8_board_candidate_67c18532_workspace_20260809/vivado_server_307_perf_v1_m8_nongemm_nodsp_2023_2/rtl/pkg/vit_fp32_pkg.sv" into library work
INFO: [VRFC 10-2263] Analyzing SystemVerilog file "/home/s23520579/Vivado_project/vit_m8_board_candidate_67c18532_workspace_20260809/vivado_server_307_perf_v1_m8_nongemm_nodsp_2023_2/rtl/leaf/common/vit_counter.sv" into library work
INFO: [VRFC 10-311] analyzing module vit_counter
INFO: [VRFC 10-2263] Analyzing SystemVerilog file "/home/s23520579/Vivado_project/vit_m8_board_candidate_67c18532_workspace_20260809/vivado_server_307_perf_v1_m8_nongemm_nodsp_2023_2/rtl/leaf/common/vit_lane_mask.sv" into library work
INFO: [VRFC 10-311] analyzing module vit_lane_mask
INFO: [VRFC 10-2263] Analyzing SystemVerilog file "/home/s23520579/Vivado_project/vit_m8_board_candidate_67c18532_workspace_20260809/vivado_server_307_perf_v1_m8_nongemm_nodsp_2023_2/rtl/leaf/common/vit_stream_buffer.sv" into library work
INFO: [VRFC 10-311] analyzing module vit_stream_buffer
INFO: [VRFC 10-2263] Analyzing SystemVerilog file "/home/s23520579/Vivado_project/vit_m8_board_candidate_67c18532_workspace_20260809/vivado_server_307_perf_v1_m8_nongemm_nodsp_2023_2/rtl/leaf/common/vit_u32_mul_iterative_nodsp.sv" into library work
INFO: [VRFC 10-311] analyzing module vit_u32_mul_iterative_nodsp
INFO: [VRFC 10-2263] Analyzing SystemVerilog file "/home/s23520579/Vivado_project/vit_m8_board_candidate_67c18532_workspace_20260809/vivado_server_307_perf_v1_m8_nongemm_nodsp_2023_2/rtl/leaf/fp32/vit_fp32_add_comb.sv" into library work
INFO: [VRFC 10-311] analyzing module vit_fp32_add_comb
INFO: [VRFC 10-2263] Analyzing SystemVerilog file "/home/s23520579/Vivado_project/vit_m8_board_candidate_67c18532_workspace_20260809/vivado_server_307_perf_v1_m8_nongemm_nodsp_2023_2/rtl/leaf/fp32/vit_fp32_sub_comb.sv" into library work
INFO: [VRFC 10-311] analyzing module vit_fp32_sub_comb
INFO: [VRFC 10-2263] Analyzing SystemVerilog file "/home/s23520579/Vivado_project/vit_m8_board_candidate_67c18532_workspace_20260809/vivado_server_307_perf_v1_m8_nongemm_nodsp_2023_2/rtl/leaf/fp32/vit_fp32_compare.sv" into library work
INFO: [VRFC 10-311] analyzing module vit_fp32_compare
INFO: [VRFC 10-2263] Analyzing SystemVerilog file "/home/s23520579/Vivado_project/vit_m8_board_candidate_67c18532_workspace_20260809/vivado_server_307_perf_v1_m8_nongemm_nodsp_2023_2/rtl/leaf/fp32/vit_fp32_mul_comb_nodsp.sv" into library work
INFO: [VRFC 10-311] analyzing module vit_fp32_mul_comb_nodsp
INFO: [VRFC 10-2263] Analyzing SystemVerilog file "/home/s23520579/Vivado_project/vit_m8_board_candidate_67c18532_workspace_20260809/vivado_server_307_perf_v1_m8_nongemm_nodsp_2023_2/rtl/leaf/fp32/vit_fp32_accumulator.sv" into library work
INFO: [VRFC 10-311] analyzing module vit_fp32_accumulator
INFO: [VRFC 10-2263] Analyzing SystemVerilog file "/home/s23520579/Vivado_project/vit_m8_board_candidate_67c18532_workspace_20260809/vivado_server_307_perf_v1_m8_nongemm_nodsp_2023_2/rtl/leaf/fp32/vit_fp32_from_u32_comb.sv" into library work
INFO: [VRFC 10-311] analyzing module vit_fp32_from_u32_comb
INFO: [VRFC 10-2263] Analyzing SystemVerilog file "/home/s23520579/Vivado_project/vit_m8_board_candidate_67c18532_workspace_20260809/vivado_server_307_perf_v1_m8_nongemm_nodsp_2023_2/rtl/leaf/fp32/vit_fp32_to_u32_floor_comb.sv" into library work
INFO: [VRFC 10-311] analyzing module vit_fp32_to_u32_floor_comb
INFO: [VRFC 10-2263] Analyzing SystemVerilog file "/home/s23520579/Vivado_project/vit_m8_board_candidate_67c18532_workspace_20260809/vivado_server_307_perf_v1_m8_nongemm_nodsp_2023_2/rtl/leaf/fp32/vit_fp32_scale_pow2_down_comb.sv" into library work
INFO: [VRFC 10-311] analyzing module vit_fp32_scale_pow2_down_comb
INFO: [VRFC 10-2263] Analyzing SystemVerilog file "/home/s23520579/Vivado_project/vit_m8_board_candidate_67c18532_workspace_20260809/vivado_server_307_perf_v1_m8_nongemm_nodsp_2023_2/rtl/leaf/fp32/vit_fp32_recip_u32_comb.sv" into library work
INFO: [VRFC 10-311] analyzing module vit_fp32_recip_u32_comb
INFO: [VRFC 10-2263] Analyzing SystemVerilog file "/home/s23520579/Vivado_project/vit_m8_board_candidate_67c18532_workspace_20260809/vivado_server_307_perf_v1_m8_nongemm_nodsp_2023_2/rtl/leaf/fp32/vit_fp32_recip_u32_serial.sv" into library work
INFO: [VRFC 10-311] analyzing module vit_fp32_recip_u32_serial
INFO: [VRFC 10-2263] Analyzing SystemVerilog file "/home/s23520579/Vivado_project/vit_m8_board_candidate_67c18532_workspace_20260809/vivado_server_307_perf_v1_m8_nongemm_nodsp_2023_2/rtl/leaf/fp32/vit_fp32_recip_comb.sv" into library work
INFO: [VRFC 10-311] analyzing module vit_fp32_recip_comb
INFO: [VRFC 10-2263] Analyzing SystemVerilog file "/home/s23520579/Vivado_project/vit_m8_board_candidate_67c18532_workspace_20260809/vivado_server_307_perf_v1_m8_nongemm_nodsp_2023_2/rtl/leaf/fp32/vit_fp32_rsqrt_step_comb.sv" into library work
INFO: [VRFC 10-311] analyzing module vit_fp32_rsqrt_step_comb
INFO: [VRFC 10-2263] Analyzing SystemVerilog file "/home/s23520579/Vivado_project/vit_m8_board_candidate_67c18532_workspace_20260809/vivado_server_307_perf_v1_m8_nongemm_nodsp_2023_2/rtl/leaf/fp32/vit_fp32_exp_neg_comb.sv" into library work
INFO: [VRFC 10-311] analyzing module vit_fp32_exp_neg_comb
INFO: [VRFC 10-2263] Analyzing SystemVerilog file "/home/s23520579/Vivado_project/vit_m8_board_candidate_67c18532_workspace_20260809/vivado_server_307_perf_v1_m8_nongemm_nodsp_2023_2/rtl/leaf/fp32/vit_fp32_gelu_comb.sv" into library work
INFO: [VRFC 10-311] analyzing module vit_fp32_gelu_comb
INFO: [VRFC 10-2263] Analyzing SystemVerilog file "/home/s23520579/Vivado_project/vit_m8_board_candidate_67c18532_workspace_20260809/vivado_server_307_perf_v1_m8_nongemm_nodsp_2023_2/rtl/leaf/fp16/vit_fp32_to_fp16_rne_gradual.sv" into library work
INFO: [VRFC 10-311] analyzing module vit_fp32_to_fp16_rne_gradual
INFO: [VRFC 10-2263] Analyzing SystemVerilog file "/home/s23520579/Vivado_project/vit_m8_board_candidate_67c18532_workspace_20260809/vivado_server_307_perf_v1_m8_nongemm_nodsp_2023_2/rtl/leaf/fp16/vit_fp16_mul_to_fp32_comb_nodsp.sv" into library work
INFO: [VRFC 10-311] analyzing module vit_fp16_mul_to_fp32_comb_nodsp
INFO: [VRFC 10-2263] Analyzing SystemVerilog file "/home/s23520579/Vivado_project/vit_m8_board_candidate_67c18532_workspace_20260809/vivado_server_307_perf_v1_m8_nongemm_nodsp_2023_2/rtl/leaf/fp16/vit_fp32_product_to_fixed_exact.sv" into library work
INFO: [VRFC 10-311] analyzing module vit_fp32_product_to_fixed_exact
INFO: [VRFC 10-2263] Analyzing SystemVerilog file "/home/s23520579/Vivado_project/vit_m8_board_candidate_67c18532_workspace_20260809/vivado_server_307_perf_v1_m8_nongemm_nodsp_2023_2/rtl/leaf/fp16/vit_fixed_analyze.sv" into library work
INFO: [VRFC 10-311] analyzing module vit_fixed_analyze
INFO: [VRFC 10-2263] Analyzing SystemVerilog file "/home/s23520579/Vivado_project/vit_m8_board_candidate_67c18532_workspace_20260809/vivado_server_307_perf_v1_m8_nongemm_nodsp_2023_2/rtl/leaf/fp16/vit_fixed_normalized_to_fp32_rne.sv" into library work
INFO: [VRFC 10-311] analyzing module vit_fixed_normalized_to_fp32_rne
INFO: [VRFC 10-2263] Analyzing SystemVerilog file "/home/s23520579/Vivado_project/vit_m8_board_candidate_67c18532_workspace_20260809/vivado_server_307_perf_v1_m8_nongemm_nodsp_2023_2/rtl/leaf/fp16/vit_fixed_to_fp32_rne.sv" into library work
INFO: [VRFC 10-311] analyzing module vit_fixed_to_fp32_rne
INFO: [VRFC 10-2263] Analyzing SystemVerilog file "/home/s23520579/Vivado_project/vit_m8_board_candidate_67c18532_workspace_20260809/vivado_server_307_perf_v1_m8_nongemm_nodsp_2023_2/rtl/leaf/fp16/vit_fp16_dot_stream_csa_nodsp.sv" into library work
INFO: [VRFC 10-311] analyzing module vit_fp16_dot_stream_csa_nodsp
INFO: [VRFC 10-2263] Analyzing SystemVerilog file "/home/s23520579/Vivado_project/vit_m8_board_candidate_67c18532_workspace_20260809/vivado_server_307_perf_v1_m8_nongemm_nodsp_2023_2/rtl/blocks/gemm/vit_gemm_controller.sv" into library work
INFO: [VRFC 10-311] analyzing module vit_gemm_controller
INFO: [VRFC 10-2263] Analyzing SystemVerilog file "/home/s23520579/Vivado_project/vit_m8_board_candidate_67c18532_workspace_20260809/vivado_server_307_perf_v1_m8_nongemm_nodsp_2023_2/rtl/blocks/gemm/vit_gemm_operand_router.sv" into library work
INFO: [VRFC 10-311] analyzing module vit_gemm_operand_router
INFO: [VRFC 10-2263] Analyzing SystemVerilog file "/home/s23520579/Vivado_project/vit_m8_board_candidate_67c18532_workspace_20260809/vivado_server_307_perf_v1_m8_nongemm_nodsp_2023_2/rtl/blocks/gemm/vit_gemm_result_path.sv" into library work
INFO: [VRFC 10-311] analyzing module vit_gemm_result_path
INFO: [VRFC 10-2263] Analyzing SystemVerilog file "/home/s23520579/Vivado_project/vit_m8_board_candidate_67c18532_workspace_20260809/vivado_server_307_perf_v1_m8_nongemm_nodsp_2023_2/rtl/blocks/gemm/vit_fp32_reduce16.sv" into library work
INFO: [VRFC 10-311] analyzing module vit_fp32_reduce16
INFO: [VRFC 10-2263] Analyzing SystemVerilog file "/home/s23520579/Vivado_project/vit_m8_board_candidate_67c18532_workspace_20260809/vivado_server_307_perf_v1_m8_nongemm_nodsp_2023_2/rtl/blocks/gemm/vit_gemm_dot16.sv" into library work
INFO: [VRFC 10-311] analyzing module vit_gemm_dot16
INFO: [VRFC 10-2263] Analyzing SystemVerilog file "/home/s23520579/Vivado_project/vit_m8_board_candidate_67c18532_workspace_20260809/vivado_server_307_perf_v1_m8_nongemm_nodsp_2023_2/rtl/blocks/gemm/vit_gemm_dot16_serial.sv" into library work
INFO: [VRFC 10-311] analyzing module vit_gemm_dot16_serial
INFO: [VRFC 10-2263] Analyzing SystemVerilog file "/home/s23520579/Vivado_project/vit_m8_board_candidate_67c18532_workspace_20260809/vivado_server_307_perf_v1_m8_nongemm_nodsp_2023_2/rtl/blocks/gemm/vit_gemm_accumulator.sv" into library work
INFO: [VRFC 10-311] analyzing module vit_gemm_accumulator
INFO: [VRFC 10-2263] Analyzing SystemVerilog file "/home/s23520579/Vivado_project/vit_m8_board_candidate_67c18532_workspace_20260809/vivado_server_307_perf_v1_m8_nongemm_nodsp_2023_2/rtl/blocks/gemm/vit_gemm_accumulator_bank.sv" into library work
INFO: [VRFC 10-311] analyzing module vit_gemm_accumulator_bank
INFO: [VRFC 10-2263] Analyzing SystemVerilog file "/home/s23520579/Vivado_project/vit_m8_board_candidate_67c18532_workspace_20260809/vivado_server_307_perf_v1_m8_nongemm_nodsp_2023_2/rtl/blocks/gemm/vit_gemm_pe.sv" into library work
INFO: [VRFC 10-311] analyzing module vit_gemm_pe
INFO: [VRFC 10-2263] Analyzing SystemVerilog file "/home/s23520579/Vivado_project/vit_m8_board_candidate_67c18532_workspace_20260809/vivado_server_307_perf_v1_m8_nongemm_nodsp_2023_2/rtl/blocks/gemm/vit_gemm_pe_array.sv" into library work
INFO: [VRFC 10-311] analyzing module vit_gemm_pe_array
INFO: [VRFC 10-2263] Analyzing SystemVerilog file "/home/s23520579/Vivado_project/vit_m8_board_candidate_67c18532_workspace_20260809/vivado_server_307_perf_v1_m8_nongemm_nodsp_2023_2/rtl/blocks/gemm/vit_tree_pe_fp32.sv" into library work
INFO: [VRFC 10-311] analyzing module vit_tree_pe_fp32
INFO: [VRFC 10-2263] Analyzing SystemVerilog file "/home/s23520579/Vivado_project/vit_m8_board_candidate_67c18532_workspace_20260809/vivado_server_307_perf_v1_m8_nongemm_nodsp_2023_2/rtl/blocks/gemm/vit_gemm_tree_array.sv" into library work
INFO: [VRFC 10-311] analyzing module vit_gemm_tree_array
INFO: [VRFC 10-2263] Analyzing SystemVerilog file "/home/s23520579/Vivado_project/vit_m8_board_candidate_67c18532_workspace_20260809/vivado_server_307_perf_v1_m8_nongemm_nodsp_2023_2/rtl/blocks/gemm/vit_gemm_activation_panel_cache.sv" into library work
INFO: [VRFC 10-311] analyzing module vit_gemm_activation_panel_cache
INFO: [VRFC 10-2263] Analyzing SystemVerilog file "/home/s23520579/Vivado_project/vit_m8_board_candidate_67c18532_workspace_20260809/vivado_server_307_perf_v1_m8_nongemm_nodsp_2023_2/rtl/blocks/gemm/vit_gemm_bias_cache.sv" into library work
INFO: [VRFC 10-311] analyzing module vit_gemm_bias_cache
INFO: [VRFC 10-2263] Analyzing SystemVerilog file "/home/s23520579/Vivado_project/vit_m8_board_candidate_67c18532_workspace_20260809/vivado_server_307_perf_v1_m8_nongemm_nodsp_2023_2/rtl/blocks/gemm/vit_gemm_fp16_stream_array.sv" into library work
INFO: [VRFC 10-311] analyzing module vit_gemm_fp16_stream_array
INFO: [VRFC 10-2263] Analyzing SystemVerilog file "/home/s23520579/Vivado_project/vit_m8_board_candidate_67c18532_workspace_20260809/vivado_server_307_perf_v1_m8_nongemm_nodsp_2023_2/rtl/blocks/gemm/vit_gemm_result_fifo.sv" into library work
INFO: [VRFC 10-311] analyzing module vit_gemm_result_fifo
INFO: [VRFC 10-2263] Analyzing SystemVerilog file "/home/s23520579/Vivado_project/vit_m8_board_candidate_67c18532_workspace_20260809/vivado_server_307_perf_v1_m8_nongemm_nodsp_2023_2/rtl/blocks/gemm/vit_gemm_fp16_parallel_scheduler.sv" into library work
INFO: [VRFC 10-311] analyzing module vit_gemm_fp16_parallel_scheduler
INFO: [VRFC 10-2263] Analyzing SystemVerilog file "/home/s23520579/Vivado_project/vit_m8_board_candidate_67c18532_workspace_20260809/vivado_server_307_perf_v1_m8_nongemm_nodsp_2023_2/rtl/blocks/gemm/vit_gemm_dual_mode_array.sv" into library work
INFO: [VRFC 10-311] analyzing module vit_gemm_dual_mode_array
INFO: [VRFC 10-2263] Analyzing SystemVerilog file "/home/s23520579/Vivado_project/vit_m8_board_candidate_67c18532_workspace_20260809/vivado_server_307_perf_v1_m8_nongemm_nodsp_2023_2/rtl/blocks/vector/vit_vector_lane_alu.sv" into library work
INFO: [VRFC 10-311] analyzing module vit_vector_lane_alu
INFO: [VRFC 10-2263] Analyzing SystemVerilog file "/home/s23520579/Vivado_project/vit_m8_board_candidate_67c18532_workspace_20260809/vivado_server_307_perf_v1_m8_nongemm_nodsp_2023_2/rtl/blocks/vector/vit_vector_datapath.sv" into library work
INFO: [VRFC 10-311] analyzing module vit_vector_datapath
INFO: [VRFC 10-2263] Analyzing SystemVerilog file "/home/s23520579/Vivado_project/vit_m8_board_candidate_67c18532_workspace_20260809/vivado_server_307_perf_v1_m8_nongemm_nodsp_2023_2/rtl/blocks/vector/vit_vector_engine_fp32.sv" into library work
INFO: [VRFC 10-311] analyzing module vit_vector_engine_fp32
INFO: [VRFC 10-2263] Analyzing SystemVerilog file "/home/s23520579/Vivado_project/vit_m8_board_candidate_67c18532_workspace_20260809/vivado_server_307_perf_v1_m8_nongemm_nodsp_2023_2/rtl/blocks/layout/vit_layout_address_generator.sv" into library work
INFO: [VRFC 10-311] analyzing module vit_layout_address_generator
INFO: [VRFC 10-2263] Analyzing SystemVerilog file "/home/s23520579/Vivado_project/vit_m8_board_candidate_67c18532_workspace_20260809/vivado_server_307_perf_v1_m8_nongemm_nodsp_2023_2/rtl/blocks/layout/vit_layout_descriptor_validator.sv" into library work
INFO: [VRFC 10-311] analyzing module vit_layout_descriptor_validator
INFO: [VRFC 10-2263] Analyzing SystemVerilog file "/home/s23520579/Vivado_project/vit_m8_board_candidate_67c18532_workspace_20260809/vivado_server_307_perf_v1_m8_nongemm_nodsp_2023_2/rtl/blocks/layout/vit_layout_engine.sv" into library work
INFO: [VRFC 10-311] analyzing module vit_layout_engine
INFO: [VRFC 10-2263] Analyzing SystemVerilog file "/home/s23520579/Vivado_project/vit_m8_board_candidate_67c18532_workspace_20260809/vivado_server_307_perf_v1_m8_nongemm_nodsp_2023_2/rtl/blocks/layernorm/vit_layernorm_statistics_datapath.sv" into library work
INFO: [VRFC 10-311] analyzing module vit_layernorm_statistics_datapath
INFO: [VRFC 10-2263] Analyzing SystemVerilog file "/home/s23520579/Vivado_project/vit_m8_board_candidate_67c18532_workspace_20260809/vivado_server_307_perf_v1_m8_nongemm_nodsp_2023_2/rtl/blocks/layernorm/vit_layernorm_affine_datapath.sv" into library work
INFO: [VRFC 10-311] analyzing module vit_layernorm_affine_datapath
INFO: [VRFC 10-2263] Analyzing SystemVerilog file "/home/s23520579/Vivado_project/vit_m8_board_candidate_67c18532_workspace_20260809/vivado_server_307_perf_v1_m8_nongemm_nodsp_2023_2/rtl/blocks/layernorm/vit_layernorm_engine_fp32.sv" into library work
INFO: [VRFC 10-311] analyzing module vit_layernorm_engine_fp32
INFO: [VRFC 10-2263] Analyzing SystemVerilog file "/home/s23520579/Vivado_project/vit_m8_board_candidate_67c18532_workspace_20260809/vivado_server_307_perf_v1_m8_nongemm_nodsp_2023_2/rtl/blocks/softmax/vit_softmax_exp_datapath.sv" into library work
INFO: [VRFC 10-311] analyzing module vit_softmax_exp_datapath
INFO: [VRFC 10-2263] Analyzing SystemVerilog file "/home/s23520579/Vivado_project/vit_m8_board_candidate_67c18532_workspace_20260809/vivado_server_307_perf_v1_m8_nongemm_nodsp_2023_2/rtl/blocks/softmax/vit_softmax_reciprocal_step.sv" into library work
INFO: [VRFC 10-311] analyzing module vit_softmax_reciprocal_step
INFO: [VRFC 10-2263] Analyzing SystemVerilog file "/home/s23520579/Vivado_project/vit_m8_board_candidate_67c18532_workspace_20260809/vivado_server_307_perf_v1_m8_nongemm_nodsp_2023_2/rtl/blocks/softmax/vit_softmax_engine_fp32.sv" into library work
INFO: [VRFC 10-311] analyzing module vit_softmax_engine_fp32
INFO: [VRFC 10-2263] Analyzing SystemVerilog file "/home/s23520579/Vivado_project/vit_m8_board_candidate_67c18532_workspace_20260809/vivado_server_307_perf_v1_m8_nongemm_nodsp_2023_2/rtl/blocks/gelu/vit_gelu_lane_datapath.sv" into library work
INFO: [VRFC 10-311] analyzing module vit_gelu_lane_datapath
INFO: [VRFC 10-2263] Analyzing SystemVerilog file "/home/s23520579/Vivado_project/vit_m8_board_candidate_67c18532_workspace_20260809/vivado_server_307_perf_v1_m8_nongemm_nodsp_2023_2/rtl/blocks/gelu/vit_fp32_gelu_serial.sv" into library work
INFO: [VRFC 10-311] analyzing module vit_fp32_gelu_serial
INFO: [VRFC 10-2263] Analyzing SystemVerilog file "/home/s23520579/Vivado_project/vit_m8_board_candidate_67c18532_workspace_20260809/vivado_server_307_perf_v1_m8_nongemm_nodsp_2023_2/rtl/blocks/gelu/vit_gelu_engine_fp32.sv" into library work
INFO: [VRFC 10-311] analyzing module vit_gelu_engine_fp32
INFO: [VRFC 10-2263] Analyzing SystemVerilog file "/home/s23520579/Vivado_project/vit_m8_board_candidate_67c18532_workspace_20260809/vivado_server_307_perf_v1_m8_nongemm_nodsp_2023_2/rtl/blocks/argmax/vit_argmax_engine_fp32.sv" into library work
INFO: [VRFC 10-311] analyzing module vit_argmax_engine_fp32
INFO: [VRFC 10-2263] Analyzing SystemVerilog file "/home/s23520579/Vivado_project/vit_m8_board_candidate_67c18532_workspace_20260809/vivado_server_307_perf_v1_m8_nongemm_nodsp_2023_2/rtl/control/vit_phase_e_sequencer.sv" into library work
INFO: [VRFC 10-311] analyzing module vit_phase_e_sequencer
INFO: [VRFC 10-2263] Analyzing SystemVerilog file "/home/s23520579/Vivado_project/vit_m8_board_candidate_67c18532_workspace_20260809/vivado_server_307_perf_v1_m8_nongemm_nodsp_2023_2/rtl/core/vit_gemm_memory_address_context.sv" into library work
INFO: [VRFC 10-311] analyzing module vit_gemm_memory_address_context
INFO: [VRFC 10-2263] Analyzing SystemVerilog file "/home/s23520579/Vivado_project/vit_m8_board_candidate_67c18532_workspace_20260809/vivado_server_307_perf_v1_m8_nongemm_nodsp_2023_2/rtl/core/vit_phase_e_read_address_router.sv" into library work
INFO: [VRFC 10-311] analyzing module vit_phase_e_read_address_router
INFO: [VRFC 10-2263] Analyzing SystemVerilog file "/home/s23520579/Vivado_project/vit_m8_board_candidate_67c18532_workspace_20260809/vivado_server_307_perf_v1_m8_nongemm_nodsp_2023_2/rtl/core/vit_phase_e_write_address_router.sv" into library work
INFO: [VRFC 10-311] analyzing module vit_phase_e_write_address_router
INFO: [VRFC 10-2263] Analyzing SystemVerilog file "/home/s23520579/Vivado_project/vit_m8_board_candidate_67c18532_workspace_20260809/vivado_server_307_perf_v1_m8_nongemm_nodsp_2023_2/rtl/core/vit_phase_e_memory_frontend.sv" into library work
INFO: [VRFC 10-311] analyzing module vit_phase_e_memory_frontend
INFO: [VRFC 10-2263] Analyzing SystemVerilog file "/home/s23520579/Vivado_project/vit_m8_board_candidate_67c18532_workspace_20260809/vivado_server_307_perf_v1_m8_nongemm_nodsp_2023_2/rtl/core/vit_phase_e_command_controller.sv" into library work
INFO: [VRFC 10-311] analyzing module vit_phase_e_command_controller
INFO: [VRFC 10-2263] Analyzing SystemVerilog file "/home/s23520579/Vivado_project/vit_m8_board_candidate_67c18532_workspace_20260809/vivado_server_307_perf_v1_m8_nongemm_nodsp_2023_2/rtl/core/vit_phase_e_engine_dispatch.sv" into library work
INFO: [VRFC 10-311] analyzing module vit_phase_e_engine_dispatch
INFO: [VRFC 10-2263] Analyzing SystemVerilog file "/home/s23520579/Vivado_project/vit_m8_board_candidate_67c18532_workspace_20260809/vivado_server_307_perf_v1_m8_nongemm_nodsp_2023_2/rtl/core/vit_phase_e_engine_top.sv" into library work
INFO: [VRFC 10-311] analyzing module vit_phase_e_engine_top
INFO: [VRFC 10-2263] Analyzing SystemVerilog file "/home/s23520579/Vivado_project/vit_m8_board_candidate_67c18532_workspace_20260809/vivado_server_307_perf_v1_m8_nongemm_nodsp_2023_2/rtl/core/vit_phase_e_npu.sv" into library work
INFO: [VRFC 10-311] analyzing module vit_phase_e_npu
INFO: [VRFC 10-2263] Analyzing SystemVerilog file "/home/s23520579/Vivado_project/vit_m8_board_candidate_67c18532_workspace_20260809/vivado_server_307_perf_v1_m8_nongemm_nodsp_2023_2/rtl/axi/control/vit_layer_param_table.sv" into library work
INFO: [VRFC 10-311] analyzing module vit_layer_param_table
INFO: [VRFC 10-2263] Analyzing SystemVerilog file "/home/s23520579/Vivado_project/vit_m8_board_candidate_67c18532_workspace_20260809/vivado_server_307_perf_v1_m8_nongemm_nodsp_2023_2/rtl/axi/control/vit_layer_param_loader.sv" into library work
INFO: [VRFC 10-311] analyzing module vit_layer_param_loader
INFO: [VRFC 10-2263] Analyzing SystemVerilog file "/home/s23520579/Vivado_project/vit_m8_board_candidate_67c18532_workspace_20260809/vivado_server_307_perf_v1_m8_nongemm_nodsp_2023_2/rtl/axi/control/vit_phase_e_perf_counters.sv" into library work
INFO: [VRFC 10-311] analyzing module vit_phase_e_perf_counters
INFO: [VRFC 10-2263] Analyzing SystemVerilog file "/home/s23520579/Vivado_project/vit_m8_board_candidate_67c18532_workspace_20260809/vivado_server_307_perf_v1_m8_nongemm_nodsp_2023_2/rtl/axi/control/vit_phase_e_profile_counters.sv" into library work
INFO: [VRFC 10-311] analyzing module vit_phase_e_profile_counters
INFO: [VRFC 10-2263] Analyzing SystemVerilog file "/home/s23520579/Vivado_project/vit_m8_board_candidate_67c18532_workspace_20260809/vivado_server_307_perf_v1_m8_nongemm_nodsp_2023_2/rtl/axi/control/vit_phase_e_m5_axi_counters.sv" into library work
INFO: [VRFC 10-311] analyzing module vit_phase_e_m5_axi_counters
INFO: [VRFC 10-2263] Analyzing SystemVerilog file "/home/s23520579/Vivado_project/vit_m8_board_candidate_67c18532_workspace_20260809/vivado_server_307_perf_v1_m8_nongemm_nodsp_2023_2/rtl/axi/control/vit_phase_e_m7_overlap_counters.sv" into library work
INFO: [VRFC 10-311] analyzing module vit_phase_e_m7_overlap_counters
INFO: [VRFC 10-2263] Analyzing SystemVerilog file "/home/s23520579/Vivado_project/vit_m8_board_candidate_67c18532_workspace_20260809/vivado_server_307_perf_v1_m8_nongemm_nodsp_2023_2/rtl/axi/control/vit_axi_lite_control_regs.sv" into library work
INFO: [VRFC 10-311] analyzing module vit_axi_lite_control_regs
INFO: [VRFC 10-2263] Analyzing SystemVerilog file "/home/s23520579/Vivado_project/vit_m8_board_candidate_67c18532_workspace_20260809/vivado_server_307_perf_v1_m8_nongemm_nodsp_2023_2/rtl/axi/memory/vit_phase_e_axi_mem_adapter.sv" into library work
INFO: [VRFC 10-311] analyzing module vit_phase_e_axi_mem_adapter
INFO: [VRFC 10-2263] Analyzing SystemVerilog file "/home/s23520579/Vivado_project/vit_m8_board_candidate_67c18532_workspace_20260809/vivado_server_307_perf_v1_m8_nongemm_nodsp_2023_2/rtl/axi/vit_phase_e_axi_wrapper.sv" into library work
INFO: [VRFC 10-311] analyzing module vit_phase_e_axi_wrapper
INFO: [VRFC 10-2263] Analyzing SystemVerilog file "/home/s23520579/Vivado_project/vit_m8_board_candidate_67c18532_workspace_20260809/vivado_server_307_perf_v1_m8_nongemm_nodsp_2023_2/rtl/top/vit_phase_e_axi_bd_wrapper.v" into library work
INFO: [VRFC 10-311] analyzing module vit_phase_e_axi_bd_wrapper
INFO: [VRFC 10-2263] Analyzing SystemVerilog file "/home/s23520579/Vivado_project/vit_m8_board_candidate_67c18532_workspace_20260809/vivado_server_307_perf_v1_m8_nongemm_nodsp_2023_2/sim/axi/tb_vit_phase_e_axi_mem_adapter.sv" into library work
INFO: [VRFC 10-311] analyzing module tb_vit_phase_e_axi_mem_adapter
INFO: [VRFC 10-2263] Analyzing SystemVerilog file "/home/s23520579/Vivado_project/vit_m8_board_candidate_67c18532_workspace_20260809/vivado_server_307_perf_v1_m8_nongemm_nodsp_2023_2/sim/axi/tb_vit_phase_e_axi_wrapper.sv" into library work
INFO: [VRFC 10-311] analyzing module tb_vit_phase_e_axi_wrapper
INFO: [VRFC 10-2263] Analyzing SystemVerilog file "/home/s23520579/Vivado_project/vit_m8_board_candidate_67c18532_workspace_20260809/vivado_server_307_perf_v1_m8_nongemm_nodsp_2023_2/sim/axi/tb_vit_phase_e_engine_memory.sv" into library work
INFO: [VRFC 10-311] analyzing module tb_vit_phase_e_engine_memory
INFO: [VRFC 10-2263] Analyzing SystemVerilog file "/home/s23520579/Vivado_project/vit_m8_board_candidate_67c18532_workspace_20260809/vivado_server_307_perf_v1_m8_nongemm_nodsp_2023_2/sim/axi/tb_vit_phase_e_engine_axi.sv" into library work
INFO: [VRFC 10-311] analyzing module tb_vit_phase_e_engine_axi
INFO: [VRFC 10-311] analyzing module axi_stall_ram_32
INFO: [VRFC 10-2263] Analyzing SystemVerilog file "/home/s23520579/Vivado_project/vit_m8_board_candidate_67c18532_workspace_20260809/vivado_server_307_perf_v1_m8_nongemm_nodsp_2023_2/sim/control/tb_vit_phase_e_perf_counters.sv" into library work
INFO: [VRFC 10-311] analyzing module tb_vit_phase_e_perf_counters
INFO: [VRFC 10-2263] Analyzing SystemVerilog file "/home/s23520579/Vivado_project/vit_m8_board_candidate_67c18532_workspace_20260809/vivado_server_307_perf_v1_m8_nongemm_nodsp_2023_2/sim/control/tb_vit_phase_e_profile_counters.sv" into library work
INFO: [VRFC 10-311] analyzing module tb_vit_phase_e_profile_counters
INFO: [VRFC 10-2263] Analyzing SystemVerilog file "/home/s23520579/Vivado_project/vit_m8_board_candidate_67c18532_workspace_20260809/vivado_server_307_perf_v1_m8_nongemm_nodsp_2023_2/sim/m7/tb_vit_phase_e_m7_overlap_counters.sv" into library work
INFO: [VRFC 10-311] analyzing module tb_vit_phase_e_m7_overlap_counters
INFO: [VRFC 10-2263] Analyzing SystemVerilog file "/home/s23520579/Vivado_project/vit_m8_board_candidate_67c18532_workspace_20260809/vivado_server_307_perf_v1_m8_nongemm_nodsp_2023_2/sim/axi/vit_axi_ddr_model_128.sv" into library work
INFO: [VRFC 10-311] analyzing module vit_axi_ddr_model_128
INFO: [VRFC 10-2263] Analyzing SystemVerilog file "/home/s23520579/Vivado_project/vit_m8_board_candidate_67c18532_workspace_20260809/vivado_server_307_perf_v1_m8_nongemm_nodsp_2023_2/sim/end_to_end/tb_vit_phase_e_axi_e05_compact_rtl.sv" into library work
INFO: [VRFC 10-311] analyzing module tb_vit_phase_e_axi_e05_compact_rtl
Vivado Simulator v2023.2
Copyright 1986-2022 Xilinx, Inc. All Rights Reserved.
Copyright 2022-2023 Advanced Micro Devices, Inc. All Rights Reserved.
Running: /data/tools/Xilinx/Vivado/2023.2/bin/unwrapped/lnx64.o/xelab --debug off --mt 2 tb_vit_phase_e_axi_mem_adapter -s tb_vit_phase_e_axi_mem_adapter_snapshot 
Using 2 slave threads.
Starting static elaboration
Pass Through NonSizing Optimizer
Completed static elaboration
Starting simulation data flow analysis
Completed simulation data flow analysis
Time Resolution for simulation is 1ps
Compiling module work.vit_phase_e_axi_mem_adapter_defa...
Compiling module work.tb_vit_phase_e_axi_mem_adapter
Built simulation snapshot tb_vit_phase_e_axi_mem_adapter_snapshot

****** xsim v2023.2 (64-bit)
  **** SW Build 4029153 on Fri Oct 13 20:13:54 MDT 2023
  **** IP Build 4028589 on Sat Oct 14 00:45:43 MDT 2023
  **** SharedData Build 4025554 on Tue Oct 10 17:18:54 MDT 2023
    ** Copyright 1986-2022 Xilinx, Inc. All Rights Reserved.
    ** Copyright 2022-2023 Advanced Micro Devices, Inc. All Rights Reserved.

source xsim.dir/tb_vit_phase_e_axi_mem_adapter_snapshot/xsim_script.tcl
# xsim {tb_vit_phase_e_axi_mem_adapter_snapshot} -autoloadwcfg -tclbatch {/tmp/vit_server_xsim.gY0E4B/run_all.tcl}
Time resolution is 1 ps
source /tmp/vit_server_xsim.gY0E4B/run_all.tcl
## run all
VIT_PHASE_E_AXI_MEM_ADAPTER_TEST_PASS checks=173
$finish called at time : 1106 ns : File "/home/s23520579/Vivado_project/vit_m8_board_candidate_67c18532_workspace_20260809/vivado_server_307_perf_v1_m8_nongemm_nodsp_2023_2/sim/axi/tb_vit_phase_e_axi_mem_adapter.sv" Line 712
## quit
INFO: [Common 17-206] Exiting xsim at Sun Aug  9 03:22:22 2026...
PASS XSim: tb_vit_phase_e_axi_mem_adapter
Vivado Simulator v2023.2
Copyright 1986-2022 Xilinx, Inc. All Rights Reserved.
Copyright 2022-2023 Advanced Micro Devices, Inc. All Rights Reserved.
Running: /data/tools/Xilinx/Vivado/2023.2/bin/unwrapped/lnx64.o/xelab --debug off --mt 2 tb_vit_phase_e_axi_wrapper -s tb_vit_phase_e_axi_wrapper_snapshot 
Using 2 slave threads.
Starting static elaboration
Pass Through NonSizing Optimizer
Completed static elaboration
Starting simulation data flow analysis
Completed simulation data flow analysis
Time Resolution for simulation is 1ps
Compiling package work.vit_phase_e_pkg
Compiling module work.vit_phase_e_perf_counters
Compiling module work.vit_phase_e_profile_counters_def...
Compiling module work.vit_phase_e_m5_axi_counters
Compiling module work.vit_phase_e_m7_overlap_counters(...
Compiling module work.vit_axi_lite_control_regs
Compiling module work.vit_layer_param_table
Compiling module work.vit_layer_param_loader
Compiling module work.vit_phase_e_sequencer(E04_TOKEN_...
Compiling module work.vit_fp32_mul_comb_nodsp
Compiling module work.vit_fp32_add_comb
Compiling module work.vit_phase_e_command_controller
Compiling module work.vit_phase_e_engine_dispatch_defa...
Compiling module work.vit_gemm_activation_panel_cache_...
Compiling module work.vit_gemm_bias_cache_default
Compiling module work.vit_gemm_memory_address_context_...
Compiling module work.vit_phase_e_read_address_router_...
Compiling module work.vit_phase_e_write_address_router...
Compiling module work.vit_phase_e_memory_frontend_defa...
Compiling module work.vit_gemm_dual_mode_array(ARRAY_R...
Compiling module work.vit_lane_mask
Compiling module work.vit_vector_engine_fp32(USE_EXTER...
Compiling module work.vit_u32_mul_iterative_nodsp
Compiling module work.vit_layout_descriptor_validator
Compiling module work.vit_layout_address_generator
Compiling module work.vit_layout_engine
Compiling module work.vit_fp32_recip_u32_serial
Compiling module work.vit_layernorm_engine_fp32(USE_EX...
Compiling module work.vit_fp32_compare
Compiling module work.vit_fp32_to_u32_floor_comb
Compiling module work.vit_fp32_from_u32_comb
Compiling module work.vit_fp32_scale_pow2_down_comb
Compiling module work.vit_softmax_engine_fp32(USE_EXTE...
Compiling module work.vit_fp32_gelu_serial(USE_EXTERNA...
Compiling module work.vit_gelu_engine_fp32(USE_EXTERNA...
Compiling module work.vit_argmax_engine_fp32
Compiling module work.vit_phase_e_engine_top(SCRATCH_W...
Compiling module work.vit_phase_e_npu(E05_PATCH_COUNT=...
Compiling module work.vit_phase_e_axi_mem_adapter_defa...
Compiling module work.vit_phase_e_axi_wrapper_default
Compiling module work.tb_vit_phase_e_axi_wrapper
Built simulation snapshot tb_vit_phase_e_axi_wrapper_snapshot

****** xsim v2023.2 (64-bit)
  **** SW Build 4029153 on Fri Oct 13 20:13:54 MDT 2023
  **** IP Build 4028589 on Sat Oct 14 00:45:43 MDT 2023
  **** SharedData Build 4025554 on Tue Oct 10 17:18:54 MDT 2023
    ** Copyright 1986-2022 Xilinx, Inc. All Rights Reserved.
    ** Copyright 2022-2023 Advanced Micro Devices, Inc. All Rights Reserved.

source xsim.dir/tb_vit_phase_e_axi_wrapper_snapshot/xsim_script.tcl
# xsim {tb_vit_phase_e_axi_wrapper_snapshot} -autoloadwcfg -tclbatch {/tmp/vit_server_xsim.gY0E4B/run_all.tcl}
Time resolution is 1 ps
source /tmp/vit_server_xsim.gY0E4B/run_all.tcl
## run all
VIT_PHASE_E_AXI_WRAPPER_TEST_PASS checks=178
$finish called at time : 5280 ns : File "/home/s23520579/Vivado_project/vit_m8_board_candidate_67c18532_workspace_20260809/vivado_server_307_perf_v1_m8_nongemm_nodsp_2023_2/sim/axi/tb_vit_phase_e_axi_wrapper.sv" Line 571
## quit
INFO: [Common 17-206] Exiting xsim at Sun Aug  9 03:22:34 2026...
PASS XSim: tb_vit_phase_e_axi_wrapper
Vivado Simulator v2023.2
Copyright 1986-2022 Xilinx, Inc. All Rights Reserved.
Copyright 2022-2023 Advanced Micro Devices, Inc. All Rights Reserved.
Running: /data/tools/Xilinx/Vivado/2023.2/bin/unwrapped/lnx64.o/xelab --debug off --mt 2 tb_vit_phase_e_engine_memory -s tb_vit_phase_e_engine_memory_snapshot 
Using 2 slave threads.
Starting static elaboration
Pass Through NonSizing Optimizer
WARNING: [VRFC 10-3645] port 'mem_req_read_ahead_safe' remains unconnected for this instance [/home/s23520579/Vivado_project/vit_m8_board_candidate_67c18532_workspace_20260809/vivado_server_307_perf_v1_m8_nongemm_nodsp_2023_2/sim/axi/tb_vit_phase_e_engine_memory.sv:119]
Completed static elaboration
Starting simulation data flow analysis
Completed simulation data flow analysis
Time Resolution for simulation is 1ps
Compiling package work.vit_phase_e_pkg
Compiling module work.vit_fp32_mul_comb_nodsp
Compiling module work.vit_fp32_add_comb
Compiling module work.vit_phase_e_command_controller
Compiling module work.vit_phase_e_engine_dispatch_defa...
Compiling module work.vit_gemm_activation_panel_cache_...
Compiling module work.vit_gemm_bias_cache_default
Compiling module work.vit_gemm_memory_address_context_...
Compiling module work.vit_phase_e_read_address_router_...
Compiling module work.vit_phase_e_write_address_router...
Compiling module work.vit_phase_e_memory_frontend_defa...
Compiling module work.vit_gemm_dual_mode_array(ARRAY_R...
Compiling module work.vit_lane_mask
Compiling module work.vit_vector_engine_fp32(USE_EXTER...
Compiling module work.vit_u32_mul_iterative_nodsp
Compiling module work.vit_layout_descriptor_validator
Compiling module work.vit_layout_address_generator
Compiling module work.vit_layout_engine
Compiling module work.vit_fp32_recip_u32_serial
Compiling module work.vit_layernorm_engine_fp32(USE_EX...
Compiling module work.vit_fp32_compare
Compiling module work.vit_fp32_to_u32_floor_comb
Compiling module work.vit_fp32_from_u32_comb
Compiling module work.vit_fp32_scale_pow2_down_comb
Compiling module work.vit_softmax_engine_fp32(USE_EXTE...
Compiling module work.vit_fp32_gelu_serial(USE_EXTERNA...
Compiling module work.vit_gelu_engine_fp32(USE_EXTERNA...
Compiling module work.vit_argmax_engine_fp32
Compiling module work.vit_phase_e_engine_top(SCRATCH_W...
Compiling module work.tb_vit_phase_e_engine_memory
Built simulation snapshot tb_vit_phase_e_engine_memory_snapshot

****** xsim v2023.2 (64-bit)
  **** SW Build 4029153 on Fri Oct 13 20:13:54 MDT 2023
  **** IP Build 4028589 on Sat Oct 14 00:45:43 MDT 2023
  **** SharedData Build 4025554 on Tue Oct 10 17:18:54 MDT 2023
    ** Copyright 1986-2022 Xilinx, Inc. All Rights Reserved.
    ** Copyright 2022-2023 Advanced Micro Devices, Inc. All Rights Reserved.

source xsim.dir/tb_vit_phase_e_engine_memory_snapshot/xsim_script.tcl
# xsim {tb_vit_phase_e_engine_memory_snapshot} -autoloadwcfg -tclbatch {/tmp/vit_server_xsim.gY0E4B/run_all.tcl}
Time resolution is 1 ps
source /tmp/vit_server_xsim.gY0E4B/run_all.tcl
## run all
PASS engine logical-memory test: checks=1671 transactions=66
$finish called at time : 6726 ns : File "/home/s23520579/Vivado_project/vit_m8_board_candidate_67c18532_workspace_20260809/vivado_server_307_perf_v1_m8_nongemm_nodsp_2023_2/sim/axi/tb_vit_phase_e_engine_memory.sv" Line 789
## quit
INFO: [Common 17-206] Exiting xsim at Sun Aug  9 03:22:45 2026...
PASS XSim: tb_vit_phase_e_engine_memory
Vivado Simulator v2023.2
Copyright 1986-2022 Xilinx, Inc. All Rights Reserved.
Copyright 2022-2023 Advanced Micro Devices, Inc. All Rights Reserved.
Running: /data/tools/Xilinx/Vivado/2023.2/bin/unwrapped/lnx64.o/xelab --debug off --mt 2 tb_vit_phase_e_engine_axi -s tb_vit_phase_e_engine_axi_snapshot 
Using 2 slave threads.
Starting static elaboration
Pass Through NonSizing Optimizer
WARNING: [VRFC 10-3645] port 'profile_events' remains unconnected for this instance [/home/s23520579/Vivado_project/vit_m8_board_candidate_67c18532_workspace_20260809/vivado_server_307_perf_v1_m8_nongemm_nodsp_2023_2/sim/axi/tb_vit_phase_e_engine_axi.sv:180]
Completed static elaboration
Starting simulation data flow analysis
Completed simulation data flow analysis
Time Resolution for simulation is 1ps
Compiling package work.vit_phase_e_pkg
Compiling package work.vit_fp32_pkg
Compiling module work.vit_fp32_mul_comb_nodsp
Compiling module work.vit_fp32_add_comb
Compiling module work.vit_phase_e_command_controller
Compiling module work.vit_phase_e_engine_dispatch_defa...
Compiling module work.vit_gemm_activation_panel_cache_...
Compiling module work.vit_gemm_bias_cache_default
Compiling module work.vit_gemm_memory_address_context_...
Compiling module work.vit_phase_e_read_address_router_...
Compiling module work.vit_phase_e_write_address_router...
Compiling module work.vit_phase_e_memory_frontend_defa...
Compiling module work.vit_gemm_dual_mode_array(ARRAY_R...
Compiling module work.vit_lane_mask
Compiling module work.vit_vector_engine_fp32(USE_EXTER...
Compiling module work.vit_u32_mul_iterative_nodsp
Compiling module work.vit_layout_descriptor_validator
Compiling module work.vit_layout_address_generator
Compiling module work.vit_layout_engine
Compiling module work.vit_fp32_recip_u32_serial
Compiling module work.vit_layernorm_engine_fp32(USE_EX...
Compiling module work.vit_fp32_compare
Compiling module work.vit_fp32_to_u32_floor_comb
Compiling module work.vit_fp32_from_u32_comb
Compiling module work.vit_fp32_scale_pow2_down_comb
Compiling module work.vit_softmax_engine_fp32(USE_EXTE...
Compiling module work.vit_fp32_gelu_serial(USE_EXTERNA...
Compiling module work.vit_gelu_engine_fp32(USE_EXTERNA...
Compiling module work.vit_argmax_engine_fp32
Compiling module work.vit_phase_e_engine_top(SCRATCH_W...
Compiling module work.vit_phase_e_axi_mem_adapter_defa...
Compiling module work.vit_axi_ddr_model_128(MODEL_WORD...
Compiling module work.tb_vit_phase_e_engine_axi
Built simulation snapshot tb_vit_phase_e_engine_axi_snapshot

****** xsim v2023.2 (64-bit)
  **** SW Build 4029153 on Fri Oct 13 20:13:54 MDT 2023
  **** IP Build 4028589 on Sat Oct 14 00:45:43 MDT 2023
  **** SharedData Build 4025554 on Tue Oct 10 17:18:54 MDT 2023
    ** Copyright 1986-2022 Xilinx, Inc. All Rights Reserved.
    ** Copyright 2022-2023 Advanced Micro Devices, Inc. All Rights Reserved.

source xsim.dir/tb_vit_phase_e_engine_axi_snapshot/xsim_script.tcl
# xsim {tb_vit_phase_e_engine_axi_snapshot} -autoloadwcfg -tclbatch {/tmp/vit_server_xsim.gY0E4B/run_all.tcl}
Time resolution is 1 ps
source /tmp/vit_server_xsim.gY0E4B/run_all.tcl
## run all
VIT_PHASE_E_ENGINE_AXI_TEST_PASS checks=34 reads=34 writes=17
$finish called at time : 3736 ns : File "/home/s23520579/Vivado_project/vit_m8_board_candidate_67c18532_workspace_20260809/vivado_server_307_perf_v1_m8_nongemm_nodsp_2023_2/sim/axi/tb_vit_phase_e_engine_axi.sv" Line 508
## quit
INFO: [Common 17-206] Exiting xsim at Sun Aug  9 03:22:55 2026...
PASS XSim: tb_vit_phase_e_engine_axi
Vivado Simulator v2023.2
Copyright 1986-2022 Xilinx, Inc. All Rights Reserved.
Copyright 2022-2023 Advanced Micro Devices, Inc. All Rights Reserved.
Running: /data/tools/Xilinx/Vivado/2023.2/bin/unwrapped/lnx64.o/xelab --debug off --mt 2 tb_vit_phase_e_perf_counters -s tb_vit_phase_e_perf_counters_snapshot 
Using 2 slave threads.
Starting static elaboration
Pass Through NonSizing Optimizer
Completed static elaboration
Starting simulation data flow analysis
Completed simulation data flow analysis
Time Resolution for simulation is 1ps
Compiling module work.vit_phase_e_perf_counters
Compiling module work.tb_vit_phase_e_perf_counters
Built simulation snapshot tb_vit_phase_e_perf_counters_snapshot

****** xsim v2023.2 (64-bit)
  **** SW Build 4029153 on Fri Oct 13 20:13:54 MDT 2023
  **** IP Build 4028589 on Sat Oct 14 00:45:43 MDT 2023
  **** SharedData Build 4025554 on Tue Oct 10 17:18:54 MDT 2023
    ** Copyright 1986-2022 Xilinx, Inc. All Rights Reserved.
    ** Copyright 2022-2023 Advanced Micro Devices, Inc. All Rights Reserved.

source xsim.dir/tb_vit_phase_e_perf_counters_snapshot/xsim_script.tcl
# xsim {tb_vit_phase_e_perf_counters_snapshot} -autoloadwcfg -tclbatch {/tmp/vit_server_xsim.gY0E4B/run_all.tcl}
Time resolution is 1 ps
source /tmp/vit_server_xsim.gY0E4B/run_all.tcl
## run all
VIT_PHASE_E_PERF_COUNTERS_TEST_PASS checks=16
$finish called at time : 146 ns : File "/home/s23520579/Vivado_project/vit_m8_board_candidate_67c18532_workspace_20260809/vivado_server_307_perf_v1_m8_nongemm_nodsp_2023_2/sim/control/tb_vit_phase_e_perf_counters.sv" Line 157
## quit
INFO: [Common 17-206] Exiting xsim at Sun Aug  9 03:23:02 2026...
PASS XSim: tb_vit_phase_e_perf_counters
Vivado Simulator v2023.2
Copyright 1986-2022 Xilinx, Inc. All Rights Reserved.
Copyright 2022-2023 Advanced Micro Devices, Inc. All Rights Reserved.
Running: /data/tools/Xilinx/Vivado/2023.2/bin/unwrapped/lnx64.o/xelab --debug off --mt 2 tb_vit_phase_e_profile_counters -s tb_vit_phase_e_profile_counters_snapshot 
Using 2 slave threads.
Starting static elaboration
Pass Through NonSizing Optimizer
Completed static elaboration
Starting simulation data flow analysis
Completed simulation data flow analysis
Time Resolution for simulation is 1ps
Compiling package work.vit_phase_e_pkg
Compiling module work.vit_phase_e_profile_counters_def...
Compiling module work.tb_vit_phase_e_profile_counters
Built simulation snapshot tb_vit_phase_e_profile_counters_snapshot

****** xsim v2023.2 (64-bit)
  **** SW Build 4029153 on Fri Oct 13 20:13:54 MDT 2023
  **** IP Build 4028589 on Sat Oct 14 00:45:43 MDT 2023
  **** SharedData Build 4025554 on Tue Oct 10 17:18:54 MDT 2023
    ** Copyright 1986-2022 Xilinx, Inc. All Rights Reserved.
    ** Copyright 2022-2023 Advanced Micro Devices, Inc. All Rights Reserved.

source xsim.dir/tb_vit_phase_e_profile_counters_snapshot/xsim_script.tcl
# xsim {tb_vit_phase_e_profile_counters_snapshot} -autoloadwcfg -tclbatch {/tmp/vit_server_xsim.gY0E4B/run_all.tcl}
Time resolution is 1 ps
source /tmp/vit_server_xsim.gY0E4B/run_all.tcl
## run all
VIT_PHASE_E_PROFILE_COUNTERS_TEST_PASS checks=170
$finish called at time : 5666 ns : File "/home/s23520579/Vivado_project/vit_m8_board_candidate_67c18532_workspace_20260809/vivado_server_307_perf_v1_m8_nongemm_nodsp_2023_2/sim/control/tb_vit_phase_e_profile_counters.sv" Line 773
## quit
INFO: [Common 17-206] Exiting xsim at Sun Aug  9 03:23:10 2026...
PASS XSim: tb_vit_phase_e_profile_counters
Vivado Simulator v2023.2
Copyright 1986-2022 Xilinx, Inc. All Rights Reserved.
Copyright 2022-2023 Advanced Micro Devices, Inc. All Rights Reserved.
Running: /data/tools/Xilinx/Vivado/2023.2/bin/unwrapped/lnx64.o/xelab --debug off --mt 2 tb_vit_phase_e_m7_overlap_counters -s tb_vit_phase_e_m7_overlap_counters_snapshot 
Using 2 slave threads.
Starting static elaboration
Pass Through NonSizing Optimizer
Completed static elaboration
Starting simulation data flow analysis
Completed simulation data flow analysis
Time Resolution for simulation is 1ps
Compiling package work.vit_phase_e_pkg
Compiling module work.vit_phase_e_m7_overlap_counters(...
Compiling module work.vit_axi_lite_control_regs
Compiling module work.tb_vit_phase_e_m7_overlap_counte...
Built simulation snapshot tb_vit_phase_e_m7_overlap_counters_snapshot

****** xsim v2023.2 (64-bit)
  **** SW Build 4029153 on Fri Oct 13 20:13:54 MDT 2023
  **** IP Build 4028589 on Sat Oct 14 00:45:43 MDT 2023
  **** SharedData Build 4025554 on Tue Oct 10 17:18:54 MDT 2023
    ** Copyright 1986-2022 Xilinx, Inc. All Rights Reserved.
    ** Copyright 2022-2023 Advanced Micro Devices, Inc. All Rights Reserved.

source xsim.dir/tb_vit_phase_e_m7_overlap_counters_snapshot/xsim_script.tcl
# xsim {tb_vit_phase_e_m7_overlap_counters_snapshot} -autoloadwcfg -tclbatch {/tmp/vit_server_xsim.gY0E4B/run_all.tcl}
Time resolution is 1 ps
source /tmp/vit_server_xsim.gY0E4B/run_all.tcl
## run all
M7_OVERLAP_COUNTER_BANK_PASS checks=246
$finish called at time : 1536 ns : File "/home/s23520579/Vivado_project/vit_m8_board_candidate_67c18532_workspace_20260809/vivado_server_307_perf_v1_m8_nongemm_nodsp_2023_2/sim/m7/tb_vit_phase_e_m7_overlap_counters.sv" Line 503
## quit
INFO: [Common 17-206] Exiting xsim at Sun Aug  9 03:23:18 2026...
PASS XSim: tb_vit_phase_e_m7_overlap_counters
Vivado Simulator v2023.2
Copyright 1986-2022 Xilinx, Inc. All Rights Reserved.
Copyright 2022-2023 Advanced Micro Devices, Inc. All Rights Reserved.
Running: /data/tools/Xilinx/Vivado/2023.2/bin/unwrapped/lnx64.o/xelab --debug off --mt 2 --generic_top DUT_EXECUTION_MODE=0 tb_vit_phase_e_axi_e05_compact_rtl -s tb_vit_phase_e_axi_e05_compact_rtl_mode0_snapshot 
Using 2 slave threads.
Starting static elaboration
Pass Through NonSizing Optimizer
Completed static elaboration
Starting simulation data flow analysis
Completed simulation data flow analysis
Time Resolution for simulation is 1ps
Compiling package work.vit_phase_e_pkg
Compiling module work.vit_phase_e_perf_counters
Compiling module work.vit_phase_e_profile_counters_def...
Compiling module work.vit_phase_e_m5_axi_counters
Compiling module work.vit_phase_e_m7_overlap_counters(...
Compiling module work.vit_axi_lite_control_regs
Compiling module work.vit_layer_param_table
Compiling module work.vit_layer_param_loader
Compiling module work.vit_phase_e_sequencer(E04_TOKEN_...
Compiling module work.vit_fp32_mul_comb_nodsp
Compiling module work.vit_fp32_add_comb
Compiling module work.vit_phase_e_command_controller
Compiling module work.vit_phase_e_engine_dispatch(ARRA...
Compiling module work.vit_gemm_activation_panel_cache(...
Compiling module work.vit_gemm_bias_cache_default
Compiling module work.vit_gemm_memory_address_context(...
Compiling module work.vit_phase_e_read_address_router(...
Compiling module work.vit_phase_e_write_address_router...
Compiling module work.vit_phase_e_memory_frontend(ARRA...
Compiling module work.vit_gemm_result_fifo_default
Compiling module work.vit_gemm_operand_router(ARRAY_RO...
Compiling module work.vit_fp32_to_fp16_rne_gradual
Compiling module work.vit_fp16_mul_to_fp32_comb_nodsp
Compiling module work.vit_fp32_product_to_fixed_exact(...
Compiling module work.vit_fixed_analyze(INDEX_WIDTH=7)
Compiling module work.vit_fixed_normalized_to_fp32_rne...
Compiling module work.vit_fp16_dot_stream_csa_nodsp_de...
Compiling module work.vit_gemm_fp16_stream_array(STREA...
Compiling module work.vit_gemm_fp16_parallel_scheduler...
Compiling module work.vit_gemm_dual_mode_array(USE_EXT...
Compiling module work.vit_lane_mask
Compiling module work.vit_vector_engine_fp32(USE_EXTER...
Compiling module work.vit_u32_mul_iterative_nodsp
Compiling module work.vit_layout_descriptor_validator
Compiling module work.vit_layout_address_generator
Compiling module work.vit_layout_engine
Compiling module work.vit_fp32_recip_u32_serial
Compiling module work.vit_layernorm_engine_fp32(USE_EX...
Compiling module work.vit_fp32_compare
Compiling module work.vit_fp32_to_u32_floor_comb
Compiling module work.vit_fp32_from_u32_comb
Compiling module work.vit_fp32_scale_pow2_down_comb
Compiling module work.vit_softmax_engine_fp32(USE_EXTE...
Compiling module work.vit_fp32_gelu_serial(USE_EXTERNA...
Compiling module work.vit_gelu_engine_fp32(USE_EXTERNA...
Compiling module work.vit_argmax_engine_fp32
Compiling module work.vit_phase_e_engine_top(ARRAY_ROW...
Compiling module work.vit_phase_e_npu(ARRAY_ROWS=8,E05...
Compiling module work.vit_phase_e_axi_mem_adapter_defa...
Compiling module work.vit_phase_e_axi_wrapper(ARRAY_RO...
Compiling module work.vit_phase_e_axi_bd_wrapper(E05_P...
Compiling module work.vit_axi_ddr_model_128(SCRATCH_WO...
Compiling module work.tb_vit_phase_e_axi_e05_compact_r...
Built simulation snapshot tb_vit_phase_e_axi_e05_compact_rtl_mode0_snapshot

****** xsim v2023.2 (64-bit)
  **** SW Build 4029153 on Fri Oct 13 20:13:54 MDT 2023
  **** IP Build 4028589 on Sat Oct 14 00:45:43 MDT 2023
  **** SharedData Build 4025554 on Tue Oct 10 17:18:54 MDT 2023
    ** Copyright 1986-2022 Xilinx, Inc. All Rights Reserved.
    ** Copyright 2022-2023 Advanced Micro Devices, Inc. All Rights Reserved.

source xsim.dir/tb_vit_phase_e_axi_e05_compact_rtl_mode0_snapshot/xsim_script.tcl
# xsim {tb_vit_phase_e_axi_e05_compact_rtl_mode0_snapshot} -autoloadwcfg -tclbatch {/tmp/vit_server_xsim.gY0E4B/run_all.tcl}
Time resolution is 1 ps
source /tmp/vit_server_xsim.gY0E4B/run_all.tcl
## run all
VIT_PHASE_E_AXI_E05_COMPACT_RTL_MODE_REJECT_PASS mode=0 checks=36 error=80000003 info=00000000
$finish called at time : 206 ns : File "/home/s23520579/Vivado_project/vit_m8_board_candidate_67c18532_workspace_20260809/vivado_server_307_perf_v1_m8_nongemm_nodsp_2023_2/sim/end_to_end/tb_vit_phase_e_axi_e05_compact_rtl.sv" Line 1182
## quit
INFO: [Common 17-206] Exiting xsim at Sun Aug  9 03:23:33 2026...
PASS XSim compact E05: mode=0
Vivado Simulator v2023.2
Copyright 1986-2022 Xilinx, Inc. All Rights Reserved.
Copyright 2022-2023 Advanced Micro Devices, Inc. All Rights Reserved.
Running: /data/tools/Xilinx/Vivado/2023.2/bin/unwrapped/lnx64.o/xelab --debug off --mt 2 --generic_top DUT_EXECUTION_MODE=1 tb_vit_phase_e_axi_e05_compact_rtl -s tb_vit_phase_e_axi_e05_compact_rtl_mode1_snapshot 
Using 2 slave threads.
Starting static elaboration
Pass Through NonSizing Optimizer
Completed static elaboration
Starting simulation data flow analysis
Completed simulation data flow analysis
Time Resolution for simulation is 1ps
Compiling package work.vit_phase_e_pkg
Compiling module work.vit_phase_e_perf_counters
Compiling module work.vit_phase_e_profile_counters_def...
Compiling module work.vit_phase_e_m5_axi_counters
Compiling module work.vit_phase_e_m7_overlap_counters(...
Compiling module work.vit_axi_lite_control_regs
Compiling module work.vit_layer_param_table
Compiling module work.vit_layer_param_loader
Compiling module work.vit_phase_e_sequencer(E04_TOKEN_...
Compiling module work.vit_fp32_mul_comb_nodsp
Compiling module work.vit_fp32_add_comb
Compiling module work.vit_phase_e_command_controller
Compiling module work.vit_phase_e_engine_dispatch(ARRA...
Compiling module work.vit_gemm_activation_panel_cache(...
Compiling module work.vit_gemm_bias_cache_default
Compiling module work.vit_gemm_memory_address_context(...
Compiling module work.vit_phase_e_read_address_router(...
Compiling module work.vit_phase_e_write_address_router...
Compiling module work.vit_phase_e_memory_frontend(ARRA...
Compiling module work.vit_gemm_result_fifo_default
Compiling module work.vit_gemm_operand_router(ARRAY_RO...
Compiling module work.vit_fp32_to_fp16_rne_gradual
Compiling module work.vit_fp16_mul_to_fp32_comb_nodsp
Compiling module work.vit_fp32_product_to_fixed_exact(...
Compiling module work.vit_fixed_analyze(INDEX_WIDTH=7)
Compiling module work.vit_fixed_normalized_to_fp32_rne...
Compiling module work.vit_fp16_dot_stream_csa_nodsp_de...
Compiling module work.vit_gemm_fp16_stream_array(STREA...
Compiling module work.vit_gemm_fp16_parallel_scheduler...
Compiling module work.vit_gemm_dual_mode_array(USE_EXT...
Compiling module work.vit_lane_mask
Compiling module work.vit_vector_engine_fp32(USE_EXTER...
Compiling module work.vit_u32_mul_iterative_nodsp
Compiling module work.vit_layout_descriptor_validator
Compiling module work.vit_layout_address_generator
Compiling module work.vit_layout_engine
Compiling module work.vit_fp32_recip_u32_serial
Compiling module work.vit_layernorm_engine_fp32(USE_EX...
Compiling module work.vit_fp32_compare
Compiling module work.vit_fp32_to_u32_floor_comb
Compiling module work.vit_fp32_from_u32_comb
Compiling module work.vit_fp32_scale_pow2_down_comb
Compiling module work.vit_softmax_engine_fp32(USE_EXTE...
Compiling module work.vit_fp32_gelu_serial(USE_EXTERNA...
Compiling module work.vit_gelu_engine_fp32(USE_EXTERNA...
Compiling module work.vit_argmax_engine_fp32
Compiling module work.vit_phase_e_engine_top(ARRAY_ROW...
Compiling module work.vit_phase_e_npu(ARRAY_ROWS=8,E05...
Compiling module work.vit_phase_e_axi_mem_adapter_defa...
Compiling module work.vit_phase_e_axi_wrapper(ARRAY_RO...
Compiling module work.vit_phase_e_axi_bd_wrapper(E05_P...
Compiling module work.vit_axi_ddr_model_128(SCRATCH_WO...
Compiling module work.tb_vit_phase_e_axi_e05_compact_r...
Built simulation snapshot tb_vit_phase_e_axi_e05_compact_rtl_mode1_snapshot

****** xsim v2023.2 (64-bit)
  **** SW Build 4029153 on Fri Oct 13 20:13:54 MDT 2023
  **** IP Build 4028589 on Sat Oct 14 00:45:43 MDT 2023
  **** SharedData Build 4025554 on Tue Oct 10 17:18:54 MDT 2023
    ** Copyright 1986-2022 Xilinx, Inc. All Rights Reserved.
    ** Copyright 2022-2023 Advanced Micro Devices, Inc. All Rights Reserved.

source xsim.dir/tb_vit_phase_e_axi_e05_compact_rtl_mode1_snapshot/xsim_script.tcl
# xsim {tb_vit_phase_e_axi_e05_compact_rtl_mode1_snapshot} -autoloadwcfg -tclbatch {/tmp/vit_server_xsim.gY0E4B/run_all.tcl}
Time resolution is 1 ps
source /tmp/vit_server_xsim.gY0E4B/run_all.tcl
## run all
VIT_PHASE_E_AXI_E05_COMPACT_RTL_MODE_REJECT_PASS mode=1 checks=36 error=80000003 info=00000001
$finish called at time : 206 ns : File "/home/s23520579/Vivado_project/vit_m8_board_candidate_67c18532_workspace_20260809/vivado_server_307_perf_v1_m8_nongemm_nodsp_2023_2/sim/end_to_end/tb_vit_phase_e_axi_e05_compact_rtl.sv" Line 1182
## quit
INFO: [Common 17-206] Exiting xsim at Sun Aug  9 03:23:48 2026...
PASS XSim compact E05: mode=1
Vivado Simulator v2023.2
Copyright 1986-2022 Xilinx, Inc. All Rights Reserved.
Copyright 2022-2023 Advanced Micro Devices, Inc. All Rights Reserved.
Running: /data/tools/Xilinx/Vivado/2023.2/bin/unwrapped/lnx64.o/xelab --debug off --mt 2 --generic_top DUT_EXECUTION_MODE=3 tb_vit_phase_e_axi_e05_compact_rtl -s tb_vit_phase_e_axi_e05_compact_rtl_mode3_snapshot 
Using 2 slave threads.
Starting static elaboration
Pass Through NonSizing Optimizer
Completed static elaboration
Starting simulation data flow analysis
Completed simulation data flow analysis
Time Resolution for simulation is 1ps
Compiling package work.vit_phase_e_pkg
Compiling module work.vit_phase_e_perf_counters
Compiling module work.vit_phase_e_profile_counters_def...
Compiling module work.vit_phase_e_m5_axi_counters
Compiling module work.vit_phase_e_m7_overlap_counters(...
Compiling module work.vit_axi_lite_control_regs
Compiling module work.vit_layer_param_table
Compiling module work.vit_layer_param_loader
Compiling module work.vit_phase_e_sequencer(E04_TOKEN_...
Compiling module work.vit_fp32_mul_comb_nodsp
Compiling module work.vit_fp32_add_comb
Compiling module work.vit_phase_e_command_controller
Compiling module work.vit_phase_e_engine_dispatch(ARRA...
Compiling module work.vit_gemm_activation_panel_cache(...
Compiling module work.vit_gemm_bias_cache_default
Compiling module work.vit_gemm_memory_address_context(...
Compiling module work.vit_phase_e_read_address_router(...
Compiling module work.vit_phase_e_write_address_router...
Compiling module work.vit_phase_e_memory_frontend(ARRA...
Compiling module work.vit_gemm_result_fifo_default
Compiling module work.vit_gemm_operand_router(ARRAY_RO...
Compiling module work.vit_fp32_to_fp16_rne_gradual
Compiling module work.vit_fp16_mul_to_fp32_comb_nodsp
Compiling module work.vit_fp32_product_to_fixed_exact(...
Compiling module work.vit_fixed_analyze(INDEX_WIDTH=7)
Compiling module work.vit_fixed_normalized_to_fp32_rne...
Compiling module work.vit_fp16_dot_stream_csa_nodsp_de...
Compiling module work.vit_gemm_fp16_stream_array(STREA...
Compiling module work.vit_gemm_fp16_parallel_scheduler...
Compiling module work.vit_gemm_dual_mode_array(USE_EXT...
Compiling module work.vit_lane_mask
Compiling module work.vit_vector_engine_fp32(USE_EXTER...
Compiling module work.vit_u32_mul_iterative_nodsp
Compiling module work.vit_layout_descriptor_validator
Compiling module work.vit_layout_address_generator
Compiling module work.vit_layout_engine
Compiling module work.vit_fp32_recip_u32_serial
Compiling module work.vit_layernorm_engine_fp32(USE_EX...
Compiling module work.vit_fp32_compare
Compiling module work.vit_fp32_to_u32_floor_comb
Compiling module work.vit_fp32_from_u32_comb
Compiling module work.vit_fp32_scale_pow2_down_comb
Compiling module work.vit_softmax_engine_fp32(USE_EXTE...
Compiling module work.vit_fp32_gelu_serial(USE_EXTERNA...
Compiling module work.vit_gelu_engine_fp32(USE_EXTERNA...
Compiling module work.vit_argmax_engine_fp32
Compiling module work.vit_phase_e_engine_top(ARRAY_ROW...
Compiling module work.vit_phase_e_npu(ARRAY_ROWS=8,E05...
Compiling module work.vit_phase_e_axi_mem_adapter_defa...
Compiling module work.vit_phase_e_axi_wrapper(ARRAY_RO...
Compiling module work.vit_phase_e_axi_bd_wrapper(E05_P...
Compiling module work.vit_axi_ddr_model_128(SCRATCH_WO...
Compiling module work.tb_vit_phase_e_axi_e05_compact_r...
Built simulation snapshot tb_vit_phase_e_axi_e05_compact_rtl_mode3_snapshot

****** xsim v2023.2 (64-bit)
  **** SW Build 4029153 on Fri Oct 13 20:13:54 MDT 2023
  **** IP Build 4028589 on Sat Oct 14 00:45:43 MDT 2023
  **** SharedData Build 4025554 on Tue Oct 10 17:18:54 MDT 2023
    ** Copyright 1986-2022 Xilinx, Inc. All Rights Reserved.
    ** Copyright 2022-2023 Advanced Micro Devices, Inc. All Rights Reserved.

source xsim.dir/tb_vit_phase_e_axi_e05_compact_rtl_mode3_snapshot/xsim_script.tcl
# xsim {tb_vit_phase_e_axi_e05_compact_rtl_mode3_snapshot} -autoloadwcfg -tclbatch {/tmp/vit_server_xsim.gY0E4B/run_all.tcl}
Time resolution is 1 ps
source /tmp/vit_server_xsim.gY0E4B/run_all.tcl
## run all
M5_COMPACT_COUNTERS logical=91403 core_hits=55080 payload_words=35139 ar=15654 rbeats=19551 full=5196 narrow=14355 starts=1299 line_hits=20669 split=0 max_out=1 errors=0 discarded=0
M7_COMPACT_COUNTERS mode=3 terms=184192 disabled=124816 dots=1439 results=1439 feeder_stall=207646 result_bp=156536 load=208821 compute=44609 store=55675 union=271026 lc=0 cs=34047 ls=4032 three=0 commits=1175 claims=1175 releases=1175 empty_wait=145256 full_wait=0 max_panel=1 fifo_enq=1175 fifo_deq=1175 max_fifo=2
M7_COMPACT_ARBITRATION conflict=104726 idle_conflict=1101 queued_compute=34047 deliver_queued=1101
VIT_PHASE_E_AXI_E05_COMPACT_RTL_E2E_PASS mode=3 rows=8 cols=2 checks=2081 cycles=444212 job_cycles=436680 commands=249 blocked_gemm=74 packed_gemm=74 fp16_gemm=98 row_major_gemm=24 packed_tiles=1175 nonpacked_tiles=264 reads=35139 writes=10646 axi_stalls=2886 model_reads=20829 input_reads=32 scratch_reads=14278 cmd_active=435703 logical_reads=91403 cache_hits=55080 valid_mac=59376 tail_mac=124816 class=3 logit=40e00000
$finish called at time : 888424 ns : File "/home/s23520579/Vivado_project/vit_m8_board_candidate_67c18532_workspace_20260809/vivado_server_307_perf_v1_m8_nongemm_nodsp_2023_2/sim/end_to_end/tb_vit_phase_e_axi_e05_compact_rtl.sv" Line 1953
run: Time (s): cpu = 00:00:00.01 ; elapsed = 00:00:23 . Memory (MB): peak = 1234.336 ; gain = 0.000 ; free physical = 229838 ; free virtual = 246646
## quit
INFO: xsimkernel Simulation Memory Usage: 108104 KB (Peak: 164668 KB), Simulation CPU Usage: 23480 ms
INFO: [Common 17-206] Exiting xsim at Sun Aug  9 03:24:26 2026...
PASS XSim compact E05: mode=3
PASS: production AXI/engine/profile/M7 smoke plus compact mode0/mode1 rejection and exact mode3 E05 XSim completed
RUN 20_ooc_synth: scripts/server/20_run_ooc_synth.tcl

****** Vivado v2023.2 (64-bit)
  **** SW Build 4029153 on Fri Oct 13 20:13:54 MDT 2023
  **** IP Build 4028589 on Sat Oct 14 00:45:43 MDT 2023
  **** SharedData Build 4025554 on Tue Oct 10 17:18:54 MDT 2023
    ** Copyright 1986-2022 Xilinx, Inc. All Rights Reserved.
    ** Copyright 2022-2023 Advanced Micro Devices, Inc. All Rights Reserved.

source scripts/server/20_run_ooc_synth.tcl -notrace
INFO: require_bundle_manifest routes to M8 DEVELOPMENT_UNSEALED verification
M8_RECEIPT_CLOSURE_PASS receipts=6 entries=658 sidecars=3 payload_replay=FULL
M8_METADATA_PREFLIGHT_PASS sources=80 ordered=db4e84bbe7b28dcccf4d5e574027be06b5162ae9789e0f2ef0ab2dcfb0fffb7e filelist=88166c76fac96e7f4b59f486a3d5867a94001e6d72014ad7187b5e4de40f3524 ip=0x0001000D abi=v1.13 parent=M7S8 receipts=BOUND full_vivado=PENDING bit_xsa=NOT_GENERATED
M8_DEVELOPMENT_MANIFEST_PASS entries=409
M8_DEVELOPMENT_MANIFEST_SHA256=67c18532e3bb16b24ec6983f99cc54a3ffafb05fe6c02cf0385465c316b31078
M8_DEVELOPMENT_PREFLIGHT_PASS status=DEVELOPMENT_UNSEALED seal=PENDING_M8_SEAL
PASS: M8 DEVELOPMENT_UNSEALED source manifest is valid: /home/s23520579/Vivado_project/vit_m8_board_candidate_67c18532_workspace_20260809/vivado_server_307_perf_v1_m8_nongemm_nodsp_2023_2/M8_DEVELOPMENT_SHA256SUMS.txt
PASS: Vivado version is 2023.2
create_project: Time (s): cpu = 00:00:08 ; elapsed = 00:00:08 . Memory (MB): peak = 1318.117 ; gain = 38.840 ; free physical = 229668 ; free virtual = 246463
INFO: opened temporary in-memory project for catalog checks
INFO: closed temporary in-memory catalog project
PASS: FPGA part, board part and required IP catalog are present
Synthesizing vit_phase_e_axi_bd_wrapper with MAX_DSP=0 FLATTEN_HIERARCHY=none
Command: synth_design -top vit_phase_e_axi_bd_wrapper -part xczu5ev-sfvc784-1-e -mode out_of_context -flatten_hierarchy none -max_dsp 0
Starting synth_design
Attempting to get a license for feature 'Synthesis' and/or device 'xczu5ev'
INFO: [Common 17-349] Got license for feature 'Synthesis' and/or device 'xczu5ev'
INFO: [Vivado_Tcl 4-287] User specified maximum number of block DSP allowed in design is 0
INFO: [Device 21-403] Loading part xczu5ev-sfvc784-1-e
INFO: [Synth 8-7079] Multithreading enabled for synth_design using a maximum of 4 processes.
INFO: [Synth 8-7078] Launching helper process for spawning children vivado processes
INFO: [Synth 8-7075] Helper process launched with PID 1882236
---------------------------------------------------------------------------------
Starting RTL Elaboration : Time (s): cpu = 00:00:04 ; elapsed = 00:00:04 . Memory (MB): peak = 2576.340 ; gain = 285.777 ; free physical = 228112 ; free virtual = 244907
---------------------------------------------------------------------------------
INFO: [Synth 8-6157] synthesizing module 'vit_phase_e_axi_bd_wrapper' [/home/s23520579/Vivado_project/vit_m8_board_candidate_67c18532_workspace_20260809/vivado_server_307_perf_v1_m8_nongemm_nodsp_2023_2/rtl/top/vit_phase_e_axi_bd_wrapper.v:8]
INFO: [Synth 8-6157] synthesizing module 'vit_phase_e_axi_wrapper' [/home/s23520579/Vivado_project/vit_m8_board_candidate_67c18532_workspace_20260809/vivado_server_307_perf_v1_m8_nongemm_nodsp_2023_2/rtl/axi/vit_phase_e_axi_wrapper.sv:25]
	Parameter AXI_ADDR_WIDTH bound to: 40 - type: integer 
	Parameter AXI_ID_WIDTH bound to: 1 - type: integer 
	Parameter ARRAY_ROWS bound to: 8 - type: integer 
	Parameter ARRAY_COLS bound to: 2 - type: integer 
	Parameter PE_LANES bound to: 16 - type: integer 
	Parameter FP16_STREAMS bound to: 8 - type: integer 
	Parameter VECTOR_LANES bound to: 16 - type: integer 
	Parameter E05_PATCH_COUNT bound to: 196 - type: integer 
	Parameter E05_TOKEN_COUNT bound to: 197 - type: integer 
	Parameter E05_HIDDEN_SIZE bound to: 768 - type: integer 
	Parameter E05_HEAD_COUNT bound to: 12 - type: integer 
	Parameter E05_HEAD_SIZE bound to: 64 - type: integer 
	Parameter E05_INTERMEDIATE_SIZE bound to: 3072 - type: integer 
	Parameter E05_CLASS_COUNT bound to: 1000 - type: integer 
	Parameter E05_ENCODER_LAYERS bound to: 4'b1100 
	Parameter E05_ATTN_SCALE_FP32 bound to: 1040187392 - type: integer 
INFO: [Synth 8-6157] synthesizing module 'vit_phase_e_perf_counters' [/home/s23520579/Vivado_project/vit_m8_board_candidate_67c18532_workspace_20260809/vivado_server_307_perf_v1_m8_nongemm_nodsp_2023_2/rtl/axi/control/vit_phase_e_perf_counters.sv:9]
INFO: [Synth 8-6155] done synthesizing module 'vit_phase_e_perf_counters' (0#1) [/home/s23520579/Vivado_project/vit_m8_board_candidate_67c18532_workspace_20260809/vivado_server_307_perf_v1_m8_nongemm_nodsp_2023_2/rtl/axi/control/vit_phase_e_perf_counters.sv:9]
INFO: [Synth 8-6157] synthesizing module 'vit_phase_e_profile_counters' [/home/s23520579/Vivado_project/vit_m8_board_candidate_67c18532_workspace_20260809/vivado_server_307_perf_v1_m8_nongemm_nodsp_2023_2/rtl/axi/control/vit_phase_e_profile_counters.sv:10]
INFO: [Synth 8-6155] done synthesizing module 'vit_phase_e_profile_counters' (0#1) [/home/s23520579/Vivado_project/vit_m8_board_candidate_67c18532_workspace_20260809/vivado_server_307_perf_v1_m8_nongemm_nodsp_2023_2/rtl/axi/control/vit_phase_e_profile_counters.sv:10]
INFO: [Synth 8-6157] synthesizing module 'vit_phase_e_m5_axi_counters' [/home/s23520579/Vivado_project/vit_m8_board_candidate_67c18532_workspace_20260809/vivado_server_307_perf_v1_m8_nongemm_nodsp_2023_2/rtl/axi/control/vit_phase_e_m5_axi_counters.sv:9]
INFO: [Synth 8-6155] done synthesizing module 'vit_phase_e_m5_axi_counters' (0#1) [/home/s23520579/Vivado_project/vit_m8_board_candidate_67c18532_workspace_20260809/vivado_server_307_perf_v1_m8_nongemm_nodsp_2023_2/rtl/axi/control/vit_phase_e_m5_axi_counters.sv:9]
INFO: [Synth 8-6157] synthesizing module 'vit_phase_e_m7_overlap_counters' [/home/s23520579/Vivado_project/vit_m8_board_candidate_67c18532_workspace_20260809/vivado_server_307_perf_v1_m8_nongemm_nodsp_2023_2/rtl/axi/control/vit_phase_e_m7_overlap_counters.sv:8]
	Parameter ARRAY_ROWS bound to: 8 - type: integer 
	Parameter ARRAY_COLS bound to: 2 - type: integer 
	Parameter PE_LANES bound to: 16 - type: integer 
	Parameter STREAMS bound to: 8 - type: integer 
	Parameter OPERAND_BANKS bound to: 2 - type: integer 
	Parameter RESULT_FIFO_DEPTH bound to: 2 - type: integer 
	Parameter GENERATION_BITS bound to: 8 - type: integer 
INFO: [Synth 8-6155] done synthesizing module 'vit_phase_e_m7_overlap_counters' (0#1) [/home/s23520579/Vivado_project/vit_m8_board_candidate_67c18532_workspace_20260809/vivado_server_307_perf_v1_m8_nongemm_nodsp_2023_2/rtl/axi/control/vit_phase_e_m7_overlap_counters.sv:8]
INFO: [Synth 8-6157] synthesizing module 'vit_axi_lite_control_regs' [/home/s23520579/Vivado_project/vit_m8_board_candidate_67c18532_workspace_20260809/vivado_server_307_perf_v1_m8_nongemm_nodsp_2023_2/rtl/axi/control/vit_axi_lite_control_regs.sv:9]
	Parameter AXI_ADDR_WIDTH bound to: 12 - type: integer 
INFO: [Synth 8-6155] done synthesizing module 'vit_axi_lite_control_regs' (0#1) [/home/s23520579/Vivado_project/vit_m8_board_candidate_67c18532_workspace_20260809/vivado_server_307_perf_v1_m8_nongemm_nodsp_2023_2/rtl/axi/control/vit_axi_lite_control_regs.sv:9]
INFO: [Synth 8-6157] synthesizing module 'vit_layer_param_table' [/home/s23520579/Vivado_project/vit_m8_board_candidate_67c18532_workspace_20260809/vivado_server_307_perf_v1_m8_nongemm_nodsp_2023_2/rtl/axi/control/vit_layer_param_table.sv:15]
INFO: [Synth 8-6155] done synthesizing module 'vit_layer_param_table' (0#1) [/home/s23520579/Vivado_project/vit_m8_board_candidate_67c18532_workspace_20260809/vivado_server_307_perf_v1_m8_nongemm_nodsp_2023_2/rtl/axi/control/vit_layer_param_table.sv:15]
INFO: [Synth 8-6157] synthesizing module 'vit_layer_param_loader' [/home/s23520579/Vivado_project/vit_m8_board_candidate_67c18532_workspace_20260809/vivado_server_307_perf_v1_m8_nongemm_nodsp_2023_2/rtl/axi/control/vit_layer_param_loader.sv:10]
INFO: [Synth 8-226] default block is never used [/home/s23520579/Vivado_project/vit_m8_board_candidate_67c18532_workspace_20260809/vivado_server_307_perf_v1_m8_nongemm_nodsp_2023_2/rtl/axi/control/vit_layer_param_loader.sv:56]
INFO: [Synth 8-6155] done synthesizing module 'vit_layer_param_loader' (0#1) [/home/s23520579/Vivado_project/vit_m8_board_candidate_67c18532_workspace_20260809/vivado_server_307_perf_v1_m8_nongemm_nodsp_2023_2/rtl/axi/control/vit_layer_param_loader.sv:10]
INFO: [Synth 8-6157] synthesizing module 'vit_phase_e_npu' [/home/s23520579/Vivado_project/vit_m8_board_candidate_67c18532_workspace_20260809/vivado_server_307_perf_v1_m8_nongemm_nodsp_2023_2/rtl/core/vit_phase_e_npu.sv:6]
	Parameter ARRAY_ROWS bound to: 8 - type: integer 
	Parameter ARRAY_COLS bound to: 2 - type: integer 
	Parameter PE_LANES bound to: 16 - type: integer 
	Parameter FP16_STREAMS bound to: 8 - type: integer 
	Parameter VECTOR_LANES bound to: 16 - type: integer 
	Parameter E05_PATCH_COUNT bound to: 196 - type: integer 
	Parameter E05_TOKEN_COUNT bound to: 197 - type: integer 
	Parameter E05_HIDDEN_SIZE bound to: 768 - type: integer 
	Parameter E05_HEAD_COUNT bound to: 12 - type: integer 
	Parameter E05_HEAD_SIZE bound to: 64 - type: integer 
	Parameter E05_INTERMEDIATE_SIZE bound to: 3072 - type: integer 
	Parameter E05_CLASS_COUNT bound to: 1000 - type: integer 
	Parameter E05_ENCODER_LAYERS bound to: 4'b1100 
	Parameter E05_ATTN_SCALE_FP32 bound to: 1040187392 - type: integer 
INFO: [Synth 8-6157] synthesizing module 'vit_phase_e_sequencer' [/home/s23520579/Vivado_project/vit_m8_board_candidate_67c18532_workspace_20260809/vivado_server_307_perf_v1_m8_nongemm_nodsp_2023_2/rtl/control/vit_phase_e_sequencer.sv:16]
	Parameter E04_TOKEN_COUNT bound to: 197 - type: integer 
	Parameter E04_HIDDEN_SIZE bound to: 768 - type: integer 
	Parameter E04_CLASS_COUNT bound to: 1000 - type: integer 
	Parameter E05_PATCH_COUNT bound to: 196 - type: integer 
	Parameter E05_TOKEN_COUNT bound to: 197 - type: integer 
	Parameter E05_HIDDEN_SIZE bound to: 768 - type: integer 
	Parameter E05_HEAD_COUNT bound to: 12 - type: integer 
	Parameter E05_HEAD_SIZE bound to: 64 - type: integer 
	Parameter E05_INTERMEDIATE_SIZE bound to: 3072 - type: integer 
	Parameter E05_CLASS_COUNT bound to: 1000 - type: integer 
	Parameter E05_ENCODER_LAYERS bound to: 4'b1100 
	Parameter E05_ATTN_SCALE_FP32 bound to: 1040187392 - type: integer 
INFO: [Synth 8-6155] done synthesizing module 'vit_phase_e_sequencer' (0#1) [/home/s23520579/Vivado_project/vit_m8_board_candidate_67c18532_workspace_20260809/vivado_server_307_perf_v1_m8_nongemm_nodsp_2023_2/rtl/control/vit_phase_e_sequencer.sv:16]
INFO: [Synth 8-6157] synthesizing module 'vit_phase_e_engine_top' [/home/s23520579/Vivado_project/vit_m8_board_candidate_67c18532_workspace_20260809/vivado_server_307_perf_v1_m8_nongemm_nodsp_2023_2/rtl/core/vit_phase_e_engine_top.sv:15]
	Parameter ARRAY_ROWS bound to: 8 - type: integer 
	Parameter ARRAY_COLS bound to: 2 - type: integer 
	Parameter PE_LANES bound to: 16 - type: integer 
	Parameter FP16_STREAMS bound to: 8 - type: integer 
	Parameter VECTOR_LANES bound to: 16 - type: integer 
	Parameter SCRATCH_WORDS bound to: 1990656 - type: integer 
	Parameter INPUT_WORDS bound to: 150528 - type: integer 
	Parameter PARAM_WORDS bound to: 2363392 - type: integer 
INFO: [Synth 8-6157] synthesizing module 'vit_fp32_mul_comb_nodsp' [/home/s23520579/Vivado_project/vit_m8_board_candidate_67c18532_workspace_20260809/vivado_server_307_perf_v1_m8_nongemm_nodsp_2023_2/rtl/leaf/fp32/vit_fp32_mul_comb_nodsp.sv:13]
INFO: [Synth 8-6155] done synthesizing module 'vit_fp32_mul_comb_nodsp' (0#1) [/home/s23520579/Vivado_project/vit_m8_board_candidate_67c18532_workspace_20260809/vivado_server_307_perf_v1_m8_nongemm_nodsp_2023_2/rtl/leaf/fp32/vit_fp32_mul_comb_nodsp.sv:13]
INFO: [Synth 8-6157] synthesizing module 'vit_fp32_add_comb' [/home/s23520579/Vivado_project/vit_m8_board_candidate_67c18532_workspace_20260809/vivado_server_307_perf_v1_m8_nongemm_nodsp_2023_2/rtl/leaf/fp32/vit_fp32_add_comb.sv:12]
INFO: [Synth 8-6155] done synthesizing module 'vit_fp32_add_comb' (0#1) [/home/s23520579/Vivado_project/vit_m8_board_candidate_67c18532_workspace_20260809/vivado_server_307_perf_v1_m8_nongemm_nodsp_2023_2/rtl/leaf/fp32/vit_fp32_add_comb.sv:12]
INFO: [Synth 8-6157] synthesizing module 'vit_phase_e_command_controller' [/home/s23520579/Vivado_project/vit_m8_board_candidate_67c18532_workspace_20260809/vivado_server_307_perf_v1_m8_nongemm_nodsp_2023_2/rtl/core/vit_phase_e_command_controller.sv:9]
INFO: [Synth 8-6155] done synthesizing module 'vit_phase_e_command_controller' (0#1) [/home/s23520579/Vivado_project/vit_m8_board_candidate_67c18532_workspace_20260809/vivado_server_307_perf_v1_m8_nongemm_nodsp_2023_2/rtl/core/vit_phase_e_command_controller.sv:9]
INFO: [Synth 8-6157] synthesizing module 'vit_phase_e_engine_dispatch' [/home/s23520579/Vivado_project/vit_m8_board_candidate_67c18532_workspace_20260809/vivado_server_307_perf_v1_m8_nongemm_nodsp_2023_2/rtl/core/vit_phase_e_engine_dispatch.sv:8]
	Parameter ARRAY_ROWS bound to: 8 - type: integer 
	Parameter ARRAY_COLS bound to: 2 - type: integer 
	Parameter PE_LANES bound to: 16 - type: integer 
	Parameter VECTOR_LANES bound to: 16 - type: integer 
INFO: [Synth 8-6155] done synthesizing module 'vit_phase_e_engine_dispatch' (0#1) [/home/s23520579/Vivado_project/vit_m8_board_candidate_67c18532_workspace_20260809/vivado_server_307_perf_v1_m8_nongemm_nodsp_2023_2/rtl/core/vit_phase_e_engine_dispatch.sv:8]
INFO: [Synth 8-6157] synthesizing module 'vit_phase_e_memory_frontend' [/home/s23520579/Vivado_project/vit_m8_board_candidate_67c18532_workspace_20260809/vivado_server_307_perf_v1_m8_nongemm_nodsp_2023_2/rtl/core/vit_phase_e_memory_frontend.sv:9]
	Parameter ARRAY_ROWS bound to: 8 - type: integer 
	Parameter ARRAY_COLS bound to: 2 - type: integer 
	Parameter PE_LANES bound to: 16 - type: integer 
	Parameter VECTOR_LANES bound to: 16 - type: integer 
	Parameter GEMM_A_CACHE_DEPTH_WORDS bound to: 3072 - type: integer 
	Parameter GEMM_BIAS_CACHE_DEPTH_WORDS bound to: 3072 - type: integer 
INFO: [Synth 8-6157] synthesizing module 'vit_gemm_activation_panel_cache' [/home/s23520579/Vivado_project/vit_m8_board_candidate_67c18532_workspace_20260809/vivado_server_307_perf_v1_m8_nongemm_nodsp_2023_2/rtl/blocks/gemm/vit_gemm_activation_panel_cache.sv:11]
	Parameter ARRAY_ROWS bound to: 8 - type: integer 
	Parameter DEPTH_WORDS_PER_ROW bound to: 3072 - type: integer 
INFO: [Synth 8-6155] done synthesizing module 'vit_gemm_activation_panel_cache' (0#1) [/home/s23520579/Vivado_project/vit_m8_board_candidate_67c18532_workspace_20260809/vivado_server_307_perf_v1_m8_nongemm_nodsp_2023_2/rtl/blocks/gemm/vit_gemm_activation_panel_cache.sv:11]
INFO: [Synth 8-6157] synthesizing module 'vit_gemm_bias_cache' [/home/s23520579/Vivado_project/vit_m8_board_candidate_67c18532_workspace_20260809/vivado_server_307_perf_v1_m8_nongemm_nodsp_2023_2/rtl/blocks/gemm/vit_gemm_bias_cache.sv:8]
	Parameter DEPTH_WORDS bound to: 3072 - type: integer 
INFO: [Synth 8-6155] done synthesizing module 'vit_gemm_bias_cache' (0#1) [/home/s23520579/Vivado_project/vit_m8_board_candidate_67c18532_workspace_20260809/vivado_server_307_perf_v1_m8_nongemm_nodsp_2023_2/rtl/blocks/gemm/vit_gemm_bias_cache.sv:8]
INFO: [Synth 8-6157] synthesizing module 'vit_gemm_memory_address_context' [/home/s23520579/Vivado_project/vit_m8_board_candidate_67c18532_workspace_20260809/vivado_server_307_perf_v1_m8_nongemm_nodsp_2023_2/rtl/core/vit_gemm_memory_address_context.sv:10]
	Parameter ARRAY_ROWS bound to: 8 - type: integer 
	Parameter ARRAY_COLS bound to: 2 - type: integer 
	Parameter PE_LANES bound to: 16 - type: integer 
INFO: [Synth 8-6155] done synthesizing module 'vit_gemm_memory_address_context' (0#1) [/home/s23520579/Vivado_project/vit_m8_board_candidate_67c18532_workspace_20260809/vivado_server_307_perf_v1_m8_nongemm_nodsp_2023_2/rtl/core/vit_gemm_memory_address_context.sv:10]
INFO: [Synth 8-6157] synthesizing module 'vit_phase_e_read_address_router' [/home/s23520579/Vivado_project/vit_m8_board_candidate_67c18532_workspace_20260809/vivado_server_307_perf_v1_m8_nongemm_nodsp_2023_2/rtl/core/vit_phase_e_read_address_router.sv:7]
	Parameter ARRAY_ROWS bound to: 8 - type: integer 
	Parameter ARRAY_COLS bound to: 2 - type: integer 
	Parameter PE_LANES bound to: 16 - type: integer 
	Parameter VECTOR_LANES bound to: 16 - type: integer 
INFO: [Synth 8-6155] done synthesizing module 'vit_phase_e_read_address_router' (0#1) [/home/s23520579/Vivado_project/vit_m8_board_candidate_67c18532_workspace_20260809/vivado_server_307_perf_v1_m8_nongemm_nodsp_2023_2/rtl/core/vit_phase_e_read_address_router.sv:7]
INFO: [Synth 8-6157] synthesizing module 'vit_phase_e_write_address_router' [/home/s23520579/Vivado_project/vit_m8_board_candidate_67c18532_workspace_20260809/vivado_server_307_perf_v1_m8_nongemm_nodsp_2023_2/rtl/core/vit_phase_e_write_address_router.sv:6]
	Parameter ARRAY_ROWS bound to: 8 - type: integer 
	Parameter ARRAY_COLS bound to: 2 - type: integer 
	Parameter VECTOR_LANES bound to: 16 - type: integer 
INFO: [Synth 8-6155] done synthesizing module 'vit_phase_e_write_address_router' (0#1) [/home/s23520579/Vivado_project/vit_m8_board_candidate_67c18532_workspace_20260809/vivado_server_307_perf_v1_m8_nongemm_nodsp_2023_2/rtl/core/vit_phase_e_write_address_router.sv:6]
INFO: [Synth 8-6155] done synthesizing module 'vit_phase_e_memory_frontend' (0#1) [/home/s23520579/Vivado_project/vit_m8_board_candidate_67c18532_workspace_20260809/vivado_server_307_perf_v1_m8_nongemm_nodsp_2023_2/rtl/core/vit_phase_e_memory_frontend.sv:9]
INFO: [Synth 8-6157] synthesizing module 'vit_gemm_dual_mode_array' [/home/s23520579/Vivado_project/vit_m8_board_candidate_67c18532_workspace_20260809/vivado_server_307_perf_v1_m8_nongemm_nodsp_2023_2/rtl/blocks/gemm/vit_gemm_dual_mode_array.sv:11]
	Parameter ARRAY_ROWS bound to: 8 - type: integer 
	Parameter ARRAY_COLS bound to: 2 - type: integer 
	Parameter PE_LANES bound to: 16 - type: integer 
	Parameter FP16_STREAMS bound to: 8 - type: integer 
	Parameter USE_EXTERNAL_MUL bound to: 1 - type: integer 
	Parameter USE_EXTERNAL_ADD bound to: 1 - type: integer 
	Parameter INCLUDE_LEGACY_GEMM bound to: 0 - type: integer 
INFO: [Synth 8-6157] synthesizing module 'vit_gemm_fp16_parallel_scheduler' [/home/s23520579/Vivado_project/vit_m8_board_candidate_67c18532_workspace_20260809/vivado_server_307_perf_v1_m8_nongemm_nodsp_2023_2/rtl/blocks/gemm/vit_gemm_fp16_parallel_scheduler.sv:14]
	Parameter ARRAY_ROWS bound to: 8 - type: integer 
	Parameter ARRAY_COLS bound to: 2 - type: integer 
	Parameter PE_LANES bound to: 16 - type: integer 
	Parameter FP16_STREAMS bound to: 8 - type: integer 
INFO: [Synth 8-6157] synthesizing module 'vit_gemm_result_fifo' [/home/s23520579/Vivado_project/vit_m8_board_candidate_67c18532_workspace_20260809/vivado_server_307_perf_v1_m8_nongemm_nodsp_2023_2/rtl/blocks/gemm/vit_gemm_result_fifo.sv:17]
	Parameter ARRAY_ROWS bound to: 8 - type: integer 
	Parameter ARRAY_COLS bound to: 2 - type: integer 
	Parameter GENERATION_BITS bound to: 8 - type: integer 
	Parameter DEPTH bound to: 2 - type: integer 
INFO: [Synth 8-6155] done synthesizing module 'vit_gemm_result_fifo' (0#1) [/home/s23520579/Vivado_project/vit_m8_board_candidate_67c18532_workspace_20260809/vivado_server_307_perf_v1_m8_nongemm_nodsp_2023_2/rtl/blocks/gemm/vit_gemm_result_fifo.sv:17]
INFO: [Synth 8-6157] synthesizing module 'vit_gemm_operand_router' [/home/s23520579/Vivado_project/vit_m8_board_candidate_67c18532_workspace_20260809/vivado_server_307_perf_v1_m8_nongemm_nodsp_2023_2/rtl/blocks/gemm/vit_gemm_operand_router.sv:9]
	Parameter ARRAY_ROWS bound to: 8 - type: integer 
	Parameter ARRAY_COLS bound to: 2 - type: integer 
	Parameter PE_LANES bound to: 16 - type: integer 
INFO: [Synth 8-6155] done synthesizing module 'vit_gemm_operand_router' (0#1) [/home/s23520579/Vivado_project/vit_m8_board_candidate_67c18532_workspace_20260809/vivado_server_307_perf_v1_m8_nongemm_nodsp_2023_2/rtl/blocks/gemm/vit_gemm_operand_router.sv:9]
INFO: [Synth 8-6157] synthesizing module 'vit_gemm_fp16_stream_array' [/home/s23520579/Vivado_project/vit_m8_board_candidate_67c18532_workspace_20260809/vivado_server_307_perf_v1_m8_nongemm_nodsp_2023_2/rtl/blocks/gemm/vit_gemm_fp16_stream_array.sv:19]
	Parameter STREAMS bound to: 8 - type: integer 
	Parameter FLUSH_SUBNORMALS bound to: 0 - type: integer 
INFO: [Synth 8-6157] synthesizing module 'vit_fp32_to_fp16_rne_gradual' [/home/s23520579/Vivado_project/vit_m8_board_candidate_67c18532_workspace_20260809/vivado_server_307_perf_v1_m8_nongemm_nodsp_2023_2/rtl/leaf/fp16/vit_fp32_to_fp16_rne_gradual.sv:10]
INFO: [Synth 8-6155] done synthesizing module 'vit_fp32_to_fp16_rne_gradual' (0#1) [/home/s23520579/Vivado_project/vit_m8_board_candidate_67c18532_workspace_20260809/vivado_server_307_perf_v1_m8_nongemm_nodsp_2023_2/rtl/leaf/fp16/vit_fp32_to_fp16_rne_gradual.sv:10]
INFO: [Synth 8-6157] synthesizing module 'vit_fp16_dot_stream_csa_nodsp' [/home/s23520579/Vivado_project/vit_m8_board_candidate_67c18532_workspace_20260809/vivado_server_307_perf_v1_m8_nongemm_nodsp_2023_2/rtl/leaf/fp16/vit_fp16_dot_stream_csa_nodsp.sv:14]
	Parameter ACC_WIDTH bound to: 93 - type: integer 
	Parameter ACC_LSB bound to: -48 - type: integer 
	Parameter K_MAX_TERMS bound to: 3072 - type: integer 
	Parameter FLUSH_SUBNORMALS bound to: 0 - type: integer 
INFO: [Synth 8-6157] synthesizing module 'vit_fp16_mul_to_fp32_comb_nodsp' [/home/s23520579/Vivado_project/vit_m8_board_candidate_67c18532_workspace_20260809/vivado_server_307_perf_v1_m8_nongemm_nodsp_2023_2/rtl/leaf/fp16/vit_fp16_mul_to_fp32_comb_nodsp.sv:17]
	Parameter FLUSH_SUBNORMALS bound to: 0 - type: integer 
INFO: [Synth 8-6155] done synthesizing module 'vit_fp16_mul_to_fp32_comb_nodsp' (0#1) [/home/s23520579/Vivado_project/vit_m8_board_candidate_67c18532_workspace_20260809/vivado_server_307_perf_v1_m8_nongemm_nodsp_2023_2/rtl/leaf/fp16/vit_fp16_mul_to_fp32_comb_nodsp.sv:17]
INFO: [Synth 8-6157] synthesizing module 'vit_fp32_product_to_fixed_exact' [/home/s23520579/Vivado_project/vit_m8_board_candidate_67c18532_workspace_20260809/vivado_server_307_perf_v1_m8_nongemm_nodsp_2023_2/rtl/leaf/fp16/vit_fp32_product_to_fixed_exact.sv:10]
	Parameter ACC_WIDTH bound to: 93 - type: integer 
	Parameter ACC_LSB bound to: -48 - type: integer 
INFO: [Synth 8-6155] done synthesizing module 'vit_fp32_product_to_fixed_exact' (0#1) [/home/s23520579/Vivado_project/vit_m8_board_candidate_67c18532_workspace_20260809/vivado_server_307_perf_v1_m8_nongemm_nodsp_2023_2/rtl/leaf/fp16/vit_fp32_product_to_fixed_exact.sv:10]
INFO: [Synth 8-6157] synthesizing module 'vit_fixed_analyze' [/home/s23520579/Vivado_project/vit_m8_board_candidate_67c18532_workspace_20260809/vivado_server_307_perf_v1_m8_nongemm_nodsp_2023_2/rtl/leaf/fp16/vit_fixed_analyze.sv:6]
	Parameter ACC_WIDTH bound to: 93 - type: integer 
	Parameter INDEX_WIDTH bound to: 7 - type: integer 
INFO: [Synth 8-6155] done synthesizing module 'vit_fixed_analyze' (0#1) [/home/s23520579/Vivado_project/vit_m8_board_candidate_67c18532_workspace_20260809/vivado_server_307_perf_v1_m8_nongemm_nodsp_2023_2/rtl/leaf/fp16/vit_fixed_analyze.sv:6]
INFO: [Synth 8-6157] synthesizing module 'vit_fixed_normalized_to_fp32_rne' [/home/s23520579/Vivado_project/vit_m8_board_candidate_67c18532_workspace_20260809/vivado_server_307_perf_v1_m8_nongemm_nodsp_2023_2/rtl/leaf/fp16/vit_fixed_normalized_to_fp32_rne.sv:6]
	Parameter ACC_WIDTH bound to: 93 - type: integer 
	Parameter ACC_LSB bound to: -48 - type: integer 
	Parameter INDEX_WIDTH bound to: 7 - type: integer 
INFO: [Synth 8-6155] done synthesizing module 'vit_fixed_normalized_to_fp32_rne' (0#1) [/home/s23520579/Vivado_project/vit_m8_board_candidate_67c18532_workspace_20260809/vivado_server_307_perf_v1_m8_nongemm_nodsp_2023_2/rtl/leaf/fp16/vit_fixed_normalized_to_fp32_rne.sv:6]
INFO: [Synth 8-6155] done synthesizing module 'vit_fp16_dot_stream_csa_nodsp' (0#1) [/home/s23520579/Vivado_project/vit_m8_board_candidate_67c18532_workspace_20260809/vivado_server_307_perf_v1_m8_nongemm_nodsp_2023_2/rtl/leaf/fp16/vit_fp16_dot_stream_csa_nodsp.sv:14]
INFO: [Synth 8-6155] done synthesizing module 'vit_gemm_fp16_stream_array' (0#1) [/home/s23520579/Vivado_project/vit_m8_board_candidate_67c18532_workspace_20260809/vivado_server_307_perf_v1_m8_nongemm_nodsp_2023_2/rtl/blocks/gemm/vit_gemm_fp16_stream_array.sv:19]
INFO: [Synth 8-6155] done synthesizing module 'vit_gemm_fp16_parallel_scheduler' (0#1) [/home/s23520579/Vivado_project/vit_m8_board_candidate_67c18532_workspace_20260809/vivado_server_307_perf_v1_m8_nongemm_nodsp_2023_2/rtl/blocks/gemm/vit_gemm_fp16_parallel_scheduler.sv:14]
INFO: [Synth 8-6155] done synthesizing module 'vit_gemm_dual_mode_array' (0#1) [/home/s23520579/Vivado_project/vit_m8_board_candidate_67c18532_workspace_20260809/vivado_server_307_perf_v1_m8_nongemm_nodsp_2023_2/rtl/blocks/gemm/vit_gemm_dual_mode_array.sv:11]
INFO: [Synth 8-6157] synthesizing module 'vit_vector_engine_fp32' [/home/s23520579/Vivado_project/vit_m8_board_candidate_67c18532_workspace_20260809/vivado_server_307_perf_v1_m8_nongemm_nodsp_2023_2/rtl/blocks/vector/vit_vector_engine_fp32.sv:25]
	Parameter LANES bound to: 16 - type: integer 
	Parameter USE_EXTERNAL_MUL bound to: 1 - type: integer 
	Parameter USE_EXTERNAL_ADD bound to: 1 - type: integer 
INFO: [Synth 8-6157] synthesizing module 'vit_lane_mask' [/home/s23520579/Vivado_project/vit_m8_board_candidate_67c18532_workspace_20260809/vivado_server_307_perf_v1_m8_nongemm_nodsp_2023_2/rtl/leaf/common/vit_lane_mask.sv:4]
	Parameter LANES bound to: 16 - type: integer 
INFO: [Synth 8-6155] done synthesizing module 'vit_lane_mask' (0#1) [/home/s23520579/Vivado_project/vit_m8_board_candidate_67c18532_workspace_20260809/vivado_server_307_perf_v1_m8_nongemm_nodsp_2023_2/rtl/leaf/common/vit_lane_mask.sv:4]
INFO: [Synth 8-6155] done synthesizing module 'vit_vector_engine_fp32' (0#1) [/home/s23520579/Vivado_project/vit_m8_board_candidate_67c18532_workspace_20260809/vivado_server_307_perf_v1_m8_nongemm_nodsp_2023_2/rtl/blocks/vector/vit_vector_engine_fp32.sv:25]
INFO: [Synth 8-6157] synthesizing module 'vit_layout_engine' [/home/s23520579/Vivado_project/vit_m8_board_candidate_67c18532_workspace_20260809/vivado_server_307_perf_v1_m8_nongemm_nodsp_2023_2/rtl/blocks/layout/vit_layout_engine.sv:26]
INFO: [Synth 8-6157] synthesizing module 'vit_layout_descriptor_validator' [/home/s23520579/Vivado_project/vit_m8_board_candidate_67c18532_workspace_20260809/vivado_server_307_perf_v1_m8_nongemm_nodsp_2023_2/rtl/blocks/layout/vit_layout_descriptor_validator.sv:6]
INFO: [Synth 8-6157] synthesizing module 'vit_u32_mul_iterative_nodsp' [/home/s23520579/Vivado_project/vit_m8_board_candidate_67c18532_workspace_20260809/vivado_server_307_perf_v1_m8_nongemm_nodsp_2023_2/rtl/leaf/common/vit_u32_mul_iterative_nodsp.sv:6]
INFO: [Synth 8-6155] done synthesizing module 'vit_u32_mul_iterative_nodsp' (0#1) [/home/s23520579/Vivado_project/vit_m8_board_candidate_67c18532_workspace_20260809/vivado_server_307_perf_v1_m8_nongemm_nodsp_2023_2/rtl/leaf/common/vit_u32_mul_iterative_nodsp.sv:6]
INFO: [Synth 8-6155] done synthesizing module 'vit_layout_descriptor_validator' (0#1) [/home/s23520579/Vivado_project/vit_m8_board_candidate_67c18532_workspace_20260809/vivado_server_307_perf_v1_m8_nongemm_nodsp_2023_2/rtl/blocks/layout/vit_layout_descriptor_validator.sv:6]
INFO: [Synth 8-6157] synthesizing module 'vit_layout_address_generator' [/home/s23520579/Vivado_project/vit_m8_board_candidate_67c18532_workspace_20260809/vivado_server_307_perf_v1_m8_nongemm_nodsp_2023_2/rtl/blocks/layout/vit_layout_address_generator.sv:5]
INFO: [Synth 8-6155] done synthesizing module 'vit_layout_address_generator' (0#1) [/home/s23520579/Vivado_project/vit_m8_board_candidate_67c18532_workspace_20260809/vivado_server_307_perf_v1_m8_nongemm_nodsp_2023_2/rtl/blocks/layout/vit_layout_address_generator.sv:5]
INFO: [Synth 8-6155] done synthesizing module 'vit_layout_engine' (0#1) [/home/s23520579/Vivado_project/vit_m8_board_candidate_67c18532_workspace_20260809/vivado_server_307_perf_v1_m8_nongemm_nodsp_2023_2/rtl/blocks/layout/vit_layout_engine.sv:26]
INFO: [Synth 8-6157] synthesizing module 'vit_layernorm_engine_fp32' [/home/s23520579/Vivado_project/vit_m8_board_candidate_67c18532_workspace_20260809/vivado_server_307_perf_v1_m8_nongemm_nodsp_2023_2/rtl/blocks/layernorm/vit_layernorm_engine_fp32.sv:20]
	Parameter USE_EXTERNAL_MUL bound to: 1 - type: integer 
	Parameter USE_EXTERNAL_ADD bound to: 1 - type: integer 
	Parameter ENABLE_ROW_AFFINE_BUFFER bound to: 1 - type: integer 
	Parameter ROW_AFFINE_BUFFER_DEPTH bound to: 1024 - type: integer 
INFO: [Synth 8-6157] synthesizing module 'vit_fp32_recip_u32_serial' [/home/s23520579/Vivado_project/vit_m8_board_candidate_67c18532_workspace_20260809/vivado_server_307_perf_v1_m8_nongemm_nodsp_2023_2/rtl/leaf/fp32/vit_fp32_recip_u32_serial.sv:8]
INFO: [Synth 8-226] default block is never used [/home/s23520579/Vivado_project/vit_m8_board_candidate_67c18532_workspace_20260809/vivado_server_307_perf_v1_m8_nongemm_nodsp_2023_2/rtl/leaf/fp32/vit_fp32_recip_u32_serial.sv:94]
INFO: [Synth 8-6155] done synthesizing module 'vit_fp32_recip_u32_serial' (0#1) [/home/s23520579/Vivado_project/vit_m8_board_candidate_67c18532_workspace_20260809/vivado_server_307_perf_v1_m8_nongemm_nodsp_2023_2/rtl/leaf/fp32/vit_fp32_recip_u32_serial.sv:8]
INFO: [Synth 8-6155] done synthesizing module 'vit_layernorm_engine_fp32' (0#1) [/home/s23520579/Vivado_project/vit_m8_board_candidate_67c18532_workspace_20260809/vivado_server_307_perf_v1_m8_nongemm_nodsp_2023_2/rtl/blocks/layernorm/vit_layernorm_engine_fp32.sv:20]
INFO: [Synth 8-6157] synthesizing module 'vit_softmax_engine_fp32' [/home/s23520579/Vivado_project/vit_m8_board_candidate_67c18532_workspace_20260809/vivado_server_307_perf_v1_m8_nongemm_nodsp_2023_2/rtl/blocks/softmax/vit_softmax_engine_fp32.sv:21]
	Parameter USE_EXTERNAL_MUL bound to: 1 - type: integer 
	Parameter USE_EXTERNAL_ADD bound to: 1 - type: integer 
	Parameter ENABLE_ROW_EXP_BUFFER bound to: 1 - type: integer 
	Parameter ROW_EXP_BUFFER_DEPTH bound to: 1024 - type: integer 
INFO: [Synth 8-6157] synthesizing module 'vit_fp32_compare' [/home/s23520579/Vivado_project/vit_m8_board_candidate_67c18532_workspace_20260809/vivado_server_307_perf_v1_m8_nongemm_nodsp_2023_2/rtl/leaf/fp32/vit_fp32_compare.sv:7]
INFO: [Synth 8-6155] done synthesizing module 'vit_fp32_compare' (0#1) [/home/s23520579/Vivado_project/vit_m8_board_candidate_67c18532_workspace_20260809/vivado_server_307_perf_v1_m8_nongemm_nodsp_2023_2/rtl/leaf/fp32/vit_fp32_compare.sv:7]
INFO: [Synth 8-6157] synthesizing module 'vit_fp32_to_u32_floor_comb' [/home/s23520579/Vivado_project/vit_m8_board_candidate_67c18532_workspace_20260809/vivado_server_307_perf_v1_m8_nongemm_nodsp_2023_2/rtl/leaf/fp32/vit_fp32_to_u32_floor_comb.sv:5]
INFO: [Synth 8-6155] done synthesizing module 'vit_fp32_to_u32_floor_comb' (0#1) [/home/s23520579/Vivado_project/vit_m8_board_candidate_67c18532_workspace_20260809/vivado_server_307_perf_v1_m8_nongemm_nodsp_2023_2/rtl/leaf/fp32/vit_fp32_to_u32_floor_comb.sv:5]
INFO: [Synth 8-6157] synthesizing module 'vit_fp32_from_u32_comb' [/home/s23520579/Vivado_project/vit_m8_board_candidate_67c18532_workspace_20260809/vivado_server_307_perf_v1_m8_nongemm_nodsp_2023_2/rtl/leaf/fp32/vit_fp32_from_u32_comb.sv:4]
INFO: [Synth 8-6155] done synthesizing module 'vit_fp32_from_u32_comb' (0#1) [/home/s23520579/Vivado_project/vit_m8_board_candidate_67c18532_workspace_20260809/vivado_server_307_perf_v1_m8_nongemm_nodsp_2023_2/rtl/leaf/fp32/vit_fp32_from_u32_comb.sv:4]
INFO: [Synth 8-6157] synthesizing module 'vit_fp32_scale_pow2_down_comb' [/home/s23520579/Vivado_project/vit_m8_board_candidate_67c18532_workspace_20260809/vivado_server_307_perf_v1_m8_nongemm_nodsp_2023_2/rtl/leaf/fp32/vit_fp32_scale_pow2_down_comb.sv:4]
INFO: [Synth 8-6155] done synthesizing module 'vit_fp32_scale_pow2_down_comb' (0#1) [/home/s23520579/Vivado_project/vit_m8_board_candidate_67c18532_workspace_20260809/vivado_server_307_perf_v1_m8_nongemm_nodsp_2023_2/rtl/leaf/fp32/vit_fp32_scale_pow2_down_comb.sv:4]
INFO: [Synth 8-6155] done synthesizing module 'vit_softmax_engine_fp32' (0#1) [/home/s23520579/Vivado_project/vit_m8_board_candidate_67c18532_workspace_20260809/vivado_server_307_perf_v1_m8_nongemm_nodsp_2023_2/rtl/blocks/softmax/vit_softmax_engine_fp32.sv:21]
INFO: [Synth 8-6157] synthesizing module 'vit_gelu_engine_fp32' [/home/s23520579/Vivado_project/vit_m8_board_candidate_67c18532_workspace_20260809/vivado_server_307_perf_v1_m8_nongemm_nodsp_2023_2/rtl/blocks/gelu/vit_gelu_engine_fp32.sv:8]
	Parameter LANES bound to: 16 - type: integer 
	Parameter USE_EXTERNAL_MUL bound to: 1 - type: integer 
	Parameter USE_EXTERNAL_ADD bound to: 1 - type: integer 
INFO: [Synth 8-6157] synthesizing module 'vit_fp32_gelu_serial' [/home/s23520579/Vivado_project/vit_m8_board_candidate_67c18532_workspace_20260809/vivado_server_307_perf_v1_m8_nongemm_nodsp_2023_2/rtl/blocks/gelu/vit_fp32_gelu_serial.sv:9]
	Parameter USE_EXTERNAL_MUL bound to: 1 - type: integer 
	Parameter USE_EXTERNAL_ADD bound to: 1 - type: integer 
INFO: [Synth 8-6155] done synthesizing module 'vit_fp32_gelu_serial' (0#1) [/home/s23520579/Vivado_project/vit_m8_board_candidate_67c18532_workspace_20260809/vivado_server_307_perf_v1_m8_nongemm_nodsp_2023_2/rtl/blocks/gelu/vit_fp32_gelu_serial.sv:9]
INFO: [Synth 8-6155] done synthesizing module 'vit_gelu_engine_fp32' (0#1) [/home/s23520579/Vivado_project/vit_m8_board_candidate_67c18532_workspace_20260809/vivado_server_307_perf_v1_m8_nongemm_nodsp_2023_2/rtl/blocks/gelu/vit_gelu_engine_fp32.sv:8]
INFO: [Synth 8-6157] synthesizing module 'vit_argmax_engine_fp32' [/home/s23520579/Vivado_project/vit_m8_board_candidate_67c18532_workspace_20260809/vivado_server_307_perf_v1_m8_nongemm_nodsp_2023_2/rtl/blocks/argmax/vit_argmax_engine_fp32.sv:7]
INFO: [Synth 8-6155] done synthesizing module 'vit_argmax_engine_fp32' (0#1) [/home/s23520579/Vivado_project/vit_m8_board_candidate_67c18532_workspace_20260809/vivado_server_307_perf_v1_m8_nongemm_nodsp_2023_2/rtl/blocks/argmax/vit_argmax_engine_fp32.sv:7]
INFO: [Synth 8-6155] done synthesizing module 'vit_phase_e_engine_top' (0#1) [/home/s23520579/Vivado_project/vit_m8_board_candidate_67c18532_workspace_20260809/vivado_server_307_perf_v1_m8_nongemm_nodsp_2023_2/rtl/core/vit_phase_e_engine_top.sv:15]
INFO: [Synth 8-6155] done synthesizing module 'vit_phase_e_npu' (0#1) [/home/s23520579/Vivado_project/vit_m8_board_candidate_67c18532_workspace_20260809/vivado_server_307_perf_v1_m8_nongemm_nodsp_2023_2/rtl/core/vit_phase_e_npu.sv:6]
INFO: [Synth 8-6157] synthesizing module 'vit_phase_e_axi_mem_adapter' [/home/s23520579/Vivado_project/vit_m8_board_candidate_67c18532_workspace_20260809/vivado_server_307_perf_v1_m8_nongemm_nodsp_2023_2/rtl/axi/memory/vit_phase_e_axi_mem_adapter.sv:15]
	Parameter AXI_ADDR_WIDTH bound to: 40 - type: integer 
	Parameter AXI_ID_WIDTH bound to: 1 - type: integer 
INFO: [Synth 8-6155] done synthesizing module 'vit_phase_e_axi_mem_adapter' (0#1) [/home/s23520579/Vivado_project/vit_m8_board_candidate_67c18532_workspace_20260809/vivado_server_307_perf_v1_m8_nongemm_nodsp_2023_2/rtl/axi/memory/vit_phase_e_axi_mem_adapter.sv:15]
INFO: [Synth 8-6155] done synthesizing module 'vit_phase_e_axi_wrapper' (0#1) [/home/s23520579/Vivado_project/vit_m8_board_candidate_67c18532_workspace_20260809/vivado_server_307_perf_v1_m8_nongemm_nodsp_2023_2/rtl/axi/vit_phase_e_axi_wrapper.sv:25]
INFO: [Synth 8-6155] done synthesizing module 'vit_phase_e_axi_bd_wrapper' (0#1) [/home/s23520579/Vivado_project/vit_m8_board_candidate_67c18532_workspace_20260809/vivado_server_307_perf_v1_m8_nongemm_nodsp_2023_2/rtl/top/vit_phase_e_axi_bd_wrapper.v:8]
WARNING: [Synth 8-6014] Unused sequential element active_job_reg[first_layer] was removed.  [/home/s23520579/Vivado_project/vit_m8_board_candidate_67c18532_workspace_20260809/vivado_server_307_perf_v1_m8_nongemm_nodsp_2023_2/rtl/control/vit_phase_e_sequencer.sv:971]
WARNING: [Synth 8-3936] Found unconnected internal register 'normalized_quotient_reg' and it is trimmed from '64' to '23' bits. [/home/s23520579/Vivado_project/vit_m8_board_candidate_67c18532_workspace_20260809/vivado_server_307_perf_v1_m8_nongemm_nodsp_2023_2/rtl/leaf/fp32/vit_fp32_recip_u32_serial.sv:73]
WARNING: [Synth 8-3936] Found unconnected internal register 'profile_command_reg[route][reserved]' and it is trimmed from '8' to '5' bits. [/home/s23520579/Vivado_project/vit_m8_board_candidate_67c18532_workspace_20260809/vivado_server_307_perf_v1_m8_nongemm_nodsp_2023_2/rtl/core/vit_phase_e_engine_top.sv:339]
WARNING: [Synth 8-6014] Unused sequential element adapter_sequential.line_word_reg was removed.  [/home/s23520579/Vivado_project/vit_m8_board_candidate_67c18532_workspace_20260809/vivado_server_307_perf_v1_m8_nongemm_nodsp_2023_2/rtl/axi/memory/vit_phase_e_axi_mem_adapter.sv:660]
WARNING: [Synth 8-6014] Unused sequential element adapter_sequential.request_lane_reg was removed.  [/home/s23520579/Vivado_project/vit_m8_board_candidate_67c18532_workspace_20260809/vivado_server_307_perf_v1_m8_nongemm_nodsp_2023_2/rtl/axi/memory/vit_phase_e_axi_mem_adapter.sv:756]
WARNING: [Synth 8-6014] Unused sequential element adapter_sequential.final_fill_error_reg was removed.  [/home/s23520579/Vivado_project/vit_m8_board_candidate_67c18532_workspace_20260809/vivado_server_307_perf_v1_m8_nongemm_nodsp_2023_2/rtl/axi/memory/vit_phase_e_axi_mem_adapter.sv:869]
WARNING: [Synth 8-3936] Found unconnected internal register 'planned_second_address_wide_reg' and it is trimmed from '65' to '40' bits. [/home/s23520579/Vivado_project/vit_m8_board_candidate_67c18532_workspace_20260809/vivado_server_307_perf_v1_m8_nongemm_nodsp_2023_2/rtl/axi/memory/vit_phase_e_axi_mem_adapter.sv:384]
WARNING: [Synth 8-3936] Found unconnected internal register 'line_hit_delta_reg' and it is trimmed from '32' to '5' bits. [/home/s23520579/Vivado_project/vit_m8_board_candidate_67c18532_workspace_20260809/vivado_server_307_perf_v1_m8_nongemm_nodsp_2023_2/rtl/axi/memory/vit_phase_e_axi_mem_adapter.sv:430]
WARNING: [Synth 8-7129] Port external_mul_result[31] in module vit_gemm_dual_mode_array is either unconnected or has no load
WARNING: [Synth 8-7129] Port external_mul_result[30] in module vit_gemm_dual_mode_array is either unconnected or has no load
WARNING: [Synth 8-7129] Port external_mul_result[29] in module vit_gemm_dual_mode_array is either unconnected or has no load
WARNING: [Synth 8-7129] Port external_mul_result[28] in module vit_gemm_dual_mode_array is either unconnected or has no load
WARNING: [Synth 8-7129] Port external_mul_result[27] in module vit_gemm_dual_mode_array is either unconnected or has no load
WARNING: [Synth 8-7129] Port external_mul_result[26] in module vit_gemm_dual_mode_array is either unconnected or has no load
WARNING: [Synth 8-7129] Port external_mul_result[25] in module vit_gemm_dual_mode_array is either unconnected or has no load
WARNING: [Synth 8-7129] Port external_mul_result[24] in module vit_gemm_dual_mode_array is either unconnected or has no load
WARNING: [Synth 8-7129] Port external_mul_result[23] in module vit_gemm_dual_mode_array is either unconnected or has no load
WARNING: [Synth 8-7129] Port external_mul_result[22] in module vit_gemm_dual_mode_array is either unconnected or has no load
WARNING: [Synth 8-7129] Port external_mul_result[21] in module vit_gemm_dual_mode_array is either unconnected or has no load
WARNING: [Synth 8-7129] Port external_mul_result[20] in module vit_gemm_dual_mode_array is either unconnected or has no load
WARNING: [Synth 8-7129] Port external_mul_result[19] in module vit_gemm_dual_mode_array is either unconnected or has no load
WARNING: [Synth 8-7129] Port external_mul_result[18] in module vit_gemm_dual_mode_array is either unconnected or has no load
WARNING: [Synth 8-7129] Port external_mul_result[17] in module vit_gemm_dual_mode_array is either unconnected or has no load
WARNING: [Synth 8-7129] Port external_mul_result[16] in module vit_gemm_dual_mode_array is either unconnected or has no load
WARNING: [Synth 8-7129] Port external_mul_result[15] in module vit_gemm_dual_mode_array is either unconnected or has no load
WARNING: [Synth 8-7129] Port external_mul_result[14] in module vit_gemm_dual_mode_array is either unconnected or has no load
WARNING: [Synth 8-7129] Port external_mul_result[13] in module vit_gemm_dual_mode_array is either unconnected or has no load
WARNING: [Synth 8-7129] Port external_mul_result[12] in module vit_gemm_dual_mode_array is either unconnected or has no load
WARNING: [Synth 8-7129] Port external_mul_result[11] in module vit_gemm_dual_mode_array is either unconnected or has no load
WARNING: [Synth 8-7129] Port external_mul_result[10] in module vit_gemm_dual_mode_array is either unconnected or has no load
WARNING: [Synth 8-7129] Port external_mul_result[9] in module vit_gemm_dual_mode_array is either unconnected or has no load
WARNING: [Synth 8-7129] Port external_mul_result[8] in module vit_gemm_dual_mode_array is either unconnected or has no load
WARNING: [Synth 8-7129] Port external_mul_result[7] in module vit_gemm_dual_mode_array is either unconnected or has no load
WARNING: [Synth 8-7129] Port external_mul_result[6] in module vit_gemm_dual_mode_array is either unconnected or has no load
WARNING: [Synth 8-7129] Port external_mul_result[5] in module vit_gemm_dual_mode_array is either unconnected or has no load
WARNING: [Synth 8-7129] Port external_mul_result[4] in module vit_gemm_dual_mode_array is either unconnected or has no load
WARNING: [Synth 8-7129] Port external_mul_result[3] in module vit_gemm_dual_mode_array is either unconnected or has no load
WARNING: [Synth 8-7129] Port external_mul_result[2] in module vit_gemm_dual_mode_array is either unconnected or has no load
WARNING: [Synth 8-7129] Port external_mul_result[1] in module vit_gemm_dual_mode_array is either unconnected or has no load
WARNING: [Synth 8-7129] Port external_mul_result[0] in module vit_gemm_dual_mode_array is either unconnected or has no load
WARNING: [Synth 8-7129] Port external_add_result[31] in module vit_gemm_dual_mode_array is either unconnected or has no load
WARNING: [Synth 8-7129] Port external_add_result[30] in module vit_gemm_dual_mode_array is either unconnected or has no load
WARNING: [Synth 8-7129] Port external_add_result[29] in module vit_gemm_dual_mode_array is either unconnected or has no load
WARNING: [Synth 8-7129] Port external_add_result[28] in module vit_gemm_dual_mode_array is either unconnected or has no load
WARNING: [Synth 8-7129] Port external_add_result[27] in module vit_gemm_dual_mode_array is either unconnected or has no load
WARNING: [Synth 8-7129] Port external_add_result[26] in module vit_gemm_dual_mode_array is either unconnected or has no load
WARNING: [Synth 8-7129] Port external_add_result[25] in module vit_gemm_dual_mode_array is either unconnected or has no load
WARNING: [Synth 8-7129] Port external_add_result[24] in module vit_gemm_dual_mode_array is either unconnected or has no load
WARNING: [Synth 8-7129] Port external_add_result[23] in module vit_gemm_dual_mode_array is either unconnected or has no load
WARNING: [Synth 8-7129] Port external_add_result[22] in module vit_gemm_dual_mode_array is either unconnected or has no load
WARNING: [Synth 8-7129] Port external_add_result[21] in module vit_gemm_dual_mode_array is either unconnected or has no load
WARNING: [Synth 8-7129] Port external_add_result[20] in module vit_gemm_dual_mode_array is either unconnected or has no load
WARNING: [Synth 8-7129] Port external_add_result[19] in module vit_gemm_dual_mode_array is either unconnected or has no load
WARNING: [Synth 8-7129] Port external_add_result[18] in module vit_gemm_dual_mode_array is either unconnected or has no load
WARNING: [Synth 8-7129] Port external_add_result[17] in module vit_gemm_dual_mode_array is either unconnected or has no load
WARNING: [Synth 8-7129] Port external_add_result[16] in module vit_gemm_dual_mode_array is either unconnected or has no load
WARNING: [Synth 8-7129] Port external_add_result[15] in module vit_gemm_dual_mode_array is either unconnected or has no load
WARNING: [Synth 8-7129] Port external_add_result[14] in module vit_gemm_dual_mode_array is either unconnected or has no load
WARNING: [Synth 8-7129] Port external_add_result[13] in module vit_gemm_dual_mode_array is either unconnected or has no load
WARNING: [Synth 8-7129] Port external_add_result[12] in module vit_gemm_dual_mode_array is either unconnected or has no load
WARNING: [Synth 8-7129] Port external_add_result[11] in module vit_gemm_dual_mode_array is either unconnected or has no load
WARNING: [Synth 8-7129] Port external_add_result[10] in module vit_gemm_dual_mode_array is either unconnected or has no load
WARNING: [Synth 8-7129] Port external_add_result[9] in module vit_gemm_dual_mode_array is either unconnected or has no load
WARNING: [Synth 8-7129] Port external_add_result[8] in module vit_gemm_dual_mode_array is either unconnected or has no load
WARNING: [Synth 8-7129] Port external_add_result[7] in module vit_gemm_dual_mode_array is either unconnected or has no load
WARNING: [Synth 8-7129] Port external_add_result[6] in module vit_gemm_dual_mode_array is either unconnected or has no load
WARNING: [Synth 8-7129] Port external_add_result[5] in module vit_gemm_dual_mode_array is either unconnected or has no load
WARNING: [Synth 8-7129] Port external_add_result[4] in module vit_gemm_dual_mode_array is either unconnected or has no load
WARNING: [Synth 8-7129] Port external_add_result[3] in module vit_gemm_dual_mode_array is either unconnected or has no load
WARNING: [Synth 8-7129] Port external_add_result[2] in module vit_gemm_dual_mode_array is either unconnected or has no load
WARNING: [Synth 8-7129] Port external_add_result[1] in module vit_gemm_dual_mode_array is either unconnected or has no load
WARNING: [Synth 8-7129] Port external_add_result[0] in module vit_gemm_dual_mode_array is either unconnected or has no load
WARNING: [Synth 8-7129] Port active_cmd[stride4][31] in module vit_phase_e_write_address_router is either unconnected or has no load
WARNING: [Synth 8-7129] Port active_cmd[stride4][30] in module vit_phase_e_write_address_router is either unconnected or has no load
WARNING: [Synth 8-7129] Port active_cmd[stride4][29] in module vit_phase_e_write_address_router is either unconnected or has no load
WARNING: [Synth 8-7129] Port active_cmd[stride4][28] in module vit_phase_e_write_address_router is either unconnected or has no load
WARNING: [Synth 8-7129] Port active_cmd[stride4][27] in module vit_phase_e_write_address_router is either unconnected or has no load
WARNING: [Synth 8-7129] Port active_cmd[stride4][26] in module vit_phase_e_write_address_router is either unconnected or has no load
WARNING: [Synth 8-7129] Port active_cmd[stride4][25] in module vit_phase_e_write_address_router is either unconnected or has no load
WARNING: [Synth 8-7129] Port active_cmd[stride4][24] in module vit_phase_e_write_address_router is either unconnected or has no load
WARNING: [Synth 8-7129] Port active_cmd[stride4][23] in module vit_phase_e_write_address_router is either unconnected or has no load
WARNING: [Synth 8-7129] Port active_cmd[stride4][22] in module vit_phase_e_write_address_router is either unconnected or has no load
WARNING: [Synth 8-7129] Port active_cmd[stride4][21] in module vit_phase_e_write_address_router is either unconnected or has no load
WARNING: [Synth 8-7129] Port active_cmd[stride4][20] in module vit_phase_e_write_address_router is either unconnected or has no load
WARNING: [Synth 8-7129] Port active_cmd[stride4][19] in module vit_phase_e_write_address_router is either unconnected or has no load
WARNING: [Synth 8-7129] Port active_cmd[stride4][18] in module vit_phase_e_write_address_router is either unconnected or has no load
WARNING: [Synth 8-7129] Port active_cmd[stride4][17] in module vit_phase_e_write_address_router is either unconnected or has no load
WARNING: [Synth 8-7129] Port active_cmd[stride4][16] in module vit_phase_e_write_address_router is either unconnected or has no load
WARNING: [Synth 8-7129] Port active_cmd[stride4][15] in module vit_phase_e_write_address_router is either unconnected or has no load
WARNING: [Synth 8-7129] Port active_cmd[stride4][14] in module vit_phase_e_write_address_router is either unconnected or has no load
WARNING: [Synth 8-7129] Port active_cmd[stride4][13] in module vit_phase_e_write_address_router is either unconnected or has no load
WARNING: [Synth 8-7129] Port active_cmd[stride4][12] in module vit_phase_e_write_address_router is either unconnected or has no load
WARNING: [Synth 8-7129] Port active_cmd[stride4][11] in module vit_phase_e_write_address_router is either unconnected or has no load
WARNING: [Synth 8-7129] Port active_cmd[stride4][10] in module vit_phase_e_write_address_router is either unconnected or has no load
WARNING: [Synth 8-7129] Port active_cmd[stride4][9] in module vit_phase_e_write_address_router is either unconnected or has no load
WARNING: [Synth 8-7129] Port active_cmd[stride4][8] in module vit_phase_e_write_address_router is either unconnected or has no load
WARNING: [Synth 8-7129] Port active_cmd[stride4][7] in module vit_phase_e_write_address_router is either unconnected or has no load
WARNING: [Synth 8-7129] Port active_cmd[stride4][6] in module vit_phase_e_write_address_router is either unconnected or has no load
WARNING: [Synth 8-7129] Port active_cmd[stride4][5] in module vit_phase_e_write_address_router is either unconnected or has no load
WARNING: [Synth 8-7129] Port active_cmd[stride4][4] in module vit_phase_e_write_address_router is either unconnected or has no load
WARNING: [Synth 8-7129] Port active_cmd[stride4][3] in module vit_phase_e_write_address_router is either unconnected or has no load
WARNING: [Synth 8-7129] Port active_cmd[stride4][2] in module vit_phase_e_write_address_router is either unconnected or has no load
WARNING: [Synth 8-7129] Port active_cmd[stride4][1] in module vit_phase_e_write_address_router is either unconnected or has no load
WARNING: [Synth 8-7129] Port active_cmd[stride4][0] in module vit_phase_e_write_address_router is either unconnected or has no load
WARNING: [Synth 8-7129] Port active_cmd[stride3][31] in module vit_phase_e_write_address_router is either unconnected or has no load
WARNING: [Synth 8-7129] Port active_cmd[stride3][30] in module vit_phase_e_write_address_router is either unconnected or has no load
WARNING: [Synth 8-7129] Port active_cmd[stride3][29] in module vit_phase_e_write_address_router is either unconnected or has no load
WARNING: [Synth 8-7129] Port active_cmd[stride3][28] in module vit_phase_e_write_address_router is either unconnected or has no load
INFO: [Common 17-14] Message 'Synth 8-7129' appears 100 times and further instances of the messages will be disabled. Use the Tcl command set_msg_config to change the current settings.
---------------------------------------------------------------------------------
Finished RTL Elaboration : Time (s): cpu = 00:00:12 ; elapsed = 00:00:12 . Memory (MB): peak = 2957.637 ; gain = 667.074 ; free physical = 227674 ; free virtual = 244476
---------------------------------------------------------------------------------
---------------------------------------------------------------------------------
Start Handling Custom Attributes
---------------------------------------------------------------------------------
---------------------------------------------------------------------------------
Finished Handling Custom Attributes : Time (s): cpu = 00:00:12 ; elapsed = 00:00:13 . Memory (MB): peak = 2957.637 ; gain = 667.074 ; free physical = 227674 ; free virtual = 244476
---------------------------------------------------------------------------------
---------------------------------------------------------------------------------
Finished RTL Optimization Phase 1 : Time (s): cpu = 00:00:12 ; elapsed = 00:00:13 . Memory (MB): peak = 2957.637 ; gain = 667.074 ; free physical = 227674 ; free virtual = 244476
---------------------------------------------------------------------------------
Netlist sorting complete. Time (s): cpu = 00:00:02 ; elapsed = 00:00:02 . Memory (MB): peak = 2969.637 ; gain = 0.000 ; free physical = 227668 ; free virtual = 244470
INFO: [Project 1-570] Preparing netlist for logic optimization

Processing XDC Constraints
Initializing timing engine
Parsing XDC File [/home/s23520579/Vivado_project/vit_m8_board_candidate_67c18532_workspace_20260809/vivado_server_307_perf_v1_m8_nongemm_nodsp_2023_2/scripts/vivado/standalone_axi_50mhz.xdc]
Finished Parsing XDC File [/home/s23520579/Vivado_project/vit_m8_board_candidate_67c18532_workspace_20260809/vivado_server_307_perf_v1_m8_nongemm_nodsp_2023_2/scripts/vivado/standalone_axi_50mhz.xdc]
INFO: [Project 1-236] Implementation specific constraints were found while reading constraint file [/home/s23520579/Vivado_project/vit_m8_board_candidate_67c18532_workspace_20260809/vivado_server_307_perf_v1_m8_nongemm_nodsp_2023_2/scripts/vivado/standalone_axi_50mhz.xdc]. These constraints will be ignored for synthesis but will be used in implementation. Impacted constraints are listed in the file [.Xil/vit_phase_e_axi_bd_wrapper_propImpl.xdc].
Resolution: To avoid this warning, move constraints listed in [.Xil/vit_phase_e_axi_bd_wrapper_propImpl.xdc] to another XDC file and exclude this new file from synthesis with the used_in_synthesis property (File Properties dialog in GUI) and re-run elaboration/synthesis.
Parsing XDC File [/home/s23520579/Vivado_project/vit_m8_board_candidate_67c18532_workspace_20260809/vivado_server_307_perf_v1_m8_nongemm_nodsp_2023_2/scripts/vivado/no_dsp.xdc]
Finished Parsing XDC File [/home/s23520579/Vivado_project/vit_m8_board_candidate_67c18532_workspace_20260809/vivado_server_307_perf_v1_m8_nongemm_nodsp_2023_2/scripts/vivado/no_dsp.xdc]
Completed Processing XDC Constraints

Netlist sorting complete. Time (s): cpu = 00:00:00.02 ; elapsed = 00:00:00.02 . Memory (MB): peak = 3582.652 ; gain = 0.000 ; free physical = 227189 ; free virtual = 243991
INFO: [Project 1-111] Unisim Transformation Summary:
No Unisim elements were transformed.

Constraint Validation Runtime : Time (s): cpu = 00:00:00.27 ; elapsed = 00:00:00.28 . Memory (MB): peak = 3582.688 ; gain = 0.000 ; free physical = 227189 ; free virtual = 243991
---------------------------------------------------------------------------------
Finished Constraint Validation : Time (s): cpu = 00:00:45 ; elapsed = 00:00:41 . Memory (MB): peak = 3582.688 ; gain = 1292.125 ; free physical = 227155 ; free virtual = 243957
---------------------------------------------------------------------------------
---------------------------------------------------------------------------------
Start Loading Part and Timing Information
---------------------------------------------------------------------------------
INFO: [Synth 8-802] inferred FSM for state register 'state_reg' in module 'vit_gemm_fp16_stream_array'
INFO: [Synth 8-802] inferred FSM for state register 'state_reg' in module 'vit_gemm_fp16_parallel_scheduler'
INFO: [Synth 8-802] inferred FSM for state register 'state_reg' in module 'vit_layout_descriptor_validator'
INFO: [Synth 8-802] inferred FSM for state register 'state_reg' in module 'vit_layout_engine'
INFO: [Synth 8-802] inferred FSM for state register 'state_reg' in module 'vit_fp32_recip_u32_serial'
INFO: [Synth 8-802] inferred FSM for state register 'state_reg' in module 'vit_fp32_gelu_serial'
INFO: [Synth 8-802] inferred FSM for state register 'state_reg' in module 'vit_argmax_engine_fp32'
---------------------------------------------------------------------------------------------------
                   State |                     New Encoding |                Previous Encoding 
---------------------------------------------------------------------------------------------------
               LOAD_IDLE |                               00 |                               00
                LOAD_RUN |                               01 |                               01
           LOAD_RESPONSE |                               10 |                               10
       LOAD_WAIT_RELEASE |                               11 |                               11
---------------------------------------------------------------------------------------------------
INFO: [Synth 8-3354] encoded FSM with state register 'state_reg' using encoding 'sequential' in module 'vit_layer_param_loader'
---------------------------------------------------------------------------------------------------
                   State |                     New Encoding |                Previous Encoding 
---------------------------------------------------------------------------------------------------
                SEQ_IDLE |                              001 |                              000
          SEQ_LOAD_LAYER |                              100 |                              001
               SEQ_ISSUE |                              011 |                              010
        SEQ_WAIT_COMMAND |                              110 |                              011
          SEQ_CHECKPOINT |                              101 |                              100
             SEQ_ADVANCE |                              010 |                              101
                SEQ_DONE |                              000 |                              110
---------------------------------------------------------------------------------------------------
INFO: [Synth 8-3354] encoded FSM with state register 'state_reg' using encoding 'sequential' in module 'vit_phase_e_sequencer'
---------------------------------------------------------------------------------------------------
                   State |                     New Encoding |                Previous Encoding 
---------------------------------------------------------------------------------------------------
              STATE_IDLE |                              001 |                              000
    STATE_WAIT_PARAMETER |                              100 |                              001
            STATE_LAUNCH |                              011 |                              010
           STATE_EXECUTE |                              010 |                              011
            STATE_REPORT |                              000 |                              100
---------------------------------------------------------------------------------------------------
INFO: [Synth 8-3354] encoded FSM with state register 'state_reg' using encoding 'sequential' in module 'vit_phase_e_command_controller'
INFO: [Synth 8-5555] Implemented Block Ram Cascade chain of height 2 and width 18 for RAM "vit_gemm_activation_panel_cache:/gen_row_bank[7].row_memory_reg"
INFO: [Synth 8-7030] Implemented Non-Cascaded Block Ram (cascade_height = 1) of width 9 for RAM "vit_gemm_activation_panel_cache:/gen_row_bank[7].row_memory_reg"
INFO: [Synth 8-7030] Implemented Non-Cascaded Block Ram (cascade_height = 1) of width 5 for RAM "vit_gemm_activation_panel_cache:/gen_row_bank[7].row_memory_reg"
INFO: [Synth 8-5555] Implemented Block Ram Cascade chain of height 2 and width 18 for RAM "vit_gemm_activation_panel_cache:/gen_row_bank[6].row_memory_reg"
INFO: [Synth 8-7030] Implemented Non-Cascaded Block Ram (cascade_height = 1) of width 9 for RAM "vit_gemm_activation_panel_cache:/gen_row_bank[6].row_memory_reg"
INFO: [Synth 8-7030] Implemented Non-Cascaded Block Ram (cascade_height = 1) of width 5 for RAM "vit_gemm_activation_panel_cache:/gen_row_bank[6].row_memory_reg"
INFO: [Synth 8-5555] Implemented Block Ram Cascade chain of height 2 and width 18 for RAM "vit_gemm_activation_panel_cache:/gen_row_bank[5].row_memory_reg"
INFO: [Synth 8-7030] Implemented Non-Cascaded Block Ram (cascade_height = 1) of width 9 for RAM "vit_gemm_activation_panel_cache:/gen_row_bank[5].row_memory_reg"
INFO: [Synth 8-7030] Implemented Non-Cascaded Block Ram (cascade_height = 1) of width 5 for RAM "vit_gemm_activation_panel_cache:/gen_row_bank[5].row_memory_reg"
INFO: [Synth 8-5555] Implemented Block Ram Cascade chain of height 2 and width 18 for RAM "vit_gemm_activation_panel_cache:/gen_row_bank[4].row_memory_reg"
INFO: [Synth 8-7030] Implemented Non-Cascaded Block Ram (cascade_height = 1) of width 9 for RAM "vit_gemm_activation_panel_cache:/gen_row_bank[4].row_memory_reg"
INFO: [Synth 8-7030] Implemented Non-Cascaded Block Ram (cascade_height = 1) of width 5 for RAM "vit_gemm_activation_panel_cache:/gen_row_bank[4].row_memory_reg"
INFO: [Synth 8-5555] Implemented Block Ram Cascade chain of height 2 and width 18 for RAM "vit_gemm_activation_panel_cache:/gen_row_bank[3].row_memory_reg"
INFO: [Synth 8-7030] Implemented Non-Cascaded Block Ram (cascade_height = 1) of width 9 for RAM "vit_gemm_activation_panel_cache:/gen_row_bank[3].row_memory_reg"
INFO: [Synth 8-7030] Implemented Non-Cascaded Block Ram (cascade_height = 1) of width 5 for RAM "vit_gemm_activation_panel_cache:/gen_row_bank[3].row_memory_reg"
INFO: [Synth 8-5555] Implemented Block Ram Cascade chain of height 2 and width 18 for RAM "vit_gemm_activation_panel_cache:/gen_row_bank[2].row_memory_reg"
INFO: [Synth 8-7030] Implemented Non-Cascaded Block Ram (cascade_height = 1) of width 9 for RAM "vit_gemm_activation_panel_cache:/gen_row_bank[2].row_memory_reg"
INFO: [Synth 8-7030] Implemented Non-Cascaded Block Ram (cascade_height = 1) of width 5 for RAM "vit_gemm_activation_panel_cache:/gen_row_bank[2].row_memory_reg"
INFO: [Synth 8-5555] Implemented Block Ram Cascade chain of height 2 and width 18 for RAM "vit_gemm_activation_panel_cache:/gen_row_bank[1].row_memory_reg"
INFO: [Synth 8-7030] Implemented Non-Cascaded Block Ram (cascade_height = 1) of width 9 for RAM "vit_gemm_activation_panel_cache:/gen_row_bank[1].row_memory_reg"
INFO: [Synth 8-7030] Implemented Non-Cascaded Block Ram (cascade_height = 1) of width 5 for RAM "vit_gemm_activation_panel_cache:/gen_row_bank[1].row_memory_reg"
INFO: [Synth 8-5555] Implemented Block Ram Cascade chain of height 2 and width 18 for RAM "vit_gemm_activation_panel_cache:/gen_row_bank[0].row_memory_reg"
INFO: [Synth 8-7030] Implemented Non-Cascaded Block Ram (cascade_height = 1) of width 9 for RAM "vit_gemm_activation_panel_cache:/gen_row_bank[0].row_memory_reg"
INFO: [Synth 8-7030] Implemented Non-Cascaded Block Ram (cascade_height = 1) of width 5 for RAM "vit_gemm_activation_panel_cache:/gen_row_bank[0].row_memory_reg"
INFO: [Synth 8-5555] Implemented Block Ram Cascade chain of height 2 and width 18 for RAM "vit_gemm_bias_cache:/bias_memory_reg"
INFO: [Synth 8-7030] Implemented Non-Cascaded Block Ram (cascade_height = 1) of width 9 for RAM "vit_gemm_bias_cache:/bias_memory_reg"
INFO: [Synth 8-7030] Implemented Non-Cascaded Block Ram (cascade_height = 1) of width 5 for RAM "vit_gemm_bias_cache:/bias_memory_reg"
INFO: [Synth 8-6904] The RAM "vit_gemm_result_fifo:/entry_memory_reg" of size (depth=2 x width=692) is automatically implemented using LUTRAM. BRAM implementation would be inefficient 
---------------------------------------------------------------------------------------------------
                   State |                     New Encoding |                Previous Encoding 
---------------------------------------------------------------------------------------------------
              STATE_IDLE |                           000001 |                              000
        STATE_WAIT_CHUNK |                           100000 |                              001
              STATE_FEED |                           010000 |                              010
      STATE_WAIT_RESULTS |                           001000 |                              011
              STATE_BIAS |                           000100 |                              100
            STATE_OUTPUT |                           000010 |                              101
---------------------------------------------------------------------------------------------------
INFO: [Synth 8-3354] encoded FSM with state register 'state_reg' using encoding 'one-hot' in module 'vit_gemm_fp16_stream_array'
---------------------------------------------------------------------------------------------------
                   State |                     New Encoding |                Previous Encoding 
---------------------------------------------------------------------------------------------------
              STATE_IDLE |                     000000100000 |                             0000
   STATE_PACK_WAIT_FIRST |                     000010000000 |                             0101
   STATE_PACK_START_TILE |                     100000000000 |                             0110
   STATE_PACK_SEND_CHUNK |                     001000000000 |                             1000
  STATE_PACK_WAIT_RESULT |                     010000000000 |                             1001
 STATE_PACK_DRAIN_RESULT |                     000001000000 |                             1010
   STATE_PACK_WAIT_PANEL |                     000100000000 |                             0111
     STATE_REQUEST_CHUNK |                     000000000100 |                             0001
        STATE_START_TILE |                     000000010000 |                             0010
        STATE_SEND_CHUNK |                     000000001000 |                             0011
       STATE_WAIT_RESULT |                     000000000001 |                             0100
              STATE_DONE |                     000000000010 |                             1011
---------------------------------------------------------------------------------------------------
INFO: [Synth 8-3354] encoded FSM with state register 'state_reg' using encoding 'one-hot' in module 'vit_gemm_fp16_parallel_scheduler'
---------------------------------------------------------------------------------------------------
                   State |                     New Encoding |                Previous Encoding 
---------------------------------------------------------------------------------------------------
              STATE_IDLE |                             0000 |                             0000
     STATE_TOTAL01_START |                             0001 |                             0001
      STATE_TOTAL01_WAIT |                             0010 |                             0010
      STATE_TOTAL2_START |                             0011 |                             0011
       STATE_TOTAL2_WAIT |                             0100 |                             0100
     STATE_STRIDE0_START |                             0101 |                             0101
      STATE_STRIDE0_WAIT |                             0110 |                             0110
     STATE_STRIDE1_START |                             0111 |                             0111
      STATE_STRIDE1_WAIT |                             1000 |                             1000
     STATE_STRIDE2_START |                             1001 |                             1001
      STATE_STRIDE2_WAIT |                             1010 |                             1010
       STATE_FINAL_CHECK |                             1011 |                             1011
              STATE_DONE |                             1100 |                             1100
---------------------------------------------------------------------------------------------------
INFO: [Synth 8-3354] encoded FSM with state register 'state_reg' using encoding 'sequential' in module 'vit_layout_descriptor_validator'
---------------------------------------------------------------------------------------------------
                   State |                     New Encoding |                Previous Encoding 
---------------------------------------------------------------------------------------------------
              STATE_IDLE |                            00001 |                              000
          STATE_VALIDATE |                            10000 |                              001
           STATE_REQUEST |                            01000 |                              010
             STATE_WRITE |                            00100 |                              011
              STATE_DONE |                            00010 |                              100
---------------------------------------------------------------------------------------------------
INFO: [Synth 8-3354] encoded FSM with state register 'state_reg' using encoding 'one-hot' in module 'vit_layout_engine'
---------------------------------------------------------------------------------------------------
                   State |                     New Encoding |                Previous Encoding 
---------------------------------------------------------------------------------------------------
              STATE_IDLE |                               00 |                               00
            STATE_DIVIDE |                               01 |                               01
             STATE_ROUND |                               10 |                               10
              STATE_DONE |                               11 |                               11
---------------------------------------------------------------------------------------------------
INFO: [Synth 8-3354] encoded FSM with state register 'state_reg' using encoding 'sequential' in module 'vit_fp32_recip_u32_serial'
---------------------------------------------------------------------------------------------------
                   State |                     New Encoding |                Previous Encoding 
---------------------------------------------------------------------------------------------------
              STATE_IDLE |                            00000 |                            00000
       STATE_SCALE_VALUE |                            00001 |                            00001
   STATE_DENOMINATOR_MUL |                            00010 |                            00010
   STATE_DENOMINATOR_ADD |                            00011 |                            00011
   STATE_RECIPROCAL_INIT |                            00100 |                            00100
STATE_RECIPROCAL_PRODUCT |                            00101 |                            00101
STATE_RECIPROCAL_CORRECTION |                            00110 |                            00110
STATE_RECIPROCAL_ESTIMATE |                            00111 |                            00111
     STATE_GELU_POLY_MUL |                            01000 |                            01000
            STATE_SQUARE |                            01001 |                            01010
         STATE_EXP_SCALE |                            01010 |                            01011
STATE_EXP_INITIAL_PRODUCT |                            01011 |                            01100
STATE_EXP_INITIAL_REMAINDER |                            01100 |                            01101
STATE_EXP_CORRECTED_PRODUCT |                            01101 |                            01110
STATE_EXP_NEGATIVE_REMAINDER |                            01110 |                            01111
STATE_EXP_POSITIVE_REMAINDER |                            01111 |                            10000
      STATE_EXP_POLY_MUL |                            10000 |                            10001
      STATE_EXP_POLY_ADD |                            10001 |                            10010
    STATE_EXP_SCALE_DOWN |                            10010 |                            10011
    STATE_FINAL_POLY_EXP |                            10011 |                            10100
     STATE_FINAL_ERF_SUB |                            10100 |                            10101
    STATE_FINAL_ONE_PLUS |                            10101 |                            10110
        STATE_FINAL_HALF |                            10110 |                            10111
      STATE_FINAL_RESULT |                            10111 |                            11000
              STATE_DONE |                            11000 |                            11001
     STATE_GELU_POLY_ADD |                            11001 |                            01001
---------------------------------------------------------------------------------------------------
INFO: [Synth 8-3354] encoded FSM with state register 'state_reg' using encoding 'sequential' in module 'vit_fp32_gelu_serial'
---------------------------------------------------------------------------------------------------
                   State |                     New Encoding |                Previous Encoding 
---------------------------------------------------------------------------------------------------
              STATE_IDLE |                               00 |                              000
              STATE_SCAN |                               01 |                              001
            STATE_RESULT |                               10 |                              010
              STATE_DONE |                               11 |                              011
---------------------------------------------------------------------------------------------------
INFO: [Synth 8-3354] encoded FSM with state register 'state_reg' using encoding 'sequential' in module 'vit_argmax_engine_fp32'
---------------------------------------------------------------------------------
Finished RTL Optimization Phase 2 : Time (s): cpu = 00:01:22 ; elapsed = 00:01:19 . Memory (MB): peak = 3586.570 ; gain = 1296.008 ; free physical = 219957 ; free virtual = 236769
---------------------------------------------------------------------------------
---------------------------------------------------------------------------------
Start RTL Component Statistics 
---------------------------------------------------------------------------------
Detailed RTL Component Info : 
+---Adders : 
	   4 Input   97 Bit       Adders := 8     
	   4 Input   96 Bit       Adders := 3     
	   2 Input   96 Bit       Adders := 2     
	   2 Input   93 Bit       Adders := 24    
	   2 Input   66 Bit       Adders := 9     
	   9 Input   66 Bit       Adders := 2     
	  17 Input   66 Bit       Adders := 1     
	   2 Input   65 Bit       Adders := 126   
	   3 Input   65 Bit       Adders := 1     
	   2 Input   64 Bit       Adders := 11    
	   3 Input   64 Bit       Adders := 2     
	   2 Input   40 Bit       Adders := 1     
	   3 Input   34 Bit       Adders := 62    
	   4 Input   34 Bit       Adders := 1     
	   3 Input   33 Bit       Adders := 4     
	   2 Input   33 Bit       Adders := 14    
	   2 Input   32 Bit       Adders := 138   
	   3 Input   32 Bit       Adders := 4     
	   2 Input   28 Bit       Adders := 2     
	   2 Input   27 Bit       Adders := 2     
	   3 Input   27 Bit       Adders := 2     
	   2 Input   25 Bit       Adders := 23    
	   2 Input   17 Bit       Adders := 1     
	   2 Input   16 Bit       Adders := 2     
	   2 Input   13 Bit       Adders := 2     
	   2 Input   12 Bit       Adders := 18    
	   2 Input    9 Bit       Adders := 14    
	   3 Input    9 Bit       Adders := 4     
	   2 Input    8 Bit       Adders := 23    
	   4 Input    8 Bit       Adders := 8     
	 129 Input    8 Bit       Adders := 1     
	   3 Input    8 Bit       Adders := 2     
	   2 Input    7 Bit       Adders := 10    
	  65 Input    7 Bit       Adders := 1     
	   3 Input    7 Bit       Adders := 1     
	   2 Input    6 Bit       Adders := 26    
	   3 Input    6 Bit       Adders := 1     
	  33 Input    6 Bit       Adders := 1     
	   2 Input    5 Bit       Adders := 35    
	  17 Input    5 Bit       Adders := 2     
	   9 Input    5 Bit       Adders := 4     
	   3 Input    5 Bit       Adders := 2     
	   3 Input    4 Bit       Adders := 2     
	   9 Input    4 Bit       Adders := 3     
	   2 Input    4 Bit       Adders := 34    
	   8 Input    4 Bit       Adders := 1     
	   5 Input    3 Bit       Adders := 3     
	   2 Input    3 Bit       Adders := 18    
	   3 Input    3 Bit       Adders := 1     
	   2 Input    2 Bit       Adders := 22    
	   3 Input    2 Bit       Adders := 4     
+---XORs : 
	   3 Input     93 Bit         XORs := 8     
	   2 Input      1 Bit         XORs := 9     
+---Registers : 
	             4096 Bit    Registers := 3     
	             1024 Bit    Registers := 4     
	              512 Bit    Registers := 10    
	              256 Bit    Registers := 3     
	              192 Bit    Registers := 1     
	              128 Bit    Registers := 1     
	               93 Bit    Registers := 56    
	               66 Bit    Registers := 12    
	               64 Bit    Registers := 284   
	               44 Bit    Registers := 2     
	               40 Bit    Registers := 3     
	               32 Bit    Registers := 293   
	               23 Bit    Registers := 2     
	               20 Bit    Registers := 2     
	               18 Bit    Registers := 2     
	               16 Bit    Registers := 30    
	               12 Bit    Registers := 9     
	                9 Bit    Registers := 2     
	                8 Bit    Registers := 26    
	                7 Bit    Registers := 10    
	                6 Bit    Registers := 7     
	                5 Bit    Registers := 10    
	                4 Bit    Registers := 23    
	                3 Bit    Registers := 12    
	                2 Bit    Registers := 33    
	                1 Bit    Registers := 528   
+---Multipliers : 
	              24x24  Multipliers := 1     
	              11x11  Multipliers := 8     
+---RAMs : 
	              96K Bit	(3072 X 32 bit)          RAMs := 9     
	              32K Bit	(1024 X 32 bit)          RAMs := 4     
	              24K Bit	(256 X 96 bit)          RAMs := 1     
	               6K Bit	(192 X 32 bit)          RAMs := 1     
	               1K Bit	(2 X 692 bit)          RAMs := 1     
+---Muxes : 
	   2 Input 4096 Bit        Muxes := 24    
	  14 Input 4096 Bit        Muxes := 2     
	   8 Input 4096 Bit        Muxes := 1     
	   2 Input 1024 Bit        Muxes := 10    
	  14 Input 1024 Bit        Muxes := 2     
	   8 Input 1024 Bit        Muxes := 1     
	   2 Input  512 Bit        Muxes := 28    
	  14 Input  512 Bit        Muxes := 5     
	   8 Input  512 Bit        Muxes := 3     
	   6 Input  512 Bit        Muxes := 2     
	   7 Input  512 Bit        Muxes := 6     
	   4 Input  512 Bit        Muxes := 1     
	   2 Input  256 Bit        Muxes := 4     
	  16 Input  256 Bit        Muxes := 1     
	   6 Input  256 Bit        Muxes := 1     
	   2 Input  192 Bit        Muxes := 2     
	   2 Input   96 Bit        Muxes := 10    
	   7 Input   96 Bit        Muxes := 4     
	   8 Input   96 Bit        Muxes := 4     
	   2 Input   93 Bit        Muxes := 56    
	   4 Input   66 Bit        Muxes := 1     
	   2 Input   66 Bit        Muxes := 20    
	  13 Input   66 Bit        Muxes := 1     
	   2 Input   65 Bit        Muxes := 1     
	   2 Input   64 Bit        Muxes := 61    
	   3 Input   64 Bit        Muxes := 6     
	   8 Input   64 Bit        Muxes := 1     
	  14 Input   64 Bit        Muxes := 2     
	   4 Input   64 Bit        Muxes := 6     
	   2 Input   40 Bit        Muxes := 2     
	   2 Input   35 Bit        Muxes := 1     
	   2 Input   34 Bit        Muxes := 3     
	   2 Input   33 Bit        Muxes := 7     
	  63 Input   32 Bit        Muxes := 1     
	   2 Input   32 Bit        Muxes := 397   
	   4 Input   32 Bit        Muxes := 20    
	  14 Input   32 Bit        Muxes := 1     
	  12 Input   32 Bit        Muxes := 5     
	  32 Input   32 Bit        Muxes := 2     
	   8 Input   32 Bit        Muxes := 3     
	  23 Input   32 Bit        Muxes := 5     
	  26 Input   32 Bit        Muxes := 4     
	   7 Input   32 Bit        Muxes := 20    
	  13 Input   32 Bit        Muxes := 2     
	   6 Input   32 Bit        Muxes := 5     
	   5 Input   32 Bit        Muxes := 2     
	  30 Input   32 Bit        Muxes := 7     
	   9 Input   32 Bit        Muxes := 1     
	  25 Input   32 Bit        Muxes := 4     
	  21 Input   32 Bit        Muxes := 1     
	  11 Input   32 Bit        Muxes := 2     
	   3 Input   32 Bit        Muxes := 1     
	   3 Input   31 Bit        Muxes := 2     
	   2 Input   31 Bit        Muxes := 3     
	   4 Input   30 Bit        Muxes := 1     
	  21 Input   30 Bit        Muxes := 1     
	   2 Input   30 Bit        Muxes := 1     
	   6 Input   30 Bit        Muxes := 1     
	   2 Input   27 Bit        Muxes := 6     
	  22 Input   26 Bit        Muxes := 8     
	   2 Input   25 Bit        Muxes := 4     
	   2 Input   24 Bit        Muxes := 9     
	   2 Input   23 Bit        Muxes := 18    
	   2 Input   21 Bit        Muxes := 2     
	   6 Input   21 Bit        Muxes := 2     
	   8 Input   21 Bit        Muxes := 1     
	   4 Input   21 Bit        Muxes := 1     
	  21 Input   21 Bit        Muxes := 1     
	   4 Input   20 Bit        Muxes := 3     
	  21 Input   20 Bit        Muxes := 2     
	   8 Input   20 Bit        Muxes := 1     
	   2 Input   19 Bit        Muxes := 1     
	   4 Input   19 Bit        Muxes := 1     
	   2 Input   18 Bit        Muxes := 3     
	   4 Input   18 Bit        Muxes := 3     
	   2 Input   16 Bit        Muxes := 79    
	  14 Input   16 Bit        Muxes := 1     
	   3 Input   16 Bit        Muxes := 10    
	   6 Input   16 Bit        Muxes := 5     
	   4 Input   16 Bit        Muxes := 1     
	   7 Input   16 Bit        Muxes := 1     
	   4 Input   14 Bit        Muxes := 2     
	  21 Input   14 Bit        Muxes := 2     
	   3 Input   13 Bit        Muxes := 1     
	  21 Input   13 Bit        Muxes := 1     
	   4 Input   13 Bit        Muxes := 1     
	   2 Input   12 Bit        Muxes := 1     
	  27 Input   12 Bit        Muxes := 1     
	   3 Input   12 Bit        Muxes := 1     
	   4 Input   12 Bit        Muxes := 2     
	  21 Input   12 Bit        Muxes := 2     
	   2 Input   11 Bit        Muxes := 17    
	   8 Input   11 Bit        Muxes := 1     
	   3 Input   11 Bit        Muxes := 1     
	   4 Input   11 Bit        Muxes := 1     
	   8 Input   10 Bit        Muxes := 2     
	   2 Input   10 Bit        Muxes := 12    
	   4 Input   10 Bit        Muxes := 5     
	   6 Input   10 Bit        Muxes := 7     
	  21 Input   10 Bit        Muxes := 1     
	   2 Input    9 Bit        Muxes := 7     
	   2 Input    8 Bit        Muxes := 64    
	   6 Input    8 Bit        Muxes := 4     
	   3 Input    8 Bit        Muxes := 1     
	   9 Input    8 Bit        Muxes := 1     
	   7 Input    8 Bit        Muxes := 1     
	   4 Input    8 Bit        Muxes := 3     
	   5 Input    8 Bit        Muxes := 1     
	   2 Input    7 Bit        Muxes := 3     
	  94 Input    7 Bit        Muxes := 8     
	  63 Input    6 Bit        Muxes := 1     
	   2 Input    6 Bit        Muxes := 38    
	   8 Input    6 Bit        Muxes := 1     
	   6 Input    6 Bit        Muxes := 1     
	   4 Input    6 Bit        Muxes := 2     
	   2 Input    5 Bit        Muxes := 108   
	  14 Input    5 Bit        Muxes := 2     
	  27 Input    5 Bit        Muxes := 2     
	   3 Input    5 Bit        Muxes := 36    
	  26 Input    5 Bit        Muxes := 1     
	   8 Input    5 Bit        Muxes := 1     
	   5 Input    5 Bit        Muxes := 1     
	   4 Input    5 Bit        Muxes := 3     
	   7 Input    5 Bit        Muxes := 2     
	   2 Input    4 Bit        Muxes := 30    
	   5 Input    4 Bit        Muxes := 1     
	   3 Input    4 Bit        Muxes := 2     
	   6 Input    4 Bit        Muxes := 8     
	   7 Input    4 Bit        Muxes := 4     
	  13 Input    4 Bit        Muxes := 1     
	  16 Input    4 Bit        Muxes := 1     
	   4 Input    4 Bit        Muxes := 7     
	   4 Input    3 Bit        Muxes := 4     
	   2 Input    3 Bit        Muxes := 19    
	   6 Input    3 Bit        Muxes := 2     
	  26 Input    3 Bit        Muxes := 2     
	   5 Input    3 Bit        Muxes := 3     
	   3 Input    3 Bit        Muxes := 2     
	  16 Input    3 Bit        Muxes := 3     
	  25 Input    3 Bit        Muxes := 1     
	   7 Input    3 Bit        Muxes := 1     
	  28 Input    3 Bit        Muxes := 1     
	  21 Input    3 Bit        Muxes := 3     
	  11 Input    3 Bit        Muxes := 1     
	   3 Input    2 Bit        Muxes := 16    
	   4 Input    2 Bit        Muxes := 15    
	   2 Input    2 Bit        Muxes := 67    
	  16 Input    2 Bit        Muxes := 3     
	  12 Input    2 Bit        Muxes := 2     
	   5 Input    2 Bit        Muxes := 1     
	  26 Input    2 Bit        Muxes := 1     
	  30 Input    2 Bit        Muxes := 1     
	  25 Input    2 Bit        Muxes := 1     
	   6 Input    2 Bit        Muxes := 5     
	   7 Input    2 Bit        Muxes := 3     
	  21 Input    2 Bit        Muxes := 1     
	  11 Input    2 Bit        Muxes := 4     
	   2 Input    1 Bit        Muxes := 1799  
	   4 Input    1 Bit        Muxes := 35    
	   7 Input    1 Bit        Muxes := 27    
	   8 Input    1 Bit        Muxes := 11    
	  14 Input    1 Bit        Muxes := 20    
	   9 Input    1 Bit        Muxes := 1     
	  10 Input    1 Bit        Muxes := 2     
	   6 Input    1 Bit        Muxes := 15    
	   3 Input    1 Bit        Muxes := 5     
	  12 Input    1 Bit        Muxes := 23    
	  26 Input    1 Bit        Muxes := 27    
	   5 Input    1 Bit        Muxes := 15    
	  13 Input    1 Bit        Muxes := 7     
	  30 Input    1 Bit        Muxes := 27    
	  25 Input    1 Bit        Muxes := 27    
	  21 Input    1 Bit        Muxes := 2     
	  11 Input    1 Bit        Muxes := 57    
---------------------------------------------------------------------------------
Finished RTL Component Statistics 
---------------------------------------------------------------------------------
---------------------------------------------------------------------------------
Start Part Resource Summary
---------------------------------------------------------------------------------
Part Resources:
DSPs: 1248 (col length:96)
BRAMs: 288 (col length: RAMB18 96 RAMB36 48)
---------------------------------------------------------------------------------
Finished Part Resource Summary
---------------------------------------------------------------------------------
---------------------------------------------------------------------------------
Start Cross Boundary and Area Optimization
---------------------------------------------------------------------------------
INFO: [Synth 8-6904] The RAM "u_core/u_npu/u_engine/u_gemm/\gen_fp16.u_fp16 /i_1/u_result_fifo/entry_memory_reg" of size (depth=2 x width=692) is automatically implemented using LUTRAM. BRAM implementation would be inefficient 
INFO: [Synth 8-6904] The RAM "u_core/u_npu/u_engine/u_gemm/\gen_fp16.u_fp16 /i_1/u_result_fifo/entry_memory_reg" of size (depth=2 x width=692) is automatically implemented using LUTRAM. BRAM implementation would be inefficient 
WARNING: [Synth 8-6849] Infeasible attribute ram_style = "block" set for RAM "vit_phase_e_profile_counters__GB0/trace_memory_reg",trying to implement using LUTRAM
WARNING: [Synth 8-6849] Infeasible attribute ram_style = "block" set for RAM "vit_phase_e_profile_counters__GB0/trace_memory_reg",trying to implement using LUTRAM
WARNING: [Synth 8-6849] Infeasible attribute ram_style = "block" set for RAM "vit_phase_e_profile_counters__GB0/trace_memory_reg",trying to implement using LUTRAM
WARNING: [Synth 8-6849] Infeasible attribute ram_style = "block" set for RAM "vit_phase_e_profile_counters__GB0/trace_memory_reg",trying to implement using LUTRAM
INFO: [Synth 8-7067] Removed DRAM instance i_8/i_0/trace_memory_reg_0_63_91_95 from module extram__2 due to constant propagation
INFO: [Synth 8-7067] Removed DRAM instance i_8/i_0/trace_memory_reg_64_127_91_95 from module extram__2 due to constant propagation
INFO: [Synth 8-7067] Removed DRAM instance i_8/i_0/trace_memory_reg_128_191_91_95 from module extram__2 due to constant propagation
INFO: [Synth 8-7067] Removed DRAM instance i_8/i_0/trace_memory_reg_192_255_91_95 from module extram__2 due to constant propagation
INFO: [Synth 8-3886] merging instance 'trace_read_address_reg_rep[0]' (FDRE) to 'trace_read_address_reg[0]'
INFO: [Synth 8-3886] merging instance 'trace_read_address_reg_rep[1]' (FDRE) to 'trace_read_address_reg[1]'
INFO: [Synth 8-3886] merging instance 'trace_read_address_reg_rep[2]' (FDRE) to 'trace_read_address_reg[2]'
INFO: [Synth 8-3886] merging instance 'trace_read_address_reg_rep[3]' (FDRE) to 'trace_read_address_reg[3]'
INFO: [Synth 8-3886] merging instance 'trace_read_address_reg_rep[4]' (FDRE) to 'trace_read_address_reg[4]'
INFO: [Synth 8-3886] merging instance 'trace_read_address_reg_rep[5]' (FDRE) to 'trace_read_address_reg[5]'
INFO: [Synth 8-3886] merging instance 'trace_read_address_reg_rep[6]' (FDRE) to 'trace_read_address_reg[6]'
INFO: [Synth 8-3886] merging instance 'trace_read_address_reg_rep[7]' (FDRE) to 'trace_read_address_reg[7]'
INFO: [Synth 8-3886] merging instance 'trace_selected_meta_o_reg[16]' (FDRE) to 'trace_selected_meta_o_reg[31]'
INFO: [Synth 8-3886] merging instance 'trace_selected_meta_o_reg[26]' (FDRE) to 'trace_selected_meta_o_reg[31]'
INFO: [Synth 8-3886] merging instance 'trace_selected_meta_o_reg[27]' (FDRE) to 'trace_selected_meta_o_reg[31]'
INFO: [Synth 8-3886] merging instance 'trace_selected_meta_o_reg[28]' (FDRE) to 'trace_selected_meta_o_reg[31]'
INFO: [Synth 8-3886] merging instance 'trace_selected_meta_o_reg[29]' (FDRE) to 'trace_selected_meta_o_reg[31]'
INFO: [Synth 8-3886] merging instance 'trace_selected_meta_o_reg[30]' (FDRE) to 'trace_selected_meta_o_reg[31]'
INFO: [Synth 8-3333] propagating constant 0 across sequential element (\trace_selected_meta_o_reg[31] )
INFO: [Synth 8-3333] propagating constant 0 across sequential element (\error_status_live_reg[20] )
INFO: [Synth 8-3333] propagating constant 0 across sequential element (\error_status_live_reg[21] )
INFO: [Synth 8-3333] propagating constant 0 across sequential element (\error_status_live_reg[22] )
INFO: [Synth 8-3333] propagating constant 0 across sequential element (\error_status_live_reg[23] )
INFO: [Synth 8-3333] propagating constant 0 across sequential element (\error_status_live_reg[24] )
INFO: [Synth 8-3333] propagating constant 0 across sequential element (\error_status_live_reg[25] )
INFO: [Synth 8-3333] propagating constant 0 across sequential element (\error_status_live_reg[26] )
INFO: [Synth 8-3333] propagating constant 0 across sequential element (\error_status_live_reg[27] )
INFO: [Synth 8-3333] propagating constant 0 across sequential element (\error_status_live_reg[28] )
INFO: [Synth 8-3333] propagating constant 0 across sequential element (\error_status_live_reg[29] )
INFO: [Synth 8-3333] propagating constant 0 across sequential element (\error_status_live_reg[30] )
INFO: [Synth 8-3333] propagating constant 0 across sequential element (\error_status_live_reg[31] )
INFO: [Synth 8-7067] Removed DRAM instance i_8/i_0/trace_memory_reg_0_63_91_95 from module extram__2 due to constant propagation
INFO: [Synth 8-3333] propagating constant 0 across sequential element (\read_first_seen_reg[1] )
INFO: [Synth 8-3333] propagating constant 0 across sequential element (\s_axi_rresp_reg[0] )
INFO: [Synth 8-3333] propagating constant 0 across sequential element (\s_axi_bresp_reg[0] )
WARNING: [Synth 8-3917] design vit_phase_e_write_address_router__GB1 has port p_0_out[95] driven by constant 0
WARNING: [Synth 8-3917] design vit_phase_e_write_address_router__GB1 has port p_0_out[94] driven by constant 0
WARNING: [Synth 8-3917] design vit_phase_e_write_address_router__GB1 has port p_0_out[93] driven by constant 0
WARNING: [Synth 8-3917] design vit_phase_e_write_address_router__GB1 has port p_0_out[92] driven by constant 0
WARNING: [Synth 8-3917] design vit_phase_e_write_address_router__GB1 has port p_0_out[91] driven by constant 0
WARNING: [Synth 8-3917] design vit_phase_e_write_address_router__GB1 has port p_0_out[90] driven by constant 0
WARNING: [Synth 8-3917] design vit_phase_e_write_address_router__GB1 has port p_0_out[89] driven by constant 0
WARNING: [Synth 8-3917] design vit_phase_e_write_address_router__GB1 has port p_0_out[88] driven by constant 0
WARNING: [Synth 8-3917] design vit_phase_e_write_address_router__GB1 has port p_0_out[87] driven by constant 0
WARNING: [Synth 8-3917] design vit_phase_e_write_address_router__GB1 has port p_0_out[86] driven by constant 0
WARNING: [Synth 8-3917] design vit_phase_e_write_address_router__GB1 has port p_0_out[85] driven by constant 0
WARNING: [Synth 8-3917] design vit_phase_e_write_address_router__GB1 has port p_0_out[84] driven by constant 0
WARNING: [Synth 8-3917] design vit_phase_e_write_address_router__GB1 has port p_0_out[83] driven by constant 0
WARNING: [Synth 8-3917] design vit_phase_e_write_address_router__GB1 has port p_0_out[82] driven by constant 0
WARNING: [Synth 8-3917] design vit_phase_e_write_address_router__GB1 has port p_0_out[81] driven by constant 0
WARNING: [Synth 8-3917] design vit_phase_e_write_address_router__GB1 has port p_0_out[80] driven by constant 0
WARNING: [Synth 8-3917] design vit_phase_e_write_address_router__GB1 has port p_0_out[79] driven by constant 0
WARNING: [Synth 8-3917] design vit_phase_e_write_address_router__GB1 has port p_0_out[78] driven by constant 0
WARNING: [Synth 8-3917] design vit_phase_e_write_address_router__GB1 has port p_0_out[77] driven by constant 0
WARNING: [Synth 8-3917] design vit_phase_e_write_address_router__GB1 has port p_0_out[76] driven by constant 0
WARNING: [Synth 8-3917] design vit_phase_e_write_address_router__GB1 has port p_0_out[75] driven by constant 0
WARNING: [Synth 8-3917] design vit_phase_e_write_address_router__GB1 has port p_0_out[74] driven by constant 0
WARNING: [Synth 8-3917] design vit_phase_e_write_address_router__GB1 has port p_0_out[73] driven by constant 0
WARNING: [Synth 8-3917] design vit_phase_e_write_address_router__GB1 has port p_0_out[72] driven by constant 0
WARNING: [Synth 8-3917] design vit_phase_e_write_address_router__GB1 has port p_0_out[71] driven by constant 0
WARNING: [Synth 8-3917] design vit_phase_e_write_address_router__GB1 has port p_0_out[70] driven by constant 0
WARNING: [Synth 8-3917] design vit_phase_e_write_address_router__GB1 has port p_0_out[69] driven by constant 0
WARNING: [Synth 8-3917] design vit_phase_e_write_address_router__GB1 has port p_0_out[68] driven by constant 0
WARNING: [Synth 8-3917] design vit_phase_e_write_address_router__GB1 has port p_0_out[67] driven by constant 0
WARNING: [Synth 8-3917] design vit_phase_e_write_address_router__GB1 has port p_0_out[66] driven by constant 0
WARNING: [Synth 8-3917] design vit_phase_e_write_address_router__GB1 has port p_0_out[65] driven by constant 0
WARNING: [Synth 8-3917] design vit_phase_e_write_address_router__GB1 has port p_0_out[64] driven by constant 0
WARNING: [Synth 8-3917] design vit_phase_e_write_address_router__GB1 has port p_0_out[63] driven by constant 0
WARNING: [Synth 8-3917] design vit_phase_e_write_address_router__GB1 has port p_0_out[62] driven by constant 0
WARNING: [Synth 8-3917] design vit_phase_e_write_address_router__GB1 has port p_0_out[61] driven by constant 0
WARNING: [Synth 8-3917] design vit_phase_e_write_address_router__GB1 has port p_0_out[60] driven by constant 0
WARNING: [Synth 8-3917] design vit_phase_e_write_address_router__GB1 has port p_0_out[59] driven by constant 0
WARNING: [Synth 8-3917] design vit_phase_e_write_address_router__GB1 has port p_0_out[58] driven by constant 0
WARNING: [Synth 8-3917] design vit_phase_e_write_address_router__GB1 has port p_0_out[57] driven by constant 0
WARNING: [Synth 8-3917] design vit_phase_e_write_address_router__GB1 has port p_0_out[56] driven by constant 0
WARNING: [Synth 8-3917] design vit_phase_e_write_address_router__GB1 has port p_0_out[55] driven by constant 0
WARNING: [Synth 8-3917] design vit_phase_e_write_address_router__GB1 has port p_0_out[54] driven by constant 0
WARNING: [Synth 8-3917] design vit_phase_e_write_address_router__GB1 has port p_0_out[53] driven by constant 0
WARNING: [Synth 8-3917] design vit_phase_e_write_address_router__GB1 has port p_0_out[52] driven by constant 0
WARNING: [Synth 8-3917] design vit_phase_e_write_address_router__GB1 has port p_0_out[51] driven by constant 0
WARNING: [Synth 8-3917] design vit_phase_e_write_address_router__GB1 has port p_0_out[50] driven by constant 0
WARNING: [Synth 8-3917] design vit_phase_e_write_address_router__GB1 has port p_0_out[49] driven by constant 0
WARNING: [Synth 8-3917] design vit_phase_e_write_address_router__GB1 has port p_0_out[48] driven by constant 0
WARNING: [Synth 8-3917] design vit_phase_e_write_address_router__GB1 has port p_0_out[47] driven by constant 0
WARNING: [Synth 8-3917] design vit_phase_e_write_address_router__GB1 has port p_0_out[46] driven by constant 0
WARNING: [Synth 8-3917] design vit_phase_e_write_address_router__GB1 has port p_0_out[45] driven by constant 0
WARNING: [Synth 8-3917] design vit_phase_e_write_address_router__GB1 has port p_0_out[44] driven by constant 0
WARNING: [Synth 8-3917] design vit_phase_e_write_address_router__GB1 has port p_0_out[43] driven by constant 0
WARNING: [Synth 8-3917] design vit_phase_e_write_address_router__GB1 has port p_0_out[42] driven by constant 0
WARNING: [Synth 8-3917] design vit_phase_e_write_address_router__GB1 has port p_0_out[41] driven by constant 0
WARNING: [Synth 8-3917] design vit_phase_e_write_address_router__GB1 has port p_0_out[40] driven by constant 0
WARNING: [Synth 8-3917] design vit_phase_e_write_address_router__GB1 has port p_0_out[39] driven by constant 0
WARNING: [Synth 8-3917] design vit_phase_e_write_address_router__GB1 has port p_0_out[38] driven by constant 0
WARNING: [Synth 8-3917] design vit_phase_e_write_address_router__GB1 has port p_0_out[37] driven by constant 0
WARNING: [Synth 8-3917] design vit_phase_e_write_address_router__GB1 has port p_0_out[36] driven by constant 0
WARNING: [Synth 8-3917] design vit_phase_e_write_address_router__GB1 has port p_0_out[35] driven by constant 0
WARNING: [Synth 8-3917] design vit_phase_e_write_address_router__GB1 has port p_0_out[34] driven by constant 0
INFO: [Synth 8-5555] Implemented Block Ram Cascade chain of height 2 and width 18 for RAM "u_gemm_activation_panel_cache/gen_row_bank[7].row_memory_reg"
INFO: [Synth 8-7030] Implemented Non-Cascaded Block Ram (cascade_height = 1) of width 9 for RAM "u_gemm_activation_panel_cache/gen_row_bank[7].row_memory_reg"
INFO: [Synth 8-7030] Implemented Non-Cascaded Block Ram (cascade_height = 1) of width 5 for RAM "u_gemm_activation_panel_cache/gen_row_bank[7].row_memory_reg"
INFO: [Synth 8-5555] Implemented Block Ram Cascade chain of height 2 and width 18 for RAM "u_gemm_activation_panel_cache/gen_row_bank[6].row_memory_reg"
INFO: [Synth 8-7030] Implemented Non-Cascaded Block Ram (cascade_height = 1) of width 9 for RAM "u_gemm_activation_panel_cache/gen_row_bank[6].row_memory_reg"
INFO: [Synth 8-7030] Implemented Non-Cascaded Block Ram (cascade_height = 1) of width 5 for RAM "u_gemm_activation_panel_cache/gen_row_bank[6].row_memory_reg"
INFO: [Synth 8-5555] Implemented Block Ram Cascade chain of height 2 and width 18 for RAM "u_gemm_activation_panel_cache/gen_row_bank[5].row_memory_reg"
INFO: [Synth 8-7030] Implemented Non-Cascaded Block Ram (cascade_height = 1) of width 9 for RAM "u_gemm_activation_panel_cache/gen_row_bank[5].row_memory_reg"
INFO: [Synth 8-7030] Implemented Non-Cascaded Block Ram (cascade_height = 1) of width 5 for RAM "u_gemm_activation_panel_cache/gen_row_bank[5].row_memory_reg"
INFO: [Synth 8-5555] Implemented Block Ram Cascade chain of height 2 and width 18 for RAM "u_gemm_activation_panel_cache/gen_row_bank[4].row_memory_reg"
INFO: [Synth 8-7030] Implemented Non-Cascaded Block Ram (cascade_height = 1) of width 9 for RAM "u_gemm_activation_panel_cache/gen_row_bank[4].row_memory_reg"
INFO: [Synth 8-7030] Implemented Non-Cascaded Block Ram (cascade_height = 1) of width 5 for RAM "u_gemm_activation_panel_cache/gen_row_bank[4].row_memory_reg"
INFO: [Synth 8-5555] Implemented Block Ram Cascade chain of height 2 and width 18 for RAM "u_gemm_activation_panel_cache/gen_row_bank[3].row_memory_reg"
INFO: [Synth 8-7030] Implemented Non-Cascaded Block Ram (cascade_height = 1) of width 9 for RAM "u_gemm_activation_panel_cache/gen_row_bank[3].row_memory_reg"
INFO: [Synth 8-7030] Implemented Non-Cascaded Block Ram (cascade_height = 1) of width 5 for RAM "u_gemm_activation_panel_cache/gen_row_bank[3].row_memory_reg"
INFO: [Synth 8-5555] Implemented Block Ram Cascade chain of height 2 and width 18 for RAM "u_gemm_activation_panel_cache/gen_row_bank[2].row_memory_reg"
INFO: [Synth 8-7030] Implemented Non-Cascaded Block Ram (cascade_height = 1) of width 9 for RAM "u_gemm_activation_panel_cache/gen_row_bank[2].row_memory_reg"
INFO: [Synth 8-7030] Implemented Non-Cascaded Block Ram (cascade_height = 1) of width 5 for RAM "u_gemm_activation_panel_cache/gen_row_bank[2].row_memory_reg"
INFO: [Synth 8-5555] Implemented Block Ram Cascade chain of height 2 and width 18 for RAM "u_gemm_activation_panel_cache/gen_row_bank[1].row_memory_reg"
INFO: [Synth 8-7030] Implemented Non-Cascaded Block Ram (cascade_height = 1) of width 9 for RAM "u_gemm_activation_panel_cache/gen_row_bank[1].row_memory_reg"
INFO: [Synth 8-7030] Implemented Non-Cascaded Block Ram (cascade_height = 1) of width 5 for RAM "u_gemm_activation_panel_cache/gen_row_bank[1].row_memory_reg"
INFO: [Synth 8-5555] Implemented Block Ram Cascade chain of height 2 and width 18 for RAM "u_gemm_activation_panel_cache/gen_row_bank[0].row_memory_reg"
INFO: [Synth 8-7030] Implemented Non-Cascaded Block Ram (cascade_height = 1) of width 9 for RAM "u_gemm_activation_panel_cache/gen_row_bank[0].row_memory_reg"
INFO: [Synth 8-7030] Implemented Non-Cascaded Block Ram (cascade_height = 1) of width 5 for RAM "u_gemm_activation_panel_cache/gen_row_bank[0].row_memory_reg"
INFO: [Common 17-14] Message 'Synth 8-7129' appears 100 times and further instances of the messages will be disabled. Use the Tcl command set_msg_config to change the current settings.
INFO: [Synth 8-5555] Implemented Block Ram Cascade chain of height 2 and width 18 for RAM "u_gemm_bias_cache/bias_memory_reg"
INFO: [Synth 8-7030] Implemented Non-Cascaded Block Ram (cascade_height = 1) of width 9 for RAM "u_gemm_bias_cache/bias_memory_reg"
INFO: [Synth 8-7030] Implemented Non-Cascaded Block Ram (cascade_height = 1) of width 5 for RAM "u_gemm_bias_cache/bias_memory_reg"
WARNING: [Synth 8-3917] design vit_fp16_dot_stream_csa_nodsp__xdcDup__3 has port m_axis_result_tlast driven by constant 1
INFO: [Synth 8-3333] propagating constant 0 across sequential element (s1_subnormal_flushed_reg)
INFO: [Synth 8-3333] propagating constant 0 across sequential element (\accumulator_carry_reg[0] )
INFO: [Synth 8-3333] propagating constant 0 across sequential element (\f0_carry_reg[0] )
INFO: [Synth 8-3333] propagating constant 0 across sequential element (s2_subnormal_flushed_reg)
INFO: [Synth 8-3333] propagating constant 0 across sequential element (accumulator_subnormal_flushed_reg)
INFO: [Synth 8-3333] propagating constant 0 across sequential element (f0_subnormal_flushed_reg)
INFO: [Synth 8-3333] propagating constant 0 across sequential element (f1_subnormal_flushed_reg)
INFO: [Synth 8-3333] propagating constant 0 across sequential element (f2_subnormal_flushed_reg)
INFO: [Synth 8-3333] propagating constant 0 across sequential element (out_subnormal_flushed_reg)
INFO: [Synth 8-3886] merging instance 's1_product_reg[1]' (FDRE) to 's1_product_reg[0]'
INFO: [Synth 8-3333] propagating constant 0 across sequential element (\s1_product_reg[0] )
WARNING: [Synth 8-3917] design vit_fp16_dot_stream_csa_nodsp__xdcDup__4 has port m_axis_result_tlast driven by constant 1
INFO: [Synth 8-3333] propagating constant 0 across sequential element (s1_subnormal_flushed_reg)
INFO: [Synth 8-3333] propagating constant 0 across sequential element (\accumulator_carry_reg[0] )
INFO: [Synth 8-3333] propagating constant 0 across sequential element (\f0_carry_reg[0] )
INFO: [Synth 8-3333] propagating constant 0 across sequential element (s2_subnormal_flushed_reg)
INFO: [Synth 8-3333] propagating constant 0 across sequential element (accumulator_subnormal_flushed_reg)
INFO: [Synth 8-3333] propagating constant 0 across sequential element (f0_subnormal_flushed_reg)
INFO: [Synth 8-3333] propagating constant 0 across sequential element (f1_subnormal_flushed_reg)
INFO: [Synth 8-3333] propagating constant 0 across sequential element (f2_subnormal_flushed_reg)
INFO: [Synth 8-3333] propagating constant 0 across sequential element (out_subnormal_flushed_reg)
INFO: [Synth 8-3886] merging instance 's1_product_reg[1]' (FDRE) to 's1_product_reg[0]'
INFO: [Synth 8-3333] propagating constant 0 across sequential element (\s1_product_reg[0] )
WARNING: [Synth 8-3917] design vit_fp16_dot_stream_csa_nodsp__xdcDup__5 has port m_axis_result_tlast driven by constant 1
INFO: [Synth 8-3333] propagating constant 0 across sequential element (s1_subnormal_flushed_reg)
INFO: [Synth 8-3333] propagating constant 0 across sequential element (\accumulator_carry_reg[0] )
INFO: [Synth 8-3333] propagating constant 0 across sequential element (\f0_carry_reg[0] )
INFO: [Synth 8-3333] propagating constant 0 across sequential element (s2_subnormal_flushed_reg)
INFO: [Synth 8-3333] propagating constant 0 across sequential element (accumulator_subnormal_flushed_reg)
INFO: [Synth 8-3333] propagating constant 0 across sequential element (f0_subnormal_flushed_reg)
INFO: [Synth 8-3333] propagating constant 0 across sequential element (f1_subnormal_flushed_reg)
INFO: [Synth 8-3333] propagating constant 0 across sequential element (f2_subnormal_flushed_reg)
INFO: [Synth 8-3333] propagating constant 0 across sequential element (out_subnormal_flushed_reg)
INFO: [Synth 8-3886] merging instance 's1_product_reg[1]' (FDRE) to 's1_product_reg[0]'
INFO: [Synth 8-3333] propagating constant 0 across sequential element (\s1_product_reg[0] )
WARNING: [Synth 8-3917] design vit_fp16_dot_stream_csa_nodsp__xdcDup__6 has port m_axis_result_tlast driven by constant 1
INFO: [Synth 8-3333] propagating constant 0 across sequential element (s1_subnormal_flushed_reg)
INFO: [Synth 8-3333] propagating constant 0 across sequential element (\accumulator_carry_reg[0] )
INFO: [Synth 8-3333] propagating constant 0 across sequential element (\f0_carry_reg[0] )
INFO: [Synth 8-3333] propagating constant 0 across sequential element (s2_subnormal_flushed_reg)
INFO: [Synth 8-3333] propagating constant 0 across sequential element (accumulator_subnormal_flushed_reg)
INFO: [Synth 8-3333] propagating constant 0 across sequential element (f0_subnormal_flushed_reg)
INFO: [Synth 8-3333] propagating constant 0 across sequential element (f1_subnormal_flushed_reg)
INFO: [Synth 8-3333] propagating constant 0 across sequential element (f2_subnormal_flushed_reg)
INFO: [Synth 8-3333] propagating constant 0 across sequential element (out_subnormal_flushed_reg)
INFO: [Synth 8-3886] merging instance 's1_product_reg[1]' (FDRE) to 's1_product_reg[0]'
INFO: [Synth 8-3333] propagating constant 0 across sequential element (\s1_product_reg[0] )
INFO: [Synth 8-3333] propagating constant 0 across sequential element (\gen_stream[6].u_stream /s1_subnormal_flushed_reg)
INFO: [Synth 8-3333] propagating constant 0 across sequential element (\gen_stream[6].u_stream /\accumulator_carry_reg[0] )
INFO: [Synth 8-3333] propagating constant 0 across sequential element (\gen_stream[6].u_stream /\f0_carry_reg[0] )
INFO: [Synth 8-3333] propagating constant 0 across sequential element (\gen_stream[6].u_stream /s2_subnormal_flushed_reg)
INFO: [Synth 8-3333] propagating constant 0 across sequential element (\gen_stream[6].u_stream /accumulator_subnormal_flushed_reg)
INFO: [Synth 8-3333] propagating constant 0 across sequential element (\gen_stream[6].u_stream /f0_subnormal_flushed_reg)
INFO: [Synth 8-3333] propagating constant 0 across sequential element (\gen_stream[6].u_stream /f1_subnormal_flushed_reg)
INFO: [Synth 8-3333] propagating constant 0 across sequential element (\gen_stream[6].u_stream /f2_subnormal_flushed_reg)
INFO: [Synth 8-3333] propagating constant 0 across sequential element (\gen_stream[6].u_stream /out_subnormal_flushed_reg)
INFO: [Synth 8-3886] merging instance 'gen_stream[6].u_stream/s1_product_reg[1]' (FDRE) to 'gen_stream[6].u_stream/s1_product_reg[0]'
INFO: [Synth 8-3333] propagating constant 0 across sequential element (\gen_stream[6].u_stream /\s1_product_reg[0] )
WARNING: [Synth 8-3917] design vit_fp16_dot_stream_csa_nodsp has port m_axis_result_tlast driven by constant 1
INFO: [Synth 8-3333] propagating constant 0 across sequential element (s1_subnormal_flushed_reg)
INFO: [Synth 8-3333] propagating constant 0 across sequential element (\accumulator_carry_reg[0] )
INFO: [Synth 8-3333] propagating constant 0 across sequential element (\f0_carry_reg[0] )
INFO: [Synth 8-3333] propagating constant 0 across sequential element (s2_subnormal_flushed_reg)
INFO: [Synth 8-3333] propagating constant 0 across sequential element (accumulator_subnormal_flushed_reg)
INFO: [Synth 8-3333] propagating constant 0 across sequential element (f0_subnormal_flushed_reg)
INFO: [Synth 8-3333] propagating constant 0 across sequential element (f1_subnormal_flushed_reg)
INFO: [Synth 8-3333] propagating constant 0 across sequential element (f2_subnormal_flushed_reg)
INFO: [Synth 8-3333] propagating constant 0 across sequential element (out_subnormal_flushed_reg)
INFO: [Synth 8-3886] merging instance 's1_product_reg[1]' (FDRE) to 's1_product_reg[0]'
INFO: [Synth 8-3333] propagating constant 0 across sequential element (\s1_product_reg[0] )
WARNING: [Synth 8-3917] design vit_fp16_dot_stream_csa_nodsp__xdcDup__1 has port m_axis_result_tlast driven by constant 1
INFO: [Synth 8-3333] propagating constant 0 across sequential element (s1_subnormal_flushed_reg)
INFO: [Synth 8-3333] propagating constant 0 across sequential element (\accumulator_carry_reg[0] )
INFO: [Synth 8-3333] propagating constant 0 across sequential element (\f0_carry_reg[0] )
INFO: [Synth 8-3333] propagating constant 0 across sequential element (s2_subnormal_flushed_reg)
INFO: [Synth 8-3333] propagating constant 0 across sequential element (accumulator_subnormal_flushed_reg)
INFO: [Synth 8-3333] propagating constant 0 across sequential element (f0_subnormal_flushed_reg)
INFO: [Synth 8-3333] propagating constant 0 across sequential element (f1_subnormal_flushed_reg)
INFO: [Synth 8-3333] propagating constant 0 across sequential element (f2_subnormal_flushed_reg)
INFO: [Synth 8-3333] propagating constant 0 across sequential element (out_subnormal_flushed_reg)
INFO: [Synth 8-3886] merging instance 's1_product_reg[1]' (FDRE) to 's1_product_reg[0]'
INFO: [Synth 8-3333] propagating constant 0 across sequential element (\s1_product_reg[0] )
INFO: [Synth 8-3333] propagating constant 0 across sequential element (\gen_stream[1].u_stream /s1_subnormal_flushed_reg)
INFO: [Synth 8-3333] propagating constant 0 across sequential element (\gen_stream[1].u_stream /\accumulator_carry_reg[0] )
INFO: [Synth 8-3333] propagating constant 0 across sequential element (\gen_stream[1].u_stream /\f0_carry_reg[0] )
INFO: [Synth 8-3333] propagating constant 0 across sequential element (\gen_stream[1].u_stream /s2_subnormal_flushed_reg)
INFO: [Synth 8-3333] propagating constant 0 across sequential element (\gen_stream[1].u_stream /accumulator_subnormal_flushed_reg)
INFO: [Synth 8-3333] propagating constant 0 across sequential element (\gen_stream[1].u_stream /f0_subnormal_flushed_reg)
INFO: [Synth 8-3333] propagating constant 0 across sequential element (\gen_stream[1].u_stream /f1_subnormal_flushed_reg)
INFO: [Synth 8-3333] propagating constant 0 across sequential element (\gen_stream[1].u_stream /f2_subnormal_flushed_reg)
INFO: [Synth 8-3333] propagating constant 0 across sequential element (\gen_stream[1].u_stream /out_subnormal_flushed_reg)
INFO: [Synth 8-3886] merging instance 'gen_stream[1].u_stream/s1_product_reg[1]' (FDRE) to 'gen_stream[1].u_stream/s1_product_reg[0]'
INFO: [Synth 8-3333] propagating constant 0 across sequential element (\gen_stream[1].u_stream /\s1_product_reg[0] )
INFO: [Synth 8-5544] ROM "gelu_add_coefficient" won't be mapped to Block RAM because address size (2) smaller than threshold (5)
INFO: [Synth 8-5544] ROM "exp_add_coefficient" won't be mapped to Block RAM because address size (3) smaller than threshold (5)
INFO: [Synth 8-3886] merging instance 'u_vector/result_base_reg_reg[0]' (FDRE) to 'u_vector/result_base_reg_reg[1]'
INFO: [Synth 8-3886] merging instance 'u_vector/result_base_reg_reg[1]' (FDRE) to 'u_vector/result_base_reg_reg[2]'
INFO: [Synth 8-3886] merging instance 'u_vector/result_base_reg_reg[2]' (FDRE) to 'u_vector/result_base_reg_reg[3]'
INFO: [Synth 8-3333] propagating constant 0 across sequential element (u_vector/\result_base_reg_reg[3] )
INFO: [Synth 8-3886] merging instance 'u_gelu/result_base_index_reg[0]' (FDRE) to 'u_gelu/result_base_index_reg[1]'
INFO: [Synth 8-3886] merging instance 'u_gelu/result_base_index_reg[1]' (FDRE) to 'u_gelu/result_base_index_reg[2]'
INFO: [Synth 8-3886] merging instance 'u_gelu/result_base_index_reg[2]' (FDRE) to 'u_gelu/result_base_index_reg[3]'
INFO: [Synth 8-3333] propagating constant 0 across sequential element (u_gelu/\result_base_index_reg[3] )
INFO: [Synth 8-3886] merging instance 'u_gelu/u_serial_core/erf_magnitude_reg[30]' (FDRE) to 'u_gelu/u_serial_core/erf_magnitude_reg[31]'
INFO: [Synth 8-3333] propagating constant 0 across sequential element (u_gelu/u_serial_core/\erf_magnitude_reg[31] )
INFO: [Common 17-14] Message 'Synth 8-7129' appears 100 times and further instances of the messages will be disabled. Use the Tcl command set_msg_config to change the current settings.
INFO: [Synth 8-7030] Implemented Non-Cascaded Block Ram (cascade_height = 1) of width 32 for RAM "u_layernorm/gen_row_affine_buffers.gamma_buffer_reg"
INFO: [Synth 8-7030] Implemented Non-Cascaded Block Ram (cascade_height = 1) of width 32 for RAM "u_layernorm/gen_row_affine_buffers.sample_buffer_reg"
INFO: [Synth 8-7030] Implemented Non-Cascaded Block Ram (cascade_height = 1) of width 32 for RAM "u_layernorm/gen_row_affine_buffers.beta_buffer_reg"
INFO: [Synth 8-3886] merging instance 'u_layernorm/u_reciprocal_hidden_size/unbiased_exponent_reg[5]' (FDRE) to 'u_layernorm/u_reciprocal_hidden_size/unbiased_exponent_reg[6]'
INFO: [Synth 8-3886] merging instance 'u_layernorm/u_reciprocal_hidden_size/unbiased_exponent_reg[6]' (FDRE) to 'u_layernorm/u_reciprocal_hidden_size/unbiased_exponent_reg[7]'
INFO: [Synth 8-3886] merging instance 'u_layernorm/u_reciprocal_hidden_size/denominator_reg[63]' (FDRE) to 'u_layernorm/u_reciprocal_hidden_size/denominator_reg[32]'
INFO: [Synth 8-3886] merging instance 'u_layernorm/u_reciprocal_hidden_size/denominator_reg[60]' (FDRE) to 'u_layernorm/u_reciprocal_hidden_size/denominator_reg[32]'
INFO: [Synth 8-3886] merging instance 'u_layernorm/u_reciprocal_hidden_size/denominator_reg[61]' (FDRE) to 'u_layernorm/u_reciprocal_hidden_size/denominator_reg[32]'
INFO: [Synth 8-3886] merging instance 'u_layernorm/u_reciprocal_hidden_size/denominator_reg[62]' (FDRE) to 'u_layernorm/u_reciprocal_hidden_size/denominator_reg[32]'
INFO: [Synth 8-3886] merging instance 'u_layernorm/u_reciprocal_hidden_size/denominator_reg[57]' (FDRE) to 'u_layernorm/u_reciprocal_hidden_size/denominator_reg[32]'
INFO: [Synth 8-3886] merging instance 'u_layernorm/u_reciprocal_hidden_size/denominator_reg[58]' (FDRE) to 'u_layernorm/u_reciprocal_hidden_size/denominator_reg[32]'
INFO: [Synth 8-3886] merging instance 'u_layernorm/u_reciprocal_hidden_size/denominator_reg[59]' (FDRE) to 'u_layernorm/u_reciprocal_hidden_size/denominator_reg[32]'
INFO: [Synth 8-3886] merging instance 'u_layernorm/u_reciprocal_hidden_size/denominator_reg[54]' (FDRE) to 'u_layernorm/u_reciprocal_hidden_size/denominator_reg[32]'
INFO: [Synth 8-3886] merging instance 'u_layernorm/u_reciprocal_hidden_size/denominator_reg[55]' (FDRE) to 'u_layernorm/u_reciprocal_hidden_size/denominator_reg[32]'
INFO: [Synth 8-3886] merging instance 'u_layernorm/u_reciprocal_hidden_size/denominator_reg[56]' (FDRE) to 'u_layernorm/u_reciprocal_hidden_size/denominator_reg[32]'
INFO: [Synth 8-3886] merging instance 'u_layernorm/u_reciprocal_hidden_size/denominator_reg[51]' (FDRE) to 'u_layernorm/u_reciprocal_hidden_size/denominator_reg[32]'
INFO: [Synth 8-3886] merging instance 'u_layernorm/u_reciprocal_hidden_size/denominator_reg[52]' (FDRE) to 'u_layernorm/u_reciprocal_hidden_size/denominator_reg[32]'
INFO: [Synth 8-3886] merging instance 'u_layernorm/u_reciprocal_hidden_size/denominator_reg[53]' (FDRE) to 'u_layernorm/u_reciprocal_hidden_size/denominator_reg[32]'
INFO: [Synth 8-3886] merging instance 'u_layernorm/u_reciprocal_hidden_size/denominator_reg[48]' (FDRE) to 'u_layernorm/u_reciprocal_hidden_size/denominator_reg[32]'
INFO: [Synth 8-3886] merging instance 'u_layernorm/u_reciprocal_hidden_size/denominator_reg[49]' (FDRE) to 'u_layernorm/u_reciprocal_hidden_size/denominator_reg[32]'
INFO: [Synth 8-3886] merging instance 'u_layernorm/u_reciprocal_hidden_size/denominator_reg[50]' (FDRE) to 'u_layernorm/u_reciprocal_hidden_size/denominator_reg[32]'
INFO: [Synth 8-3886] merging instance 'u_layernorm/u_reciprocal_hidden_size/denominator_reg[45]' (FDRE) to 'u_layernorm/u_reciprocal_hidden_size/denominator_reg[32]'
INFO: [Synth 8-3886] merging instance 'u_layernorm/u_reciprocal_hidden_size/denominator_reg[46]' (FDRE) to 'u_layernorm/u_reciprocal_hidden_size/denominator_reg[32]'
INFO: [Synth 8-3886] merging instance 'u_layernorm/u_reciprocal_hidden_size/denominator_reg[47]' (FDRE) to 'u_layernorm/u_reciprocal_hidden_size/denominator_reg[32]'
INFO: [Synth 8-3886] merging instance 'u_layernorm/u_reciprocal_hidden_size/denominator_reg[42]' (FDRE) to 'u_layernorm/u_reciprocal_hidden_size/denominator_reg[32]'
INFO: [Synth 8-3886] merging instance 'u_layernorm/u_reciprocal_hidden_size/denominator_reg[43]' (FDRE) to 'u_layernorm/u_reciprocal_hidden_size/denominator_reg[32]'
INFO: [Synth 8-3886] merging instance 'u_layernorm/u_reciprocal_hidden_size/denominator_reg[44]' (FDRE) to 'u_layernorm/u_reciprocal_hidden_size/denominator_reg[32]'
INFO: [Synth 8-3886] merging instance 'u_layernorm/u_reciprocal_hidden_size/denominator_reg[39]' (FDRE) to 'u_layernorm/u_reciprocal_hidden_size/denominator_reg[32]'
INFO: [Synth 8-3886] merging instance 'u_layernorm/u_reciprocal_hidden_size/denominator_reg[40]' (FDRE) to 'u_layernorm/u_reciprocal_hidden_size/denominator_reg[32]'
INFO: [Synth 8-3886] merging instance 'u_layernorm/u_reciprocal_hidden_size/denominator_reg[41]' (FDRE) to 'u_layernorm/u_reciprocal_hidden_size/denominator_reg[32]'
INFO: [Synth 8-3886] merging instance 'u_layernorm/u_reciprocal_hidden_size/denominator_reg[36]' (FDRE) to 'u_layernorm/u_reciprocal_hidden_size/denominator_reg[32]'
INFO: [Synth 8-3886] merging instance 'u_layernorm/u_reciprocal_hidden_size/denominator_reg[37]' (FDRE) to 'u_layernorm/u_reciprocal_hidden_size/denominator_reg[32]'
INFO: [Synth 8-3886] merging instance 'u_layernorm/u_reciprocal_hidden_size/denominator_reg[38]' (FDRE) to 'u_layernorm/u_reciprocal_hidden_size/denominator_reg[32]'
INFO: [Synth 8-3886] merging instance 'u_layernorm/u_reciprocal_hidden_size/denominator_reg[33]' (FDRE) to 'u_layernorm/u_reciprocal_hidden_size/denominator_reg[32]'
INFO: [Synth 8-3886] merging instance 'u_layernorm/u_reciprocal_hidden_size/denominator_reg[34]' (FDRE) to 'u_layernorm/u_reciprocal_hidden_size/denominator_reg[32]'
INFO: [Synth 8-3886] merging instance 'u_layernorm/u_reciprocal_hidden_size/denominator_reg[35]' (FDRE) to 'u_layernorm/u_reciprocal_hidden_size/denominator_reg[32]'
INFO: [Synth 8-3333] propagating constant 0 across sequential element (u_layernorm/u_reciprocal_hidden_size/\denominator_reg[32] )
INFO: [Common 17-14] Message 'Synth 8-3333' appears 100 times and further instances of the messages will be disabled. Use the Tcl command set_msg_config to change the current settings.
INFO: [Synth 8-3886] merging instance 'u_layernorm/u_reciprocal_hidden_size/dividend_reg[59]' (FDRE) to 'u_layernorm/u_reciprocal_hidden_size/dividend_reg[63]'
INFO: [Synth 8-3886] merging instance 'u_layernorm/u_reciprocal_hidden_size/dividend_reg[58]' (FDRE) to 'u_layernorm/u_reciprocal_hidden_size/dividend_reg[63]'
INFO: [Synth 8-3886] merging instance 'u_layernorm/u_reciprocal_hidden_size/dividend_reg[57]' (FDRE) to 'u_layernorm/u_reciprocal_hidden_size/dividend_reg[63]'
INFO: [Synth 8-3886] merging instance 'u_layernorm/u_reciprocal_hidden_size/dividend_reg[56]' (FDRE) to 'u_layernorm/u_reciprocal_hidden_size/dividend_reg[63]'
INFO: [Synth 8-3886] merging instance 'u_layernorm/u_reciprocal_hidden_size/dividend_reg[63]' (FDRE) to 'u_layernorm/u_reciprocal_hidden_size/dividend_reg[62]'
INFO: [Synth 8-3886] merging instance 'u_layernorm/u_reciprocal_hidden_size/dividend_reg[62]' (FDRE) to 'u_layernorm/u_reciprocal_hidden_size/dividend_reg[61]'
INFO: [Synth 8-3886] merging instance 'u_layernorm/u_reciprocal_hidden_size/dividend_reg[61]' (FDRE) to 'u_layernorm/u_reciprocal_hidden_size/dividend_reg[60]'
INFO: [Synth 8-3886] merging instance 'u_layernorm/u_reciprocal_hidden_size/dividend_reg[60]' (FDRE) to 'u_layernorm/u_reciprocal_hidden_size/dividend_reg[22]'
INFO: [Synth 8-3886] merging instance 'u_layernorm/u_reciprocal_hidden_size/dividend_reg[15]' (FDRE) to 'u_layernorm/u_reciprocal_hidden_size/dividend_reg[22]'
INFO: [Synth 8-3886] merging instance 'u_layernorm/u_reciprocal_hidden_size/dividend_reg[14]' (FDRE) to 'u_layernorm/u_reciprocal_hidden_size/dividend_reg[22]'
INFO: [Synth 8-3886] merging instance 'u_layernorm/u_reciprocal_hidden_size/dividend_reg[13]' (FDRE) to 'u_layernorm/u_reciprocal_hidden_size/dividend_reg[22]'
INFO: [Synth 8-3886] merging instance 'u_layernorm/u_reciprocal_hidden_size/dividend_reg[12]' (FDRE) to 'u_layernorm/u_reciprocal_hidden_size/dividend_reg[22]'
INFO: [Synth 8-3886] merging instance 'u_layernorm/u_reciprocal_hidden_size/dividend_reg[11]' (FDRE) to 'u_layernorm/u_reciprocal_hidden_size/dividend_reg[22]'
INFO: [Synth 8-3886] merging instance 'u_layernorm/u_reciprocal_hidden_size/dividend_reg[10]' (FDRE) to 'u_layernorm/u_reciprocal_hidden_size/dividend_reg[22]'
INFO: [Synth 8-3886] merging instance 'u_layernorm/u_reciprocal_hidden_size/dividend_reg[9]' (FDRE) to 'u_layernorm/u_reciprocal_hidden_size/dividend_reg[22]'
INFO: [Synth 8-3886] merging instance 'u_layernorm/u_reciprocal_hidden_size/dividend_reg[8]' (FDRE) to 'u_layernorm/u_reciprocal_hidden_size/dividend_reg[22]'
INFO: [Synth 8-3886] merging instance 'u_layernorm/u_reciprocal_hidden_size/dividend_reg[7]' (FDRE) to 'u_layernorm/u_reciprocal_hidden_size/dividend_reg[22]'
INFO: [Synth 8-3886] merging instance 'u_layernorm/u_reciprocal_hidden_size/dividend_reg[6]' (FDRE) to 'u_layernorm/u_reciprocal_hidden_size/dividend_reg[22]'
INFO: [Synth 8-3886] merging instance 'u_layernorm/u_reciprocal_hidden_size/dividend_reg[5]' (FDRE) to 'u_layernorm/u_reciprocal_hidden_size/dividend_reg[22]'
INFO: [Synth 8-3886] merging instance 'u_layernorm/u_reciprocal_hidden_size/dividend_reg[4]' (FDRE) to 'u_layernorm/u_reciprocal_hidden_size/dividend_reg[22]'
INFO: [Synth 8-3886] merging instance 'u_layernorm/u_reciprocal_hidden_size/dividend_reg[3]' (FDRE) to 'u_layernorm/u_reciprocal_hidden_size/dividend_reg[22]'
INFO: [Synth 8-3886] merging instance 'u_layernorm/u_reciprocal_hidden_size/dividend_reg[2]' (FDRE) to 'u_layernorm/u_reciprocal_hidden_size/dividend_reg[22]'
INFO: [Synth 8-3886] merging instance 'u_layernorm/u_reciprocal_hidden_size/dividend_reg[1]' (FDRE) to 'u_layernorm/u_reciprocal_hidden_size/dividend_reg[22]'
INFO: [Synth 8-3886] merging instance 'u_layernorm/u_reciprocal_hidden_size/dividend_reg[0]' (FDRE) to 'u_layernorm/u_reciprocal_hidden_size/dividend_reg[22]'
INFO: [Synth 8-3886] merging instance 'u_layernorm/u_reciprocal_hidden_size/dividend_reg[19]' (FDRE) to 'u_layernorm/u_reciprocal_hidden_size/dividend_reg[22]'
INFO: [Synth 8-3886] merging instance 'u_layernorm/u_reciprocal_hidden_size/dividend_reg[18]' (FDRE) to 'u_layernorm/u_reciprocal_hidden_size/dividend_reg[22]'
INFO: [Synth 8-3886] merging instance 'u_layernorm/u_reciprocal_hidden_size/dividend_reg[17]' (FDRE) to 'u_layernorm/u_reciprocal_hidden_size/dividend_reg[22]'
INFO: [Synth 8-3886] merging instance 'u_layernorm/u_reciprocal_hidden_size/dividend_reg[16]' (FDRE) to 'u_layernorm/u_reciprocal_hidden_size/dividend_reg[22]'
INFO: [Synth 8-3886] merging instance 'u_layernorm/u_reciprocal_hidden_size/dividend_reg[22]' (FDRE) to 'u_layernorm/u_reciprocal_hidden_size/dividend_reg[21]'
INFO: [Synth 8-3886] merging instance 'u_layernorm/u_reciprocal_hidden_size/dividend_reg[21]' (FDRE) to 'u_layernorm/u_reciprocal_hidden_size/dividend_reg[20]'
INFO: [Synth 8-5544] ROM "exp_add_coefficient" won't be mapped to Block RAM because address size (3) smaller than threshold (5)
INFO: [Synth 8-7030] Implemented Non-Cascaded Block Ram (cascade_height = 1) of width 32 for RAM "u_softmax/row_exp_buffer_reg"
INFO: [Synth 8-3886] merging instance 'u_m7_overlap_counters/overflow_published_reg[19]' (FDRE) to 'u_m7_overlap_counters/overflow_published_reg[22]'
INFO: [Synth 8-3886] merging instance 'u_m5_axi_counters/overflow_published_reg[5]' (FDRE) to 'u_m5_axi_counters/protocol_error_published_reg[7]'
INFO: [Synth 8-3886] merging instance 'u_m5_axi_counters/protocol_error_published_reg[2]' (FDRE) to 'u_m5_axi_counters/protocol_error_published_reg[7]'
INFO: [Synth 8-3886] merging instance 'u_m5_axi_counters/protocol_error_published_reg[3]' (FDRE) to 'u_m5_axi_counters/protocol_error_published_reg[7]'
INFO: [Synth 8-3886] merging instance 'u_m5_axi_counters/protocol_error_published_reg[4]' (FDRE) to 'u_m5_axi_counters/protocol_error_published_reg[7]'
INFO: [Synth 8-3886] merging instance 'u_m5_axi_counters/protocol_error_published_reg[5]' (FDRE) to 'u_m5_axi_counters/protocol_error_published_reg[7]'
INFO: [Synth 8-3886] merging instance 'u_m5_axi_counters/protocol_error_published_reg[6]' (FDRE) to 'u_m5_axi_counters/protocol_error_published_reg[7]'
INFO: [Synth 8-3886] merging instance 'u_mem_adapter/fill_base_reg[0]' (FDRE) to 'u_mem_adapter/fill_desc_addr_reg[1][0]'
INFO: [Common 17-14] Message 'Synth 8-3886' appears 100 times and further instances of the messages will be disabled. Use the Tcl command set_msg_config to change the current settings.
---------------------------------------------------------------------------------
Finished Cross Boundary and Area Optimization : Time (s): cpu = 00:03:16 ; elapsed = 00:03:15 . Memory (MB): peak = 3586.574 ; gain = 1296.012 ; free physical = 219515 ; free virtual = 236334
---------------------------------------------------------------------------------
---------------------------------------------------------------------------------
Start ROM, RAM, DSP, Shift Register and Retiming Reporting
---------------------------------------------------------------------------------

ROM: Preliminary Mapping Report
+----------------------+---------------+---------------+----------------+
|Module Name           | RTL Object    | Depth x Width | Implemented As | 
+----------------------+---------------+---------------+----------------+
|vit_phase_e_sequencer | generated_cmd | 32x2          | LUT            | 
|vit_phase_e_sequencer | generated_cmd | 32x4          | LUT            | 
|vit_phase_e_sequencer | generated_cmd | 32x1          | LUT            | 
|vit_phase_e_sequencer | generated_cmd | 32x4          | LUT            | 
|vit_phase_e_sequencer | generated_cmd | 32x4          | LUT            | 
|vit_phase_e_sequencer | generated_cmd | 32x2          | LUT            | 
|vit_phase_e_sequencer | generated_cmd | 32x3          | LUT            | 
|vit_phase_e_sequencer | generated_cmd | 32x2          | LUT            | 
|vit_phase_e_sequencer | generated_cmd | 32x4          | LUT            | 
|vit_phase_e_sequencer | generated_cmd | 32x1          | LUT            | 
|vit_phase_e_sequencer | generated_cmd | 32x4          | LUT            | 
|vit_phase_e_sequencer | generated_cmd | 32x4          | LUT            | 
|vit_phase_e_sequencer | generated_cmd | 32x2          | LUT            | 
|vit_phase_e_sequencer | generated_cmd | 32x3          | LUT            | 
+----------------------+---------------+---------------+----------------+


Block RAM: Preliminary Mapping Report (see note below)
+------------------------------+------------------------------------------+------------------------+---+---+------------------------+---+---+------------------+--------+--------+-----------------+
|Module Name                   | RTL Object                               | PORT A (Depth x Width) | W | R | PORT B (Depth x Width) | W | R | Ports driving FF | RAMB18 | RAMB36 | Cascade Heights | 
+------------------------------+------------------------------------------+------------------------+---+---+------------------------+---+---+------------------+--------+--------+-----------------+
|u_gemm_activation_panel_cache | gen_row_bank[7].row_memory_reg           | 3 K x 32(READ_FIRST)   | W |   | 3 K x 32(WRITE_FIRST)  |   | R | Port A and B     | 0      | 4      | 2,1,1           | 
|u_gemm_activation_panel_cache | gen_row_bank[6].row_memory_reg           | 3 K x 32(READ_FIRST)   | W |   | 3 K x 32(WRITE_FIRST)  |   | R | Port A and B     | 0      | 4      | 2,1,1           | 
|u_gemm_activation_panel_cache | gen_row_bank[5].row_memory_reg           | 3 K x 32(READ_FIRST)   | W |   | 3 K x 32(WRITE_FIRST)  |   | R | Port A and B     | 0      | 4      | 2,1,1           | 
|u_gemm_activation_panel_cache | gen_row_bank[4].row_memory_reg           | 3 K x 32(READ_FIRST)   | W |   | 3 K x 32(WRITE_FIRST)  |   | R | Port A and B     | 0      | 4      | 2,1,1           | 
|u_gemm_activation_panel_cache | gen_row_bank[3].row_memory_reg           | 3 K x 32(READ_FIRST)   | W |   | 3 K x 32(WRITE_FIRST)  |   | R | Port A and B     | 0      | 4      | 2,1,1           | 
|u_gemm_activation_panel_cache | gen_row_bank[2].row_memory_reg           | 3 K x 32(READ_FIRST)   | W |   | 3 K x 32(WRITE_FIRST)  |   | R | Port A and B     | 0      | 4      | 2,1,1           | 
|u_gemm_activation_panel_cache | gen_row_bank[1].row_memory_reg           | 3 K x 32(READ_FIRST)   | W |   | 3 K x 32(WRITE_FIRST)  |   | R | Port A and B     | 0      | 4      | 2,1,1           | 
|u_gemm_activation_panel_cache | gen_row_bank[0].row_memory_reg           | 3 K x 32(READ_FIRST)   | W |   | 3 K x 32(WRITE_FIRST)  |   | R | Port A and B     | 0      | 4      | 2,1,1           | 
|u_gemm_bias_cache             | bias_memory_reg                          | 3 K x 32(READ_FIRST)   | W |   | 3 K x 32(WRITE_FIRST)  |   | R | Port A and B     | 0      | 4      | 2,1,1           | 
|u_layernorm                   | gen_row_affine_buffers.gamma_buffer_reg  | 1 K x 32(READ_FIRST)   | W |   | 1 K x 32(WRITE_FIRST)  |   | R | Port A and B     | 0      | 1      | 1               | 
|u_layernorm                   | gen_row_affine_buffers.sample_buffer_reg | 1 K x 32(READ_FIRST)   | W |   | 1 K x 32(WRITE_FIRST)  |   | R | Port A and B     | 0      | 1      | 1               | 
|u_layernorm                   | gen_row_affine_buffers.beta_buffer_reg   | 1 K x 32(READ_FIRST)   | W |   | 1 K x 32(WRITE_FIRST)  |   | R | Port A and B     | 0      | 1      | 1               | 
|u_softmax                     | row_exp_buffer_reg                       | 1 K x 32(READ_FIRST)   | W |   | 1 K x 32(WRITE_FIRST)  |   | R | Port A and B     | 0      | 1      | 1               | 
|u_layer_param_table           | data_memory_reg                          | 192 x 32(READ_FIRST)   | W | R | 192 x 32(WRITE_FIRST)  |   | R | Port A and B     | 0      | 1      |                 | 
+------------------------------+------------------------------------------+------------------------+---+---+------------------------+---+---+------------------+--------+--------+-----------------+

Note: The table above is a preliminary report that shows the Block RAMs at the current stage of the synthesis flow. Some Block RAMs may be reimplemented as non Block RAM primitives later in the synthesis flow. Multiple instantiated Block RAMs are reported only once. 

Distributed RAM: Preliminary Mapping Report (see note below)
+-----------------------------------------------------------------+------------------+-----------+----------------------+----------------+
|Module Name                                                      | RTL Object       | Inference | Size (Depth x Width) | Primitives     | 
+-----------------------------------------------------------------+------------------+-----------+----------------------+----------------+
|vit_phase_e_profile_counters__GB0                                | trace_memory_reg | Implied   | 256 x 96             | RAM64M8 x 56   | 
|u_core/u_npu/u_engine/u_gemm/\gen_fp16.u_fp16 /i_1/u_result_fifo | entry_memory_reg | Implied   | 2 x 692              | RAM32M16 x 50  | 
+-----------------------------------------------------------------+------------------+-----------+----------------------+----------------+

Note: The table above is a preliminary report that shows the Distributed RAMs at the current stage of the synthesis flow. Some Distributed RAMs may be reimplemented as non Distributed RAM primitives later in the synthesis flow. Multiple instantiated RAMs are reported only once.
---------------------------------------------------------------------------------
Finished ROM, RAM, DSP, Shift Register and Retiming Reporting
---------------------------------------------------------------------------------
---------------------------------------------------------------------------------
Start Applying XDC Timing Constraints
---------------------------------------------------------------------------------
---------------------------------------------------------------------------------
Finished Applying XDC Timing Constraints : Time (s): cpu = 00:03:29 ; elapsed = 00:03:28 . Memory (MB): peak = 3706.355 ; gain = 1415.793 ; free physical = 219452 ; free virtual = 236271
---------------------------------------------------------------------------------
---------------------------------------------------------------------------------
Start Timing Optimization
---------------------------------------------------------------------------------
---------------------------------------------------------------------------------
Finished Timing Optimization : Time (s): cpu = 00:05:15 ; elapsed = 00:05:17 . Memory (MB): peak = 4167.762 ; gain = 1877.199 ; free physical = 218735 ; free virtual = 235594
---------------------------------------------------------------------------------
---------------------------------------------------------------------------------
Start ROM, RAM, DSP, Shift Register and Retiming Reporting
---------------------------------------------------------------------------------

Block RAM: Final Mapping Report
+------------------------------+------------------------------------------+------------------------+---+---+------------------------+---+---+------------------+--------+--------+-----------------+
|Module Name                   | RTL Object                               | PORT A (Depth x Width) | W | R | PORT B (Depth x Width) | W | R | Ports driving FF | RAMB18 | RAMB36 | Cascade Heights | 
+------------------------------+------------------------------------------+------------------------+---+---+------------------------+---+---+------------------+--------+--------+-----------------+
|u_gemm_activation_panel_cache | gen_row_bank[7].row_memory_reg           | 3 K x 32(READ_FIRST)   | W |   | 3 K x 32(WRITE_FIRST)  |   | R | Port A and B     | 0      | 4      | 2,1,1           | 
|u_gemm_activation_panel_cache | gen_row_bank[6].row_memory_reg           | 3 K x 32(READ_FIRST)   | W |   | 3 K x 32(WRITE_FIRST)  |   | R | Port A and B     | 0      | 4      | 2,1,1           | 
|u_gemm_activation_panel_cache | gen_row_bank[5].row_memory_reg           | 3 K x 32(READ_FIRST)   | W |   | 3 K x 32(WRITE_FIRST)  |   | R | Port A and B     | 0      | 4      | 2,1,1           | 
|u_gemm_activation_panel_cache | gen_row_bank[4].row_memory_reg           | 3 K x 32(READ_FIRST)   | W |   | 3 K x 32(WRITE_FIRST)  |   | R | Port A and B     | 0      | 4      | 2,1,1           | 
|u_gemm_activation_panel_cache | gen_row_bank[3].row_memory_reg           | 3 K x 32(READ_FIRST)   | W |   | 3 K x 32(WRITE_FIRST)  |   | R | Port A and B     | 0      | 4      | 2,1,1           | 
|u_gemm_activation_panel_cache | gen_row_bank[2].row_memory_reg           | 3 K x 32(READ_FIRST)   | W |   | 3 K x 32(WRITE_FIRST)  |   | R | Port A and B     | 0      | 4      | 2,1,1           | 
|u_gemm_activation_panel_cache | gen_row_bank[1].row_memory_reg           | 3 K x 32(READ_FIRST)   | W |   | 3 K x 32(WRITE_FIRST)  |   | R | Port A and B     | 0      | 4      | 2,1,1           | 
|u_gemm_activation_panel_cache | gen_row_bank[0].row_memory_reg           | 3 K x 32(READ_FIRST)   | W |   | 3 K x 32(WRITE_FIRST)  |   | R | Port A and B     | 0      | 4      | 2,1,1           | 
|u_gemm_bias_cache             | bias_memory_reg                          | 3 K x 32(READ_FIRST)   | W |   | 3 K x 32(WRITE_FIRST)  |   | R | Port A and B     | 0      | 4      | 2,1,1           | 
|u_layernorm                   | gen_row_affine_buffers.gamma_buffer_reg  | 1 K x 32(READ_FIRST)   | W |   | 1 K x 32(WRITE_FIRST)  |   | R | Port A and B     | 0      | 1      | 1               | 
|u_layernorm                   | gen_row_affine_buffers.sample_buffer_reg | 1 K x 32(READ_FIRST)   | W |   | 1 K x 32(WRITE_FIRST)  |   | R | Port A and B     | 0      | 1      | 1               | 
|u_layernorm                   | gen_row_affine_buffers.beta_buffer_reg   | 1 K x 32(READ_FIRST)   | W |   | 1 K x 32(WRITE_FIRST)  |   | R | Port A and B     | 0      | 1      | 1               | 
|u_softmax                     | row_exp_buffer_reg                       | 1 K x 32(READ_FIRST)   | W |   | 1 K x 32(WRITE_FIRST)  |   | R | Port A and B     | 0      | 1      | 1               | 
|u_layer_param_table           | data_memory_reg                          | 192 x 32(READ_FIRST)   | W | R | 192 x 32(WRITE_FIRST)  |   | R | Port A and B     | 0      | 1      |                 | 
+------------------------------+------------------------------------------+------------------------+---+---+------------------------+---+---+------------------+--------+--------+-----------------+


Distributed RAM: Final Mapping Report
+-----------------------------------------------------------------+------------------+-----------+----------------------+----------------+
|Module Name                                                      | RTL Object       | Inference | Size (Depth x Width) | Primitives     | 
+-----------------------------------------------------------------+------------------+-----------+----------------------+----------------+
|vit_phase_e_profile_counters__GB0                                | trace_memory_reg | Implied   | 256 x 96             | RAM64M8 x 56   | 
|u_core/u_npu/u_engine/u_gemm/\gen_fp16.u_fp16 /i_1/u_result_fifo | entry_memory_reg | Implied   | 2 x 692              | RAM32M16 x 50  | 
+-----------------------------------------------------------------+------------------+-----------+----------------------+----------------+

---------------------------------------------------------------------------------
Finished ROM, RAM, DSP, Shift Register and Retiming Reporting
---------------------------------------------------------------------------------
---------------------------------------------------------------------------------
Start Technology Mapping
---------------------------------------------------------------------------------
INFO: [Synth 8-7052] The timing for the instance u_core/u_npu/u_engine/u_memory_frontend/i_13/u_gemm_bias_cache/bias_memory_reg_bram_1 (implemented as a Block RAM) might be sub-optimal as no optional output register could be merged into the ram block. Providing additional output register may help in improving timing.
INFO: [Synth 8-7052] The timing for the instance u_core/u_npu/u_engine/u_memory_frontend/i_13/u_gemm_bias_cache/bias_memory_reg_bram_2 (implemented as a Block RAM) might be sub-optimal as no optional output register could be merged into the ram block. Providing additional output register may help in improving timing.
INFO: [Synth 8-7052] The timing for the instance u_core/u_npu/u_engine/u_memory_frontend/i_13/u_gemm_bias_cache/bias_memory_reg_bram_3 (implemented as a Block RAM) might be sub-optimal as no optional output register could be merged into the ram block. Providing additional output register may help in improving timing.
INFO: [Synth 8-7052] The timing for the instance u_core/u_npu/u_engine/u_memory_frontend/i_9/u_gemm_activation_panel_cache/gen_row_bank[7].row_memory_reg_bram_1 (implemented as a Block RAM) might be sub-optimal as no optional output register could be merged into the ram block. Providing additional output register may help in improving timing.
INFO: [Synth 8-7052] The timing for the instance u_core/u_npu/u_engine/u_memory_frontend/i_9/u_gemm_activation_panel_cache/gen_row_bank[7].row_memory_reg_bram_2 (implemented as a Block RAM) might be sub-optimal as no optional output register could be merged into the ram block. Providing additional output register may help in improving timing.
INFO: [Synth 8-7052] The timing for the instance u_core/u_npu/u_engine/u_memory_frontend/i_9/u_gemm_activation_panel_cache/gen_row_bank[7].row_memory_reg_bram_3 (implemented as a Block RAM) might be sub-optimal as no optional output register could be merged into the ram block. Providing additional output register may help in improving timing.
INFO: [Synth 8-7052] The timing for the instance u_core/u_npu/u_engine/u_memory_frontend/i_9/u_gemm_activation_panel_cache/gen_row_bank[6].row_memory_reg_bram_1 (implemented as a Block RAM) might be sub-optimal as no optional output register could be merged into the ram block. Providing additional output register may help in improving timing.
INFO: [Synth 8-7052] The timing for the instance u_core/u_npu/u_engine/u_memory_frontend/i_9/u_gemm_activation_panel_cache/gen_row_bank[6].row_memory_reg_bram_2 (implemented as a Block RAM) might be sub-optimal as no optional output register could be merged into the ram block. Providing additional output register may help in improving timing.
INFO: [Synth 8-7052] The timing for the instance u_core/u_npu/u_engine/u_memory_frontend/i_9/u_gemm_activation_panel_cache/gen_row_bank[6].row_memory_reg_bram_3 (implemented as a Block RAM) might be sub-optimal as no optional output register could be merged into the ram block. Providing additional output register may help in improving timing.
INFO: [Synth 8-7052] The timing for the instance u_core/u_npu/u_engine/u_memory_frontend/i_9/u_gemm_activation_panel_cache/gen_row_bank[5].row_memory_reg_bram_1 (implemented as a Block RAM) might be sub-optimal as no optional output register could be merged into the ram block. Providing additional output register may help in improving timing.
INFO: [Synth 8-7052] The timing for the instance u_core/u_npu/u_engine/u_memory_frontend/i_9/u_gemm_activation_panel_cache/gen_row_bank[5].row_memory_reg_bram_2 (implemented as a Block RAM) might be sub-optimal as no optional output register could be merged into the ram block. Providing additional output register may help in improving timing.
INFO: [Synth 8-7052] The timing for the instance u_core/u_npu/u_engine/u_memory_frontend/i_9/u_gemm_activation_panel_cache/gen_row_bank[5].row_memory_reg_bram_3 (implemented as a Block RAM) might be sub-optimal as no optional output register could be merged into the ram block. Providing additional output register may help in improving timing.
INFO: [Synth 8-7052] The timing for the instance u_core/u_npu/u_engine/u_memory_frontend/i_9/u_gemm_activation_panel_cache/gen_row_bank[4].row_memory_reg_bram_1 (implemented as a Block RAM) might be sub-optimal as no optional output register could be merged into the ram block. Providing additional output register may help in improving timing.
INFO: [Synth 8-7052] The timing for the instance u_core/u_npu/u_engine/u_memory_frontend/i_9/u_gemm_activation_panel_cache/gen_row_bank[4].row_memory_reg_bram_2 (implemented as a Block RAM) might be sub-optimal as no optional output register could be merged into the ram block. Providing additional output register may help in improving timing.
INFO: [Synth 8-7052] The timing for the instance u_core/u_npu/u_engine/u_memory_frontend/i_9/u_gemm_activation_panel_cache/gen_row_bank[4].row_memory_reg_bram_3 (implemented as a Block RAM) might be sub-optimal as no optional output register could be merged into the ram block. Providing additional output register may help in improving timing.
INFO: [Synth 8-7052] The timing for the instance u_core/u_npu/u_engine/u_memory_frontend/i_9/u_gemm_activation_panel_cache/gen_row_bank[3].row_memory_reg_bram_1 (implemented as a Block RAM) might be sub-optimal as no optional output register could be merged into the ram block. Providing additional output register may help in improving timing.
INFO: [Synth 8-7052] The timing for the instance u_core/u_npu/u_engine/u_memory_frontend/i_9/u_gemm_activation_panel_cache/gen_row_bank[3].row_memory_reg_bram_2 (implemented as a Block RAM) might be sub-optimal as no optional output register could be merged into the ram block. Providing additional output register may help in improving timing.
INFO: [Synth 8-7052] The timing for the instance u_core/u_npu/u_engine/u_memory_frontend/i_9/u_gemm_activation_panel_cache/gen_row_bank[3].row_memory_reg_bram_3 (implemented as a Block RAM) might be sub-optimal as no optional output register could be merged into the ram block. Providing additional output register may help in improving timing.
INFO: [Synth 8-7052] The timing for the instance u_core/u_npu/u_engine/u_memory_frontend/i_9/u_gemm_activation_panel_cache/gen_row_bank[2].row_memory_reg_bram_1 (implemented as a Block RAM) might be sub-optimal as no optional output register could be merged into the ram block. Providing additional output register may help in improving timing.
INFO: [Synth 8-7052] The timing for the instance u_core/u_npu/u_engine/u_memory_frontend/i_9/u_gemm_activation_panel_cache/gen_row_bank[2].row_memory_reg_bram_2 (implemented as a Block RAM) might be sub-optimal as no optional output register could be merged into the ram block. Providing additional output register may help in improving timing.
INFO: [Synth 8-7052] The timing for the instance u_core/u_npu/u_engine/u_memory_frontend/i_9/u_gemm_activation_panel_cache/gen_row_bank[2].row_memory_reg_bram_3 (implemented as a Block RAM) might be sub-optimal as no optional output register could be merged into the ram block. Providing additional output register may help in improving timing.
INFO: [Synth 8-7052] The timing for the instance u_core/u_npu/u_engine/u_memory_frontend/i_9/u_gemm_activation_panel_cache/gen_row_bank[1].row_memory_reg_bram_1 (implemented as a Block RAM) might be sub-optimal as no optional output register could be merged into the ram block. Providing additional output register may help in improving timing.
INFO: [Synth 8-7052] The timing for the instance u_core/u_npu/u_engine/u_memory_frontend/i_9/u_gemm_activation_panel_cache/gen_row_bank[1].row_memory_reg_bram_2 (implemented as a Block RAM) might be sub-optimal as no optional output register could be merged into the ram block. Providing additional output register may help in improving timing.
INFO: [Synth 8-7052] The timing for the instance u_core/u_npu/u_engine/u_memory_frontend/i_9/u_gemm_activation_panel_cache/gen_row_bank[1].row_memory_reg_bram_3 (implemented as a Block RAM) might be sub-optimal as no optional output register could be merged into the ram block. Providing additional output register may help in improving timing.
INFO: [Synth 8-7052] The timing for the instance u_core/u_npu/u_engine/u_memory_frontend/i_9/u_gemm_activation_panel_cache/gen_row_bank[0].row_memory_reg_bram_1 (implemented as a Block RAM) might be sub-optimal as no optional output register could be merged into the ram block. Providing additional output register may help in improving timing.
INFO: [Synth 8-7052] The timing for the instance u_core/u_npu/u_engine/u_memory_frontend/i_9/u_gemm_activation_panel_cache/gen_row_bank[0].row_memory_reg_bram_2 (implemented as a Block RAM) might be sub-optimal as no optional output register could be merged into the ram block. Providing additional output register may help in improving timing.
INFO: [Synth 8-7052] The timing for the instance u_core/u_npu/u_engine/u_memory_frontend/i_9/u_gemm_activation_panel_cache/gen_row_bank[0].row_memory_reg_bram_3 (implemented as a Block RAM) might be sub-optimal as no optional output register could be merged into the ram block. Providing additional output register may help in improving timing.
INFO: [Synth 8-7052] The timing for the instance u_core/i_1/u_layer_param_table/data_memory_reg (implemented as a Block RAM) might be sub-optimal as no optional output register could be merged into the ram block. Providing additional output register may help in improving timing.
INFO: [Synth 8-7052] The timing for the instance u_core/i_1/u_layer_param_table/data_memory_reg (implemented as a Block RAM) might be sub-optimal as no optional output register could be merged into the ram block. Providing additional output register may help in improving timing.
INFO: [Synth 8-7052] The timing for the instance u_core/u_npu/u_engine/i_0/u_layernorm/gen_row_affine_buffers.gamma_buffer_reg_bram_0 (implemented as a Block RAM) might be sub-optimal as no optional output register could be merged into the ram block. Providing additional output register may help in improving timing.
INFO: [Synth 8-7052] The timing for the instance u_core/u_npu/u_engine/i_0/u_layernorm/gen_row_affine_buffers.sample_buffer_reg_bram_0 (implemented as a Block RAM) might be sub-optimal as no optional output register could be merged into the ram block. Providing additional output register may help in improving timing.
INFO: [Synth 8-7052] The timing for the instance u_core/u_npu/u_engine/i_0/u_layernorm/gen_row_affine_buffers.beta_buffer_reg_bram_0 (implemented as a Block RAM) might be sub-optimal as no optional output register could be merged into the ram block. Providing additional output register may help in improving timing.
INFO: [Synth 8-7052] The timing for the instance u_core/u_npu/u_engine/i_0/u_softmax/row_exp_buffer_reg_bram_0 (implemented as a Block RAM) might be sub-optimal as no optional output register could be merged into the ram block. Providing additional output register may help in improving timing.
---------------------------------------------------------------------------------
Finished Technology Mapping : Time (s): cpu = 00:05:55 ; elapsed = 00:05:58 . Memory (MB): peak = 4211.070 ; gain = 1920.508 ; free physical = 215396 ; free virtual = 232267
---------------------------------------------------------------------------------
---------------------------------------------------------------------------------
Start IO Insertion
---------------------------------------------------------------------------------
---------------------------------------------------------------------------------
Start Final Netlist Cleanup
---------------------------------------------------------------------------------
INFO: [Synth 8-7052] The timing for the instance u_core/u_npu/u_engine/u_memory_frontend/u_gemm_activation_panel_cache/gen_row_bank[7].row_memory_reg_bram_1 (implemented as a Block RAM) might be sub-optimal as no optional output register could be merged into the ram block. Providing additional output register may help in improving timing.
INFO: [Synth 8-7052] The timing for the instance u_core/u_npu/u_engine/u_memory_frontend/u_gemm_activation_panel_cache/gen_row_bank[7].row_memory_reg_bram_2 (implemented as a Block RAM) might be sub-optimal as no optional output register could be merged into the ram block. Providing additional output register may help in improving timing.
INFO: [Synth 8-7052] The timing for the instance u_core/u_npu/u_engine/u_memory_frontend/u_gemm_activation_panel_cache/gen_row_bank[7].row_memory_reg_bram_3 (implemented as a Block RAM) might be sub-optimal as no optional output register could be merged into the ram block. Providing additional output register may help in improving timing.
INFO: [Synth 8-7052] The timing for the instance u_core/u_npu/u_engine/u_memory_frontend/u_gemm_activation_panel_cache/gen_row_bank[6].row_memory_reg_bram_1 (implemented as a Block RAM) might be sub-optimal as no optional output register could be merged into the ram block. Providing additional output register may help in improving timing.
INFO: [Synth 8-7052] The timing for the instance u_core/u_npu/u_engine/u_memory_frontend/u_gemm_activation_panel_cache/gen_row_bank[6].row_memory_reg_bram_2 (implemented as a Block RAM) might be sub-optimal as no optional output register could be merged into the ram block. Providing additional output register may help in improving timing.
INFO: [Synth 8-7052] The timing for the instance u_core/u_npu/u_engine/u_memory_frontend/u_gemm_activation_panel_cache/gen_row_bank[6].row_memory_reg_bram_3 (implemented as a Block RAM) might be sub-optimal as no optional output register could be merged into the ram block. Providing additional output register may help in improving timing.
INFO: [Synth 8-7052] The timing for the instance u_core/u_npu/u_engine/u_memory_frontend/u_gemm_activation_panel_cache/gen_row_bank[5].row_memory_reg_bram_1 (implemented as a Block RAM) might be sub-optimal as no optional output register could be merged into the ram block. Providing additional output register may help in improving timing.
INFO: [Synth 8-7052] The timing for the instance u_core/u_npu/u_engine/u_memory_frontend/u_gemm_activation_panel_cache/gen_row_bank[5].row_memory_reg_bram_2 (implemented as a Block RAM) might be sub-optimal as no optional output register could be merged into the ram block. Providing additional output register may help in improving timing.
INFO: [Synth 8-7052] The timing for the instance u_core/u_npu/u_engine/u_memory_frontend/u_gemm_activation_panel_cache/gen_row_bank[5].row_memory_reg_bram_3 (implemented as a Block RAM) might be sub-optimal as no optional output register could be merged into the ram block. Providing additional output register may help in improving timing.
INFO: [Synth 8-7052] The timing for the instance u_core/u_npu/u_engine/u_memory_frontend/u_gemm_activation_panel_cache/gen_row_bank[4].row_memory_reg_bram_1 (implemented as a Block RAM) might be sub-optimal as no optional output register could be merged into the ram block. Providing additional output register may help in improving timing.
INFO: [Synth 8-7052] The timing for the instance u_core/u_npu/u_engine/u_memory_frontend/u_gemm_activation_panel_cache/gen_row_bank[4].row_memory_reg_bram_2 (implemented as a Block RAM) might be sub-optimal as no optional output register could be merged into the ram block. Providing additional output register may help in improving timing.
INFO: [Synth 8-7052] The timing for the instance u_core/u_npu/u_engine/u_memory_frontend/u_gemm_activation_panel_cache/gen_row_bank[4].row_memory_reg_bram_3 (implemented as a Block RAM) might be sub-optimal as no optional output register could be merged into the ram block. Providing additional output register may help in improving timing.
INFO: [Synth 8-7052] The timing for the instance u_core/u_npu/u_engine/u_memory_frontend/u_gemm_activation_panel_cache/gen_row_bank[3].row_memory_reg_bram_1 (implemented as a Block RAM) might be sub-optimal as no optional output register could be merged into the ram block. Providing additional output register may help in improving timing.
INFO: [Synth 8-7052] The timing for the instance u_core/u_npu/u_engine/u_memory_frontend/u_gemm_activation_panel_cache/gen_row_bank[3].row_memory_reg_bram_2 (implemented as a Block RAM) might be sub-optimal as no optional output register could be merged into the ram block. Providing additional output register may help in improving timing.
INFO: [Synth 8-7052] The timing for the instance u_core/u_npu/u_engine/u_memory_frontend/u_gemm_activation_panel_cache/gen_row_bank[3].row_memory_reg_bram_3 (implemented as a Block RAM) might be sub-optimal as no optional output register could be merged into the ram block. Providing additional output register may help in improving timing.
INFO: [Synth 8-7052] The timing for the instance u_core/u_npu/u_engine/u_memory_frontend/u_gemm_activation_panel_cache/gen_row_bank[2].row_memory_reg_bram_1 (implemented as a Block RAM) might be sub-optimal as no optional output register could be merged into the ram block. Providing additional output register may help in improving timing.
INFO: [Synth 8-7052] The timing for the instance u_core/u_npu/u_engine/u_memory_frontend/u_gemm_activation_panel_cache/gen_row_bank[2].row_memory_reg_bram_2 (implemented as a Block RAM) might be sub-optimal as no optional output register could be merged into the ram block. Providing additional output register may help in improving timing.
INFO: [Synth 8-7052] The timing for the instance u_core/u_npu/u_engine/u_memory_frontend/u_gemm_activation_panel_cache/gen_row_bank[2].row_memory_reg_bram_3 (implemented as a Block RAM) might be sub-optimal as no optional output register could be merged into the ram block. Providing additional output register may help in improving timing.
INFO: [Synth 8-7052] The timing for the instance u_core/u_npu/u_engine/u_memory_frontend/u_gemm_activation_panel_cache/gen_row_bank[1].row_memory_reg_bram_1 (implemented as a Block RAM) might be sub-optimal as no optional output register could be merged into the ram block. Providing additional output register may help in improving timing.
INFO: [Synth 8-7052] The timing for the instance u_core/u_npu/u_engine/u_memory_frontend/u_gemm_activation_panel_cache/gen_row_bank[1].row_memory_reg_bram_2 (implemented as a Block RAM) might be sub-optimal as no optional output register could be merged into the ram block. Providing additional output register may help in improving timing.
INFO: [Synth 8-7052] The timing for the instance u_core/u_npu/u_engine/u_memory_frontend/u_gemm_activation_panel_cache/gen_row_bank[1].row_memory_reg_bram_3 (implemented as a Block RAM) might be sub-optimal as no optional output register could be merged into the ram block. Providing additional output register may help in improving timing.
INFO: [Synth 8-7052] The timing for the instance u_core/u_npu/u_engine/u_memory_frontend/u_gemm_activation_panel_cache/gen_row_bank[0].row_memory_reg_bram_1 (implemented as a Block RAM) might be sub-optimal as no optional output register could be merged into the ram block. Providing additional output register may help in improving timing.
INFO: [Synth 8-7052] The timing for the instance u_core/u_npu/u_engine/u_memory_frontend/u_gemm_activation_panel_cache/gen_row_bank[0].row_memory_reg_bram_2 (implemented as a Block RAM) might be sub-optimal as no optional output register could be merged into the ram block. Providing additional output register may help in improving timing.
INFO: [Synth 8-7052] The timing for the instance u_core/u_npu/u_engine/u_memory_frontend/u_gemm_activation_panel_cache/gen_row_bank[0].row_memory_reg_bram_3 (implemented as a Block RAM) might be sub-optimal as no optional output register could be merged into the ram block. Providing additional output register may help in improving timing.
INFO: [Synth 8-7052] The timing for the instance u_core/u_npu/u_engine/u_memory_frontend/u_gemm_bias_cache/bias_memory_reg_bram_1 (implemented as a Block RAM) might be sub-optimal as no optional output register could be merged into the ram block. Providing additional output register may help in improving timing.
INFO: [Synth 8-7052] The timing for the instance u_core/u_npu/u_engine/u_memory_frontend/u_gemm_bias_cache/bias_memory_reg_bram_2 (implemented as a Block RAM) might be sub-optimal as no optional output register could be merged into the ram block. Providing additional output register may help in improving timing.
INFO: [Synth 8-7052] The timing for the instance u_core/u_npu/u_engine/u_memory_frontend/u_gemm_bias_cache/bias_memory_reg_bram_3 (implemented as a Block RAM) might be sub-optimal as no optional output register could be merged into the ram block. Providing additional output register may help in improving timing.
INFO: [Synth 8-7052] The timing for the instance u_core/u_npu/u_engine/u_layernorm/gen_row_affine_buffers.gamma_buffer_reg_bram_0 (implemented as a Block RAM) might be sub-optimal as no optional output register could be merged into the ram block. Providing additional output register may help in improving timing.
INFO: [Synth 8-7052] The timing for the instance u_core/u_npu/u_engine/u_layernorm/gen_row_affine_buffers.sample_buffer_reg_bram_0 (implemented as a Block RAM) might be sub-optimal as no optional output register could be merged into the ram block. Providing additional output register may help in improving timing.
INFO: [Synth 8-7052] The timing for the instance u_core/u_npu/u_engine/u_layernorm/gen_row_affine_buffers.beta_buffer_reg_bram_0 (implemented as a Block RAM) might be sub-optimal as no optional output register could be merged into the ram block. Providing additional output register may help in improving timing.
INFO: [Synth 8-7052] The timing for the instance u_core/u_npu/u_engine/u_softmax/row_exp_buffer_reg_bram_0 (implemented as a Block RAM) might be sub-optimal as no optional output register could be merged into the ram block. Providing additional output register may help in improving timing.
INFO: [Synth 8-7052] The timing for the instance u_core/u_layer_param_table/data_memory_reg (implemented as a Block RAM) might be sub-optimal as no optional output register could be merged into the ram block. Providing additional output register may help in improving timing.
INFO: [Synth 8-7052] The timing for the instance u_core/u_layer_param_table/data_memory_reg (implemented as a Block RAM) might be sub-optimal as no optional output register could be merged into the ram block. Providing additional output register may help in improving timing.
---------------------------------------------------------------------------------
Finished Final Netlist Cleanup
---------------------------------------------------------------------------------
---------------------------------------------------------------------------------
Finished IO Insertion : Time (s): cpu = 00:06:19 ; elapsed = 00:06:23 . Memory (MB): peak = 4211.070 ; gain = 1920.508 ; free physical = 215394 ; free virtual = 232265
---------------------------------------------------------------------------------
---------------------------------------------------------------------------------
Start Renaming Generated Instances
---------------------------------------------------------------------------------
---------------------------------------------------------------------------------
Finished Renaming Generated Instances : Time (s): cpu = 00:06:20 ; elapsed = 00:06:24 . Memory (MB): peak = 4211.070 ; gain = 1920.508 ; free physical = 215394 ; free virtual = 232265
---------------------------------------------------------------------------------
---------------------------------------------------------------------------------
Start Handling Custom Attributes
---------------------------------------------------------------------------------
---------------------------------------------------------------------------------
Finished Handling Custom Attributes : Time (s): cpu = 00:06:41 ; elapsed = 00:06:46 . Memory (MB): peak = 4211.070 ; gain = 1920.508 ; free physical = 215377 ; free virtual = 232248
---------------------------------------------------------------------------------
---------------------------------------------------------------------------------
Start Writing Synthesis Report
---------------------------------------------------------------------------------

Report BlackBoxes: 
+-+--------------+----------+
| |BlackBox name |Instances |
+-+--------------+----------+
+-+--------------+----------+

Report Cell Usage: 
+------+---------+------+
|      |Cell     |Count |
+------+---------+------+
|1     |CARRY8   |  5527|
|2     |LUT1     |  1541|
|3     |LUT2     | 30424|
|4     |LUT3     | 11065|
|5     |LUT4     | 33561|
|6     |LUT5     | 12036|
|7     |LUT6     | 43544|
|8     |MUXF7    |  2580|
|9     |MUXF8    |   528|
|10    |RAM32M   |     1|
|11    |RAM32M16 |    49|
|12    |RAM64M8  |    52|
|13    |RAMB36E2 |    41|
|17    |FDRE     | 61158|
|18    |FDSE     |    48|
+------+---------+------+
---------------------------------------------------------------------------------
Finished Writing Synthesis Report : Time (s): cpu = 00:06:42 ; elapsed = 00:06:46 . Memory (MB): peak = 4211.070 ; gain = 1920.508 ; free physical = 215373 ; free virtual = 232244
---------------------------------------------------------------------------------
Synthesis finished with 0 errors, 0 critical warnings and 1071 warnings.
Synthesis Optimization Runtime : Time (s): cpu = 00:06:18 ; elapsed = 00:06:29 . Memory (MB): peak = 4211.070 ; gain = 1295.457 ; free physical = 226498 ; free virtual = 243369
Synthesis Optimization Complete : Time (s): cpu = 00:06:45 ; elapsed = 00:06:51 . Memory (MB): peak = 4211.070 ; gain = 1920.508 ; free physical = 226562 ; free virtual = 243375
INFO: [Project 1-571] Translating synthesized netlist
Netlist sorting complete. Time (s): cpu = 00:00:01 ; elapsed = 00:00:01 . Memory (MB): peak = 4211.070 ; gain = 0.000 ; free physical = 226584 ; free virtual = 243397
INFO: [Netlist 29-17] Analyzing 8737 Unisim elements for replacement
INFO: [Netlist 29-28] Unisim Transformation completed in 0 CPU seconds
INFO: [Project 1-570] Preparing netlist for logic optimization
Parsing XDC File [/home/s23520579/Vivado_project/vit_m8_board_candidate_67c18532_workspace_20260809/vivado_server_307_perf_v1_m8_nongemm_nodsp_2023_2/scripts/vivado/standalone_axi_50mhz.xdc]
Finished Parsing XDC File [/home/s23520579/Vivado_project/vit_m8_board_candidate_67c18532_workspace_20260809/vivado_server_307_perf_v1_m8_nongemm_nodsp_2023_2/scripts/vivado/standalone_axi_50mhz.xdc]
Parsing XDC File [/home/s23520579/Vivado_project/vit_m8_board_candidate_67c18532_workspace_20260809/vivado_server_307_perf_v1_m8_nongemm_nodsp_2023_2/scripts/vivado/no_dsp.xdc]
Finished Parsing XDC File [/home/s23520579/Vivado_project/vit_m8_board_candidate_67c18532_workspace_20260809/vivado_server_307_perf_v1_m8_nongemm_nodsp_2023_2/scripts/vivado/no_dsp.xdc]
INFO: [Opt 31-138] Pushed 0 inverter(s) to 0 load pin(s).
Netlist sorting complete. Time (s): cpu = 00:00:00.02 ; elapsed = 00:00:00.02 . Memory (MB): peak = 4243.938 ; gain = 0.000 ; free physical = 226575 ; free virtual = 243388
INFO: [Project 1-111] Unisim Transformation Summary:
  A total of 102 instances were transformed.
  RAM32M => RAM32M (RAMD32(x6), RAMS32(x2)): 1 instance 
  RAM32M16 => RAM32M16 (RAMD32(x14), RAMS32(x2)): 49 instances
  RAM64M8 => RAM64M8 (RAMD64E(x8)): 52 instances

Synth Design complete | Checksum: 21e39f68
INFO: [Common 17-83] Releasing license: Synthesis
479 Infos, 180 Warnings, 0 Critical Warnings and 0 Errors encountered.
synth_design completed successfully
synth_design: Time (s): cpu = 00:07:24 ; elapsed = 00:07:30 . Memory (MB): peak = 4243.973 ; gain = 2911.980 ; free physical = 226575 ; free virtual = 243388
INFO: [Common 17-2834] synth_design peak Physical Memory [PSS] (MB): overall = 14702.517; main = 3372.200; forked = 11431.804
INFO: [Common 17-2834] synth_design peak Virtual Memory [VSS] (MB): overall = 20087.332; main = 4243.941; forked = 15880.180
INFO: [Timing 38-91] UpdateTimingParams: Speed grade: -1, Temperature grade: E, Delay Type: max.
INFO: [Timing 38-191] Multithreading enabled for timing update using a maximum of 4 CPUs
WARNING: [Timing 38-242] The property HD.CLK_SRC of clock port "aclk" is not set. In out-of-context mode, this prevents timing estimation for clock delay/skew
Resolution: Set the HD.CLK_SRC property of the out-of-context port to the location of the clock buffer instance in the top-level design
report_timing_summary: Time (s): cpu = 00:00:49 ; elapsed = 00:00:29 . Memory (MB): peak = 4910.691 ; gain = 534.926 ; free physical = 226095 ; free virtual = 242908
PASS: rtl_standalone_post_synth combinational-loop count is 0
PASS: standalone NPU+AXI synthesis completed with DSP=0
  utilization : /home/s23520579/Vivado_project/vit_m8_board_candidate_67c18532_workspace_20260809/vivado_server_307_perf_v1_m8_nongemm_nodsp_2023_2/VIT_googlebase_rtl/reports/rtl_standalone_post_synth_utilization.rpt
  hierarchy   : /home/s23520579/Vivado_project/vit_m8_board_candidate_67c18532_workspace_20260809/vivado_server_307_perf_v1_m8_nongemm_nodsp_2023_2/VIT_googlebase_rtl/reports/rtl_standalone_post_synth_hierarchical.rpt
  timing      : /home/s23520579/Vivado_project/vit_m8_board_candidate_67c18532_workspace_20260809/vivado_server_307_perf_v1_m8_nongemm_nodsp_2023_2/VIT_googlebase_rtl/reports/rtl_standalone_post_synth_timing.rpt
  loop gate   : /home/s23520579/Vivado_project/vit_m8_board_candidate_67c18532_workspace_20260809/vivado_server_307_perf_v1_m8_nongemm_nodsp_2023_2/VIT_googlebase_rtl/reports/rtl_standalone_post_synth_combinational_loops.rpt
  DSP check   : /home/s23520579/Vivado_project/vit_m8_board_candidate_67c18532_workspace_20260809/vivado_server_307_perf_v1_m8_nongemm_nodsp_2023_2/VIT_googlebase_rtl/reports/rtl_standalone_post_synth_dsp.rpt
PASS: non-vacuous NPU subtree LUT=123482 FF=39647
  reachability: /home/s23520579/Vivado_project/vit_m8_board_candidate_67c18532_workspace_20260809/vivado_server_307_perf_v1_m8_nongemm_nodsp_2023_2/VIT_googlebase_rtl/reports/rtl_ooc_post_synth_reachability.rpt
  black boxes : /home/s23520579/Vivado_project/vit_m8_board_candidate_67c18532_workspace_20260809/vivado_server_307_perf_v1_m8_nongemm_nodsp_2023_2/VIT_googlebase_rtl/reports/rtl_ooc_post_synth_blackboxes.rpt
PASS: rtl_ooc_post_synth blackbox count is 0
PASS: rtl_ooc_post_synth inferred latch count is 0
PASS: rtl_ooc_post_synth DSP48/DSP58 primitive count is 0
PASS: rtl_ooc_post_synth M8 RAMB36 hierarchy is 32+4+3+1+1=41 with no RAMB18/URAM or hierarchy LUTRAM
PASS: rtl_ooc_post_synth combinational-loop count is 0
PASS: rtl_ooc_post_synth CLB-LUT fit used=101131 available=117120 headroom=15989
INFO: [Timing 38-480] Writing timing data to binary archive.
Write ShapeDB Complete: Time (s): cpu = 00:00:01 ; elapsed = 00:00:00.33 . Memory (MB): peak = 4942.707 ; gain = 0.000 ; free physical = 226058 ; free virtual = 242905
INFO: [Common 17-1381] The checkpoint '/home/s23520579/Vivado_project/vit_m8_board_candidate_67c18532_workspace_20260809/vivado_server_307_perf_v1_m8_nongemm_nodsp_2023_2/VIT_googlebase_rtl/artifacts/rtl_ooc_post_synth.dcp' has been generated.
write_checkpoint: Time (s): cpu = 00:00:13 ; elapsed = 00:00:10 . Memory (MB): peak = 4942.707 ; gain = 32.016 ; free physical = 226053 ; free virtual = 242899
PASS: non-vacuous standalone RTL+AXI OOC synthesis
  checkpoint: /home/s23520579/Vivado_project/vit_m8_board_candidate_67c18532_workspace_20260809/vivado_server_307_perf_v1_m8_nongemm_nodsp_2023_2/VIT_googlebase_rtl/artifacts/rtl_ooc_post_synth.dcp
  blackboxes: /home/s23520579/Vivado_project/vit_m8_board_candidate_67c18532_workspace_20260809/vivado_server_307_perf_v1_m8_nongemm_nodsp_2023_2/VIT_googlebase_rtl/reports/rtl_ooc_post_synth_blackboxes.rpt
  latches   : /home/s23520579/Vivado_project/vit_m8_board_candidate_67c18532_workspace_20260809/vivado_server_307_perf_v1_m8_nongemm_nodsp_2023_2/VIT_googlebase_rtl/reports/rtl_ooc_post_synth_latches.rpt
  RAM gate  : /home/s23520579/Vivado_project/vit_m8_board_candidate_67c18532_workspace_20260809/vivado_server_307_perf_v1_m8_nongemm_nodsp_2023_2/VIT_googlebase_rtl/reports/rtl_ooc_post_synth_m8_ram_mapping.rpt
  loop gate : /home/s23520579/Vivado_project/vit_m8_board_candidate_67c18532_workspace_20260809/vivado_server_307_perf_v1_m8_nongemm_nodsp_2023_2/VIT_googlebase_rtl/reports/rtl_ooc_post_synth_combinational_loops.rpt
  LUT fit   : /home/s23520579/Vivado_project/vit_m8_board_candidate_67c18532_workspace_20260809/vivado_server_307_perf_v1_m8_nongemm_nodsp_2023_2/VIT_googlebase_rtl/reports/rtl_ooc_post_synth_lut_fit_gate.rpt
  note: OOC timing is an internal proxy; board timing is gated post-route
INFO: [Common 17-206] Exiting Vivado at Sun Aug  9 03:33:02 2026...
PASS stage 20_ooc_synth
RUN 30_create_bd: scripts/server/30_create_clean_project_and_bd.tcl

****** Vivado v2023.2 (64-bit)
  **** SW Build 4029153 on Fri Oct 13 20:13:54 MDT 2023
  **** IP Build 4028589 on Sat Oct 14 00:45:43 MDT 2023
  **** SharedData Build 4025554 on Tue Oct 10 17:18:54 MDT 2023
    ** Copyright 1986-2022 Xilinx, Inc. All Rights Reserved.
    ** Copyright 2022-2023 Advanced Micro Devices, Inc. All Rights Reserved.

source scripts/server/30_create_clean_project_and_bd.tcl -notrace
INFO: require_bundle_manifest routes to M8 DEVELOPMENT_UNSEALED verification
M8_RECEIPT_CLOSURE_PASS receipts=6 entries=658 sidecars=3 payload_replay=FULL
M8_METADATA_PREFLIGHT_PASS sources=80 ordered=db4e84bbe7b28dcccf4d5e574027be06b5162ae9789e0f2ef0ab2dcfb0fffb7e filelist=88166c76fac96e7f4b59f486a3d5867a94001e6d72014ad7187b5e4de40f3524 ip=0x0001000D abi=v1.13 parent=M7S8 receipts=BOUND full_vivado=PENDING bit_xsa=NOT_GENERATED
M8_DEVELOPMENT_MANIFEST_PASS entries=409
M8_DEVELOPMENT_MANIFEST_SHA256=67c18532e3bb16b24ec6983f99cc54a3ffafb05fe6c02cf0385465c316b31078
M8_DEVELOPMENT_PREFLIGHT_PASS status=DEVELOPMENT_UNSEALED seal=PENDING_M8_SEAL
PASS: M8 DEVELOPMENT_UNSEALED source manifest is valid: /home/s23520579/Vivado_project/vit_m8_board_candidate_67c18532_workspace_20260809/vivado_server_307_perf_v1_m8_nongemm_nodsp_2023_2/M8_DEVELOPMENT_SHA256SUMS.txt
PASS: Vivado version is 2023.2
create_project: Time (s): cpu = 00:00:08 ; elapsed = 00:00:09 . Memory (MB): peak = 1331.539 ; gain = 0.027 ; free physical = 229349 ; free virtual = 246176
INFO: opened temporary in-memory project for catalog checks
INFO: closed temporary in-memory catalog project
PASS: FPGA part, board part and required IP catalog are present
PASS: Vivado general.maxThreads=4
WARNING: [Board 49-151] The current board 'digilentinc.com::gzu_5ev:1.1' is from a local repo. The vivado install has a corresponding board with version greater than or equal to the local repo board. Please use boards from vivado install to avoid any upgrade/migrate issues
PASS: synth_1 FLATTEN_HIERARCHY=none
WARNING: generated vit_system_wrapper is unavailable; using standalone AXI shim
PASS: ViT_googlebase project synchronized
  TOP     : vit_phase_e_axi_bd_wrapper
  MAX_DSP : 0
  FLATTEN : none
  RTL     : repository-relative sources from filelists/full_axi.f
WARNING: [Board 49-151] The current board 'digilentinc.com::gzu_5ev:1.1' is from a local repo. The vivado install has a corresponding board with version greater than or equal to the local repo board. Please use boards from vivado install to avoid any upgrade/migrate issues
Creating project-local block design vit_system
Wrote  : </home/s23520579/Vivado_project/vit_m8_board_candidate_67c18532_workspace_20260809/vivado_server_307_perf_v1_m8_nongemm_nodsp_2023_2/VIT_googlebase_rtl/ViT_googlebase/ViT_googlebase.srcs/sources_1/bd/vit_system/vit_system.bd> 
INFO: [PSU-1]  DP_AUDIO clock source: RPLL is also being used by other peripheral clocks. Their outputs may get impacted if any driver changes DP_AUDIO PLL source to support runtime audio change 
INFO: [PSU-1]  DP_AUDIO clock source: RPLL is also being used by other peripheral clocks. Their outputs may get impacted if any driver changes DP_AUDIO PLL source to support runtime audio change 
INFO: [Ipptcl 7-1463] No Compatible Board Interface found. Board Tab not created in customize GUI
INFO: [IP_Flow 19-5107] Inferred bus interface 'aclk' of definition 'xilinx.com:signal:clock:1.0' (from X_INTERFACE_INFO parameter from HDL file).
INFO: [IP_Flow 19-5107] Inferred bus interface 'aclk' of definition 'xilinx.com:signal:clock:1.0' (from 'X_INTERFACE_INFO' attribute).
INFO: [IP_Flow 19-5107] Inferred bus interface 'aresetn' of definition 'xilinx.com:signal:reset:1.0' (from X_INTERFACE_INFO parameter from HDL file).
INFO: [IP_Flow 19-5107] Inferred bus interface 'aresetn' of definition 'xilinx.com:signal:reset:1.0' (from 'X_INTERFACE_INFO' attribute).
INFO: [IP_Flow 19-5107] Inferred bus interface 'S_AXI' of definition 'xilinx.com:interface:aximm:1.0' (from X_INTERFACE_INFO parameter from HDL file).
INFO: [IP_Flow 19-5107] Inferred bus interface 'S_AXI' of definition 'xilinx.com:interface:aximm:1.0' (from 'X_INTERFACE_INFO' attribute).
INFO: [IP_Flow 19-5107] Inferred bus interface 'M_AXI' of definition 'xilinx.com:interface:aximm:1.0' (from X_INTERFACE_INFO parameter from HDL file).
INFO: [IP_Flow 19-5107] Inferred bus interface 'M_AXI' of definition 'xilinx.com:interface:aximm:1.0' (from 'X_INTERFACE_INFO' attribute).
INFO: [IP_Flow 19-5107] Inferred bus interface 'irq_o' of definition 'xilinx.com:signal:interrupt:1.0' (from X_INTERFACE_INFO parameter from HDL file).
INFO: [IP_Flow 19-5107] Inferred bus interface 'irq_o' of definition 'xilinx.com:signal:interrupt:1.0' (from 'X_INTERFACE_INFO' attribute).
INFO: [IP_Flow 19-4728] Bus Interface 'aclk': Added interface parameter 'ASSOCIATED_BUSIF' with value 'S_AXI'.
INFO: [IP_Flow 19-4728] Bus Interface 'aclk': Added interface parameter 'ASSOCIATED_RESET' with value 'aresetn'.
INFO: [IP_Flow 19-4728] Bus Interface 'aclk': Added interface parameter 'FREQ_HZ' with value '50000000'.
INFO: [IP_Flow 19-4728] Bus Interface 'aresetn': Added interface parameter 'POLARITY' with value 'ACTIVE_LOW'.
INFO: [IP_Flow 19-4728] Bus Interface 'S_AXI': Added interface parameter 'PROTOCOL' with value 'AXI4LITE'.
INFO: [IP_Flow 19-4728] Bus Interface 'S_AXI': Added interface parameter 'DATA_WIDTH' with value '32'.
INFO: [IP_Flow 19-4728] Bus Interface 'S_AXI': Added interface parameter 'ADDR_WIDTH' with value '12'.
INFO: [IP_Flow 19-4728] Bus Interface 'S_AXI': Added interface parameter 'ID_WIDTH' with value '0'.
INFO: [IP_Flow 19-4728] Bus Interface 'S_AXI': Added interface parameter 'HAS_BURST' with value '0'.
INFO: [IP_Flow 19-4728] Bus Interface 'S_AXI': Added interface parameter 'HAS_LOCK' with value '0'.
INFO: [IP_Flow 19-4728] Bus Interface 'S_AXI': Added interface parameter 'HAS_PROT' with value '1'.
INFO: [IP_Flow 19-4728] Bus Interface 'S_AXI': Added interface parameter 'HAS_CACHE' with value '0'.
INFO: [IP_Flow 19-4728] Bus Interface 'S_AXI': Added interface parameter 'HAS_QOS' with value '0'.
INFO: [IP_Flow 19-4728] Bus Interface 'S_AXI': Added interface parameter 'HAS_REGION' with value '0'.
INFO: [IP_Flow 19-4728] Bus Interface 'S_AXI': Added interface parameter 'HAS_WSTRB' with value '1'.
INFO: [IP_Flow 19-4728] Bus Interface 'S_AXI': Added interface parameter 'HAS_BRESP' with value '1'.
INFO: [IP_Flow 19-4728] Bus Interface 'S_AXI': Added interface parameter 'HAS_RRESP' with value '1'.
INFO: [IP_Flow 19-4728] Bus Interface 'S_AXI': Added interface parameter 'SUPPORTS_NARROW_BURST' with value '0'.
INFO: [IP_Flow 19-4728] Bus Interface 'S_AXI': Added interface parameter 'MAX_BURST_LENGTH' with value '1'.
INFO: [IP_Flow 19-4728] Bus Interface 'S_AXI': Added interface parameter 'NUM_READ_OUTSTANDING' with value '1'.
INFO: [IP_Flow 19-4728] Bus Interface 'S_AXI': Added interface parameter 'NUM_WRITE_OUTSTANDING' with value '1'.
INFO: [IP_Flow 19-4728] Bus Interface 'M_AXI': Added interface parameter 'PROTOCOL' with value 'AXI4'.
INFO: [IP_Flow 19-4728] Bus Interface 'M_AXI': Added interface parameter 'DATA_WIDTH' with value '128'.
INFO: [IP_Flow 19-4728] Bus Interface 'M_AXI': Added interface parameter 'ADDR_WIDTH' with value '40'.
INFO: [IP_Flow 19-4728] Bus Interface 'M_AXI': Added interface parameter 'ID_WIDTH' with value '1'.
INFO: [IP_Flow 19-4728] Bus Interface 'M_AXI': Added interface parameter 'HAS_BURST' with value '1'.
INFO: [IP_Flow 19-4728] Bus Interface 'M_AXI': Added interface parameter 'HAS_LOCK' with value '1'.
INFO: [IP_Flow 19-4728] Bus Interface 'M_AXI': Added interface parameter 'HAS_PROT' with value '1'.
INFO: [IP_Flow 19-4728] Bus Interface 'M_AXI': Added interface parameter 'HAS_CACHE' with value '1'.
INFO: [IP_Flow 19-4728] Bus Interface 'M_AXI': Added interface parameter 'HAS_QOS' with value '1'.
INFO: [IP_Flow 19-4728] Bus Interface 'M_AXI': Added interface parameter 'HAS_REGION' with value '0'.
INFO: [IP_Flow 19-4728] Bus Interface 'M_AXI': Added interface parameter 'HAS_WSTRB' with value '1'.
INFO: [IP_Flow 19-4728] Bus Interface 'M_AXI': Added interface parameter 'HAS_BRESP' with value '1'.
INFO: [IP_Flow 19-4728] Bus Interface 'M_AXI': Added interface parameter 'HAS_RRESP' with value '1'.
INFO: [IP_Flow 19-4728] Bus Interface 'M_AXI': Added interface parameter 'SUPPORTS_NARROW_BURST' with value '1'.
INFO: [IP_Flow 19-4728] Bus Interface 'M_AXI': Added interface parameter 'MAX_BURST_LENGTH' with value '4'.
INFO: [IP_Flow 19-4728] Bus Interface 'M_AXI': Added interface parameter 'NUM_READ_OUTSTANDING' with value '2'.
INFO: [IP_Flow 19-4728] Bus Interface 'M_AXI': Added interface parameter 'NUM_WRITE_OUTSTANDING' with value '1'.
INFO: [IP_Flow 19-4728] Bus Interface 'irq_o': Added interface parameter 'SENSITIVITY' with value 'LEVEL_HIGH'.
INFO: [IP_Flow 19-7067] Note that bus interface 'aclk' has a fixed FREQ_HZ of '50000000'. This value will be respected whenever this IP is instantiated in IP Integrator.
INFO: [PSU-1]  DP_AUDIO clock source: RPLL is also being used by other peripheral clocks. Their outputs may get impacted if any driver changes DP_AUDIO PLL source to support runtime audio change 
INFO: [BD 5-943] Reserving offset range <0xA000_0000 [ 4K ]> from slave interface '/smartconnect_control/S00_AXI' to master interface '/smartconnect_control/M00_AXI'. This will be used by smartconnect on path for routing.
INFO: [xilinx.com:ip:smartconnect:1.0-1] vit_system_smartconnect_control_0: SmartConnect vit_system_smartconnect_control_0 is in Low-Area Mode.
WARNING: [xilinx.com:ip:smartconnect:1.0-1] vit_system_smartconnect_control_0: IP vit_system_smartconnect_control_0 is configured in Low-area mode as all propagated traffic is low-bandwidth (AXI4LITE). SI S00_AXI has property HAS_BURST == 1. WRAP bursts are not supported in Low-area mode and will result in DECERR if received.
WARNING: [xilinx.com:ip:smartconnect:1.0-1] vit_system_smartconnect_control_0: If WRAP transactions are required then turn off Low-area mode using ADVANCED_PROPERTIES. Execute following: set_property CONFIG.ADVANCED_PROPERTIES {__experimental_features__ {disable_low_area_mode 1}} [get_bd_cells /vit_system_smartconnect_control_0]
INFO: [Ipptcl 7-1463] No Compatible Board Interface found. Board Tab not created in customize GUI
INFO: [BD 5-943] Reserving offset range <0x0000_0000 [ 2G ]> from slave interface '/smartconnect_ddr/S00_AXI' to master interface '/smartconnect_ddr/M00_AXI'. This will be used by smartconnect on path for routing.
INFO: [BD 5-943] Reserving offset range <0x8_0000_0000 [ 2G ]> from slave interface '/smartconnect_ddr/S00_AXI' to master interface '/smartconnect_ddr/M00_AXI'. This will be used by smartconnect on path for routing.
INFO: [xilinx.com:ip:smartconnect:1.0-1] vit_system_smartconnect_ddr_0: SmartConnect vit_system_smartconnect_ddr_0 is in High-performance Mode.
WARNING: [BD 41-237] Bus Interface property AWUSER_WIDTH does not match between /zynq_ultra_ps_e_0/S_AXI_HP0_FPD(1) and /smartconnect_ddr/M00_AXI(0)
WARNING: [BD 41-237] Bus Interface property ARUSER_WIDTH does not match between /zynq_ultra_ps_e_0/S_AXI_HP0_FPD(1) and /smartconnect_ddr/M00_AXI(0)
validate_bd_design: Time (s): cpu = 00:00:05 ; elapsed = 00:00:05 . Memory (MB): peak = 1621.559 ; gain = 34.656 ; free physical = 229125 ; free virtual = 245953
Wrote  : </home/s23520579/Vivado_project/vit_m8_board_candidate_67c18532_workspace_20260809/vivado_server_307_perf_v1_m8_nongemm_nodsp_2023_2/VIT_googlebase_rtl/ViT_googlebase/ViT_googlebase.srcs/sources_1/bd/vit_system/vit_system.bd> 
INFO: [BD 5-943] Reserving offset range <0xA000_0000 [ 4K ]> from slave interface '/smartconnect_control/S00_AXI' to master interface '/smartconnect_control/M00_AXI'. This will be used by smartconnect on path for routing.
INFO: [xilinx.com:ip:smartconnect:1.0-1] vit_system_smartconnect_control_0: SmartConnect vit_system_smartconnect_control_0 is in Low-Area Mode.
WARNING: [xilinx.com:ip:smartconnect:1.0-1] vit_system_smartconnect_control_0: IP vit_system_smartconnect_control_0 is configured in Low-area mode as all propagated traffic is low-bandwidth (AXI4LITE). SI S00_AXI has property HAS_BURST == 1. WRAP bursts are not supported in Low-area mode and will result in DECERR if received.
WARNING: [xilinx.com:ip:smartconnect:1.0-1] vit_system_smartconnect_control_0: If WRAP transactions are required then turn off Low-area mode using ADVANCED_PROPERTIES. Execute following: set_property CONFIG.ADVANCED_PROPERTIES {__experimental_features__ {disable_low_area_mode 1}} [get_bd_cells /vit_system_smartconnect_control_0]
INFO: [Ipptcl 7-1463] No Compatible Board Interface found. Board Tab not created in customize GUI
INFO: [BD 5-943] Reserving offset range <0x0000_0000 [ 2G ]> from slave interface '/smartconnect_ddr/S00_AXI' to master interface '/smartconnect_ddr/M00_AXI'. This will be used by smartconnect on path for routing.
INFO: [BD 5-943] Reserving offset range <0x8_0000_0000 [ 2G ]> from slave interface '/smartconnect_ddr/S00_AXI' to master interface '/smartconnect_ddr/M00_AXI'. This will be used by smartconnect on path for routing.
INFO: [xilinx.com:ip:smartconnect:1.0-1] vit_system_smartconnect_ddr_0: SmartConnect vit_system_smartconnect_ddr_0 is in High-performance Mode.
WARNING: [BD 41-237] Bus Interface property AWUSER_WIDTH does not match between /zynq_ultra_ps_e_0/S_AXI_HP0_FPD(1) and /smartconnect_ddr/M00_AXI(0)
WARNING: [BD 41-237] Bus Interface property ARUSER_WIDTH does not match between /zynq_ultra_ps_e_0/S_AXI_HP0_FPD(1) and /smartconnect_ddr/M00_AXI(0)
validate_bd_design: Time (s): cpu = 00:00:05 ; elapsed = 00:00:05 . Memory (MB): peak = 1631.465 ; gain = 9.906 ; free physical = 229111 ; free virtual = 245944
PASS: M5 native AXI-128 BD contract: /home/s23520579/Vivado_project/vit_m8_board_candidate_67c18532_workspace_20260809/vivado_server_307_perf_v1_m8_nongemm_nodsp_2023_2/VIT_googlebase_rtl/reports/vit_system_axi_contract.rpt
Wrote  : </home/s23520579/Vivado_project/vit_m8_board_candidate_67c18532_workspace_20260809/vivado_server_307_perf_v1_m8_nongemm_nodsp_2023_2/VIT_googlebase_rtl/ViT_googlebase/ViT_googlebase.srcs/sources_1/bd/vit_system/vit_system.bd> 
INFO: [BD 41-1662] The design 'vit_system.bd' is already validated. Therefore parameter propagation will not be re-run.
Verilog Output written to : /home/s23520579/Vivado_project/vit_m8_board_candidate_67c18532_workspace_20260809/vivado_server_307_perf_v1_m8_nongemm_nodsp_2023_2/VIT_googlebase_rtl/ViT_googlebase/ViT_googlebase.gen/sources_1/bd/vit_system/synth/vit_system.v
Verilog Output written to : /home/s23520579/Vivado_project/vit_m8_board_candidate_67c18532_workspace_20260809/vivado_server_307_perf_v1_m8_nongemm_nodsp_2023_2/VIT_googlebase_rtl/ViT_googlebase/ViT_googlebase.gen/sources_1/bd/vit_system/sim/vit_system.v
Verilog Output written to : /home/s23520579/Vivado_project/vit_m8_board_candidate_67c18532_workspace_20260809/vivado_server_307_perf_v1_m8_nongemm_nodsp_2023_2/VIT_googlebase_rtl/ViT_googlebase/ViT_googlebase.gen/sources_1/bd/vit_system/hdl/vit_system_wrapper.v
INFO: [xilinx.com:ip:zynq_ultra_ps_e:3.5-0] vit_system_zynq_ultra_ps_e_0_0: 
Changes in your design (including the PCW configuration settings) are not automatically exported from Vivado to Xilinx's SDK, Petalinux or Yocto.
This is by design to avoid disrupting existing embedded development efforts. To have any changes of your design taking effect in the embedded software flow please export your
design by going through Vivado's main menu, click on File, then Export finally select Export Hardware, please ensure you click on the Include BitStream option.
The auto-generated HDF file is all you need to import in Xilinx's SDK, Petalinux or Yocto for your changes to be reflected in the Embedded Software Flow.
For more information, please consult PG201, section: Exporting PCW Settings to Embedded Software Flows
INFO: [PSU-0] Address Range of DDR (0x7ff00000 to 0x7fffffff) is reserved by PMU for internal purpose.
INFO: [IP_Flow 19-5611] Unable to find an associated reset port for the interface 'M_AXI_HPM0_FPD'. A default connection has been created.
INFO: [IP_Flow 19-5611] Unable to find an associated reset port for the interface 'S_AXI_HP0_FPD'. A default connection has been created.
INFO: [BD 41-1029] Generation completed for the IP Integrator block zynq_ultra_ps_e_0 .
Exporting to file /home/s23520579/Vivado_project/vit_m8_board_candidate_67c18532_workspace_20260809/vivado_server_307_perf_v1_m8_nongemm_nodsp_2023_2/VIT_googlebase_rtl/ViT_googlebase/ViT_googlebase.gen/sources_1/bd/vit_system/ip/vit_system_smartconnect_control_0/bd_0/hw_handoff/vit_system_smartconnect_control_0.hwh
Generated Hardware Definition File /home/s23520579/Vivado_project/vit_m8_board_candidate_67c18532_workspace_20260809/vivado_server_307_perf_v1_m8_nongemm_nodsp_2023_2/VIT_googlebase_rtl/ViT_googlebase/ViT_googlebase.gen/sources_1/bd/vit_system/ip/vit_system_smartconnect_control_0/bd_0/synth/vit_system_smartconnect_control_0.hwdef
INFO: [BD 41-1029] Generation completed for the IP Integrator block smartconnect_control .
Exporting to file /home/s23520579/Vivado_project/vit_m8_board_candidate_67c18532_workspace_20260809/vivado_server_307_perf_v1_m8_nongemm_nodsp_2023_2/VIT_googlebase_rtl/ViT_googlebase/ViT_googlebase.gen/sources_1/bd/vit_system/ip/vit_system_smartconnect_ddr_0/bd_0/hw_handoff/vit_system_smartconnect_ddr_0.hwh
Generated Hardware Definition File /home/s23520579/Vivado_project/vit_m8_board_candidate_67c18532_workspace_20260809/vivado_server_307_perf_v1_m8_nongemm_nodsp_2023_2/VIT_googlebase_rtl/ViT_googlebase/ViT_googlebase.gen/sources_1/bd/vit_system/ip/vit_system_smartconnect_ddr_0/bd_0/synth/vit_system_smartconnect_ddr_0.hwdef
INFO: [BD 41-1029] Generation completed for the IP Integrator block smartconnect_ddr .
INFO: [BD 41-1029] Generation completed for the IP Integrator block proc_sys_reset_0 .
INFO: [BD 41-1029] Generation completed for the IP Integrator block const_zero .
INFO: [BD 41-1029] Generation completed for the IP Integrator block const_one .
INFO: [BD 41-1029] Generation completed for the IP Integrator block vit_phase_e_axi_0 .
Exporting to file /home/s23520579/Vivado_project/vit_m8_board_candidate_67c18532_workspace_20260809/vivado_server_307_perf_v1_m8_nongemm_nodsp_2023_2/VIT_googlebase_rtl/ViT_googlebase/ViT_googlebase.gen/sources_1/bd/vit_system/hw_handoff/vit_system.hwh
Generated Hardware Definition File /home/s23520579/Vivado_project/vit_m8_board_candidate_67c18532_workspace_20260809/vivado_server_307_perf_v1_m8_nongemm_nodsp_2023_2/VIT_googlebase_rtl/ViT_googlebase/ViT_googlebase.gen/sources_1/bd/vit_system/synth/vit_system.hwdef
generate_target: Time (s): cpu = 00:00:28 ; elapsed = 00:00:29 . Memory (MB): peak = 1907.996 ; gain = 276.531 ; free physical = 228747 ; free virtual = 245600
update_compile_order: Time (s): cpu = 00:00:12 ; elapsed = 00:00:10 . Memory (MB): peak = 2012.047 ; gain = 8.004 ; free physical = 228651 ; free virtual = 245508
PASS: synth_1 FLATTEN_HIERARCHY=none
PASS: ViT_googlebase project synchronized
  TOP     : vit_system_wrapper
  MAX_DSP : 0
  FLATTEN : none
  RTL     : repository-relative sources from filelists/full_axi.f
PASS: Genesys ZU-5EV ViT block design created/verified
  project       : /home/s23520579/Vivado_project/vit_m8_board_candidate_67c18532_workspace_20260809/vivado_server_307_perf_v1_m8_nongemm_nodsp_2023_2/VIT_googlebase_rtl/ViT_googlebase
  board         : digilentinc.com:gzu_5ev:part0:1.1
  part          : xczu5ev-sfvc784-1-e
  block design  : /home/s23520579/Vivado_project/vit_m8_board_candidate_67c18532_workspace_20260809/vivado_server_307_perf_v1_m8_nongemm_nodsp_2023_2/VIT_googlebase_rtl/ViT_googlebase/ViT_googlebase.srcs/sources_1/bd/vit_system/vit_system.bd
  wrapper       : /home/s23520579/Vivado_project/vit_m8_board_candidate_67c18532_workspace_20260809/vivado_server_307_perf_v1_m8_nongemm_nodsp_2023_2/VIT_googlebase_rtl/ViT_googlebase/ViT_googlebase.gen/sources_1/bd/vit_system/hdl/vit_system_wrapper.v
  top           : vit_system_wrapper
  control       : 0xA0000000 / 0x00001000
  DDR low       : 0x0000000000 / 0x80000000
  DDR high      : 0x0800000000 / 0x80000000
  PS master     : M_AXI_HPM0_FPD
  PL DDR master : M_AXI (128-bit, max burst 4, read outstanding 2, write outstanding 1)
  PS DDR slave  : S_AXI_HP0_FPD (128-bit)
  PL clock      : pl_clk0 @ 50 MHz
  IRQ           : irq_o -> pl_ps_irq0[0]
  DSP cap       : 0
PASS: vit_system_vit_phase_e_axi_0_0_synth_1 FLATTEN_HIERARCHY=none MAX_DSP=0
PASS: hardware top is vit_system_wrapper
PASS: retained native AXI-128 BD contract report is exact
WARNING: [BD 41-2925] The design that will be created by this Tcl script contains the following module references: vit_phase_e_axi_bd_wrapper.
Please add the sources of those modules before sourcing this Tcl script or use write_project_tcl.
INFO: [BD 5-453] Writing out BD creation steps for vit_system as a TCL proc
INFO: [Vivado-projutils-8] Tcl script 'recreate_project.tcl' generated in output directory '/home/s23520579/Vivado_project/vit_m8_board_candidate_67c18532_workspace_20260809/vivado_server_307_perf_v1_m8_nongemm_nodsp_2023_2/VIT_googlebase_rtl/artifacts/project_exports'

INFO: [Vivado-projutils-15] Please note that by default, the file path for the project source files were set with respect to the 'origin_dir' variable in the
 generated script. When this script is executed from the output directory, these source files will be referenced with respect to this 'origin_dir' path value.
 In case this script was later moved to a different directory, the 'origin_dir' value must be set manually in the script with the path
 relative to the new output directory to make sure that the source files are referenced correctly from the original project. You can also set the
 'origin_dir' automatically by setting the 'origin_dir_loc' variable in the tcl shell before sourcing this generated script. The 'origin_dir_loc'
 variable should be set to the path relative to the new output directory. Alternatively, if you are sourcing the script from the Vivado command line,
 then set the origin dir using '-tclargs --origin_dir <path>'. For example, 'vivado -mode tcl -source recreate_project.tcl -tclargs --origin_dir ".."

WARNING: [Vivado-projutils-10] Found source(s) that were local or imported into the project. If this project is being source controlled, then
 please ensure that the project source(s) are also part of this source controlled data. The list of these local source(s) can be found in the generated script
 under the header section.

write_project_tcl: Time (s): cpu = 00:00:20 ; elapsed = 00:00:08 . Memory (MB): peak = 2116.098 ; gain = 104.051 ; free physical = 228599 ; free virtual = 245456
WARNING: [BD 41-2925] The design that will be created by this Tcl script contains the following module references: vit_phase_e_axi_bd_wrapper.
Please add the sources of those modules before sourcing this Tcl script or use write_project_tcl.
INFO: [BD 5-148] Tcl file written out </home/s23520579/Vivado_project/vit_m8_board_candidate_67c18532_workspace_20260809/vivado_server_307_perf_v1_m8_nongemm_nodsp_2023_2/VIT_googlebase_rtl/artifacts/project_exports/vit_system_bd.tcl>.

PASS: clean project and production Block Design are ready
  project: /home/s23520579/Vivado_project/vit_m8_board_candidate_67c18532_workspace_20260809/vivado_server_307_perf_v1_m8_nongemm_nodsp_2023_2/VIT_googlebase_rtl/ViT_googlebase/ViT_googlebase.xpr
  top    : vit_system_wrapper
  geometry: /home/s23520579/Vivado_project/vit_m8_board_candidate_67c18532_workspace_20260809/vivado_server_307_perf_v1_m8_nongemm_nodsp_2023_2/VIT_googlebase_rtl/reports/vit_system_geometry.rpt
  AXI contract: /home/s23520579/Vivado_project/vit_m8_board_candidate_67c18532_workspace_20260809/vivado_server_307_perf_v1_m8_nongemm_nodsp_2023_2/VIT_googlebase_rtl/reports/vit_system_axi_contract.rpt
INFO: [Common 17-206] Exiting Vivado at Sun Aug  9 03:34:49 2026...
PASS stage 30_create_bd
RUN 40_board_synth: scripts/server/40_run_board_synth.tcl

****** Vivado v2023.2 (64-bit)
  **** SW Build 4029153 on Fri Oct 13 20:13:54 MDT 2023
  **** IP Build 4028589 on Sat Oct 14 00:45:43 MDT 2023
  **** SharedData Build 4025554 on Tue Oct 10 17:18:54 MDT 2023
    ** Copyright 1986-2022 Xilinx, Inc. All Rights Reserved.
    ** Copyright 2022-2023 Advanced Micro Devices, Inc. All Rights Reserved.

source scripts/server/40_run_board_synth.tcl -notrace
INFO: require_bundle_manifest routes to M8 DEVELOPMENT_UNSEALED verification
M8_RECEIPT_CLOSURE_PASS receipts=6 entries=658 sidecars=3 payload_replay=FULL
M8_METADATA_PREFLIGHT_PASS sources=80 ordered=db4e84bbe7b28dcccf4d5e574027be06b5162ae9789e0f2ef0ab2dcfb0fffb7e filelist=88166c76fac96e7f4b59f486a3d5867a94001e6d72014ad7187b5e4de40f3524 ip=0x0001000D abi=v1.13 parent=M7S8 receipts=BOUND full_vivado=PENDING bit_xsa=NOT_GENERATED
M8_DEVELOPMENT_MANIFEST_PASS entries=409
M8_DEVELOPMENT_MANIFEST_SHA256=67c18532e3bb16b24ec6983f99cc54a3ffafb05fe6c02cf0385465c316b31078
M8_DEVELOPMENT_PREFLIGHT_PASS status=DEVELOPMENT_UNSEALED seal=PENDING_M8_SEAL
PASS: M8 DEVELOPMENT_UNSEALED source manifest is valid: /home/s23520579/Vivado_project/vit_m8_board_candidate_67c18532_workspace_20260809/vivado_server_307_perf_v1_m8_nongemm_nodsp_2023_2/M8_DEVELOPMENT_SHA256SUMS.txt
PASS: Vivado version is 2023.2
create_project: Time (s): cpu = 00:00:09 ; elapsed = 00:00:09 . Memory (MB): peak = 1318.059 ; gain = 38.840 ; free physical = 229307 ; free virtual = 246164
INFO: opened temporary in-memory project for catalog checks
INFO: closed temporary in-memory catalog project
PASS: FPGA part, board part and required IP catalog are present
PASS: Vivado general.maxThreads=4
Scanning sources...
Finished scanning sources
WARNING: [Board 49-151] The current board 'digilentinc.com::gzu_5ev:1.1' is from a local repo. The vivado install has a corresponding board with version greater than or equal to the local repo board. Please use boards from vivado install to avoid any upgrade/migrate issues
INFO: [IP_Flow 19-234] Refreshing IP repositories
INFO: [IP_Flow 19-1704] No user IP repositories specified
INFO: [IP_Flow 19-2313] Loaded Vivado IP repository '/data/tools/Xilinx/Vivado/2023.2/data/ip'.
update_compile_order: Time (s): cpu = 00:00:25 ; elapsed = 00:00:11 . Memory (MB): peak = 1604.859 ; gain = 112.051 ; free physical = 228904 ; free virtual = 245762
PASS: synth_1 FLATTEN_HIERARCHY=none
PASS: ViT_googlebase project synchronized
  TOP     : vit_system_wrapper
  MAX_DSP : 0
  FLATTEN : none
  RTL     : repository-relative sources from filelists/full_axi.f
PASS: hardware top is vit_system_wrapper
PASS: retained native AXI-128 BD contract report is exact
PASS: vit_system_vit_phase_e_axi_0_0_synth_1 FLATTEN_HIERARCHY=none MAX_DSP=0
INFO: [IP_Flow 19-6924] IPCACHE: Running cache check for IP inst: vit_system_vit_phase_e_axi_0_0
INFO: [IP_Flow 19-6930] IPCACHE: runCacheChecks() number of threads = 8
INFO: [IP_Flow 19-6921] IPCACHE: Adding cache check func to thread queue for IP vit_system_proc_sys_reset_0_0
INFO: [IP_Flow 19-6921] IPCACHE: Adding cache check func to thread queue for IP vit_system_smartconnect_control_0
INFO: [IP_Flow 19-6921] IPCACHE: Adding cache check func to thread queue for IP vit_system_smartconnect_ddr_0
INFO: [IP_Flow 19-6921] IPCACHE: Adding cache check func to thread queue for IP vit_system_zynq_ultra_ps_e_0_0
INFO: [IP_Flow 19-8020] IPCACHE: runCacheChecks() calling threadPool finishWork()
INFO: [IP_Flow 19-6924] IPCACHE: Running cache check for IP inst: vit_system_smartconnect_control_0
INFO: [IP_Flow 19-6924] IPCACHE: Running cache check for IP inst: vit_system_smartconnect_ddr_0
INFO: [IP_Flow 19-6924] IPCACHE: Running cache check for IP inst: vit_system_proc_sys_reset_0_0
INFO: [IP_Flow 19-6924] IPCACHE: Running cache check for IP inst: vit_system_zynq_ultra_ps_e_0_0
WARNING: [Vivado 12-7122] Auto Incremental Compile:: No reference checkpoint was found in run synth_1. Auto-incremental flow will not be run, the standard flow will be run instead.
[Sun Aug  9 03:35:27 2026] Launched vit_system_zynq_ultra_ps_e_0_0_synth_1, vit_system_smartconnect_control_0_synth_1, vit_system_smartconnect_ddr_0_synth_1, vit_system_proc_sys_reset_0_0_synth_1, vit_system_vit_phase_e_axi_0_0_synth_1...
Run output will be captured here:
vit_system_zynq_ultra_ps_e_0_0_synth_1: /home/s23520579/Vivado_project/vit_m8_board_candidate_67c18532_workspace_20260809/vivado_server_307_perf_v1_m8_nongemm_nodsp_2023_2/VIT_googlebase_rtl/ViT_googlebase/ViT_googlebase.runs/vit_system_zynq_ultra_ps_e_0_0_synth_1/runme.log
vit_system_smartconnect_control_0_synth_1: /home/s23520579/Vivado_project/vit_m8_board_candidate_67c18532_workspace_20260809/vivado_server_307_perf_v1_m8_nongemm_nodsp_2023_2/VIT_googlebase_rtl/ViT_googlebase/ViT_googlebase.runs/vit_system_smartconnect_control_0_synth_1/runme.log
vit_system_smartconnect_ddr_0_synth_1: /home/s23520579/Vivado_project/vit_m8_board_candidate_67c18532_workspace_20260809/vivado_server_307_perf_v1_m8_nongemm_nodsp_2023_2/VIT_googlebase_rtl/ViT_googlebase/ViT_googlebase.runs/vit_system_smartconnect_ddr_0_synth_1/runme.log
vit_system_proc_sys_reset_0_0_synth_1: /home/s23520579/Vivado_project/vit_m8_board_candidate_67c18532_workspace_20260809/vivado_server_307_perf_v1_m8_nongemm_nodsp_2023_2/VIT_googlebase_rtl/ViT_googlebase/ViT_googlebase.runs/vit_system_proc_sys_reset_0_0_synth_1/runme.log
vit_system_vit_phase_e_axi_0_0_synth_1: /home/s23520579/Vivado_project/vit_m8_board_candidate_67c18532_workspace_20260809/vivado_server_307_perf_v1_m8_nongemm_nodsp_2023_2/VIT_googlebase_rtl/ViT_googlebase/ViT_googlebase.runs/vit_system_vit_phase_e_axi_0_0_synth_1/runme.log
[Sun Aug  9 03:35:27 2026] Launched synth_1...
Run output will be captured here: /home/s23520579/Vivado_project/vit_m8_board_candidate_67c18532_workspace_20260809/vivado_server_307_perf_v1_m8_nongemm_nodsp_2023_2/VIT_googlebase_rtl/ViT_googlebase/ViT_googlebase.runs/synth_1/runme.log
[Sun Aug  9 03:35:27 2026] Waiting for synth_1 to finish...

*** Running vivado
    with args -log vit_system_wrapper.vds -m64 -product Vivado -mode batch -messageDb vivado.pb -notrace -source vit_system_wrapper.tcl


****** Vivado v2023.2 (64-bit)
  **** SW Build 4029153 on Fri Oct 13 20:13:54 MDT 2023
  **** IP Build 4028589 on Sat Oct 14 00:45:43 MDT 2023
  **** SharedData Build 4025554 on Tue Oct 10 17:18:54 MDT 2023
    ** Copyright 1986-2022 Xilinx, Inc. All Rights Reserved.
    ** Copyright 2022-2023 Advanced Micro Devices, Inc. All Rights Reserved.

source vit_system_wrapper.tcl -notrace
create_project: Time (s): cpu = 00:00:08 ; elapsed = 00:00:08 . Memory (MB): peak = 1317.055 ; gain = 37.840 ; free physical = 229765 ; free virtual = 246812
INFO: [IP_Flow 19-234] Refreshing IP repositories
INFO: [IP_Flow 19-1704] No user IP repositories specified
INFO: [IP_Flow 19-2313] Loaded Vivado IP repository '/data/tools/Xilinx/Vivado/2023.2/data/ip'.
Command: synth_design -top vit_system_wrapper -part xczu5ev-sfvc784-1-e -flatten_hierarchy none -max_dsp 0
Starting synth_design
Attempting to get a license for feature 'Synthesis' and/or device 'xczu5ev'
INFO: [Common 17-349] Got license for feature 'Synthesis' and/or device 'xczu5ev'
INFO: [Vivado_Tcl 4-287] User specified maximum number of block DSP allowed in design is 0
INFO: [Device 21-403] Loading part xczu5ev-sfvc784-1-e
INFO: [Synth 8-7079] Multithreading enabled for synth_design using a maximum of 4 processes.
INFO: [Synth 8-7078] Launching helper process for spawning children vivado processes
INFO: [Synth 8-7075] Helper process launched with PID 1901103
---------------------------------------------------------------------------------
Starting RTL Elaboration : Time (s): cpu = 00:00:04 ; elapsed = 00:00:04 . Memory (MB): peak = 2607.824 ; gain = 285.777 ; free physical = 228196 ; free virtual = 245243
---------------------------------------------------------------------------------
INFO: [Synth 8-6157] synthesizing module 'vit_system_wrapper' [/home/s23520579/Vivado_project/vit_m8_board_candidate_67c18532_workspace_20260809/vivado_server_307_perf_v1_m8_nongemm_nodsp_2023_2/VIT_googlebase_rtl/ViT_googlebase/ViT_googlebase.gen/sources_1/bd/vit_system/hdl/vit_system_wrapper.v:13]
INFO: [Synth 8-6157] synthesizing module 'vit_system' [/home/s23520579/Vivado_project/vit_m8_board_candidate_67c18532_workspace_20260809/vivado_server_307_perf_v1_m8_nongemm_nodsp_2023_2/VIT_googlebase_rtl/ViT_googlebase/ViT_googlebase.gen/sources_1/bd/vit_system/synth/vit_system.v:13]
INFO: [Synth 8-6157] synthesizing module 'vit_system_const_one_0' [/home/s23520579/Vivado_project/vit_m8_board_candidate_67c18532_workspace_20260809/vivado_server_307_perf_v1_m8_nongemm_nodsp_2023_2/VIT_googlebase_rtl/ViT_googlebase/ViT_googlebase.gen/sources_1/bd/vit_system/ip/vit_system_const_one_0/synth/vit_system_const_one_0.v:53]
INFO: [Synth 8-6157] synthesizing module 'xlconstant_v1_1_8_xlconstant' [/home/s23520579/Vivado_project/vit_m8_board_candidate_67c18532_workspace_20260809/vivado_server_307_perf_v1_m8_nongemm_nodsp_2023_2/VIT_googlebase_rtl/ViT_googlebase/ViT_googlebase.gen/sources_1/bd/vit_system/ipshared/d390/hdl/xlconstant_v1_1_vl_rfs.v:68]
INFO: [Synth 8-6155] done synthesizing module 'xlconstant_v1_1_8_xlconstant' (0#1) [/home/s23520579/Vivado_project/vit_m8_board_candidate_67c18532_workspace_20260809/vivado_server_307_perf_v1_m8_nongemm_nodsp_2023_2/VIT_googlebase_rtl/ViT_googlebase/ViT_googlebase.gen/sources_1/bd/vit_system/ipshared/d390/hdl/xlconstant_v1_1_vl_rfs.v:68]
INFO: [Synth 8-6155] done synthesizing module 'vit_system_const_one_0' (0#1) [/home/s23520579/Vivado_project/vit_m8_board_candidate_67c18532_workspace_20260809/vivado_server_307_perf_v1_m8_nongemm_nodsp_2023_2/VIT_googlebase_rtl/ViT_googlebase/ViT_googlebase.gen/sources_1/bd/vit_system/ip/vit_system_const_one_0/synth/vit_system_const_one_0.v:53]
INFO: [Synth 8-6157] synthesizing module 'vit_system_const_zero_0' [/home/s23520579/Vivado_project/vit_m8_board_candidate_67c18532_workspace_20260809/vivado_server_307_perf_v1_m8_nongemm_nodsp_2023_2/VIT_googlebase_rtl/ViT_googlebase/ViT_googlebase.gen/sources_1/bd/vit_system/ip/vit_system_const_zero_0/synth/vit_system_const_zero_0.v:53]
INFO: [Synth 8-6157] synthesizing module 'xlconstant_v1_1_8_xlconstant__parameterized0' [/home/s23520579/Vivado_project/vit_m8_board_candidate_67c18532_workspace_20260809/vivado_server_307_perf_v1_m8_nongemm_nodsp_2023_2/VIT_googlebase_rtl/ViT_googlebase/ViT_googlebase.gen/sources_1/bd/vit_system/ipshared/d390/hdl/xlconstant_v1_1_vl_rfs.v:68]
INFO: [Synth 8-6155] done synthesizing module 'xlconstant_v1_1_8_xlconstant__parameterized0' (0#1) [/home/s23520579/Vivado_project/vit_m8_board_candidate_67c18532_workspace_20260809/vivado_server_307_perf_v1_m8_nongemm_nodsp_2023_2/VIT_googlebase_rtl/ViT_googlebase/ViT_googlebase.gen/sources_1/bd/vit_system/ipshared/d390/hdl/xlconstant_v1_1_vl_rfs.v:68]
INFO: [Synth 8-6155] done synthesizing module 'vit_system_const_zero_0' (0#1) [/home/s23520579/Vivado_project/vit_m8_board_candidate_67c18532_workspace_20260809/vivado_server_307_perf_v1_m8_nongemm_nodsp_2023_2/VIT_googlebase_rtl/ViT_googlebase/ViT_googlebase.gen/sources_1/bd/vit_system/ip/vit_system_const_zero_0/synth/vit_system_const_zero_0.v:53]
INFO: [Synth 8-6157] synthesizing module 'vit_system_proc_sys_reset_0_0' [/home/s23520579/Vivado_project/vit_m8_board_candidate_67c18532_workspace_20260809/vivado_server_307_perf_v1_m8_nongemm_nodsp_2023_2/VIT_googlebase_rtl/ViT_googlebase/ViT_googlebase.runs/synth_1/.Xil/Vivado-1900895-ubuntu/realtime/vit_system_proc_sys_reset_0_0_stub.v:6]
INFO: [Synth 8-6155] done synthesizing module 'vit_system_proc_sys_reset_0_0' (0#1) [/home/s23520579/Vivado_project/vit_m8_board_candidate_67c18532_workspace_20260809/vivado_server_307_perf_v1_m8_nongemm_nodsp_2023_2/VIT_googlebase_rtl/ViT_googlebase/ViT_googlebase.runs/synth_1/.Xil/Vivado-1900895-ubuntu/realtime/vit_system_proc_sys_reset_0_0_stub.v:6]
WARNING: [Synth 8-7071] port 'mb_reset' of module 'vit_system_proc_sys_reset_0_0' is unconnected for instance 'proc_sys_reset_0' [/home/s23520579/Vivado_project/vit_m8_board_candidate_67c18532_workspace_20260809/vivado_server_307_perf_v1_m8_nongemm_nodsp_2023_2/VIT_googlebase_rtl/ViT_googlebase/ViT_googlebase.gen/sources_1/bd/vit_system/synth/vit_system.v:157]
WARNING: [Synth 8-7071] port 'bus_struct_reset' of module 'vit_system_proc_sys_reset_0_0' is unconnected for instance 'proc_sys_reset_0' [/home/s23520579/Vivado_project/vit_m8_board_candidate_67c18532_workspace_20260809/vivado_server_307_perf_v1_m8_nongemm_nodsp_2023_2/VIT_googlebase_rtl/ViT_googlebase/ViT_googlebase.gen/sources_1/bd/vit_system/synth/vit_system.v:157]
WARNING: [Synth 8-7071] port 'peripheral_reset' of module 'vit_system_proc_sys_reset_0_0' is unconnected for instance 'proc_sys_reset_0' [/home/s23520579/Vivado_project/vit_m8_board_candidate_67c18532_workspace_20260809/vivado_server_307_perf_v1_m8_nongemm_nodsp_2023_2/VIT_googlebase_rtl/ViT_googlebase/ViT_googlebase.gen/sources_1/bd/vit_system/synth/vit_system.v:157]
WARNING: [Synth 8-7023] instance 'proc_sys_reset_0' of module 'vit_system_proc_sys_reset_0_0' has 10 connections declared, but only 7 given [/home/s23520579/Vivado_project/vit_m8_board_candidate_67c18532_workspace_20260809/vivado_server_307_perf_v1_m8_nongemm_nodsp_2023_2/VIT_googlebase_rtl/ViT_googlebase/ViT_googlebase.gen/sources_1/bd/vit_system/synth/vit_system.v:157]
INFO: [Synth 8-6157] synthesizing module 'vit_system_smartconnect_control_0' [/home/s23520579/Vivado_project/vit_m8_board_candidate_67c18532_workspace_20260809/vivado_server_307_perf_v1_m8_nongemm_nodsp_2023_2/VIT_googlebase_rtl/ViT_googlebase/ViT_googlebase.runs/synth_1/.Xil/Vivado-1900895-ubuntu/realtime/vit_system_smartconnect_control_0_stub.v:6]
INFO: [Synth 8-6155] done synthesizing module 'vit_system_smartconnect_control_0' (0#1) [/home/s23520579/Vivado_project/vit_m8_board_candidate_67c18532_workspace_20260809/vivado_server_307_perf_v1_m8_nongemm_nodsp_2023_2/VIT_googlebase_rtl/ViT_googlebase/ViT_googlebase.runs/synth_1/.Xil/Vivado-1900895-ubuntu/realtime/vit_system_smartconnect_control_0_stub.v:6]
INFO: [Synth 8-6157] synthesizing module 'vit_system_smartconnect_ddr_0' [/home/s23520579/Vivado_project/vit_m8_board_candidate_67c18532_workspace_20260809/vivado_server_307_perf_v1_m8_nongemm_nodsp_2023_2/VIT_googlebase_rtl/ViT_googlebase/ViT_googlebase.runs/synth_1/.Xil/Vivado-1900895-ubuntu/realtime/vit_system_smartconnect_ddr_0_stub.v:6]
INFO: [Synth 8-6155] done synthesizing module 'vit_system_smartconnect_ddr_0' (0#1) [/home/s23520579/Vivado_project/vit_m8_board_candidate_67c18532_workspace_20260809/vivado_server_307_perf_v1_m8_nongemm_nodsp_2023_2/VIT_googlebase_rtl/ViT_googlebase/ViT_googlebase.runs/synth_1/.Xil/Vivado-1900895-ubuntu/realtime/vit_system_smartconnect_ddr_0_stub.v:6]
INFO: [Synth 8-6157] synthesizing module 'vit_system_vit_phase_e_axi_0_0' [/home/s23520579/Vivado_project/vit_m8_board_candidate_67c18532_workspace_20260809/vivado_server_307_perf_v1_m8_nongemm_nodsp_2023_2/VIT_googlebase_rtl/ViT_googlebase/ViT_googlebase.runs/synth_1/.Xil/Vivado-1900895-ubuntu/realtime/vit_system_vit_phase_e_axi_0_0_stub.v:6]
INFO: [Synth 8-6155] done synthesizing module 'vit_system_vit_phase_e_axi_0_0' (0#1) [/home/s23520579/Vivado_project/vit_m8_board_candidate_67c18532_workspace_20260809/vivado_server_307_perf_v1_m8_nongemm_nodsp_2023_2/VIT_googlebase_rtl/ViT_googlebase/ViT_googlebase.runs/synth_1/.Xil/Vivado-1900895-ubuntu/realtime/vit_system_vit_phase_e_axi_0_0_stub.v:6]
INFO: [Synth 8-6157] synthesizing module 'vit_system_zynq_ultra_ps_e_0_0' [/home/s23520579/Vivado_project/vit_m8_board_candidate_67c18532_workspace_20260809/vivado_server_307_perf_v1_m8_nongemm_nodsp_2023_2/VIT_googlebase_rtl/ViT_googlebase/ViT_googlebase.runs/synth_1/.Xil/Vivado-1900895-ubuntu/realtime/vit_system_zynq_ultra_ps_e_0_0_stub.v:6]
INFO: [Synth 8-6155] done synthesizing module 'vit_system_zynq_ultra_ps_e_0_0' (0#1) [/home/s23520579/Vivado_project/vit_m8_board_candidate_67c18532_workspace_20260809/vivado_server_307_perf_v1_m8_nongemm_nodsp_2023_2/VIT_googlebase_rtl/ViT_googlebase/ViT_googlebase.runs/synth_1/.Xil/Vivado-1900895-ubuntu/realtime/vit_system_zynq_ultra_ps_e_0_0_stub.v:6]
WARNING: [Synth 8-7071] port 'saxigp2_bid' of module 'vit_system_zynq_ultra_ps_e_0_0' is unconnected for instance 'zynq_ultra_ps_e_0' [/home/s23520579/Vivado_project/vit_m8_board_candidate_67c18532_workspace_20260809/vivado_server_307_perf_v1_m8_nongemm_nodsp_2023_2/VIT_googlebase_rtl/ViT_googlebase/ViT_googlebase.gen/sources_1/bd/vit_system/synth/vit_system.v:359]
WARNING: [Synth 8-7071] port 'saxigp2_rid' of module 'vit_system_zynq_ultra_ps_e_0_0' is unconnected for instance 'zynq_ultra_ps_e_0' [/home/s23520579/Vivado_project/vit_m8_board_candidate_67c18532_workspace_20260809/vivado_server_307_perf_v1_m8_nongemm_nodsp_2023_2/VIT_googlebase_rtl/ViT_googlebase/ViT_googlebase.gen/sources_1/bd/vit_system/synth/vit_system.v:359]
WARNING: [Synth 8-7071] port 'emio_enet0_enet_tsu_timer_cnt' of module 'vit_system_zynq_ultra_ps_e_0_0' is unconnected for instance 'zynq_ultra_ps_e_0' [/home/s23520579/Vivado_project/vit_m8_board_candidate_67c18532_workspace_20260809/vivado_server_307_perf_v1_m8_nongemm_nodsp_2023_2/VIT_googlebase_rtl/ViT_googlebase/ViT_googlebase.gen/sources_1/bd/vit_system/synth/vit_system.v:359]
WARNING: [Synth 8-7071] port 'dp_aux_data_out' of module 'vit_system_zynq_ultra_ps_e_0_0' is unconnected for instance 'zynq_ultra_ps_e_0' [/home/s23520579/Vivado_project/vit_m8_board_candidate_67c18532_workspace_20260809/vivado_server_307_perf_v1_m8_nongemm_nodsp_2023_2/VIT_googlebase_rtl/ViT_googlebase/ViT_googlebase.gen/sources_1/bd/vit_system/synth/vit_system.v:359]
WARNING: [Synth 8-7071] port 'dp_aux_data_oe_n' of module 'vit_system_zynq_ultra_ps_e_0_0' is unconnected for instance 'zynq_ultra_ps_e_0' [/home/s23520579/Vivado_project/vit_m8_board_candidate_67c18532_workspace_20260809/vivado_server_307_perf_v1_m8_nongemm_nodsp_2023_2/VIT_googlebase_rtl/ViT_googlebase/ViT_googlebase.gen/sources_1/bd/vit_system/synth/vit_system.v:359]
WARNING: [Synth 8-7023] instance 'zynq_ultra_ps_e_0' of module 'vit_system_zynq_ultra_ps_e_0_0' has 88 connections declared, but only 83 given [/home/s23520579/Vivado_project/vit_m8_board_candidate_67c18532_workspace_20260809/vivado_server_307_perf_v1_m8_nongemm_nodsp_2023_2/VIT_googlebase_rtl/ViT_googlebase/ViT_googlebase.gen/sources_1/bd/vit_system/synth/vit_system.v:359]
INFO: [Synth 8-6155] done synthesizing module 'vit_system' (0#1) [/home/s23520579/Vivado_project/vit_m8_board_candidate_67c18532_workspace_20260809/vivado_server_307_perf_v1_m8_nongemm_nodsp_2023_2/VIT_googlebase_rtl/ViT_googlebase/ViT_googlebase.gen/sources_1/bd/vit_system/synth/vit_system.v:13]
INFO: [Synth 8-6155] done synthesizing module 'vit_system_wrapper' (0#1) [/home/s23520579/Vivado_project/vit_m8_board_candidate_67c18532_workspace_20260809/vivado_server_307_perf_v1_m8_nongemm_nodsp_2023_2/VIT_googlebase_rtl/ViT_googlebase/ViT_googlebase.gen/sources_1/bd/vit_system/hdl/vit_system_wrapper.v:13]
---------------------------------------------------------------------------------
Finished RTL Elaboration : Time (s): cpu = 00:00:05 ; elapsed = 00:00:05 . Memory (MB): peak = 2688.793 ; gain = 366.746 ; free physical = 228092 ; free virtual = 245140
---------------------------------------------------------------------------------
---------------------------------------------------------------------------------
Start Handling Custom Attributes
---------------------------------------------------------------------------------
---------------------------------------------------------------------------------
Finished Handling Custom Attributes : Time (s): cpu = 00:00:05 ; elapsed = 00:00:05 . Memory (MB): peak = 2691.762 ; gain = 369.715 ; free physical = 228092 ; free virtual = 245140
---------------------------------------------------------------------------------
---------------------------------------------------------------------------------
Finished RTL Optimization Phase 1 : Time (s): cpu = 00:00:05 ; elapsed = 00:00:05 . Memory (MB): peak = 2691.762 ; gain = 369.715 ; free physical = 228092 ; free virtual = 245140
---------------------------------------------------------------------------------
Netlist sorting complete. Time (s): cpu = 00:00:00.01 ; elapsed = 00:00:00.01 . Memory (MB): peak = 2691.762 ; gain = 0.000 ; free physical = 228092 ; free virtual = 245140
INFO: [Project 1-570] Preparing netlist for logic optimization

Processing XDC Constraints
Initializing timing engine
Parsing XDC File [/home/s23520579/Vivado_project/vit_m8_board_candidate_67c18532_workspace_20260809/vivado_server_307_perf_v1_m8_nongemm_nodsp_2023_2/VIT_googlebase_rtl/ViT_googlebase/ViT_googlebase.gen/sources_1/bd/vit_system/ip/vit_system_zynq_ultra_ps_e_0_0/vit_system_zynq_ultra_ps_e_0_0/vit_system_zynq_ultra_ps_e_0_0_in_context.xdc] for cell 'vit_system_i/zynq_ultra_ps_e_0'
Finished Parsing XDC File [/home/s23520579/Vivado_project/vit_m8_board_candidate_67c18532_workspace_20260809/vivado_server_307_perf_v1_m8_nongemm_nodsp_2023_2/VIT_googlebase_rtl/ViT_googlebase/ViT_googlebase.gen/sources_1/bd/vit_system/ip/vit_system_zynq_ultra_ps_e_0_0/vit_system_zynq_ultra_ps_e_0_0/vit_system_zynq_ultra_ps_e_0_0_in_context.xdc] for cell 'vit_system_i/zynq_ultra_ps_e_0'
Parsing XDC File [/home/s23520579/Vivado_project/vit_m8_board_candidate_67c18532_workspace_20260809/vivado_server_307_perf_v1_m8_nongemm_nodsp_2023_2/VIT_googlebase_rtl/ViT_googlebase/ViT_googlebase.gen/sources_1/bd/vit_system/ip/vit_system_smartconnect_control_0/vit_system_smartconnect_control_0/vit_system_smartconnect_control_0_in_context.xdc] for cell 'vit_system_i/smartconnect_control'
Finished Parsing XDC File [/home/s23520579/Vivado_project/vit_m8_board_candidate_67c18532_workspace_20260809/vivado_server_307_perf_v1_m8_nongemm_nodsp_2023_2/VIT_googlebase_rtl/ViT_googlebase/ViT_googlebase.gen/sources_1/bd/vit_system/ip/vit_system_smartconnect_control_0/vit_system_smartconnect_control_0/vit_system_smartconnect_control_0_in_context.xdc] for cell 'vit_system_i/smartconnect_control'
Parsing XDC File [/home/s23520579/Vivado_project/vit_m8_board_candidate_67c18532_workspace_20260809/vivado_server_307_perf_v1_m8_nongemm_nodsp_2023_2/VIT_googlebase_rtl/ViT_googlebase/ViT_googlebase.gen/sources_1/bd/vit_system/ip/vit_system_smartconnect_ddr_0/vit_system_smartconnect_ddr_0/vit_system_smartconnect_ddr_0_in_context.xdc] for cell 'vit_system_i/smartconnect_ddr'
Finished Parsing XDC File [/home/s23520579/Vivado_project/vit_m8_board_candidate_67c18532_workspace_20260809/vivado_server_307_perf_v1_m8_nongemm_nodsp_2023_2/VIT_googlebase_rtl/ViT_googlebase/ViT_googlebase.gen/sources_1/bd/vit_system/ip/vit_system_smartconnect_ddr_0/vit_system_smartconnect_ddr_0/vit_system_smartconnect_ddr_0_in_context.xdc] for cell 'vit_system_i/smartconnect_ddr'
Parsing XDC File [/home/s23520579/Vivado_project/vit_m8_board_candidate_67c18532_workspace_20260809/vivado_server_307_perf_v1_m8_nongemm_nodsp_2023_2/VIT_googlebase_rtl/ViT_googlebase/ViT_googlebase.gen/sources_1/bd/vit_system/ip/vit_system_proc_sys_reset_0_0/vit_system_proc_sys_reset_0_0/vit_system_proc_sys_reset_0_0_in_context.xdc] for cell 'vit_system_i/proc_sys_reset_0'
Finished Parsing XDC File [/home/s23520579/Vivado_project/vit_m8_board_candidate_67c18532_workspace_20260809/vivado_server_307_perf_v1_m8_nongemm_nodsp_2023_2/VIT_googlebase_rtl/ViT_googlebase/ViT_googlebase.gen/sources_1/bd/vit_system/ip/vit_system_proc_sys_reset_0_0/vit_system_proc_sys_reset_0_0/vit_system_proc_sys_reset_0_0_in_context.xdc] for cell 'vit_system_i/proc_sys_reset_0'
Parsing XDC File [/home/s23520579/Vivado_project/vit_m8_board_candidate_67c18532_workspace_20260809/vivado_server_307_perf_v1_m8_nongemm_nodsp_2023_2/VIT_googlebase_rtl/ViT_googlebase/ViT_googlebase.gen/sources_1/bd/vit_system/ip/vit_system_vit_phase_e_axi_0_0/vit_system_vit_phase_e_axi_0_0/vit_system_vit_phase_e_axi_0_0_in_context.xdc] for cell 'vit_system_i/vit_phase_e_axi_0'
Finished Parsing XDC File [/home/s23520579/Vivado_project/vit_m8_board_candidate_67c18532_workspace_20260809/vivado_server_307_perf_v1_m8_nongemm_nodsp_2023_2/VIT_googlebase_rtl/ViT_googlebase/ViT_googlebase.gen/sources_1/bd/vit_system/ip/vit_system_vit_phase_e_axi_0_0/vit_system_vit_phase_e_axi_0_0/vit_system_vit_phase_e_axi_0_0_in_context.xdc] for cell 'vit_system_i/vit_phase_e_axi_0'
Parsing XDC File [/home/s23520579/Vivado_project/vit_m8_board_candidate_67c18532_workspace_20260809/vivado_server_307_perf_v1_m8_nongemm_nodsp_2023_2/scripts/vivado/no_dsp.xdc]
Finished Parsing XDC File [/home/s23520579/Vivado_project/vit_m8_board_candidate_67c18532_workspace_20260809/vivado_server_307_perf_v1_m8_nongemm_nodsp_2023_2/scripts/vivado/no_dsp.xdc]
Parsing XDC File [/home/s23520579/Vivado_project/vit_m8_board_candidate_67c18532_workspace_20260809/vivado_server_307_perf_v1_m8_nongemm_nodsp_2023_2/VIT_googlebase_rtl/ViT_googlebase/ViT_googlebase.runs/synth_1/dont_touch.xdc]
Finished Parsing XDC File [/home/s23520579/Vivado_project/vit_m8_board_candidate_67c18532_workspace_20260809/vivado_server_307_perf_v1_m8_nongemm_nodsp_2023_2/VIT_googlebase_rtl/ViT_googlebase/ViT_googlebase.runs/synth_1/dont_touch.xdc]
Completed Processing XDC Constraints

Netlist sorting complete. Time (s): cpu = 00:00:00 ; elapsed = 00:00:00 . Memory (MB): peak = 2732.684 ; gain = 0.000 ; free physical = 228089 ; free virtual = 245137
INFO: [Project 1-111] Unisim Transformation Summary:
No Unisim elements were transformed.

Constraint Validation Runtime : Time (s): cpu = 00:00:00.01 ; elapsed = 00:00:00.01 . Memory (MB): peak = 2732.719 ; gain = 0.000 ; free physical = 228089 ; free virtual = 245137
---------------------------------------------------------------------------------
Finished Constraint Validation : Time (s): cpu = 00:00:15 ; elapsed = 00:00:15 . Memory (MB): peak = 2732.719 ; gain = 410.672 ; free physical = 228094 ; free virtual = 245142
---------------------------------------------------------------------------------
---------------------------------------------------------------------------------
Start Loading Part and Timing Information
---------------------------------------------------------------------------------
Loading part: xczu5ev-sfvc784-1-e
INFO: [Synth 8-6742] Reading net delay rules and data
---------------------------------------------------------------------------------
Finished Loading Part and Timing Information : Time (s): cpu = 00:00:15 ; elapsed = 00:00:15 . Memory (MB): peak = 2732.719 ; gain = 410.672 ; free physical = 228094 ; free virtual = 245142
---------------------------------------------------------------------------------
---------------------------------------------------------------------------------
Start Applying 'set_property' XDC Constraints
---------------------------------------------------------------------------------
Applied set_property USE_DSP = NO for vit_system_i. (constraint file  /home/s23520579/Vivado_project/vit_m8_board_candidate_67c18532_workspace_20260809/vivado_server_307_perf_v1_m8_nongemm_nodsp_2023_2/scripts/vivado/no_dsp.xdc, line 5).
Applied set_property USE_DSP = NO for vit_system_i/const_one. (constraint file  /home/s23520579/Vivado_project/vit_m8_board_candidate_67c18532_workspace_20260809/vivado_server_307_perf_v1_m8_nongemm_nodsp_2023_2/scripts/vivado/no_dsp.xdc, line 5).
Applied set_property USE_DSP = NO for vit_system_i/const_zero. (constraint file  /home/s23520579/Vivado_project/vit_m8_board_candidate_67c18532_workspace_20260809/vivado_server_307_perf_v1_m8_nongemm_nodsp_2023_2/scripts/vivado/no_dsp.xdc, line 5).
Applied set_property USE_DSP = NO for vit_system_i/proc_sys_reset_0. (constraint file  /home/s23520579/Vivado_project/vit_m8_board_candidate_67c18532_workspace_20260809/vivado_server_307_perf_v1_m8_nongemm_nodsp_2023_2/scripts/vivado/no_dsp.xdc, line 5).
Applied set_property USE_DSP = NO for vit_system_i/smartconnect_control. (constraint file  /home/s23520579/Vivado_project/vit_m8_board_candidate_67c18532_workspace_20260809/vivado_server_307_perf_v1_m8_nongemm_nodsp_2023_2/scripts/vivado/no_dsp.xdc, line 5).
Applied set_property USE_DSP = NO for vit_system_i/smartconnect_ddr. (constraint file  /home/s23520579/Vivado_project/vit_m8_board_candidate_67c18532_workspace_20260809/vivado_server_307_perf_v1_m8_nongemm_nodsp_2023_2/scripts/vivado/no_dsp.xdc, line 5).
Applied set_property USE_DSP = NO for vit_system_i/vit_phase_e_axi_0. (constraint file  /home/s23520579/Vivado_project/vit_m8_board_candidate_67c18532_workspace_20260809/vivado_server_307_perf_v1_m8_nongemm_nodsp_2023_2/scripts/vivado/no_dsp.xdc, line 5).
Applied set_property USE_DSP = NO for vit_system_i/zynq_ultra_ps_e_0. (constraint file  /home/s23520579/Vivado_project/vit_m8_board_candidate_67c18532_workspace_20260809/vivado_server_307_perf_v1_m8_nongemm_nodsp_2023_2/scripts/vivado/no_dsp.xdc, line 5).
Applied set_property KEEP_HIERARCHY = SOFT for vit_system_i. (constraint file  auto generated constraint).
Applied set_property KEEP_HIERARCHY = SOFT for vit_system_i/zynq_ultra_ps_e_0. (constraint file  auto generated constraint).
Applied set_property KEEP_HIERARCHY = SOFT for vit_system_i/smartconnect_control. (constraint file  auto generated constraint).
Applied set_property KEEP_HIERARCHY = SOFT for vit_system_i/smartconnect_ddr. (constraint file  auto generated constraint).
Applied set_property KEEP_HIERARCHY = SOFT for vit_system_i/proc_sys_reset_0. (constraint file  auto generated constraint).
Applied set_property KEEP_HIERARCHY = SOFT for vit_system_i/const_zero. (constraint file  auto generated constraint).
Applied set_property KEEP_HIERARCHY = SOFT for vit_system_i/const_one. (constraint file  auto generated constraint).
Applied set_property KEEP_HIERARCHY = SOFT for vit_system_i/vit_phase_e_axi_0. (constraint file  auto generated constraint).
---------------------------------------------------------------------------------
Finished applying 'set_property' XDC Constraints : Time (s): cpu = 00:00:15 ; elapsed = 00:00:15 . Memory (MB): peak = 2732.719 ; gain = 410.672 ; free physical = 228094 ; free virtual = 245142
---------------------------------------------------------------------------------
---------------------------------------------------------------------------------
Finished RTL Optimization Phase 2 : Time (s): cpu = 00:00:15 ; elapsed = 00:00:16 . Memory (MB): peak = 2732.719 ; gain = 410.672 ; free physical = 228093 ; free virtual = 245142
---------------------------------------------------------------------------------
---------------------------------------------------------------------------------
Start RTL Component Statistics 
---------------------------------------------------------------------------------
Detailed RTL Component Info : 
---------------------------------------------------------------------------------
Finished RTL Component Statistics 
---------------------------------------------------------------------------------
---------------------------------------------------------------------------------
Start Part Resource Summary
---------------------------------------------------------------------------------
Part Resources:
DSPs: 1248 (col length:96)
BRAMs: 288 (col length: RAMB18 96 RAMB36 48)
---------------------------------------------------------------------------------
Finished Part Resource Summary
---------------------------------------------------------------------------------
---------------------------------------------------------------------------------
Start Cross Boundary and Area Optimization
---------------------------------------------------------------------------------
WARNING: [Synth 8-7080] Parallel synthesis criteria is not met
---------------------------------------------------------------------------------
Finished Cross Boundary and Area Optimization : Time (s): cpu = 00:00:17 ; elapsed = 00:00:17 . Memory (MB): peak = 2732.719 ; gain = 410.672 ; free physical = 228090 ; free virtual = 245143
---------------------------------------------------------------------------------
---------------------------------------------------------------------------------
Start Applying XDC Timing Constraints
---------------------------------------------------------------------------------
---------------------------------------------------------------------------------
Finished Applying XDC Timing Constraints : Time (s): cpu = 00:00:25 ; elapsed = 00:00:25 . Memory (MB): peak = 3245.504 ; gain = 923.457 ; free physical = 227643 ; free virtual = 244696
---------------------------------------------------------------------------------
---------------------------------------------------------------------------------
Start Timing Optimization
---------------------------------------------------------------------------------
---------------------------------------------------------------------------------
Finished Timing Optimization : Time (s): cpu = 00:00:25 ; elapsed = 00:00:25 . Memory (MB): peak = 3245.504 ; gain = 923.457 ; free physical = 227643 ; free virtual = 244696
---------------------------------------------------------------------------------
---------------------------------------------------------------------------------
Start Technology Mapping
---------------------------------------------------------------------------------
---------------------------------------------------------------------------------
Finished Technology Mapping : Time (s): cpu = 00:00:25 ; elapsed = 00:00:25 . Memory (MB): peak = 3255.520 ; gain = 933.473 ; free physical = 227635 ; free virtual = 244688
---------------------------------------------------------------------------------
---------------------------------------------------------------------------------
Start IO Insertion
---------------------------------------------------------------------------------
---------------------------------------------------------------------------------
Start Final Netlist Cleanup
---------------------------------------------------------------------------------
---------------------------------------------------------------------------------
Finished Final Netlist Cleanup
---------------------------------------------------------------------------------
---------------------------------------------------------------------------------
Finished IO Insertion : Time (s): cpu = 00:00:29 ; elapsed = 00:00:29 . Memory (MB): peak = 3269.395 ; gain = 947.348 ; free physical = 227652 ; free virtual = 244705
---------------------------------------------------------------------------------
---------------------------------------------------------------------------------
Start Renaming Generated Instances
---------------------------------------------------------------------------------
---------------------------------------------------------------------------------
Finished Renaming Generated Instances : Time (s): cpu = 00:00:29 ; elapsed = 00:00:29 . Memory (MB): peak = 3269.395 ; gain = 947.348 ; free physical = 227652 ; free virtual = 244705
---------------------------------------------------------------------------------
---------------------------------------------------------------------------------
Start Handling Custom Attributes
---------------------------------------------------------------------------------
---------------------------------------------------------------------------------
Finished Handling Custom Attributes : Time (s): cpu = 00:00:29 ; elapsed = 00:00:29 . Memory (MB): peak = 3269.395 ; gain = 947.348 ; free physical = 227651 ; free virtual = 244704
---------------------------------------------------------------------------------
---------------------------------------------------------------------------------
Start Writing Synthesis Report
---------------------------------------------------------------------------------

Report BlackBoxes: 
+------+----------------------------------+----------+
|      |BlackBox name                     |Instances |
+------+----------------------------------+----------+
|1     |vit_system_proc_sys_reset_0_0     |         1|
|2     |vit_system_smartconnect_control_0 |         1|
|3     |vit_system_smartconnect_ddr_0     |         1|
|4     |vit_system_vit_phase_e_axi_0_0    |         1|
|5     |vit_system_zynq_ultra_ps_e_0_0    |         1|
+------+----------------------------------+----------+

Report Cell Usage: 
+------+--------------------------------+------+
|      |Cell                            |Count |
+------+--------------------------------+------+
|1     |vit_system_proc_sys_reset_0     |     1|
|2     |vit_system_smartconnect_control |     1|
|3     |vit_system_smartconnect_ddr     |     1|
|4     |vit_system_vit_phase_e_axi_0    |     1|
|5     |vit_system_zynq_ultra_ps_e_0    |     1|
+------+--------------------------------+------+
---------------------------------------------------------------------------------
Finished Writing Synthesis Report : Time (s): cpu = 00:00:29 ; elapsed = 00:00:29 . Memory (MB): peak = 3269.395 ; gain = 947.348 ; free physical = 227651 ; free virtual = 244704
---------------------------------------------------------------------------------
Synthesis finished with 0 errors, 0 critical warnings and 1 warnings.
Synthesis Optimization Runtime : Time (s): cpu = 00:00:23 ; elapsed = 00:00:24 . Memory (MB): peak = 3269.395 ; gain = 906.391 ; free physical = 227653 ; free virtual = 244706
Synthesis Optimization Complete : Time (s): cpu = 00:00:29 ; elapsed = 00:00:29 . Memory (MB): peak = 3269.402 ; gain = 947.348 ; free physical = 227653 ; free virtual = 244706
INFO: [Project 1-571] Translating synthesized netlist
Netlist sorting complete. Time (s): cpu = 00:00:00 ; elapsed = 00:00:00 . Memory (MB): peak = 3269.402 ; gain = 0.000 ; free physical = 227653 ; free virtual = 244706
INFO: [Project 1-570] Preparing netlist for logic optimization
INFO: [Opt 31-138] Pushed 0 inverter(s) to 0 load pin(s).
Netlist sorting complete. Time (s): cpu = 00:00:00 ; elapsed = 00:00:00 . Memory (MB): peak = 3305.082 ; gain = 0.000 ; free physical = 227878 ; free virtual = 244931
INFO: [Project 1-111] Unisim Transformation Summary:
No Unisim elements were transformed.

Synth Design complete | Checksum: d0cc15d2
INFO: [Common 17-83] Releasing license: Synthesis
39 Infos, 11 Warnings, 0 Critical Warnings and 0 Errors encountered.
synth_design completed successfully
synth_design: Time (s): cpu = 00:00:37 ; elapsed = 00:00:35 . Memory (MB): peak = 3319.055 ; gain = 1939.211 ; free physical = 227872 ; free virtual = 244925
INFO: [Common 17-2834] synth_design peak Physical Memory [PSS] (MB): overall = 2422.272; main = 2422.272; forked = 331.235
INFO: [Common 17-2834] synth_design peak Virtual Memory [VSS] (MB): overall = 3768.383; main = 3319.023; forked = 982.805
INFO: [Common 17-1381] The checkpoint '/home/s23520579/Vivado_project/vit_m8_board_candidate_67c18532_workspace_20260809/vivado_server_307_perf_v1_m8_nongemm_nodsp_2023_2/VIT_googlebase_rtl/ViT_googlebase/ViT_googlebase.runs/synth_1/vit_system_wrapper.dcp' has been generated.
INFO: [runtcl-4] Executing : report_utilization -file vit_system_wrapper_utilization_synth.rpt -pb vit_system_wrapper_utilization_synth.pb
INFO: [Common 17-206] Exiting Vivado at Sun Aug  9 03:47:42 2026...
[Sun Aug  9 03:47:52 2026] synth_1 finished
wait_on_runs: Time (s): cpu = 00:11:38 ; elapsed = 00:12:25 . Memory (MB): peak = 1604.859 ; gain = 0.000 ; free physical = 230150 ; free virtual = 247197
PASS: synth_1 completed: synth_design Complete!
PASS: synth_1 is current
PASS: vit_system_vit_phase_e_axi_0_0_synth_1 completed: synth_design Complete!
PASS: vit_system_vit_phase_e_axi_0_0_synth_1 is current
PASS: vit_system_vit_phase_e_axi_0_0_synth_1 FLATTEN_HIERARCHY=none MAX_DSP=0
Design is defaulting to impl run constrset: constrs_1
Design is defaulting to synth run part: xczu5ev-sfvc784-1-e
INFO: [Device 21-403] Loading part xczu5ev-sfvc784-1-e
INFO: [Project 1-454] Reading design checkpoint '/home/s23520579/Vivado_project/vit_m8_board_candidate_67c18532_workspace_20260809/vivado_server_307_perf_v1_m8_nongemm_nodsp_2023_2/VIT_googlebase_rtl/ViT_googlebase/ViT_googlebase.gen/sources_1/bd/vit_system/ip/vit_system_proc_sys_reset_0_0/vit_system_proc_sys_reset_0_0.dcp' for cell 'vit_system_i/proc_sys_reset_0'
INFO: [Project 1-454] Reading design checkpoint '/home/s23520579/Vivado_project/vit_m8_board_candidate_67c18532_workspace_20260809/vivado_server_307_perf_v1_m8_nongemm_nodsp_2023_2/VIT_googlebase_rtl/ViT_googlebase/ViT_googlebase.gen/sources_1/bd/vit_system/ip/vit_system_smartconnect_control_0/vit_system_smartconnect_control_0.dcp' for cell 'vit_system_i/smartconnect_control'
INFO: [Project 1-454] Reading design checkpoint '/home/s23520579/Vivado_project/vit_m8_board_candidate_67c18532_workspace_20260809/vivado_server_307_perf_v1_m8_nongemm_nodsp_2023_2/VIT_googlebase_rtl/ViT_googlebase/ViT_googlebase.gen/sources_1/bd/vit_system/ip/vit_system_smartconnect_ddr_0/vit_system_smartconnect_ddr_0.dcp' for cell 'vit_system_i/smartconnect_ddr'
INFO: [Project 1-454] Reading design checkpoint '/home/s23520579/Vivado_project/vit_m8_board_candidate_67c18532_workspace_20260809/vivado_server_307_perf_v1_m8_nongemm_nodsp_2023_2/VIT_googlebase_rtl/ViT_googlebase/ViT_googlebase.gen/sources_1/bd/vit_system/ip/vit_system_vit_phase_e_axi_0_0/vit_system_vit_phase_e_axi_0_0.dcp' for cell 'vit_system_i/vit_phase_e_axi_0'
INFO: [Project 1-454] Reading design checkpoint '/home/s23520579/Vivado_project/vit_m8_board_candidate_67c18532_workspace_20260809/vivado_server_307_perf_v1_m8_nongemm_nodsp_2023_2/VIT_googlebase_rtl/ViT_googlebase/ViT_googlebase.gen/sources_1/bd/vit_system/ip/vit_system_zynq_ultra_ps_e_0_0/vit_system_zynq_ultra_ps_e_0_0.dcp' for cell 'vit_system_i/zynq_ultra_ps_e_0'
Netlist sorting complete. Time (s): cpu = 00:00:00.92 ; elapsed = 00:00:00.92 . Memory (MB): peak = 2486.488 ; gain = 0.000 ; free physical = 229125 ; free virtual = 246173
INFO: [Netlist 29-17] Analyzing 8579 Unisim elements for replacement
INFO: [Netlist 29-28] Unisim Transformation completed in 0 CPU seconds
INFO: [Project 1-479] Netlist was created with Vivado 2023.2
INFO: [Project 1-570] Preparing netlist for logic optimization
Parsing XDC File [/home/s23520579/Vivado_project/vit_m8_board_candidate_67c18532_workspace_20260809/vivado_server_307_perf_v1_m8_nongemm_nodsp_2023_2/VIT_googlebase_rtl/ViT_googlebase/ViT_googlebase.gen/sources_1/bd/vit_system/ip/vit_system_smartconnect_ddr_0/bd_0/ip/ip_1/bd_819f_psr_aclk_0_board.xdc] for cell 'vit_system_i/smartconnect_ddr/inst/clk_map/psr_aclk/U0'
Finished Parsing XDC File [/home/s23520579/Vivado_project/vit_m8_board_candidate_67c18532_workspace_20260809/vivado_server_307_perf_v1_m8_nongemm_nodsp_2023_2/VIT_googlebase_rtl/ViT_googlebase/ViT_googlebase.gen/sources_1/bd/vit_system/ip/vit_system_smartconnect_ddr_0/bd_0/ip/ip_1/bd_819f_psr_aclk_0_board.xdc] for cell 'vit_system_i/smartconnect_ddr/inst/clk_map/psr_aclk/U0'
Parsing XDC File [/home/s23520579/Vivado_project/vit_m8_board_candidate_67c18532_workspace_20260809/vivado_server_307_perf_v1_m8_nongemm_nodsp_2023_2/VIT_googlebase_rtl/ViT_googlebase/ViT_googlebase.gen/sources_1/bd/vit_system/ip/vit_system_proc_sys_reset_0_0/vit_system_proc_sys_reset_0_0.xdc] for cell 'vit_system_i/proc_sys_reset_0/U0'
Finished Parsing XDC File [/home/s23520579/Vivado_project/vit_m8_board_candidate_67c18532_workspace_20260809/vivado_server_307_perf_v1_m8_nongemm_nodsp_2023_2/VIT_googlebase_rtl/ViT_googlebase/ViT_googlebase.gen/sources_1/bd/vit_system/ip/vit_system_proc_sys_reset_0_0/vit_system_proc_sys_reset_0_0.xdc] for cell 'vit_system_i/proc_sys_reset_0/U0'
Parsing XDC File [/home/s23520579/Vivado_project/vit_m8_board_candidate_67c18532_workspace_20260809/vivado_server_307_perf_v1_m8_nongemm_nodsp_2023_2/VIT_googlebase_rtl/ViT_googlebase/ViT_googlebase.gen/sources_1/bd/vit_system/ip/vit_system_proc_sys_reset_0_0/vit_system_proc_sys_reset_0_0_board.xdc] for cell 'vit_system_i/proc_sys_reset_0/U0'
Finished Parsing XDC File [/home/s23520579/Vivado_project/vit_m8_board_candidate_67c18532_workspace_20260809/vivado_server_307_perf_v1_m8_nongemm_nodsp_2023_2/VIT_googlebase_rtl/ViT_googlebase/ViT_googlebase.gen/sources_1/bd/vit_system/ip/vit_system_proc_sys_reset_0_0/vit_system_proc_sys_reset_0_0_board.xdc] for cell 'vit_system_i/proc_sys_reset_0/U0'
Parsing XDC File [/home/s23520579/Vivado_project/vit_m8_board_candidate_67c18532_workspace_20260809/vivado_server_307_perf_v1_m8_nongemm_nodsp_2023_2/VIT_googlebase_rtl/ViT_googlebase/ViT_googlebase.gen/sources_1/bd/vit_system/ip/vit_system_smartconnect_ddr_0/smartconnect.xdc] for cell 'vit_system_i/smartconnect_ddr/inst'
WARNING: [Vivado_Tcl 4-919] Waiver ID 'CDC-1' -from list should not be empty. [/home/s23520579/Vivado_project/vit_m8_board_candidate_67c18532_workspace_20260809/vivado_server_307_perf_v1_m8_nongemm_nodsp_2023_2/VIT_googlebase_rtl/ViT_googlebase/ViT_googlebase.gen/sources_1/bd/vit_system/ip/vit_system_smartconnect_ddr_0/smartconnect.xdc:1]
WARNING: [Vivado_Tcl 4-921] Waiver ID 'CDC-1' -to list should not be empty. [/home/s23520579/Vivado_project/vit_m8_board_candidate_67c18532_workspace_20260809/vivado_server_307_perf_v1_m8_nongemm_nodsp_2023_2/VIT_googlebase_rtl/ViT_googlebase/ViT_googlebase.gen/sources_1/bd/vit_system/ip/vit_system_smartconnect_ddr_0/smartconnect.xdc:2]
WARNING: [Vivado_Tcl 4-921] Waiver ID 'CDC-1' -to list should not be empty. [/home/s23520579/Vivado_project/vit_m8_board_candidate_67c18532_workspace_20260809/vivado_server_307_perf_v1_m8_nongemm_nodsp_2023_2/VIT_googlebase_rtl/ViT_googlebase/ViT_googlebase.gen/sources_1/bd/vit_system/ip/vit_system_smartconnect_ddr_0/smartconnect.xdc:3]
WARNING: [Vivado_Tcl 4-921] Waiver ID 'CDC-1' -to list should not be empty. [/home/s23520579/Vivado_project/vit_m8_board_candidate_67c18532_workspace_20260809/vivado_server_307_perf_v1_m8_nongemm_nodsp_2023_2/VIT_googlebase_rtl/ViT_googlebase/ViT_googlebase.gen/sources_1/bd/vit_system/ip/vit_system_smartconnect_ddr_0/smartconnect.xdc:4]
WARNING: [Vivado_Tcl 4-921] Waiver ID 'CDC-1' -to list should not be empty. [/home/s23520579/Vivado_project/vit_m8_board_candidate_67c18532_workspace_20260809/vivado_server_307_perf_v1_m8_nongemm_nodsp_2023_2/VIT_googlebase_rtl/ViT_googlebase/ViT_googlebase.gen/sources_1/bd/vit_system/ip/vit_system_smartconnect_ddr_0/smartconnect.xdc:5]
WARNING: [Vivado_Tcl 4-921] Waiver ID 'CDC-1' -to list should not be empty. [/home/s23520579/Vivado_project/vit_m8_board_candidate_67c18532_workspace_20260809/vivado_server_307_perf_v1_m8_nongemm_nodsp_2023_2/VIT_googlebase_rtl/ViT_googlebase/ViT_googlebase.gen/sources_1/bd/vit_system/ip/vit_system_smartconnect_ddr_0/smartconnect.xdc:6]
WARNING: [Vivado_Tcl 4-921] Waiver ID 'CDC-1' -to list should not be empty. [/home/s23520579/Vivado_project/vit_m8_board_candidate_67c18532_workspace_20260809/vivado_server_307_perf_v1_m8_nongemm_nodsp_2023_2/VIT_googlebase_rtl/ViT_googlebase/ViT_googlebase.gen/sources_1/bd/vit_system/ip/vit_system_smartconnect_ddr_0/smartconnect.xdc:7]
WARNING: [Vivado_Tcl 4-921] Waiver ID 'CDC-1' -to list should not be empty. [/home/s23520579/Vivado_project/vit_m8_board_candidate_67c18532_workspace_20260809/vivado_server_307_perf_v1_m8_nongemm_nodsp_2023_2/VIT_googlebase_rtl/ViT_googlebase/ViT_googlebase.gen/sources_1/bd/vit_system/ip/vit_system_smartconnect_ddr_0/smartconnect.xdc:8]
WARNING: [Vivado_Tcl 4-921] Waiver ID 'CDC-1' -to list should not be empty. [/home/s23520579/Vivado_project/vit_m8_board_candidate_67c18532_workspace_20260809/vivado_server_307_perf_v1_m8_nongemm_nodsp_2023_2/VIT_googlebase_rtl/ViT_googlebase/ViT_googlebase.gen/sources_1/bd/vit_system/ip/vit_system_smartconnect_ddr_0/smartconnect.xdc:9]
WARNING: [Vivado_Tcl 4-921] Waiver ID 'CDC-1' -to list should not be empty. [/home/s23520579/Vivado_project/vit_m8_board_candidate_67c18532_workspace_20260809/vivado_server_307_perf_v1_m8_nongemm_nodsp_2023_2/VIT_googlebase_rtl/ViT_googlebase/ViT_googlebase.gen/sources_1/bd/vit_system/ip/vit_system_smartconnect_ddr_0/smartconnect.xdc:10]
Finished Parsing XDC File [/home/s23520579/Vivado_project/vit_m8_board_candidate_67c18532_workspace_20260809/vivado_server_307_perf_v1_m8_nongemm_nodsp_2023_2/VIT_googlebase_rtl/ViT_googlebase/ViT_googlebase.gen/sources_1/bd/vit_system/ip/vit_system_smartconnect_ddr_0/smartconnect.xdc] for cell 'vit_system_i/smartconnect_ddr/inst'
Parsing XDC File [/home/s23520579/Vivado_project/vit_m8_board_candidate_67c18532_workspace_20260809/vivado_server_307_perf_v1_m8_nongemm_nodsp_2023_2/VIT_googlebase_rtl/ViT_googlebase/ViT_googlebase.gen/sources_1/bd/vit_system/ip/vit_system_smartconnect_ddr_0/bd_0/ip/ip_10/bd_819f_sbn_0_clocks.xdc] for cell 'vit_system_i/smartconnect_ddr/inst/s00_nodes/s00_b_node/inst'
WARNING: [Vivado_Tcl 4-921] Waiver ID 'CDC-1' -to list should not be empty. [/home/s23520579/Vivado_project/vit_m8_board_candidate_67c18532_workspace_20260809/vivado_server_307_perf_v1_m8_nongemm_nodsp_2023_2/VIT_googlebase_rtl/ViT_googlebase/ViT_googlebase.gen/sources_1/bd/vit_system/ip/vit_system_smartconnect_ddr_0/bd_0/ip/ip_10/bd_819f_sbn_0_clocks.xdc:49]
WARNING: [Vivado_Tcl 4-921] Waiver ID 'CDC-1' -to list should not be empty. [/home/s23520579/Vivado_project/vit_m8_board_candidate_67c18532_workspace_20260809/vivado_server_307_perf_v1_m8_nongemm_nodsp_2023_2/VIT_googlebase_rtl/ViT_googlebase/ViT_googlebase.gen/sources_1/bd/vit_system/ip/vit_system_smartconnect_ddr_0/bd_0/ip/ip_10/bd_819f_sbn_0_clocks.xdc:52]
WARNING: [Vivado_Tcl 4-921] Waiver ID 'CDC-1' -to list should not be empty. [/home/s23520579/Vivado_project/vit_m8_board_candidate_67c18532_workspace_20260809/vivado_server_307_perf_v1_m8_nongemm_nodsp_2023_2/VIT_googlebase_rtl/ViT_googlebase/ViT_googlebase.gen/sources_1/bd/vit_system/ip/vit_system_smartconnect_ddr_0/bd_0/ip/ip_10/bd_819f_sbn_0_clocks.xdc:55]
WARNING: [Vivado_Tcl 4-921] Waiver ID 'CDC-1' -to list should not be empty. [/home/s23520579/Vivado_project/vit_m8_board_candidate_67c18532_workspace_20260809/vivado_server_307_perf_v1_m8_nongemm_nodsp_2023_2/VIT_googlebase_rtl/ViT_googlebase/ViT_googlebase.gen/sources_1/bd/vit_system/ip/vit_system_smartconnect_ddr_0/bd_0/ip/ip_10/bd_819f_sbn_0_clocks.xdc:59]
WARNING: [Vivado_Tcl 4-921] Waiver ID 'CDC-1' -to list should not be empty. [/home/s23520579/Vivado_project/vit_m8_board_candidate_67c18532_workspace_20260809/vivado_server_307_perf_v1_m8_nongemm_nodsp_2023_2/VIT_googlebase_rtl/ViT_googlebase/ViT_googlebase.gen/sources_1/bd/vit_system/ip/vit_system_smartconnect_ddr_0/bd_0/ip/ip_10/bd_819f_sbn_0_clocks.xdc:63]
WARNING: [Vivado_Tcl 4-921] Waiver ID 'CDC-1' -to list should not be empty. [/home/s23520579/Vivado_project/vit_m8_board_candidate_67c18532_workspace_20260809/vivado_server_307_perf_v1_m8_nongemm_nodsp_2023_2/VIT_googlebase_rtl/ViT_googlebase/ViT_googlebase.gen/sources_1/bd/vit_system/ip/vit_system_smartconnect_ddr_0/bd_0/ip/ip_10/bd_819f_sbn_0_clocks.xdc:66]
WARNING: [Vivado_Tcl 4-921] Waiver ID 'CDC-1' -to list should not be empty. [/home/s23520579/Vivado_project/vit_m8_board_candidate_67c18532_workspace_20260809/vivado_server_307_perf_v1_m8_nongemm_nodsp_2023_2/VIT_googlebase_rtl/ViT_googlebase/ViT_googlebase.gen/sources_1/bd/vit_system/ip/vit_system_smartconnect_ddr_0/bd_0/ip/ip_10/bd_819f_sbn_0_clocks.xdc:70]
WARNING: [Vivado_Tcl 4-921] Waiver ID 'CDC-1' -to list should not be empty. [/home/s23520579/Vivado_project/vit_m8_board_candidate_67c18532_workspace_20260809/vivado_server_307_perf_v1_m8_nongemm_nodsp_2023_2/VIT_googlebase_rtl/ViT_googlebase/ViT_googlebase.gen/sources_1/bd/vit_system/ip/vit_system_smartconnect_ddr_0/bd_0/ip/ip_10/bd_819f_sbn_0_clocks.xdc:73]
WARNING: [Vivado_Tcl 4-921] Waiver ID 'CDC-1' -to list should not be empty. [/home/s23520579/Vivado_project/vit_m8_board_candidate_67c18532_workspace_20260809/vivado_server_307_perf_v1_m8_nongemm_nodsp_2023_2/VIT_googlebase_rtl/ViT_googlebase/ViT_googlebase.gen/sources_1/bd/vit_system/ip/vit_system_smartconnect_ddr_0/bd_0/ip/ip_10/bd_819f_sbn_0_clocks.xdc:76]
WARNING: [Vivado_Tcl 4-921] Waiver ID 'CDC-1' -to list should not be empty. [/home/s23520579/Vivado_project/vit_m8_board_candidate_67c18532_workspace_20260809/vivado_server_307_perf_v1_m8_nongemm_nodsp_2023_2/VIT_googlebase_rtl/ViT_googlebase/ViT_googlebase.gen/sources_1/bd/vit_system/ip/vit_system_smartconnect_ddr_0/bd_0/ip/ip_10/bd_819f_sbn_0_clocks.xdc:79]
WARNING: [Vivado_Tcl 4-921] Waiver ID 'CDC-1' -to list should not be empty. [/home/s23520579/Vivado_project/vit_m8_board_candidate_67c18532_workspace_20260809/vivado_server_307_perf_v1_m8_nongemm_nodsp_2023_2/VIT_googlebase_rtl/ViT_googlebase/ViT_googlebase.gen/sources_1/bd/vit_system/ip/vit_system_smartconnect_ddr_0/bd_0/ip/ip_10/bd_819f_sbn_0_clocks.xdc:82]
WARNING: [Vivado_Tcl 4-921] Waiver ID 'CDC-4' -to list should not be empty. [/home/s23520579/Vivado_project/vit_m8_board_candidate_67c18532_workspace_20260809/vivado_server_307_perf_v1_m8_nongemm_nodsp_2023_2/VIT_googlebase_rtl/ViT_googlebase/ViT_googlebase.gen/sources_1/bd/vit_system/ip/vit_system_smartconnect_ddr_0/bd_0/ip/ip_10/bd_819f_sbn_0_clocks.xdc:85]
WARNING: [Vivado_Tcl 4-921] Waiver ID 'CDC-4' -to list should not be empty. [/home/s23520579/Vivado_project/vit_m8_board_candidate_67c18532_workspace_20260809/vivado_server_307_perf_v1_m8_nongemm_nodsp_2023_2/VIT_googlebase_rtl/ViT_googlebase/ViT_googlebase.gen/sources_1/bd/vit_system/ip/vit_system_smartconnect_ddr_0/bd_0/ip/ip_10/bd_819f_sbn_0_clocks.xdc:88]
WARNING: [Vivado_Tcl 4-921] Waiver ID 'CDC-2' -to list should not be empty. [/home/s23520579/Vivado_project/vit_m8_board_candidate_67c18532_workspace_20260809/vivado_server_307_perf_v1_m8_nongemm_nodsp_2023_2/VIT_googlebase_rtl/ViT_googlebase/ViT_googlebase.gen/sources_1/bd/vit_system/ip/vit_system_smartconnect_ddr_0/bd_0/ip/ip_10/bd_819f_sbn_0_clocks.xdc:91]
WARNING: [Vivado_Tcl 4-921] Waiver ID 'CDC-2' -to list should not be empty. [/home/s23520579/Vivado_project/vit_m8_board_candidate_67c18532_workspace_20260809/vivado_server_307_perf_v1_m8_nongemm_nodsp_2023_2/VIT_googlebase_rtl/ViT_googlebase/ViT_googlebase.gen/sources_1/bd/vit_system/ip/vit_system_smartconnect_ddr_0/bd_0/ip/ip_10/bd_819f_sbn_0_clocks.xdc:94]
WARNING: [Vivado_Tcl 4-921] Waiver ID 'CDC-2' -to list should not be empty. [/home/s23520579/Vivado_project/vit_m8_board_candidate_67c18532_workspace_20260809/vivado_server_307_perf_v1_m8_nongemm_nodsp_2023_2/VIT_googlebase_rtl/ViT_googlebase/ViT_googlebase.gen/sources_1/bd/vit_system/ip/vit_system_smartconnect_ddr_0/bd_0/ip/ip_10/bd_819f_sbn_0_clocks.xdc:97]
WARNING: [Vivado_Tcl 4-921] Waiver ID 'CDC-2' -to list should not be empty. [/home/s23520579/Vivado_project/vit_m8_board_candidate_67c18532_workspace_20260809/vivado_server_307_perf_v1_m8_nongemm_nodsp_2023_2/VIT_googlebase_rtl/ViT_googlebase/ViT_googlebase.gen/sources_1/bd/vit_system/ip/vit_system_smartconnect_ddr_0/bd_0/ip/ip_10/bd_819f_sbn_0_clocks.xdc:100]
WARNING: [Vivado_Tcl 4-921] Waiver ID 'CDC-1' -to list should not be empty. [/home/s23520579/Vivado_project/vit_m8_board_candidate_67c18532_workspace_20260809/vivado_server_307_perf_v1_m8_nongemm_nodsp_2023_2/VIT_googlebase_rtl/ViT_googlebase/ViT_googlebase.gen/sources_1/bd/vit_system/ip/vit_system_smartconnect_ddr_0/bd_0/ip/ip_10/bd_819f_sbn_0_clocks.xdc:104]
WARNING: [Vivado_Tcl 4-921] Waiver ID 'CDC-10' -to list should not be empty. [/home/s23520579/Vivado_project/vit_m8_board_candidate_67c18532_workspace_20260809/vivado_server_307_perf_v1_m8_nongemm_nodsp_2023_2/VIT_googlebase_rtl/ViT_googlebase/ViT_googlebase.gen/sources_1/bd/vit_system/ip/vit_system_smartconnect_ddr_0/bd_0/ip/ip_10/bd_819f_sbn_0_clocks.xdc:107]
WARNING: [Vivado_Tcl 4-921] Waiver ID 'CDC-10' -to list should not be empty. [/home/s23520579/Vivado_project/vit_m8_board_candidate_67c18532_workspace_20260809/vivado_server_307_perf_v1_m8_nongemm_nodsp_2023_2/VIT_googlebase_rtl/ViT_googlebase/ViT_googlebase.gen/sources_1/bd/vit_system/ip/vit_system_smartconnect_ddr_0/bd_0/ip/ip_10/bd_819f_sbn_0_clocks.xdc:110]
WARNING: [Vivado_Tcl 4-921] Waiver ID 'CDC-1' -to list should not be empty. [/home/s23520579/Vivado_project/vit_m8_board_candidate_67c18532_workspace_20260809/vivado_server_307_perf_v1_m8_nongemm_nodsp_2023_2/VIT_googlebase_rtl/ViT_googlebase/ViT_googlebase.gen/sources_1/bd/vit_system/ip/vit_system_smartconnect_ddr_0/bd_0/ip/ip_10/bd_819f_sbn_0_clocks.xdc:113]
WARNING: [Vivado_Tcl 4-921] Waiver ID 'CDC-1' -to list should not be empty. [/home/s23520579/Vivado_project/vit_m8_board_candidate_67c18532_workspace_20260809/vivado_server_307_perf_v1_m8_nongemm_nodsp_2023_2/VIT_googlebase_rtl/ViT_googlebase/ViT_googlebase.gen/sources_1/bd/vit_system/ip/vit_system_smartconnect_ddr_0/bd_0/ip/ip_10/bd_819f_sbn_0_clocks.xdc:116]
WARNING: [Vivado_Tcl 4-921] Waiver ID 'CDC-1' -to list should not be empty. [/home/s23520579/Vivado_project/vit_m8_board_candidate_67c18532_workspace_20260809/vivado_server_307_perf_v1_m8_nongemm_nodsp_2023_2/VIT_googlebase_rtl/ViT_googlebase/ViT_googlebase.gen/sources_1/bd/vit_system/ip/vit_system_smartconnect_ddr_0/bd_0/ip/ip_10/bd_819f_sbn_0_clocks.xdc:119]
WARNING: [Vivado_Tcl 4-921] Waiver ID 'CDC-13' -to list should not be empty. [/home/s23520579/Vivado_project/vit_m8_board_candidate_67c18532_workspace_20260809/vivado_server_307_perf_v1_m8_nongemm_nodsp_2023_2/VIT_googlebase_rtl/ViT_googlebase/ViT_googlebase.gen/sources_1/bd/vit_system/ip/vit_system_smartconnect_ddr_0/bd_0/ip/ip_10/bd_819f_sbn_0_clocks.xdc:122]
WARNING: [Vivado_Tcl 4-921] Waiver ID 'CDC-1' -to list should not be empty. [/home/s23520579/Vivado_project/vit_m8_board_candidate_67c18532_workspace_20260809/vivado_server_307_perf_v1_m8_nongemm_nodsp_2023_2/VIT_googlebase_rtl/ViT_googlebase/ViT_googlebase.gen/sources_1/bd/vit_system/ip/vit_system_smartconnect_ddr_0/bd_0/ip/ip_10/bd_819f_sbn_0_clocks.xdc:125]
WARNING: [Vivado_Tcl 4-921] Waiver ID 'CDC-1' -to list should not be empty. [/home/s23520579/Vivado_project/vit_m8_board_candidate_67c18532_workspace_20260809/vivado_server_307_perf_v1_m8_nongemm_nodsp_2023_2/VIT_googlebase_rtl/ViT_googlebase/ViT_googlebase.gen/sources_1/bd/vit_system/ip/vit_system_smartconnect_ddr_0/bd_0/ip/ip_10/bd_819f_sbn_0_clocks.xdc:128]
WARNING: [Vivado_Tcl 4-921] Waiver ID 'CDC-13' -to list should not be empty. [/home/s23520579/Vivado_project/vit_m8_board_candidate_67c18532_workspace_20260809/vivado_server_307_perf_v1_m8_nongemm_nodsp_2023_2/VIT_googlebase_rtl/ViT_googlebase/ViT_googlebase.gen/sources_1/bd/vit_system/ip/vit_system_smartconnect_ddr_0/bd_0/ip/ip_10/bd_819f_sbn_0_clocks.xdc:131]
WARNING: [Vivado_Tcl 4-921] Waiver ID 'CDC-1' -to list should not be empty. [/home/s23520579/Vivado_project/vit_m8_board_candidate_67c18532_workspace_20260809/vivado_server_307_perf_v1_m8_nongemm_nodsp_2023_2/VIT_googlebase_rtl/ViT_googlebase/ViT_googlebase.gen/sources_1/bd/vit_system/ip/vit_system_smartconnect_ddr_0/bd_0/ip/ip_10/bd_819f_sbn_0_clocks.xdc:134]
WARNING: [Vivado_Tcl 4-921] Waiver ID 'CDC-10' -to list should not be empty. [/home/s23520579/Vivado_project/vit_m8_board_candidate_67c18532_workspace_20260809/vivado_server_307_perf_v1_m8_nongemm_nodsp_2023_2/VIT_googlebase_rtl/ViT_googlebase/ViT_googlebase.gen/sources_1/bd/vit_system/ip/vit_system_smartconnect_ddr_0/bd_0/ip/ip_10/bd_819f_sbn_0_clocks.xdc:137]
WARNING: [Vivado_Tcl 4-921] Waiver ID 'CDC-1' -to list should not be empty. [/home/s23520579/Vivado_project/vit_m8_board_candidate_67c18532_workspace_20260809/vivado_server_307_perf_v1_m8_nongemm_nodsp_2023_2/VIT_googlebase_rtl/ViT_googlebase/ViT_googlebase.gen/sources_1/bd/vit_system/ip/vit_system_smartconnect_ddr_0/bd_0/ip/ip_10/bd_819f_sbn_0_clocks.xdc:140]
WARNING: [Vivado_Tcl 4-921] Waiver ID 'CDC-1' -to list should not be empty. [/home/s23520579/Vivado_project/vit_m8_board_candidate_67c18532_workspace_20260809/vivado_server_307_perf_v1_m8_nongemm_nodsp_2023_2/VIT_googlebase_rtl/ViT_googlebase/ViT_googlebase.gen/sources_1/bd/vit_system/ip/vit_system_smartconnect_ddr_0/bd_0/ip/ip_10/bd_819f_sbn_0_clocks.xdc:143]
WARNING: [Vivado_Tcl 4-921] Waiver ID 'CDC-1' -to list should not be empty. [/home/s23520579/Vivado_project/vit_m8_board_candidate_67c18532_workspace_20260809/vivado_server_307_perf_v1_m8_nongemm_nodsp_2023_2/VIT_googlebase_rtl/ViT_googlebase/ViT_googlebase.gen/sources_1/bd/vit_system/ip/vit_system_smartconnect_ddr_0/bd_0/ip/ip_10/bd_819f_sbn_0_clocks.xdc:146]
WARNING: [Vivado_Tcl 4-921] Waiver ID 'CDC-2' -to list should not be empty. [/home/s23520579/Vivado_project/vit_m8_board_candidate_67c18532_workspace_20260809/vivado_server_307_perf_v1_m8_nongemm_nodsp_2023_2/VIT_googlebase_rtl/ViT_googlebase/ViT_googlebase.gen/sources_1/bd/vit_system/ip/vit_system_smartconnect_ddr_0/bd_0/ip/ip_10/bd_819f_sbn_0_clocks.xdc:149]
WARNING: [Vivado_Tcl 4-921] Waiver ID 'CDC-1' -to list should not be empty. [/home/s23520579/Vivado_project/vit_m8_board_candidate_67c18532_workspace_20260809/vivado_server_307_perf_v1_m8_nongemm_nodsp_2023_2/VIT_googlebase_rtl/ViT_googlebase/ViT_googlebase.gen/sources_1/bd/vit_system/ip/vit_system_smartconnect_ddr_0/bd_0/ip/ip_10/bd_819f_sbn_0_clocks.xdc:152]
WARNING: [Vivado_Tcl 4-921] Waiver ID 'CDC-1' -to list should not be empty. [/home/s23520579/Vivado_project/vit_m8_board_candidate_67c18532_workspace_20260809/vivado_server_307_perf_v1_m8_nongemm_nodsp_2023_2/VIT_googlebase_rtl/ViT_googlebase/ViT_googlebase.gen/sources_1/bd/vit_system/ip/vit_system_smartconnect_ddr_0/bd_0/ip/ip_10/bd_819f_sbn_0_clocks.xdc:155]
WARNING: [Vivado_Tcl 4-921] Waiver ID 'CDC-1' -to list should not be empty. [/home/s23520579/Vivado_project/vit_m8_board_candidate_67c18532_workspace_20260809/vivado_server_307_perf_v1_m8_nongemm_nodsp_2023_2/VIT_googlebase_rtl/ViT_googlebase/ViT_googlebase.gen/sources_1/bd/vit_system/ip/vit_system_smartconnect_ddr_0/bd_0/ip/ip_10/bd_819f_sbn_0_clocks.xdc:158]
WARNING: [Vivado_Tcl 4-921] Waiver ID 'CDC-10' -to list should not be empty. [/home/s23520579/Vivado_project/vit_m8_board_candidate_67c18532_workspace_20260809/vivado_server_307_perf_v1_m8_nongemm_nodsp_2023_2/VIT_googlebase_rtl/ViT_googlebase/ViT_googlebase.gen/sources_1/bd/vit_system/ip/vit_system_smartconnect_ddr_0/bd_0/ip/ip_10/bd_819f_sbn_0_clocks.xdc:161]
WARNING: [Vivado_Tcl 4-921] Waiver ID 'CDC-4' -to list should not be empty. [/home/s23520579/Vivado_project/vit_m8_board_candidate_67c18532_workspace_20260809/vivado_server_307_perf_v1_m8_nongemm_nodsp_2023_2/VIT_googlebase_rtl/ViT_googlebase/ViT_googlebase.gen/sources_1/bd/vit_system/ip/vit_system_smartconnect_ddr_0/bd_0/ip/ip_10/bd_819f_sbn_0_clocks.xdc:164]
WARNING: [Vivado_Tcl 4-921] Waiver ID 'CDC-4' -to list should not be empty. [/home/s23520579/Vivado_project/vit_m8_board_candidate_67c18532_workspace_20260809/vivado_server_307_perf_v1_m8_nongemm_nodsp_2023_2/VIT_googlebase_rtl/ViT_googlebase/ViT_googlebase.gen/sources_1/bd/vit_system/ip/vit_system_smartconnect_ddr_0/bd_0/ip/ip_10/bd_819f_sbn_0_clocks.xdc:167]
WARNING: [Vivado_Tcl 4-921] Waiver ID 'CDC-4' -to list should not be empty. [/home/s23520579/Vivado_project/vit_m8_board_candidate_67c18532_workspace_20260809/vivado_server_307_perf_v1_m8_nongemm_nodsp_2023_2/VIT_googlebase_rtl/ViT_googlebase/ViT_googlebase.gen/sources_1/bd/vit_system/ip/vit_system_smartconnect_ddr_0/bd_0/ip/ip_10/bd_819f_sbn_0_clocks.xdc:171]
WARNING: [Vivado_Tcl 4-921] Waiver ID 'CDC-4' -to list should not be empty. [/home/s23520579/Vivado_project/vit_m8_board_candidate_67c18532_workspace_20260809/vivado_server_307_perf_v1_m8_nongemm_nodsp_2023_2/VIT_googlebase_rtl/ViT_googlebase/ViT_googlebase.gen/sources_1/bd/vit_system/ip/vit_system_smartconnect_ddr_0/bd_0/ip/ip_10/bd_819f_sbn_0_clocks.xdc:174]
WARNING: [Vivado_Tcl 4-921] Waiver ID 'CDC-1' -to list should not be empty. [/home/s23520579/Vivado_project/vit_m8_board_candidate_67c18532_workspace_20260809/vivado_server_307_perf_v1_m8_nongemm_nodsp_2023_2/VIT_googlebase_rtl/ViT_googlebase/ViT_googlebase.gen/sources_1/bd/vit_system/ip/vit_system_smartconnect_ddr_0/bd_0/ip/ip_10/bd_819f_sbn_0_clocks.xdc:178]
Finished Parsing XDC File [/home/s23520579/Vivado_project/vit_m8_board_candidate_67c18532_workspace_20260809/vivado_server_307_perf_v1_m8_nongemm_nodsp_2023_2/VIT_googlebase_rtl/ViT_googlebase/ViT_googlebase.gen/sources_1/bd/vit_system/ip/vit_system_smartconnect_ddr_0/bd_0/ip/ip_10/bd_819f_sbn_0_clocks.xdc] for cell 'vit_system_i/smartconnect_ddr/inst/s00_nodes/s00_b_node/inst'
Parsing XDC File [/home/s23520579/Vivado_project/vit_m8_board_candidate_67c18532_workspace_20260809/vivado_server_307_perf_v1_m8_nongemm_nodsp_2023_2/VIT_googlebase_rtl/ViT_googlebase/ViT_googlebase.gen/sources_1/bd/vit_system/ip/vit_system_smartconnect_ddr_0/bd_0/ip/ip_9/bd_819f_swn_0_clocks.xdc] for cell 'vit_system_i/smartconnect_ddr/inst/s00_nodes/s00_w_node/inst'
WARNING: [Vivado_Tcl 4-921] Waiver ID 'CDC-1' -to list should not be empty. [/home/s23520579/Vivado_project/vit_m8_board_candidate_67c18532_workspace_20260809/vivado_server_307_perf_v1_m8_nongemm_nodsp_2023_2/VIT_googlebase_rtl/ViT_googlebase/ViT_googlebase.gen/sources_1/bd/vit_system/ip/vit_system_smartconnect_ddr_0/bd_0/ip/ip_9/bd_819f_swn_0_clocks.xdc:49]
WARNING: [Vivado_Tcl 4-921] Waiver ID 'CDC-1' -to list should not be empty. [/home/s23520579/Vivado_project/vit_m8_board_candidate_67c18532_workspace_20260809/vivado_server_307_perf_v1_m8_nongemm_nodsp_2023_2/VIT_googlebase_rtl/ViT_googlebase/ViT_googlebase.gen/sources_1/bd/vit_system/ip/vit_system_smartconnect_ddr_0/bd_0/ip/ip_9/bd_819f_swn_0_clocks.xdc:52]
WARNING: [Vivado_Tcl 4-921] Waiver ID 'CDC-1' -to list should not be empty. [/home/s23520579/Vivado_project/vit_m8_board_candidate_67c18532_workspace_20260809/vivado_server_307_perf_v1_m8_nongemm_nodsp_2023_2/VIT_googlebase_rtl/ViT_googlebase/ViT_googlebase.gen/sources_1/bd/vit_system/ip/vit_system_smartconnect_ddr_0/bd_0/ip/ip_9/bd_819f_swn_0_clocks.xdc:55]
WARNING: [Vivado_Tcl 4-921] Waiver ID 'CDC-1' -to list should not be empty. [/home/s23520579/Vivado_project/vit_m8_board_candidate_67c18532_workspace_20260809/vivado_server_307_perf_v1_m8_nongemm_nodsp_2023_2/VIT_googlebase_rtl/ViT_googlebase/ViT_googlebase.gen/sources_1/bd/vit_system/ip/vit_system_smartconnect_ddr_0/bd_0/ip/ip_9/bd_819f_swn_0_clocks.xdc:59]
WARNING: [Vivado_Tcl 4-921] Waiver ID 'CDC-1' -to list should not be empty. [/home/s23520579/Vivado_project/vit_m8_board_candidate_67c18532_workspace_20260809/vivado_server_307_perf_v1_m8_nongemm_nodsp_2023_2/VIT_googlebase_rtl/ViT_googlebase/ViT_googlebase.gen/sources_1/bd/vit_system/ip/vit_system_smartconnect_ddr_0/bd_0/ip/ip_9/bd_819f_swn_0_clocks.xdc:63]
WARNING: [Vivado_Tcl 4-921] Waiver ID 'CDC-1' -to list should not be empty. [/home/s23520579/Vivado_project/vit_m8_board_candidate_67c18532_workspace_20260809/vivado_server_307_perf_v1_m8_nongemm_nodsp_2023_2/VIT_googlebase_rtl/ViT_googlebase/ViT_googlebase.gen/sources_1/bd/vit_system/ip/vit_system_smartconnect_ddr_0/bd_0/ip/ip_9/bd_819f_swn_0_clocks.xdc:66]
WARNING: [Vivado_Tcl 4-921] Waiver ID 'CDC-1' -to list should not be empty. [/home/s23520579/Vivado_project/vit_m8_board_candidate_67c18532_workspace_20260809/vivado_server_307_perf_v1_m8_nongemm_nodsp_2023_2/VIT_googlebase_rtl/ViT_googlebase/ViT_googlebase.gen/sources_1/bd/vit_system/ip/vit_system_smartconnect_ddr_0/bd_0/ip/ip_9/bd_819f_swn_0_clocks.xdc:70]
WARNING: [Vivado_Tcl 4-921] Waiver ID 'CDC-1' -to list should not be empty. [/home/s23520579/Vivado_project/vit_m8_board_candidate_67c18532_workspace_20260809/vivado_server_307_perf_v1_m8_nongemm_nodsp_2023_2/VIT_googlebase_rtl/ViT_googlebase/ViT_googlebase.gen/sources_1/bd/vit_system/ip/vit_system_smartconnect_ddr_0/bd_0/ip/ip_9/bd_819f_swn_0_clocks.xdc:73]
WARNING: [Vivado_Tcl 4-921] Waiver ID 'CDC-1' -to list should not be empty. [/home/s23520579/Vivado_project/vit_m8_board_candidate_67c18532_workspace_20260809/vivado_server_307_perf_v1_m8_nongemm_nodsp_2023_2/VIT_googlebase_rtl/ViT_googlebase/ViT_googlebase.gen/sources_1/bd/vit_system/ip/vit_system_smartconnect_ddr_0/bd_0/ip/ip_9/bd_819f_swn_0_clocks.xdc:76]
WARNING: [Vivado_Tcl 4-921] Waiver ID 'CDC-1' -to list should not be empty. [/home/s23520579/Vivado_project/vit_m8_board_candidate_67c18532_workspace_20260809/vivado_server_307_perf_v1_m8_nongemm_nodsp_2023_2/VIT_googlebase_rtl/ViT_googlebase/ViT_googlebase.gen/sources_1/bd/vit_system/ip/vit_system_smartconnect_ddr_0/bd_0/ip/ip_9/bd_819f_swn_0_clocks.xdc:79]
WARNING: [Vivado_Tcl 4-921] Waiver ID 'CDC-1' -to list should not be empty. [/home/s23520579/Vivado_project/vit_m8_board_candidate_67c18532_workspace_20260809/vivado_server_307_perf_v1_m8_nongemm_nodsp_2023_2/VIT_googlebase_rtl/ViT_googlebase/ViT_googlebase.gen/sources_1/bd/vit_system/ip/vit_system_smartconnect_ddr_0/bd_0/ip/ip_9/bd_819f_swn_0_clocks.xdc:82]
WARNING: [Vivado_Tcl 4-921] Waiver ID 'CDC-4' -to list should not be empty. [/home/s23520579/Vivado_project/vit_m8_board_candidate_67c18532_workspace_20260809/vivado_server_307_perf_v1_m8_nongemm_nodsp_2023_2/VIT_googlebase_rtl/ViT_googlebase/ViT_googlebase.gen/sources_1/bd/vit_system/ip/vit_system_smartconnect_ddr_0/bd_0/ip/ip_9/bd_819f_swn_0_clocks.xdc:85]
WARNING: [Vivado_Tcl 4-921] Waiver ID 'CDC-4' -to list should not be empty. [/home/s23520579/Vivado_project/vit_m8_board_candidate_67c18532_workspace_20260809/vivado_server_307_perf_v1_m8_nongemm_nodsp_2023_2/VIT_googlebase_rtl/ViT_googlebase/ViT_googlebase.gen/sources_1/bd/vit_system/ip/vit_system_smartconnect_ddr_0/bd_0/ip/ip_9/bd_819f_swn_0_clocks.xdc:88]
WARNING: [Vivado_Tcl 4-921] Waiver ID 'CDC-2' -to list should not be empty. [/home/s23520579/Vivado_project/vit_m8_board_candidate_67c18532_workspace_20260809/vivado_server_307_perf_v1_m8_nongemm_nodsp_2023_2/VIT_googlebase_rtl/ViT_googlebase/ViT_googlebase.gen/sources_1/bd/vit_system/ip/vit_system_smartconnect_ddr_0/bd_0/ip/ip_9/bd_819f_swn_0_clocks.xdc:91]
WARNING: [Vivado_Tcl 4-921] Waiver ID 'CDC-2' -to list should not be empty. [/home/s23520579/Vivado_project/vit_m8_board_candidate_67c18532_workspace_20260809/vivado_server_307_perf_v1_m8_nongemm_nodsp_2023_2/VIT_googlebase_rtl/ViT_googlebase/ViT_googlebase.gen/sources_1/bd/vit_system/ip/vit_system_smartconnect_ddr_0/bd_0/ip/ip_9/bd_819f_swn_0_clocks.xdc:94]
WARNING: [Vivado_Tcl 4-921] Waiver ID 'CDC-2' -to list should not be empty. [/home/s23520579/Vivado_project/vit_m8_board_candidate_67c18532_workspace_20260809/vivado_server_307_perf_v1_m8_nongemm_nodsp_2023_2/VIT_googlebase_rtl/ViT_googlebase/ViT_googlebase.gen/sources_1/bd/vit_system/ip/vit_system_smartconnect_ddr_0/bd_0/ip/ip_9/bd_819f_swn_0_clocks.xdc:97]
WARNING: [Vivado_Tcl 4-921] Waiver ID 'CDC-2' -to list should not be empty. [/home/s23520579/Vivado_project/vit_m8_board_candidate_67c18532_workspace_20260809/vivado_server_307_perf_v1_m8_nongemm_nodsp_2023_2/VIT_googlebase_rtl/ViT_googlebase/ViT_googlebase.gen/sources_1/bd/vit_system/ip/vit_system_smartconnect_ddr_0/bd_0/ip/ip_9/bd_819f_swn_0_clocks.xdc:100]
WARNING: [Vivado_Tcl 4-921] Waiver ID 'CDC-1' -to list should not be empty. [/home/s23520579/Vivado_project/vit_m8_board_candidate_67c18532_workspace_20260809/vivado_server_307_perf_v1_m8_nongemm_nodsp_2023_2/VIT_googlebase_rtl/ViT_googlebase/ViT_googlebase.gen/sources_1/bd/vit_system/ip/vit_system_smartconnect_ddr_0/bd_0/ip/ip_9/bd_819f_swn_0_clocks.xdc:104]
WARNING: [Vivado_Tcl 4-921] Waiver ID 'CDC-10' -to list should not be empty. [/home/s23520579/Vivado_project/vit_m8_board_candidate_67c18532_workspace_20260809/vivado_server_307_perf_v1_m8_nongemm_nodsp_2023_2/VIT_googlebase_rtl/ViT_googlebase/ViT_googlebase.gen/sources_1/bd/vit_system/ip/vit_system_smartconnect_ddr_0/bd_0/ip/ip_9/bd_819f_swn_0_clocks.xdc:107]
WARNING: [Vivado_Tcl 4-921] Waiver ID 'CDC-10' -to list should not be empty. [/home/s23520579/Vivado_project/vit_m8_board_candidate_67c18532_workspace_20260809/vivado_server_307_perf_v1_m8_nongemm_nodsp_2023_2/VIT_googlebase_rtl/ViT_googlebase/ViT_googlebase.gen/sources_1/bd/vit_system/ip/vit_system_smartconnect_ddr_0/bd_0/ip/ip_9/bd_819f_swn_0_clocks.xdc:110]
WARNING: [Vivado_Tcl 4-921] Waiver ID 'CDC-1' -to list should not be empty. [/home/s23520579/Vivado_project/vit_m8_board_candidate_67c18532_workspace_20260809/vivado_server_307_perf_v1_m8_nongemm_nodsp_2023_2/VIT_googlebase_rtl/ViT_googlebase/ViT_googlebase.gen/sources_1/bd/vit_system/ip/vit_system_smartconnect_ddr_0/bd_0/ip/ip_9/bd_819f_swn_0_clocks.xdc:113]
WARNING: [Vivado_Tcl 4-921] Waiver ID 'CDC-1' -to list should not be empty. [/home/s23520579/Vivado_project/vit_m8_board_candidate_67c18532_workspace_20260809/vivado_server_307_perf_v1_m8_nongemm_nodsp_2023_2/VIT_googlebase_rtl/ViT_googlebase/ViT_googlebase.gen/sources_1/bd/vit_system/ip/vit_system_smartconnect_ddr_0/bd_0/ip/ip_9/bd_819f_swn_0_clocks.xdc:116]
WARNING: [Vivado_Tcl 4-921] Waiver ID 'CDC-1' -to list should not be empty. [/home/s23520579/Vivado_project/vit_m8_board_candidate_67c18532_workspace_20260809/vivado_server_307_perf_v1_m8_nongemm_nodsp_2023_2/VIT_googlebase_rtl/ViT_googlebase/ViT_googlebase.gen/sources_1/bd/vit_system/ip/vit_system_smartconnect_ddr_0/bd_0/ip/ip_9/bd_819f_swn_0_clocks.xdc:119]
WARNING: [Vivado_Tcl 4-921] Waiver ID 'CDC-13' -to list should not be empty. [/home/s23520579/Vivado_project/vit_m8_board_candidate_67c18532_workspace_20260809/vivado_server_307_perf_v1_m8_nongemm_nodsp_2023_2/VIT_googlebase_rtl/ViT_googlebase/ViT_googlebase.gen/sources_1/bd/vit_system/ip/vit_system_smartconnect_ddr_0/bd_0/ip/ip_9/bd_819f_swn_0_clocks.xdc:122]
WARNING: [Vivado_Tcl 4-921] Waiver ID 'CDC-1' -to list should not be empty. [/home/s23520579/Vivado_project/vit_m8_board_candidate_67c18532_workspace_20260809/vivado_server_307_perf_v1_m8_nongemm_nodsp_2023_2/VIT_googlebase_rtl/ViT_googlebase/ViT_googlebase.gen/sources_1/bd/vit_system/ip/vit_system_smartconnect_ddr_0/bd_0/ip/ip_9/bd_819f_swn_0_clocks.xdc:125]
WARNING: [Vivado_Tcl 4-921] Waiver ID 'CDC-1' -to list should not be empty. [/home/s23520579/Vivado_project/vit_m8_board_candidate_67c18532_workspace_20260809/vivado_server_307_perf_v1_m8_nongemm_nodsp_2023_2/VIT_googlebase_rtl/ViT_googlebase/ViT_googlebase.gen/sources_1/bd/vit_system/ip/vit_system_smartconnect_ddr_0/bd_0/ip/ip_9/bd_819f_swn_0_clocks.xdc:128]
WARNING: [Vivado_Tcl 4-921] Waiver ID 'CDC-13' -to list should not be empty. [/home/s23520579/Vivado_project/vit_m8_board_candidate_67c18532_workspace_20260809/vivado_server_307_perf_v1_m8_nongemm_nodsp_2023_2/VIT_googlebase_rtl/ViT_googlebase/ViT_googlebase.gen/sources_1/bd/vit_system/ip/vit_system_smartconnect_ddr_0/bd_0/ip/ip_9/bd_819f_swn_0_clocks.xdc:131]
WARNING: [Vivado_Tcl 4-921] Waiver ID 'CDC-1' -to list should not be empty. [/home/s23520579/Vivado_project/vit_m8_board_candidate_67c18532_workspace_20260809/vivado_server_307_perf_v1_m8_nongemm_nodsp_2023_2/VIT_googlebase_rtl/ViT_googlebase/ViT_googlebase.gen/sources_1/bd/vit_system/ip/vit_system_smartconnect_ddr_0/bd_0/ip/ip_9/bd_819f_swn_0_clocks.xdc:134]
WARNING: [Vivado_Tcl 4-921] Waiver ID 'CDC-10' -to list should not be empty. [/home/s23520579/Vivado_project/vit_m8_board_candidate_67c18532_workspace_20260809/vivado_server_307_perf_v1_m8_nongemm_nodsp_2023_2/VIT_googlebase_rtl/ViT_googlebase/ViT_googlebase.gen/sources_1/bd/vit_system/ip/vit_system_smartconnect_ddr_0/bd_0/ip/ip_9/bd_819f_swn_0_clocks.xdc:137]
WARNING: [Vivado_Tcl 4-921] Waiver ID 'CDC-1' -to list should not be empty. [/home/s23520579/Vivado_project/vit_m8_board_candidate_67c18532_workspace_20260809/vivado_server_307_perf_v1_m8_nongemm_nodsp_2023_2/VIT_googlebase_rtl/ViT_googlebase/ViT_googlebase.gen/sources_1/bd/vit_system/ip/vit_system_smartconnect_ddr_0/bd_0/ip/ip_9/bd_819f_swn_0_clocks.xdc:140]
WARNING: [Vivado_Tcl 4-921] Waiver ID 'CDC-1' -to list should not be empty. [/home/s23520579/Vivado_project/vit_m8_board_candidate_67c18532_workspace_20260809/vivado_server_307_perf_v1_m8_nongemm_nodsp_2023_2/VIT_googlebase_rtl/ViT_googlebase/ViT_googlebase.gen/sources_1/bd/vit_system/ip/vit_system_smartconnect_ddr_0/bd_0/ip/ip_9/bd_819f_swn_0_clocks.xdc:143]
WARNING: [Vivado_Tcl 4-921] Waiver ID 'CDC-1' -to list should not be empty. [/home/s23520579/Vivado_project/vit_m8_board_candidate_67c18532_workspace_20260809/vivado_server_307_perf_v1_m8_nongemm_nodsp_2023_2/VIT_googlebase_rtl/ViT_googlebase/ViT_googlebase.gen/sources_1/bd/vit_system/ip/vit_system_smartconnect_ddr_0/bd_0/ip/ip_9/bd_819f_swn_0_clocks.xdc:146]
WARNING: [Vivado_Tcl 4-921] Waiver ID 'CDC-2' -to list should not be empty. [/home/s23520579/Vivado_project/vit_m8_board_candidate_67c18532_workspace_20260809/vivado_server_307_perf_v1_m8_nongemm_nodsp_2023_2/VIT_googlebase_rtl/ViT_googlebase/ViT_googlebase.gen/sources_1/bd/vit_system/ip/vit_system_smartconnect_ddr_0/bd_0/ip/ip_9/bd_819f_swn_0_clocks.xdc:149]
WARNING: [Vivado_Tcl 4-921] Waiver ID 'CDC-1' -to list should not be empty. [/home/s23520579/Vivado_project/vit_m8_board_candidate_67c18532_workspace_20260809/vivado_server_307_perf_v1_m8_nongemm_nodsp_2023_2/VIT_googlebase_rtl/ViT_googlebase/ViT_googlebase.gen/sources_1/bd/vit_system/ip/vit_system_smartconnect_ddr_0/bd_0/ip/ip_9/bd_819f_swn_0_clocks.xdc:152]
WARNING: [Vivado_Tcl 4-921] Waiver ID 'CDC-1' -to list should not be empty. [/home/s23520579/Vivado_project/vit_m8_board_candidate_67c18532_workspace_20260809/vivado_server_307_perf_v1_m8_nongemm_nodsp_2023_2/VIT_googlebase_rtl/ViT_googlebase/ViT_googlebase.gen/sources_1/bd/vit_system/ip/vit_system_smartconnect_ddr_0/bd_0/ip/ip_9/bd_819f_swn_0_clocks.xdc:155]
WARNING: [Vivado_Tcl 4-921] Waiver ID 'CDC-1' -to list should not be empty. [/home/s23520579/Vivado_project/vit_m8_board_candidate_67c18532_workspace_20260809/vivado_server_307_perf_v1_m8_nongemm_nodsp_2023_2/VIT_googlebase_rtl/ViT_googlebase/ViT_googlebase.gen/sources_1/bd/vit_system/ip/vit_system_smartconnect_ddr_0/bd_0/ip/ip_9/bd_819f_swn_0_clocks.xdc:158]
WARNING: [Vivado_Tcl 4-921] Waiver ID 'CDC-10' -to list should not be empty. [/home/s23520579/Vivado_project/vit_m8_board_candidate_67c18532_workspace_20260809/vivado_server_307_perf_v1_m8_nongemm_nodsp_2023_2/VIT_googlebase_rtl/ViT_googlebase/ViT_googlebase.gen/sources_1/bd/vit_system/ip/vit_system_smartconnect_ddr_0/bd_0/ip/ip_9/bd_819f_swn_0_clocks.xdc:161]
WARNING: [Vivado_Tcl 4-921] Waiver ID 'CDC-4' -to list should not be empty. [/home/s23520579/Vivado_project/vit_m8_board_candidate_67c18532_workspace_20260809/vivado_server_307_perf_v1_m8_nongemm_nodsp_2023_2/VIT_googlebase_rtl/ViT_googlebase/ViT_googlebase.gen/sources_1/bd/vit_system/ip/vit_system_smartconnect_ddr_0/bd_0/ip/ip_9/bd_819f_swn_0_clocks.xdc:164]
WARNING: [Vivado_Tcl 4-921] Waiver ID 'CDC-4' -to list should not be empty. [/home/s23520579/Vivado_project/vit_m8_board_candidate_67c18532_workspace_20260809/vivado_server_307_perf_v1_m8_nongemm_nodsp_2023_2/VIT_googlebase_rtl/ViT_googlebase/ViT_googlebase.gen/sources_1/bd/vit_system/ip/vit_system_smartconnect_ddr_0/bd_0/ip/ip_9/bd_819f_swn_0_clocks.xdc:167]
WARNING: [Vivado_Tcl 4-921] Waiver ID 'CDC-4' -to list should not be empty. [/home/s23520579/Vivado_project/vit_m8_board_candidate_67c18532_workspace_20260809/vivado_server_307_perf_v1_m8_nongemm_nodsp_2023_2/VIT_googlebase_rtl/ViT_googlebase/ViT_googlebase.gen/sources_1/bd/vit_system/ip/vit_system_smartconnect_ddr_0/bd_0/ip/ip_9/bd_819f_swn_0_clocks.xdc:171]
INFO: [Common 17-14] Message 'Vivado 12-180' appears 100 times and further instances of the messages will be disabled. Use the Tcl command set_msg_config to change the current settings. [/home/s23520579/Vivado_project/vit_m8_board_candidate_67c18532_workspace_20260809/vivado_server_307_perf_v1_m8_nongemm_nodsp_2023_2/VIT_googlebase_rtl/ViT_googlebase/ViT_googlebase.gen/sources_1/bd/vit_system/ip/vit_system_smartconnect_ddr_0/bd_0/ip/ip_9/bd_819f_swn_0_clocks.xdc:174]
WARNING: [Vivado_Tcl 4-921] Waiver ID 'CDC-4' -to list should not be empty. [/home/s23520579/Vivado_project/vit_m8_board_candidate_67c18532_workspace_20260809/vivado_server_307_perf_v1_m8_nongemm_nodsp_2023_2/VIT_googlebase_rtl/ViT_googlebase/ViT_googlebase.gen/sources_1/bd/vit_system/ip/vit_system_smartconnect_ddr_0/bd_0/ip/ip_9/bd_819f_swn_0_clocks.xdc:174]
WARNING: [Vivado_Tcl 4-921] Waiver ID 'CDC-1' -to list should not be empty. [/home/s23520579/Vivado_project/vit_m8_board_candidate_67c18532_workspace_20260809/vivado_server_307_perf_v1_m8_nongemm_nodsp_2023_2/VIT_googlebase_rtl/ViT_googlebase/ViT_googlebase.gen/sources_1/bd/vit_system/ip/vit_system_smartconnect_ddr_0/bd_0/ip/ip_9/bd_819f_swn_0_clocks.xdc:178]
Finished Parsing XDC File [/home/s23520579/Vivado_project/vit_m8_board_candidate_67c18532_workspace_20260809/vivado_server_307_perf_v1_m8_nongemm_nodsp_2023_2/VIT_googlebase_rtl/ViT_googlebase/ViT_googlebase.gen/sources_1/bd/vit_system/ip/vit_system_smartconnect_ddr_0/bd_0/ip/ip_9/bd_819f_swn_0_clocks.xdc] for cell 'vit_system_i/smartconnect_ddr/inst/s00_nodes/s00_w_node/inst'
Parsing XDC File [/home/s23520579/Vivado_project/vit_m8_board_candidate_67c18532_workspace_20260809/vivado_server_307_perf_v1_m8_nongemm_nodsp_2023_2/VIT_googlebase_rtl/ViT_googlebase/ViT_googlebase.gen/sources_1/bd/vit_system/ip/vit_system_smartconnect_ddr_0/bd_0/ip/ip_8/bd_819f_sawn_0_clocks.xdc] for cell 'vit_system_i/smartconnect_ddr/inst/s00_nodes/s00_aw_node/inst'
WARNING: [Vivado_Tcl 4-921] Waiver ID 'CDC-1' -to list should not be empty. [/home/s23520579/Vivado_project/vit_m8_board_candidate_67c18532_workspace_20260809/vivado_server_307_perf_v1_m8_nongemm_nodsp_2023_2/VIT_googlebase_rtl/ViT_googlebase/ViT_googlebase.gen/sources_1/bd/vit_system/ip/vit_system_smartconnect_ddr_0/bd_0/ip/ip_8/bd_819f_sawn_0_clocks.xdc:49]
WARNING: [Vivado_Tcl 4-921] Waiver ID 'CDC-1' -to list should not be empty. [/home/s23520579/Vivado_project/vit_m8_board_candidate_67c18532_workspace_20260809/vivado_server_307_perf_v1_m8_nongemm_nodsp_2023_2/VIT_googlebase_rtl/ViT_googlebase/ViT_googlebase.gen/sources_1/bd/vit_system/ip/vit_system_smartconnect_ddr_0/bd_0/ip/ip_8/bd_819f_sawn_0_clocks.xdc:52]
WARNING: [Vivado_Tcl 4-921] Waiver ID 'CDC-1' -to list should not be empty. [/home/s23520579/Vivado_project/vit_m8_board_candidate_67c18532_workspace_20260809/vivado_server_307_perf_v1_m8_nongemm_nodsp_2023_2/VIT_googlebase_rtl/ViT_googlebase/ViT_googlebase.gen/sources_1/bd/vit_system/ip/vit_system_smartconnect_ddr_0/bd_0/ip/ip_8/bd_819f_sawn_0_clocks.xdc:55]
WARNING: [Vivado_Tcl 4-921] Waiver ID 'CDC-1' -to list should not be empty. [/home/s23520579/Vivado_project/vit_m8_board_candidate_67c18532_workspace_20260809/vivado_server_307_perf_v1_m8_nongemm_nodsp_2023_2/VIT_googlebase_rtl/ViT_googlebase/ViT_googlebase.gen/sources_1/bd/vit_system/ip/vit_system_smartconnect_ddr_0/bd_0/ip/ip_8/bd_819f_sawn_0_clocks.xdc:59]
WARNING: [Vivado_Tcl 4-921] Waiver ID 'CDC-1' -to list should not be empty. [/home/s23520579/Vivado_project/vit_m8_board_candidate_67c18532_workspace_20260809/vivado_server_307_perf_v1_m8_nongemm_nodsp_2023_2/VIT_googlebase_rtl/ViT_googlebase/ViT_googlebase.gen/sources_1/bd/vit_system/ip/vit_system_smartconnect_ddr_0/bd_0/ip/ip_8/bd_819f_sawn_0_clocks.xdc:63]
WARNING: [Vivado_Tcl 4-921] Waiver ID 'CDC-1' -to list should not be empty. [/home/s23520579/Vivado_project/vit_m8_board_candidate_67c18532_workspace_20260809/vivado_server_307_perf_v1_m8_nongemm_nodsp_2023_2/VIT_googlebase_rtl/ViT_googlebase/ViT_googlebase.gen/sources_1/bd/vit_system/ip/vit_system_smartconnect_ddr_0/bd_0/ip/ip_8/bd_819f_sawn_0_clocks.xdc:66]
WARNING: [Vivado_Tcl 4-921] Waiver ID 'CDC-1' -to list should not be empty. [/home/s23520579/Vivado_project/vit_m8_board_candidate_67c18532_workspace_20260809/vivado_server_307_perf_v1_m8_nongemm_nodsp_2023_2/VIT_googlebase_rtl/ViT_googlebase/ViT_googlebase.gen/sources_1/bd/vit_system/ip/vit_system_smartconnect_ddr_0/bd_0/ip/ip_8/bd_819f_sawn_0_clocks.xdc:70]
INFO: [Common 17-14] Message 'Vivado_Tcl 4-921' appears 100 times and further instances of the messages will be disabled. Use the Tcl command set_msg_config to change the current settings. [/home/s23520579/Vivado_project/vit_m8_board_candidate_67c18532_workspace_20260809/vivado_server_307_perf_v1_m8_nongemm_nodsp_2023_2/VIT_googlebase_rtl/ViT_googlebase/ViT_googlebase.gen/sources_1/bd/vit_system/ip/vit_system_smartconnect_ddr_0/bd_0/ip/ip_8/bd_819f_sawn_0_clocks.xdc:70]
Finished Parsing XDC File [/home/s23520579/Vivado_project/vit_m8_board_candidate_67c18532_workspace_20260809/vivado_server_307_perf_v1_m8_nongemm_nodsp_2023_2/VIT_googlebase_rtl/ViT_googlebase/ViT_googlebase.gen/sources_1/bd/vit_system/ip/vit_system_smartconnect_ddr_0/bd_0/ip/ip_8/bd_819f_sawn_0_clocks.xdc] for cell 'vit_system_i/smartconnect_ddr/inst/s00_nodes/s00_aw_node/inst'
Parsing XDC File [/home/s23520579/Vivado_project/vit_m8_board_candidate_67c18532_workspace_20260809/vivado_server_307_perf_v1_m8_nongemm_nodsp_2023_2/VIT_googlebase_rtl/ViT_googlebase/ViT_googlebase.gen/sources_1/bd/vit_system/ip/vit_system_smartconnect_ddr_0/bd_0/ip/ip_7/bd_819f_srn_0_clocks.xdc] for cell 'vit_system_i/smartconnect_ddr/inst/s00_nodes/s00_r_node/inst'
Finished Parsing XDC File [/home/s23520579/Vivado_project/vit_m8_board_candidate_67c18532_workspace_20260809/vivado_server_307_perf_v1_m8_nongemm_nodsp_2023_2/VIT_googlebase_rtl/ViT_googlebase/ViT_googlebase.gen/sources_1/bd/vit_system/ip/vit_system_smartconnect_ddr_0/bd_0/ip/ip_7/bd_819f_srn_0_clocks.xdc] for cell 'vit_system_i/smartconnect_ddr/inst/s00_nodes/s00_r_node/inst'
Parsing XDC File [/home/s23520579/Vivado_project/vit_m8_board_candidate_67c18532_workspace_20260809/vivado_server_307_perf_v1_m8_nongemm_nodsp_2023_2/VIT_googlebase_rtl/ViT_googlebase/ViT_googlebase.gen/sources_1/bd/vit_system/ip/vit_system_smartconnect_ddr_0/bd_0/ip/ip_6/bd_819f_sarn_0_clocks.xdc] for cell 'vit_system_i/smartconnect_ddr/inst/s00_nodes/s00_ar_node/inst'
Finished Parsing XDC File [/home/s23520579/Vivado_project/vit_m8_board_candidate_67c18532_workspace_20260809/vivado_server_307_perf_v1_m8_nongemm_nodsp_2023_2/VIT_googlebase_rtl/ViT_googlebase/ViT_googlebase.gen/sources_1/bd/vit_system/ip/vit_system_smartconnect_ddr_0/bd_0/ip/ip_6/bd_819f_sarn_0_clocks.xdc] for cell 'vit_system_i/smartconnect_ddr/inst/s00_nodes/s00_ar_node/inst'
Parsing XDC File [/home/s23520579/Vivado_project/vit_m8_board_candidate_67c18532_workspace_20260809/vivado_server_307_perf_v1_m8_nongemm_nodsp_2023_2/VIT_googlebase_rtl/ViT_googlebase/ViT_googlebase.gen/sources_1/bd/vit_system/ip/vit_system_smartconnect_ddr_0/bd_0/ip/ip_1/bd_819f_psr_aclk_0.xdc] for cell 'vit_system_i/smartconnect_ddr/inst/clk_map/psr_aclk/U0'
Finished Parsing XDC File [/home/s23520579/Vivado_project/vit_m8_board_candidate_67c18532_workspace_20260809/vivado_server_307_perf_v1_m8_nongemm_nodsp_2023_2/VIT_googlebase_rtl/ViT_googlebase/ViT_googlebase.gen/sources_1/bd/vit_system/ip/vit_system_smartconnect_ddr_0/bd_0/ip/ip_1/bd_819f_psr_aclk_0.xdc] for cell 'vit_system_i/smartconnect_ddr/inst/clk_map/psr_aclk/U0'
Parsing XDC File [/home/s23520579/Vivado_project/vit_m8_board_candidate_67c18532_workspace_20260809/vivado_server_307_perf_v1_m8_nongemm_nodsp_2023_2/VIT_googlebase_rtl/ViT_googlebase/ViT_googlebase.gen/sources_1/bd/vit_system/ip/vit_system_zynq_ultra_ps_e_0_0/vit_system_zynq_ultra_ps_e_0_0.xdc] for cell 'vit_system_i/zynq_ultra_ps_e_0/inst'
Finished Parsing XDC File [/home/s23520579/Vivado_project/vit_m8_board_candidate_67c18532_workspace_20260809/vivado_server_307_perf_v1_m8_nongemm_nodsp_2023_2/VIT_googlebase_rtl/ViT_googlebase/ViT_googlebase.gen/sources_1/bd/vit_system/ip/vit_system_zynq_ultra_ps_e_0_0/vit_system_zynq_ultra_ps_e_0_0.xdc] for cell 'vit_system_i/zynq_ultra_ps_e_0/inst'
Parsing XDC File [/home/s23520579/Vivado_project/vit_m8_board_candidate_67c18532_workspace_20260809/vivado_server_307_perf_v1_m8_nongemm_nodsp_2023_2/VIT_googlebase_rtl/ViT_googlebase/ViT_googlebase.gen/sources_1/bd/vit_system/ip/vit_system_smartconnect_control_0/smartconnect.xdc] for cell 'vit_system_i/smartconnect_control/inst'
WARNING: [Vivado_Tcl 4-919] Waiver ID 'CDC-1' -from list should not be empty. [/home/s23520579/Vivado_project/vit_m8_board_candidate_67c18532_workspace_20260809/vivado_server_307_perf_v1_m8_nongemm_nodsp_2023_2/VIT_googlebase_rtl/ViT_googlebase/ViT_googlebase.gen/sources_1/bd/vit_system/ip/vit_system_smartconnect_control_0/smartconnect.xdc:1]
WARNING: [Vivado_Tcl 4-919] Waiver ID 'CDC-1' -from list should not be empty. [/home/s23520579/Vivado_project/vit_m8_board_candidate_67c18532_workspace_20260809/vivado_server_307_perf_v1_m8_nongemm_nodsp_2023_2/VIT_googlebase_rtl/ViT_googlebase/ViT_googlebase.gen/sources_1/bd/vit_system/ip/vit_system_smartconnect_control_0/smartconnect.xdc:2]
WARNING: [Vivado_Tcl 4-919] Waiver ID 'CDC-1' -from list should not be empty. [/home/s23520579/Vivado_project/vit_m8_board_candidate_67c18532_workspace_20260809/vivado_server_307_perf_v1_m8_nongemm_nodsp_2023_2/VIT_googlebase_rtl/ViT_googlebase/ViT_googlebase.gen/sources_1/bd/vit_system/ip/vit_system_smartconnect_control_0/smartconnect.xdc:6]
Finished Parsing XDC File [/home/s23520579/Vivado_project/vit_m8_board_candidate_67c18532_workspace_20260809/vivado_server_307_perf_v1_m8_nongemm_nodsp_2023_2/VIT_googlebase_rtl/ViT_googlebase/ViT_googlebase.gen/sources_1/bd/vit_system/ip/vit_system_smartconnect_control_0/smartconnect.xdc] for cell 'vit_system_i/smartconnect_control/inst'
Parsing XDC File [/home/s23520579/Vivado_project/vit_m8_board_candidate_67c18532_workspace_20260809/vivado_server_307_perf_v1_m8_nongemm_nodsp_2023_2/VIT_googlebase_rtl/ViT_googlebase/ViT_googlebase.gen/sources_1/bd/vit_system/ip/vit_system_smartconnect_control_0/bd_0/ip/ip_10/bd_875e_sbn_0_clocks.xdc] for cell 'vit_system_i/smartconnect_control/inst/s00_nodes/s00_b_node/inst'
Finished Parsing XDC File [/home/s23520579/Vivado_project/vit_m8_board_candidate_67c18532_workspace_20260809/vivado_server_307_perf_v1_m8_nongemm_nodsp_2023_2/VIT_googlebase_rtl/ViT_googlebase/ViT_googlebase.gen/sources_1/bd/vit_system/ip/vit_system_smartconnect_control_0/bd_0/ip/ip_10/bd_875e_sbn_0_clocks.xdc] for cell 'vit_system_i/smartconnect_control/inst/s00_nodes/s00_b_node/inst'
Parsing XDC File [/home/s23520579/Vivado_project/vit_m8_board_candidate_67c18532_workspace_20260809/vivado_server_307_perf_v1_m8_nongemm_nodsp_2023_2/VIT_googlebase_rtl/ViT_googlebase/ViT_googlebase.gen/sources_1/bd/vit_system/ip/vit_system_smartconnect_control_0/bd_0/ip/ip_9/bd_875e_swn_0_clocks.xdc] for cell 'vit_system_i/smartconnect_control/inst/s00_nodes/s00_w_node/inst'
Finished Parsing XDC File [/home/s23520579/Vivado_project/vit_m8_board_candidate_67c18532_workspace_20260809/vivado_server_307_perf_v1_m8_nongemm_nodsp_2023_2/VIT_googlebase_rtl/ViT_googlebase/ViT_googlebase.gen/sources_1/bd/vit_system/ip/vit_system_smartconnect_control_0/bd_0/ip/ip_9/bd_875e_swn_0_clocks.xdc] for cell 'vit_system_i/smartconnect_control/inst/s00_nodes/s00_w_node/inst'
Parsing XDC File [/home/s23520579/Vivado_project/vit_m8_board_candidate_67c18532_workspace_20260809/vivado_server_307_perf_v1_m8_nongemm_nodsp_2023_2/VIT_googlebase_rtl/ViT_googlebase/ViT_googlebase.gen/sources_1/bd/vit_system/ip/vit_system_smartconnect_control_0/bd_0/ip/ip_8/bd_875e_sawn_0_clocks.xdc] for cell 'vit_system_i/smartconnect_control/inst/s00_nodes/s00_aw_node/inst'
Finished Parsing XDC File [/home/s23520579/Vivado_project/vit_m8_board_candidate_67c18532_workspace_20260809/vivado_server_307_perf_v1_m8_nongemm_nodsp_2023_2/VIT_googlebase_rtl/ViT_googlebase/ViT_googlebase.gen/sources_1/bd/vit_system/ip/vit_system_smartconnect_control_0/bd_0/ip/ip_8/bd_875e_sawn_0_clocks.xdc] for cell 'vit_system_i/smartconnect_control/inst/s00_nodes/s00_aw_node/inst'
Parsing XDC File [/home/s23520579/Vivado_project/vit_m8_board_candidate_67c18532_workspace_20260809/vivado_server_307_perf_v1_m8_nongemm_nodsp_2023_2/VIT_googlebase_rtl/ViT_googlebase/ViT_googlebase.gen/sources_1/bd/vit_system/ip/vit_system_smartconnect_control_0/bd_0/ip/ip_7/bd_875e_srn_0_clocks.xdc] for cell 'vit_system_i/smartconnect_control/inst/s00_nodes/s00_r_node/inst'
Finished Parsing XDC File [/home/s23520579/Vivado_project/vit_m8_board_candidate_67c18532_workspace_20260809/vivado_server_307_perf_v1_m8_nongemm_nodsp_2023_2/VIT_googlebase_rtl/ViT_googlebase/ViT_googlebase.gen/sources_1/bd/vit_system/ip/vit_system_smartconnect_control_0/bd_0/ip/ip_7/bd_875e_srn_0_clocks.xdc] for cell 'vit_system_i/smartconnect_control/inst/s00_nodes/s00_r_node/inst'
Parsing XDC File [/home/s23520579/Vivado_project/vit_m8_board_candidate_67c18532_workspace_20260809/vivado_server_307_perf_v1_m8_nongemm_nodsp_2023_2/VIT_googlebase_rtl/ViT_googlebase/ViT_googlebase.gen/sources_1/bd/vit_system/ip/vit_system_smartconnect_control_0/bd_0/ip/ip_6/bd_875e_sarn_0_clocks.xdc] for cell 'vit_system_i/smartconnect_control/inst/s00_nodes/s00_ar_node/inst'
Finished Parsing XDC File [/home/s23520579/Vivado_project/vit_m8_board_candidate_67c18532_workspace_20260809/vivado_server_307_perf_v1_m8_nongemm_nodsp_2023_2/VIT_googlebase_rtl/ViT_googlebase/ViT_googlebase.gen/sources_1/bd/vit_system/ip/vit_system_smartconnect_control_0/bd_0/ip/ip_6/bd_875e_sarn_0_clocks.xdc] for cell 'vit_system_i/smartconnect_control/inst/s00_nodes/s00_ar_node/inst'
Parsing XDC File [/home/s23520579/Vivado_project/vit_m8_board_candidate_67c18532_workspace_20260809/vivado_server_307_perf_v1_m8_nongemm_nodsp_2023_2/VIT_googlebase_rtl/ViT_googlebase/ViT_googlebase.gen/sources_1/bd/vit_system/ip/vit_system_smartconnect_control_0/bd_0/ip/ip_1/bd_875e_psr_aclk_0.xdc] for cell 'vit_system_i/smartconnect_control/inst/clk_map/psr_aclk/U0'
Finished Parsing XDC File [/home/s23520579/Vivado_project/vit_m8_board_candidate_67c18532_workspace_20260809/vivado_server_307_perf_v1_m8_nongemm_nodsp_2023_2/VIT_googlebase_rtl/ViT_googlebase/ViT_googlebase.gen/sources_1/bd/vit_system/ip/vit_system_smartconnect_control_0/bd_0/ip/ip_1/bd_875e_psr_aclk_0.xdc] for cell 'vit_system_i/smartconnect_control/inst/clk_map/psr_aclk/U0'
Parsing XDC File [/home/s23520579/Vivado_project/vit_m8_board_candidate_67c18532_workspace_20260809/vivado_server_307_perf_v1_m8_nongemm_nodsp_2023_2/VIT_googlebase_rtl/ViT_googlebase/ViT_googlebase.gen/sources_1/bd/vit_system/ip/vit_system_smartconnect_control_0/bd_0/ip/ip_1/bd_875e_psr_aclk_0_board.xdc] for cell 'vit_system_i/smartconnect_control/inst/clk_map/psr_aclk/U0'
Finished Parsing XDC File [/home/s23520579/Vivado_project/vit_m8_board_candidate_67c18532_workspace_20260809/vivado_server_307_perf_v1_m8_nongemm_nodsp_2023_2/VIT_googlebase_rtl/ViT_googlebase/ViT_googlebase.gen/sources_1/bd/vit_system/ip/vit_system_smartconnect_control_0/bd_0/ip/ip_1/bd_875e_psr_aclk_0_board.xdc] for cell 'vit_system_i/smartconnect_control/inst/clk_map/psr_aclk/U0'
Parsing XDC File [/home/s23520579/Vivado_project/vit_m8_board_candidate_67c18532_workspace_20260809/vivado_server_307_perf_v1_m8_nongemm_nodsp_2023_2/scripts/vivado/no_dsp.xdc]
Finished Parsing XDC File [/home/s23520579/Vivado_project/vit_m8_board_candidate_67c18532_workspace_20260809/vivado_server_307_perf_v1_m8_nongemm_nodsp_2023_2/scripts/vivado/no_dsp.xdc]
INFO: [Project 1-1714] 33 XPM XDC files have been applied to the design.
INFO: [Opt 31-138] Pushed 0 inverter(s) to 0 load pin(s).
INFO: [Project 1-1687] 436 scoped IP constraints or related sub-commands were skipped due to synthesis logic optimizations usually triggered by constant connectivity or unconnected output pins. To review the skipped constraints and messages, run the command 'set_param netlist.IPMsgFiltering false' before opening the design.
Netlist sorting complete. Time (s): cpu = 00:00:00.01 ; elapsed = 00:00:00.01 . Memory (MB): peak = 3347.680 ; gain = 0.000 ; free physical = 228600 ; free virtual = 245648
INFO: [Project 1-111] Unisim Transformation Summary:
  A total of 138 instances were transformed.
  RAM32M => RAM32M (RAMD32(x6), RAMS32(x2)): 1 instance 
  RAM32M16 => RAM32M16 (RAMD32(x14), RAMS32(x2)): 85 instances
  RAM64M8 => RAM64M8 (RAMD64E(x8)): 52 instances

open_run: Time (s): cpu = 00:00:52 ; elapsed = 00:00:45 . Memory (MB): peak = 3347.680 ; gain = 1742.820 ; free physical = 228600 ; free virtual = 245648
PASS: non-vacuous NPU subtree LUT=123144 FF=39646
  reachability: /home/s23520579/Vivado_project/vit_m8_board_candidate_67c18532_workspace_20260809/vivado_server_307_perf_v1_m8_nongemm_nodsp_2023_2/VIT_googlebase_rtl/reports/board_post_synth_reachability.rpt
  black boxes : /home/s23520579/Vivado_project/vit_m8_board_candidate_67c18532_workspace_20260809/vivado_server_307_perf_v1_m8_nongemm_nodsp_2023_2/VIT_googlebase_rtl/reports/board_post_synth_blackboxes.rpt
PASS: board_post_synth blackbox count is 0
PASS: board_post_synth inferred latch count is 0
PASS: board_post_synth DSP48/DSP58 primitive count is 0
PASS: board_post_synth M8 RAMB36 hierarchy is 32+4+3+1+1=41 with no RAMB18/URAM or hierarchy LUTRAM
INFO: [Timing 38-35] Done setting XDC timing constraints.
check_timing: Time (s): cpu = 00:00:52 ; elapsed = 00:00:32 . Memory (MB): peak = 4522.816 ; gain = 1175.137 ; free physical = 227306 ; free virtual = 244355
PASS: board_post_synth combinational-loop count is 0
PASS: board_post_synth CLB-LUT fit used=103620 available=117120 headroom=13500
report_ram_utilization: Time (s): cpu = 00:00:00 ; elapsed = 00:00:00 . Memory (MB): peak = 4522.816 ; gain = 0.000 ; free physical = 227231 ; free virtual = 244281
INFO: [Timing 38-91] UpdateTimingParams: Speed grade: -1, Temperature grade: E, Delay Type: max.
INFO: [Timing 38-191] Multithreading enabled for timing update using a maximum of 4 CPUs
report_timing_summary: Time (s): cpu = 00:00:12 ; elapsed = 00:00:06 . Memory (MB): peak = 4522.816 ; gain = 0.000 ; free physical = 226952 ; free virtual = 244003
INFO: [Timing 38-480] Writing timing data to binary archive.
Write ShapeDB Complete: Time (s): cpu = 00:00:01 ; elapsed = 00:00:00.34 . Memory (MB): peak = 4522.816 ; gain = 0.000 ; free physical = 226840 ; free virtual = 243925
INFO: [Common 17-1381] The checkpoint '/home/s23520579/Vivado_project/vit_m8_board_candidate_67c18532_workspace_20260809/vivado_server_307_perf_v1_m8_nongemm_nodsp_2023_2/VIT_googlebase_rtl/artifacts/board_post_synth.dcp' has been generated.
write_checkpoint: Time (s): cpu = 00:00:16 ; elapsed = 00:00:11 . Memory (MB): peak = 4522.816 ; gain = 0.000 ; free physical = 226355 ; free virtual = 243463
PASS: clean production board synthesis completed
  top       : design_1
  checkpoint: /home/s23520579/Vivado_project/vit_m8_board_candidate_67c18532_workspace_20260809/vivado_server_307_perf_v1_m8_nongemm_nodsp_2023_2/VIT_googlebase_rtl/artifacts/board_post_synth.dcp
  blackboxes: /home/s23520579/Vivado_project/vit_m8_board_candidate_67c18532_workspace_20260809/vivado_server_307_perf_v1_m8_nongemm_nodsp_2023_2/VIT_googlebase_rtl/reports/board_post_synth_blackboxes.rpt
  latches   : /home/s23520579/Vivado_project/vit_m8_board_candidate_67c18532_workspace_20260809/vivado_server_307_perf_v1_m8_nongemm_nodsp_2023_2/VIT_googlebase_rtl/reports/board_post_synth_latches.rpt
  loop gate : /home/s23520579/Vivado_project/vit_m8_board_candidate_67c18532_workspace_20260809/vivado_server_307_perf_v1_m8_nongemm_nodsp_2023_2/VIT_googlebase_rtl/reports/board_post_synth_combinational_loops.rpt
  RAM gate  : /home/s23520579/Vivado_project/vit_m8_board_candidate_67c18532_workspace_20260809/vivado_server_307_perf_v1_m8_nongemm_nodsp_2023_2/VIT_googlebase_rtl/reports/board_post_synth_m8_ram_mapping.rpt
  LUT fit   : /home/s23520579/Vivado_project/vit_m8_board_candidate_67c18532_workspace_20260809/vivado_server_307_perf_v1_m8_nongemm_nodsp_2023_2/VIT_googlebase_rtl/reports/board_post_synth_lut_fit_gate.rpt
INFO: [Common 17-206] Exiting Vivado at Sun Aug  9 03:49:34 2026...
PASS stage 40_board_synth
RUN 50_board_impl: scripts/server/50_run_board_impl.tcl

****** Vivado v2023.2 (64-bit)
  **** SW Build 4029153 on Fri Oct 13 20:13:54 MDT 2023
  **** IP Build 4028589 on Sat Oct 14 00:45:43 MDT 2023
  **** SharedData Build 4025554 on Tue Oct 10 17:18:54 MDT 2023
    ** Copyright 1986-2022 Xilinx, Inc. All Rights Reserved.
    ** Copyright 2022-2023 Advanced Micro Devices, Inc. All Rights Reserved.

source scripts/server/50_run_board_impl.tcl -notrace
INFO: require_bundle_manifest routes to M8 DEVELOPMENT_UNSEALED verification
M8_RECEIPT_CLOSURE_PASS receipts=6 entries=658 sidecars=3 payload_replay=FULL
M8_METADATA_PREFLIGHT_PASS sources=80 ordered=db4e84bbe7b28dcccf4d5e574027be06b5162ae9789e0f2ef0ab2dcfb0fffb7e filelist=88166c76fac96e7f4b59f486a3d5867a94001e6d72014ad7187b5e4de40f3524 ip=0x0001000D abi=v1.13 parent=M7S8 receipts=BOUND full_vivado=PENDING bit_xsa=NOT_GENERATED
M8_DEVELOPMENT_MANIFEST_PASS entries=409
M8_DEVELOPMENT_MANIFEST_SHA256=67c18532e3bb16b24ec6983f99cc54a3ffafb05fe6c02cf0385465c316b31078
M8_DEVELOPMENT_PREFLIGHT_PASS status=DEVELOPMENT_UNSEALED seal=PENDING_M8_SEAL
PASS: M8 DEVELOPMENT_UNSEALED source manifest is valid: /home/s23520579/Vivado_project/vit_m8_board_candidate_67c18532_workspace_20260809/vivado_server_307_perf_v1_m8_nongemm_nodsp_2023_2/M8_DEVELOPMENT_SHA256SUMS.txt
PASS: Vivado version is 2023.2
create_project: Time (s): cpu = 00:00:08 ; elapsed = 00:00:08 . Memory (MB): peak = 1330.535 ; gain = 0.027 ; free physical = 229302 ; free virtual = 246568
INFO: opened temporary in-memory project for catalog checks
INFO: closed temporary in-memory catalog project
PASS: FPGA part, board part and required IP catalog are present
PASS: Vivado general.maxThreads=4
Scanning sources...
Finished scanning sources
WARNING: [Board 49-151] The current board 'digilentinc.com::gzu_5ev:1.1' is from a local repo. The vivado install has a corresponding board with version greater than or equal to the local repo board. Please use boards from vivado install to avoid any upgrade/migrate issues
INFO: [IP_Flow 19-234] Refreshing IP repositories
INFO: [IP_Flow 19-1704] No user IP repositories specified
INFO: [IP_Flow 19-2313] Loaded Vivado IP repository '/data/tools/Xilinx/Vivado/2023.2/data/ip'.
PASS: hardware top is vit_system_wrapper
PASS: retained native AXI-128 BD contract report is exact
PASS: synth_1 completed: synth_design Complete!
PASS: synth_1 is current
PASS: synth_1 FLATTEN_HIERARCHY=none
PASS: vit_system_vit_phase_e_axi_0_0_synth_1 FLATTEN_HIERARCHY=none MAX_DSP=0
PASS: rtl_ooc_post_synth CLB-LUT fit used=101131 available=117120 headroom=15989
PASS: board_post_synth CLB-LUT fit used=103620 available=117120 headroom=13500
[Sun Aug  9 03:50:29 2026] Launched impl_1...
Run output will be captured here: /home/s23520579/Vivado_project/vit_m8_board_candidate_67c18532_workspace_20260809/vivado_server_307_perf_v1_m8_nongemm_nodsp_2023_2/VIT_googlebase_rtl/ViT_googlebase/ViT_googlebase.runs/impl_1/runme.log
launch_runs: Time (s): cpu = 00:00:29 ; elapsed = 00:00:26 . Memory (MB): peak = 1533.426 ; gain = 144.070 ; free physical = 229231 ; free virtual = 246507
[Sun Aug  9 03:50:29 2026] Waiting for impl_1 to finish...

*** Running vivado
    with args -log vit_system_wrapper.vdi -applog -m64 -product Vivado -messageDb vivado.pb -mode batch -source vit_system_wrapper.tcl -notrace


****** Vivado v2023.2 (64-bit)
  **** SW Build 4029153 on Fri Oct 13 20:13:54 MDT 2023
  **** IP Build 4028589 on Sat Oct 14 00:45:43 MDT 2023
  **** SharedData Build 4025554 on Tue Oct 10 17:18:54 MDT 2023
    ** Copyright 1986-2022 Xilinx, Inc. All Rights Reserved.
    ** Copyright 2022-2023 Advanced Micro Devices, Inc. All Rights Reserved.

source vit_system_wrapper.tcl -notrace
create_project: Time (s): cpu = 00:00:08 ; elapsed = 00:00:08 . Memory (MB): peak = 1329.605 ; gain = 0.027 ; free physical = 228784 ; free virtual = 246060
INFO: [IP_Flow 19-234] Refreshing IP repositories
INFO: [IP_Flow 19-1704] No user IP repositories specified
INFO: [IP_Flow 19-2313] Loaded Vivado IP repository '/data/tools/Xilinx/Vivado/2023.2/data/ip'.
Command: link_design -top vit_system_wrapper -part xczu5ev-sfvc784-1-e
Design is defaulting to srcset: sources_1
Design is defaulting to constrset: constrs_1
INFO: [Device 21-403] Loading part xczu5ev-sfvc784-1-e
INFO: [Project 1-454] Reading design checkpoint '/home/s23520579/Vivado_project/vit_m8_board_candidate_67c18532_workspace_20260809/vivado_server_307_perf_v1_m8_nongemm_nodsp_2023_2/VIT_googlebase_rtl/ViT_googlebase/ViT_googlebase.gen/sources_1/bd/vit_system/ip/vit_system_proc_sys_reset_0_0/vit_system_proc_sys_reset_0_0.dcp' for cell 'vit_system_i/proc_sys_reset_0'
INFO: [Project 1-454] Reading design checkpoint '/home/s23520579/Vivado_project/vit_m8_board_candidate_67c18532_workspace_20260809/vivado_server_307_perf_v1_m8_nongemm_nodsp_2023_2/VIT_googlebase_rtl/ViT_googlebase/ViT_googlebase.gen/sources_1/bd/vit_system/ip/vit_system_smartconnect_control_0/vit_system_smartconnect_control_0.dcp' for cell 'vit_system_i/smartconnect_control'
INFO: [Project 1-454] Reading design checkpoint '/home/s23520579/Vivado_project/vit_m8_board_candidate_67c18532_workspace_20260809/vivado_server_307_perf_v1_m8_nongemm_nodsp_2023_2/VIT_googlebase_rtl/ViT_googlebase/ViT_googlebase.gen/sources_1/bd/vit_system/ip/vit_system_smartconnect_ddr_0/vit_system_smartconnect_ddr_0.dcp' for cell 'vit_system_i/smartconnect_ddr'
INFO: [Project 1-454] Reading design checkpoint '/home/s23520579/Vivado_project/vit_m8_board_candidate_67c18532_workspace_20260809/vivado_server_307_perf_v1_m8_nongemm_nodsp_2023_2/VIT_googlebase_rtl/ViT_googlebase/ViT_googlebase.gen/sources_1/bd/vit_system/ip/vit_system_vit_phase_e_axi_0_0/vit_system_vit_phase_e_axi_0_0.dcp' for cell 'vit_system_i/vit_phase_e_axi_0'
INFO: [Project 1-454] Reading design checkpoint '/home/s23520579/Vivado_project/vit_m8_board_candidate_67c18532_workspace_20260809/vivado_server_307_perf_v1_m8_nongemm_nodsp_2023_2/VIT_googlebase_rtl/ViT_googlebase/ViT_googlebase.gen/sources_1/bd/vit_system/ip/vit_system_zynq_ultra_ps_e_0_0/vit_system_zynq_ultra_ps_e_0_0.dcp' for cell 'vit_system_i/zynq_ultra_ps_e_0'
Netlist sorting complete. Time (s): cpu = 00:00:00.88 ; elapsed = 00:00:00.88 . Memory (MB): peak = 2440.230 ; gain = 0.000 ; free physical = 227629 ; free virtual = 244905
INFO: [Netlist 29-17] Analyzing 8579 Unisim elements for replacement
INFO: [Netlist 29-28] Unisim Transformation completed in 0 CPU seconds
INFO: [Project 1-479] Netlist was created with Vivado 2023.2
INFO: [Project 1-570] Preparing netlist for logic optimization
Parsing XDC File [/home/s23520579/Vivado_project/vit_m8_board_candidate_67c18532_workspace_20260809/vivado_server_307_perf_v1_m8_nongemm_nodsp_2023_2/VIT_googlebase_rtl/ViT_googlebase/ViT_googlebase.gen/sources_1/bd/vit_system/ip/vit_system_smartconnect_ddr_0/bd_0/ip/ip_1/bd_819f_psr_aclk_0_board.xdc] for cell 'vit_system_i/smartconnect_ddr/inst/clk_map/psr_aclk/U0'
Finished Parsing XDC File [/home/s23520579/Vivado_project/vit_m8_board_candidate_67c18532_workspace_20260809/vivado_server_307_perf_v1_m8_nongemm_nodsp_2023_2/VIT_googlebase_rtl/ViT_googlebase/ViT_googlebase.gen/sources_1/bd/vit_system/ip/vit_system_smartconnect_ddr_0/bd_0/ip/ip_1/bd_819f_psr_aclk_0_board.xdc] for cell 'vit_system_i/smartconnect_ddr/inst/clk_map/psr_aclk/U0'
Parsing XDC File [/home/s23520579/Vivado_project/vit_m8_board_candidate_67c18532_workspace_20260809/vivado_server_307_perf_v1_m8_nongemm_nodsp_2023_2/VIT_googlebase_rtl/ViT_googlebase/ViT_googlebase.gen/sources_1/bd/vit_system/ip/vit_system_proc_sys_reset_0_0/vit_system_proc_sys_reset_0_0.xdc] for cell 'vit_system_i/proc_sys_reset_0/U0'
Finished Parsing XDC File [/home/s23520579/Vivado_project/vit_m8_board_candidate_67c18532_workspace_20260809/vivado_server_307_perf_v1_m8_nongemm_nodsp_2023_2/VIT_googlebase_rtl/ViT_googlebase/ViT_googlebase.gen/sources_1/bd/vit_system/ip/vit_system_proc_sys_reset_0_0/vit_system_proc_sys_reset_0_0.xdc] for cell 'vit_system_i/proc_sys_reset_0/U0'
Parsing XDC File [/home/s23520579/Vivado_project/vit_m8_board_candidate_67c18532_workspace_20260809/vivado_server_307_perf_v1_m8_nongemm_nodsp_2023_2/VIT_googlebase_rtl/ViT_googlebase/ViT_googlebase.gen/sources_1/bd/vit_system/ip/vit_system_proc_sys_reset_0_0/vit_system_proc_sys_reset_0_0_board.xdc] for cell 'vit_system_i/proc_sys_reset_0/U0'
Finished Parsing XDC File [/home/s23520579/Vivado_project/vit_m8_board_candidate_67c18532_workspace_20260809/vivado_server_307_perf_v1_m8_nongemm_nodsp_2023_2/VIT_googlebase_rtl/ViT_googlebase/ViT_googlebase.gen/sources_1/bd/vit_system/ip/vit_system_proc_sys_reset_0_0/vit_system_proc_sys_reset_0_0_board.xdc] for cell 'vit_system_i/proc_sys_reset_0/U0'
Parsing XDC File [/home/s23520579/Vivado_project/vit_m8_board_candidate_67c18532_workspace_20260809/vivado_server_307_perf_v1_m8_nongemm_nodsp_2023_2/VIT_googlebase_rtl/ViT_googlebase/ViT_googlebase.gen/sources_1/bd/vit_system/ip/vit_system_smartconnect_ddr_0/smartconnect.xdc] for cell 'vit_system_i/smartconnect_ddr/inst'
WARNING: [Vivado_Tcl 4-919] Waiver ID 'CDC-1' -from list should not be empty. [/home/s23520579/Vivado_project/vit_m8_board_candidate_67c18532_workspace_20260809/vivado_server_307_perf_v1_m8_nongemm_nodsp_2023_2/VIT_googlebase_rtl/ViT_googlebase/ViT_googlebase.gen/sources_1/bd/vit_system/ip/vit_system_smartconnect_ddr_0/smartconnect.xdc:1]
WARNING: [Vivado_Tcl 4-921] Waiver ID 'CDC-1' -to list should not be empty. [/home/s23520579/Vivado_project/vit_m8_board_candidate_67c18532_workspace_20260809/vivado_server_307_perf_v1_m8_nongemm_nodsp_2023_2/VIT_googlebase_rtl/ViT_googlebase/ViT_googlebase.gen/sources_1/bd/vit_system/ip/vit_system_smartconnect_ddr_0/smartconnect.xdc:2]
WARNING: [Vivado_Tcl 4-921] Waiver ID 'CDC-1' -to list should not be empty. [/home/s23520579/Vivado_project/vit_m8_board_candidate_67c18532_workspace_20260809/vivado_server_307_perf_v1_m8_nongemm_nodsp_2023_2/VIT_googlebase_rtl/ViT_googlebase/ViT_googlebase.gen/sources_1/bd/vit_system/ip/vit_system_smartconnect_ddr_0/smartconnect.xdc:3]
WARNING: [Vivado_Tcl 4-921] Waiver ID 'CDC-1' -to list should not be empty. [/home/s23520579/Vivado_project/vit_m8_board_candidate_67c18532_workspace_20260809/vivado_server_307_perf_v1_m8_nongemm_nodsp_2023_2/VIT_googlebase_rtl/ViT_googlebase/ViT_googlebase.gen/sources_1/bd/vit_system/ip/vit_system_smartconnect_ddr_0/smartconnect.xdc:4]
WARNING: [Vivado_Tcl 4-921] Waiver ID 'CDC-1' -to list should not be empty. [/home/s23520579/Vivado_project/vit_m8_board_candidate_67c18532_workspace_20260809/vivado_server_307_perf_v1_m8_nongemm_nodsp_2023_2/VIT_googlebase_rtl/ViT_googlebase/ViT_googlebase.gen/sources_1/bd/vit_system/ip/vit_system_smartconnect_ddr_0/smartconnect.xdc:5]
WARNING: [Vivado_Tcl 4-921] Waiver ID 'CDC-1' -to list should not be empty. [/home/s23520579/Vivado_project/vit_m8_board_candidate_67c18532_workspace_20260809/vivado_server_307_perf_v1_m8_nongemm_nodsp_2023_2/VIT_googlebase_rtl/ViT_googlebase/ViT_googlebase.gen/sources_1/bd/vit_system/ip/vit_system_smartconnect_ddr_0/smartconnect.xdc:6]
WARNING: [Vivado_Tcl 4-921] Waiver ID 'CDC-1' -to list should not be empty. [/home/s23520579/Vivado_project/vit_m8_board_candidate_67c18532_workspace_20260809/vivado_server_307_perf_v1_m8_nongemm_nodsp_2023_2/VIT_googlebase_rtl/ViT_googlebase/ViT_googlebase.gen/sources_1/bd/vit_system/ip/vit_system_smartconnect_ddr_0/smartconnect.xdc:7]
WARNING: [Vivado_Tcl 4-921] Waiver ID 'CDC-1' -to list should not be empty. [/home/s23520579/Vivado_project/vit_m8_board_candidate_67c18532_workspace_20260809/vivado_server_307_perf_v1_m8_nongemm_nodsp_2023_2/VIT_googlebase_rtl/ViT_googlebase/ViT_googlebase.gen/sources_1/bd/vit_system/ip/vit_system_smartconnect_ddr_0/smartconnect.xdc:8]
WARNING: [Vivado_Tcl 4-921] Waiver ID 'CDC-1' -to list should not be empty. [/home/s23520579/Vivado_project/vit_m8_board_candidate_67c18532_workspace_20260809/vivado_server_307_perf_v1_m8_nongemm_nodsp_2023_2/VIT_googlebase_rtl/ViT_googlebase/ViT_googlebase.gen/sources_1/bd/vit_system/ip/vit_system_smartconnect_ddr_0/smartconnect.xdc:9]
WARNING: [Vivado_Tcl 4-921] Waiver ID 'CDC-1' -to list should not be empty. [/home/s23520579/Vivado_project/vit_m8_board_candidate_67c18532_workspace_20260809/vivado_server_307_perf_v1_m8_nongemm_nodsp_2023_2/VIT_googlebase_rtl/ViT_googlebase/ViT_googlebase.gen/sources_1/bd/vit_system/ip/vit_system_smartconnect_ddr_0/smartconnect.xdc:10]
Finished Parsing XDC File [/home/s23520579/Vivado_project/vit_m8_board_candidate_67c18532_workspace_20260809/vivado_server_307_perf_v1_m8_nongemm_nodsp_2023_2/VIT_googlebase_rtl/ViT_googlebase/ViT_googlebase.gen/sources_1/bd/vit_system/ip/vit_system_smartconnect_ddr_0/smartconnect.xdc] for cell 'vit_system_i/smartconnect_ddr/inst'
Parsing XDC File [/home/s23520579/Vivado_project/vit_m8_board_candidate_67c18532_workspace_20260809/vivado_server_307_perf_v1_m8_nongemm_nodsp_2023_2/VIT_googlebase_rtl/ViT_googlebase/ViT_googlebase.gen/sources_1/bd/vit_system/ip/vit_system_smartconnect_ddr_0/bd_0/ip/ip_10/bd_819f_sbn_0_clocks.xdc] for cell 'vit_system_i/smartconnect_ddr/inst/s00_nodes/s00_b_node/inst'
WARNING: [Vivado_Tcl 4-921] Waiver ID 'CDC-1' -to list should not be empty. [/home/s23520579/Vivado_project/vit_m8_board_candidate_67c18532_workspace_20260809/vivado_server_307_perf_v1_m8_nongemm_nodsp_2023_2/VIT_googlebase_rtl/ViT_googlebase/ViT_googlebase.gen/sources_1/bd/vit_system/ip/vit_system_smartconnect_ddr_0/bd_0/ip/ip_10/bd_819f_sbn_0_clocks.xdc:49]
WARNING: [Vivado_Tcl 4-921] Waiver ID 'CDC-1' -to list should not be empty. [/home/s23520579/Vivado_project/vit_m8_board_candidate_67c18532_workspace_20260809/vivado_server_307_perf_v1_m8_nongemm_nodsp_2023_2/VIT_googlebase_rtl/ViT_googlebase/ViT_googlebase.gen/sources_1/bd/vit_system/ip/vit_system_smartconnect_ddr_0/bd_0/ip/ip_10/bd_819f_sbn_0_clocks.xdc:52]
WARNING: [Vivado_Tcl 4-921] Waiver ID 'CDC-1' -to list should not be empty. [/home/s23520579/Vivado_project/vit_m8_board_candidate_67c18532_workspace_20260809/vivado_server_307_perf_v1_m8_nongemm_nodsp_2023_2/VIT_googlebase_rtl/ViT_googlebase/ViT_googlebase.gen/sources_1/bd/vit_system/ip/vit_system_smartconnect_ddr_0/bd_0/ip/ip_10/bd_819f_sbn_0_clocks.xdc:55]
WARNING: [Vivado_Tcl 4-921] Waiver ID 'CDC-1' -to list should not be empty. [/home/s23520579/Vivado_project/vit_m8_board_candidate_67c18532_workspace_20260809/vivado_server_307_perf_v1_m8_nongemm_nodsp_2023_2/VIT_googlebase_rtl/ViT_googlebase/ViT_googlebase.gen/sources_1/bd/vit_system/ip/vit_system_smartconnect_ddr_0/bd_0/ip/ip_10/bd_819f_sbn_0_clocks.xdc:59]
WARNING: [Vivado_Tcl 4-921] Waiver ID 'CDC-1' -to list should not be empty. [/home/s23520579/Vivado_project/vit_m8_board_candidate_67c18532_workspace_20260809/vivado_server_307_perf_v1_m8_nongemm_nodsp_2023_2/VIT_googlebase_rtl/ViT_googlebase/ViT_googlebase.gen/sources_1/bd/vit_system/ip/vit_system_smartconnect_ddr_0/bd_0/ip/ip_10/bd_819f_sbn_0_clocks.xdc:63]
WARNING: [Vivado_Tcl 4-921] Waiver ID 'CDC-1' -to list should not be empty. [/home/s23520579/Vivado_project/vit_m8_board_candidate_67c18532_workspace_20260809/vivado_server_307_perf_v1_m8_nongemm_nodsp_2023_2/VIT_googlebase_rtl/ViT_googlebase/ViT_googlebase.gen/sources_1/bd/vit_system/ip/vit_system_smartconnect_ddr_0/bd_0/ip/ip_10/bd_819f_sbn_0_clocks.xdc:66]
WARNING: [Vivado_Tcl 4-921] Waiver ID 'CDC-1' -to list should not be empty. [/home/s23520579/Vivado_project/vit_m8_board_candidate_67c18532_workspace_20260809/vivado_server_307_perf_v1_m8_nongemm_nodsp_2023_2/VIT_googlebase_rtl/ViT_googlebase/ViT_googlebase.gen/sources_1/bd/vit_system/ip/vit_system_smartconnect_ddr_0/bd_0/ip/ip_10/bd_819f_sbn_0_clocks.xdc:70]
WARNING: [Vivado_Tcl 4-921] Waiver ID 'CDC-1' -to list should not be empty. [/home/s23520579/Vivado_project/vit_m8_board_candidate_67c18532_workspace_20260809/vivado_server_307_perf_v1_m8_nongemm_nodsp_2023_2/VIT_googlebase_rtl/ViT_googlebase/ViT_googlebase.gen/sources_1/bd/vit_system/ip/vit_system_smartconnect_ddr_0/bd_0/ip/ip_10/bd_819f_sbn_0_clocks.xdc:73]
WARNING: [Vivado_Tcl 4-921] Waiver ID 'CDC-1' -to list should not be empty. [/home/s23520579/Vivado_project/vit_m8_board_candidate_67c18532_workspace_20260809/vivado_server_307_perf_v1_m8_nongemm_nodsp_2023_2/VIT_googlebase_rtl/ViT_googlebase/ViT_googlebase.gen/sources_1/bd/vit_system/ip/vit_system_smartconnect_ddr_0/bd_0/ip/ip_10/bd_819f_sbn_0_clocks.xdc:76]
WARNING: [Vivado_Tcl 4-921] Waiver ID 'CDC-1' -to list should not be empty. [/home/s23520579/Vivado_project/vit_m8_board_candidate_67c18532_workspace_20260809/vivado_server_307_perf_v1_m8_nongemm_nodsp_2023_2/VIT_googlebase_rtl/ViT_googlebase/ViT_googlebase.gen/sources_1/bd/vit_system/ip/vit_system_smartconnect_ddr_0/bd_0/ip/ip_10/bd_819f_sbn_0_clocks.xdc:79]
WARNING: [Vivado_Tcl 4-921] Waiver ID 'CDC-1' -to list should not be empty. [/home/s23520579/Vivado_project/vit_m8_board_candidate_67c18532_workspace_20260809/vivado_server_307_perf_v1_m8_nongemm_nodsp_2023_2/VIT_googlebase_rtl/ViT_googlebase/ViT_googlebase.gen/sources_1/bd/vit_system/ip/vit_system_smartconnect_ddr_0/bd_0/ip/ip_10/bd_819f_sbn_0_clocks.xdc:82]
WARNING: [Vivado_Tcl 4-921] Waiver ID 'CDC-4' -to list should not be empty. [/home/s23520579/Vivado_project/vit_m8_board_candidate_67c18532_workspace_20260809/vivado_server_307_perf_v1_m8_nongemm_nodsp_2023_2/VIT_googlebase_rtl/ViT_googlebase/ViT_googlebase.gen/sources_1/bd/vit_system/ip/vit_system_smartconnect_ddr_0/bd_0/ip/ip_10/bd_819f_sbn_0_clocks.xdc:85]
WARNING: [Vivado_Tcl 4-921] Waiver ID 'CDC-4' -to list should not be empty. [/home/s23520579/Vivado_project/vit_m8_board_candidate_67c18532_workspace_20260809/vivado_server_307_perf_v1_m8_nongemm_nodsp_2023_2/VIT_googlebase_rtl/ViT_googlebase/ViT_googlebase.gen/sources_1/bd/vit_system/ip/vit_system_smartconnect_ddr_0/bd_0/ip/ip_10/bd_819f_sbn_0_clocks.xdc:88]
WARNING: [Vivado_Tcl 4-921] Waiver ID 'CDC-2' -to list should not be empty. [/home/s23520579/Vivado_project/vit_m8_board_candidate_67c18532_workspace_20260809/vivado_server_307_perf_v1_m8_nongemm_nodsp_2023_2/VIT_googlebase_rtl/ViT_googlebase/ViT_googlebase.gen/sources_1/bd/vit_system/ip/vit_system_smartconnect_ddr_0/bd_0/ip/ip_10/bd_819f_sbn_0_clocks.xdc:91]
WARNING: [Vivado_Tcl 4-921] Waiver ID 'CDC-2' -to list should not be empty. [/home/s23520579/Vivado_project/vit_m8_board_candidate_67c18532_workspace_20260809/vivado_server_307_perf_v1_m8_nongemm_nodsp_2023_2/VIT_googlebase_rtl/ViT_googlebase/ViT_googlebase.gen/sources_1/bd/vit_system/ip/vit_system_smartconnect_ddr_0/bd_0/ip/ip_10/bd_819f_sbn_0_clocks.xdc:94]
WARNING: [Vivado_Tcl 4-921] Waiver ID 'CDC-2' -to list should not be empty. [/home/s23520579/Vivado_project/vit_m8_board_candidate_67c18532_workspace_20260809/vivado_server_307_perf_v1_m8_nongemm_nodsp_2023_2/VIT_googlebase_rtl/ViT_googlebase/ViT_googlebase.gen/sources_1/bd/vit_system/ip/vit_system_smartconnect_ddr_0/bd_0/ip/ip_10/bd_819f_sbn_0_clocks.xdc:97]
WARNING: [Vivado_Tcl 4-921] Waiver ID 'CDC-2' -to list should not be empty. [/home/s23520579/Vivado_project/vit_m8_board_candidate_67c18532_workspace_20260809/vivado_server_307_perf_v1_m8_nongemm_nodsp_2023_2/VIT_googlebase_rtl/ViT_googlebase/ViT_googlebase.gen/sources_1/bd/vit_system/ip/vit_system_smartconnect_ddr_0/bd_0/ip/ip_10/bd_819f_sbn_0_clocks.xdc:100]
WARNING: [Vivado_Tcl 4-921] Waiver ID 'CDC-1' -to list should not be empty. [/home/s23520579/Vivado_project/vit_m8_board_candidate_67c18532_workspace_20260809/vivado_server_307_perf_v1_m8_nongemm_nodsp_2023_2/VIT_googlebase_rtl/ViT_googlebase/ViT_googlebase.gen/sources_1/bd/vit_system/ip/vit_system_smartconnect_ddr_0/bd_0/ip/ip_10/bd_819f_sbn_0_clocks.xdc:104]
WARNING: [Vivado_Tcl 4-921] Waiver ID 'CDC-10' -to list should not be empty. [/home/s23520579/Vivado_project/vit_m8_board_candidate_67c18532_workspace_20260809/vivado_server_307_perf_v1_m8_nongemm_nodsp_2023_2/VIT_googlebase_rtl/ViT_googlebase/ViT_googlebase.gen/sources_1/bd/vit_system/ip/vit_system_smartconnect_ddr_0/bd_0/ip/ip_10/bd_819f_sbn_0_clocks.xdc:107]
WARNING: [Vivado_Tcl 4-921] Waiver ID 'CDC-10' -to list should not be empty. [/home/s23520579/Vivado_project/vit_m8_board_candidate_67c18532_workspace_20260809/vivado_server_307_perf_v1_m8_nongemm_nodsp_2023_2/VIT_googlebase_rtl/ViT_googlebase/ViT_googlebase.gen/sources_1/bd/vit_system/ip/vit_system_smartconnect_ddr_0/bd_0/ip/ip_10/bd_819f_sbn_0_clocks.xdc:110]
WARNING: [Vivado_Tcl 4-921] Waiver ID 'CDC-1' -to list should not be empty. [/home/s23520579/Vivado_project/vit_m8_board_candidate_67c18532_workspace_20260809/vivado_server_307_perf_v1_m8_nongemm_nodsp_2023_2/VIT_googlebase_rtl/ViT_googlebase/ViT_googlebase.gen/sources_1/bd/vit_system/ip/vit_system_smartconnect_ddr_0/bd_0/ip/ip_10/bd_819f_sbn_0_clocks.xdc:113]
WARNING: [Vivado_Tcl 4-921] Waiver ID 'CDC-1' -to list should not be empty. [/home/s23520579/Vivado_project/vit_m8_board_candidate_67c18532_workspace_20260809/vivado_server_307_perf_v1_m8_nongemm_nodsp_2023_2/VIT_googlebase_rtl/ViT_googlebase/ViT_googlebase.gen/sources_1/bd/vit_system/ip/vit_system_smartconnect_ddr_0/bd_0/ip/ip_10/bd_819f_sbn_0_clocks.xdc:116]
WARNING: [Vivado_Tcl 4-921] Waiver ID 'CDC-1' -to list should not be empty. [/home/s23520579/Vivado_project/vit_m8_board_candidate_67c18532_workspace_20260809/vivado_server_307_perf_v1_m8_nongemm_nodsp_2023_2/VIT_googlebase_rtl/ViT_googlebase/ViT_googlebase.gen/sources_1/bd/vit_system/ip/vit_system_smartconnect_ddr_0/bd_0/ip/ip_10/bd_819f_sbn_0_clocks.xdc:119]
WARNING: [Vivado_Tcl 4-921] Waiver ID 'CDC-13' -to list should not be empty. [/home/s23520579/Vivado_project/vit_m8_board_candidate_67c18532_workspace_20260809/vivado_server_307_perf_v1_m8_nongemm_nodsp_2023_2/VIT_googlebase_rtl/ViT_googlebase/ViT_googlebase.gen/sources_1/bd/vit_system/ip/vit_system_smartconnect_ddr_0/bd_0/ip/ip_10/bd_819f_sbn_0_clocks.xdc:122]
WARNING: [Vivado_Tcl 4-921] Waiver ID 'CDC-1' -to list should not be empty. [/home/s23520579/Vivado_project/vit_m8_board_candidate_67c18532_workspace_20260809/vivado_server_307_perf_v1_m8_nongemm_nodsp_2023_2/VIT_googlebase_rtl/ViT_googlebase/ViT_googlebase.gen/sources_1/bd/vit_system/ip/vit_system_smartconnect_ddr_0/bd_0/ip/ip_10/bd_819f_sbn_0_clocks.xdc:125]
WARNING: [Vivado_Tcl 4-921] Waiver ID 'CDC-1' -to list should not be empty. [/home/s23520579/Vivado_project/vit_m8_board_candidate_67c18532_workspace_20260809/vivado_server_307_perf_v1_m8_nongemm_nodsp_2023_2/VIT_googlebase_rtl/ViT_googlebase/ViT_googlebase.gen/sources_1/bd/vit_system/ip/vit_system_smartconnect_ddr_0/bd_0/ip/ip_10/bd_819f_sbn_0_clocks.xdc:128]
WARNING: [Vivado_Tcl 4-921] Waiver ID 'CDC-13' -to list should not be empty. [/home/s23520579/Vivado_project/vit_m8_board_candidate_67c18532_workspace_20260809/vivado_server_307_perf_v1_m8_nongemm_nodsp_2023_2/VIT_googlebase_rtl/ViT_googlebase/ViT_googlebase.gen/sources_1/bd/vit_system/ip/vit_system_smartconnect_ddr_0/bd_0/ip/ip_10/bd_819f_sbn_0_clocks.xdc:131]
WARNING: [Vivado_Tcl 4-921] Waiver ID 'CDC-1' -to list should not be empty. [/home/s23520579/Vivado_project/vit_m8_board_candidate_67c18532_workspace_20260809/vivado_server_307_perf_v1_m8_nongemm_nodsp_2023_2/VIT_googlebase_rtl/ViT_googlebase/ViT_googlebase.gen/sources_1/bd/vit_system/ip/vit_system_smartconnect_ddr_0/bd_0/ip/ip_10/bd_819f_sbn_0_clocks.xdc:134]
WARNING: [Vivado_Tcl 4-921] Waiver ID 'CDC-10' -to list should not be empty. [/home/s23520579/Vivado_project/vit_m8_board_candidate_67c18532_workspace_20260809/vivado_server_307_perf_v1_m8_nongemm_nodsp_2023_2/VIT_googlebase_rtl/ViT_googlebase/ViT_googlebase.gen/sources_1/bd/vit_system/ip/vit_system_smartconnect_ddr_0/bd_0/ip/ip_10/bd_819f_sbn_0_clocks.xdc:137]
WARNING: [Vivado_Tcl 4-921] Waiver ID 'CDC-1' -to list should not be empty. [/home/s23520579/Vivado_project/vit_m8_board_candidate_67c18532_workspace_20260809/vivado_server_307_perf_v1_m8_nongemm_nodsp_2023_2/VIT_googlebase_rtl/ViT_googlebase/ViT_googlebase.gen/sources_1/bd/vit_system/ip/vit_system_smartconnect_ddr_0/bd_0/ip/ip_10/bd_819f_sbn_0_clocks.xdc:140]
WARNING: [Vivado_Tcl 4-921] Waiver ID 'CDC-1' -to list should not be empty. [/home/s23520579/Vivado_project/vit_m8_board_candidate_67c18532_workspace_20260809/vivado_server_307_perf_v1_m8_nongemm_nodsp_2023_2/VIT_googlebase_rtl/ViT_googlebase/ViT_googlebase.gen/sources_1/bd/vit_system/ip/vit_system_smartconnect_ddr_0/bd_0/ip/ip_10/bd_819f_sbn_0_clocks.xdc:143]
WARNING: [Vivado_Tcl 4-921] Waiver ID 'CDC-1' -to list should not be empty. [/home/s23520579/Vivado_project/vit_m8_board_candidate_67c18532_workspace_20260809/vivado_server_307_perf_v1_m8_nongemm_nodsp_2023_2/VIT_googlebase_rtl/ViT_googlebase/ViT_googlebase.gen/sources_1/bd/vit_system/ip/vit_system_smartconnect_ddr_0/bd_0/ip/ip_10/bd_819f_sbn_0_clocks.xdc:146]
WARNING: [Vivado_Tcl 4-921] Waiver ID 'CDC-2' -to list should not be empty. [/home/s23520579/Vivado_project/vit_m8_board_candidate_67c18532_workspace_20260809/vivado_server_307_perf_v1_m8_nongemm_nodsp_2023_2/VIT_googlebase_rtl/ViT_googlebase/ViT_googlebase.gen/sources_1/bd/vit_system/ip/vit_system_smartconnect_ddr_0/bd_0/ip/ip_10/bd_819f_sbn_0_clocks.xdc:149]
WARNING: [Vivado_Tcl 4-921] Waiver ID 'CDC-1' -to list should not be empty. [/home/s23520579/Vivado_project/vit_m8_board_candidate_67c18532_workspace_20260809/vivado_server_307_perf_v1_m8_nongemm_nodsp_2023_2/VIT_googlebase_rtl/ViT_googlebase/ViT_googlebase.gen/sources_1/bd/vit_system/ip/vit_system_smartconnect_ddr_0/bd_0/ip/ip_10/bd_819f_sbn_0_clocks.xdc:152]
WARNING: [Vivado_Tcl 4-921] Waiver ID 'CDC-1' -to list should not be empty. [/home/s23520579/Vivado_project/vit_m8_board_candidate_67c18532_workspace_20260809/vivado_server_307_perf_v1_m8_nongemm_nodsp_2023_2/VIT_googlebase_rtl/ViT_googlebase/ViT_googlebase.gen/sources_1/bd/vit_system/ip/vit_system_smartconnect_ddr_0/bd_0/ip/ip_10/bd_819f_sbn_0_clocks.xdc:155]
WARNING: [Vivado_Tcl 4-921] Waiver ID 'CDC-1' -to list should not be empty. [/home/s23520579/Vivado_project/vit_m8_board_candidate_67c18532_workspace_20260809/vivado_server_307_perf_v1_m8_nongemm_nodsp_2023_2/VIT_googlebase_rtl/ViT_googlebase/ViT_googlebase.gen/sources_1/bd/vit_system/ip/vit_system_smartconnect_ddr_0/bd_0/ip/ip_10/bd_819f_sbn_0_clocks.xdc:158]
WARNING: [Vivado_Tcl 4-921] Waiver ID 'CDC-10' -to list should not be empty. [/home/s23520579/Vivado_project/vit_m8_board_candidate_67c18532_workspace_20260809/vivado_server_307_perf_v1_m8_nongemm_nodsp_2023_2/VIT_googlebase_rtl/ViT_googlebase/ViT_googlebase.gen/sources_1/bd/vit_system/ip/vit_system_smartconnect_ddr_0/bd_0/ip/ip_10/bd_819f_sbn_0_clocks.xdc:161]
WARNING: [Vivado_Tcl 4-921] Waiver ID 'CDC-4' -to list should not be empty. [/home/s23520579/Vivado_project/vit_m8_board_candidate_67c18532_workspace_20260809/vivado_server_307_perf_v1_m8_nongemm_nodsp_2023_2/VIT_googlebase_rtl/ViT_googlebase/ViT_googlebase.gen/sources_1/bd/vit_system/ip/vit_system_smartconnect_ddr_0/bd_0/ip/ip_10/bd_819f_sbn_0_clocks.xdc:164]
WARNING: [Vivado_Tcl 4-921] Waiver ID 'CDC-4' -to list should not be empty. [/home/s23520579/Vivado_project/vit_m8_board_candidate_67c18532_workspace_20260809/vivado_server_307_perf_v1_m8_nongemm_nodsp_2023_2/VIT_googlebase_rtl/ViT_googlebase/ViT_googlebase.gen/sources_1/bd/vit_system/ip/vit_system_smartconnect_ddr_0/bd_0/ip/ip_10/bd_819f_sbn_0_clocks.xdc:167]
WARNING: [Vivado_Tcl 4-921] Waiver ID 'CDC-4' -to list should not be empty. [/home/s23520579/Vivado_project/vit_m8_board_candidate_67c18532_workspace_20260809/vivado_server_307_perf_v1_m8_nongemm_nodsp_2023_2/VIT_googlebase_rtl/ViT_googlebase/ViT_googlebase.gen/sources_1/bd/vit_system/ip/vit_system_smartconnect_ddr_0/bd_0/ip/ip_10/bd_819f_sbn_0_clocks.xdc:171]
WARNING: [Vivado_Tcl 4-921] Waiver ID 'CDC-4' -to list should not be empty. [/home/s23520579/Vivado_project/vit_m8_board_candidate_67c18532_workspace_20260809/vivado_server_307_perf_v1_m8_nongemm_nodsp_2023_2/VIT_googlebase_rtl/ViT_googlebase/ViT_googlebase.gen/sources_1/bd/vit_system/ip/vit_system_smartconnect_ddr_0/bd_0/ip/ip_10/bd_819f_sbn_0_clocks.xdc:174]
WARNING: [Vivado_Tcl 4-921] Waiver ID 'CDC-1' -to list should not be empty. [/home/s23520579/Vivado_project/vit_m8_board_candidate_67c18532_workspace_20260809/vivado_server_307_perf_v1_m8_nongemm_nodsp_2023_2/VIT_googlebase_rtl/ViT_googlebase/ViT_googlebase.gen/sources_1/bd/vit_system/ip/vit_system_smartconnect_ddr_0/bd_0/ip/ip_10/bd_819f_sbn_0_clocks.xdc:178]
Finished Parsing XDC File [/home/s23520579/Vivado_project/vit_m8_board_candidate_67c18532_workspace_20260809/vivado_server_307_perf_v1_m8_nongemm_nodsp_2023_2/VIT_googlebase_rtl/ViT_googlebase/ViT_googlebase.gen/sources_1/bd/vit_system/ip/vit_system_smartconnect_ddr_0/bd_0/ip/ip_10/bd_819f_sbn_0_clocks.xdc] for cell 'vit_system_i/smartconnect_ddr/inst/s00_nodes/s00_b_node/inst'
Parsing XDC File [/home/s23520579/Vivado_project/vit_m8_board_candidate_67c18532_workspace_20260809/vivado_server_307_perf_v1_m8_nongemm_nodsp_2023_2/VIT_googlebase_rtl/ViT_googlebase/ViT_googlebase.gen/sources_1/bd/vit_system/ip/vit_system_smartconnect_ddr_0/bd_0/ip/ip_9/bd_819f_swn_0_clocks.xdc] for cell 'vit_system_i/smartconnect_ddr/inst/s00_nodes/s00_w_node/inst'
WARNING: [Vivado_Tcl 4-921] Waiver ID 'CDC-1' -to list should not be empty. [/home/s23520579/Vivado_project/vit_m8_board_candidate_67c18532_workspace_20260809/vivado_server_307_perf_v1_m8_nongemm_nodsp_2023_2/VIT_googlebase_rtl/ViT_googlebase/ViT_googlebase.gen/sources_1/bd/vit_system/ip/vit_system_smartconnect_ddr_0/bd_0/ip/ip_9/bd_819f_swn_0_clocks.xdc:49]
WARNING: [Vivado_Tcl 4-921] Waiver ID 'CDC-1' -to list should not be empty. [/home/s23520579/Vivado_project/vit_m8_board_candidate_67c18532_workspace_20260809/vivado_server_307_perf_v1_m8_nongemm_nodsp_2023_2/VIT_googlebase_rtl/ViT_googlebase/ViT_googlebase.gen/sources_1/bd/vit_system/ip/vit_system_smartconnect_ddr_0/bd_0/ip/ip_9/bd_819f_swn_0_clocks.xdc:52]
WARNING: [Vivado_Tcl 4-921] Waiver ID 'CDC-1' -to list should not be empty. [/home/s23520579/Vivado_project/vit_m8_board_candidate_67c18532_workspace_20260809/vivado_server_307_perf_v1_m8_nongemm_nodsp_2023_2/VIT_googlebase_rtl/ViT_googlebase/ViT_googlebase.gen/sources_1/bd/vit_system/ip/vit_system_smartconnect_ddr_0/bd_0/ip/ip_9/bd_819f_swn_0_clocks.xdc:55]
WARNING: [Vivado_Tcl 4-921] Waiver ID 'CDC-1' -to list should not be empty. [/home/s23520579/Vivado_project/vit_m8_board_candidate_67c18532_workspace_20260809/vivado_server_307_perf_v1_m8_nongemm_nodsp_2023_2/VIT_googlebase_rtl/ViT_googlebase/ViT_googlebase.gen/sources_1/bd/vit_system/ip/vit_system_smartconnect_ddr_0/bd_0/ip/ip_9/bd_819f_swn_0_clocks.xdc:59]
WARNING: [Vivado_Tcl 4-921] Waiver ID 'CDC-1' -to list should not be empty. [/home/s23520579/Vivado_project/vit_m8_board_candidate_67c18532_workspace_20260809/vivado_server_307_perf_v1_m8_nongemm_nodsp_2023_2/VIT_googlebase_rtl/ViT_googlebase/ViT_googlebase.gen/sources_1/bd/vit_system/ip/vit_system_smartconnect_ddr_0/bd_0/ip/ip_9/bd_819f_swn_0_clocks.xdc:63]
WARNING: [Vivado_Tcl 4-921] Waiver ID 'CDC-1' -to list should not be empty. [/home/s23520579/Vivado_project/vit_m8_board_candidate_67c18532_workspace_20260809/vivado_server_307_perf_v1_m8_nongemm_nodsp_2023_2/VIT_googlebase_rtl/ViT_googlebase/ViT_googlebase.gen/sources_1/bd/vit_system/ip/vit_system_smartconnect_ddr_0/bd_0/ip/ip_9/bd_819f_swn_0_clocks.xdc:66]
WARNING: [Vivado_Tcl 4-921] Waiver ID 'CDC-1' -to list should not be empty. [/home/s23520579/Vivado_project/vit_m8_board_candidate_67c18532_workspace_20260809/vivado_server_307_perf_v1_m8_nongemm_nodsp_2023_2/VIT_googlebase_rtl/ViT_googlebase/ViT_googlebase.gen/sources_1/bd/vit_system/ip/vit_system_smartconnect_ddr_0/bd_0/ip/ip_9/bd_819f_swn_0_clocks.xdc:70]
WARNING: [Vivado_Tcl 4-921] Waiver ID 'CDC-1' -to list should not be empty. [/home/s23520579/Vivado_project/vit_m8_board_candidate_67c18532_workspace_20260809/vivado_server_307_perf_v1_m8_nongemm_nodsp_2023_2/VIT_googlebase_rtl/ViT_googlebase/ViT_googlebase.gen/sources_1/bd/vit_system/ip/vit_system_smartconnect_ddr_0/bd_0/ip/ip_9/bd_819f_swn_0_clocks.xdc:73]
WARNING: [Vivado_Tcl 4-921] Waiver ID 'CDC-1' -to list should not be empty. [/home/s23520579/Vivado_project/vit_m8_board_candidate_67c18532_workspace_20260809/vivado_server_307_perf_v1_m8_nongemm_nodsp_2023_2/VIT_googlebase_rtl/ViT_googlebase/ViT_googlebase.gen/sources_1/bd/vit_system/ip/vit_system_smartconnect_ddr_0/bd_0/ip/ip_9/bd_819f_swn_0_clocks.xdc:76]
WARNING: [Vivado_Tcl 4-921] Waiver ID 'CDC-1' -to list should not be empty. [/home/s23520579/Vivado_project/vit_m8_board_candidate_67c18532_workspace_20260809/vivado_server_307_perf_v1_m8_nongemm_nodsp_2023_2/VIT_googlebase_rtl/ViT_googlebase/ViT_googlebase.gen/sources_1/bd/vit_system/ip/vit_system_smartconnect_ddr_0/bd_0/ip/ip_9/bd_819f_swn_0_clocks.xdc:79]
WARNING: [Vivado_Tcl 4-921] Waiver ID 'CDC-1' -to list should not be empty. [/home/s23520579/Vivado_project/vit_m8_board_candidate_67c18532_workspace_20260809/vivado_server_307_perf_v1_m8_nongemm_nodsp_2023_2/VIT_googlebase_rtl/ViT_googlebase/ViT_googlebase.gen/sources_1/bd/vit_system/ip/vit_system_smartconnect_ddr_0/bd_0/ip/ip_9/bd_819f_swn_0_clocks.xdc:82]
WARNING: [Vivado_Tcl 4-921] Waiver ID 'CDC-4' -to list should not be empty. [/home/s23520579/Vivado_project/vit_m8_board_candidate_67c18532_workspace_20260809/vivado_server_307_perf_v1_m8_nongemm_nodsp_2023_2/VIT_googlebase_rtl/ViT_googlebase/ViT_googlebase.gen/sources_1/bd/vit_system/ip/vit_system_smartconnect_ddr_0/bd_0/ip/ip_9/bd_819f_swn_0_clocks.xdc:85]
WARNING: [Vivado_Tcl 4-921] Waiver ID 'CDC-4' -to list should not be empty. [/home/s23520579/Vivado_project/vit_m8_board_candidate_67c18532_workspace_20260809/vivado_server_307_perf_v1_m8_nongemm_nodsp_2023_2/VIT_googlebase_rtl/ViT_googlebase/ViT_googlebase.gen/sources_1/bd/vit_system/ip/vit_system_smartconnect_ddr_0/bd_0/ip/ip_9/bd_819f_swn_0_clocks.xdc:88]
WARNING: [Vivado_Tcl 4-921] Waiver ID 'CDC-2' -to list should not be empty. [/home/s23520579/Vivado_project/vit_m8_board_candidate_67c18532_workspace_20260809/vivado_server_307_perf_v1_m8_nongemm_nodsp_2023_2/VIT_googlebase_rtl/ViT_googlebase/ViT_googlebase.gen/sources_1/bd/vit_system/ip/vit_system_smartconnect_ddr_0/bd_0/ip/ip_9/bd_819f_swn_0_clocks.xdc:91]
WARNING: [Vivado_Tcl 4-921] Waiver ID 'CDC-2' -to list should not be empty. [/home/s23520579/Vivado_project/vit_m8_board_candidate_67c18532_workspace_20260809/vivado_server_307_perf_v1_m8_nongemm_nodsp_2023_2/VIT_googlebase_rtl/ViT_googlebase/ViT_googlebase.gen/sources_1/bd/vit_system/ip/vit_system_smartconnect_ddr_0/bd_0/ip/ip_9/bd_819f_swn_0_clocks.xdc:94]
WARNING: [Vivado_Tcl 4-921] Waiver ID 'CDC-2' -to list should not be empty. [/home/s23520579/Vivado_project/vit_m8_board_candidate_67c18532_workspace_20260809/vivado_server_307_perf_v1_m8_nongemm_nodsp_2023_2/VIT_googlebase_rtl/ViT_googlebase/ViT_googlebase.gen/sources_1/bd/vit_system/ip/vit_system_smartconnect_ddr_0/bd_0/ip/ip_9/bd_819f_swn_0_clocks.xdc:97]
WARNING: [Vivado_Tcl 4-921] Waiver ID 'CDC-2' -to list should not be empty. [/home/s23520579/Vivado_project/vit_m8_board_candidate_67c18532_workspace_20260809/vivado_server_307_perf_v1_m8_nongemm_nodsp_2023_2/VIT_googlebase_rtl/ViT_googlebase/ViT_googlebase.gen/sources_1/bd/vit_system/ip/vit_system_smartconnect_ddr_0/bd_0/ip/ip_9/bd_819f_swn_0_clocks.xdc:100]
WARNING: [Vivado_Tcl 4-921] Waiver ID 'CDC-1' -to list should not be empty. [/home/s23520579/Vivado_project/vit_m8_board_candidate_67c18532_workspace_20260809/vivado_server_307_perf_v1_m8_nongemm_nodsp_2023_2/VIT_googlebase_rtl/ViT_googlebase/ViT_googlebase.gen/sources_1/bd/vit_system/ip/vit_system_smartconnect_ddr_0/bd_0/ip/ip_9/bd_819f_swn_0_clocks.xdc:104]
WARNING: [Vivado_Tcl 4-921] Waiver ID 'CDC-10' -to list should not be empty. [/home/s23520579/Vivado_project/vit_m8_board_candidate_67c18532_workspace_20260809/vivado_server_307_perf_v1_m8_nongemm_nodsp_2023_2/VIT_googlebase_rtl/ViT_googlebase/ViT_googlebase.gen/sources_1/bd/vit_system/ip/vit_system_smartconnect_ddr_0/bd_0/ip/ip_9/bd_819f_swn_0_clocks.xdc:107]
WARNING: [Vivado_Tcl 4-921] Waiver ID 'CDC-10' -to list should not be empty. [/home/s23520579/Vivado_project/vit_m8_board_candidate_67c18532_workspace_20260809/vivado_server_307_perf_v1_m8_nongemm_nodsp_2023_2/VIT_googlebase_rtl/ViT_googlebase/ViT_googlebase.gen/sources_1/bd/vit_system/ip/vit_system_smartconnect_ddr_0/bd_0/ip/ip_9/bd_819f_swn_0_clocks.xdc:110]
WARNING: [Vivado_Tcl 4-921] Waiver ID 'CDC-1' -to list should not be empty. [/home/s23520579/Vivado_project/vit_m8_board_candidate_67c18532_workspace_20260809/vivado_server_307_perf_v1_m8_nongemm_nodsp_2023_2/VIT_googlebase_rtl/ViT_googlebase/ViT_googlebase.gen/sources_1/bd/vit_system/ip/vit_system_smartconnect_ddr_0/bd_0/ip/ip_9/bd_819f_swn_0_clocks.xdc:113]
WARNING: [Vivado_Tcl 4-921] Waiver ID 'CDC-1' -to list should not be empty. [/home/s23520579/Vivado_project/vit_m8_board_candidate_67c18532_workspace_20260809/vivado_server_307_perf_v1_m8_nongemm_nodsp_2023_2/VIT_googlebase_rtl/ViT_googlebase/ViT_googlebase.gen/sources_1/bd/vit_system/ip/vit_system_smartconnect_ddr_0/bd_0/ip/ip_9/bd_819f_swn_0_clocks.xdc:116]
WARNING: [Vivado_Tcl 4-921] Waiver ID 'CDC-1' -to list should not be empty. [/home/s23520579/Vivado_project/vit_m8_board_candidate_67c18532_workspace_20260809/vivado_server_307_perf_v1_m8_nongemm_nodsp_2023_2/VIT_googlebase_rtl/ViT_googlebase/ViT_googlebase.gen/sources_1/bd/vit_system/ip/vit_system_smartconnect_ddr_0/bd_0/ip/ip_9/bd_819f_swn_0_clocks.xdc:119]
WARNING: [Vivado_Tcl 4-921] Waiver ID 'CDC-13' -to list should not be empty. [/home/s23520579/Vivado_project/vit_m8_board_candidate_67c18532_workspace_20260809/vivado_server_307_perf_v1_m8_nongemm_nodsp_2023_2/VIT_googlebase_rtl/ViT_googlebase/ViT_googlebase.gen/sources_1/bd/vit_system/ip/vit_system_smartconnect_ddr_0/bd_0/ip/ip_9/bd_819f_swn_0_clocks.xdc:122]
WARNING: [Vivado_Tcl 4-921] Waiver ID 'CDC-1' -to list should not be empty. [/home/s23520579/Vivado_project/vit_m8_board_candidate_67c18532_workspace_20260809/vivado_server_307_perf_v1_m8_nongemm_nodsp_2023_2/VIT_googlebase_rtl/ViT_googlebase/ViT_googlebase.gen/sources_1/bd/vit_system/ip/vit_system_smartconnect_ddr_0/bd_0/ip/ip_9/bd_819f_swn_0_clocks.xdc:125]
WARNING: [Vivado_Tcl 4-921] Waiver ID 'CDC-1' -to list should not be empty. [/home/s23520579/Vivado_project/vit_m8_board_candidate_67c18532_workspace_20260809/vivado_server_307_perf_v1_m8_nongemm_nodsp_2023_2/VIT_googlebase_rtl/ViT_googlebase/ViT_googlebase.gen/sources_1/bd/vit_system/ip/vit_system_smartconnect_ddr_0/bd_0/ip/ip_9/bd_819f_swn_0_clocks.xdc:128]
WARNING: [Vivado_Tcl 4-921] Waiver ID 'CDC-13' -to list should not be empty. [/home/s23520579/Vivado_project/vit_m8_board_candidate_67c18532_workspace_20260809/vivado_server_307_perf_v1_m8_nongemm_nodsp_2023_2/VIT_googlebase_rtl/ViT_googlebase/ViT_googlebase.gen/sources_1/bd/vit_system/ip/vit_system_smartconnect_ddr_0/bd_0/ip/ip_9/bd_819f_swn_0_clocks.xdc:131]
WARNING: [Vivado_Tcl 4-921] Waiver ID 'CDC-1' -to list should not be empty. [/home/s23520579/Vivado_project/vit_m8_board_candidate_67c18532_workspace_20260809/vivado_server_307_perf_v1_m8_nongemm_nodsp_2023_2/VIT_googlebase_rtl/ViT_googlebase/ViT_googlebase.gen/sources_1/bd/vit_system/ip/vit_system_smartconnect_ddr_0/bd_0/ip/ip_9/bd_819f_swn_0_clocks.xdc:134]
WARNING: [Vivado_Tcl 4-921] Waiver ID 'CDC-10' -to list should not be empty. [/home/s23520579/Vivado_project/vit_m8_board_candidate_67c18532_workspace_20260809/vivado_server_307_perf_v1_m8_nongemm_nodsp_2023_2/VIT_googlebase_rtl/ViT_googlebase/ViT_googlebase.gen/sources_1/bd/vit_system/ip/vit_system_smartconnect_ddr_0/bd_0/ip/ip_9/bd_819f_swn_0_clocks.xdc:137]
WARNING: [Vivado_Tcl 4-921] Waiver ID 'CDC-1' -to list should not be empty. [/home/s23520579/Vivado_project/vit_m8_board_candidate_67c18532_workspace_20260809/vivado_server_307_perf_v1_m8_nongemm_nodsp_2023_2/VIT_googlebase_rtl/ViT_googlebase/ViT_googlebase.gen/sources_1/bd/vit_system/ip/vit_system_smartconnect_ddr_0/bd_0/ip/ip_9/bd_819f_swn_0_clocks.xdc:140]
WARNING: [Vivado_Tcl 4-921] Waiver ID 'CDC-1' -to list should not be empty. [/home/s23520579/Vivado_project/vit_m8_board_candidate_67c18532_workspace_20260809/vivado_server_307_perf_v1_m8_nongemm_nodsp_2023_2/VIT_googlebase_rtl/ViT_googlebase/ViT_googlebase.gen/sources_1/bd/vit_system/ip/vit_system_smartconnect_ddr_0/bd_0/ip/ip_9/bd_819f_swn_0_clocks.xdc:143]
WARNING: [Vivado_Tcl 4-921] Waiver ID 'CDC-1' -to list should not be empty. [/home/s23520579/Vivado_project/vit_m8_board_candidate_67c18532_workspace_20260809/vivado_server_307_perf_v1_m8_nongemm_nodsp_2023_2/VIT_googlebase_rtl/ViT_googlebase/ViT_googlebase.gen/sources_1/bd/vit_system/ip/vit_system_smartconnect_ddr_0/bd_0/ip/ip_9/bd_819f_swn_0_clocks.xdc:146]
WARNING: [Vivado_Tcl 4-921] Waiver ID 'CDC-2' -to list should not be empty. [/home/s23520579/Vivado_project/vit_m8_board_candidate_67c18532_workspace_20260809/vivado_server_307_perf_v1_m8_nongemm_nodsp_2023_2/VIT_googlebase_rtl/ViT_googlebase/ViT_googlebase.gen/sources_1/bd/vit_system/ip/vit_system_smartconnect_ddr_0/bd_0/ip/ip_9/bd_819f_swn_0_clocks.xdc:149]
WARNING: [Vivado_Tcl 4-921] Waiver ID 'CDC-1' -to list should not be empty. [/home/s23520579/Vivado_project/vit_m8_board_candidate_67c18532_workspace_20260809/vivado_server_307_perf_v1_m8_nongemm_nodsp_2023_2/VIT_googlebase_rtl/ViT_googlebase/ViT_googlebase.gen/sources_1/bd/vit_system/ip/vit_system_smartconnect_ddr_0/bd_0/ip/ip_9/bd_819f_swn_0_clocks.xdc:152]
WARNING: [Vivado_Tcl 4-921] Waiver ID 'CDC-1' -to list should not be empty. [/home/s23520579/Vivado_project/vit_m8_board_candidate_67c18532_workspace_20260809/vivado_server_307_perf_v1_m8_nongemm_nodsp_2023_2/VIT_googlebase_rtl/ViT_googlebase/ViT_googlebase.gen/sources_1/bd/vit_system/ip/vit_system_smartconnect_ddr_0/bd_0/ip/ip_9/bd_819f_swn_0_clocks.xdc:155]
WARNING: [Vivado_Tcl 4-921] Waiver ID 'CDC-1' -to list should not be empty. [/home/s23520579/Vivado_project/vit_m8_board_candidate_67c18532_workspace_20260809/vivado_server_307_perf_v1_m8_nongemm_nodsp_2023_2/VIT_googlebase_rtl/ViT_googlebase/ViT_googlebase.gen/sources_1/bd/vit_system/ip/vit_system_smartconnect_ddr_0/bd_0/ip/ip_9/bd_819f_swn_0_clocks.xdc:158]
WARNING: [Vivado_Tcl 4-921] Waiver ID 'CDC-10' -to list should not be empty. [/home/s23520579/Vivado_project/vit_m8_board_candidate_67c18532_workspace_20260809/vivado_server_307_perf_v1_m8_nongemm_nodsp_2023_2/VIT_googlebase_rtl/ViT_googlebase/ViT_googlebase.gen/sources_1/bd/vit_system/ip/vit_system_smartconnect_ddr_0/bd_0/ip/ip_9/bd_819f_swn_0_clocks.xdc:161]
WARNING: [Vivado_Tcl 4-921] Waiver ID 'CDC-4' -to list should not be empty. [/home/s23520579/Vivado_project/vit_m8_board_candidate_67c18532_workspace_20260809/vivado_server_307_perf_v1_m8_nongemm_nodsp_2023_2/VIT_googlebase_rtl/ViT_googlebase/ViT_googlebase.gen/sources_1/bd/vit_system/ip/vit_system_smartconnect_ddr_0/bd_0/ip/ip_9/bd_819f_swn_0_clocks.xdc:164]
WARNING: [Vivado_Tcl 4-921] Waiver ID 'CDC-4' -to list should not be empty. [/home/s23520579/Vivado_project/vit_m8_board_candidate_67c18532_workspace_20260809/vivado_server_307_perf_v1_m8_nongemm_nodsp_2023_2/VIT_googlebase_rtl/ViT_googlebase/ViT_googlebase.gen/sources_1/bd/vit_system/ip/vit_system_smartconnect_ddr_0/bd_0/ip/ip_9/bd_819f_swn_0_clocks.xdc:167]
WARNING: [Vivado_Tcl 4-921] Waiver ID 'CDC-4' -to list should not be empty. [/home/s23520579/Vivado_project/vit_m8_board_candidate_67c18532_workspace_20260809/vivado_server_307_perf_v1_m8_nongemm_nodsp_2023_2/VIT_googlebase_rtl/ViT_googlebase/ViT_googlebase.gen/sources_1/bd/vit_system/ip/vit_system_smartconnect_ddr_0/bd_0/ip/ip_9/bd_819f_swn_0_clocks.xdc:171]
INFO: [Common 17-14] Message 'Vivado 12-180' appears 100 times and further instances of the messages will be disabled. Use the Tcl command set_msg_config to change the current settings. [/home/s23520579/Vivado_project/vit_m8_board_candidate_67c18532_workspace_20260809/vivado_server_307_perf_v1_m8_nongemm_nodsp_2023_2/VIT_googlebase_rtl/ViT_googlebase/ViT_googlebase.gen/sources_1/bd/vit_system/ip/vit_system_smartconnect_ddr_0/bd_0/ip/ip_9/bd_819f_swn_0_clocks.xdc:174]
WARNING: [Vivado_Tcl 4-921] Waiver ID 'CDC-4' -to list should not be empty. [/home/s23520579/Vivado_project/vit_m8_board_candidate_67c18532_workspace_20260809/vivado_server_307_perf_v1_m8_nongemm_nodsp_2023_2/VIT_googlebase_rtl/ViT_googlebase/ViT_googlebase.gen/sources_1/bd/vit_system/ip/vit_system_smartconnect_ddr_0/bd_0/ip/ip_9/bd_819f_swn_0_clocks.xdc:174]
WARNING: [Vivado_Tcl 4-921] Waiver ID 'CDC-1' -to list should not be empty. [/home/s23520579/Vivado_project/vit_m8_board_candidate_67c18532_workspace_20260809/vivado_server_307_perf_v1_m8_nongemm_nodsp_2023_2/VIT_googlebase_rtl/ViT_googlebase/ViT_googlebase.gen/sources_1/bd/vit_system/ip/vit_system_smartconnect_ddr_0/bd_0/ip/ip_9/bd_819f_swn_0_clocks.xdc:178]
Finished Parsing XDC File [/home/s23520579/Vivado_project/vit_m8_board_candidate_67c18532_workspace_20260809/vivado_server_307_perf_v1_m8_nongemm_nodsp_2023_2/VIT_googlebase_rtl/ViT_googlebase/ViT_googlebase.gen/sources_1/bd/vit_system/ip/vit_system_smartconnect_ddr_0/bd_0/ip/ip_9/bd_819f_swn_0_clocks.xdc] for cell 'vit_system_i/smartconnect_ddr/inst/s00_nodes/s00_w_node/inst'
Parsing XDC File [/home/s23520579/Vivado_project/vit_m8_board_candidate_67c18532_workspace_20260809/vivado_server_307_perf_v1_m8_nongemm_nodsp_2023_2/VIT_googlebase_rtl/ViT_googlebase/ViT_googlebase.gen/sources_1/bd/vit_system/ip/vit_system_smartconnect_ddr_0/bd_0/ip/ip_8/bd_819f_sawn_0_clocks.xdc] for cell 'vit_system_i/smartconnect_ddr/inst/s00_nodes/s00_aw_node/inst'
WARNING: [Vivado_Tcl 4-921] Waiver ID 'CDC-1' -to list should not be empty. [/home/s23520579/Vivado_project/vit_m8_board_candidate_67c18532_workspace_20260809/vivado_server_307_perf_v1_m8_nongemm_nodsp_2023_2/VIT_googlebase_rtl/ViT_googlebase/ViT_googlebase.gen/sources_1/bd/vit_system/ip/vit_system_smartconnect_ddr_0/bd_0/ip/ip_8/bd_819f_sawn_0_clocks.xdc:49]
WARNING: [Vivado_Tcl 4-921] Waiver ID 'CDC-1' -to list should not be empty. [/home/s23520579/Vivado_project/vit_m8_board_candidate_67c18532_workspace_20260809/vivado_server_307_perf_v1_m8_nongemm_nodsp_2023_2/VIT_googlebase_rtl/ViT_googlebase/ViT_googlebase.gen/sources_1/bd/vit_system/ip/vit_system_smartconnect_ddr_0/bd_0/ip/ip_8/bd_819f_sawn_0_clocks.xdc:52]
WARNING: [Vivado_Tcl 4-921] Waiver ID 'CDC-1' -to list should not be empty. [/home/s23520579/Vivado_project/vit_m8_board_candidate_67c18532_workspace_20260809/vivado_server_307_perf_v1_m8_nongemm_nodsp_2023_2/VIT_googlebase_rtl/ViT_googlebase/ViT_googlebase.gen/sources_1/bd/vit_system/ip/vit_system_smartconnect_ddr_0/bd_0/ip/ip_8/bd_819f_sawn_0_clocks.xdc:55]
WARNING: [Vivado_Tcl 4-921] Waiver ID 'CDC-1' -to list should not be empty. [/home/s23520579/Vivado_project/vit_m8_board_candidate_67c18532_workspace_20260809/vivado_server_307_perf_v1_m8_nongemm_nodsp_2023_2/VIT_googlebase_rtl/ViT_googlebase/ViT_googlebase.gen/sources_1/bd/vit_system/ip/vit_system_smartconnect_ddr_0/bd_0/ip/ip_8/bd_819f_sawn_0_clocks.xdc:59]
WARNING: [Vivado_Tcl 4-921] Waiver ID 'CDC-1' -to list should not be empty. [/home/s23520579/Vivado_project/vit_m8_board_candidate_67c18532_workspace_20260809/vivado_server_307_perf_v1_m8_nongemm_nodsp_2023_2/VIT_googlebase_rtl/ViT_googlebase/ViT_googlebase.gen/sources_1/bd/vit_system/ip/vit_system_smartconnect_ddr_0/bd_0/ip/ip_8/bd_819f_sawn_0_clocks.xdc:63]
WARNING: [Vivado_Tcl 4-921] Waiver ID 'CDC-1' -to list should not be empty. [/home/s23520579/Vivado_project/vit_m8_board_candidate_67c18532_workspace_20260809/vivado_server_307_perf_v1_m8_nongemm_nodsp_2023_2/VIT_googlebase_rtl/ViT_googlebase/ViT_googlebase.gen/sources_1/bd/vit_system/ip/vit_system_smartconnect_ddr_0/bd_0/ip/ip_8/bd_819f_sawn_0_clocks.xdc:66]
WARNING: [Vivado_Tcl 4-921] Waiver ID 'CDC-1' -to list should not be empty. [/home/s23520579/Vivado_project/vit_m8_board_candidate_67c18532_workspace_20260809/vivado_server_307_perf_v1_m8_nongemm_nodsp_2023_2/VIT_googlebase_rtl/ViT_googlebase/ViT_googlebase.gen/sources_1/bd/vit_system/ip/vit_system_smartconnect_ddr_0/bd_0/ip/ip_8/bd_819f_sawn_0_clocks.xdc:70]
INFO: [Common 17-14] Message 'Vivado_Tcl 4-921' appears 100 times and further instances of the messages will be disabled. Use the Tcl command set_msg_config to change the current settings. [/home/s23520579/Vivado_project/vit_m8_board_candidate_67c18532_workspace_20260809/vivado_server_307_perf_v1_m8_nongemm_nodsp_2023_2/VIT_googlebase_rtl/ViT_googlebase/ViT_googlebase.gen/sources_1/bd/vit_system/ip/vit_system_smartconnect_ddr_0/bd_0/ip/ip_8/bd_819f_sawn_0_clocks.xdc:70]
Finished Parsing XDC File [/home/s23520579/Vivado_project/vit_m8_board_candidate_67c18532_workspace_20260809/vivado_server_307_perf_v1_m8_nongemm_nodsp_2023_2/VIT_googlebase_rtl/ViT_googlebase/ViT_googlebase.gen/sources_1/bd/vit_system/ip/vit_system_smartconnect_ddr_0/bd_0/ip/ip_8/bd_819f_sawn_0_clocks.xdc] for cell 'vit_system_i/smartconnect_ddr/inst/s00_nodes/s00_aw_node/inst'
Parsing XDC File [/home/s23520579/Vivado_project/vit_m8_board_candidate_67c18532_workspace_20260809/vivado_server_307_perf_v1_m8_nongemm_nodsp_2023_2/VIT_googlebase_rtl/ViT_googlebase/ViT_googlebase.gen/sources_1/bd/vit_system/ip/vit_system_smartconnect_ddr_0/bd_0/ip/ip_7/bd_819f_srn_0_clocks.xdc] for cell 'vit_system_i/smartconnect_ddr/inst/s00_nodes/s00_r_node/inst'
Finished Parsing XDC File [/home/s23520579/Vivado_project/vit_m8_board_candidate_67c18532_workspace_20260809/vivado_server_307_perf_v1_m8_nongemm_nodsp_2023_2/VIT_googlebase_rtl/ViT_googlebase/ViT_googlebase.gen/sources_1/bd/vit_system/ip/vit_system_smartconnect_ddr_0/bd_0/ip/ip_7/bd_819f_srn_0_clocks.xdc] for cell 'vit_system_i/smartconnect_ddr/inst/s00_nodes/s00_r_node/inst'
Parsing XDC File [/home/s23520579/Vivado_project/vit_m8_board_candidate_67c18532_workspace_20260809/vivado_server_307_perf_v1_m8_nongemm_nodsp_2023_2/VIT_googlebase_rtl/ViT_googlebase/ViT_googlebase.gen/sources_1/bd/vit_system/ip/vit_system_smartconnect_ddr_0/bd_0/ip/ip_6/bd_819f_sarn_0_clocks.xdc] for cell 'vit_system_i/smartconnect_ddr/inst/s00_nodes/s00_ar_node/inst'
Finished Parsing XDC File [/home/s23520579/Vivado_project/vit_m8_board_candidate_67c18532_workspace_20260809/vivado_server_307_perf_v1_m8_nongemm_nodsp_2023_2/VIT_googlebase_rtl/ViT_googlebase/ViT_googlebase.gen/sources_1/bd/vit_system/ip/vit_system_smartconnect_ddr_0/bd_0/ip/ip_6/bd_819f_sarn_0_clocks.xdc] for cell 'vit_system_i/smartconnect_ddr/inst/s00_nodes/s00_ar_node/inst'
Parsing XDC File [/home/s23520579/Vivado_project/vit_m8_board_candidate_67c18532_workspace_20260809/vivado_server_307_perf_v1_m8_nongemm_nodsp_2023_2/VIT_googlebase_rtl/ViT_googlebase/ViT_googlebase.gen/sources_1/bd/vit_system/ip/vit_system_smartconnect_ddr_0/bd_0/ip/ip_1/bd_819f_psr_aclk_0.xdc] for cell 'vit_system_i/smartconnect_ddr/inst/clk_map/psr_aclk/U0'
Finished Parsing XDC File [/home/s23520579/Vivado_project/vit_m8_board_candidate_67c18532_workspace_20260809/vivado_server_307_perf_v1_m8_nongemm_nodsp_2023_2/VIT_googlebase_rtl/ViT_googlebase/ViT_googlebase.gen/sources_1/bd/vit_system/ip/vit_system_smartconnect_ddr_0/bd_0/ip/ip_1/bd_819f_psr_aclk_0.xdc] for cell 'vit_system_i/smartconnect_ddr/inst/clk_map/psr_aclk/U0'
Parsing XDC File [/home/s23520579/Vivado_project/vit_m8_board_candidate_67c18532_workspace_20260809/vivado_server_307_perf_v1_m8_nongemm_nodsp_2023_2/VIT_googlebase_rtl/ViT_googlebase/ViT_googlebase.gen/sources_1/bd/vit_system/ip/vit_system_zynq_ultra_ps_e_0_0/vit_system_zynq_ultra_ps_e_0_0.xdc] for cell 'vit_system_i/zynq_ultra_ps_e_0/inst'
Finished Parsing XDC File [/home/s23520579/Vivado_project/vit_m8_board_candidate_67c18532_workspace_20260809/vivado_server_307_perf_v1_m8_nongemm_nodsp_2023_2/VIT_googlebase_rtl/ViT_googlebase/ViT_googlebase.gen/sources_1/bd/vit_system/ip/vit_system_zynq_ultra_ps_e_0_0/vit_system_zynq_ultra_ps_e_0_0.xdc] for cell 'vit_system_i/zynq_ultra_ps_e_0/inst'
Parsing XDC File [/home/s23520579/Vivado_project/vit_m8_board_candidate_67c18532_workspace_20260809/vivado_server_307_perf_v1_m8_nongemm_nodsp_2023_2/VIT_googlebase_rtl/ViT_googlebase/ViT_googlebase.gen/sources_1/bd/vit_system/ip/vit_system_smartconnect_control_0/smartconnect.xdc] for cell 'vit_system_i/smartconnect_control/inst'
WARNING: [Vivado_Tcl 4-919] Waiver ID 'CDC-1' -from list should not be empty. [/home/s23520579/Vivado_project/vit_m8_board_candidate_67c18532_workspace_20260809/vivado_server_307_perf_v1_m8_nongemm_nodsp_2023_2/VIT_googlebase_rtl/ViT_googlebase/ViT_googlebase.gen/sources_1/bd/vit_system/ip/vit_system_smartconnect_control_0/smartconnect.xdc:1]
WARNING: [Vivado_Tcl 4-919] Waiver ID 'CDC-1' -from list should not be empty. [/home/s23520579/Vivado_project/vit_m8_board_candidate_67c18532_workspace_20260809/vivado_server_307_perf_v1_m8_nongemm_nodsp_2023_2/VIT_googlebase_rtl/ViT_googlebase/ViT_googlebase.gen/sources_1/bd/vit_system/ip/vit_system_smartconnect_control_0/smartconnect.xdc:2]
WARNING: [Vivado_Tcl 4-919] Waiver ID 'CDC-1' -from list should not be empty. [/home/s23520579/Vivado_project/vit_m8_board_candidate_67c18532_workspace_20260809/vivado_server_307_perf_v1_m8_nongemm_nodsp_2023_2/VIT_googlebase_rtl/ViT_googlebase/ViT_googlebase.gen/sources_1/bd/vit_system/ip/vit_system_smartconnect_control_0/smartconnect.xdc:6]
Finished Parsing XDC File [/home/s23520579/Vivado_project/vit_m8_board_candidate_67c18532_workspace_20260809/vivado_server_307_perf_v1_m8_nongemm_nodsp_2023_2/VIT_googlebase_rtl/ViT_googlebase/ViT_googlebase.gen/sources_1/bd/vit_system/ip/vit_system_smartconnect_control_0/smartconnect.xdc] for cell 'vit_system_i/smartconnect_control/inst'
Parsing XDC File [/home/s23520579/Vivado_project/vit_m8_board_candidate_67c18532_workspace_20260809/vivado_server_307_perf_v1_m8_nongemm_nodsp_2023_2/VIT_googlebase_rtl/ViT_googlebase/ViT_googlebase.gen/sources_1/bd/vit_system/ip/vit_system_smartconnect_control_0/bd_0/ip/ip_10/bd_875e_sbn_0_clocks.xdc] for cell 'vit_system_i/smartconnect_control/inst/s00_nodes/s00_b_node/inst'
Finished Parsing XDC File [/home/s23520579/Vivado_project/vit_m8_board_candidate_67c18532_workspace_20260809/vivado_server_307_perf_v1_m8_nongemm_nodsp_2023_2/VIT_googlebase_rtl/ViT_googlebase/ViT_googlebase.gen/sources_1/bd/vit_system/ip/vit_system_smartconnect_control_0/bd_0/ip/ip_10/bd_875e_sbn_0_clocks.xdc] for cell 'vit_system_i/smartconnect_control/inst/s00_nodes/s00_b_node/inst'
Parsing XDC File [/home/s23520579/Vivado_project/vit_m8_board_candidate_67c18532_workspace_20260809/vivado_server_307_perf_v1_m8_nongemm_nodsp_2023_2/VIT_googlebase_rtl/ViT_googlebase/ViT_googlebase.gen/sources_1/bd/vit_system/ip/vit_system_smartconnect_control_0/bd_0/ip/ip_9/bd_875e_swn_0_clocks.xdc] for cell 'vit_system_i/smartconnect_control/inst/s00_nodes/s00_w_node/inst'
Finished Parsing XDC File [/home/s23520579/Vivado_project/vit_m8_board_candidate_67c18532_workspace_20260809/vivado_server_307_perf_v1_m8_nongemm_nodsp_2023_2/VIT_googlebase_rtl/ViT_googlebase/ViT_googlebase.gen/sources_1/bd/vit_system/ip/vit_system_smartconnect_control_0/bd_0/ip/ip_9/bd_875e_swn_0_clocks.xdc] for cell 'vit_system_i/smartconnect_control/inst/s00_nodes/s00_w_node/inst'
Parsing XDC File [/home/s23520579/Vivado_project/vit_m8_board_candidate_67c18532_workspace_20260809/vivado_server_307_perf_v1_m8_nongemm_nodsp_2023_2/VIT_googlebase_rtl/ViT_googlebase/ViT_googlebase.gen/sources_1/bd/vit_system/ip/vit_system_smartconnect_control_0/bd_0/ip/ip_8/bd_875e_sawn_0_clocks.xdc] for cell 'vit_system_i/smartconnect_control/inst/s00_nodes/s00_aw_node/inst'
Finished Parsing XDC File [/home/s23520579/Vivado_project/vit_m8_board_candidate_67c18532_workspace_20260809/vivado_server_307_perf_v1_m8_nongemm_nodsp_2023_2/VIT_googlebase_rtl/ViT_googlebase/ViT_googlebase.gen/sources_1/bd/vit_system/ip/vit_system_smartconnect_control_0/bd_0/ip/ip_8/bd_875e_sawn_0_clocks.xdc] for cell 'vit_system_i/smartconnect_control/inst/s00_nodes/s00_aw_node/inst'
Parsing XDC File [/home/s23520579/Vivado_project/vit_m8_board_candidate_67c18532_workspace_20260809/vivado_server_307_perf_v1_m8_nongemm_nodsp_2023_2/VIT_googlebase_rtl/ViT_googlebase/ViT_googlebase.gen/sources_1/bd/vit_system/ip/vit_system_smartconnect_control_0/bd_0/ip/ip_7/bd_875e_srn_0_clocks.xdc] for cell 'vit_system_i/smartconnect_control/inst/s00_nodes/s00_r_node/inst'
Finished Parsing XDC File [/home/s23520579/Vivado_project/vit_m8_board_candidate_67c18532_workspace_20260809/vivado_server_307_perf_v1_m8_nongemm_nodsp_2023_2/VIT_googlebase_rtl/ViT_googlebase/ViT_googlebase.gen/sources_1/bd/vit_system/ip/vit_system_smartconnect_control_0/bd_0/ip/ip_7/bd_875e_srn_0_clocks.xdc] for cell 'vit_system_i/smartconnect_control/inst/s00_nodes/s00_r_node/inst'
Parsing XDC File [/home/s23520579/Vivado_project/vit_m8_board_candidate_67c18532_workspace_20260809/vivado_server_307_perf_v1_m8_nongemm_nodsp_2023_2/VIT_googlebase_rtl/ViT_googlebase/ViT_googlebase.gen/sources_1/bd/vit_system/ip/vit_system_smartconnect_control_0/bd_0/ip/ip_6/bd_875e_sarn_0_clocks.xdc] for cell 'vit_system_i/smartconnect_control/inst/s00_nodes/s00_ar_node/inst'
Finished Parsing XDC File [/home/s23520579/Vivado_project/vit_m8_board_candidate_67c18532_workspace_20260809/vivado_server_307_perf_v1_m8_nongemm_nodsp_2023_2/VIT_googlebase_rtl/ViT_googlebase/ViT_googlebase.gen/sources_1/bd/vit_system/ip/vit_system_smartconnect_control_0/bd_0/ip/ip_6/bd_875e_sarn_0_clocks.xdc] for cell 'vit_system_i/smartconnect_control/inst/s00_nodes/s00_ar_node/inst'
Parsing XDC File [/home/s23520579/Vivado_project/vit_m8_board_candidate_67c18532_workspace_20260809/vivado_server_307_perf_v1_m8_nongemm_nodsp_2023_2/VIT_googlebase_rtl/ViT_googlebase/ViT_googlebase.gen/sources_1/bd/vit_system/ip/vit_system_smartconnect_control_0/bd_0/ip/ip_1/bd_875e_psr_aclk_0.xdc] for cell 'vit_system_i/smartconnect_control/inst/clk_map/psr_aclk/U0'
Finished Parsing XDC File [/home/s23520579/Vivado_project/vit_m8_board_candidate_67c18532_workspace_20260809/vivado_server_307_perf_v1_m8_nongemm_nodsp_2023_2/VIT_googlebase_rtl/ViT_googlebase/ViT_googlebase.gen/sources_1/bd/vit_system/ip/vit_system_smartconnect_control_0/bd_0/ip/ip_1/bd_875e_psr_aclk_0.xdc] for cell 'vit_system_i/smartconnect_control/inst/clk_map/psr_aclk/U0'
Parsing XDC File [/home/s23520579/Vivado_project/vit_m8_board_candidate_67c18532_workspace_20260809/vivado_server_307_perf_v1_m8_nongemm_nodsp_2023_2/VIT_googlebase_rtl/ViT_googlebase/ViT_googlebase.gen/sources_1/bd/vit_system/ip/vit_system_smartconnect_control_0/bd_0/ip/ip_1/bd_875e_psr_aclk_0_board.xdc] for cell 'vit_system_i/smartconnect_control/inst/clk_map/psr_aclk/U0'
Finished Parsing XDC File [/home/s23520579/Vivado_project/vit_m8_board_candidate_67c18532_workspace_20260809/vivado_server_307_perf_v1_m8_nongemm_nodsp_2023_2/VIT_googlebase_rtl/ViT_googlebase/ViT_googlebase.gen/sources_1/bd/vit_system/ip/vit_system_smartconnect_control_0/bd_0/ip/ip_1/bd_875e_psr_aclk_0_board.xdc] for cell 'vit_system_i/smartconnect_control/inst/clk_map/psr_aclk/U0'
Parsing XDC File [/home/s23520579/Vivado_project/vit_m8_board_candidate_67c18532_workspace_20260809/vivado_server_307_perf_v1_m8_nongemm_nodsp_2023_2/scripts/vivado/no_dsp.xdc]
Finished Parsing XDC File [/home/s23520579/Vivado_project/vit_m8_board_candidate_67c18532_workspace_20260809/vivado_server_307_perf_v1_m8_nongemm_nodsp_2023_2/scripts/vivado/no_dsp.xdc]
INFO: [Project 1-1714] 33 XPM XDC files have been applied to the design.
INFO: [Opt 31-138] Pushed 0 inverter(s) to 0 load pin(s).
INFO: [Project 1-1687] 436 scoped IP constraints or related sub-commands were skipped due to synthesis logic optimizations usually triggered by constant connectivity or unconnected output pins. To review the skipped constraints and messages, run the command 'set_param netlist.IPMsgFiltering false' before opening the design.
Netlist sorting complete. Time (s): cpu = 00:00:00.02 ; elapsed = 00:00:00.02 . Memory (MB): peak = 3310.012 ; gain = 0.000 ; free physical = 227033 ; free virtual = 244310
INFO: [Project 1-111] Unisim Transformation Summary:
  A total of 138 instances were transformed.
  RAM32M => RAM32M (RAMD32(x6), RAMS32(x2)): 1 instance 
  RAM32M16 => RAM32M16 (RAMD32(x14), RAMS32(x2)): 85 instances
  RAM64M8 => RAM64M8 (RAMD64E(x8)): 52 instances

19 Infos, 104 Warnings, 0 Critical Warnings and 0 Errors encountered.
link_design completed successfully
link_design: Time (s): cpu = 00:01:09 ; elapsed = 00:01:04 . Memory (MB): peak = 3310.012 ; gain = 1929.523 ; free physical = 227033 ; free virtual = 244310
Command: opt_design
Attempting to get a license for feature 'Implementation' and/or device 'xczu5ev'
INFO: [Common 17-349] Got license for feature 'Implementation' and/or device 'xczu5ev'
Running DRC as a precondition to command opt_design

Starting DRC Task
INFO: [DRC 23-27] Running DRC with 4 threads
INFO: [Project 1-461] DRC finished with 0 Errors
INFO: [Project 1-462] Please refer to the DRC report (report_drc) for more information.

Time (s): cpu = 00:00:03 ; elapsed = 00:00:01 . Memory (MB): peak = 3310.012 ; gain = 0.000 ; free physical = 227027 ; free virtual = 244304

Starting Cache Timing Information Task
INFO: [Timing 38-35] Done setting XDC timing constraints.
Ending Cache Timing Information Task | Checksum: 1a2e759b9

Time (s): cpu = 00:00:09 ; elapsed = 00:00:04 . Memory (MB): peak = 3310.012 ; gain = 0.000 ; free physical = 227010 ; free virtual = 244287

Starting Logic Optimization Task

Phase 1 Initialization

Phase 1.1 Core Generation And Design Setup
Phase 1.1 Core Generation And Design Setup | Checksum: 1a2e759b9

Time (s): cpu = 00:00:00.02 ; elapsed = 00:00:00.03 . Memory (MB): peak = 3497.781 ; gain = 0.000 ; free physical = 226749 ; free virtual = 244026

Phase 1.2 Setup Constraints And Sort Netlist
Phase 1.2 Setup Constraints And Sort Netlist | Checksum: 1a2e759b9

Time (s): cpu = 00:00:00.08 ; elapsed = 00:00:00.09 . Memory (MB): peak = 3497.781 ; gain = 0.000 ; free physical = 226749 ; free virtual = 244026
Phase 1 Initialization | Checksum: 1a2e759b9

Time (s): cpu = 00:00:00.09 ; elapsed = 00:00:00.1 . Memory (MB): peak = 3497.781 ; gain = 0.000 ; free physical = 226749 ; free virtual = 244026

Phase 2 Timer Update And Timing Data Collection

Phase 2.1 Timer Update
Phase 2.1 Timer Update | Checksum: 1a2e759b9

Time (s): cpu = 00:00:07 ; elapsed = 00:00:03 . Memory (MB): peak = 3497.781 ; gain = 0.000 ; free physical = 226740 ; free virtual = 244017

Phase 2.2 Timing Data Collection
Phase 2.2 Timing Data Collection | Checksum: 1a2e759b9

Time (s): cpu = 00:00:08 ; elapsed = 00:00:03 . Memory (MB): peak = 3497.781 ; gain = 0.000 ; free physical = 226740 ; free virtual = 244017
Phase 2 Timer Update And Timing Data Collection | Checksum: 1a2e759b9

Time (s): cpu = 00:00:08 ; elapsed = 00:00:03 . Memory (MB): peak = 3497.781 ; gain = 0.000 ; free physical = 226740 ; free virtual = 244017

Phase 3 Retarget
INFO: [Opt 31-1566] Pulled 30 inverters resulting in an inversion of 195 pins
INFO: [Opt 31-138] Pushed 58 inverter(s) to 1763 load pin(s).
INFO: [Opt 31-49] Retargeted 0 cell(s).
Phase 3 Retarget | Checksum: 95bd190a

Time (s): cpu = 00:00:13 ; elapsed = 00:00:08 . Memory (MB): peak = 3497.781 ; gain = 0.000 ; free physical = 226735 ; free virtual = 244012
Retarget | Checksum: 95bd190a
INFO: [Opt 31-389] Phase Retarget created 2395 cells and removed 3841 cells
INFO: [Opt 31-1021] In phase Retarget, 41 netlist objects are constrained preventing optimization. Please run opt_design with -debug_log to get more detail. 

Phase 4 Constant propagation
INFO: [Opt 31-138] Pushed 12 inverter(s) to 36 load pin(s).
Phase 4 Constant propagation | Checksum: cdd02a94

Time (s): cpu = 00:00:15 ; elapsed = 00:00:10 . Memory (MB): peak = 3497.781 ; gain = 0.000 ; free physical = 226735 ; free virtual = 244011
Constant propagation | Checksum: cdd02a94
INFO: [Opt 31-389] Phase Constant propagation created 1075 cells and removed 2579 cells
INFO: [Opt 31-1021] In phase Constant propagation, 41 netlist objects are constrained preventing optimization. Please run opt_design with -debug_log to get more detail. 

Phase 5 Sweep
Phase 5 Sweep | Checksum: f2e7b6de

Time (s): cpu = 00:00:18 ; elapsed = 00:00:13 . Memory (MB): peak = 3497.781 ; gain = 0.000 ; free physical = 226731 ; free virtual = 244008
Sweep | Checksum: f2e7b6de
INFO: [Opt 31-389] Phase Sweep created 0 cells and removed 168 cells
INFO: [Opt 31-1021] In phase Sweep, 51 netlist objects are constrained preventing optimization. Please run opt_design with -debug_log to get more detail. 

Phase 6 BUFG optimization
INFO: [Opt 31-1077] Phase BUFG optimization inserted 0 global clock buffer(s) for CLOCK_LOW_FANOUT.
INFO: [Opt 31-129] Inserted BUFG to drive high-fanout reset|set|enable net. BUFG cell: vit_system_i/vit_phase_e_axi_0/inst/u_core/u_npu/u_engine/u_command_controller/engine_rst_BUFG_inst, Net: vit_system_i/vit_phase_e_axi_0/inst/u_core/u_npu/u_engine/u_command_controller/engine_rst
Phase 6 BUFG optimization | Checksum: 46dd9548

Time (s): cpu = 00:00:21 ; elapsed = 00:00:15 . Memory (MB): peak = 3497.781 ; gain = 0.000 ; free physical = 226727 ; free virtual = 244004
BUFG optimization | Checksum: 46dd9548
INFO: [Opt 31-662] Phase BUFG optimization created 2 cells of which 1 are BUFGs and removed 0 cells.

Phase 7 Shift Register Optimization
WARNING: [Opt 31-1131] Can not pull register out from vit_system_i/smartconnect_ddr/inst/m00_exit_pipeline/m00_exit/inst/exit_inst/gen_r_cmd_fifo.r_cmd_fifo/gen_srls[14].srl_nx1/shift_reg_reg[0]_srl16 due to none static srl address bits
WARNING: [Opt 31-1131] Can not pull register out from vit_system_i/smartconnect_ddr/inst/m00_exit_pipeline/m00_exit/inst/exit_inst/gen_r_cmd_fifo.r_cmd_fifo/gen_srls[15].srl_nx1/shift_reg_reg[0]_srl16 due to none static srl address bits
WARNING: [Opt 31-1131] Can not pull register out from vit_system_i/smartconnect_ddr/inst/m00_exit_pipeline/m00_exit/inst/exit_inst/gen_r_cmd_fifo.r_cmd_fifo/gen_srls[16].srl_nx1/shift_reg_reg[0]_srl16 due to none static srl address bits
WARNING: [Opt 31-1131] Can not pull register out from vit_system_i/smartconnect_ddr/inst/m00_exit_pipeline/m00_exit/inst/exit_inst/gen_r_cmd_fifo.r_cmd_fifo/gen_srls[1].srl_nx1/shift_reg_reg[0]_srl16 due to none static srl address bits
WARNING: [Opt 31-1131] Can not pull register out from vit_system_i/smartconnect_ddr/inst/m00_exit_pipeline/m00_exit/inst/exit_inst/gen_r_cmd_fifo.r_cmd_fifo/gen_srls[8].srl_nx1/shift_reg_reg[0]_srl16 due to none static srl address bits
WARNING: [Opt 31-1131] Can not pull register out from vit_system_i/smartconnect_ddr/inst/m00_exit_pipeline/m00_exit/inst/exit_inst/gen_w_cmd_fifo.w_cmd_fifo/gen_srls[1].srl_nx1/shift_reg_reg[0]_srl16 due to none static srl address bits
WARNING: [Opt 31-1131] Can not pull register out from vit_system_i/smartconnect_ddr/inst/m00_exit_pipeline/m00_exit/inst/exit_inst/gen_w_cmd_fifo.w_cmd_fifo/gen_srls[2].srl_nx1/shift_reg_reg[0]_srl16 due to none static srl address bits
WARNING: [Opt 31-1131] Can not pull register out from vit_system_i/smartconnect_ddr/inst/s00_entry_pipeline/s00_si_converter/inst/converter.wrap_narrow_inst/gen_thread_loop[0].r_cmd_fifo/gen_srls[0].srl_nx1/shift_reg_reg[0]_srl16 due to none static srl address bits
WARNING: [Opt 31-1131] Can not pull register out from vit_system_i/smartconnect_ddr/inst/s00_entry_pipeline/s00_si_converter/inst/converter.wrap_narrow_inst/gen_thread_loop[0].r_cmd_fifo/gen_srls[10].srl_nx1/shift_reg_reg[0]_srl16 due to none static srl address bits
WARNING: [Opt 31-1131] Can not pull register out from vit_system_i/smartconnect_ddr/inst/s00_entry_pipeline/s00_si_converter/inst/converter.wrap_narrow_inst/gen_thread_loop[0].r_cmd_fifo/gen_srls[11].srl_nx1/shift_reg_reg[0]_srl16 due to none static srl address bits
WARNING: [Opt 31-1131] Can not pull register out from vit_system_i/smartconnect_ddr/inst/s00_entry_pipeline/s00_si_converter/inst/converter.wrap_narrow_inst/gen_thread_loop[0].r_cmd_fifo/gen_srls[12].srl_nx1/shift_reg_reg[0]_srl16 due to none static srl address bits
WARNING: [Opt 31-1131] Can not pull register out from vit_system_i/smartconnect_ddr/inst/s00_entry_pipeline/s00_si_converter/inst/converter.wrap_narrow_inst/gen_thread_loop[0].r_cmd_fifo/gen_srls[13].srl_nx1/shift_reg_reg[0]_srl16 due to none static srl address bits
WARNING: [Opt 31-1131] Can not pull register out from vit_system_i/smartconnect_ddr/inst/s00_entry_pipeline/s00_si_converter/inst/converter.wrap_narrow_inst/gen_thread_loop[0].r_cmd_fifo/gen_srls[14].srl_nx1/shift_reg_reg[0]_srl16 due to none static srl address bits
WARNING: [Opt 31-1131] Can not pull register out from vit_system_i/smartconnect_ddr/inst/s00_entry_pipeline/s00_si_converter/inst/converter.wrap_narrow_inst/gen_thread_loop[0].r_cmd_fifo/gen_srls[15].srl_nx1/shift_reg_reg[0]_srl16 due to none static srl address bits
WARNING: [Opt 31-1131] Can not pull register out from vit_system_i/smartconnect_ddr/inst/s00_entry_pipeline/s00_si_converter/inst/converter.wrap_narrow_inst/gen_thread_loop[0].r_cmd_fifo/gen_srls[17].srl_nx1/shift_reg_reg[0]_srl16 due to none static srl address bits
WARNING: [Opt 31-1131] Can not pull register out from vit_system_i/smartconnect_ddr/inst/s00_entry_pipeline/s00_si_converter/inst/converter.wrap_narrow_inst/gen_thread_loop[0].r_cmd_fifo/gen_srls[18].srl_nx1/shift_reg_reg[0]_srl16 due to none static srl address bits
WARNING: [Opt 31-1131] Can not pull register out from vit_system_i/smartconnect_ddr/inst/s00_entry_pipeline/s00_si_converter/inst/converter.wrap_narrow_inst/gen_thread_loop[0].r_cmd_fifo/gen_srls[19].srl_nx1/shift_reg_reg[0]_srl16 due to none static srl address bits
WARNING: [Opt 31-1131] Can not pull register out from vit_system_i/smartconnect_ddr/inst/s00_entry_pipeline/s00_si_converter/inst/converter.wrap_narrow_inst/gen_thread_loop[0].r_cmd_fifo/gen_srls[1].srl_nx1/shift_reg_reg[0]_srl16 due to none static srl address bits
WARNING: [Opt 31-1131] Can not pull register out from vit_system_i/smartconnect_ddr/inst/s00_entry_pipeline/s00_si_converter/inst/converter.wrap_narrow_inst/gen_thread_loop[0].r_cmd_fifo/gen_srls[20].srl_nx1/shift_reg_reg[0]_srl16 due to none static srl address bits
WARNING: [Opt 31-1131] Can not pull register out from vit_system_i/smartconnect_ddr/inst/s00_entry_pipeline/s00_si_converter/inst/converter.wrap_narrow_inst/gen_thread_loop[0].r_cmd_fifo/gen_srls[21].srl_nx1/shift_reg_reg[0]_srl16 due to none static srl address bits
WARNING: [Opt 31-1131] Can not pull register out from vit_system_i/smartconnect_ddr/inst/s00_entry_pipeline/s00_si_converter/inst/converter.wrap_narrow_inst/gen_thread_loop[0].r_cmd_fifo/gen_srls[22].srl_nx1/shift_reg_reg[0]_srl16 due to none static srl address bits
WARNING: [Opt 31-1131] Can not pull register out from vit_system_i/smartconnect_ddr/inst/s00_entry_pipeline/s00_si_converter/inst/converter.wrap_narrow_inst/gen_thread_loop[0].r_cmd_fifo/gen_srls[2].srl_nx1/shift_reg_reg[0]_srl16 due to none static srl address bits
WARNING: [Opt 31-1131] Can not pull register out from vit_system_i/smartconnect_ddr/inst/s00_entry_pipeline/s00_si_converter/inst/converter.wrap_narrow_inst/gen_thread_loop[0].r_cmd_fifo/gen_srls[3].srl_nx1/shift_reg_reg[0]_srl16 due to none static srl address bits
WARNING: [Opt 31-1131] Can not pull register out from vit_system_i/smartconnect_ddr/inst/s00_entry_pipeline/s00_si_converter/inst/converter.wrap_narrow_inst/gen_thread_loop[0].r_cmd_fifo/gen_srls[4].srl_nx1/shift_reg_reg[0]_srl16 due to none static srl address bits
WARNING: [Opt 31-1131] Can not pull register out from vit_system_i/smartconnect_ddr/inst/s00_entry_pipeline/s00_si_converter/inst/converter.wrap_narrow_inst/gen_thread_loop[0].r_cmd_fifo/gen_srls[5].srl_nx1/shift_reg_reg[0]_srl16 due to none static srl address bits
WARNING: [Opt 31-1131] Can not pull register out from vit_system_i/smartconnect_ddr/inst/s00_entry_pipeline/s00_si_converter/inst/converter.wrap_narrow_inst/gen_thread_loop[0].r_cmd_fifo/gen_srls[6].srl_nx1/shift_reg_reg[0]_srl16 due to none static srl address bits
WARNING: [Opt 31-1131] Can not pull register out from vit_system_i/smartconnect_ddr/inst/s00_entry_pipeline/s00_si_converter/inst/converter.wrap_narrow_inst/gen_thread_loop[0].r_cmd_fifo/gen_srls[7].srl_nx1/shift_reg_reg[0]_srl16 due to none static srl address bits
WARNING: [Opt 31-1131] Can not pull register out from vit_system_i/smartconnect_ddr/inst/s00_entry_pipeline/s00_si_converter/inst/converter.wrap_narrow_inst/gen_thread_loop[0].r_cmd_fifo/gen_srls[8].srl_nx1/shift_reg_reg[0]_srl16 due to none static srl address bits
WARNING: [Opt 31-1131] Can not pull register out from vit_system_i/smartconnect_ddr/inst/s00_entry_pipeline/s00_si_converter/inst/converter.wrap_narrow_inst/gen_thread_loop[0].r_cmd_fifo/gen_srls[9].srl_nx1/shift_reg_reg[0]_srl16 due to none static srl address bits
WARNING: [Opt 31-1131] Can not pull register out from vit_system_i/smartconnect_ddr/inst/s00_entry_pipeline/s00_si_converter/inst/converter.wrap_narrow_inst/gen_thread_loop[0].r_payld_fifo/gen_srls[100].srl_nx1/shift_reg_reg[0]_srl32 due to none static srl address bits
WARNING: [Opt 31-1131] Can not pull register out from vit_system_i/smartconnect_ddr/inst/s00_entry_pipeline/s00_si_converter/inst/converter.wrap_narrow_inst/gen_thread_loop[0].r_payld_fifo/gen_srls[101].srl_nx1/shift_reg_reg[0]_srl32 due to none static srl address bits
WARNING: [Opt 31-1131] Can not pull register out from vit_system_i/smartconnect_ddr/inst/s00_entry_pipeline/s00_si_converter/inst/converter.wrap_narrow_inst/gen_thread_loop[0].r_payld_fifo/gen_srls[102].srl_nx1/shift_reg_reg[0]_srl32 due to none static srl address bits
WARNING: [Opt 31-1131] Can not pull register out from vit_system_i/smartconnect_ddr/inst/s00_entry_pipeline/s00_si_converter/inst/converter.wrap_narrow_inst/gen_thread_loop[0].r_payld_fifo/gen_srls[103].srl_nx1/shift_reg_reg[0]_srl32 due to none static srl address bits
WARNING: [Opt 31-1131] Can not pull register out from vit_system_i/smartconnect_ddr/inst/s00_entry_pipeline/s00_si_converter/inst/converter.wrap_narrow_inst/gen_thread_loop[0].r_payld_fifo/gen_srls[104].srl_nx1/shift_reg_reg[0]_srl32 due to none static srl address bits
WARNING: [Opt 31-1131] Can not pull register out from vit_system_i/smartconnect_ddr/inst/s00_entry_pipeline/s00_si_converter/inst/converter.wrap_narrow_inst/gen_thread_loop[0].r_payld_fifo/gen_srls[105].srl_nx1/shift_reg_reg[0]_srl32 due to none static srl address bits
WARNING: [Opt 31-1131] Can not pull register out from vit_system_i/smartconnect_ddr/inst/s00_entry_pipeline/s00_si_converter/inst/converter.wrap_narrow_inst/gen_thread_loop[0].r_payld_fifo/gen_srls[106].srl_nx1/shift_reg_reg[0]_srl32 due to none static srl address bits
WARNING: [Opt 31-1131] Can not pull register out from vit_system_i/smartconnect_ddr/inst/s00_entry_pipeline/s00_si_converter/inst/converter.wrap_narrow_inst/gen_thread_loop[0].r_payld_fifo/gen_srls[107].srl_nx1/shift_reg_reg[0]_srl32 due to none static srl address bits
WARNING: [Opt 31-1131] Can not pull register out from vit_system_i/smartconnect_ddr/inst/s00_entry_pipeline/s00_si_converter/inst/converter.wrap_narrow_inst/gen_thread_loop[0].r_payld_fifo/gen_srls[108].srl_nx1/shift_reg_reg[0]_srl32 due to none static srl address bits
WARNING: [Opt 31-1131] Can not pull register out from vit_system_i/smartconnect_ddr/inst/s00_entry_pipeline/s00_si_converter/inst/converter.wrap_narrow_inst/gen_thread_loop[0].r_payld_fifo/gen_srls[109].srl_nx1/shift_reg_reg[0]_srl32 due to none static srl address bits
WARNING: [Opt 31-1131] Can not pull register out from vit_system_i/smartconnect_ddr/inst/s00_entry_pipeline/s00_si_converter/inst/converter.wrap_narrow_inst/gen_thread_loop[0].r_payld_fifo/gen_srls[110].srl_nx1/shift_reg_reg[0]_srl32 due to none static srl address bits
WARNING: [Opt 31-1131] Can not pull register out from vit_system_i/smartconnect_ddr/inst/s00_entry_pipeline/s00_si_converter/inst/converter.wrap_narrow_inst/gen_thread_loop[0].r_payld_fifo/gen_srls[111].srl_nx1/shift_reg_reg[0]_srl32 due to none static srl address bits
WARNING: [Opt 31-1131] Can not pull register out from vit_system_i/smartconnect_ddr/inst/s00_entry_pipeline/s00_si_converter/inst/converter.wrap_narrow_inst/gen_thread_loop[0].r_payld_fifo/gen_srls[112].srl_nx1/shift_reg_reg[0]_srl32 due to none static srl address bits
WARNING: [Opt 31-1131] Can not pull register out from vit_system_i/smartconnect_ddr/inst/s00_entry_pipeline/s00_si_converter/inst/converter.wrap_narrow_inst/gen_thread_loop[0].r_payld_fifo/gen_srls[113].srl_nx1/shift_reg_reg[0]_srl32 due to none static srl address bits
WARNING: [Opt 31-1131] Can not pull register out from vit_system_i/smartconnect_ddr/inst/s00_entry_pipeline/s00_si_converter/inst/converter.wrap_narrow_inst/gen_thread_loop[0].r_payld_fifo/gen_srls[114].srl_nx1/shift_reg_reg[0]_srl32 due to none static srl address bits
WARNING: [Opt 31-1131] Can not pull register out from vit_system_i/smartconnect_ddr/inst/s00_entry_pipeline/s00_si_converter/inst/converter.wrap_narrow_inst/gen_thread_loop[0].r_payld_fifo/gen_srls[115].srl_nx1/shift_reg_reg[0]_srl32 due to none static srl address bits
WARNING: [Opt 31-1131] Can not pull register out from vit_system_i/smartconnect_ddr/inst/s00_entry_pipeline/s00_si_converter/inst/converter.wrap_narrow_inst/gen_thread_loop[0].r_payld_fifo/gen_srls[116].srl_nx1/shift_reg_reg[0]_srl32 due to none static srl address bits
WARNING: [Opt 31-1131] Can not pull register out from vit_system_i/smartconnect_ddr/inst/s00_entry_pipeline/s00_si_converter/inst/converter.wrap_narrow_inst/gen_thread_loop[0].r_payld_fifo/gen_srls[117].srl_nx1/shift_reg_reg[0]_srl32 due to none static srl address bits
WARNING: [Opt 31-1131] Can not pull register out from vit_system_i/smartconnect_ddr/inst/s00_entry_pipeline/s00_si_converter/inst/converter.wrap_narrow_inst/gen_thread_loop[0].r_payld_fifo/gen_srls[118].srl_nx1/shift_reg_reg[0]_srl32 due to none static srl address bits
WARNING: [Opt 31-1131] Can not pull register out from vit_system_i/smartconnect_ddr/inst/s00_entry_pipeline/s00_si_converter/inst/converter.wrap_narrow_inst/gen_thread_loop[0].r_payld_fifo/gen_srls[119].srl_nx1/shift_reg_reg[0]_srl32 due to none static srl address bits
WARNING: [Opt 31-1131] Can not pull register out from vit_system_i/smartconnect_ddr/inst/s00_entry_pipeline/s00_si_converter/inst/converter.wrap_narrow_inst/gen_thread_loop[0].r_payld_fifo/gen_srls[120].srl_nx1/shift_reg_reg[0]_srl32 due to none static srl address bits
WARNING: [Opt 31-1131] Can not pull register out from vit_system_i/smartconnect_ddr/inst/s00_entry_pipeline/s00_si_converter/inst/converter.wrap_narrow_inst/gen_thread_loop[0].r_payld_fifo/gen_srls[121].srl_nx1/shift_reg_reg[0]_srl32 due to none static srl address bits
WARNING: [Opt 31-1131] Can not pull register out from vit_system_i/smartconnect_ddr/inst/s00_entry_pipeline/s00_si_converter/inst/converter.wrap_narrow_inst/gen_thread_loop[0].r_payld_fifo/gen_srls[122].srl_nx1/shift_reg_reg[0]_srl32 due to none static srl address bits
WARNING: [Opt 31-1131] Can not pull register out from vit_system_i/smartconnect_ddr/inst/s00_entry_pipeline/s00_si_converter/inst/converter.wrap_narrow_inst/gen_thread_loop[0].r_payld_fifo/gen_srls[123].srl_nx1/shift_reg_reg[0]_srl32 due to none static srl address bits
WARNING: [Opt 31-1131] Can not pull register out from vit_system_i/smartconnect_ddr/inst/s00_entry_pipeline/s00_si_converter/inst/converter.wrap_narrow_inst/gen_thread_loop[0].r_payld_fifo/gen_srls[124].srl_nx1/shift_reg_reg[0]_srl32 due to none static srl address bits
WARNING: [Opt 31-1131] Can not pull register out from vit_system_i/smartconnect_ddr/inst/s00_entry_pipeline/s00_si_converter/inst/converter.wrap_narrow_inst/gen_thread_loop[0].r_payld_fifo/gen_srls[125].srl_nx1/shift_reg_reg[0]_srl32 due to none static srl address bits
WARNING: [Opt 31-1131] Can not pull register out from vit_system_i/smartconnect_ddr/inst/s00_entry_pipeline/s00_si_converter/inst/converter.wrap_narrow_inst/gen_thread_loop[0].r_payld_fifo/gen_srls[126].srl_nx1/shift_reg_reg[0]_srl32 due to none static srl address bits
WARNING: [Opt 31-1131] Can not pull register out from vit_system_i/smartconnect_ddr/inst/s00_entry_pipeline/s00_si_converter/inst/converter.wrap_narrow_inst/gen_thread_loop[0].r_payld_fifo/gen_srls[127].srl_nx1/shift_reg_reg[0]_srl32 due to none static srl address bits
WARNING: [Opt 31-1131] Can not pull register out from vit_system_i/smartconnect_ddr/inst/s00_entry_pipeline/s00_si_converter/inst/converter.wrap_narrow_inst/gen_thread_loop[0].r_payld_fifo/gen_srls[128].srl_nx1/shift_reg_reg[0]_srl32 due to none static srl address bits
WARNING: [Opt 31-1131] Can not pull register out from vit_system_i/smartconnect_ddr/inst/s00_entry_pipeline/s00_si_converter/inst/converter.wrap_narrow_inst/gen_thread_loop[0].r_payld_fifo/gen_srls[129].srl_nx1/shift_reg_reg[0]_srl32 due to none static srl address bits
WARNING: [Opt 31-1131] Can not pull register out from vit_system_i/smartconnect_ddr/inst/s00_entry_pipeline/s00_si_converter/inst/converter.wrap_narrow_inst/gen_thread_loop[0].r_payld_fifo/gen_srls[130].srl_nx1/shift_reg_reg[0]_srl32 due to none static srl address bits
WARNING: [Opt 31-1131] Can not pull register out from vit_system_i/smartconnect_ddr/inst/s00_entry_pipeline/s00_si_converter/inst/converter.wrap_narrow_inst/gen_thread_loop[0].r_payld_fifo/gen_srls[131].srl_nx1/shift_reg_reg[0]_srl32 due to none static srl address bits
WARNING: [Opt 31-1131] Can not pull register out from vit_system_i/smartconnect_ddr/inst/s00_entry_pipeline/s00_si_converter/inst/converter.wrap_narrow_inst/gen_thread_loop[0].r_payld_fifo/gen_srls[132].srl_nx1/shift_reg_reg[0]_srl32 due to none static srl address bits
WARNING: [Opt 31-1131] Can not pull register out from vit_system_i/smartconnect_ddr/inst/s00_entry_pipeline/s00_si_converter/inst/converter.wrap_narrow_inst/gen_thread_loop[0].r_payld_fifo/gen_srls[133].srl_nx1/shift_reg_reg[0]_srl32 due to none static srl address bits
WARNING: [Opt 31-1131] Can not pull register out from vit_system_i/smartconnect_ddr/inst/s00_entry_pipeline/s00_si_converter/inst/converter.wrap_narrow_inst/gen_thread_loop[0].r_payld_fifo/gen_srls[134].srl_nx1/shift_reg_reg[0]_srl32 due to none static srl address bits
WARNING: [Opt 31-1131] Can not pull register out from vit_system_i/smartconnect_ddr/inst/s00_entry_pipeline/s00_si_converter/inst/converter.wrap_narrow_inst/gen_thread_loop[0].r_payld_fifo/gen_srls[135].srl_nx1/shift_reg_reg[0]_srl32 due to none static srl address bits
WARNING: [Opt 31-1131] Can not pull register out from vit_system_i/smartconnect_ddr/inst/s00_entry_pipeline/s00_si_converter/inst/converter.wrap_narrow_inst/gen_thread_loop[0].r_payld_fifo/gen_srls[136].srl_nx1/shift_reg_reg[0]_srl32 due to none static srl address bits
WARNING: [Opt 31-1131] Can not pull register out from vit_system_i/smartconnect_ddr/inst/s00_entry_pipeline/s00_si_converter/inst/converter.wrap_narrow_inst/gen_thread_loop[0].r_payld_fifo/gen_srls[137].srl_nx1/shift_reg_reg[0]_srl32 due to none static srl address bits
WARNING: [Opt 31-1131] Can not pull register out from vit_system_i/smartconnect_ddr/inst/s00_entry_pipeline/s00_si_converter/inst/converter.wrap_narrow_inst/gen_thread_loop[0].r_payld_fifo/gen_srls[138].srl_nx1/shift_reg_reg[0]_srl32 due to none static srl address bits
WARNING: [Opt 31-1131] Can not pull register out from vit_system_i/smartconnect_ddr/inst/s00_entry_pipeline/s00_si_converter/inst/converter.wrap_narrow_inst/gen_thread_loop[0].r_payld_fifo/gen_srls[139].srl_nx1/shift_reg_reg[0]_srl32 due to none static srl address bits
WARNING: [Opt 31-1131] Can not pull register out from vit_system_i/smartconnect_ddr/inst/s00_entry_pipeline/s00_si_converter/inst/converter.wrap_narrow_inst/gen_thread_loop[0].r_payld_fifo/gen_srls[140].srl_nx1/shift_reg_reg[0]_srl32 due to none static srl address bits
WARNING: [Opt 31-1131] Can not pull register out from vit_system_i/smartconnect_ddr/inst/s00_entry_pipeline/s00_si_converter/inst/converter.wrap_narrow_inst/gen_thread_loop[0].r_payld_fifo/gen_srls[141].srl_nx1/shift_reg_reg[0]_srl32 due to none static srl address bits
WARNING: [Opt 31-1131] Can not pull register out from vit_system_i/smartconnect_ddr/inst/s00_entry_pipeline/s00_si_converter/inst/converter.wrap_narrow_inst/gen_thread_loop[0].r_payld_fifo/gen_srls[142].srl_nx1/shift_reg_reg[0]_srl32 due to none static srl address bits
WARNING: [Opt 31-1131] Can not pull register out from vit_system_i/smartconnect_ddr/inst/s00_entry_pipeline/s00_si_converter/inst/converter.wrap_narrow_inst/gen_thread_loop[0].r_payld_fifo/gen_srls[143].srl_nx1/shift_reg_reg[0]_srl32 due to none static srl address bits
WARNING: [Opt 31-1131] Can not pull register out from vit_system_i/smartconnect_ddr/inst/s00_entry_pipeline/s00_si_converter/inst/converter.wrap_narrow_inst/gen_thread_loop[0].r_payld_fifo/gen_srls[146].srl_nx1/shift_reg_reg[0]_srl32 due to none static srl address bits
WARNING: [Opt 31-1131] Can not pull register out from vit_system_i/smartconnect_ddr/inst/s00_entry_pipeline/s00_si_converter/inst/converter.wrap_narrow_inst/gen_thread_loop[0].r_payld_fifo/gen_srls[147].srl_nx1/shift_reg_reg[0]_srl32 due to none static srl address bits
WARNING: [Opt 31-1131] Can not pull register out from vit_system_i/smartconnect_ddr/inst/s00_entry_pipeline/s00_si_converter/inst/converter.wrap_narrow_inst/gen_thread_loop[0].r_payld_fifo/gen_srls[16].srl_nx1/shift_reg_reg[0]_srl32 due to none static srl address bits
WARNING: [Opt 31-1131] Can not pull register out from vit_system_i/smartconnect_ddr/inst/s00_entry_pipeline/s00_si_converter/inst/converter.wrap_narrow_inst/gen_thread_loop[0].r_payld_fifo/gen_srls[17].srl_nx1/shift_reg_reg[0]_srl32 due to none static srl address bits
WARNING: [Opt 31-1131] Can not pull register out from vit_system_i/smartconnect_ddr/inst/s00_entry_pipeline/s00_si_converter/inst/converter.wrap_narrow_inst/gen_thread_loop[0].r_payld_fifo/gen_srls[18].srl_nx1/shift_reg_reg[0]_srl32 due to none static srl address bits
WARNING: [Opt 31-1131] Can not pull register out from vit_system_i/smartconnect_ddr/inst/s00_entry_pipeline/s00_si_converter/inst/converter.wrap_narrow_inst/gen_thread_loop[0].r_payld_fifo/gen_srls[19].srl_nx1/shift_reg_reg[0]_srl32 due to none static srl address bits
WARNING: [Opt 31-1131] Can not pull register out from vit_system_i/smartconnect_ddr/inst/s00_entry_pipeline/s00_si_converter/inst/converter.wrap_narrow_inst/gen_thread_loop[0].r_payld_fifo/gen_srls[20].srl_nx1/shift_reg_reg[0]_srl32 due to none static srl address bits
WARNING: [Opt 31-1131] Can not pull register out from vit_system_i/smartconnect_ddr/inst/s00_entry_pipeline/s00_si_converter/inst/converter.wrap_narrow_inst/gen_thread_loop[0].r_payld_fifo/gen_srls[21].srl_nx1/shift_reg_reg[0]_srl32 due to none static srl address bits
WARNING: [Opt 31-1131] Can not pull register out from vit_system_i/smartconnect_ddr/inst/s00_entry_pipeline/s00_si_converter/inst/converter.wrap_narrow_inst/gen_thread_loop[0].r_payld_fifo/gen_srls[22].srl_nx1/shift_reg_reg[0]_srl32 due to none static srl address bits
WARNING: [Opt 31-1131] Can not pull register out from vit_system_i/smartconnect_ddr/inst/s00_entry_pipeline/s00_si_converter/inst/converter.wrap_narrow_inst/gen_thread_loop[0].r_payld_fifo/gen_srls[23].srl_nx1/shift_reg_reg[0]_srl32 due to none static srl address bits
WARNING: [Opt 31-1131] Can not pull register out from vit_system_i/smartconnect_ddr/inst/s00_entry_pipeline/s00_si_converter/inst/converter.wrap_narrow_inst/gen_thread_loop[0].r_payld_fifo/gen_srls[24].srl_nx1/shift_reg_reg[0]_srl32 due to none static srl address bits
WARNING: [Opt 31-1131] Can not pull register out from vit_system_i/smartconnect_ddr/inst/s00_entry_pipeline/s00_si_converter/inst/converter.wrap_narrow_inst/gen_thread_loop[0].r_payld_fifo/gen_srls[25].srl_nx1/shift_reg_reg[0]_srl32 due to none static srl address bits
WARNING: [Opt 31-1131] Can not pull register out from vit_system_i/smartconnect_ddr/inst/s00_entry_pipeline/s00_si_converter/inst/converter.wrap_narrow_inst/gen_thread_loop[0].r_payld_fifo/gen_srls[26].srl_nx1/shift_reg_reg[0]_srl32 due to none static srl address bits
WARNING: [Opt 31-1131] Can not pull register out from vit_system_i/smartconnect_ddr/inst/s00_entry_pipeline/s00_si_converter/inst/converter.wrap_narrow_inst/gen_thread_loop[0].r_payld_fifo/gen_srls[27].srl_nx1/shift_reg_reg[0]_srl32 due to none static srl address bits
WARNING: [Opt 31-1131] Can not pull register out from vit_system_i/smartconnect_ddr/inst/s00_entry_pipeline/s00_si_converter/inst/converter.wrap_narrow_inst/gen_thread_loop[0].r_payld_fifo/gen_srls[28].srl_nx1/shift_reg_reg[0]_srl32 due to none static srl address bits
WARNING: [Opt 31-1131] Can not pull register out from vit_system_i/smartconnect_ddr/inst/s00_entry_pipeline/s00_si_converter/inst/converter.wrap_narrow_inst/gen_thread_loop[0].r_payld_fifo/gen_srls[29].srl_nx1/shift_reg_reg[0]_srl32 due to none static srl address bits
WARNING: [Opt 31-1131] Can not pull register out from vit_system_i/smartconnect_ddr/inst/s00_entry_pipeline/s00_si_converter/inst/converter.wrap_narrow_inst/gen_thread_loop[0].r_payld_fifo/gen_srls[30].srl_nx1/shift_reg_reg[0]_srl32 due to none static srl address bits
WARNING: [Opt 31-1131] Can not pull register out from vit_system_i/smartconnect_ddr/inst/s00_entry_pipeline/s00_si_converter/inst/converter.wrap_narrow_inst/gen_thread_loop[0].r_payld_fifo/gen_srls[31].srl_nx1/shift_reg_reg[0]_srl32 due to none static srl address bits
WARNING: [Opt 31-1131] Can not pull register out from vit_system_i/smartconnect_ddr/inst/s00_entry_pipeline/s00_si_converter/inst/converter.wrap_narrow_inst/gen_thread_loop[0].r_payld_fifo/gen_srls[32].srl_nx1/shift_reg_reg[0]_srl32 due to none static srl address bits
WARNING: [Opt 31-1131] Can not pull register out from vit_system_i/smartconnect_ddr/inst/s00_entry_pipeline/s00_si_converter/inst/converter.wrap_narrow_inst/gen_thread_loop[0].r_payld_fifo/gen_srls[33].srl_nx1/shift_reg_reg[0]_srl32 due to none static srl address bits
WARNING: [Opt 31-1131] Can not pull register out from vit_system_i/smartconnect_ddr/inst/s00_entry_pipeline/s00_si_converter/inst/converter.wrap_narrow_inst/gen_thread_loop[0].r_payld_fifo/gen_srls[34].srl_nx1/shift_reg_reg[0]_srl32 due to none static srl address bits
WARNING: [Opt 31-1131] Can not pull register out from vit_system_i/smartconnect_ddr/inst/s00_entry_pipeline/s00_si_converter/inst/converter.wrap_narrow_inst/gen_thread_loop[0].r_payld_fifo/gen_srls[35].srl_nx1/shift_reg_reg[0]_srl32 due to none static srl address bits
WARNING: [Opt 31-1131] Can not pull register out from vit_system_i/smartconnect_ddr/inst/s00_entry_pipeline/s00_si_converter/inst/converter.wrap_narrow_inst/gen_thread_loop[0].r_payld_fifo/gen_srls[36].srl_nx1/shift_reg_reg[0]_srl32 due to none static srl address bits
WARNING: [Opt 31-1131] Can not pull register out from vit_system_i/smartconnect_ddr/inst/s00_entry_pipeline/s00_si_converter/inst/converter.wrap_narrow_inst/gen_thread_loop[0].r_payld_fifo/gen_srls[37].srl_nx1/shift_reg_reg[0]_srl32 due to none static srl address bits
WARNING: [Opt 31-1131] Can not pull register out from vit_system_i/smartconnect_ddr/inst/s00_entry_pipeline/s00_si_converter/inst/converter.wrap_narrow_inst/gen_thread_loop[0].r_payld_fifo/gen_srls[38].srl_nx1/shift_reg_reg[0]_srl32 due to none static srl address bits
WARNING: [Opt 31-1131] Can not pull register out from vit_system_i/smartconnect_ddr/inst/s00_entry_pipeline/s00_si_converter/inst/converter.wrap_narrow_inst/gen_thread_loop[0].r_payld_fifo/gen_srls[39].srl_nx1/shift_reg_reg[0]_srl32 due to none static srl address bits
WARNING: [Opt 31-1131] Can not pull register out from vit_system_i/smartconnect_ddr/inst/s00_entry_pipeline/s00_si_converter/inst/converter.wrap_narrow_inst/gen_thread_loop[0].r_payld_fifo/gen_srls[40].srl_nx1/shift_reg_reg[0]_srl32 due to none static srl address bits
INFO: [Common 17-14] Message 'Opt 31-1131' appears 100 times and further instances of the messages will be disabled. Use the Tcl command set_msg_config to change the current settings.
INFO: [Opt 31-1064] SRL Remap converted 0 SRLs to 0 registers and converted 0 registers of register chains to 0 SRLs
Phase 7 Shift Register Optimization | Checksum: 46dd9548

Time (s): cpu = 00:00:21 ; elapsed = 00:00:15 . Memory (MB): peak = 3497.781 ; gain = 0.000 ; free physical = 226727 ; free virtual = 244004
Shift Register Optimization | Checksum: 46dd9548
INFO: [Opt 31-389] Phase Shift Register Optimization created 0 cells and removed 0 cells

Phase 8 Post Processing Netlist
INFO: [Opt 31-1566] Pulled 3 inverters resulting in an inversion of 49 pins
Phase 8 Post Processing Netlist | Checksum: 129c51371

Time (s): cpu = 00:00:21 ; elapsed = 00:00:15 . Memory (MB): peak = 3497.781 ; gain = 0.000 ; free physical = 226727 ; free virtual = 244004
Post Processing Netlist | Checksum: 129c51371
INFO: [Opt 31-389] Phase Post Processing Netlist created 0 cells and removed 23 cells
INFO: [Opt 31-1021] In phase Post Processing Netlist, 41 netlist objects are constrained preventing optimization. Please run opt_design with -debug_log to get more detail. 

Phase 9 Finalization

Phase 9.1 Finalizing Design Cores and Updating Shapes
Phase 9.1 Finalizing Design Cores and Updating Shapes | Checksum: 588ca665

Time (s): cpu = 00:00:29 ; elapsed = 00:00:22 . Memory (MB): peak = 3497.781 ; gain = 0.000 ; free physical = 226724 ; free virtual = 244001

Phase 9.2 Verifying Netlist Connectivity

Starting Connectivity Check Task

Time (s): cpu = 00:00:00.4 ; elapsed = 00:00:00.4 . Memory (MB): peak = 3497.781 ; gain = 0.000 ; free physical = 226724 ; free virtual = 244001
Phase 9.2 Verifying Netlist Connectivity | Checksum: 588ca665

Time (s): cpu = 00:00:29 ; elapsed = 00:00:22 . Memory (MB): peak = 3497.781 ; gain = 0.000 ; free physical = 226724 ; free virtual = 244001
Phase 9 Finalization | Checksum: 588ca665

Time (s): cpu = 00:00:29 ; elapsed = 00:00:22 . Memory (MB): peak = 3497.781 ; gain = 0.000 ; free physical = 226724 ; free virtual = 244001
Opt_design Change Summary
=========================


-------------------------------------------------------------------------------------------------------------------------
|  Phase                        |  #Cells created  |  #Cells Removed  |  #Constrained objects preventing optimizations  |
-------------------------------------------------------------------------------------------------------------------------
|  Retarget                     |            2395  |            3841  |                                             41  |
|  Constant propagation         |            1075  |            2579  |                                             41  |
|  Sweep                        |               0  |             168  |                                             51  |
|  BUFG optimization            |               2  |               0  |                                              0  |
|  Shift Register Optimization  |               0  |               0  |                                              0  |
|  Post Processing Netlist      |               0  |              23  |                                             41  |
-------------------------------------------------------------------------------------------------------------------------


Ending Logic Optimization Task | Checksum: 588ca665

Time (s): cpu = 00:00:29 ; elapsed = 00:00:22 . Memory (MB): peak = 3497.781 ; gain = 0.000 ; free physical = 226724 ; free virtual = 244001
INFO: [Constraints 18-11670] Building netlist checker database with flags, 0x8
Done building netlist checker database: Time (s): cpu = 00:00:00.03 ; elapsed = 00:00:00.03 . Memory (MB): peak = 3497.781 ; gain = 0.000 ; free physical = 226724 ; free virtual = 244001

Starting Power Optimization Task
INFO: [Pwropt 34-132] Skipping clock gating for clocks with a period < 2.00 ns.
INFO: [Pwropt 34-9] Applying IDT optimizations ...
INFO: [Pwropt 34-10] Applying ODC optimizations ...
INFO: [Timing 38-35] Done setting XDC timing constraints.
Running Vector-less Activity Propagation...

Finished Running Vector-less Activity Propagation


Starting PowerOpt Patch Enables Task
INFO: [Pwropt 34-162] WRITE_MODE attribute of 0 BRAM(s) out of a total of 41 has been updated to save power. Run report_power_opt to get a complete listing of the BRAMs updated.
INFO: [Pwropt 34-201] Structural ODC has moved 26 WE to EN ports
Number of BRAM Ports augmented: 5 newly gated: 26 Total Ports: 82
Ending PowerOpt Patch Enables Task | Checksum: db8ed6fa

Time (s): cpu = 00:00:00.63 ; elapsed = 00:00:00.61 . Memory (MB): peak = 4645.047 ; gain = 0.000 ; free physical = 225719 ; free virtual = 242995
Ending Power Optimization Task | Checksum: db8ed6fa

Time (s): cpu = 00:00:52 ; elapsed = 00:00:22 . Memory (MB): peak = 4645.047 ; gain = 1147.266 ; free physical = 225719 ; free virtual = 242995

Starting Final Cleanup Task

Starting Logic Optimization Task
INFO: [Timing 38-35] Done setting XDC timing constraints.
Ending Logic Optimization Task | Checksum: 13fa3dcbd

Time (s): cpu = 00:00:18 ; elapsed = 00:00:09 . Memory (MB): peak = 4645.047 ; gain = 0.000 ; free physical = 225696 ; free virtual = 242973
INFO: [Constraints 18-11670] Building netlist checker database with flags, 0x8
Done building netlist checker database: Time (s): cpu = 00:00:00.02 ; elapsed = 00:00:00.03 . Memory (MB): peak = 4645.047 ; gain = 0.000 ; free physical = 225696 ; free virtual = 242973
Ending Final Cleanup Task | Checksum: 13fa3dcbd

Time (s): cpu = 00:00:20 ; elapsed = 00:00:11 . Memory (MB): peak = 4645.047 ; gain = 0.000 ; free physical = 225696 ; free virtual = 242973

Starting Netlist Obfuscation Task
Netlist sorting complete. Time (s): cpu = 00:00:00.02 ; elapsed = 00:00:00.02 . Memory (MB): peak = 4645.047 ; gain = 0.000 ; free physical = 225696 ; free virtual = 242973
Ending Netlist Obfuscation Task | Checksum: 13fa3dcbd

Time (s): cpu = 00:00:00.03 ; elapsed = 00:00:00.04 . Memory (MB): peak = 4645.047 ; gain = 0.000 ; free physical = 225696 ; free virtual = 242973
INFO: [Common 17-83] Releasing license: Implementation
53 Infos, 204 Warnings, 0 Critical Warnings and 0 Errors encountered.
opt_design completed successfully
opt_design: Time (s): cpu = 00:01:56 ; elapsed = 00:01:04 . Memory (MB): peak = 4645.047 ; gain = 1335.035 ; free physical = 225696 ; free virtual = 242973
INFO: [runtcl-4] Executing : report_drc -file vit_system_wrapper_drc_opted.rpt -pb vit_system_wrapper_drc_opted.pb -rpx vit_system_wrapper_drc_opted.rpx
Command: report_drc -file vit_system_wrapper_drc_opted.rpt -pb vit_system_wrapper_drc_opted.pb -rpx vit_system_wrapper_drc_opted.rpx
INFO: [IP_Flow 19-1839] IP Catalog is up to date.
INFO: [DRC 23-27] Running DRC with 4 threads
INFO: [Vivado_Tcl 2-168] The results of DRC are in file /home/s23520579/Vivado_project/vit_m8_board_candidate_67c18532_workspace_20260809/vivado_server_307_perf_v1_m8_nongemm_nodsp_2023_2/VIT_googlebase_rtl/ViT_googlebase/ViT_googlebase.runs/impl_1/vit_system_wrapper_drc_opted.rpt.
report_drc completed successfully
INFO: [Timing 38-480] Writing timing data to binary archive.
Write ShapeDB Complete: Time (s): cpu = 00:00:01 ; elapsed = 00:00:00.35 . Memory (MB): peak = 4700.098 ; gain = 0.000 ; free physical = 225674 ; free virtual = 242979
INFO: [Common 17-1381] The checkpoint '/home/s23520579/Vivado_project/vit_m8_board_candidate_67c18532_workspace_20260809/vivado_server_307_perf_v1_m8_nongemm_nodsp_2023_2/VIT_googlebase_rtl/ViT_googlebase/ViT_googlebase.runs/impl_1/vit_system_wrapper_opt.dcp' has been generated.
write_checkpoint: Time (s): cpu = 00:00:14 ; elapsed = 00:00:10 . Memory (MB): peak = 4700.098 ; gain = 0.000 ; free physical = 225622 ; free virtual = 242924
Command: place_design
Attempting to get a license for feature 'Implementation' and/or device 'xczu5ev'
INFO: [Common 17-349] Got license for feature 'Implementation' and/or device 'xczu5ev'
INFO: [Common 17-83] Releasing license: Implementation
INFO: [DRC 23-27] Running DRC with 4 threads
INFO: [Vivado_Tcl 4-198] DRC finished with 0 Errors
INFO: [Vivado_Tcl 4-199] Please refer to the DRC report (report_drc) for more information.
Running DRC as a precondition to command place_design
INFO: [DRC 23-27] Running DRC with 4 threads
INFO: [Vivado_Tcl 4-198] DRC finished with 0 Errors
INFO: [Vivado_Tcl 4-199] Please refer to the DRC report (report_drc) for more information.
INFO: [Place 30-611] Multithreading enabled for place_design using a maximum of 4 CPUs

Starting Placer Task

Phase 1 Placer Initialization

Phase 1.1 Placer Initialization Netlist Sorting
Netlist sorting complete. Time (s): cpu = 00:00:00.02 ; elapsed = 00:00:00.02 . Memory (MB): peak = 4700.098 ; gain = 0.000 ; free physical = 225655 ; free virtual = 242956
Phase 1.1 Placer Initialization Netlist Sorting | Checksum: 7ebf3692

Time (s): cpu = 00:00:00.08 ; elapsed = 00:00:00.08 . Memory (MB): peak = 4700.098 ; gain = 0.000 ; free physical = 225655 ; free virtual = 242956
Netlist sorting complete. Time (s): cpu = 00:00:00.02 ; elapsed = 00:00:00.01 . Memory (MB): peak = 4700.098 ; gain = 0.000 ; free physical = 225655 ; free virtual = 242956

Phase 1.2 IO Placement/ Clock Placement/ Build Placer Device
INFO: [Timing 38-35] Done setting XDC timing constraints.
Phase 1.2 IO Placement/ Clock Placement/ Build Placer Device | Checksum: 154eb4324

Time (s): cpu = 00:00:32 ; elapsed = 00:00:24 . Memory (MB): peak = 4775.410 ; gain = 75.312 ; free physical = 225432 ; free virtual = 242733

Phase 1.3 Build Placer Netlist Model
Phase 1.3 Build Placer Netlist Model | Checksum: 17134d796

Time (s): cpu = 00:01:22 ; elapsed = 00:00:51 . Memory (MB): peak = 5125.605 ; gain = 425.508 ; free physical = 225071 ; free virtual = 242373

Phase 1.4 Constrain Clocks/Macros
Phase 1.4 Constrain Clocks/Macros | Checksum: 17134d796

Time (s): cpu = 00:01:23 ; elapsed = 00:00:51 . Memory (MB): peak = 5125.605 ; gain = 425.508 ; free physical = 225067 ; free virtual = 242369
Phase 1 Placer Initialization | Checksum: 17134d796

Time (s): cpu = 00:01:23 ; elapsed = 00:00:52 . Memory (MB): peak = 5125.605 ; gain = 425.508 ; free physical = 225067 ; free virtual = 242369

Phase 2 Global Placement

Phase 2.1 Floorplanning

Phase 2.1.1 Partition Driven Placement

Phase 2.1.1.1 PBP: Partition Driven Placement
Phase 2.1.1.1 PBP: Partition Driven Placement | Checksum: 1b9204ab5

Time (s): cpu = 00:02:53 ; elapsed = 00:01:30 . Memory (MB): peak = 5141.613 ; gain = 441.516 ; free physical = 225056 ; free virtual = 242358

Phase 2.1.1.2 PBP: Clock Region Placement
INFO: [Place 30-3162] Check ILP status : ILP-based clock placer completed successfully.
Phase 2.1.1.2 PBP: Clock Region Placement | Checksum: 14aa2d442

Time (s): cpu = 00:02:56 ; elapsed = 00:01:33 . Memory (MB): peak = 5141.613 ; gain = 441.516 ; free physical = 225053 ; free virtual = 242355

Phase 2.1.1.3 PBP: Compute Congestion
Phase 2.1.1.3 PBP: Compute Congestion | Checksum: 14aa2d442

Time (s): cpu = 00:03:15 ; elapsed = 00:01:39 . Memory (MB): peak = 5533.613 ; gain = 833.516 ; free physical = 224668 ; free virtual = 241970

Phase 2.1.1.4 PBP: UpdateTiming
Phase 2.1.1.4 PBP: UpdateTiming | Checksum: 1c7ad898b

Time (s): cpu = 00:03:28 ; elapsed = 00:01:44 . Memory (MB): peak = 5533.613 ; gain = 833.516 ; free physical = 224664 ; free virtual = 241966

Phase 2.1.1.5 PBP: Add part constraints
Phase 2.1.1.5 PBP: Add part constraints | Checksum: 1c7ad898b

Time (s): cpu = 00:03:28 ; elapsed = 00:01:44 . Memory (MB): peak = 5533.613 ; gain = 833.516 ; free physical = 224665 ; free virtual = 241967
Phase 2.1.1 Partition Driven Placement | Checksum: 1c7ad898b

Time (s): cpu = 00:03:28 ; elapsed = 00:01:44 . Memory (MB): peak = 5533.613 ; gain = 833.516 ; free physical = 224665 ; free virtual = 241967
Phase 2.1 Floorplanning | Checksum: 1a738df79

Time (s): cpu = 00:03:28 ; elapsed = 00:01:45 . Memory (MB): peak = 5533.613 ; gain = 833.516 ; free physical = 224665 ; free virtual = 241967

Phase 2.2 Update Timing before SLR Path Opt
Phase 2.2 Update Timing before SLR Path Opt | Checksum: 1a738df79

Time (s): cpu = 00:03:28 ; elapsed = 00:01:45 . Memory (MB): peak = 5533.613 ; gain = 833.516 ; free physical = 224665 ; free virtual = 241967

Phase 2.3 Post-Processing in Floorplanning
Phase 2.3 Post-Processing in Floorplanning | Checksum: 1a738df79

Time (s): cpu = 00:03:29 ; elapsed = 00:01:45 . Memory (MB): peak = 5533.613 ; gain = 833.516 ; free physical = 224663 ; free virtual = 241965

Phase 2.4 Global Placement Core

Phase 2.4.1 UpdateTiming Before Physical Synthesis
Phase 2.4.1 UpdateTiming Before Physical Synthesis | Checksum: 188763e32

Time (s): cpu = 00:07:05 ; elapsed = 00:03:27 . Memory (MB): peak = 5708.617 ; gain = 1008.520 ; free physical = 224464 ; free virtual = 241766

Phase 2.4.2 Physical Synthesis In Placer
INFO: [Physopt 32-1035] Found 256 LUTNM shape to break, 1463 LUT instances to create LUTNM shape
INFO: [Physopt 32-1044] Break lutnm for timing: one critical 50, two critical 206, total 0, new lutff created 0
INFO: [Physopt 32-1138] End 1 Pass. Optimized 487 nets or LUTs. Breaked 0 LUT, combined 487 existing LUTs and moved 0 existing LUT
INFO: [Physopt 32-1030] Pass 1. Identified 88 candidate driver sets for equivalent driver rewiring.
INFO: [Physopt 32-661] Optimized 60 nets.  Re-placed 503 instances.
INFO: [Physopt 32-775] End 1 Pass. Optimized 60 nets or cells. Created 0 new cell, deleted 14 existing cells and moved 503 existing cells
Netlist sorting complete. Time (s): cpu = 00:00:00.51 ; elapsed = 00:00:00.52 . Memory (MB): peak = 5708.617 ; gain = 0.000 ; free physical = 224460 ; free virtual = 241762
INFO: [Physopt 32-65] No nets found for high-fanout optimization.
INFO: [Physopt 32-232] Optimized 0 net. Created 0 new instance.
INFO: [Physopt 32-775] End 1 Pass. Optimized 0 net or cell. Created 0 new cell, deleted 0 existing cell and moved 0 existing cell
INFO: [Physopt 32-456] No candidate cells for DSP register optimization found in the design.
INFO: [Physopt 32-775] End 2 Pass. Optimized 0 net or cell. Created 0 new cell, deleted 0 existing cell and moved 0 existing cell
INFO: [Physopt 32-1123] No candidate cells found for Shift Register to Pipeline optimization
INFO: [Physopt 32-775] End 2 Pass. Optimized 0 net or cell. Created 0 new cell, deleted 0 existing cell and moved 0 existing cell
INFO: [Physopt 32-1401] No candidate cells found for Shift Register optimization.
INFO: [Physopt 32-677] No candidate cells for Shift Register optimization found in the design
INFO: [Physopt 32-775] End 1 Pass. Optimized 0 net or cell. Created 0 new cell, deleted 0 existing cell and moved 0 existing cell
INFO: [Physopt 32-526] No candidate cells for BRAM register optimization found in the design
INFO: [Physopt 32-775] End 1 Pass. Optimized 0 net or cell. Created 0 new cell, deleted 0 existing cell and moved 0 existing cell
INFO: [Physopt 32-846] No candidate cells for URAM register optimization found in the design
INFO: [Physopt 32-775] End 1 Pass. Optimized 0 net or cell. Created 0 new cell, deleted 0 existing cell and moved 0 existing cell
INFO: [Physopt 32-846] No candidate cells for URAM register optimization found in the design
INFO: [Physopt 32-775] End 1 Pass. Optimized 0 net or cell. Created 0 new cell, deleted 0 existing cell and moved 0 existing cell
INFO: [Physopt 32-949] No candidate nets found for dynamic/static region interface net replication
INFO: [Physopt 32-775] End 1 Pass. Optimized 0 net or cell. Created 0 new cell, deleted 0 existing cell and moved 0 existing cell
Netlist sorting complete. Time (s): cpu = 00:00:00.02 ; elapsed = 00:00:00.02 . Memory (MB): peak = 5708.617 ; gain = 0.000 ; free physical = 224459 ; free virtual = 241761

Summary of Physical Synthesis Optimizations
============================================


-----------------------------------------------------------------------------------------------------------------------------------------------------------
|  Optimization                                     |  Added Cells  |  Removed Cells  |  Optimized Cells/Nets  |  Dont Touch  |  Iterations  |  Elapsed   |
-----------------------------------------------------------------------------------------------------------------------------------------------------------
|  LUT Combining                                    |            0  |            487  |                   487  |           0  |           1  |  00:00:04  |
|  Retime                                           |            0  |              0  |                     0  |           0  |           1  |  00:00:00  |
|  Equivalent Driver Rewiring                       |            0  |             14  |                    60  |           0  |           1  |  00:00:21  |
|  Very High Fanout                                 |            0  |              0  |                     0  |           0  |           1  |  00:00:01  |
|  DSP Register                                     |            0  |              0  |                     0  |           0  |           1  |  00:00:00  |
|  Shift Register to Pipeline                       |            0  |              0  |                     0  |           0  |           1  |  00:00:00  |
|  Shift Register                                   |            0  |              0  |                     0  |           0  |           1  |  00:00:00  |
|  BRAM Register                                    |            0  |              0  |                     0  |           0  |           1  |  00:00:00  |
|  URAM Register                                    |            0  |              0  |                     0  |           0  |           1  |  00:00:00  |
|  Dynamic/Static Region Interface Net Replication  |            0  |              0  |                     0  |           0  |           1  |  00:00:00  |
|  Total                                            |            0  |            501  |                   547  |           0  |          10  |  00:00:26  |
-----------------------------------------------------------------------------------------------------------------------------------------------------------


Phase 2.4.2 Physical Synthesis In Placer | Checksum: fc34f280

Time (s): cpu = 00:07:47 ; elapsed = 00:04:02 . Memory (MB): peak = 5708.617 ; gain = 1008.520 ; free physical = 224454 ; free virtual = 241756
Phase 2.4 Global Placement Core | Checksum: 203c5afcd

Time (s): cpu = 00:08:56 ; elapsed = 00:04:26 . Memory (MB): peak = 5708.617 ; gain = 1008.520 ; free physical = 224548 ; free virtual = 241850
Phase 2 Global Placement | Checksum: 203c5afcd

Time (s): cpu = 00:08:56 ; elapsed = 00:04:26 . Memory (MB): peak = 5708.617 ; gain = 1008.520 ; free physical = 224548 ; free virtual = 241850

Phase 3 Detail Placement

Phase 3.1 Commit Multi Column Macros
Phase 3.1 Commit Multi Column Macros | Checksum: 203f542a2

Time (s): cpu = 00:09:29 ; elapsed = 00:04:37 . Memory (MB): peak = 5708.617 ; gain = 1008.520 ; free physical = 224540 ; free virtual = 241842

Phase 3.2 Commit Most Macros & LUTRAMs
Phase 3.2 Commit Most Macros & LUTRAMs | Checksum: 1154862b7

Time (s): cpu = 00:09:55 ; elapsed = 00:04:52 . Memory (MB): peak = 5708.617 ; gain = 1008.520 ; free physical = 224535 ; free virtual = 241837

Phase 3.3 Small Shape DP

Phase 3.3.1 Small Shape Clustering
Phase 3.3.1 Small Shape Clustering | Checksum: 1bea7bcc4

Time (s): cpu = 00:11:01 ; elapsed = 00:05:19 . Memory (MB): peak = 5708.617 ; gain = 1008.520 ; free physical = 224691 ; free virtual = 241993

Phase 3.3.2 Slice Area Swap

Phase 3.3.2.1 Slice Area Swap Initial
Phase 3.3.2.1 Slice Area Swap Initial | Checksum: 155fd79ed

Time (s): cpu = 00:11:51 ; elapsed = 00:06:09 . Memory (MB): peak = 5708.617 ; gain = 1008.520 ; free physical = 224648 ; free virtual = 241950
Phase 3.3.2 Slice Area Swap | Checksum: 155fd79ed

Time (s): cpu = 00:11:51 ; elapsed = 00:06:10 . Memory (MB): peak = 5708.617 ; gain = 1008.520 ; free physical = 224648 ; free virtual = 241950
Phase 3.3 Small Shape DP | Checksum: 2501b64e3

Time (s): cpu = 00:12:32 ; elapsed = 00:06:22 . Memory (MB): peak = 5708.617 ; gain = 1008.520 ; free physical = 224636 ; free virtual = 241938

Phase 3.4 Re-assign LUT pins
Phase 3.4 Re-assign LUT pins | Checksum: 235795c4c

Time (s): cpu = 00:12:42 ; elapsed = 00:06:32 . Memory (MB): peak = 5708.617 ; gain = 1008.520 ; free physical = 224633 ; free virtual = 241935

Phase 3.5 Pipeline Register Optimization
Phase 3.5 Pipeline Register Optimization | Checksum: 1b479d112

Time (s): cpu = 00:12:43 ; elapsed = 00:06:34 . Memory (MB): peak = 5708.617 ; gain = 1008.520 ; free physical = 224632 ; free virtual = 241934
Phase 3 Detail Placement | Checksum: 1b479d112

Time (s): cpu = 00:12:44 ; elapsed = 00:06:35 . Memory (MB): peak = 5708.617 ; gain = 1008.520 ; free physical = 224631 ; free virtual = 241933

Phase 4 Post Placement Optimization and Clean-Up

Phase 4.1 Post Commit Optimization
INFO: [Timing 38-35] Done setting XDC timing constraints.

Phase 4.1.1 Post Placement Optimization
Post Placement Optimization Initialization | Checksum: 1ca37b572

Phase 4.1.1.1 BUFG Insertion

Starting Physical Synthesis Task

Phase 1 Physical Synthesis Initialization
INFO: [Physopt 32-721] Multithreading enabled for phys_opt_design using a maximum of 4 CPUs
INFO: [Physopt 32-619] Estimated Timing Summary | WNS=0.505 | TNS=0.000 |
Phase 1 Physical Synthesis Initialization | Checksum: 1443eb4e9

Time (s): cpu = 00:00:07 ; elapsed = 00:00:03 . Memory (MB): peak = 5708.617 ; gain = 0.000 ; free physical = 224602 ; free virtual = 241904
INFO: [Place 46-35] Processed net vit_system_i/vit_phase_e_axi_0/inst/u_core/u_profile_counters/read_first_seen, inserted BUFG to drive 12302 loads.
INFO: [Place 46-35] Processed net vit_system_i/vit_phase_e_axi_0/inst/u_core/compute_rst, inserted BUFG to drive 9024 loads.
INFO: [Place 46-35] Processed net vit_system_i/vit_phase_e_axi_0/inst/u_core/u_profile_counters/profile_running_o, inserted BUFG to drive 6465 loads.
INFO: [Place 46-45] Replicated bufg driver vit_system_i/vit_phase_e_axi_0/inst/u_core/u_profile_counters/profile_running_o_reg_replica
INFO: [Place 46-35] Processed net vit_system_i/vit_phase_e_axi_0/inst/u_core/u_profile_counters/global_published, inserted BUFG to drive 6146 loads.
INFO: [Place 46-35] Processed net vit_system_i/vit_phase_e_axi_0/inst/u_core/u_npu/u_engine/u_gemm/gen_fp16.u_fp16/panel1_activation_q, inserted BUFG to drive 5184 loads.
INFO: [Place 46-35] Processed net vit_system_i/vit_phase_e_axi_0/inst/u_core/u_npu/u_engine/u_gemm/gen_fp16.u_fp16/activation_q, inserted BUFG to drive 5184 loads.
INFO: [Place 46-32] Processed net vit_system_i/vit_phase_e_axi_0/inst/u_core/u_npu/u_engine/u_gemm/gen_fp16.u_fp16/u_stream_array/lane_valid_q, BUFG insertion was skipped because the netlist editing failed.
INFO: [Place 46-35] Processed net vit_system_i/vit_phase_e_axi_0/inst/u_core/u_m7_overlap_counters/published, inserted BUFG to drive 2834 loads.
INFO: [Place 46-35] Processed net vit_system_i/vit_phase_e_axi_0/inst/u_core/adapter_aresetn, inserted BUFG to drive 2035 loads.
INFO: [Place 46-35] Processed net vit_system_i/proc_sys_reset_0/U0/peripheral_aresetn[0], inserted BUFG to drive 1562 loads.
INFO: [Place 46-45] Replicated bufg driver vit_system_i/proc_sys_reset_0/U0/ACTIVE_LOW_PR_OUT_DFF[0].FDRE_PER_N_replica
INFO: [Place 46-35] Processed net vit_system_i/vit_phase_e_axi_0/inst/u_core/u_m7_overlap_counters/status_o[0], inserted BUFG to drive 1381 loads.
INFO: [Place 46-45] Replicated bufg driver vit_system_i/vit_phase_e_axi_0/inst/u_core/u_m7_overlap_counters/running_o_reg_replica
INFO: [Place 46-35] Processed net vit_system_i/vit_phase_e_axi_0/inst/u_core/u_m7_overlap_counters/published[22][1]_i_2_n_0, inserted BUFG to drive 1381 loads.
INFO: [Place 46-35] Processed net vit_system_i/vit_phase_e_axi_0/inst/u_core/u_m5_axi_counters/published, inserted BUFG to drive 1097 loads.
INFO: [Place 46-35] Processed net vit_system_i/vit_phase_e_axi_0/inst/u_core/u_npu/u_engine/u_vector/lane_mask_shift, inserted BUFG to drive 1040 loads.
INFO: [Place 46-56] BUFG insertion identified 14 candidate nets. Inserted BUFG: 13, Replicated BUFG Driver: 3, Skipped due to Placement/Routing Conflicts: 0, Skipped due to Timing Degradation: 0, Skipped due to netlist editing failed: 1.
Ending Physical Synthesis Task | Checksum: 22b04d742

Time (s): cpu = 00:00:30 ; elapsed = 00:00:20 . Memory (MB): peak = 5708.617 ; gain = 0.000 ; free physical = 224586 ; free virtual = 241888
Phase 4.1.1.1 BUFG Insertion | Checksum: 17dc3272a

Time (s): cpu = 00:14:41 ; elapsed = 00:07:29 . Memory (MB): peak = 5708.617 ; gain = 1008.520 ; free physical = 224584 ; free virtual = 241887

Phase 4.1.1.2 Post Placement Timing Optimization
INFO: [Place 30-746] Post Placement Timing Summary WNS=0.505. For the most accurate timing information please run report_timing.
Phase 4.1.1.2 Post Placement Timing Optimization | Checksum: 214bebf00

Time (s): cpu = 00:14:43 ; elapsed = 00:07:30 . Memory (MB): peak = 5708.617 ; gain = 1008.520 ; free physical = 224584 ; free virtual = 241886

Time (s): cpu = 00:14:43 ; elapsed = 00:07:30 . Memory (MB): peak = 5708.617 ; gain = 1008.520 ; free physical = 224584 ; free virtual = 241886
Phase 4.1 Post Commit Optimization | Checksum: 214bebf00

Time (s): cpu = 00:14:44 ; elapsed = 00:07:31 . Memory (MB): peak = 5708.617 ; gain = 1008.520 ; free physical = 224583 ; free virtual = 241885
Netlist sorting complete. Time (s): cpu = 00:00:00.51 ; elapsed = 00:00:00.51 . Memory (MB): peak = 5784.613 ; gain = 0.000 ; free physical = 224411 ; free virtual = 241714

Phase 4.2 Post Placement Cleanup
Phase 4.2 Post Placement Cleanup | Checksum: 2364ddbaa

Time (s): cpu = 00:15:15 ; elapsed = 00:07:48 . Memory (MB): peak = 5784.613 ; gain = 1084.516 ; free physical = 224409 ; free virtual = 241711

Phase 4.3 Placer Reporting

Phase 4.3.1 Print Estimated Congestion
INFO: [Place 30-612] Post-Placement Estimated Congestion 
 ________________________________________________________________________
|           | Global Congestion | Long Congestion   | Short Congestion  |
| Direction | Region Size       | Region Size       | Region Size       |
|___________|___________________|___________________|___________________|
|      North|                1x1|                1x1|                8x8|
|___________|___________________|___________________|___________________|
|      South|                4x4|                4x4|                8x8|
|___________|___________________|___________________|___________________|
|       East|                1x1|                1x1|                8x8|
|___________|___________________|___________________|___________________|
|       West|                1x1|                1x1|              16x16|
|___________|___________________|___________________|___________________|

Phase 4.3.1 Print Estimated Congestion | Checksum: 2364ddbaa

Time (s): cpu = 00:15:16 ; elapsed = 00:07:49 . Memory (MB): peak = 5784.613 ; gain = 1084.516 ; free physical = 224407 ; free virtual = 241710
Phase 4.3 Placer Reporting | Checksum: 2364ddbaa

Time (s): cpu = 00:15:17 ; elapsed = 00:07:50 . Memory (MB): peak = 5784.613 ; gain = 1084.516 ; free physical = 224407 ; free virtual = 241710

Phase 4.4 Final Placement Cleanup
Netlist sorting complete. Time (s): cpu = 00:00:00.02 ; elapsed = 00:00:00.02 . Memory (MB): peak = 5784.613 ; gain = 0.000 ; free physical = 224407 ; free virtual = 241710

Time (s): cpu = 00:15:17 ; elapsed = 00:07:50 . Memory (MB): peak = 5784.613 ; gain = 1084.516 ; free physical = 224407 ; free virtual = 241710
Phase 4 Post Placement Optimization and Clean-Up | Checksum: 28c048ce6

Time (s): cpu = 00:15:18 ; elapsed = 00:07:51 . Memory (MB): peak = 5784.613 ; gain = 1084.516 ; free physical = 224407 ; free virtual = 241709
Ending Placer Task | Checksum: 1a5ed5a5d

Time (s): cpu = 00:15:19 ; elapsed = 00:07:52 . Memory (MB): peak = 5784.613 ; gain = 1084.516 ; free physical = 224404 ; free virtual = 241706
117 Infos, 204 Warnings, 0 Critical Warnings and 0 Errors encountered.
place_design completed successfully
place_design: Time (s): cpu = 00:15:27 ; elapsed = 00:07:55 . Memory (MB): peak = 5784.613 ; gain = 1084.516 ; free physical = 224404 ; free virtual = 241706
INFO: [runtcl-4] Executing : report_io -file vit_system_wrapper_io_placed.rpt
report_io: Time (s): cpu = 00:00:00.16 ; elapsed = 00:00:00.31 . Memory (MB): peak = 5784.613 ; gain = 0.000 ; free physical = 224404 ; free virtual = 241706
INFO: [runtcl-4] Executing : report_utilization -file vit_system_wrapper_utilization_placed.rpt -pb vit_system_wrapper_utilization_placed.pb
INFO: [runtcl-4] Executing : report_control_sets -verbose -file vit_system_wrapper_control_sets_placed.rpt
report_control_sets: Time (s): cpu = 00:00:00.31 ; elapsed = 00:00:00.46 . Memory (MB): peak = 5784.613 ; gain = 0.000 ; free physical = 224399 ; free virtual = 241702
INFO: [Timing 38-480] Writing timing data to binary archive.
Write ShapeDB Complete: Time (s): cpu = 00:00:02 ; elapsed = 00:00:00.46 . Memory (MB): peak = 5784.613 ; gain = 0.000 ; free physical = 224351 ; free virtual = 241700
Wrote PlaceDB: Time (s): cpu = 00:00:18 ; elapsed = 00:00:07 . Memory (MB): peak = 5784.613 ; gain = 0.000 ; free physical = 224219 ; free virtual = 241686
Wrote PulsedLatchDB: Time (s): cpu = 00:00:00 ; elapsed = 00:00:00 . Memory (MB): peak = 5784.613 ; gain = 0.000 ; free physical = 224219 ; free virtual = 241686
Writing XDEF routing.
Writing XDEF routing logical nets.
Writing XDEF routing special nets.
Wrote RouteStorage: Time (s): cpu = 00:00:00.5 ; elapsed = 00:00:00.28 . Memory (MB): peak = 5784.613 ; gain = 0.000 ; free physical = 224219 ; free virtual = 241688
Wrote Netlist Cache: Time (s): cpu = 00:00:00.19 ; elapsed = 00:00:00.2 . Memory (MB): peak = 5784.613 ; gain = 0.000 ; free physical = 224203 ; free virtual = 241688
Wrote Device Cache: Time (s): cpu = 00:00:00.02 ; elapsed = 00:00:00.02 . Memory (MB): peak = 5784.613 ; gain = 0.000 ; free physical = 224203 ; free virtual = 241691
Write Physdb Complete: Time (s): cpu = 00:00:19 ; elapsed = 00:00:07 . Memory (MB): peak = 5784.613 ; gain = 0.000 ; free physical = 224203 ; free virtual = 241691
report_design_analysis: Time (s): cpu = 00:00:16 ; elapsed = 00:00:09 . Memory (MB): peak = 5784.613 ; gain = 0.000 ; free physical = 224196 ; free virtual = 241684
INFO: [Common 17-1381] The checkpoint '/home/s23520579/Vivado_project/vit_m8_board_candidate_67c18532_workspace_20260809/vivado_server_307_perf_v1_m8_nongemm_nodsp_2023_2/VIT_googlebase_rtl/ViT_googlebase/ViT_googlebase.runs/impl_1/vit_system_wrapper_placed.dcp' has been generated.
write_checkpoint: Time (s): cpu = 00:00:41 ; elapsed = 00:00:22 . Memory (MB): peak = 5784.613 ; gain = 0.000 ; free physical = 224322 ; free virtual = 241675
Command: phys_opt_design
Attempting to get a license for feature 'Implementation' and/or device 'xczu5ev'
INFO: [Common 17-349] Got license for feature 'Implementation' and/or device 'xczu5ev'

Starting Initial Update Timing Task

Time (s): cpu = 00:01:06 ; elapsed = 00:00:22 . Memory (MB): peak = 5784.613 ; gain = 0.000 ; free physical = 224332 ; free virtual = 241685
INFO: [Vivado_Tcl 4-383] Design worst setup slack (WNS) is greater than or equal to 0.000 ns. Skipping all physical synthesis optimizations.
INFO: [Vivado_Tcl 4-232] No setup violation found. The netlist was not modified.
INFO: [Common 17-83] Releasing license: Implementation
126 Infos, 204 Warnings, 0 Critical Warnings and 0 Errors encountered.
phys_opt_design completed successfully
phys_opt_design: Time (s): cpu = 00:01:07 ; elapsed = 00:00:23 . Memory (MB): peak = 5784.613 ; gain = 0.000 ; free physical = 224332 ; free virtual = 241685
INFO: [Timing 38-480] Writing timing data to binary archive.
Write ShapeDB Complete: Time (s): cpu = 00:00:02 ; elapsed = 00:00:00.41 . Memory (MB): peak = 5784.613 ; gain = 0.000 ; free physical = 224270 ; free virtual = 241666
Wrote PlaceDB: Time (s): cpu = 00:00:18 ; elapsed = 00:00:07 . Memory (MB): peak = 5784.613 ; gain = 0.000 ; free physical = 224157 ; free virtual = 241674
Wrote PulsedLatchDB: Time (s): cpu = 00:00:00 ; elapsed = 00:00:00 . Memory (MB): peak = 5784.613 ; gain = 0.000 ; free physical = 224157 ; free virtual = 241674
Writing XDEF routing.
Writing XDEF routing logical nets.
Writing XDEF routing special nets.
Wrote RouteStorage: Time (s): cpu = 00:00:00.53 ; elapsed = 00:00:00.28 . Memory (MB): peak = 5784.613 ; gain = 0.000 ; free physical = 224150 ; free virtual = 241668
Wrote Netlist Cache: Time (s): cpu = 00:00:00.23 ; elapsed = 00:00:00.21 . Memory (MB): peak = 5784.613 ; gain = 0.000 ; free physical = 224142 ; free virtual = 241676
Wrote Device Cache: Time (s): cpu = 00:00:00.02 ; elapsed = 00:00:00.02 . Memory (MB): peak = 5784.613 ; gain = 0.000 ; free physical = 224134 ; free virtual = 241671
Write Physdb Complete: Time (s): cpu = 00:00:18 ; elapsed = 00:00:07 . Memory (MB): peak = 5784.613 ; gain = 0.000 ; free physical = 224134 ; free virtual = 241671
INFO: [Common 17-1381] The checkpoint '/home/s23520579/Vivado_project/vit_m8_board_candidate_67c18532_workspace_20260809/vivado_server_307_perf_v1_m8_nongemm_nodsp_2023_2/VIT_googlebase_rtl/ViT_googlebase/ViT_googlebase.runs/impl_1/vit_system_wrapper_physopt.dcp' has been generated.
write_checkpoint: Time (s): cpu = 00:00:24 ; elapsed = 00:00:13 . Memory (MB): peak = 5784.613 ; gain = 0.000 ; free physical = 224256 ; free virtual = 241658
Command: route_design
Attempting to get a license for feature 'Implementation' and/or device 'xczu5ev'
INFO: [Common 17-349] Got license for feature 'Implementation' and/or device 'xczu5ev'
Running DRC as a precondition to command route_design
INFO: [DRC 23-27] Running DRC with 4 threads
INFO: [Vivado_Tcl 4-198] DRC finished with 0 Errors
INFO: [Vivado_Tcl 4-199] Please refer to the DRC report (report_drc) for more information.


Starting Routing Task
INFO: [Route 35-254] Multithreading enabled for route_design using a maximum of 4 CPUs

Phase 1 Build RT Design
Checksum: PlaceDB: a60ce5f5 ConstDB: 0 ShapeSum: de5157be RouteDB: 218f1caa
Nodegraph reading from file.  Time (s): cpu = 00:00:00.61 ; elapsed = 00:00:00.62 . Memory (MB): peak = 5784.613 ; gain = 0.000 ; free physical = 224249 ; free virtual = 241652
Post Restoration Checksum: NetGraph: 6516fa2d | NumContArr: 7b307940 | Constraints: 86cca83f | Timing: c2a8fa9d
Phase 1 Build RT Design | Checksum: 229bd1649

Time (s): cpu = 00:01:14 ; elapsed = 00:00:16 . Memory (MB): peak = 5784.613 ; gain = 0.000 ; free physical = 224240 ; free virtual = 241642

Phase 2 Router Initialization

Phase 2.1 Fix Topology Constraints
Phase 2.1 Fix Topology Constraints | Checksum: 229bd1649

Time (s): cpu = 00:01:15 ; elapsed = 00:00:16 . Memory (MB): peak = 5784.613 ; gain = 0.000 ; free physical = 224240 ; free virtual = 241643

Phase 2.2 Pre Route Cleanup
Phase 2.2 Pre Route Cleanup | Checksum: 229bd1649

Time (s): cpu = 00:01:16 ; elapsed = 00:00:17 . Memory (MB): peak = 5784.613 ; gain = 0.000 ; free physical = 224240 ; free virtual = 241643

Phase 2.3 Global Clock Net Routing
 Number of Nodes with overlaps = 0
Phase 2.3 Global Clock Net Routing | Checksum: 244a1e0bc

Time (s): cpu = 00:01:31 ; elapsed = 00:00:28 . Memory (MB): peak = 5784.613 ; gain = 0.000 ; free physical = 224239 ; free virtual = 241641

Phase 2.4 Update Timing
Phase 2.4 Update Timing | Checksum: 1cb11a9e2

Time (s): cpu = 00:02:20 ; elapsed = 00:00:50 . Memory (MB): peak = 5784.613 ; gain = 0.000 ; free physical = 224254 ; free virtual = 241657
INFO: [Route 35-416] Intermediate Timing Summary | WNS=1.269  | TNS=0.000  | WHS=-0.065 | THS=-3.994 |


Router Utilization Summary
  Global Vertical Routing Utilization    = 0.0449986 %
  Global Horizontal Routing Utilization  = 0.0244959 %
  Routable Net Status*
  *Does not include unroutable nets such as driverless and loadless.
  Run report_route_status for detailed report.
  Number of Failed Nets               = 137843
    (Failed Nets is the sum of unrouted and partially routed nets)
  Number of Unrouted Nets             = 89485
  Number of Partially Routed Nets     = 48358
  Number of Node Overlaps             = 313

Phase 2 Router Initialization | Checksum: 227c01904

Time (s): cpu = 00:03:29 ; elapsed = 00:01:21 . Memory (MB): peak = 5784.613 ; gain = 0.000 ; free physical = 224252 ; free virtual = 241655

Phase 3 Initial Routing

Phase 3.1 Global Routing
Phase 3.1 Global Routing | Checksum: 227c01904

Time (s): cpu = 00:03:30 ; elapsed = 00:01:21 . Memory (MB): peak = 5784.613 ; gain = 0.000 ; free physical = 224252 ; free virtual = 241655

Phase 3.2 Initial Net Routing
Phase 3.2 Initial Net Routing | Checksum: 1c2f70726

Time (s): cpu = 00:05:44 ; elapsed = 00:02:21 . Memory (MB): peak = 5998.613 ; gain = 214.000 ; free physical = 224037 ; free virtual = 241440
Phase 3 Initial Routing | Checksum: 23e1cad3f

Time (s): cpu = 00:05:48 ; elapsed = 00:02:22 . Memory (MB): peak = 5998.613 ; gain = 214.000 ; free physical = 224037 ; free virtual = 241440

Phase 4 Rip-up And Reroute

Phase 4.1 Global Iteration 0
 Number of Nodes with overlaps = 59042
 Number of Nodes with overlaps = 5906
 Number of Nodes with overlaps = 1008
 Number of Nodes with overlaps = 288
 Number of Nodes with overlaps = 94
 Number of Nodes with overlaps = 24
 Number of Nodes with overlaps = 16
 Number of Nodes with overlaps = 9
 Number of Nodes with overlaps = 5
 Number of Nodes with overlaps = 5
 Number of Nodes with overlaps = 2
 Number of Nodes with overlaps = 1
 Number of Nodes with overlaps = 0
INFO: [Route 35-416] Intermediate Timing Summary | WNS=-0.208 | TNS=-0.923 | WHS=-0.005 | THS=-0.006 |

Phase 4.1 Global Iteration 0 | Checksum: 293a626f5

Time (s): cpu = 00:24:07 ; elapsed = 00:13:52 . Memory (MB): peak = 5998.613 ; gain = 214.000 ; free physical = 224026 ; free virtual = 241426

Phase 4.2 Global Iteration 1
 Number of Nodes with overlaps = 2725
 Number of Nodes with overlaps = 387
 Number of Nodes with overlaps = 98
 Number of Nodes with overlaps = 19
 Number of Nodes with overlaps = 8
 Number of Nodes with overlaps = 2
 Number of Nodes with overlaps = 1
 Number of Nodes with overlaps = 1
 Number of Nodes with overlaps = 1
 Number of Nodes with overlaps = 1
 Number of Nodes with overlaps = 1
 Number of Nodes with overlaps = 0
INFO: [Route 35-416] Intermediate Timing Summary | WNS=0.032  | TNS=0.000  | WHS=N/A    | THS=N/A    |

Phase 4.2 Global Iteration 1 | Checksum: 1f0a78b80

Time (s): cpu = 00:26:13 ; elapsed = 00:15:09 . Memory (MB): peak = 5998.613 ; gain = 214.000 ; free physical = 223986 ; free virtual = 241386

Phase 4.3 Global Iteration 2
 Number of Nodes with overlaps = 838
 Number of Nodes with overlaps = 150
 Number of Nodes with overlaps = 61
 Number of Nodes with overlaps = 17
 Number of Nodes with overlaps = 13
 Number of Nodes with overlaps = 4
 Number of Nodes with overlaps = 4
 Number of Nodes with overlaps = 3
 Number of Nodes with overlaps = 3
 Number of Nodes with overlaps = 3
 Number of Nodes with overlaps = 3
 Number of Nodes with overlaps = 1
 Number of Nodes with overlaps = 0
INFO: [Route 35-416] Intermediate Timing Summary | WNS=-0.351 | TNS=-8.946 | WHS=N/A    | THS=N/A    |

Phase 4.3 Global Iteration 2 | Checksum: 213bcd71f

Time (s): cpu = 00:27:40 ; elapsed = 00:16:12 . Memory (MB): peak = 5998.613 ; gain = 214.000 ; free physical = 223967 ; free virtual = 241367
Phase 4 Rip-up And Reroute | Checksum: 213bcd71f

Time (s): cpu = 00:27:41 ; elapsed = 00:16:12 . Memory (MB): peak = 5998.613 ; gain = 214.000 ; free physical = 223967 ; free virtual = 241367

Phase 5 Delay and Skew Optimization

Phase 5.1 Delay CleanUp

Phase 5.1.1 Update Timing
Phase 5.1.1 Update Timing | Checksum: 1e5df42d5

Time (s): cpu = 00:28:26 ; elapsed = 00:16:29 . Memory (MB): peak = 5998.613 ; gain = 214.000 ; free physical = 223962 ; free virtual = 241362
INFO: [Route 35-416] Intermediate Timing Summary | WNS=0.032  | TNS=0.000  | WHS=0.010  | THS=0.000  |


Phase 5.1.2 Update Timing
Phase 5.1.2 Update Timing | Checksum: 19e54c76c

Time (s): cpu = 00:28:59 ; elapsed = 00:16:42 . Memory (MB): peak = 5998.613 ; gain = 214.000 ; free physical = 223956 ; free virtual = 241356
INFO: [Route 35-416] Intermediate Timing Summary | WNS=0.032  | TNS=0.000  | WHS=0.010  | THS=0.000  |

Phase 5.1 Delay CleanUp | Checksum: 19e54c76c

Time (s): cpu = 00:29:00 ; elapsed = 00:16:42 . Memory (MB): peak = 5998.613 ; gain = 214.000 ; free physical = 223956 ; free virtual = 241356

Phase 5.2 Clock Skew Optimization
Phase 5.2 Clock Skew Optimization | Checksum: 19e54c76c

Time (s): cpu = 00:29:01 ; elapsed = 00:16:42 . Memory (MB): peak = 5998.613 ; gain = 214.000 ; free physical = 223956 ; free virtual = 241356
Phase 5 Delay and Skew Optimization | Checksum: 19e54c76c

Time (s): cpu = 00:29:01 ; elapsed = 00:16:42 . Memory (MB): peak = 5998.613 ; gain = 214.000 ; free physical = 223956 ; free virtual = 241356

Phase 6 Post Hold Fix

Phase 6.1 Hold Fix Iter

Phase 6.1.1 Update Timing
Phase 6.1.1 Update Timing | Checksum: 111ff14ee

Time (s): cpu = 00:29:35 ; elapsed = 00:16:55 . Memory (MB): peak = 5998.613 ; gain = 214.000 ; free physical = 223957 ; free virtual = 241357
INFO: [Route 35-416] Intermediate Timing Summary | WNS=0.032  | TNS=0.000  | WHS=0.010  | THS=0.000  |

Phase 6.1 Hold Fix Iter | Checksum: 1d2c7926c

Time (s): cpu = 00:29:35 ; elapsed = 00:16:55 . Memory (MB): peak = 5998.613 ; gain = 214.000 ; free physical = 223957 ; free virtual = 241357
Phase 6 Post Hold Fix | Checksum: 1d2c7926c

Time (s): cpu = 00:29:36 ; elapsed = 00:16:55 . Memory (MB): peak = 5998.613 ; gain = 214.000 ; free physical = 223957 ; free virtual = 241357

Phase 7 Route finalize

Router Utilization Summary
  Global Vertical Routing Utilization    = 33.2761 %
  Global Horizontal Routing Utilization  = 29.9005 %
  Routable Net Status*
  *Does not include unroutable nets such as driverless and loadless.
  Run report_route_status for detailed report.
  Number of Failed Nets               = 0
    (Failed Nets is the sum of unrouted and partially routed nets)
  Number of Unrouted Nets             = 0
  Number of Partially Routed Nets     = 0
  Number of Node Overlaps             = 0

Phase 7 Route finalize | Checksum: 1d2c7926c

Time (s): cpu = 00:29:39 ; elapsed = 00:16:56 . Memory (MB): peak = 5998.613 ; gain = 214.000 ; free physical = 223957 ; free virtual = 241357

Phase 8 Verifying routed nets

 Verification completed successfully
Phase 8 Verifying routed nets | Checksum: 1d2c7926c

Time (s): cpu = 00:29:40 ; elapsed = 00:16:57 . Memory (MB): peak = 5998.613 ; gain = 214.000 ; free physical = 223956 ; free virtual = 241356

Phase 9 Depositing Routes
Phase 9 Depositing Routes | Checksum: 1d2c7926c

Time (s): cpu = 00:29:58 ; elapsed = 00:17:10 . Memory (MB): peak = 5998.613 ; gain = 214.000 ; free physical = 223957 ; free virtual = 241357

Phase 10 Resolve XTalk
Phase 10 Resolve XTalk | Checksum: 1d2c7926c

Time (s): cpu = 00:30:00 ; elapsed = 00:17:11 . Memory (MB): peak = 5998.613 ; gain = 214.000 ; free physical = 223957 ; free virtual = 241357

Phase 11 Post Router Timing
INFO: [Route 35-57] Estimated Timing Summary | WNS=0.032  | TNS=0.000  | WHS=0.010  | THS=0.000  |

INFO: [Route 35-327] The final timing numbers are based on the router estimated timing analysis. For a complete and accurate timing signoff, please run report_timing_summary.
Phase 11 Post Router Timing | Checksum: 1d2c7926c

Time (s): cpu = 00:30:14 ; elapsed = 00:17:15 . Memory (MB): peak = 5998.613 ; gain = 214.000 ; free physical = 223956 ; free virtual = 241356
INFO: [Route 35-16] Router Completed Successfully

Phase 12 Post-Route Event Processing
Phase 12 Post-Route Event Processing | Checksum: 15362abfc

Time (s): cpu = 00:30:19 ; elapsed = 00:17:20 . Memory (MB): peak = 5998.613 ; gain = 214.000 ; free physical = 223949 ; free virtual = 241349
Ending Routing Task | Checksum: 15362abfc

Time (s): cpu = 00:30:23 ; elapsed = 00:17:24 . Memory (MB): peak = 5998.613 ; gain = 214.000 ; free physical = 223942 ; free virtual = 241342

Routing Is Done.
INFO: [Common 17-83] Releasing license: Implementation
144 Infos, 204 Warnings, 0 Critical Warnings and 0 Errors encountered.
route_design completed successfully
route_design: Time (s): cpu = 00:30:39 ; elapsed = 00:17:34 . Memory (MB): peak = 5998.613 ; gain = 214.000 ; free physical = 223942 ; free virtual = 241342
INFO: [runtcl-4] Executing : report_drc -file vit_system_wrapper_drc_routed.rpt -pb vit_system_wrapper_drc_routed.pb -rpx vit_system_wrapper_drc_routed.rpx
Command: report_drc -file vit_system_wrapper_drc_routed.rpt -pb vit_system_wrapper_drc_routed.pb -rpx vit_system_wrapper_drc_routed.rpx
INFO: [IP_Flow 19-1839] IP Catalog is up to date.
INFO: [DRC 23-27] Running DRC with 4 threads
INFO: [Vivado_Tcl 2-168] The results of DRC are in file /home/s23520579/Vivado_project/vit_m8_board_candidate_67c18532_workspace_20260809/vivado_server_307_perf_v1_m8_nongemm_nodsp_2023_2/VIT_googlebase_rtl/ViT_googlebase/ViT_googlebase.runs/impl_1/vit_system_wrapper_drc_routed.rpt.
report_drc completed successfully
report_drc: Time (s): cpu = 00:00:34 ; elapsed = 00:00:12 . Memory (MB): peak = 6022.625 ; gain = 24.012 ; free physical = 223955 ; free virtual = 241355
INFO: [runtcl-4] Executing : report_methodology -file vit_system_wrapper_methodology_drc_routed.rpt -pb vit_system_wrapper_methodology_drc_routed.pb -rpx vit_system_wrapper_methodology_drc_routed.rpx
Command: report_methodology -file vit_system_wrapper_methodology_drc_routed.rpt -pb vit_system_wrapper_methodology_drc_routed.pb -rpx vit_system_wrapper_methodology_drc_routed.rpx
INFO: [Timing 38-35] Done setting XDC timing constraints.
INFO: [DRC 23-133] Running Methodology with 4 threads
INFO: [Vivado_Tcl 2-1520] The results of Report Methodology are in file /home/s23520579/Vivado_project/vit_m8_board_candidate_67c18532_workspace_20260809/vivado_server_307_perf_v1_m8_nongemm_nodsp_2023_2/VIT_googlebase_rtl/ViT_googlebase/ViT_googlebase.runs/impl_1/vit_system_wrapper_methodology_drc_routed.rpt.
report_methodology completed successfully
report_methodology: Time (s): cpu = 00:01:48 ; elapsed = 00:00:36 . Memory (MB): peak = 6022.625 ; gain = 0.000 ; free physical = 223948 ; free virtual = 241348
INFO: [runtcl-4] Executing : report_power -file vit_system_wrapper_power_routed.rpt -pb vit_system_wrapper_power_summary_routed.pb -rpx vit_system_wrapper_power_routed.rpx
Command: report_power -file vit_system_wrapper_power_routed.rpt -pb vit_system_wrapper_power_summary_routed.pb -rpx vit_system_wrapper_power_routed.rpx
INFO: [Timing 38-35] Done setting XDC timing constraints.
Running Vector-less Activity Propagation...

Finished Running Vector-less Activity Propagation
WARNING: [Power 33-332] Found switching activity that implies high-fanout reset nets being asserted for excessive periods of time which may result in inaccurate power analysis.
Resolution: To review and fix problems, please run Power Constraints Advisor in the GUI from Tools > Power Constraints Advisor or run report_power with the -advisory option to generate a text report.
154 Infos, 205 Warnings, 0 Critical Warnings and 0 Errors encountered.
report_power completed successfully
report_power: Time (s): cpu = 00:01:12 ; elapsed = 00:00:33 . Memory (MB): peak = 6022.625 ; gain = 0.000 ; free physical = 223938 ; free virtual = 241350
INFO: [runtcl-4] Executing : report_route_status -file vit_system_wrapper_route_status.rpt -pb vit_system_wrapper_route_status.pb
INFO: [runtcl-4] Executing : report_timing_summary -max_paths 10 -report_unconstrained -file vit_system_wrapper_timing_summary_routed.rpt -pb vit_system_wrapper_timing_summary_routed.pb -rpx vit_system_wrapper_timing_summary_routed.rpx -warn_on_violation 
INFO: [Timing 38-91] UpdateTimingParams: Speed grade: -1, Temperature grade: E, Delay Type: min_max.
INFO: [Timing 38-191] Multithreading enabled for timing update using a maximum of 4 CPUs
report_timing_summary: Time (s): cpu = 00:00:13 ; elapsed = 00:00:06 . Memory (MB): peak = 6022.625 ; gain = 0.000 ; free physical = 223918 ; free virtual = 241331
INFO: [runtcl-4] Executing : report_incremental_reuse -file vit_system_wrapper_incremental_reuse_routed.rpt
INFO: [Vivado_Tcl 4-1062] Incremental flow is disabled. No incremental reuse Info to report.
INFO: [runtcl-4] Executing : report_clock_utilization -file vit_system_wrapper_clock_utilization_routed.rpt
report_clock_utilization: Time (s): cpu = 00:00:09 ; elapsed = 00:00:09 . Memory (MB): peak = 6022.625 ; gain = 0.000 ; free physical = 223913 ; free virtual = 241326
INFO: [runtcl-4] Executing : report_bus_skew -warn_on_violation -file vit_system_wrapper_bus_skew_routed.rpt -pb vit_system_wrapper_bus_skew_routed.pb -rpx vit_system_wrapper_bus_skew_routed.rpx
INFO: [Timing 38-91] UpdateTimingParams: Speed grade: -1, Temperature grade: E, Delay Type: min_max.
INFO: [Timing 38-191] Multithreading enabled for timing update using a maximum of 4 CPUs
INFO: [Timing 38-480] Writing timing data to binary archive.
Write ShapeDB Complete: Time (s): cpu = 00:00:02 ; elapsed = 00:00:00.41 . Memory (MB): peak = 6022.625 ; gain = 0.000 ; free physical = 223857 ; free virtual = 241319
Wrote PlaceDB: Time (s): cpu = 00:00:18 ; elapsed = 00:00:07 . Memory (MB): peak = 6022.625 ; gain = 0.000 ; free physical = 223746 ; free virtual = 241323
Wrote PulsedLatchDB: Time (s): cpu = 00:00:00 ; elapsed = 00:00:00 . Memory (MB): peak = 6022.625 ; gain = 0.000 ; free physical = 223746 ; free virtual = 241323
Writing XDEF routing.
Writing XDEF routing logical nets.
Writing XDEF routing special nets.
Wrote RouteStorage: Time (s): cpu = 00:00:02 ; elapsed = 00:00:02 . Memory (MB): peak = 6022.625 ; gain = 0.000 ; free physical = 223714 ; free virtual = 241325
Wrote Netlist Cache: Time (s): cpu = 00:00:00.19 ; elapsed = 00:00:00.2 . Memory (MB): peak = 6022.625 ; gain = 0.000 ; free physical = 223698 ; free virtual = 241324
Wrote Device Cache: Time (s): cpu = 00:00:00.02 ; elapsed = 00:00:00.02 . Memory (MB): peak = 6022.625 ; gain = 0.000 ; free physical = 223691 ; free virtual = 241320
Write Physdb Complete: Time (s): cpu = 00:00:20 ; elapsed = 00:00:09 . Memory (MB): peak = 6022.625 ; gain = 0.000 ; free physical = 223691 ; free virtual = 241320
INFO: [Common 17-1381] The checkpoint '/home/s23520579/Vivado_project/vit_m8_board_candidate_67c18532_workspace_20260809/vivado_server_307_perf_v1_m8_nongemm_nodsp_2023_2/VIT_googlebase_rtl/ViT_googlebase/ViT_googlebase.runs/impl_1/vit_system_wrapper_routed.dcp' has been generated.
write_checkpoint: Time (s): cpu = 00:00:27 ; elapsed = 00:00:16 . Memory (MB): peak = 6022.625 ; gain = 0.000 ; free physical = 223833 ; free virtual = 241309
INFO: [Common 17-206] Exiting Vivado at Sun Aug  9 04:21:29 2026...
[Sun Aug  9 04:21:44 2026] impl_1 finished
wait_on_runs: Time (s): cpu = 00:00:03 ; elapsed = 00:31:15 . Memory (MB): peak = 1533.426 ; gain = 0.000 ; free physical = 228795 ; free virtual = 246271
PASS: impl_1 completed: route_design Complete!
PASS: impl_1 is current
INFO: [Device 21-403] Loading part xczu5ev-sfvc784-1-e
Netlist sorting complete. Time (s): cpu = 00:00:00.78 ; elapsed = 00:00:00.78 . Memory (MB): peak = 2465.254 ; gain = 0.000 ; free physical = 227751 ; free virtual = 245228
INFO: [Netlist 29-17] Analyzing 8573 Unisim elements for replacement
INFO: [Netlist 29-28] Unisim Transformation completed in 0 CPU seconds
INFO: [Project 1-479] Netlist was created with Vivado 2023.2
INFO: [Project 1-570] Preparing netlist for logic optimization
Read ShapeDB Complete: Time (s): cpu = 00:00:00.41 ; elapsed = 00:00:00.43 . Memory (MB): peak = 2655.199 ; gain = 54.969 ; free physical = 227562 ; free virtual = 245039
INFO: [Timing 38-478] Restoring timing data from binary archive.
INFO: [Timing 38-479] Binary timing data restore complete.
INFO: [Project 1-856] Restoring constraints from binary archive.
INFO: [Project 1-853] Binary constraint restore complete.
INFO: [Designutils 20-5722] Start Reading Physical Databases.
Reading placement.
Read Netlist Cache: Time (s): cpu = 00:00:00.18 ; elapsed = 00:00:00.2 . Memory (MB): peak = 3211.613 ; gain = 6.867 ; free physical = 227133 ; free virtual = 244609
Reading placer database...
Read Device Cache: Time (s): cpu = 00:00:00.04 ; elapsed = 00:00:00.04 . Memory (MB): peak = 3226.793 ; gain = 15.180 ; free physical = 227117 ; free virtual = 244593
Read PlaceDB: Time (s): cpu = 00:00:05 ; elapsed = 00:00:05 . Memory (MB): peak = 3354.121 ; gain = 127.328 ; free physical = 227006 ; free virtual = 244482
Read PulsedLatchDB: Time (s): cpu = 00:00:00 ; elapsed = 00:00:00 . Memory (MB): peak = 3354.121 ; gain = 0.000 ; free physical = 227006 ; free virtual = 244482
Reading routing.
Read RouteStorage: Time (s): cpu = 00:00:04 ; elapsed = 00:00:04 . Memory (MB): peak = 3430.605 ; gain = 76.484 ; free physical = 226950 ; free virtual = 244427
Read Physdb Files: Time (s): cpu = 00:00:09 ; elapsed = 00:00:09 . Memory (MB): peak = 3430.605 ; gain = 225.859 ; free physical = 226950 ; free virtual = 244427
Restored from archive | CPU: 9.390000 secs | Memory: 185.500206 MB |
Finished XDEF File Restore: Time (s): cpu = 00:00:09 ; elapsed = 00:00:09 . Memory (MB): peak = 3430.605 ; gain = 225.859 ; free physical = 226950 ; free virtual = 244427
Netlist sorting complete. Time (s): cpu = 00:00:00.01 ; elapsed = 00:00:00.01 . Memory (MB): peak = 3757.535 ; gain = 0.000 ; free physical = 226614 ; free virtual = 244092
INFO: [Project 1-111] Unisim Transformation Summary:
  A total of 139 instances were transformed.
  BUFG => BUFGCE: 1 instance 
  RAM32M => RAM32M (RAMD32(x6), RAMS32(x2)): 1 instance 
  RAM32M16 => RAM32M16 (RAMD32(x14), RAMS32(x2)): 85 instances
  RAM64M8 => RAM64M8 (RAMD64E(x8)): 52 instances

open_run: Time (s): cpu = 00:00:41 ; elapsed = 00:00:42 . Memory (MB): peak = 3757.570 ; gain = 2224.145 ; free physical = 226614 ; free virtual = 244092
PASS: non-vacuous NPU subtree LUT=121236 FF=39526
  reachability: /home/s23520579/Vivado_project/vit_m8_board_candidate_67c18532_workspace_20260809/vivado_server_307_perf_v1_m8_nongemm_nodsp_2023_2/VIT_googlebase_rtl/reports/board_post_route_reachability.rpt
  black boxes : /home/s23520579/Vivado_project/vit_m8_board_candidate_67c18532_workspace_20260809/vivado_server_307_perf_v1_m8_nongemm_nodsp_2023_2/VIT_googlebase_rtl/reports/board_post_route_blackboxes.rpt
PASS: board_post_route blackbox count is 0
PASS: board_post_route inferred latch count is 0
PASS: board_post_route DSP48/DSP58 primitive count is 0
PASS: board_post_route M8 RAMB36 hierarchy is 32+4+3+1+1=41 with no RAMB18/URAM or hierarchy LUTRAM
check_timing: Time (s): cpu = 00:00:51 ; elapsed = 00:00:15 . Memory (MB): peak = 4069.109 ; gain = 311.539 ; free physical = 226298 ; free virtual = 243776
PASS: board_post_route combinational-loop count is 0
report_utilization: Time (s): cpu = 00:00:05 ; elapsed = 00:00:05 . Memory (MB): peak = 4086.109 ; gain = 11.000 ; free physical = 226279 ; free virtual = 243757
report_ram_utilization: Time (s): cpu = 00:00:00 ; elapsed = 00:00:00 . Memory (MB): peak = 4086.109 ; gain = 0.000 ; free physical = 226275 ; free virtual = 243753
INFO: [Timing 38-91] UpdateTimingParams: Speed grade: -1, Temperature grade: E, Delay Type: min_max.
INFO: [Timing 38-191] Multithreading enabled for timing update using a maximum of 4 CPUs
report_timing_summary: Time (s): cpu = 00:00:22 ; elapsed = 00:00:09 . Memory (MB): peak = 4297.164 ; gain = 211.055 ; free physical = 226072 ; free virtual = 243554
report_route_status: Time (s): cpu = 00:00:20 ; elapsed = 00:00:11 . Memory (MB): peak = 4501.352 ; gain = 204.188 ; free physical = 225954 ; free virtual = 243436
PASS: design is fully routed with no route errors
report_clock_utilization: Time (s): cpu = 00:00:09 ; elapsed = 00:00:09 . Memory (MB): peak = 4501.352 ; gain = 0.000 ; free physical = 225951 ; free virtual = 243433
Command: report_methodology -file /home/s23520579/Vivado_project/vit_m8_board_candidate_67c18532_workspace_20260809/vivado_server_307_perf_v1_m8_nongemm_nodsp_2023_2/VIT_googlebase_rtl/reports/board_post_route_methodology.rpt
INFO: [Timing 38-35] Done setting XDC timing constraints.
INFO: [DRC 23-133] Running Methodology with 4 threads
INFO: [Vivado_Tcl 2-1520] The results of Report Methodology are in file /home/s23520579/Vivado_project/vit_m8_board_candidate_67c18532_workspace_20260809/vivado_server_307_perf_v1_m8_nongemm_nodsp_2023_2/VIT_googlebase_rtl/reports/board_post_route_methodology.rpt.
report_methodology completed successfully
report_methodology: Time (s): cpu = 00:01:00 ; elapsed = 00:00:22 . Memory (MB): peak = 4501.352 ; gain = 0.000 ; free physical = 225946 ; free virtual = 243428
PASS: board_post_route total methodology violation count is 0
Command: report_drc -file /home/s23520579/Vivado_project/vit_m8_board_candidate_67c18532_workspace_20260809/vivado_server_307_perf_v1_m8_nongemm_nodsp_2023_2/VIT_googlebase_rtl/reports/board_post_route_drc.rpt
INFO: [IP_Flow 19-1839] IP Catalog is up to date.
INFO: [DRC 23-27] Running DRC with 4 threads
INFO: [Vivado_Tcl 2-168] The results of DRC are in file /home/s23520579/Vivado_project/vit_m8_board_candidate_67c18532_workspace_20260809/vivado_server_307_perf_v1_m8_nongemm_nodsp_2023_2/VIT_googlebase_rtl/reports/board_post_route_drc.rpt.
report_drc completed successfully
report_drc: Time (s): cpu = 00:00:19 ; elapsed = 00:00:10 . Memory (MB): peak = 4663.258 ; gain = 161.906 ; free physical = 225748 ; free virtual = 243230
PASS: board_post_route total DRC violation count is 0
PASS: timing gate WNS=0.045 WHS=0.010
PASS: internal timing constraint coverage checks are clean
INFO: [Timing 38-480] Writing timing data to binary archive.
Write ShapeDB Complete: Time (s): cpu = 00:00:02 ; elapsed = 00:00:00.4 . Memory (MB): peak = 4663.258 ; gain = 0.000 ; free physical = 225678 ; free virtual = 243209
Wrote PlaceDB: Time (s): cpu = 00:00:18 ; elapsed = 00:00:07 . Memory (MB): peak = 4663.258 ; gain = 0.000 ; free physical = 225542 ; free virtual = 243202
Wrote PulsedLatchDB: Time (s): cpu = 00:00:00 ; elapsed = 00:00:00 . Memory (MB): peak = 4663.258 ; gain = 0.000 ; free physical = 225542 ; free virtual = 243202
Writing XDEF routing.
Writing XDEF routing logical nets.
Writing XDEF routing special nets.
Wrote RouteStorage: Time (s): cpu = 00:00:02 ; elapsed = 00:00:02 . Memory (MB): peak = 4663.258 ; gain = 0.000 ; free physical = 225511 ; free virtual = 243203
Wrote Netlist Cache: Time (s): cpu = 00:00:00.18 ; elapsed = 00:00:00.2 . Memory (MB): peak = 4663.258 ; gain = 0.000 ; free physical = 225495 ; free virtual = 243203
Wrote Device Cache: Time (s): cpu = 00:00:00.02 ; elapsed = 00:00:00.02 . Memory (MB): peak = 4663.258 ; gain = 0.000 ; free physical = 225487 ; free virtual = 243198
Write Physdb Complete: Time (s): cpu = 00:00:20 ; elapsed = 00:00:10 . Memory (MB): peak = 4663.258 ; gain = 0.000 ; free physical = 225487 ; free virtual = 243198
INFO: [Common 17-1381] The checkpoint '/home/s23520579/Vivado_project/vit_m8_board_candidate_67c18532_workspace_20260809/vivado_server_307_perf_v1_m8_nongemm_nodsp_2023_2/VIT_googlebase_rtl/artifacts/board_post_route.dcp' has been generated.
write_checkpoint: Time (s): cpu = 00:00:28 ; elapsed = 00:00:17 . Memory (MB): peak = 4663.258 ; gain = 0.000 ; free physical = 225637 ; free virtual = 243184
[Sun Aug  9 04:24:22 2026] Launched impl_1...
Run output will be captured here: /home/s23520579/Vivado_project/vit_m8_board_candidate_67c18532_workspace_20260809/vivado_server_307_perf_v1_m8_nongemm_nodsp_2023_2/VIT_googlebase_rtl/ViT_googlebase/ViT_googlebase.runs/impl_1/runme.log
[Sun Aug  9 04:24:22 2026] Waiting for impl_1 to finish...

*** Running vivado
    with args -log vit_system_wrapper.vdi -applog -m64 -product Vivado -messageDb vivado.pb -mode batch -source vit_system_wrapper.tcl -notrace


****** Vivado v2023.2 (64-bit)
  **** SW Build 4029153 on Fri Oct 13 20:13:54 MDT 2023
  **** IP Build 4028589 on Sat Oct 14 00:45:43 MDT 2023
  **** SharedData Build 4025554 on Tue Oct 10 17:18:54 MDT 2023
    ** Copyright 1986-2022 Xilinx, Inc. All Rights Reserved.
    ** Copyright 2022-2023 Advanced Micro Devices, Inc. All Rights Reserved.

source vit_system_wrapper.tcl -notrace
create_project: Time (s): cpu = 00:00:08 ; elapsed = 00:00:08 . Memory (MB): peak = 1329.605 ; gain = 0.027 ; free physical = 228784 ; free virtual = 246060
INFO: [IP_Flow 19-234] Refreshing IP repositories
INFO: [IP_Flow 19-1704] No user IP repositories specified
INFO: [IP_Flow 19-2313] Loaded Vivado IP repository '/data/tools/Xilinx/Vivado/2023.2/data/ip'.
Command: link_design -top vit_system_wrapper -part xczu5ev-sfvc784-1-e
Design is defaulting to srcset: sources_1
Design is defaulting to constrset: constrs_1
INFO: [Device 21-403] Loading part xczu5ev-sfvc784-1-e
INFO: [Project 1-454] Reading design checkpoint '/home/s23520579/Vivado_project/vit_m8_board_candidate_67c18532_workspace_20260809/vivado_server_307_perf_v1_m8_nongemm_nodsp_2023_2/VIT_googlebase_rtl/ViT_googlebase/ViT_googlebase.gen/sources_1/bd/vit_system/ip/vit_system_proc_sys_reset_0_0/vit_system_proc_sys_reset_0_0.dcp' for cell 'vit_system_i/proc_sys_reset_0'
INFO: [Project 1-454] Reading design checkpoint '/home/s23520579/Vivado_project/vit_m8_board_candidate_67c18532_workspace_20260809/vivado_server_307_perf_v1_m8_nongemm_nodsp_2023_2/VIT_googlebase_rtl/ViT_googlebase/ViT_googlebase.gen/sources_1/bd/vit_system/ip/vit_system_smartconnect_control_0/vit_system_smartconnect_control_0.dcp' for cell 'vit_system_i/smartconnect_control'
INFO: [Project 1-454] Reading design checkpoint '/home/s23520579/Vivado_project/vit_m8_board_candidate_67c18532_workspace_20260809/vivado_server_307_perf_v1_m8_nongemm_nodsp_2023_2/VIT_googlebase_rtl/ViT_googlebase/ViT_googlebase.gen/sources_1/bd/vit_system/ip/vit_system_smartconnect_ddr_0/vit_system_smartconnect_ddr_0.dcp' for cell 'vit_system_i/smartconnect_ddr'
INFO: [Project 1-454] Reading design checkpoint '/home/s23520579/Vivado_project/vit_m8_board_candidate_67c18532_workspace_20260809/vivado_server_307_perf_v1_m8_nongemm_nodsp_2023_2/VIT_googlebase_rtl/ViT_googlebase/ViT_googlebase.gen/sources_1/bd/vit_system/ip/vit_system_vit_phase_e_axi_0_0/vit_system_vit_phase_e_axi_0_0.dcp' for cell 'vit_system_i/vit_phase_e_axi_0'
INFO: [Project 1-454] Reading design checkpoint '/home/s23520579/Vivado_project/vit_m8_board_candidate_67c18532_workspace_20260809/vivado_server_307_perf_v1_m8_nongemm_nodsp_2023_2/VIT_googlebase_rtl/ViT_googlebase/ViT_googlebase.gen/sources_1/bd/vit_system/ip/vit_system_zynq_ultra_ps_e_0_0/vit_system_zynq_ultra_ps_e_0_0.dcp' for cell 'vit_system_i/zynq_ultra_ps_e_0'
Netlist sorting complete. Time (s): cpu = 00:00:00.88 ; elapsed = 00:00:00.88 . Memory (MB): peak = 2440.230 ; gain = 0.000 ; free physical = 227629 ; free virtual = 244905
INFO: [Netlist 29-17] Analyzing 8579 Unisim elements for replacement
INFO: [Netlist 29-28] Unisim Transformation completed in 0 CPU seconds
INFO: [Project 1-479] Netlist was created with Vivado 2023.2
INFO: [Project 1-570] Preparing netlist for logic optimization
Parsing XDC File [/home/s23520579/Vivado_project/vit_m8_board_candidate_67c18532_workspace_20260809/vivado_server_307_perf_v1_m8_nongemm_nodsp_2023_2/VIT_googlebase_rtl/ViT_googlebase/ViT_googlebase.gen/sources_1/bd/vit_system/ip/vit_system_smartconnect_ddr_0/bd_0/ip/ip_1/bd_819f_psr_aclk_0_board.xdc] for cell 'vit_system_i/smartconnect_ddr/inst/clk_map/psr_aclk/U0'
Finished Parsing XDC File [/home/s23520579/Vivado_project/vit_m8_board_candidate_67c18532_workspace_20260809/vivado_server_307_perf_v1_m8_nongemm_nodsp_2023_2/VIT_googlebase_rtl/ViT_googlebase/ViT_googlebase.gen/sources_1/bd/vit_system/ip/vit_system_smartconnect_ddr_0/bd_0/ip/ip_1/bd_819f_psr_aclk_0_board.xdc] for cell 'vit_system_i/smartconnect_ddr/inst/clk_map/psr_aclk/U0'
Parsing XDC File [/home/s23520579/Vivado_project/vit_m8_board_candidate_67c18532_workspace_20260809/vivado_server_307_perf_v1_m8_nongemm_nodsp_2023_2/VIT_googlebase_rtl/ViT_googlebase/ViT_googlebase.gen/sources_1/bd/vit_system/ip/vit_system_proc_sys_reset_0_0/vit_system_proc_sys_reset_0_0.xdc] for cell 'vit_system_i/proc_sys_reset_0/U0'
Finished Parsing XDC File [/home/s23520579/Vivado_project/vit_m8_board_candidate_67c18532_workspace_20260809/vivado_server_307_perf_v1_m8_nongemm_nodsp_2023_2/VIT_googlebase_rtl/ViT_googlebase/ViT_googlebase.gen/sources_1/bd/vit_system/ip/vit_system_proc_sys_reset_0_0/vit_system_proc_sys_reset_0_0.xdc] for cell 'vit_system_i/proc_sys_reset_0/U0'
Parsing XDC File [/home/s23520579/Vivado_project/vit_m8_board_candidate_67c18532_workspace_20260809/vivado_server_307_perf_v1_m8_nongemm_nodsp_2023_2/VIT_googlebase_rtl/ViT_googlebase/ViT_googlebase.gen/sources_1/bd/vit_system/ip/vit_system_proc_sys_reset_0_0/vit_system_proc_sys_reset_0_0_board.xdc] for cell 'vit_system_i/proc_sys_reset_0/U0'
Finished Parsing XDC File [/home/s23520579/Vivado_project/vit_m8_board_candidate_67c18532_workspace_20260809/vivado_server_307_perf_v1_m8_nongemm_nodsp_2023_2/VIT_googlebase_rtl/ViT_googlebase/ViT_googlebase.gen/sources_1/bd/vit_system/ip/vit_system_proc_sys_reset_0_0/vit_system_proc_sys_reset_0_0_board.xdc] for cell 'vit_system_i/proc_sys_reset_0/U0'
Parsing XDC File [/home/s23520579/Vivado_project/vit_m8_board_candidate_67c18532_workspace_20260809/vivado_server_307_perf_v1_m8_nongemm_nodsp_2023_2/VIT_googlebase_rtl/ViT_googlebase/ViT_googlebase.gen/sources_1/bd/vit_system/ip/vit_system_smartconnect_ddr_0/smartconnect.xdc] for cell 'vit_system_i/smartconnect_ddr/inst'
WARNING: [Vivado_Tcl 4-919] Waiver ID 'CDC-1' -from list should not be empty. [/home/s23520579/Vivado_project/vit_m8_board_candidate_67c18532_workspace_20260809/vivado_server_307_perf_v1_m8_nongemm_nodsp_2023_2/VIT_googlebase_rtl/ViT_googlebase/ViT_googlebase.gen/sources_1/bd/vit_system/ip/vit_system_smartconnect_ddr_0/smartconnect.xdc:1]
WARNING: [Vivado_Tcl 4-921] Waiver ID 'CDC-1' -to list should not be empty. [/home/s23520579/Vivado_project/vit_m8_board_candidate_67c18532_workspace_20260809/vivado_server_307_perf_v1_m8_nongemm_nodsp_2023_2/VIT_googlebase_rtl/ViT_googlebase/ViT_googlebase.gen/sources_1/bd/vit_system/ip/vit_system_smartconnect_ddr_0/smartconnect.xdc:2]
WARNING: [Vivado_Tcl 4-921] Waiver ID 'CDC-1' -to list should not be empty. [/home/s23520579/Vivado_project/vit_m8_board_candidate_67c18532_workspace_20260809/vivado_server_307_perf_v1_m8_nongemm_nodsp_2023_2/VIT_googlebase_rtl/ViT_googlebase/ViT_googlebase.gen/sources_1/bd/vit_system/ip/vit_system_smartconnect_ddr_0/smartconnect.xdc:3]
WARNING: [Vivado_Tcl 4-921] Waiver ID 'CDC-1' -to list should not be empty. [/home/s23520579/Vivado_project/vit_m8_board_candidate_67c18532_workspace_20260809/vivado_server_307_perf_v1_m8_nongemm_nodsp_2023_2/VIT_googlebase_rtl/ViT_googlebase/ViT_googlebase.gen/sources_1/bd/vit_system/ip/vit_system_smartconnect_ddr_0/smartconnect.xdc:4]
WARNING: [Vivado_Tcl 4-921] Waiver ID 'CDC-1' -to list should not be empty. [/home/s23520579/Vivado_project/vit_m8_board_candidate_67c18532_workspace_20260809/vivado_server_307_perf_v1_m8_nongemm_nodsp_2023_2/VIT_googlebase_rtl/ViT_googlebase/ViT_googlebase.gen/sources_1/bd/vit_system/ip/vit_system_smartconnect_ddr_0/smartconnect.xdc:5]
WARNING: [Vivado_Tcl 4-921] Waiver ID 'CDC-1' -to list should not be empty. [/home/s23520579/Vivado_project/vit_m8_board_candidate_67c18532_workspace_20260809/vivado_server_307_perf_v1_m8_nongemm_nodsp_2023_2/VIT_googlebase_rtl/ViT_googlebase/ViT_googlebase.gen/sources_1/bd/vit_system/ip/vit_system_smartconnect_ddr_0/smartconnect.xdc:6]
WARNING: [Vivado_Tcl 4-921] Waiver ID 'CDC-1' -to list should not be empty. [/home/s23520579/Vivado_project/vit_m8_board_candidate_67c18532_workspace_20260809/vivado_server_307_perf_v1_m8_nongemm_nodsp_2023_2/VIT_googlebase_rtl/ViT_googlebase/ViT_googlebase.gen/sources_1/bd/vit_system/ip/vit_system_smartconnect_ddr_0/smartconnect.xdc:7]
WARNING: [Vivado_Tcl 4-921] Waiver ID 'CDC-1' -to list should not be empty. [/home/s23520579/Vivado_project/vit_m8_board_candidate_67c18532_workspace_20260809/vivado_server_307_perf_v1_m8_nongemm_nodsp_2023_2/VIT_googlebase_rtl/ViT_googlebase/ViT_googlebase.gen/sources_1/bd/vit_system/ip/vit_system_smartconnect_ddr_0/smartconnect.xdc:8]
WARNING: [Vivado_Tcl 4-921] Waiver ID 'CDC-1' -to list should not be empty. [/home/s23520579/Vivado_project/vit_m8_board_candidate_67c18532_workspace_20260809/vivado_server_307_perf_v1_m8_nongemm_nodsp_2023_2/VIT_googlebase_rtl/ViT_googlebase/ViT_googlebase.gen/sources_1/bd/vit_system/ip/vit_system_smartconnect_ddr_0/smartconnect.xdc:9]
WARNING: [Vivado_Tcl 4-921] Waiver ID 'CDC-1' -to list should not be empty. [/home/s23520579/Vivado_project/vit_m8_board_candidate_67c18532_workspace_20260809/vivado_server_307_perf_v1_m8_nongemm_nodsp_2023_2/VIT_googlebase_rtl/ViT_googlebase/ViT_googlebase.gen/sources_1/bd/vit_system/ip/vit_system_smartconnect_ddr_0/smartconnect.xdc:10]
Finished Parsing XDC File [/home/s23520579/Vivado_project/vit_m8_board_candidate_67c18532_workspace_20260809/vivado_server_307_perf_v1_m8_nongemm_nodsp_2023_2/VIT_googlebase_rtl/ViT_googlebase/ViT_googlebase.gen/sources_1/bd/vit_system/ip/vit_system_smartconnect_ddr_0/smartconnect.xdc] for cell 'vit_system_i/smartconnect_ddr/inst'
Parsing XDC File [/home/s23520579/Vivado_project/vit_m8_board_candidate_67c18532_workspace_20260809/vivado_server_307_perf_v1_m8_nongemm_nodsp_2023_2/VIT_googlebase_rtl/ViT_googlebase/ViT_googlebase.gen/sources_1/bd/vit_system/ip/vit_system_smartconnect_ddr_0/bd_0/ip/ip_10/bd_819f_sbn_0_clocks.xdc] for cell 'vit_system_i/smartconnect_ddr/inst/s00_nodes/s00_b_node/inst'
WARNING: [Vivado_Tcl 4-921] Waiver ID 'CDC-1' -to list should not be empty. [/home/s23520579/Vivado_project/vit_m8_board_candidate_67c18532_workspace_20260809/vivado_server_307_perf_v1_m8_nongemm_nodsp_2023_2/VIT_googlebase_rtl/ViT_googlebase/ViT_googlebase.gen/sources_1/bd/vit_system/ip/vit_system_smartconnect_ddr_0/bd_0/ip/ip_10/bd_819f_sbn_0_clocks.xdc:49]
WARNING: [Vivado_Tcl 4-921] Waiver ID 'CDC-1' -to list should not be empty. [/home/s23520579/Vivado_project/vit_m8_board_candidate_67c18532_workspace_20260809/vivado_server_307_perf_v1_m8_nongemm_nodsp_2023_2/VIT_googlebase_rtl/ViT_googlebase/ViT_googlebase.gen/sources_1/bd/vit_system/ip/vit_system_smartconnect_ddr_0/bd_0/ip/ip_10/bd_819f_sbn_0_clocks.xdc:52]
WARNING: [Vivado_Tcl 4-921] Waiver ID 'CDC-1' -to list should not be empty. [/home/s23520579/Vivado_project/vit_m8_board_candidate_67c18532_workspace_20260809/vivado_server_307_perf_v1_m8_nongemm_nodsp_2023_2/VIT_googlebase_rtl/ViT_googlebase/ViT_googlebase.gen/sources_1/bd/vit_system/ip/vit_system_smartconnect_ddr_0/bd_0/ip/ip_10/bd_819f_sbn_0_clocks.xdc:55]
WARNING: [Vivado_Tcl 4-921] Waiver ID 'CDC-1' -to list should not be empty. [/home/s23520579/Vivado_project/vit_m8_board_candidate_67c18532_workspace_20260809/vivado_server_307_perf_v1_m8_nongemm_nodsp_2023_2/VIT_googlebase_rtl/ViT_googlebase/ViT_googlebase.gen/sources_1/bd/vit_system/ip/vit_system_smartconnect_ddr_0/bd_0/ip/ip_10/bd_819f_sbn_0_clocks.xdc:59]
WARNING: [Vivado_Tcl 4-921] Waiver ID 'CDC-1' -to list should not be empty. [/home/s23520579/Vivado_project/vit_m8_board_candidate_67c18532_workspace_20260809/vivado_server_307_perf_v1_m8_nongemm_nodsp_2023_2/VIT_googlebase_rtl/ViT_googlebase/ViT_googlebase.gen/sources_1/bd/vit_system/ip/vit_system_smartconnect_ddr_0/bd_0/ip/ip_10/bd_819f_sbn_0_clocks.xdc:63]
WARNING: [Vivado_Tcl 4-921] Waiver ID 'CDC-1' -to list should not be empty. [/home/s23520579/Vivado_project/vit_m8_board_candidate_67c18532_workspace_20260809/vivado_server_307_perf_v1_m8_nongemm_nodsp_2023_2/VIT_googlebase_rtl/ViT_googlebase/ViT_googlebase.gen/sources_1/bd/vit_system/ip/vit_system_smartconnect_ddr_0/bd_0/ip/ip_10/bd_819f_sbn_0_clocks.xdc:66]
WARNING: [Vivado_Tcl 4-921] Waiver ID 'CDC-1' -to list should not be empty. [/home/s23520579/Vivado_project/vit_m8_board_candidate_67c18532_workspace_20260809/vivado_server_307_perf_v1_m8_nongemm_nodsp_2023_2/VIT_googlebase_rtl/ViT_googlebase/ViT_googlebase.gen/sources_1/bd/vit_system/ip/vit_system_smartconnect_ddr_0/bd_0/ip/ip_10/bd_819f_sbn_0_clocks.xdc:70]
WARNING: [Vivado_Tcl 4-921] Waiver ID 'CDC-1' -to list should not be empty. [/home/s23520579/Vivado_project/vit_m8_board_candidate_67c18532_workspace_20260809/vivado_server_307_perf_v1_m8_nongemm_nodsp_2023_2/VIT_googlebase_rtl/ViT_googlebase/ViT_googlebase.gen/sources_1/bd/vit_system/ip/vit_system_smartconnect_ddr_0/bd_0/ip/ip_10/bd_819f_sbn_0_clocks.xdc:73]
WARNING: [Vivado_Tcl 4-921] Waiver ID 'CDC-1' -to list should not be empty. [/home/s23520579/Vivado_project/vit_m8_board_candidate_67c18532_workspace_20260809/vivado_server_307_perf_v1_m8_nongemm_nodsp_2023_2/VIT_googlebase_rtl/ViT_googlebase/ViT_googlebase.gen/sources_1/bd/vit_system/ip/vit_system_smartconnect_ddr_0/bd_0/ip/ip_10/bd_819f_sbn_0_clocks.xdc:76]
WARNING: [Vivado_Tcl 4-921] Waiver ID 'CDC-1' -to list should not be empty. [/home/s23520579/Vivado_project/vit_m8_board_candidate_67c18532_workspace_20260809/vivado_server_307_perf_v1_m8_nongemm_nodsp_2023_2/VIT_googlebase_rtl/ViT_googlebase/ViT_googlebase.gen/sources_1/bd/vit_system/ip/vit_system_smartconnect_ddr_0/bd_0/ip/ip_10/bd_819f_sbn_0_clocks.xdc:79]
WARNING: [Vivado_Tcl 4-921] Waiver ID 'CDC-1' -to list should not be empty. [/home/s23520579/Vivado_project/vit_m8_board_candidate_67c18532_workspace_20260809/vivado_server_307_perf_v1_m8_nongemm_nodsp_2023_2/VIT_googlebase_rtl/ViT_googlebase/ViT_googlebase.gen/sources_1/bd/vit_system/ip/vit_system_smartconnect_ddr_0/bd_0/ip/ip_10/bd_819f_sbn_0_clocks.xdc:82]
WARNING: [Vivado_Tcl 4-921] Waiver ID 'CDC-4' -to list should not be empty. [/home/s23520579/Vivado_project/vit_m8_board_candidate_67c18532_workspace_20260809/vivado_server_307_perf_v1_m8_nongemm_nodsp_2023_2/VIT_googlebase_rtl/ViT_googlebase/ViT_googlebase.gen/sources_1/bd/vit_system/ip/vit_system_smartconnect_ddr_0/bd_0/ip/ip_10/bd_819f_sbn_0_clocks.xdc:85]
WARNING: [Vivado_Tcl 4-921] Waiver ID 'CDC-4' -to list should not be empty. [/home/s23520579/Vivado_project/vit_m8_board_candidate_67c18532_workspace_20260809/vivado_server_307_perf_v1_m8_nongemm_nodsp_2023_2/VIT_googlebase_rtl/ViT_googlebase/ViT_googlebase.gen/sources_1/bd/vit_system/ip/vit_system_smartconnect_ddr_0/bd_0/ip/ip_10/bd_819f_sbn_0_clocks.xdc:88]
WARNING: [Vivado_Tcl 4-921] Waiver ID 'CDC-2' -to list should not be empty. [/home/s23520579/Vivado_project/vit_m8_board_candidate_67c18532_workspace_20260809/vivado_server_307_perf_v1_m8_nongemm_nodsp_2023_2/VIT_googlebase_rtl/ViT_googlebase/ViT_googlebase.gen/sources_1/bd/vit_system/ip/vit_system_smartconnect_ddr_0/bd_0/ip/ip_10/bd_819f_sbn_0_clocks.xdc:91]
WARNING: [Vivado_Tcl 4-921] Waiver ID 'CDC-2' -to list should not be empty. [/home/s23520579/Vivado_project/vit_m8_board_candidate_67c18532_workspace_20260809/vivado_server_307_perf_v1_m8_nongemm_nodsp_2023_2/VIT_googlebase_rtl/ViT_googlebase/ViT_googlebase.gen/sources_1/bd/vit_system/ip/vit_system_smartconnect_ddr_0/bd_0/ip/ip_10/bd_819f_sbn_0_clocks.xdc:94]
WARNING: [Vivado_Tcl 4-921] Waiver ID 'CDC-2' -to list should not be empty. [/home/s23520579/Vivado_project/vit_m8_board_candidate_67c18532_workspace_20260809/vivado_server_307_perf_v1_m8_nongemm_nodsp_2023_2/VIT_googlebase_rtl/ViT_googlebase/ViT_googlebase.gen/sources_1/bd/vit_system/ip/vit_system_smartconnect_ddr_0/bd_0/ip/ip_10/bd_819f_sbn_0_clocks.xdc:97]
WARNING: [Vivado_Tcl 4-921] Waiver ID 'CDC-2' -to list should not be empty. [/home/s23520579/Vivado_project/vit_m8_board_candidate_67c18532_workspace_20260809/vivado_server_307_perf_v1_m8_nongemm_nodsp_2023_2/VIT_googlebase_rtl/ViT_googlebase/ViT_googlebase.gen/sources_1/bd/vit_system/ip/vit_system_smartconnect_ddr_0/bd_0/ip/ip_10/bd_819f_sbn_0_clocks.xdc:100]
WARNING: [Vivado_Tcl 4-921] Waiver ID 'CDC-1' -to list should not be empty. [/home/s23520579/Vivado_project/vit_m8_board_candidate_67c18532_workspace_20260809/vivado_server_307_perf_v1_m8_nongemm_nodsp_2023_2/VIT_googlebase_rtl/ViT_googlebase/ViT_googlebase.gen/sources_1/bd/vit_system/ip/vit_system_smartconnect_ddr_0/bd_0/ip/ip_10/bd_819f_sbn_0_clocks.xdc:104]
WARNING: [Vivado_Tcl 4-921] Waiver ID 'CDC-10' -to list should not be empty. [/home/s23520579/Vivado_project/vit_m8_board_candidate_67c18532_workspace_20260809/vivado_server_307_perf_v1_m8_nongemm_nodsp_2023_2/VIT_googlebase_rtl/ViT_googlebase/ViT_googlebase.gen/sources_1/bd/vit_system/ip/vit_system_smartconnect_ddr_0/bd_0/ip/ip_10/bd_819f_sbn_0_clocks.xdc:107]
WARNING: [Vivado_Tcl 4-921] Waiver ID 'CDC-10' -to list should not be empty. [/home/s23520579/Vivado_project/vit_m8_board_candidate_67c18532_workspace_20260809/vivado_server_307_perf_v1_m8_nongemm_nodsp_2023_2/VIT_googlebase_rtl/ViT_googlebase/ViT_googlebase.gen/sources_1/bd/vit_system/ip/vit_system_smartconnect_ddr_0/bd_0/ip/ip_10/bd_819f_sbn_0_clocks.xdc:110]
WARNING: [Vivado_Tcl 4-921] Waiver ID 'CDC-1' -to list should not be empty. [/home/s23520579/Vivado_project/vit_m8_board_candidate_67c18532_workspace_20260809/vivado_server_307_perf_v1_m8_nongemm_nodsp_2023_2/VIT_googlebase_rtl/ViT_googlebase/ViT_googlebase.gen/sources_1/bd/vit_system/ip/vit_system_smartconnect_ddr_0/bd_0/ip/ip_10/bd_819f_sbn_0_clocks.xdc:113]
WARNING: [Vivado_Tcl 4-921] Waiver ID 'CDC-1' -to list should not be empty. [/home/s23520579/Vivado_project/vit_m8_board_candidate_67c18532_workspace_20260809/vivado_server_307_perf_v1_m8_nongemm_nodsp_2023_2/VIT_googlebase_rtl/ViT_googlebase/ViT_googlebase.gen/sources_1/bd/vit_system/ip/vit_system_smartconnect_ddr_0/bd_0/ip/ip_10/bd_819f_sbn_0_clocks.xdc:116]
WARNING: [Vivado_Tcl 4-921] Waiver ID 'CDC-1' -to list should not be empty. [/home/s23520579/Vivado_project/vit_m8_board_candidate_67c18532_workspace_20260809/vivado_server_307_perf_v1_m8_nongemm_nodsp_2023_2/VIT_googlebase_rtl/ViT_googlebase/ViT_googlebase.gen/sources_1/bd/vit_system/ip/vit_system_smartconnect_ddr_0/bd_0/ip/ip_10/bd_819f_sbn_0_clocks.xdc:119]
WARNING: [Vivado_Tcl 4-921] Waiver ID 'CDC-13' -to list should not be empty. [/home/s23520579/Vivado_project/vit_m8_board_candidate_67c18532_workspace_20260809/vivado_server_307_perf_v1_m8_nongemm_nodsp_2023_2/VIT_googlebase_rtl/ViT_googlebase/ViT_googlebase.gen/sources_1/bd/vit_system/ip/vit_system_smartconnect_ddr_0/bd_0/ip/ip_10/bd_819f_sbn_0_clocks.xdc:122]
WARNING: [Vivado_Tcl 4-921] Waiver ID 'CDC-1' -to list should not be empty. [/home/s23520579/Vivado_project/vit_m8_board_candidate_67c18532_workspace_20260809/vivado_server_307_perf_v1_m8_nongemm_nodsp_2023_2/VIT_googlebase_rtl/ViT_googlebase/ViT_googlebase.gen/sources_1/bd/vit_system/ip/vit_system_smartconnect_ddr_0/bd_0/ip/ip_10/bd_819f_sbn_0_clocks.xdc:125]
WARNING: [Vivado_Tcl 4-921] Waiver ID 'CDC-1' -to list should not be empty. [/home/s23520579/Vivado_project/vit_m8_board_candidate_67c18532_workspace_20260809/vivado_server_307_perf_v1_m8_nongemm_nodsp_2023_2/VIT_googlebase_rtl/ViT_googlebase/ViT_googlebase.gen/sources_1/bd/vit_system/ip/vit_system_smartconnect_ddr_0/bd_0/ip/ip_10/bd_819f_sbn_0_clocks.xdc:128]
WARNING: [Vivado_Tcl 4-921] Waiver ID 'CDC-13' -to list should not be empty. [/home/s23520579/Vivado_project/vit_m8_board_candidate_67c18532_workspace_20260809/vivado_server_307_perf_v1_m8_nongemm_nodsp_2023_2/VIT_googlebase_rtl/ViT_googlebase/ViT_googlebase.gen/sources_1/bd/vit_system/ip/vit_system_smartconnect_ddr_0/bd_0/ip/ip_10/bd_819f_sbn_0_clocks.xdc:131]
WARNING: [Vivado_Tcl 4-921] Waiver ID 'CDC-1' -to list should not be empty. [/home/s23520579/Vivado_project/vit_m8_board_candidate_67c18532_workspace_20260809/vivado_server_307_perf_v1_m8_nongemm_nodsp_2023_2/VIT_googlebase_rtl/ViT_googlebase/ViT_googlebase.gen/sources_1/bd/vit_system/ip/vit_system_smartconnect_ddr_0/bd_0/ip/ip_10/bd_819f_sbn_0_clocks.xdc:134]
WARNING: [Vivado_Tcl 4-921] Waiver ID 'CDC-10' -to list should not be empty. [/home/s23520579/Vivado_project/vit_m8_board_candidate_67c18532_workspace_20260809/vivado_server_307_perf_v1_m8_nongemm_nodsp_2023_2/VIT_googlebase_rtl/ViT_googlebase/ViT_googlebase.gen/sources_1/bd/vit_system/ip/vit_system_smartconnect_ddr_0/bd_0/ip/ip_10/bd_819f_sbn_0_clocks.xdc:137]
WARNING: [Vivado_Tcl 4-921] Waiver ID 'CDC-1' -to list should not be empty. [/home/s23520579/Vivado_project/vit_m8_board_candidate_67c18532_workspace_20260809/vivado_server_307_perf_v1_m8_nongemm_nodsp_2023_2/VIT_googlebase_rtl/ViT_googlebase/ViT_googlebase.gen/sources_1/bd/vit_system/ip/vit_system_smartconnect_ddr_0/bd_0/ip/ip_10/bd_819f_sbn_0_clocks.xdc:140]
WARNING: [Vivado_Tcl 4-921] Waiver ID 'CDC-1' -to list should not be empty. [/home/s23520579/Vivado_project/vit_m8_board_candidate_67c18532_workspace_20260809/vivado_server_307_perf_v1_m8_nongemm_nodsp_2023_2/VIT_googlebase_rtl/ViT_googlebase/ViT_googlebase.gen/sources_1/bd/vit_system/ip/vit_system_smartconnect_ddr_0/bd_0/ip/ip_10/bd_819f_sbn_0_clocks.xdc:143]
WARNING: [Vivado_Tcl 4-921] Waiver ID 'CDC-1' -to list should not be empty. [/home/s23520579/Vivado_project/vit_m8_board_candidate_67c18532_workspace_20260809/vivado_server_307_perf_v1_m8_nongemm_nodsp_2023_2/VIT_googlebase_rtl/ViT_googlebase/ViT_googlebase.gen/sources_1/bd/vit_system/ip/vit_system_smartconnect_ddr_0/bd_0/ip/ip_10/bd_819f_sbn_0_clocks.xdc:146]
WARNING: [Vivado_Tcl 4-921] Waiver ID 'CDC-2' -to list should not be empty. [/home/s23520579/Vivado_project/vit_m8_board_candidate_67c18532_workspace_20260809/vivado_server_307_perf_v1_m8_nongemm_nodsp_2023_2/VIT_googlebase_rtl/ViT_googlebase/ViT_googlebase.gen/sources_1/bd/vit_system/ip/vit_system_smartconnect_ddr_0/bd_0/ip/ip_10/bd_819f_sbn_0_clocks.xdc:149]
WARNING: [Vivado_Tcl 4-921] Waiver ID 'CDC-1' -to list should not be empty. [/home/s23520579/Vivado_project/vit_m8_board_candidate_67c18532_workspace_20260809/vivado_server_307_perf_v1_m8_nongemm_nodsp_2023_2/VIT_googlebase_rtl/ViT_googlebase/ViT_googlebase.gen/sources_1/bd/vit_system/ip/vit_system_smartconnect_ddr_0/bd_0/ip/ip_10/bd_819f_sbn_0_clocks.xdc:152]
WARNING: [Vivado_Tcl 4-921] Waiver ID 'CDC-1' -to list should not be empty. [/home/s23520579/Vivado_project/vit_m8_board_candidate_67c18532_workspace_20260809/vivado_server_307_perf_v1_m8_nongemm_nodsp_2023_2/VIT_googlebase_rtl/ViT_googlebase/ViT_googlebase.gen/sources_1/bd/vit_system/ip/vit_system_smartconnect_ddr_0/bd_0/ip/ip_10/bd_819f_sbn_0_clocks.xdc:155]
WARNING: [Vivado_Tcl 4-921] Waiver ID 'CDC-1' -to list should not be empty. [/home/s23520579/Vivado_project/vit_m8_board_candidate_67c18532_workspace_20260809/vivado_server_307_perf_v1_m8_nongemm_nodsp_2023_2/VIT_googlebase_rtl/ViT_googlebase/ViT_googlebase.gen/sources_1/bd/vit_system/ip/vit_system_smartconnect_ddr_0/bd_0/ip/ip_10/bd_819f_sbn_0_clocks.xdc:158]
WARNING: [Vivado_Tcl 4-921] Waiver ID 'CDC-10' -to list should not be empty. [/home/s23520579/Vivado_project/vit_m8_board_candidate_67c18532_workspace_20260809/vivado_server_307_perf_v1_m8_nongemm_nodsp_2023_2/VIT_googlebase_rtl/ViT_googlebase/ViT_googlebase.gen/sources_1/bd/vit_system/ip/vit_system_smartconnect_ddr_0/bd_0/ip/ip_10/bd_819f_sbn_0_clocks.xdc:161]
WARNING: [Vivado_Tcl 4-921] Waiver ID 'CDC-4' -to list should not be empty. [/home/s23520579/Vivado_project/vit_m8_board_candidate_67c18532_workspace_20260809/vivado_server_307_perf_v1_m8_nongemm_nodsp_2023_2/VIT_googlebase_rtl/ViT_googlebase/ViT_googlebase.gen/sources_1/bd/vit_system/ip/vit_system_smartconnect_ddr_0/bd_0/ip/ip_10/bd_819f_sbn_0_clocks.xdc:164]
WARNING: [Vivado_Tcl 4-921] Waiver ID 'CDC-4' -to list should not be empty. [/home/s23520579/Vivado_project/vit_m8_board_candidate_67c18532_workspace_20260809/vivado_server_307_perf_v1_m8_nongemm_nodsp_2023_2/VIT_googlebase_rtl/ViT_googlebase/ViT_googlebase.gen/sources_1/bd/vit_system/ip/vit_system_smartconnect_ddr_0/bd_0/ip/ip_10/bd_819f_sbn_0_clocks.xdc:167]
WARNING: [Vivado_Tcl 4-921] Waiver ID 'CDC-4' -to list should not be empty. [/home/s23520579/Vivado_project/vit_m8_board_candidate_67c18532_workspace_20260809/vivado_server_307_perf_v1_m8_nongemm_nodsp_2023_2/VIT_googlebase_rtl/ViT_googlebase/ViT_googlebase.gen/sources_1/bd/vit_system/ip/vit_system_smartconnect_ddr_0/bd_0/ip/ip_10/bd_819f_sbn_0_clocks.xdc:171]
WARNING: [Vivado_Tcl 4-921] Waiver ID 'CDC-4' -to list should not be empty. [/home/s23520579/Vivado_project/vit_m8_board_candidate_67c18532_workspace_20260809/vivado_server_307_perf_v1_m8_nongemm_nodsp_2023_2/VIT_googlebase_rtl/ViT_googlebase/ViT_googlebase.gen/sources_1/bd/vit_system/ip/vit_system_smartconnect_ddr_0/bd_0/ip/ip_10/bd_819f_sbn_0_clocks.xdc:174]
WARNING: [Vivado_Tcl 4-921] Waiver ID 'CDC-1' -to list should not be empty. [/home/s23520579/Vivado_project/vit_m8_board_candidate_67c18532_workspace_20260809/vivado_server_307_perf_v1_m8_nongemm_nodsp_2023_2/VIT_googlebase_rtl/ViT_googlebase/ViT_googlebase.gen/sources_1/bd/vit_system/ip/vit_system_smartconnect_ddr_0/bd_0/ip/ip_10/bd_819f_sbn_0_clocks.xdc:178]
Finished Parsing XDC File [/home/s23520579/Vivado_project/vit_m8_board_candidate_67c18532_workspace_20260809/vivado_server_307_perf_v1_m8_nongemm_nodsp_2023_2/VIT_googlebase_rtl/ViT_googlebase/ViT_googlebase.gen/sources_1/bd/vit_system/ip/vit_system_smartconnect_ddr_0/bd_0/ip/ip_10/bd_819f_sbn_0_clocks.xdc] for cell 'vit_system_i/smartconnect_ddr/inst/s00_nodes/s00_b_node/inst'
Parsing XDC File [/home/s23520579/Vivado_project/vit_m8_board_candidate_67c18532_workspace_20260809/vivado_server_307_perf_v1_m8_nongemm_nodsp_2023_2/VIT_googlebase_rtl/ViT_googlebase/ViT_googlebase.gen/sources_1/bd/vit_system/ip/vit_system_smartconnect_ddr_0/bd_0/ip/ip_9/bd_819f_swn_0_clocks.xdc] for cell 'vit_system_i/smartconnect_ddr/inst/s00_nodes/s00_w_node/inst'
WARNING: [Vivado_Tcl 4-921] Waiver ID 'CDC-1' -to list should not be empty. [/home/s23520579/Vivado_project/vit_m8_board_candidate_67c18532_workspace_20260809/vivado_server_307_perf_v1_m8_nongemm_nodsp_2023_2/VIT_googlebase_rtl/ViT_googlebase/ViT_googlebase.gen/sources_1/bd/vit_system/ip/vit_system_smartconnect_ddr_0/bd_0/ip/ip_9/bd_819f_swn_0_clocks.xdc:49]
WARNING: [Vivado_Tcl 4-921] Waiver ID 'CDC-1' -to list should not be empty. [/home/s23520579/Vivado_project/vit_m8_board_candidate_67c18532_workspace_20260809/vivado_server_307_perf_v1_m8_nongemm_nodsp_2023_2/VIT_googlebase_rtl/ViT_googlebase/ViT_googlebase.gen/sources_1/bd/vit_system/ip/vit_system_smartconnect_ddr_0/bd_0/ip/ip_9/bd_819f_swn_0_clocks.xdc:52]
WARNING: [Vivado_Tcl 4-921] Waiver ID 'CDC-1' -to list should not be empty. [/home/s23520579/Vivado_project/vit_m8_board_candidate_67c18532_workspace_20260809/vivado_server_307_perf_v1_m8_nongemm_nodsp_2023_2/VIT_googlebase_rtl/ViT_googlebase/ViT_googlebase.gen/sources_1/bd/vit_system/ip/vit_system_smartconnect_ddr_0/bd_0/ip/ip_9/bd_819f_swn_0_clocks.xdc:55]
WARNING: [Vivado_Tcl 4-921] Waiver ID 'CDC-1' -to list should not be empty. [/home/s23520579/Vivado_project/vit_m8_board_candidate_67c18532_workspace_20260809/vivado_server_307_perf_v1_m8_nongemm_nodsp_2023_2/VIT_googlebase_rtl/ViT_googlebase/ViT_googlebase.gen/sources_1/bd/vit_system/ip/vit_system_smartconnect_ddr_0/bd_0/ip/ip_9/bd_819f_swn_0_clocks.xdc:59]
WARNING: [Vivado_Tcl 4-921] Waiver ID 'CDC-1' -to list should not be empty. [/home/s23520579/Vivado_project/vit_m8_board_candidate_67c18532_workspace_20260809/vivado_server_307_perf_v1_m8_nongemm_nodsp_2023_2/VIT_googlebase_rtl/ViT_googlebase/ViT_googlebase.gen/sources_1/bd/vit_system/ip/vit_system_smartconnect_ddr_0/bd_0/ip/ip_9/bd_819f_swn_0_clocks.xdc:63]
WARNING: [Vivado_Tcl 4-921] Waiver ID 'CDC-1' -to list should not be empty. [/home/s23520579/Vivado_project/vit_m8_board_candidate_67c18532_workspace_20260809/vivado_server_307_perf_v1_m8_nongemm_nodsp_2023_2/VIT_googlebase_rtl/ViT_googlebase/ViT_googlebase.gen/sources_1/bd/vit_system/ip/vit_system_smartconnect_ddr_0/bd_0/ip/ip_9/bd_819f_swn_0_clocks.xdc:66]
WARNING: [Vivado_Tcl 4-921] Waiver ID 'CDC-1' -to list should not be empty. [/home/s23520579/Vivado_project/vit_m8_board_candidate_67c18532_workspace_20260809/vivado_server_307_perf_v1_m8_nongemm_nodsp_2023_2/VIT_googlebase_rtl/ViT_googlebase/ViT_googlebase.gen/sources_1/bd/vit_system/ip/vit_system_smartconnect_ddr_0/bd_0/ip/ip_9/bd_819f_swn_0_clocks.xdc:70]
WARNING: [Vivado_Tcl 4-921] Waiver ID 'CDC-1' -to list should not be empty. [/home/s23520579/Vivado_project/vit_m8_board_candidate_67c18532_workspace_20260809/vivado_server_307_perf_v1_m8_nongemm_nodsp_2023_2/VIT_googlebase_rtl/ViT_googlebase/ViT_googlebase.gen/sources_1/bd/vit_system/ip/vit_system_smartconnect_ddr_0/bd_0/ip/ip_9/bd_819f_swn_0_clocks.xdc:73]
WARNING: [Vivado_Tcl 4-921] Waiver ID 'CDC-1' -to list should not be empty. [/home/s23520579/Vivado_project/vit_m8_board_candidate_67c18532_workspace_20260809/vivado_server_307_perf_v1_m8_nongemm_nodsp_2023_2/VIT_googlebase_rtl/ViT_googlebase/ViT_googlebase.gen/sources_1/bd/vit_system/ip/vit_system_smartconnect_ddr_0/bd_0/ip/ip_9/bd_819f_swn_0_clocks.xdc:76]
WARNING: [Vivado_Tcl 4-921] Waiver ID 'CDC-1' -to list should not be empty. [/home/s23520579/Vivado_project/vit_m8_board_candidate_67c18532_workspace_20260809/vivado_server_307_perf_v1_m8_nongemm_nodsp_2023_2/VIT_googlebase_rtl/ViT_googlebase/ViT_googlebase.gen/sources_1/bd/vit_system/ip/vit_system_smartconnect_ddr_0/bd_0/ip/ip_9/bd_819f_swn_0_clocks.xdc:79]
WARNING: [Vivado_Tcl 4-921] Waiver ID 'CDC-1' -to list should not be empty. [/home/s23520579/Vivado_project/vit_m8_board_candidate_67c18532_workspace_20260809/vivado_server_307_perf_v1_m8_nongemm_nodsp_2023_2/VIT_googlebase_rtl/ViT_googlebase/ViT_googlebase.gen/sources_1/bd/vit_system/ip/vit_system_smartconnect_ddr_0/bd_0/ip/ip_9/bd_819f_swn_0_clocks.xdc:82]
WARNING: [Vivado_Tcl 4-921] Waiver ID 'CDC-4' -to list should not be empty. [/home/s23520579/Vivado_project/vit_m8_board_candidate_67c18532_workspace_20260809/vivado_server_307_perf_v1_m8_nongemm_nodsp_2023_2/VIT_googlebase_rtl/ViT_googlebase/ViT_googlebase.gen/sources_1/bd/vit_system/ip/vit_system_smartconnect_ddr_0/bd_0/ip/ip_9/bd_819f_swn_0_clocks.xdc:85]
WARNING: [Vivado_Tcl 4-921] Waiver ID 'CDC-4' -to list should not be empty. [/home/s23520579/Vivado_project/vit_m8_board_candidate_67c18532_workspace_20260809/vivado_server_307_perf_v1_m8_nongemm_nodsp_2023_2/VIT_googlebase_rtl/ViT_googlebase/ViT_googlebase.gen/sources_1/bd/vit_system/ip/vit_system_smartconnect_ddr_0/bd_0/ip/ip_9/bd_819f_swn_0_clocks.xdc:88]
WARNING: [Vivado_Tcl 4-921] Waiver ID 'CDC-2' -to list should not be empty. [/home/s23520579/Vivado_project/vit_m8_board_candidate_67c18532_workspace_20260809/vivado_server_307_perf_v1_m8_nongemm_nodsp_2023_2/VIT_googlebase_rtl/ViT_googlebase/ViT_googlebase.gen/sources_1/bd/vit_system/ip/vit_system_smartconnect_ddr_0/bd_0/ip/ip_9/bd_819f_swn_0_clocks.xdc:91]
WARNING: [Vivado_Tcl 4-921] Waiver ID 'CDC-2' -to list should not be empty. [/home/s23520579/Vivado_project/vit_m8_board_candidate_67c18532_workspace_20260809/vivado_server_307_perf_v1_m8_nongemm_nodsp_2023_2/VIT_googlebase_rtl/ViT_googlebase/ViT_googlebase.gen/sources_1/bd/vit_system/ip/vit_system_smartconnect_ddr_0/bd_0/ip/ip_9/bd_819f_swn_0_clocks.xdc:94]
WARNING: [Vivado_Tcl 4-921] Waiver ID 'CDC-2' -to list should not be empty. [/home/s23520579/Vivado_project/vit_m8_board_candidate_67c18532_workspace_20260809/vivado_server_307_perf_v1_m8_nongemm_nodsp_2023_2/VIT_googlebase_rtl/ViT_googlebase/ViT_googlebase.gen/sources_1/bd/vit_system/ip/vit_system_smartconnect_ddr_0/bd_0/ip/ip_9/bd_819f_swn_0_clocks.xdc:97]
WARNING: [Vivado_Tcl 4-921] Waiver ID 'CDC-2' -to list should not be empty. [/home/s23520579/Vivado_project/vit_m8_board_candidate_67c18532_workspace_20260809/vivado_server_307_perf_v1_m8_nongemm_nodsp_2023_2/VIT_googlebase_rtl/ViT_googlebase/ViT_googlebase.gen/sources_1/bd/vit_system/ip/vit_system_smartconnect_ddr_0/bd_0/ip/ip_9/bd_819f_swn_0_clocks.xdc:100]
WARNING: [Vivado_Tcl 4-921] Waiver ID 'CDC-1' -to list should not be empty. [/home/s23520579/Vivado_project/vit_m8_board_candidate_67c18532_workspace_20260809/vivado_server_307_perf_v1_m8_nongemm_nodsp_2023_2/VIT_googlebase_rtl/ViT_googlebase/ViT_googlebase.gen/sources_1/bd/vit_system/ip/vit_system_smartconnect_ddr_0/bd_0/ip/ip_9/bd_819f_swn_0_clocks.xdc:104]
WARNING: [Vivado_Tcl 4-921] Waiver ID 'CDC-10' -to list should not be empty. [/home/s23520579/Vivado_project/vit_m8_board_candidate_67c18532_workspace_20260809/vivado_server_307_perf_v1_m8_nongemm_nodsp_2023_2/VIT_googlebase_rtl/ViT_googlebase/ViT_googlebase.gen/sources_1/bd/vit_system/ip/vit_system_smartconnect_ddr_0/bd_0/ip/ip_9/bd_819f_swn_0_clocks.xdc:107]
WARNING: [Vivado_Tcl 4-921] Waiver ID 'CDC-10' -to list should not be empty. [/home/s23520579/Vivado_project/vit_m8_board_candidate_67c18532_workspace_20260809/vivado_server_307_perf_v1_m8_nongemm_nodsp_2023_2/VIT_googlebase_rtl/ViT_googlebase/ViT_googlebase.gen/sources_1/bd/vit_system/ip/vit_system_smartconnect_ddr_0/bd_0/ip/ip_9/bd_819f_swn_0_clocks.xdc:110]
WARNING: [Vivado_Tcl 4-921] Waiver ID 'CDC-1' -to list should not be empty. [/home/s23520579/Vivado_project/vit_m8_board_candidate_67c18532_workspace_20260809/vivado_server_307_perf_v1_m8_nongemm_nodsp_2023_2/VIT_googlebase_rtl/ViT_googlebase/ViT_googlebase.gen/sources_1/bd/vit_system/ip/vit_system_smartconnect_ddr_0/bd_0/ip/ip_9/bd_819f_swn_0_clocks.xdc:113]
WARNING: [Vivado_Tcl 4-921] Waiver ID 'CDC-1' -to list should not be empty. [/home/s23520579/Vivado_project/vit_m8_board_candidate_67c18532_workspace_20260809/vivado_server_307_perf_v1_m8_nongemm_nodsp_2023_2/VIT_googlebase_rtl/ViT_googlebase/ViT_googlebase.gen/sources_1/bd/vit_system/ip/vit_system_smartconnect_ddr_0/bd_0/ip/ip_9/bd_819f_swn_0_clocks.xdc:116]
WARNING: [Vivado_Tcl 4-921] Waiver ID 'CDC-1' -to list should not be empty. [/home/s23520579/Vivado_project/vit_m8_board_candidate_67c18532_workspace_20260809/vivado_server_307_perf_v1_m8_nongemm_nodsp_2023_2/VIT_googlebase_rtl/ViT_googlebase/ViT_googlebase.gen/sources_1/bd/vit_system/ip/vit_system_smartconnect_ddr_0/bd_0/ip/ip_9/bd_819f_swn_0_clocks.xdc:119]
WARNING: [Vivado_Tcl 4-921] Waiver ID 'CDC-13' -to list should not be empty. [/home/s23520579/Vivado_project/vit_m8_board_candidate_67c18532_workspace_20260809/vivado_server_307_perf_v1_m8_nongemm_nodsp_2023_2/VIT_googlebase_rtl/ViT_googlebase/ViT_googlebase.gen/sources_1/bd/vit_system/ip/vit_system_smartconnect_ddr_0/bd_0/ip/ip_9/bd_819f_swn_0_clocks.xdc:122]
WARNING: [Vivado_Tcl 4-921] Waiver ID 'CDC-1' -to list should not be empty. [/home/s23520579/Vivado_project/vit_m8_board_candidate_67c18532_workspace_20260809/vivado_server_307_perf_v1_m8_nongemm_nodsp_2023_2/VIT_googlebase_rtl/ViT_googlebase/ViT_googlebase.gen/sources_1/bd/vit_system/ip/vit_system_smartconnect_ddr_0/bd_0/ip/ip_9/bd_819f_swn_0_clocks.xdc:125]
WARNING: [Vivado_Tcl 4-921] Waiver ID 'CDC-1' -to list should not be empty. [/home/s23520579/Vivado_project/vit_m8_board_candidate_67c18532_workspace_20260809/vivado_server_307_perf_v1_m8_nongemm_nodsp_2023_2/VIT_googlebase_rtl/ViT_googlebase/ViT_googlebase.gen/sources_1/bd/vit_system/ip/vit_system_smartconnect_ddr_0/bd_0/ip/ip_9/bd_819f_swn_0_clocks.xdc:128]
WARNING: [Vivado_Tcl 4-921] Waiver ID 'CDC-13' -to list should not be empty. [/home/s23520579/Vivado_project/vit_m8_board_candidate_67c18532_workspace_20260809/vivado_server_307_perf_v1_m8_nongemm_nodsp_2023_2/VIT_googlebase_rtl/ViT_googlebase/ViT_googlebase.gen/sources_1/bd/vit_system/ip/vit_system_smartconnect_ddr_0/bd_0/ip/ip_9/bd_819f_swn_0_clocks.xdc:131]
WARNING: [Vivado_Tcl 4-921] Waiver ID 'CDC-1' -to list should not be empty. [/home/s23520579/Vivado_project/vit_m8_board_candidate_67c18532_workspace_20260809/vivado_server_307_perf_v1_m8_nongemm_nodsp_2023_2/VIT_googlebase_rtl/ViT_googlebase/ViT_googlebase.gen/sources_1/bd/vit_system/ip/vit_system_smartconnect_ddr_0/bd_0/ip/ip_9/bd_819f_swn_0_clocks.xdc:134]
WARNING: [Vivado_Tcl 4-921] Waiver ID 'CDC-10' -to list should not be empty. [/home/s23520579/Vivado_project/vit_m8_board_candidate_67c18532_workspace_20260809/vivado_server_307_perf_v1_m8_nongemm_nodsp_2023_2/VIT_googlebase_rtl/ViT_googlebase/ViT_googlebase.gen/sources_1/bd/vit_system/ip/vit_system_smartconnect_ddr_0/bd_0/ip/ip_9/bd_819f_swn_0_clocks.xdc:137]
WARNING: [Vivado_Tcl 4-921] Waiver ID 'CDC-1' -to list should not be empty. [/home/s23520579/Vivado_project/vit_m8_board_candidate_67c18532_workspace_20260809/vivado_server_307_perf_v1_m8_nongemm_nodsp_2023_2/VIT_googlebase_rtl/ViT_googlebase/ViT_googlebase.gen/sources_1/bd/vit_system/ip/vit_system_smartconnect_ddr_0/bd_0/ip/ip_9/bd_819f_swn_0_clocks.xdc:140]
WARNING: [Vivado_Tcl 4-921] Waiver ID 'CDC-1' -to list should not be empty. [/home/s23520579/Vivado_project/vit_m8_board_candidate_67c18532_workspace_20260809/vivado_server_307_perf_v1_m8_nongemm_nodsp_2023_2/VIT_googlebase_rtl/ViT_googlebase/ViT_googlebase.gen/sources_1/bd/vit_system/ip/vit_system_smartconnect_ddr_0/bd_0/ip/ip_9/bd_819f_swn_0_clocks.xdc:143]
WARNING: [Vivado_Tcl 4-921] Waiver ID 'CDC-1' -to list should not be empty. [/home/s23520579/Vivado_project/vit_m8_board_candidate_67c18532_workspace_20260809/vivado_server_307_perf_v1_m8_nongemm_nodsp_2023_2/VIT_googlebase_rtl/ViT_googlebase/ViT_googlebase.gen/sources_1/bd/vit_system/ip/vit_system_smartconnect_ddr_0/bd_0/ip/ip_9/bd_819f_swn_0_clocks.xdc:146]
WARNING: [Vivado_Tcl 4-921] Waiver ID 'CDC-2' -to list should not be empty. [/home/s23520579/Vivado_project/vit_m8_board_candidate_67c18532_workspace_20260809/vivado_server_307_perf_v1_m8_nongemm_nodsp_2023_2/VIT_googlebase_rtl/ViT_googlebase/ViT_googlebase.gen/sources_1/bd/vit_system/ip/vit_system_smartconnect_ddr_0/bd_0/ip/ip_9/bd_819f_swn_0_clocks.xdc:149]
WARNING: [Vivado_Tcl 4-921] Waiver ID 'CDC-1' -to list should not be empty. [/home/s23520579/Vivado_project/vit_m8_board_candidate_67c18532_workspace_20260809/vivado_server_307_perf_v1_m8_nongemm_nodsp_2023_2/VIT_googlebase_rtl/ViT_googlebase/ViT_googlebase.gen/sources_1/bd/vit_system/ip/vit_system_smartconnect_ddr_0/bd_0/ip/ip_9/bd_819f_swn_0_clocks.xdc:152]
WARNING: [Vivado_Tcl 4-921] Waiver ID 'CDC-1' -to list should not be empty. [/home/s23520579/Vivado_project/vit_m8_board_candidate_67c18532_workspace_20260809/vivado_server_307_perf_v1_m8_nongemm_nodsp_2023_2/VIT_googlebase_rtl/ViT_googlebase/ViT_googlebase.gen/sources_1/bd/vit_system/ip/vit_system_smartconnect_ddr_0/bd_0/ip/ip_9/bd_819f_swn_0_clocks.xdc:155]
WARNING: [Vivado_Tcl 4-921] Waiver ID 'CDC-1' -to list should not be empty. [/home/s23520579/Vivado_project/vit_m8_board_candidate_67c18532_workspace_20260809/vivado_server_307_perf_v1_m8_nongemm_nodsp_2023_2/VIT_googlebase_rtl/ViT_googlebase/ViT_googlebase.gen/sources_1/bd/vit_system/ip/vit_system_smartconnect_ddr_0/bd_0/ip/ip_9/bd_819f_swn_0_clocks.xdc:158]
WARNING: [Vivado_Tcl 4-921] Waiver ID 'CDC-10' -to list should not be empty. [/home/s23520579/Vivado_project/vit_m8_board_candidate_67c18532_workspace_20260809/vivado_server_307_perf_v1_m8_nongemm_nodsp_2023_2/VIT_googlebase_rtl/ViT_googlebase/ViT_googlebase.gen/sources_1/bd/vit_system/ip/vit_system_smartconnect_ddr_0/bd_0/ip/ip_9/bd_819f_swn_0_clocks.xdc:161]
WARNING: [Vivado_Tcl 4-921] Waiver ID 'CDC-4' -to list should not be empty. [/home/s23520579/Vivado_project/vit_m8_board_candidate_67c18532_workspace_20260809/vivado_server_307_perf_v1_m8_nongemm_nodsp_2023_2/VIT_googlebase_rtl/ViT_googlebase/ViT_googlebase.gen/sources_1/bd/vit_system/ip/vit_system_smartconnect_ddr_0/bd_0/ip/ip_9/bd_819f_swn_0_clocks.xdc:164]
WARNING: [Vivado_Tcl 4-921] Waiver ID 'CDC-4' -to list should not be empty. [/home/s23520579/Vivado_project/vit_m8_board_candidate_67c18532_workspace_20260809/vivado_server_307_perf_v1_m8_nongemm_nodsp_2023_2/VIT_googlebase_rtl/ViT_googlebase/ViT_googlebase.gen/sources_1/bd/vit_system/ip/vit_system_smartconnect_ddr_0/bd_0/ip/ip_9/bd_819f_swn_0_clocks.xdc:167]
WARNING: [Vivado_Tcl 4-921] Waiver ID 'CDC-4' -to list should not be empty. [/home/s23520579/Vivado_project/vit_m8_board_candidate_67c18532_workspace_20260809/vivado_server_307_perf_v1_m8_nongemm_nodsp_2023_2/VIT_googlebase_rtl/ViT_googlebase/ViT_googlebase.gen/sources_1/bd/vit_system/ip/vit_system_smartconnect_ddr_0/bd_0/ip/ip_9/bd_819f_swn_0_clocks.xdc:171]
INFO: [Common 17-14] Message 'Vivado 12-180' appears 100 times and further instances of the messages will be disabled. Use the Tcl command set_msg_config to change the current settings. [/home/s23520579/Vivado_project/vit_m8_board_candidate_67c18532_workspace_20260809/vivado_server_307_perf_v1_m8_nongemm_nodsp_2023_2/VIT_googlebase_rtl/ViT_googlebase/ViT_googlebase.gen/sources_1/bd/vit_system/ip/vit_system_smartconnect_ddr_0/bd_0/ip/ip_9/bd_819f_swn_0_clocks.xdc:174]
WARNING: [Vivado_Tcl 4-921] Waiver ID 'CDC-4' -to list should not be empty. [/home/s23520579/Vivado_project/vit_m8_board_candidate_67c18532_workspace_20260809/vivado_server_307_perf_v1_m8_nongemm_nodsp_2023_2/VIT_googlebase_rtl/ViT_googlebase/ViT_googlebase.gen/sources_1/bd/vit_system/ip/vit_system_smartconnect_ddr_0/bd_0/ip/ip_9/bd_819f_swn_0_clocks.xdc:174]
WARNING: [Vivado_Tcl 4-921] Waiver ID 'CDC-1' -to list should not be empty. [/home/s23520579/Vivado_project/vit_m8_board_candidate_67c18532_workspace_20260809/vivado_server_307_perf_v1_m8_nongemm_nodsp_2023_2/VIT_googlebase_rtl/ViT_googlebase/ViT_googlebase.gen/sources_1/bd/vit_system/ip/vit_system_smartconnect_ddr_0/bd_0/ip/ip_9/bd_819f_swn_0_clocks.xdc:178]
Finished Parsing XDC File [/home/s23520579/Vivado_project/vit_m8_board_candidate_67c18532_workspace_20260809/vivado_server_307_perf_v1_m8_nongemm_nodsp_2023_2/VIT_googlebase_rtl/ViT_googlebase/ViT_googlebase.gen/sources_1/bd/vit_system/ip/vit_system_smartconnect_ddr_0/bd_0/ip/ip_9/bd_819f_swn_0_clocks.xdc] for cell 'vit_system_i/smartconnect_ddr/inst/s00_nodes/s00_w_node/inst'
Parsing XDC File [/home/s23520579/Vivado_project/vit_m8_board_candidate_67c18532_workspace_20260809/vivado_server_307_perf_v1_m8_nongemm_nodsp_2023_2/VIT_googlebase_rtl/ViT_googlebase/ViT_googlebase.gen/sources_1/bd/vit_system/ip/vit_system_smartconnect_ddr_0/bd_0/ip/ip_8/bd_819f_sawn_0_clocks.xdc] for cell 'vit_system_i/smartconnect_ddr/inst/s00_nodes/s00_aw_node/inst'
WARNING: [Vivado_Tcl 4-921] Waiver ID 'CDC-1' -to list should not be empty. [/home/s23520579/Vivado_project/vit_m8_board_candidate_67c18532_workspace_20260809/vivado_server_307_perf_v1_m8_nongemm_nodsp_2023_2/VIT_googlebase_rtl/ViT_googlebase/ViT_googlebase.gen/sources_1/bd/vit_system/ip/vit_system_smartconnect_ddr_0/bd_0/ip/ip_8/bd_819f_sawn_0_clocks.xdc:49]
WARNING: [Vivado_Tcl 4-921] Waiver ID 'CDC-1' -to list should not be empty. [/home/s23520579/Vivado_project/vit_m8_board_candidate_67c18532_workspace_20260809/vivado_server_307_perf_v1_m8_nongemm_nodsp_2023_2/VIT_googlebase_rtl/ViT_googlebase/ViT_googlebase.gen/sources_1/bd/vit_system/ip/vit_system_smartconnect_ddr_0/bd_0/ip/ip_8/bd_819f_sawn_0_clocks.xdc:52]
WARNING: [Vivado_Tcl 4-921] Waiver ID 'CDC-1' -to list should not be empty. [/home/s23520579/Vivado_project/vit_m8_board_candidate_67c18532_workspace_20260809/vivado_server_307_perf_v1_m8_nongemm_nodsp_2023_2/VIT_googlebase_rtl/ViT_googlebase/ViT_googlebase.gen/sources_1/bd/vit_system/ip/vit_system_smartconnect_ddr_0/bd_0/ip/ip_8/bd_819f_sawn_0_clocks.xdc:55]
WARNING: [Vivado_Tcl 4-921] Waiver ID 'CDC-1' -to list should not be empty. [/home/s23520579/Vivado_project/vit_m8_board_candidate_67c18532_workspace_20260809/vivado_server_307_perf_v1_m8_nongemm_nodsp_2023_2/VIT_googlebase_rtl/ViT_googlebase/ViT_googlebase.gen/sources_1/bd/vit_system/ip/vit_system_smartconnect_ddr_0/bd_0/ip/ip_8/bd_819f_sawn_0_clocks.xdc:59]
WARNING: [Vivado_Tcl 4-921] Waiver ID 'CDC-1' -to list should not be empty. [/home/s23520579/Vivado_project/vit_m8_board_candidate_67c18532_workspace_20260809/vivado_server_307_perf_v1_m8_nongemm_nodsp_2023_2/VIT_googlebase_rtl/ViT_googlebase/ViT_googlebase.gen/sources_1/bd/vit_system/ip/vit_system_smartconnect_ddr_0/bd_0/ip/ip_8/bd_819f_sawn_0_clocks.xdc:63]
WARNING: [Vivado_Tcl 4-921] Waiver ID 'CDC-1' -to list should not be empty. [/home/s23520579/Vivado_project/vit_m8_board_candidate_67c18532_workspace_20260809/vivado_server_307_perf_v1_m8_nongemm_nodsp_2023_2/VIT_googlebase_rtl/ViT_googlebase/ViT_googlebase.gen/sources_1/bd/vit_system/ip/vit_system_smartconnect_ddr_0/bd_0/ip/ip_8/bd_819f_sawn_0_clocks.xdc:66]
WARNING: [Vivado_Tcl 4-921] Waiver ID 'CDC-1' -to list should not be empty. [/home/s23520579/Vivado_project/vit_m8_board_candidate_67c18532_workspace_20260809/vivado_server_307_perf_v1_m8_nongemm_nodsp_2023_2/VIT_googlebase_rtl/ViT_googlebase/ViT_googlebase.gen/sources_1/bd/vit_system/ip/vit_system_smartconnect_ddr_0/bd_0/ip/ip_8/bd_819f_sawn_0_clocks.xdc:70]
INFO: [Common 17-14] Message 'Vivado_Tcl 4-921' appears 100 times and further instances of the messages will be disabled. Use the Tcl command set_msg_config to change the current settings. [/home/s23520579/Vivado_project/vit_m8_board_candidate_67c18532_workspace_20260809/vivado_server_307_perf_v1_m8_nongemm_nodsp_2023_2/VIT_googlebase_rtl/ViT_googlebase/ViT_googlebase.gen/sources_1/bd/vit_system/ip/vit_system_smartconnect_ddr_0/bd_0/ip/ip_8/bd_819f_sawn_0_clocks.xdc:70]
Finished Parsing XDC File [/home/s23520579/Vivado_project/vit_m8_board_candidate_67c18532_workspace_20260809/vivado_server_307_perf_v1_m8_nongemm_nodsp_2023_2/VIT_googlebase_rtl/ViT_googlebase/ViT_googlebase.gen/sources_1/bd/vit_system/ip/vit_system_smartconnect_ddr_0/bd_0/ip/ip_8/bd_819f_sawn_0_clocks.xdc] for cell 'vit_system_i/smartconnect_ddr/inst/s00_nodes/s00_aw_node/inst'
Parsing XDC File [/home/s23520579/Vivado_project/vit_m8_board_candidate_67c18532_workspace_20260809/vivado_server_307_perf_v1_m8_nongemm_nodsp_2023_2/VIT_googlebase_rtl/ViT_googlebase/ViT_googlebase.gen/sources_1/bd/vit_system/ip/vit_system_smartconnect_ddr_0/bd_0/ip/ip_7/bd_819f_srn_0_clocks.xdc] for cell 'vit_system_i/smartconnect_ddr/inst/s00_nodes/s00_r_node/inst'
Finished Parsing XDC File [/home/s23520579/Vivado_project/vit_m8_board_candidate_67c18532_workspace_20260809/vivado_server_307_perf_v1_m8_nongemm_nodsp_2023_2/VIT_googlebase_rtl/ViT_googlebase/ViT_googlebase.gen/sources_1/bd/vit_system/ip/vit_system_smartconnect_ddr_0/bd_0/ip/ip_7/bd_819f_srn_0_clocks.xdc] for cell 'vit_system_i/smartconnect_ddr/inst/s00_nodes/s00_r_node/inst'
Parsing XDC File [/home/s23520579/Vivado_project/vit_m8_board_candidate_67c18532_workspace_20260809/vivado_server_307_perf_v1_m8_nongemm_nodsp_2023_2/VIT_googlebase_rtl/ViT_googlebase/ViT_googlebase.gen/sources_1/bd/vit_system/ip/vit_system_smartconnect_ddr_0/bd_0/ip/ip_6/bd_819f_sarn_0_clocks.xdc] for cell 'vit_system_i/smartconnect_ddr/inst/s00_nodes/s00_ar_node/inst'
Finished Parsing XDC File [/home/s23520579/Vivado_project/vit_m8_board_candidate_67c18532_workspace_20260809/vivado_server_307_perf_v1_m8_nongemm_nodsp_2023_2/VIT_googlebase_rtl/ViT_googlebase/ViT_googlebase.gen/sources_1/bd/vit_system/ip/vit_system_smartconnect_ddr_0/bd_0/ip/ip_6/bd_819f_sarn_0_clocks.xdc] for cell 'vit_system_i/smartconnect_ddr/inst/s00_nodes/s00_ar_node/inst'
Parsing XDC File [/home/s23520579/Vivado_project/vit_m8_board_candidate_67c18532_workspace_20260809/vivado_server_307_perf_v1_m8_nongemm_nodsp_2023_2/VIT_googlebase_rtl/ViT_googlebase/ViT_googlebase.gen/sources_1/bd/vit_system/ip/vit_system_smartconnect_ddr_0/bd_0/ip/ip_1/bd_819f_psr_aclk_0.xdc] for cell 'vit_system_i/smartconnect_ddr/inst/clk_map/psr_aclk/U0'
Finished Parsing XDC File [/home/s23520579/Vivado_project/vit_m8_board_candidate_67c18532_workspace_20260809/vivado_server_307_perf_v1_m8_nongemm_nodsp_2023_2/VIT_googlebase_rtl/ViT_googlebase/ViT_googlebase.gen/sources_1/bd/vit_system/ip/vit_system_smartconnect_ddr_0/bd_0/ip/ip_1/bd_819f_psr_aclk_0.xdc] for cell 'vit_system_i/smartconnect_ddr/inst/clk_map/psr_aclk/U0'
Parsing XDC File [/home/s23520579/Vivado_project/vit_m8_board_candidate_67c18532_workspace_20260809/vivado_server_307_perf_v1_m8_nongemm_nodsp_2023_2/VIT_googlebase_rtl/ViT_googlebase/ViT_googlebase.gen/sources_1/bd/vit_system/ip/vit_system_zynq_ultra_ps_e_0_0/vit_system_zynq_ultra_ps_e_0_0.xdc] for cell 'vit_system_i/zynq_ultra_ps_e_0/inst'
Finished Parsing XDC File [/home/s23520579/Vivado_project/vit_m8_board_candidate_67c18532_workspace_20260809/vivado_server_307_perf_v1_m8_nongemm_nodsp_2023_2/VIT_googlebase_rtl/ViT_googlebase/ViT_googlebase.gen/sources_1/bd/vit_system/ip/vit_system_zynq_ultra_ps_e_0_0/vit_system_zynq_ultra_ps_e_0_0.xdc] for cell 'vit_system_i/zynq_ultra_ps_e_0/inst'
Parsing XDC File [/home/s23520579/Vivado_project/vit_m8_board_candidate_67c18532_workspace_20260809/vivado_server_307_perf_v1_m8_nongemm_nodsp_2023_2/VIT_googlebase_rtl/ViT_googlebase/ViT_googlebase.gen/sources_1/bd/vit_system/ip/vit_system_smartconnect_control_0/smartconnect.xdc] for cell 'vit_system_i/smartconnect_control/inst'
WARNING: [Vivado_Tcl 4-919] Waiver ID 'CDC-1' -from list should not be empty. [/home/s23520579/Vivado_project/vit_m8_board_candidate_67c18532_workspace_20260809/vivado_server_307_perf_v1_m8_nongemm_nodsp_2023_2/VIT_googlebase_rtl/ViT_googlebase/ViT_googlebase.gen/sources_1/bd/vit_system/ip/vit_system_smartconnect_control_0/smartconnect.xdc:1]
WARNING: [Vivado_Tcl 4-919] Waiver ID 'CDC-1' -from list should not be empty. [/home/s23520579/Vivado_project/vit_m8_board_candidate_67c18532_workspace_20260809/vivado_server_307_perf_v1_m8_nongemm_nodsp_2023_2/VIT_googlebase_rtl/ViT_googlebase/ViT_googlebase.gen/sources_1/bd/vit_system/ip/vit_system_smartconnect_control_0/smartconnect.xdc:2]
WARNING: [Vivado_Tcl 4-919] Waiver ID 'CDC-1' -from list should not be empty. [/home/s23520579/Vivado_project/vit_m8_board_candidate_67c18532_workspace_20260809/vivado_server_307_perf_v1_m8_nongemm_nodsp_2023_2/VIT_googlebase_rtl/ViT_googlebase/ViT_googlebase.gen/sources_1/bd/vit_system/ip/vit_system_smartconnect_control_0/smartconnect.xdc:6]
Finished Parsing XDC File [/home/s23520579/Vivado_project/vit_m8_board_candidate_67c18532_workspace_20260809/vivado_server_307_perf_v1_m8_nongemm_nodsp_2023_2/VIT_googlebase_rtl/ViT_googlebase/ViT_googlebase.gen/sources_1/bd/vit_system/ip/vit_system_smartconnect_control_0/smartconnect.xdc] for cell 'vit_system_i/smartconnect_control/inst'
Parsing XDC File [/home/s23520579/Vivado_project/vit_m8_board_candidate_67c18532_workspace_20260809/vivado_server_307_perf_v1_m8_nongemm_nodsp_2023_2/VIT_googlebase_rtl/ViT_googlebase/ViT_googlebase.gen/sources_1/bd/vit_system/ip/vit_system_smartconnect_control_0/bd_0/ip/ip_10/bd_875e_sbn_0_clocks.xdc] for cell 'vit_system_i/smartconnect_control/inst/s00_nodes/s00_b_node/inst'
Finished Parsing XDC File [/home/s23520579/Vivado_project/vit_m8_board_candidate_67c18532_workspace_20260809/vivado_server_307_perf_v1_m8_nongemm_nodsp_2023_2/VIT_googlebase_rtl/ViT_googlebase/ViT_googlebase.gen/sources_1/bd/vit_system/ip/vit_system_smartconnect_control_0/bd_0/ip/ip_10/bd_875e_sbn_0_clocks.xdc] for cell 'vit_system_i/smartconnect_control/inst/s00_nodes/s00_b_node/inst'
Parsing XDC File [/home/s23520579/Vivado_project/vit_m8_board_candidate_67c18532_workspace_20260809/vivado_server_307_perf_v1_m8_nongemm_nodsp_2023_2/VIT_googlebase_rtl/ViT_googlebase/ViT_googlebase.gen/sources_1/bd/vit_system/ip/vit_system_smartconnect_control_0/bd_0/ip/ip_9/bd_875e_swn_0_clocks.xdc] for cell 'vit_system_i/smartconnect_control/inst/s00_nodes/s00_w_node/inst'
Finished Parsing XDC File [/home/s23520579/Vivado_project/vit_m8_board_candidate_67c18532_workspace_20260809/vivado_server_307_perf_v1_m8_nongemm_nodsp_2023_2/VIT_googlebase_rtl/ViT_googlebase/ViT_googlebase.gen/sources_1/bd/vit_system/ip/vit_system_smartconnect_control_0/bd_0/ip/ip_9/bd_875e_swn_0_clocks.xdc] for cell 'vit_system_i/smartconnect_control/inst/s00_nodes/s00_w_node/inst'
Parsing XDC File [/home/s23520579/Vivado_project/vit_m8_board_candidate_67c18532_workspace_20260809/vivado_server_307_perf_v1_m8_nongemm_nodsp_2023_2/VIT_googlebase_rtl/ViT_googlebase/ViT_googlebase.gen/sources_1/bd/vit_system/ip/vit_system_smartconnect_control_0/bd_0/ip/ip_8/bd_875e_sawn_0_clocks.xdc] for cell 'vit_system_i/smartconnect_control/inst/s00_nodes/s00_aw_node/inst'
Finished Parsing XDC File [/home/s23520579/Vivado_project/vit_m8_board_candidate_67c18532_workspace_20260809/vivado_server_307_perf_v1_m8_nongemm_nodsp_2023_2/VIT_googlebase_rtl/ViT_googlebase/ViT_googlebase.gen/sources_1/bd/vit_system/ip/vit_system_smartconnect_control_0/bd_0/ip/ip_8/bd_875e_sawn_0_clocks.xdc] for cell 'vit_system_i/smartconnect_control/inst/s00_nodes/s00_aw_node/inst'
Parsing XDC File [/home/s23520579/Vivado_project/vit_m8_board_candidate_67c18532_workspace_20260809/vivado_server_307_perf_v1_m8_nongemm_nodsp_2023_2/VIT_googlebase_rtl/ViT_googlebase/ViT_googlebase.gen/sources_1/bd/vit_system/ip/vit_system_smartconnect_control_0/bd_0/ip/ip_7/bd_875e_srn_0_clocks.xdc] for cell 'vit_system_i/smartconnect_control/inst/s00_nodes/s00_r_node/inst'
Finished Parsing XDC File [/home/s23520579/Vivado_project/vit_m8_board_candidate_67c18532_workspace_20260809/vivado_server_307_perf_v1_m8_nongemm_nodsp_2023_2/VIT_googlebase_rtl/ViT_googlebase/ViT_googlebase.gen/sources_1/bd/vit_system/ip/vit_system_smartconnect_control_0/bd_0/ip/ip_7/bd_875e_srn_0_clocks.xdc] for cell 'vit_system_i/smartconnect_control/inst/s00_nodes/s00_r_node/inst'
Parsing XDC File [/home/s23520579/Vivado_project/vit_m8_board_candidate_67c18532_workspace_20260809/vivado_server_307_perf_v1_m8_nongemm_nodsp_2023_2/VIT_googlebase_rtl/ViT_googlebase/ViT_googlebase.gen/sources_1/bd/vit_system/ip/vit_system_smartconnect_control_0/bd_0/ip/ip_6/bd_875e_sarn_0_clocks.xdc] for cell 'vit_system_i/smartconnect_control/inst/s00_nodes/s00_ar_node/inst'
Finished Parsing XDC File [/home/s23520579/Vivado_project/vit_m8_board_candidate_67c18532_workspace_20260809/vivado_server_307_perf_v1_m8_nongemm_nodsp_2023_2/VIT_googlebase_rtl/ViT_googlebase/ViT_googlebase.gen/sources_1/bd/vit_system/ip/vit_system_smartconnect_control_0/bd_0/ip/ip_6/bd_875e_sarn_0_clocks.xdc] for cell 'vit_system_i/smartconnect_control/inst/s00_nodes/s00_ar_node/inst'
Parsing XDC File [/home/s23520579/Vivado_project/vit_m8_board_candidate_67c18532_workspace_20260809/vivado_server_307_perf_v1_m8_nongemm_nodsp_2023_2/VIT_googlebase_rtl/ViT_googlebase/ViT_googlebase.gen/sources_1/bd/vit_system/ip/vit_system_smartconnect_control_0/bd_0/ip/ip_1/bd_875e_psr_aclk_0.xdc] for cell 'vit_system_i/smartconnect_control/inst/clk_map/psr_aclk/U0'
Finished Parsing XDC File [/home/s23520579/Vivado_project/vit_m8_board_candidate_67c18532_workspace_20260809/vivado_server_307_perf_v1_m8_nongemm_nodsp_2023_2/VIT_googlebase_rtl/ViT_googlebase/ViT_googlebase.gen/sources_1/bd/vit_system/ip/vit_system_smartconnect_control_0/bd_0/ip/ip_1/bd_875e_psr_aclk_0.xdc] for cell 'vit_system_i/smartconnect_control/inst/clk_map/psr_aclk/U0'
Parsing XDC File [/home/s23520579/Vivado_project/vit_m8_board_candidate_67c18532_workspace_20260809/vivado_server_307_perf_v1_m8_nongemm_nodsp_2023_2/VIT_googlebase_rtl/ViT_googlebase/ViT_googlebase.gen/sources_1/bd/vit_system/ip/vit_system_smartconnect_control_0/bd_0/ip/ip_1/bd_875e_psr_aclk_0_board.xdc] for cell 'vit_system_i/smartconnect_control/inst/clk_map/psr_aclk/U0'
Finished Parsing XDC File [/home/s23520579/Vivado_project/vit_m8_board_candidate_67c18532_workspace_20260809/vivado_server_307_perf_v1_m8_nongemm_nodsp_2023_2/VIT_googlebase_rtl/ViT_googlebase/ViT_googlebase.gen/sources_1/bd/vit_system/ip/vit_system_smartconnect_control_0/bd_0/ip/ip_1/bd_875e_psr_aclk_0_board.xdc] for cell 'vit_system_i/smartconnect_control/inst/clk_map/psr_aclk/U0'
Parsing XDC File [/home/s23520579/Vivado_project/vit_m8_board_candidate_67c18532_workspace_20260809/vivado_server_307_perf_v1_m8_nongemm_nodsp_2023_2/scripts/vivado/no_dsp.xdc]
Finished Parsing XDC File [/home/s23520579/Vivado_project/vit_m8_board_candidate_67c18532_workspace_20260809/vivado_server_307_perf_v1_m8_nongemm_nodsp_2023_2/scripts/vivado/no_dsp.xdc]
INFO: [Project 1-1714] 33 XPM XDC files have been applied to the design.
INFO: [Opt 31-138] Pushed 0 inverter(s) to 0 load pin(s).
INFO: [Project 1-1687] 436 scoped IP constraints or related sub-commands were skipped due to synthesis logic optimizations usually triggered by constant connectivity or unconnected output pins. To review the skipped constraints and messages, run the command 'set_param netlist.IPMsgFiltering false' before opening the design.
Netlist sorting complete. Time (s): cpu = 00:00:00.02 ; elapsed = 00:00:00.02 . Memory (MB): peak = 3310.012 ; gain = 0.000 ; free physical = 227033 ; free virtual = 244310
INFO: [Project 1-111] Unisim Transformation Summary:
  A total of 138 instances were transformed.
  RAM32M => RAM32M (RAMD32(x6), RAMS32(x2)): 1 instance 
  RAM32M16 => RAM32M16 (RAMD32(x14), RAMS32(x2)): 85 instances
  RAM64M8 => RAM64M8 (RAMD64E(x8)): 52 instances

19 Infos, 104 Warnings, 0 Critical Warnings and 0 Errors encountered.
link_design completed successfully
link_design: Time (s): cpu = 00:01:09 ; elapsed = 00:01:04 . Memory (MB): peak = 3310.012 ; gain = 1929.523 ; free physical = 227033 ; free virtual = 244310
Command: opt_design
Attempting to get a license for feature 'Implementation' and/or device 'xczu5ev'
INFO: [Common 17-349] Got license for feature 'Implementation' and/or device 'xczu5ev'
Running DRC as a precondition to command opt_design

Starting DRC Task
INFO: [DRC 23-27] Running DRC with 4 threads
INFO: [Project 1-461] DRC finished with 0 Errors
INFO: [Project 1-462] Please refer to the DRC report (report_drc) for more information.

Time (s): cpu = 00:00:03 ; elapsed = 00:00:01 . Memory (MB): peak = 3310.012 ; gain = 0.000 ; free physical = 227027 ; free virtual = 244304

Starting Cache Timing Information Task
INFO: [Timing 38-35] Done setting XDC timing constraints.
Ending Cache Timing Information Task | Checksum: 1a2e759b9

Time (s): cpu = 00:00:09 ; elapsed = 00:00:04 . Memory (MB): peak = 3310.012 ; gain = 0.000 ; free physical = 227010 ; free virtual = 244287

Starting Logic Optimization Task

Phase 1 Initialization

Phase 1.1 Core Generation And Design Setup
Phase 1.1 Core Generation And Design Setup | Checksum: 1a2e759b9

Time (s): cpu = 00:00:00.02 ; elapsed = 00:00:00.03 . Memory (MB): peak = 3497.781 ; gain = 0.000 ; free physical = 226749 ; free virtual = 244026

Phase 1.2 Setup Constraints And Sort Netlist
Phase 1.2 Setup Constraints And Sort Netlist | Checksum: 1a2e759b9

Time (s): cpu = 00:00:00.08 ; elapsed = 00:00:00.09 . Memory (MB): peak = 3497.781 ; gain = 0.000 ; free physical = 226749 ; free virtual = 244026
Phase 1 Initialization | Checksum: 1a2e759b9

Time (s): cpu = 00:00:00.09 ; elapsed = 00:00:00.1 . Memory (MB): peak = 3497.781 ; gain = 0.000 ; free physical = 226749 ; free virtual = 244026

Phase 2 Timer Update And Timing Data Collection

Phase 2.1 Timer Update
Phase 2.1 Timer Update | Checksum: 1a2e759b9

Time (s): cpu = 00:00:07 ; elapsed = 00:00:03 . Memory (MB): peak = 3497.781 ; gain = 0.000 ; free physical = 226740 ; free virtual = 244017

Phase 2.2 Timing Data Collection
Phase 2.2 Timing Data Collection | Checksum: 1a2e759b9

Time (s): cpu = 00:00:08 ; elapsed = 00:00:03 . Memory (MB): peak = 3497.781 ; gain = 0.000 ; free physical = 226740 ; free virtual = 244017
Phase 2 Timer Update And Timing Data Collection | Checksum: 1a2e759b9

Time (s): cpu = 00:00:08 ; elapsed = 00:00:03 . Memory (MB): peak = 3497.781 ; gain = 0.000 ; free physical = 226740 ; free virtual = 244017

Phase 3 Retarget
INFO: [Opt 31-1566] Pulled 30 inverters resulting in an inversion of 195 pins
INFO: [Opt 31-138] Pushed 58 inverter(s) to 1763 load pin(s).
INFO: [Opt 31-49] Retargeted 0 cell(s).
Phase 3 Retarget | Checksum: 95bd190a

Time (s): cpu = 00:00:13 ; elapsed = 00:00:08 . Memory (MB): peak = 3497.781 ; gain = 0.000 ; free physical = 226735 ; free virtual = 244012
Retarget | Checksum: 95bd190a
INFO: [Opt 31-389] Phase Retarget created 2395 cells and removed 3841 cells
INFO: [Opt 31-1021] In phase Retarget, 41 netlist objects are constrained preventing optimization. Please run opt_design with -debug_log to get more detail. 

Phase 4 Constant propagation
INFO: [Opt 31-138] Pushed 12 inverter(s) to 36 load pin(s).
Phase 4 Constant propagation | Checksum: cdd02a94

Time (s): cpu = 00:00:15 ; elapsed = 00:00:10 . Memory (MB): peak = 3497.781 ; gain = 0.000 ; free physical = 226735 ; free virtual = 244011
Constant propagation | Checksum: cdd02a94
INFO: [Opt 31-389] Phase Constant propagation created 1075 cells and removed 2579 cells
INFO: [Opt 31-1021] In phase Constant propagation, 41 netlist objects are constrained preventing optimization. Please run opt_design with -debug_log to get more detail. 

Phase 5 Sweep
Phase 5 Sweep | Checksum: f2e7b6de

Time (s): cpu = 00:00:18 ; elapsed = 00:00:13 . Memory (MB): peak = 3497.781 ; gain = 0.000 ; free physical = 226731 ; free virtual = 244008
Sweep | Checksum: f2e7b6de
INFO: [Opt 31-389] Phase Sweep created 0 cells and removed 168 cells
INFO: [Opt 31-1021] In phase Sweep, 51 netlist objects are constrained preventing optimization. Please run opt_design with -debug_log to get more detail. 

Phase 6 BUFG optimization
INFO: [Opt 31-1077] Phase BUFG optimization inserted 0 global clock buffer(s) for CLOCK_LOW_FANOUT.
INFO: [Opt 31-129] Inserted BUFG to drive high-fanout reset|set|enable net. BUFG cell: vit_system_i/vit_phase_e_axi_0/inst/u_core/u_npu/u_engine/u_command_controller/engine_rst_BUFG_inst, Net: vit_system_i/vit_phase_e_axi_0/inst/u_core/u_npu/u_engine/u_command_controller/engine_rst
Phase 6 BUFG optimization | Checksum: 46dd9548

Time (s): cpu = 00:00:21 ; elapsed = 00:00:15 . Memory (MB): peak = 3497.781 ; gain = 0.000 ; free physical = 226727 ; free virtual = 244004
BUFG optimization | Checksum: 46dd9548
INFO: [Opt 31-662] Phase BUFG optimization created 2 cells of which 1 are BUFGs and removed 0 cells.

Phase 7 Shift Register Optimization
WARNING: [Opt 31-1131] Can not pull register out from vit_system_i/smartconnect_ddr/inst/m00_exit_pipeline/m00_exit/inst/exit_inst/gen_r_cmd_fifo.r_cmd_fifo/gen_srls[14].srl_nx1/shift_reg_reg[0]_srl16 due to none static srl address bits
WARNING: [Opt 31-1131] Can not pull register out from vit_system_i/smartconnect_ddr/inst/m00_exit_pipeline/m00_exit/inst/exit_inst/gen_r_cmd_fifo.r_cmd_fifo/gen_srls[15].srl_nx1/shift_reg_reg[0]_srl16 due to none static srl address bits
WARNING: [Opt 31-1131] Can not pull register out from vit_system_i/smartconnect_ddr/inst/m00_exit_pipeline/m00_exit/inst/exit_inst/gen_r_cmd_fifo.r_cmd_fifo/gen_srls[16].srl_nx1/shift_reg_reg[0]_srl16 due to none static srl address bits
WARNING: [Opt 31-1131] Can not pull register out from vit_system_i/smartconnect_ddr/inst/m00_exit_pipeline/m00_exit/inst/exit_inst/gen_r_cmd_fifo.r_cmd_fifo/gen_srls[1].srl_nx1/shift_reg_reg[0]_srl16 due to none static srl address bits
WARNING: [Opt 31-1131] Can not pull register out from vit_system_i/smartconnect_ddr/inst/m00_exit_pipeline/m00_exit/inst/exit_inst/gen_r_cmd_fifo.r_cmd_fifo/gen_srls[8].srl_nx1/shift_reg_reg[0]_srl16 due to none static srl address bits
WARNING: [Opt 31-1131] Can not pull register out from vit_system_i/smartconnect_ddr/inst/m00_exit_pipeline/m00_exit/inst/exit_inst/gen_w_cmd_fifo.w_cmd_fifo/gen_srls[1].srl_nx1/shift_reg_reg[0]_srl16 due to none static srl address bits
WARNING: [Opt 31-1131] Can not pull register out from vit_system_i/smartconnect_ddr/inst/m00_exit_pipeline/m00_exit/inst/exit_inst/gen_w_cmd_fifo.w_cmd_fifo/gen_srls[2].srl_nx1/shift_reg_reg[0]_srl16 due to none static srl address bits
WARNING: [Opt 31-1131] Can not pull register out from vit_system_i/smartconnect_ddr/inst/s00_entry_pipeline/s00_si_converter/inst/converter.wrap_narrow_inst/gen_thread_loop[0].r_cmd_fifo/gen_srls[0].srl_nx1/shift_reg_reg[0]_srl16 due to none static srl address bits
WARNING: [Opt 31-1131] Can not pull register out from vit_system_i/smartconnect_ddr/inst/s00_entry_pipeline/s00_si_converter/inst/converter.wrap_narrow_inst/gen_thread_loop[0].r_cmd_fifo/gen_srls[10].srl_nx1/shift_reg_reg[0]_srl16 due to none static srl address bits
WARNING: [Opt 31-1131] Can not pull register out from vit_system_i/smartconnect_ddr/inst/s00_entry_pipeline/s00_si_converter/inst/converter.wrap_narrow_inst/gen_thread_loop[0].r_cmd_fifo/gen_srls[11].srl_nx1/shift_reg_reg[0]_srl16 due to none static srl address bits
WARNING: [Opt 31-1131] Can not pull register out from vit_system_i/smartconnect_ddr/inst/s00_entry_pipeline/s00_si_converter/inst/converter.wrap_narrow_inst/gen_thread_loop[0].r_cmd_fifo/gen_srls[12].srl_nx1/shift_reg_reg[0]_srl16 due to none static srl address bits
WARNING: [Opt 31-1131] Can not pull register out from vit_system_i/smartconnect_ddr/inst/s00_entry_pipeline/s00_si_converter/inst/converter.wrap_narrow_inst/gen_thread_loop[0].r_cmd_fifo/gen_srls[13].srl_nx1/shift_reg_reg[0]_srl16 due to none static srl address bits
WARNING: [Opt 31-1131] Can not pull register out from vit_system_i/smartconnect_ddr/inst/s00_entry_pipeline/s00_si_converter/inst/converter.wrap_narrow_inst/gen_thread_loop[0].r_cmd_fifo/gen_srls[14].srl_nx1/shift_reg_reg[0]_srl16 due to none static srl address bits
WARNING: [Opt 31-1131] Can not pull register out from vit_system_i/smartconnect_ddr/inst/s00_entry_pipeline/s00_si_converter/inst/converter.wrap_narrow_inst/gen_thread_loop[0].r_cmd_fifo/gen_srls[15].srl_nx1/shift_reg_reg[0]_srl16 due to none static srl address bits
WARNING: [Opt 31-1131] Can not pull register out from vit_system_i/smartconnect_ddr/inst/s00_entry_pipeline/s00_si_converter/inst/converter.wrap_narrow_inst/gen_thread_loop[0].r_cmd_fifo/gen_srls[17].srl_nx1/shift_reg_reg[0]_srl16 due to none static srl address bits
WARNING: [Opt 31-1131] Can not pull register out from vit_system_i/smartconnect_ddr/inst/s00_entry_pipeline/s00_si_converter/inst/converter.wrap_narrow_inst/gen_thread_loop[0].r_cmd_fifo/gen_srls[18].srl_nx1/shift_reg_reg[0]_srl16 due to none static srl address bits
WARNING: [Opt 31-1131] Can not pull register out from vit_system_i/smartconnect_ddr/inst/s00_entry_pipeline/s00_si_converter/inst/converter.wrap_narrow_inst/gen_thread_loop[0].r_cmd_fifo/gen_srls[19].srl_nx1/shift_reg_reg[0]_srl16 due to none static srl address bits
WARNING: [Opt 31-1131] Can not pull register out from vit_system_i/smartconnect_ddr/inst/s00_entry_pipeline/s00_si_converter/inst/converter.wrap_narrow_inst/gen_thread_loop[0].r_cmd_fifo/gen_srls[1].srl_nx1/shift_reg_reg[0]_srl16 due to none static srl address bits
WARNING: [Opt 31-1131] Can not pull register out from vit_system_i/smartconnect_ddr/inst/s00_entry_pipeline/s00_si_converter/inst/converter.wrap_narrow_inst/gen_thread_loop[0].r_cmd_fifo/gen_srls[20].srl_nx1/shift_reg_reg[0]_srl16 due to none static srl address bits
WARNING: [Opt 31-1131] Can not pull register out from vit_system_i/smartconnect_ddr/inst/s00_entry_pipeline/s00_si_converter/inst/converter.wrap_narrow_inst/gen_thread_loop[0].r_cmd_fifo/gen_srls[21].srl_nx1/shift_reg_reg[0]_srl16 due to none static srl address bits
WARNING: [Opt 31-1131] Can not pull register out from vit_system_i/smartconnect_ddr/inst/s00_entry_pipeline/s00_si_converter/inst/converter.wrap_narrow_inst/gen_thread_loop[0].r_cmd_fifo/gen_srls[22].srl_nx1/shift_reg_reg[0]_srl16 due to none static srl address bits
WARNING: [Opt 31-1131] Can not pull register out from vit_system_i/smartconnect_ddr/inst/s00_entry_pipeline/s00_si_converter/inst/converter.wrap_narrow_inst/gen_thread_loop[0].r_cmd_fifo/gen_srls[2].srl_nx1/shift_reg_reg[0]_srl16 due to none static srl address bits
WARNING: [Opt 31-1131] Can not pull register out from vit_system_i/smartconnect_ddr/inst/s00_entry_pipeline/s00_si_converter/inst/converter.wrap_narrow_inst/gen_thread_loop[0].r_cmd_fifo/gen_srls[3].srl_nx1/shift_reg_reg[0]_srl16 due to none static srl address bits
WARNING: [Opt 31-1131] Can not pull register out from vit_system_i/smartconnect_ddr/inst/s00_entry_pipeline/s00_si_converter/inst/converter.wrap_narrow_inst/gen_thread_loop[0].r_cmd_fifo/gen_srls[4].srl_nx1/shift_reg_reg[0]_srl16 due to none static srl address bits
WARNING: [Opt 31-1131] Can not pull register out from vit_system_i/smartconnect_ddr/inst/s00_entry_pipeline/s00_si_converter/inst/converter.wrap_narrow_inst/gen_thread_loop[0].r_cmd_fifo/gen_srls[5].srl_nx1/shift_reg_reg[0]_srl16 due to none static srl address bits
WARNING: [Opt 31-1131] Can not pull register out from vit_system_i/smartconnect_ddr/inst/s00_entry_pipeline/s00_si_converter/inst/converter.wrap_narrow_inst/gen_thread_loop[0].r_cmd_fifo/gen_srls[6].srl_nx1/shift_reg_reg[0]_srl16 due to none static srl address bits
WARNING: [Opt 31-1131] Can not pull register out from vit_system_i/smartconnect_ddr/inst/s00_entry_pipeline/s00_si_converter/inst/converter.wrap_narrow_inst/gen_thread_loop[0].r_cmd_fifo/gen_srls[7].srl_nx1/shift_reg_reg[0]_srl16 due to none static srl address bits
WARNING: [Opt 31-1131] Can not pull register out from vit_system_i/smartconnect_ddr/inst/s00_entry_pipeline/s00_si_converter/inst/converter.wrap_narrow_inst/gen_thread_loop[0].r_cmd_fifo/gen_srls[8].srl_nx1/shift_reg_reg[0]_srl16 due to none static srl address bits
WARNING: [Opt 31-1131] Can not pull register out from vit_system_i/smartconnect_ddr/inst/s00_entry_pipeline/s00_si_converter/inst/converter.wrap_narrow_inst/gen_thread_loop[0].r_cmd_fifo/gen_srls[9].srl_nx1/shift_reg_reg[0]_srl16 due to none static srl address bits
WARNING: [Opt 31-1131] Can not pull register out from vit_system_i/smartconnect_ddr/inst/s00_entry_pipeline/s00_si_converter/inst/converter.wrap_narrow_inst/gen_thread_loop[0].r_payld_fifo/gen_srls[100].srl_nx1/shift_reg_reg[0]_srl32 due to none static srl address bits
WARNING: [Opt 31-1131] Can not pull register out from vit_system_i/smartconnect_ddr/inst/s00_entry_pipeline/s00_si_converter/inst/converter.wrap_narrow_inst/gen_thread_loop[0].r_payld_fifo/gen_srls[101].srl_nx1/shift_reg_reg[0]_srl32 due to none static srl address bits
WARNING: [Opt 31-1131] Can not pull register out from vit_system_i/smartconnect_ddr/inst/s00_entry_pipeline/s00_si_converter/inst/converter.wrap_narrow_inst/gen_thread_loop[0].r_payld_fifo/gen_srls[102].srl_nx1/shift_reg_reg[0]_srl32 due to none static srl address bits
WARNING: [Opt 31-1131] Can not pull register out from vit_system_i/smartconnect_ddr/inst/s00_entry_pipeline/s00_si_converter/inst/converter.wrap_narrow_inst/gen_thread_loop[0].r_payld_fifo/gen_srls[103].srl_nx1/shift_reg_reg[0]_srl32 due to none static srl address bits
WARNING: [Opt 31-1131] Can not pull register out from vit_system_i/smartconnect_ddr/inst/s00_entry_pipeline/s00_si_converter/inst/converter.wrap_narrow_inst/gen_thread_loop[0].r_payld_fifo/gen_srls[104].srl_nx1/shift_reg_reg[0]_srl32 due to none static srl address bits
WARNING: [Opt 31-1131] Can not pull register out from vit_system_i/smartconnect_ddr/inst/s00_entry_pipeline/s00_si_converter/inst/converter.wrap_narrow_inst/gen_thread_loop[0].r_payld_fifo/gen_srls[105].srl_nx1/shift_reg_reg[0]_srl32 due to none static srl address bits
WARNING: [Opt 31-1131] Can not pull register out from vit_system_i/smartconnect_ddr/inst/s00_entry_pipeline/s00_si_converter/inst/converter.wrap_narrow_inst/gen_thread_loop[0].r_payld_fifo/gen_srls[106].srl_nx1/shift_reg_reg[0]_srl32 due to none static srl address bits
WARNING: [Opt 31-1131] Can not pull register out from vit_system_i/smartconnect_ddr/inst/s00_entry_pipeline/s00_si_converter/inst/converter.wrap_narrow_inst/gen_thread_loop[0].r_payld_fifo/gen_srls[107].srl_nx1/shift_reg_reg[0]_srl32 due to none static srl address bits
WARNING: [Opt 31-1131] Can not pull register out from vit_system_i/smartconnect_ddr/inst/s00_entry_pipeline/s00_si_converter/inst/converter.wrap_narrow_inst/gen_thread_loop[0].r_payld_fifo/gen_srls[108].srl_nx1/shift_reg_reg[0]_srl32 due to none static srl address bits
WARNING: [Opt 31-1131] Can not pull register out from vit_system_i/smartconnect_ddr/inst/s00_entry_pipeline/s00_si_converter/inst/converter.wrap_narrow_inst/gen_thread_loop[0].r_payld_fifo/gen_srls[109].srl_nx1/shift_reg_reg[0]_srl32 due to none static srl address bits
WARNING: [Opt 31-1131] Can not pull register out from vit_system_i/smartconnect_ddr/inst/s00_entry_pipeline/s00_si_converter/inst/converter.wrap_narrow_inst/gen_thread_loop[0].r_payld_fifo/gen_srls[110].srl_nx1/shift_reg_reg[0]_srl32 due to none static srl address bits
WARNING: [Opt 31-1131] Can not pull register out from vit_system_i/smartconnect_ddr/inst/s00_entry_pipeline/s00_si_converter/inst/converter.wrap_narrow_inst/gen_thread_loop[0].r_payld_fifo/gen_srls[111].srl_nx1/shift_reg_reg[0]_srl32 due to none static srl address bits
WARNING: [Opt 31-1131] Can not pull register out from vit_system_i/smartconnect_ddr/inst/s00_entry_pipeline/s00_si_converter/inst/converter.wrap_narrow_inst/gen_thread_loop[0].r_payld_fifo/gen_srls[112].srl_nx1/shift_reg_reg[0]_srl32 due to none static srl address bits
WARNING: [Opt 31-1131] Can not pull register out from vit_system_i/smartconnect_ddr/inst/s00_entry_pipeline/s00_si_converter/inst/converter.wrap_narrow_inst/gen_thread_loop[0].r_payld_fifo/gen_srls[113].srl_nx1/shift_reg_reg[0]_srl32 due to none static srl address bits
WARNING: [Opt 31-1131] Can not pull register out from vit_system_i/smartconnect_ddr/inst/s00_entry_pipeline/s00_si_converter/inst/converter.wrap_narrow_inst/gen_thread_loop[0].r_payld_fifo/gen_srls[114].srl_nx1/shift_reg_reg[0]_srl32 due to none static srl address bits
WARNING: [Opt 31-1131] Can not pull register out from vit_system_i/smartconnect_ddr/inst/s00_entry_pipeline/s00_si_converter/inst/converter.wrap_narrow_inst/gen_thread_loop[0].r_payld_fifo/gen_srls[115].srl_nx1/shift_reg_reg[0]_srl32 due to none static srl address bits
WARNING: [Opt 31-1131] Can not pull register out from vit_system_i/smartconnect_ddr/inst/s00_entry_pipeline/s00_si_converter/inst/converter.wrap_narrow_inst/gen_thread_loop[0].r_payld_fifo/gen_srls[116].srl_nx1/shift_reg_reg[0]_srl32 due to none static srl address bits
WARNING: [Opt 31-1131] Can not pull register out from vit_system_i/smartconnect_ddr/inst/s00_entry_pipeline/s00_si_converter/inst/converter.wrap_narrow_inst/gen_thread_loop[0].r_payld_fifo/gen_srls[117].srl_nx1/shift_reg_reg[0]_srl32 due to none static srl address bits
WARNING: [Opt 31-1131] Can not pull register out from vit_system_i/smartconnect_ddr/inst/s00_entry_pipeline/s00_si_converter/inst/converter.wrap_narrow_inst/gen_thread_loop[0].r_payld_fifo/gen_srls[118].srl_nx1/shift_reg_reg[0]_srl32 due to none static srl address bits
WARNING: [Opt 31-1131] Can not pull register out from vit_system_i/smartconnect_ddr/inst/s00_entry_pipeline/s00_si_converter/inst/converter.wrap_narrow_inst/gen_thread_loop[0].r_payld_fifo/gen_srls[119].srl_nx1/shift_reg_reg[0]_srl32 due to none static srl address bits
WARNING: [Opt 31-1131] Can not pull register out from vit_system_i/smartconnect_ddr/inst/s00_entry_pipeline/s00_si_converter/inst/converter.wrap_narrow_inst/gen_thread_loop[0].r_payld_fifo/gen_srls[120].srl_nx1/shift_reg_reg[0]_srl32 due to none static srl address bits
WARNING: [Opt 31-1131] Can not pull register out from vit_system_i/smartconnect_ddr/inst/s00_entry_pipeline/s00_si_converter/inst/converter.wrap_narrow_inst/gen_thread_loop[0].r_payld_fifo/gen_srls[121].srl_nx1/shift_reg_reg[0]_srl32 due to none static srl address bits
WARNING: [Opt 31-1131] Can not pull register out from vit_system_i/smartconnect_ddr/inst/s00_entry_pipeline/s00_si_converter/inst/converter.wrap_narrow_inst/gen_thread_loop[0].r_payld_fifo/gen_srls[122].srl_nx1/shift_reg_reg[0]_srl32 due to none static srl address bits
WARNING: [Opt 31-1131] Can not pull register out from vit_system_i/smartconnect_ddr/inst/s00_entry_pipeline/s00_si_converter/inst/converter.wrap_narrow_inst/gen_thread_loop[0].r_payld_fifo/gen_srls[123].srl_nx1/shift_reg_reg[0]_srl32 due to none static srl address bits
WARNING: [Opt 31-1131] Can not pull register out from vit_system_i/smartconnect_ddr/inst/s00_entry_pipeline/s00_si_converter/inst/converter.wrap_narrow_inst/gen_thread_loop[0].r_payld_fifo/gen_srls[124].srl_nx1/shift_reg_reg[0]_srl32 due to none static srl address bits
WARNING: [Opt 31-1131] Can not pull register out from vit_system_i/smartconnect_ddr/inst/s00_entry_pipeline/s00_si_converter/inst/converter.wrap_narrow_inst/gen_thread_loop[0].r_payld_fifo/gen_srls[125].srl_nx1/shift_reg_reg[0]_srl32 due to none static srl address bits
WARNING: [Opt 31-1131] Can not pull register out from vit_system_i/smartconnect_ddr/inst/s00_entry_pipeline/s00_si_converter/inst/converter.wrap_narrow_inst/gen_thread_loop[0].r_payld_fifo/gen_srls[126].srl_nx1/shift_reg_reg[0]_srl32 due to none static srl address bits
WARNING: [Opt 31-1131] Can not pull register out from vit_system_i/smartconnect_ddr/inst/s00_entry_pipeline/s00_si_converter/inst/converter.wrap_narrow_inst/gen_thread_loop[0].r_payld_fifo/gen_srls[127].srl_nx1/shift_reg_reg[0]_srl32 due to none static srl address bits
WARNING: [Opt 31-1131] Can not pull register out from vit_system_i/smartconnect_ddr/inst/s00_entry_pipeline/s00_si_converter/inst/converter.wrap_narrow_inst/gen_thread_loop[0].r_payld_fifo/gen_srls[128].srl_nx1/shift_reg_reg[0]_srl32 due to none static srl address bits
WARNING: [Opt 31-1131] Can not pull register out from vit_system_i/smartconnect_ddr/inst/s00_entry_pipeline/s00_si_converter/inst/converter.wrap_narrow_inst/gen_thread_loop[0].r_payld_fifo/gen_srls[129].srl_nx1/shift_reg_reg[0]_srl32 due to none static srl address bits
WARNING: [Opt 31-1131] Can not pull register out from vit_system_i/smartconnect_ddr/inst/s00_entry_pipeline/s00_si_converter/inst/converter.wrap_narrow_inst/gen_thread_loop[0].r_payld_fifo/gen_srls[130].srl_nx1/shift_reg_reg[0]_srl32 due to none static srl address bits
WARNING: [Opt 31-1131] Can not pull register out from vit_system_i/smartconnect_ddr/inst/s00_entry_pipeline/s00_si_converter/inst/converter.wrap_narrow_inst/gen_thread_loop[0].r_payld_fifo/gen_srls[131].srl_nx1/shift_reg_reg[0]_srl32 due to none static srl address bits
WARNING: [Opt 31-1131] Can not pull register out from vit_system_i/smartconnect_ddr/inst/s00_entry_pipeline/s00_si_converter/inst/converter.wrap_narrow_inst/gen_thread_loop[0].r_payld_fifo/gen_srls[132].srl_nx1/shift_reg_reg[0]_srl32 due to none static srl address bits
WARNING: [Opt 31-1131] Can not pull register out from vit_system_i/smartconnect_ddr/inst/s00_entry_pipeline/s00_si_converter/inst/converter.wrap_narrow_inst/gen_thread_loop[0].r_payld_fifo/gen_srls[133].srl_nx1/shift_reg_reg[0]_srl32 due to none static srl address bits
WARNING: [Opt 31-1131] Can not pull register out from vit_system_i/smartconnect_ddr/inst/s00_entry_pipeline/s00_si_converter/inst/converter.wrap_narrow_inst/gen_thread_loop[0].r_payld_fifo/gen_srls[134].srl_nx1/shift_reg_reg[0]_srl32 due to none static srl address bits
WARNING: [Opt 31-1131] Can not pull register out from vit_system_i/smartconnect_ddr/inst/s00_entry_pipeline/s00_si_converter/inst/converter.wrap_narrow_inst/gen_thread_loop[0].r_payld_fifo/gen_srls[135].srl_nx1/shift_reg_reg[0]_srl32 due to none static srl address bits
WARNING: [Opt 31-1131] Can not pull register out from vit_system_i/smartconnect_ddr/inst/s00_entry_pipeline/s00_si_converter/inst/converter.wrap_narrow_inst/gen_thread_loop[0].r_payld_fifo/gen_srls[136].srl_nx1/shift_reg_reg[0]_srl32 due to none static srl address bits
WARNING: [Opt 31-1131] Can not pull register out from vit_system_i/smartconnect_ddr/inst/s00_entry_pipeline/s00_si_converter/inst/converter.wrap_narrow_inst/gen_thread_loop[0].r_payld_fifo/gen_srls[137].srl_nx1/shift_reg_reg[0]_srl32 due to none static srl address bits
WARNING: [Opt 31-1131] Can not pull register out from vit_system_i/smartconnect_ddr/inst/s00_entry_pipeline/s00_si_converter/inst/converter.wrap_narrow_inst/gen_thread_loop[0].r_payld_fifo/gen_srls[138].srl_nx1/shift_reg_reg[0]_srl32 due to none static srl address bits
WARNING: [Opt 31-1131] Can not pull register out from vit_system_i/smartconnect_ddr/inst/s00_entry_pipeline/s00_si_converter/inst/converter.wrap_narrow_inst/gen_thread_loop[0].r_payld_fifo/gen_srls[139].srl_nx1/shift_reg_reg[0]_srl32 due to none static srl address bits
WARNING: [Opt 31-1131] Can not pull register out from vit_system_i/smartconnect_ddr/inst/s00_entry_pipeline/s00_si_converter/inst/converter.wrap_narrow_inst/gen_thread_loop[0].r_payld_fifo/gen_srls[140].srl_nx1/shift_reg_reg[0]_srl32 due to none static srl address bits
WARNING: [Opt 31-1131] Can not pull register out from vit_system_i/smartconnect_ddr/inst/s00_entry_pipeline/s00_si_converter/inst/converter.wrap_narrow_inst/gen_thread_loop[0].r_payld_fifo/gen_srls[141].srl_nx1/shift_reg_reg[0]_srl32 due to none static srl address bits
WARNING: [Opt 31-1131] Can not pull register out from vit_system_i/smartconnect_ddr/inst/s00_entry_pipeline/s00_si_converter/inst/converter.wrap_narrow_inst/gen_thread_loop[0].r_payld_fifo/gen_srls[142].srl_nx1/shift_reg_reg[0]_srl32 due to none static srl address bits
WARNING: [Opt 31-1131] Can not pull register out from vit_system_i/smartconnect_ddr/inst/s00_entry_pipeline/s00_si_converter/inst/converter.wrap_narrow_inst/gen_thread_loop[0].r_payld_fifo/gen_srls[143].srl_nx1/shift_reg_reg[0]_srl32 due to none static srl address bits
WARNING: [Opt 31-1131] Can not pull register out from vit_system_i/smartconnect_ddr/inst/s00_entry_pipeline/s00_si_converter/inst/converter.wrap_narrow_inst/gen_thread_loop[0].r_payld_fifo/gen_srls[146].srl_nx1/shift_reg_reg[0]_srl32 due to none static srl address bits
WARNING: [Opt 31-1131] Can not pull register out from vit_system_i/smartconnect_ddr/inst/s00_entry_pipeline/s00_si_converter/inst/converter.wrap_narrow_inst/gen_thread_loop[0].r_payld_fifo/gen_srls[147].srl_nx1/shift_reg_reg[0]_srl32 due to none static srl address bits
WARNING: [Opt 31-1131] Can not pull register out from vit_system_i/smartconnect_ddr/inst/s00_entry_pipeline/s00_si_converter/inst/converter.wrap_narrow_inst/gen_thread_loop[0].r_payld_fifo/gen_srls[16].srl_nx1/shift_reg_reg[0]_srl32 due to none static srl address bits
WARNING: [Opt 31-1131] Can not pull register out from vit_system_i/smartconnect_ddr/inst/s00_entry_pipeline/s00_si_converter/inst/converter.wrap_narrow_inst/gen_thread_loop[0].r_payld_fifo/gen_srls[17].srl_nx1/shift_reg_reg[0]_srl32 due to none static srl address bits
WARNING: [Opt 31-1131] Can not pull register out from vit_system_i/smartconnect_ddr/inst/s00_entry_pipeline/s00_si_converter/inst/converter.wrap_narrow_inst/gen_thread_loop[0].r_payld_fifo/gen_srls[18].srl_nx1/shift_reg_reg[0]_srl32 due to none static srl address bits
WARNING: [Opt 31-1131] Can not pull register out from vit_system_i/smartconnect_ddr/inst/s00_entry_pipeline/s00_si_converter/inst/converter.wrap_narrow_inst/gen_thread_loop[0].r_payld_fifo/gen_srls[19].srl_nx1/shift_reg_reg[0]_srl32 due to none static srl address bits
WARNING: [Opt 31-1131] Can not pull register out from vit_system_i/smartconnect_ddr/inst/s00_entry_pipeline/s00_si_converter/inst/converter.wrap_narrow_inst/gen_thread_loop[0].r_payld_fifo/gen_srls[20].srl_nx1/shift_reg_reg[0]_srl32 due to none static srl address bits
WARNING: [Opt 31-1131] Can not pull register out from vit_system_i/smartconnect_ddr/inst/s00_entry_pipeline/s00_si_converter/inst/converter.wrap_narrow_inst/gen_thread_loop[0].r_payld_fifo/gen_srls[21].srl_nx1/shift_reg_reg[0]_srl32 due to none static srl address bits
WARNING: [Opt 31-1131] Can not pull register out from vit_system_i/smartconnect_ddr/inst/s00_entry_pipeline/s00_si_converter/inst/converter.wrap_narrow_inst/gen_thread_loop[0].r_payld_fifo/gen_srls[22].srl_nx1/shift_reg_reg[0]_srl32 due to none static srl address bits
WARNING: [Opt 31-1131] Can not pull register out from vit_system_i/smartconnect_ddr/inst/s00_entry_pipeline/s00_si_converter/inst/converter.wrap_narrow_inst/gen_thread_loop[0].r_payld_fifo/gen_srls[23].srl_nx1/shift_reg_reg[0]_srl32 due to none static srl address bits
WARNING: [Opt 31-1131] Can not pull register out from vit_system_i/smartconnect_ddr/inst/s00_entry_pipeline/s00_si_converter/inst/converter.wrap_narrow_inst/gen_thread_loop[0].r_payld_fifo/gen_srls[24].srl_nx1/shift_reg_reg[0]_srl32 due to none static srl address bits
WARNING: [Opt 31-1131] Can not pull register out from vit_system_i/smartconnect_ddr/inst/s00_entry_pipeline/s00_si_converter/inst/converter.wrap_narrow_inst/gen_thread_loop[0].r_payld_fifo/gen_srls[25].srl_nx1/shift_reg_reg[0]_srl32 due to none static srl address bits
WARNING: [Opt 31-1131] Can not pull register out from vit_system_i/smartconnect_ddr/inst/s00_entry_pipeline/s00_si_converter/inst/converter.wrap_narrow_inst/gen_thread_loop[0].r_payld_fifo/gen_srls[26].srl_nx1/shift_reg_reg[0]_srl32 due to none static srl address bits
WARNING: [Opt 31-1131] Can not pull register out from vit_system_i/smartconnect_ddr/inst/s00_entry_pipeline/s00_si_converter/inst/converter.wrap_narrow_inst/gen_thread_loop[0].r_payld_fifo/gen_srls[27].srl_nx1/shift_reg_reg[0]_srl32 due to none static srl address bits
WARNING: [Opt 31-1131] Can not pull register out from vit_system_i/smartconnect_ddr/inst/s00_entry_pipeline/s00_si_converter/inst/converter.wrap_narrow_inst/gen_thread_loop[0].r_payld_fifo/gen_srls[28].srl_nx1/shift_reg_reg[0]_srl32 due to none static srl address bits
WARNING: [Opt 31-1131] Can not pull register out from vit_system_i/smartconnect_ddr/inst/s00_entry_pipeline/s00_si_converter/inst/converter.wrap_narrow_inst/gen_thread_loop[0].r_payld_fifo/gen_srls[29].srl_nx1/shift_reg_reg[0]_srl32 due to none static srl address bits
WARNING: [Opt 31-1131] Can not pull register out from vit_system_i/smartconnect_ddr/inst/s00_entry_pipeline/s00_si_converter/inst/converter.wrap_narrow_inst/gen_thread_loop[0].r_payld_fifo/gen_srls[30].srl_nx1/shift_reg_reg[0]_srl32 due to none static srl address bits
WARNING: [Opt 31-1131] Can not pull register out from vit_system_i/smartconnect_ddr/inst/s00_entry_pipeline/s00_si_converter/inst/converter.wrap_narrow_inst/gen_thread_loop[0].r_payld_fifo/gen_srls[31].srl_nx1/shift_reg_reg[0]_srl32 due to none static srl address bits
WARNING: [Opt 31-1131] Can not pull register out from vit_system_i/smartconnect_ddr/inst/s00_entry_pipeline/s00_si_converter/inst/converter.wrap_narrow_inst/gen_thread_loop[0].r_payld_fifo/gen_srls[32].srl_nx1/shift_reg_reg[0]_srl32 due to none static srl address bits
WARNING: [Opt 31-1131] Can not pull register out from vit_system_i/smartconnect_ddr/inst/s00_entry_pipeline/s00_si_converter/inst/converter.wrap_narrow_inst/gen_thread_loop[0].r_payld_fifo/gen_srls[33].srl_nx1/shift_reg_reg[0]_srl32 due to none static srl address bits
WARNING: [Opt 31-1131] Can not pull register out from vit_system_i/smartconnect_ddr/inst/s00_entry_pipeline/s00_si_converter/inst/converter.wrap_narrow_inst/gen_thread_loop[0].r_payld_fifo/gen_srls[34].srl_nx1/shift_reg_reg[0]_srl32 due to none static srl address bits
WARNING: [Opt 31-1131] Can not pull register out from vit_system_i/smartconnect_ddr/inst/s00_entry_pipeline/s00_si_converter/inst/converter.wrap_narrow_inst/gen_thread_loop[0].r_payld_fifo/gen_srls[35].srl_nx1/shift_reg_reg[0]_srl32 due to none static srl address bits
WARNING: [Opt 31-1131] Can not pull register out from vit_system_i/smartconnect_ddr/inst/s00_entry_pipeline/s00_si_converter/inst/converter.wrap_narrow_inst/gen_thread_loop[0].r_payld_fifo/gen_srls[36].srl_nx1/shift_reg_reg[0]_srl32 due to none static srl address bits
WARNING: [Opt 31-1131] Can not pull register out from vit_system_i/smartconnect_ddr/inst/s00_entry_pipeline/s00_si_converter/inst/converter.wrap_narrow_inst/gen_thread_loop[0].r_payld_fifo/gen_srls[37].srl_nx1/shift_reg_reg[0]_srl32 due to none static srl address bits
WARNING: [Opt 31-1131] Can not pull register out from vit_system_i/smartconnect_ddr/inst/s00_entry_pipeline/s00_si_converter/inst/converter.wrap_narrow_inst/gen_thread_loop[0].r_payld_fifo/gen_srls[38].srl_nx1/shift_reg_reg[0]_srl32 due to none static srl address bits
WARNING: [Opt 31-1131] Can not pull register out from vit_system_i/smartconnect_ddr/inst/s00_entry_pipeline/s00_si_converter/inst/converter.wrap_narrow_inst/gen_thread_loop[0].r_payld_fifo/gen_srls[39].srl_nx1/shift_reg_reg[0]_srl32 due to none static srl address bits
WARNING: [Opt 31-1131] Can not pull register out from vit_system_i/smartconnect_ddr/inst/s00_entry_pipeline/s00_si_converter/inst/converter.wrap_narrow_inst/gen_thread_loop[0].r_payld_fifo/gen_srls[40].srl_nx1/shift_reg_reg[0]_srl32 due to none static srl address bits
INFO: [Common 17-14] Message 'Opt 31-1131' appears 100 times and further instances of the messages will be disabled. Use the Tcl command set_msg_config to change the current settings.
INFO: [Opt 31-1064] SRL Remap converted 0 SRLs to 0 registers and converted 0 registers of register chains to 0 SRLs
Phase 7 Shift Register Optimization | Checksum: 46dd9548

Time (s): cpu = 00:00:21 ; elapsed = 00:00:15 . Memory (MB): peak = 3497.781 ; gain = 0.000 ; free physical = 226727 ; free virtual = 244004
Shift Register Optimization | Checksum: 46dd9548
INFO: [Opt 31-389] Phase Shift Register Optimization created 0 cells and removed 0 cells

Phase 8 Post Processing Netlist
INFO: [Opt 31-1566] Pulled 3 inverters resulting in an inversion of 49 pins
Phase 8 Post Processing Netlist | Checksum: 129c51371

Time (s): cpu = 00:00:21 ; elapsed = 00:00:15 . Memory (MB): peak = 3497.781 ; gain = 0.000 ; free physical = 226727 ; free virtual = 244004
Post Processing Netlist | Checksum: 129c51371
INFO: [Opt 31-389] Phase Post Processing Netlist created 0 cells and removed 23 cells
INFO: [Opt 31-1021] In phase Post Processing Netlist, 41 netlist objects are constrained preventing optimization. Please run opt_design with -debug_log to get more detail. 

Phase 9 Finalization

Phase 9.1 Finalizing Design Cores and Updating Shapes
Phase 9.1 Finalizing Design Cores and Updating Shapes | Checksum: 588ca665

Time (s): cpu = 00:00:29 ; elapsed = 00:00:22 . Memory (MB): peak = 3497.781 ; gain = 0.000 ; free physical = 226724 ; free virtual = 244001

Phase 9.2 Verifying Netlist Connectivity

Starting Connectivity Check Task

Time (s): cpu = 00:00:00.4 ; elapsed = 00:00:00.4 . Memory (MB): peak = 3497.781 ; gain = 0.000 ; free physical = 226724 ; free virtual = 244001
Phase 9.2 Verifying Netlist Connectivity | Checksum: 588ca665

Time (s): cpu = 00:00:29 ; elapsed = 00:00:22 . Memory (MB): peak = 3497.781 ; gain = 0.000 ; free physical = 226724 ; free virtual = 244001
Phase 9 Finalization | Checksum: 588ca665

Time (s): cpu = 00:00:29 ; elapsed = 00:00:22 . Memory (MB): peak = 3497.781 ; gain = 0.000 ; free physical = 226724 ; free virtual = 244001
Opt_design Change Summary
=========================


-------------------------------------------------------------------------------------------------------------------------
|  Phase                        |  #Cells created  |  #Cells Removed  |  #Constrained objects preventing optimizations  |
-------------------------------------------------------------------------------------------------------------------------
|  Retarget                     |            2395  |            3841  |                                             41  |
|  Constant propagation         |            1075  |            2579  |                                             41  |
|  Sweep                        |               0  |             168  |                                             51  |
|  BUFG optimization            |               2  |               0  |                                              0  |
|  Shift Register Optimization  |               0  |               0  |                                              0  |
|  Post Processing Netlist      |               0  |              23  |                                             41  |
-------------------------------------------------------------------------------------------------------------------------


Ending Logic Optimization Task | Checksum: 588ca665

Time (s): cpu = 00:00:29 ; elapsed = 00:00:22 . Memory (MB): peak = 3497.781 ; gain = 0.000 ; free physical = 226724 ; free virtual = 244001
INFO: [Constraints 18-11670] Building netlist checker database with flags, 0x8
Done building netlist checker database: Time (s): cpu = 00:00:00.03 ; elapsed = 00:00:00.03 . Memory (MB): peak = 3497.781 ; gain = 0.000 ; free physical = 226724 ; free virtual = 244001

Starting Power Optimization Task
INFO: [Pwropt 34-132] Skipping clock gating for clocks with a period < 2.00 ns.
INFO: [Pwropt 34-9] Applying IDT optimizations ...
INFO: [Pwropt 34-10] Applying ODC optimizations ...
INFO: [Timing 38-35] Done setting XDC timing constraints.
Running Vector-less Activity Propagation...

Finished Running Vector-less Activity Propagation


Starting PowerOpt Patch Enables Task
INFO: [Pwropt 34-162] WRITE_MODE attribute of 0 BRAM(s) out of a total of 41 has been updated to save power. Run report_power_opt to get a complete listing of the BRAMs updated.
INFO: [Pwropt 34-201] Structural ODC has moved 26 WE to EN ports
Number of BRAM Ports augmented: 5 newly gated: 26 Total Ports: 82
Ending PowerOpt Patch Enables Task | Checksum: db8ed6fa

Time (s): cpu = 00:00:00.63 ; elapsed = 00:00:00.61 . Memory (MB): peak = 4645.047 ; gain = 0.000 ; free physical = 225719 ; free virtual = 242995
Ending Power Optimization Task | Checksum: db8ed6fa

Time (s): cpu = 00:00:52 ; elapsed = 00:00:22 . Memory (MB): peak = 4645.047 ; gain = 1147.266 ; free physical = 225719 ; free virtual = 242995

Starting Final Cleanup Task

Starting Logic Optimization Task
INFO: [Timing 38-35] Done setting XDC timing constraints.
Ending Logic Optimization Task | Checksum: 13fa3dcbd

Time (s): cpu = 00:00:18 ; elapsed = 00:00:09 . Memory (MB): peak = 4645.047 ; gain = 0.000 ; free physical = 225696 ; free virtual = 242973
INFO: [Constraints 18-11670] Building netlist checker database with flags, 0x8
Done building netlist checker database: Time (s): cpu = 00:00:00.02 ; elapsed = 00:00:00.03 . Memory (MB): peak = 4645.047 ; gain = 0.000 ; free physical = 225696 ; free virtual = 242973
Ending Final Cleanup Task | Checksum: 13fa3dcbd

Time (s): cpu = 00:00:20 ; elapsed = 00:00:11 . Memory (MB): peak = 4645.047 ; gain = 0.000 ; free physical = 225696 ; free virtual = 242973

Starting Netlist Obfuscation Task
Netlist sorting complete. Time (s): cpu = 00:00:00.02 ; elapsed = 00:00:00.02 . Memory (MB): peak = 4645.047 ; gain = 0.000 ; free physical = 225696 ; free virtual = 242973
Ending Netlist Obfuscation Task | Checksum: 13fa3dcbd

Time (s): cpu = 00:00:00.03 ; elapsed = 00:00:00.04 . Memory (MB): peak = 4645.047 ; gain = 0.000 ; free physical = 225696 ; free virtual = 242973
INFO: [Common 17-83] Releasing license: Implementation
53 Infos, 204 Warnings, 0 Critical Warnings and 0 Errors encountered.
opt_design completed successfully
opt_design: Time (s): cpu = 00:01:56 ; elapsed = 00:01:04 . Memory (MB): peak = 4645.047 ; gain = 1335.035 ; free physical = 225696 ; free virtual = 242973
INFO: [runtcl-4] Executing : report_drc -file vit_system_wrapper_drc_opted.rpt -pb vit_system_wrapper_drc_opted.pb -rpx vit_system_wrapper_drc_opted.rpx
Command: report_drc -file vit_system_wrapper_drc_opted.rpt -pb vit_system_wrapper_drc_opted.pb -rpx vit_system_wrapper_drc_opted.rpx
INFO: [IP_Flow 19-1839] IP Catalog is up to date.
INFO: [DRC 23-27] Running DRC with 4 threads
INFO: [Vivado_Tcl 2-168] The results of DRC are in file /home/s23520579/Vivado_project/vit_m8_board_candidate_67c18532_workspace_20260809/vivado_server_307_perf_v1_m8_nongemm_nodsp_2023_2/VIT_googlebase_rtl/ViT_googlebase/ViT_googlebase.runs/impl_1/vit_system_wrapper_drc_opted.rpt.
report_drc completed successfully
INFO: [Timing 38-480] Writing timing data to binary archive.
Write ShapeDB Complete: Time (s): cpu = 00:00:01 ; elapsed = 00:00:00.35 . Memory (MB): peak = 4700.098 ; gain = 0.000 ; free physical = 225674 ; free virtual = 242979
INFO: [Common 17-1381] The checkpoint '/home/s23520579/Vivado_project/vit_m8_board_candidate_67c18532_workspace_20260809/vivado_server_307_perf_v1_m8_nongemm_nodsp_2023_2/VIT_googlebase_rtl/ViT_googlebase/ViT_googlebase.runs/impl_1/vit_system_wrapper_opt.dcp' has been generated.
write_checkpoint: Time (s): cpu = 00:00:14 ; elapsed = 00:00:10 . Memory (MB): peak = 4700.098 ; gain = 0.000 ; free physical = 225622 ; free virtual = 242924
Command: place_design
Attempting to get a license for feature 'Implementation' and/or device 'xczu5ev'
INFO: [Common 17-349] Got license for feature 'Implementation' and/or device 'xczu5ev'
INFO: [Common 17-83] Releasing license: Implementation
INFO: [DRC 23-27] Running DRC with 4 threads
INFO: [Vivado_Tcl 4-198] DRC finished with 0 Errors
INFO: [Vivado_Tcl 4-199] Please refer to the DRC report (report_drc) for more information.
Running DRC as a precondition to command place_design
INFO: [DRC 23-27] Running DRC with 4 threads
INFO: [Vivado_Tcl 4-198] DRC finished with 0 Errors
INFO: [Vivado_Tcl 4-199] Please refer to the DRC report (report_drc) for more information.
INFO: [Place 30-611] Multithreading enabled for place_design using a maximum of 4 CPUs

Starting Placer Task

Phase 1 Placer Initialization

Phase 1.1 Placer Initialization Netlist Sorting
Netlist sorting complete. Time (s): cpu = 00:00:00.02 ; elapsed = 00:00:00.02 . Memory (MB): peak = 4700.098 ; gain = 0.000 ; free physical = 225655 ; free virtual = 242956
Phase 1.1 Placer Initialization Netlist Sorting | Checksum: 7ebf3692

Time (s): cpu = 00:00:00.08 ; elapsed = 00:00:00.08 . Memory (MB): peak = 4700.098 ; gain = 0.000 ; free physical = 225655 ; free virtual = 242956
Netlist sorting complete. Time (s): cpu = 00:00:00.02 ; elapsed = 00:00:00.01 . Memory (MB): peak = 4700.098 ; gain = 0.000 ; free physical = 225655 ; free virtual = 242956

Phase 1.2 IO Placement/ Clock Placement/ Build Placer Device
INFO: [Timing 38-35] Done setting XDC timing constraints.
Phase 1.2 IO Placement/ Clock Placement/ Build Placer Device | Checksum: 154eb4324

Time (s): cpu = 00:00:32 ; elapsed = 00:00:24 . Memory (MB): peak = 4775.410 ; gain = 75.312 ; free physical = 225432 ; free virtual = 242733

Phase 1.3 Build Placer Netlist Model
Phase 1.3 Build Placer Netlist Model | Checksum: 17134d796

Time (s): cpu = 00:01:22 ; elapsed = 00:00:51 . Memory (MB): peak = 5125.605 ; gain = 425.508 ; free physical = 225071 ; free virtual = 242373

Phase 1.4 Constrain Clocks/Macros
Phase 1.4 Constrain Clocks/Macros | Checksum: 17134d796

Time (s): cpu = 00:01:23 ; elapsed = 00:00:51 . Memory (MB): peak = 5125.605 ; gain = 425.508 ; free physical = 225067 ; free virtual = 242369
Phase 1 Placer Initialization | Checksum: 17134d796

Time (s): cpu = 00:01:23 ; elapsed = 00:00:52 . Memory (MB): peak = 5125.605 ; gain = 425.508 ; free physical = 225067 ; free virtual = 242369

Phase 2 Global Placement

Phase 2.1 Floorplanning

Phase 2.1.1 Partition Driven Placement

Phase 2.1.1.1 PBP: Partition Driven Placement
Phase 2.1.1.1 PBP: Partition Driven Placement | Checksum: 1b9204ab5

Time (s): cpu = 00:02:53 ; elapsed = 00:01:30 . Memory (MB): peak = 5141.613 ; gain = 441.516 ; free physical = 225056 ; free virtual = 242358

Phase 2.1.1.2 PBP: Clock Region Placement
INFO: [Place 30-3162] Check ILP status : ILP-based clock placer completed successfully.
Phase 2.1.1.2 PBP: Clock Region Placement | Checksum: 14aa2d442

Time (s): cpu = 00:02:56 ; elapsed = 00:01:33 . Memory (MB): peak = 5141.613 ; gain = 441.516 ; free physical = 225053 ; free virtual = 242355

Phase 2.1.1.3 PBP: Compute Congestion
Phase 2.1.1.3 PBP: Compute Congestion | Checksum: 14aa2d442

Time (s): cpu = 00:03:15 ; elapsed = 00:01:39 . Memory (MB): peak = 5533.613 ; gain = 833.516 ; free physical = 224668 ; free virtual = 241970

Phase 2.1.1.4 PBP: UpdateTiming
Phase 2.1.1.4 PBP: UpdateTiming | Checksum: 1c7ad898b

Time (s): cpu = 00:03:28 ; elapsed = 00:01:44 . Memory (MB): peak = 5533.613 ; gain = 833.516 ; free physical = 224664 ; free virtual = 241966

Phase 2.1.1.5 PBP: Add part constraints
Phase 2.1.1.5 PBP: Add part constraints | Checksum: 1c7ad898b

Time (s): cpu = 00:03:28 ; elapsed = 00:01:44 . Memory (MB): peak = 5533.613 ; gain = 833.516 ; free physical = 224665 ; free virtual = 241967
Phase 2.1.1 Partition Driven Placement | Checksum: 1c7ad898b

Time (s): cpu = 00:03:28 ; elapsed = 00:01:44 . Memory (MB): peak = 5533.613 ; gain = 833.516 ; free physical = 224665 ; free virtual = 241967
Phase 2.1 Floorplanning | Checksum: 1a738df79

Time (s): cpu = 00:03:28 ; elapsed = 00:01:45 . Memory (MB): peak = 5533.613 ; gain = 833.516 ; free physical = 224665 ; free virtual = 241967

Phase 2.2 Update Timing before SLR Path Opt
Phase 2.2 Update Timing before SLR Path Opt | Checksum: 1a738df79

Time (s): cpu = 00:03:28 ; elapsed = 00:01:45 . Memory (MB): peak = 5533.613 ; gain = 833.516 ; free physical = 224665 ; free virtual = 241967

Phase 2.3 Post-Processing in Floorplanning
Phase 2.3 Post-Processing in Floorplanning | Checksum: 1a738df79

Time (s): cpu = 00:03:29 ; elapsed = 00:01:45 . Memory (MB): peak = 5533.613 ; gain = 833.516 ; free physical = 224663 ; free virtual = 241965

Phase 2.4 Global Placement Core

Phase 2.4.1 UpdateTiming Before Physical Synthesis
Phase 2.4.1 UpdateTiming Before Physical Synthesis | Checksum: 188763e32

Time (s): cpu = 00:07:05 ; elapsed = 00:03:27 . Memory (MB): peak = 5708.617 ; gain = 1008.520 ; free physical = 224464 ; free virtual = 241766

Phase 2.4.2 Physical Synthesis In Placer
INFO: [Physopt 32-1035] Found 256 LUTNM shape to break, 1463 LUT instances to create LUTNM shape
INFO: [Physopt 32-1044] Break lutnm for timing: one critical 50, two critical 206, total 0, new lutff created 0
INFO: [Physopt 32-1138] End 1 Pass. Optimized 487 nets or LUTs. Breaked 0 LUT, combined 487 existing LUTs and moved 0 existing LUT
INFO: [Physopt 32-1030] Pass 1. Identified 88 candidate driver sets for equivalent driver rewiring.
INFO: [Physopt 32-661] Optimized 60 nets.  Re-placed 503 instances.
INFO: [Physopt 32-775] End 1 Pass. Optimized 60 nets or cells. Created 0 new cell, deleted 14 existing cells and moved 503 existing cells
Netlist sorting complete. Time (s): cpu = 00:00:00.51 ; elapsed = 00:00:00.52 . Memory (MB): peak = 5708.617 ; gain = 0.000 ; free physical = 224460 ; free virtual = 241762
INFO: [Physopt 32-65] No nets found for high-fanout optimization.
INFO: [Physopt 32-232] Optimized 0 net. Created 0 new instance.
INFO: [Physopt 32-775] End 1 Pass. Optimized 0 net or cell. Created 0 new cell, deleted 0 existing cell and moved 0 existing cell
INFO: [Physopt 32-456] No candidate cells for DSP register optimization found in the design.
INFO: [Physopt 32-775] End 2 Pass. Optimized 0 net or cell. Created 0 new cell, deleted 0 existing cell and moved 0 existing cell
INFO: [Physopt 32-1123] No candidate cells found for Shift Register to Pipeline optimization
INFO: [Physopt 32-775] End 2 Pass. Optimized 0 net or cell. Created 0 new cell, deleted 0 existing cell and moved 0 existing cell
INFO: [Physopt 32-1401] No candidate cells found for Shift Register optimization.
INFO: [Physopt 32-677] No candidate cells for Shift Register optimization found in the design
INFO: [Physopt 32-775] End 1 Pass. Optimized 0 net or cell. Created 0 new cell, deleted 0 existing cell and moved 0 existing cell
INFO: [Physopt 32-526] No candidate cells for BRAM register optimization found in the design
INFO: [Physopt 32-775] End 1 Pass. Optimized 0 net or cell. Created 0 new cell, deleted 0 existing cell and moved 0 existing cell
INFO: [Physopt 32-846] No candidate cells for URAM register optimization found in the design
INFO: [Physopt 32-775] End 1 Pass. Optimized 0 net or cell. Created 0 new cell, deleted 0 existing cell and moved 0 existing cell
INFO: [Physopt 32-846] No candidate cells for URAM register optimization found in the design
INFO: [Physopt 32-775] End 1 Pass. Optimized 0 net or cell. Created 0 new cell, deleted 0 existing cell and moved 0 existing cell
INFO: [Physopt 32-949] No candidate nets found for dynamic/static region interface net replication
INFO: [Physopt 32-775] End 1 Pass. Optimized 0 net or cell. Created 0 new cell, deleted 0 existing cell and moved 0 existing cell
Netlist sorting complete. Time (s): cpu = 00:00:00.02 ; elapsed = 00:00:00.02 . Memory (MB): peak = 5708.617 ; gain = 0.000 ; free physical = 224459 ; free virtual = 241761

Summary of Physical Synthesis Optimizations
============================================


-----------------------------------------------------------------------------------------------------------------------------------------------------------
|  Optimization                                     |  Added Cells  |  Removed Cells  |  Optimized Cells/Nets  |  Dont Touch  |  Iterations  |  Elapsed   |
-----------------------------------------------------------------------------------------------------------------------------------------------------------
|  LUT Combining                                    |            0  |            487  |                   487  |           0  |           1  |  00:00:04  |
|  Retime                                           |            0  |              0  |                     0  |           0  |           1  |  00:00:00  |
|  Equivalent Driver Rewiring                       |            0  |             14  |                    60  |           0  |           1  |  00:00:21  |
|  Very High Fanout                                 |            0  |              0  |                     0  |           0  |           1  |  00:00:01  |
|  DSP Register                                     |            0  |              0  |                     0  |           0  |           1  |  00:00:00  |
|  Shift Register to Pipeline                       |            0  |              0  |                     0  |           0  |           1  |  00:00:00  |
|  Shift Register                                   |            0  |              0  |                     0  |           0  |           1  |  00:00:00  |
|  BRAM Register                                    |            0  |              0  |                     0  |           0  |           1  |  00:00:00  |
|  URAM Register                                    |            0  |              0  |                     0  |           0  |           1  |  00:00:00  |
|  Dynamic/Static Region Interface Net Replication  |            0  |              0  |                     0  |           0  |           1  |  00:00:00  |
|  Total                                            |            0  |            501  |                   547  |           0  |          10  |  00:00:26  |
-----------------------------------------------------------------------------------------------------------------------------------------------------------


Phase 2.4.2 Physical Synthesis In Placer | Checksum: fc34f280

Time (s): cpu = 00:07:47 ; elapsed = 00:04:02 . Memory (MB): peak = 5708.617 ; gain = 1008.520 ; free physical = 224454 ; free virtual = 241756
Phase 2.4 Global Placement Core | Checksum: 203c5afcd

Time (s): cpu = 00:08:56 ; elapsed = 00:04:26 . Memory (MB): peak = 5708.617 ; gain = 1008.520 ; free physical = 224548 ; free virtual = 241850
Phase 2 Global Placement | Checksum: 203c5afcd

Time (s): cpu = 00:08:56 ; elapsed = 00:04:26 . Memory (MB): peak = 5708.617 ; gain = 1008.520 ; free physical = 224548 ; free virtual = 241850

Phase 3 Detail Placement

Phase 3.1 Commit Multi Column Macros
Phase 3.1 Commit Multi Column Macros | Checksum: 203f542a2

Time (s): cpu = 00:09:29 ; elapsed = 00:04:37 . Memory (MB): peak = 5708.617 ; gain = 1008.520 ; free physical = 224540 ; free virtual = 241842

Phase 3.2 Commit Most Macros & LUTRAMs
Phase 3.2 Commit Most Macros & LUTRAMs | Checksum: 1154862b7

Time (s): cpu = 00:09:55 ; elapsed = 00:04:52 . Memory (MB): peak = 5708.617 ; gain = 1008.520 ; free physical = 224535 ; free virtual = 241837

Phase 3.3 Small Shape DP

Phase 3.3.1 Small Shape Clustering
Phase 3.3.1 Small Shape Clustering | Checksum: 1bea7bcc4

Time (s): cpu = 00:11:01 ; elapsed = 00:05:19 . Memory (MB): peak = 5708.617 ; gain = 1008.520 ; free physical = 224691 ; free virtual = 241993

Phase 3.3.2 Slice Area Swap

Phase 3.3.2.1 Slice Area Swap Initial
Phase 3.3.2.1 Slice Area Swap Initial | Checksum: 155fd79ed

Time (s): cpu = 00:11:51 ; elapsed = 00:06:09 . Memory (MB): peak = 5708.617 ; gain = 1008.520 ; free physical = 224648 ; free virtual = 241950
Phase 3.3.2 Slice Area Swap | Checksum: 155fd79ed

Time (s): cpu = 00:11:51 ; elapsed = 00:06:10 . Memory (MB): peak = 5708.617 ; gain = 1008.520 ; free physical = 224648 ; free virtual = 241950
Phase 3.3 Small Shape DP | Checksum: 2501b64e3

Time (s): cpu = 00:12:32 ; elapsed = 00:06:22 . Memory (MB): peak = 5708.617 ; gain = 1008.520 ; free physical = 224636 ; free virtual = 241938

Phase 3.4 Re-assign LUT pins
Phase 3.4 Re-assign LUT pins | Checksum: 235795c4c

Time (s): cpu = 00:12:42 ; elapsed = 00:06:32 . Memory (MB): peak = 5708.617 ; gain = 1008.520 ; free physical = 224633 ; free virtual = 241935

Phase 3.5 Pipeline Register Optimization
Phase 3.5 Pipeline Register Optimization | Checksum: 1b479d112

Time (s): cpu = 00:12:43 ; elapsed = 00:06:34 . Memory (MB): peak = 5708.617 ; gain = 1008.520 ; free physical = 224632 ; free virtual = 241934
Phase 3 Detail Placement | Checksum: 1b479d112

Time (s): cpu = 00:12:44 ; elapsed = 00:06:35 . Memory (MB): peak = 5708.617 ; gain = 1008.520 ; free physical = 224631 ; free virtual = 241933

Phase 4 Post Placement Optimization and Clean-Up

Phase 4.1 Post Commit Optimization
INFO: [Timing 38-35] Done setting XDC timing constraints.

Phase 4.1.1 Post Placement Optimization
Post Placement Optimization Initialization | Checksum: 1ca37b572

Phase 4.1.1.1 BUFG Insertion

Starting Physical Synthesis Task

Phase 1 Physical Synthesis Initialization
INFO: [Physopt 32-721] Multithreading enabled for phys_opt_design using a maximum of 4 CPUs
INFO: [Physopt 32-619] Estimated Timing Summary | WNS=0.505 | TNS=0.000 |
Phase 1 Physical Synthesis Initialization | Checksum: 1443eb4e9

Time (s): cpu = 00:00:07 ; elapsed = 00:00:03 . Memory (MB): peak = 5708.617 ; gain = 0.000 ; free physical = 224602 ; free virtual = 241904
INFO: [Place 46-35] Processed net vit_system_i/vit_phase_e_axi_0/inst/u_core/u_profile_counters/read_first_seen, inserted BUFG to drive 12302 loads.
INFO: [Place 46-35] Processed net vit_system_i/vit_phase_e_axi_0/inst/u_core/compute_rst, inserted BUFG to drive 9024 loads.
INFO: [Place 46-35] Processed net vit_system_i/vit_phase_e_axi_0/inst/u_core/u_profile_counters/profile_running_o, inserted BUFG to drive 6465 loads.
INFO: [Place 46-45] Replicated bufg driver vit_system_i/vit_phase_e_axi_0/inst/u_core/u_profile_counters/profile_running_o_reg_replica
INFO: [Place 46-35] Processed net vit_system_i/vit_phase_e_axi_0/inst/u_core/u_profile_counters/global_published, inserted BUFG to drive 6146 loads.
INFO: [Place 46-35] Processed net vit_system_i/vit_phase_e_axi_0/inst/u_core/u_npu/u_engine/u_gemm/gen_fp16.u_fp16/panel1_activation_q, inserted BUFG to drive 5184 loads.
INFO: [Place 46-35] Processed net vit_system_i/vit_phase_e_axi_0/inst/u_core/u_npu/u_engine/u_gemm/gen_fp16.u_fp16/activation_q, inserted BUFG to drive 5184 loads.
INFO: [Place 46-32] Processed net vit_system_i/vit_phase_e_axi_0/inst/u_core/u_npu/u_engine/u_gemm/gen_fp16.u_fp16/u_stream_array/lane_valid_q, BUFG insertion was skipped because the netlist editing failed.
INFO: [Place 46-35] Processed net vit_system_i/vit_phase_e_axi_0/inst/u_core/u_m7_overlap_counters/published, inserted BUFG to drive 2834 loads.
INFO: [Place 46-35] Processed net vit_system_i/vit_phase_e_axi_0/inst/u_core/adapter_aresetn, inserted BUFG to drive 2035 loads.
INFO: [Place 46-35] Processed net vit_system_i/proc_sys_reset_0/U0/peripheral_aresetn[0], inserted BUFG to drive 1562 loads.
INFO: [Place 46-45] Replicated bufg driver vit_system_i/proc_sys_reset_0/U0/ACTIVE_LOW_PR_OUT_DFF[0].FDRE_PER_N_replica
INFO: [Place 46-35] Processed net vit_system_i/vit_phase_e_axi_0/inst/u_core/u_m7_overlap_counters/status_o[0], inserted BUFG to drive 1381 loads.
INFO: [Place 46-45] Replicated bufg driver vit_system_i/vit_phase_e_axi_0/inst/u_core/u_m7_overlap_counters/running_o_reg_replica
INFO: [Place 46-35] Processed net vit_system_i/vit_phase_e_axi_0/inst/u_core/u_m7_overlap_counters/published[22][1]_i_2_n_0, inserted BUFG to drive 1381 loads.
INFO: [Place 46-35] Processed net vit_system_i/vit_phase_e_axi_0/inst/u_core/u_m5_axi_counters/published, inserted BUFG to drive 1097 loads.
INFO: [Place 46-35] Processed net vit_system_i/vit_phase_e_axi_0/inst/u_core/u_npu/u_engine/u_vector/lane_mask_shift, inserted BUFG to drive 1040 loads.
INFO: [Place 46-56] BUFG insertion identified 14 candidate nets. Inserted BUFG: 13, Replicated BUFG Driver: 3, Skipped due to Placement/Routing Conflicts: 0, Skipped due to Timing Degradation: 0, Skipped due to netlist editing failed: 1.
Ending Physical Synthesis Task | Checksum: 22b04d742

Time (s): cpu = 00:00:30 ; elapsed = 00:00:20 . Memory (MB): peak = 5708.617 ; gain = 0.000 ; free physical = 224586 ; free virtual = 241888
Phase 4.1.1.1 BUFG Insertion | Checksum: 17dc3272a

Time (s): cpu = 00:14:41 ; elapsed = 00:07:29 . Memory (MB): peak = 5708.617 ; gain = 1008.520 ; free physical = 224584 ; free virtual = 241887

Phase 4.1.1.2 Post Placement Timing Optimization
INFO: [Place 30-746] Post Placement Timing Summary WNS=0.505. For the most accurate timing information please run report_timing.
Phase 4.1.1.2 Post Placement Timing Optimization | Checksum: 214bebf00

Time (s): cpu = 00:14:43 ; elapsed = 00:07:30 . Memory (MB): peak = 5708.617 ; gain = 1008.520 ; free physical = 224584 ; free virtual = 241886

Time (s): cpu = 00:14:43 ; elapsed = 00:07:30 . Memory (MB): peak = 5708.617 ; gain = 1008.520 ; free physical = 224584 ; free virtual = 241886
Phase 4.1 Post Commit Optimization | Checksum: 214bebf00

Time (s): cpu = 00:14:44 ; elapsed = 00:07:31 . Memory (MB): peak = 5708.617 ; gain = 1008.520 ; free physical = 224583 ; free virtual = 241885
Netlist sorting complete. Time (s): cpu = 00:00:00.51 ; elapsed = 00:00:00.51 . Memory (MB): peak = 5784.613 ; gain = 0.000 ; free physical = 224411 ; free virtual = 241714

Phase 4.2 Post Placement Cleanup
Phase 4.2 Post Placement Cleanup | Checksum: 2364ddbaa

Time (s): cpu = 00:15:15 ; elapsed = 00:07:48 . Memory (MB): peak = 5784.613 ; gain = 1084.516 ; free physical = 224409 ; free virtual = 241711

Phase 4.3 Placer Reporting

Phase 4.3.1 Print Estimated Congestion
INFO: [Place 30-612] Post-Placement Estimated Congestion 
 ________________________________________________________________________
|           | Global Congestion | Long Congestion   | Short Congestion  |
| Direction | Region Size       | Region Size       | Region Size       |
|___________|___________________|___________________|___________________|
|      North|                1x1|                1x1|                8x8|
|___________|___________________|___________________|___________________|
|      South|                4x4|                4x4|                8x8|
|___________|___________________|___________________|___________________|
|       East|                1x1|                1x1|                8x8|
|___________|___________________|___________________|___________________|
|       West|                1x1|                1x1|              16x16|
|___________|___________________|___________________|___________________|

Phase 4.3.1 Print Estimated Congestion | Checksum: 2364ddbaa

Time (s): cpu = 00:15:16 ; elapsed = 00:07:49 . Memory (MB): peak = 5784.613 ; gain = 1084.516 ; free physical = 224407 ; free virtual = 241710
Phase 4.3 Placer Reporting | Checksum: 2364ddbaa

Time (s): cpu = 00:15:17 ; elapsed = 00:07:50 . Memory (MB): peak = 5784.613 ; gain = 1084.516 ; free physical = 224407 ; free virtual = 241710

Phase 4.4 Final Placement Cleanup
Netlist sorting complete. Time (s): cpu = 00:00:00.02 ; elapsed = 00:00:00.02 . Memory (MB): peak = 5784.613 ; gain = 0.000 ; free physical = 224407 ; free virtual = 241710

Time (s): cpu = 00:15:17 ; elapsed = 00:07:50 . Memory (MB): peak = 5784.613 ; gain = 1084.516 ; free physical = 224407 ; free virtual = 241710
Phase 4 Post Placement Optimization and Clean-Up | Checksum: 28c048ce6

Time (s): cpu = 00:15:18 ; elapsed = 00:07:51 . Memory (MB): peak = 5784.613 ; gain = 1084.516 ; free physical = 224407 ; free virtual = 241709
Ending Placer Task | Checksum: 1a5ed5a5d

Time (s): cpu = 00:15:19 ; elapsed = 00:07:52 . Memory (MB): peak = 5784.613 ; gain = 1084.516 ; free physical = 224404 ; free virtual = 241706
117 Infos, 204 Warnings, 0 Critical Warnings and 0 Errors encountered.
place_design completed successfully
place_design: Time (s): cpu = 00:15:27 ; elapsed = 00:07:55 . Memory (MB): peak = 5784.613 ; gain = 1084.516 ; free physical = 224404 ; free virtual = 241706
INFO: [runtcl-4] Executing : report_io -file vit_system_wrapper_io_placed.rpt
report_io: Time (s): cpu = 00:00:00.16 ; elapsed = 00:00:00.31 . Memory (MB): peak = 5784.613 ; gain = 0.000 ; free physical = 224404 ; free virtual = 241706
INFO: [runtcl-4] Executing : report_utilization -file vit_system_wrapper_utilization_placed.rpt -pb vit_system_wrapper_utilization_placed.pb
INFO: [runtcl-4] Executing : report_control_sets -verbose -file vit_system_wrapper_control_sets_placed.rpt
report_control_sets: Time (s): cpu = 00:00:00.31 ; elapsed = 00:00:00.46 . Memory (MB): peak = 5784.613 ; gain = 0.000 ; free physical = 224399 ; free virtual = 241702
INFO: [Timing 38-480] Writing timing data to binary archive.
Write ShapeDB Complete: Time (s): cpu = 00:00:02 ; elapsed = 00:00:00.46 . Memory (MB): peak = 5784.613 ; gain = 0.000 ; free physical = 224351 ; free virtual = 241700
Wrote PlaceDB: Time (s): cpu = 00:00:18 ; elapsed = 00:00:07 . Memory (MB): peak = 5784.613 ; gain = 0.000 ; free physical = 224219 ; free virtual = 241686
Wrote PulsedLatchDB: Time (s): cpu = 00:00:00 ; elapsed = 00:00:00 . Memory (MB): peak = 5784.613 ; gain = 0.000 ; free physical = 224219 ; free virtual = 241686
Writing XDEF routing.
Writing XDEF routing logical nets.
Writing XDEF routing special nets.
Wrote RouteStorage: Time (s): cpu = 00:00:00.5 ; elapsed = 00:00:00.28 . Memory (MB): peak = 5784.613 ; gain = 0.000 ; free physical = 224219 ; free virtual = 241688
Wrote Netlist Cache: Time (s): cpu = 00:00:00.19 ; elapsed = 00:00:00.2 . Memory (MB): peak = 5784.613 ; gain = 0.000 ; free physical = 224203 ; free virtual = 241688
Wrote Device Cache: Time (s): cpu = 00:00:00.02 ; elapsed = 00:00:00.02 . Memory (MB): peak = 5784.613 ; gain = 0.000 ; free physical = 224203 ; free virtual = 241691
Write Physdb Complete: Time (s): cpu = 00:00:19 ; elapsed = 00:00:07 . Memory (MB): peak = 5784.613 ; gain = 0.000 ; free physical = 224203 ; free virtual = 241691
report_design_analysis: Time (s): cpu = 00:00:16 ; elapsed = 00:00:09 . Memory (MB): peak = 5784.613 ; gain = 0.000 ; free physical = 224196 ; free virtual = 241684
INFO: [Common 17-1381] The checkpoint '/home/s23520579/Vivado_project/vit_m8_board_candidate_67c18532_workspace_20260809/vivado_server_307_perf_v1_m8_nongemm_nodsp_2023_2/VIT_googlebase_rtl/ViT_googlebase/ViT_googlebase.runs/impl_1/vit_system_wrapper_placed.dcp' has been generated.
write_checkpoint: Time (s): cpu = 00:00:41 ; elapsed = 00:00:22 . Memory (MB): peak = 5784.613 ; gain = 0.000 ; free physical = 224322 ; free virtual = 241675
Command: phys_opt_design
Attempting to get a license for feature 'Implementation' and/or device 'xczu5ev'
INFO: [Common 17-349] Got license for feature 'Implementation' and/or device 'xczu5ev'

Starting Initial Update Timing Task

Time (s): cpu = 00:01:06 ; elapsed = 00:00:22 . Memory (MB): peak = 5784.613 ; gain = 0.000 ; free physical = 224332 ; free virtual = 241685
INFO: [Vivado_Tcl 4-383] Design worst setup slack (WNS) is greater than or equal to 0.000 ns. Skipping all physical synthesis optimizations.
INFO: [Vivado_Tcl 4-232] No setup violation found. The netlist was not modified.
INFO: [Common 17-83] Releasing license: Implementation
126 Infos, 204 Warnings, 0 Critical Warnings and 0 Errors encountered.
phys_opt_design completed successfully
phys_opt_design: Time (s): cpu = 00:01:07 ; elapsed = 00:00:23 . Memory (MB): peak = 5784.613 ; gain = 0.000 ; free physical = 224332 ; free virtual = 241685
INFO: [Timing 38-480] Writing timing data to binary archive.
Write ShapeDB Complete: Time (s): cpu = 00:00:02 ; elapsed = 00:00:00.41 . Memory (MB): peak = 5784.613 ; gain = 0.000 ; free physical = 224270 ; free virtual = 241666
Wrote PlaceDB: Time (s): cpu = 00:00:18 ; elapsed = 00:00:07 . Memory (MB): peak = 5784.613 ; gain = 0.000 ; free physical = 224157 ; free virtual = 241674
Wrote PulsedLatchDB: Time (s): cpu = 00:00:00 ; elapsed = 00:00:00 . Memory (MB): peak = 5784.613 ; gain = 0.000 ; free physical = 224157 ; free virtual = 241674
Writing XDEF routing.
Writing XDEF routing logical nets.
Writing XDEF routing special nets.
Wrote RouteStorage: Time (s): cpu = 00:00:00.53 ; elapsed = 00:00:00.28 . Memory (MB): peak = 5784.613 ; gain = 0.000 ; free physical = 224150 ; free virtual = 241668
Wrote Netlist Cache: Time (s): cpu = 00:00:00.23 ; elapsed = 00:00:00.21 . Memory (MB): peak = 5784.613 ; gain = 0.000 ; free physical = 224142 ; free virtual = 241676
Wrote Device Cache: Time (s): cpu = 00:00:00.02 ; elapsed = 00:00:00.02 . Memory (MB): peak = 5784.613 ; gain = 0.000 ; free physical = 224134 ; free virtual = 241671
Write Physdb Complete: Time (s): cpu = 00:00:18 ; elapsed = 00:00:07 . Memory (MB): peak = 5784.613 ; gain = 0.000 ; free physical = 224134 ; free virtual = 241671
INFO: [Common 17-1381] The checkpoint '/home/s23520579/Vivado_project/vit_m8_board_candidate_67c18532_workspace_20260809/vivado_server_307_perf_v1_m8_nongemm_nodsp_2023_2/VIT_googlebase_rtl/ViT_googlebase/ViT_googlebase.runs/impl_1/vit_system_wrapper_physopt.dcp' has been generated.
write_checkpoint: Time (s): cpu = 00:00:24 ; elapsed = 00:00:13 . Memory (MB): peak = 5784.613 ; gain = 0.000 ; free physical = 224256 ; free virtual = 241658
Command: route_design
Attempting to get a license for feature 'Implementation' and/or device 'xczu5ev'
INFO: [Common 17-349] Got license for feature 'Implementation' and/or device 'xczu5ev'
Running DRC as a precondition to command route_design
INFO: [DRC 23-27] Running DRC with 4 threads
INFO: [Vivado_Tcl 4-198] DRC finished with 0 Errors
INFO: [Vivado_Tcl 4-199] Please refer to the DRC report (report_drc) for more information.


Starting Routing Task
INFO: [Route 35-254] Multithreading enabled for route_design using a maximum of 4 CPUs

Phase 1 Build RT Design
Checksum: PlaceDB: a60ce5f5 ConstDB: 0 ShapeSum: de5157be RouteDB: 218f1caa
Nodegraph reading from file.  Time (s): cpu = 00:00:00.61 ; elapsed = 00:00:00.62 . Memory (MB): peak = 5784.613 ; gain = 0.000 ; free physical = 224249 ; free virtual = 241652
Post Restoration Checksum: NetGraph: 6516fa2d | NumContArr: 7b307940 | Constraints: 86cca83f | Timing: c2a8fa9d
Phase 1 Build RT Design | Checksum: 229bd1649

Time (s): cpu = 00:01:14 ; elapsed = 00:00:16 . Memory (MB): peak = 5784.613 ; gain = 0.000 ; free physical = 224240 ; free virtual = 241642

Phase 2 Router Initialization

Phase 2.1 Fix Topology Constraints
Phase 2.1 Fix Topology Constraints | Checksum: 229bd1649

Time (s): cpu = 00:01:15 ; elapsed = 00:00:16 . Memory (MB): peak = 5784.613 ; gain = 0.000 ; free physical = 224240 ; free virtual = 241643

Phase 2.2 Pre Route Cleanup
Phase 2.2 Pre Route Cleanup | Checksum: 229bd1649

Time (s): cpu = 00:01:16 ; elapsed = 00:00:17 . Memory (MB): peak = 5784.613 ; gain = 0.000 ; free physical = 224240 ; free virtual = 241643

Phase 2.3 Global Clock Net Routing
 Number of Nodes with overlaps = 0
Phase 2.3 Global Clock Net Routing | Checksum: 244a1e0bc

Time (s): cpu = 00:01:31 ; elapsed = 00:00:28 . Memory (MB): peak = 5784.613 ; gain = 0.000 ; free physical = 224239 ; free virtual = 241641

Phase 2.4 Update Timing
Phase 2.4 Update Timing | Checksum: 1cb11a9e2

Time (s): cpu = 00:02:20 ; elapsed = 00:00:50 . Memory (MB): peak = 5784.613 ; gain = 0.000 ; free physical = 224254 ; free virtual = 241657
INFO: [Route 35-416] Intermediate Timing Summary | WNS=1.269  | TNS=0.000  | WHS=-0.065 | THS=-3.994 |


Router Utilization Summary
  Global Vertical Routing Utilization    = 0.0449986 %
  Global Horizontal Routing Utilization  = 0.0244959 %
  Routable Net Status*
  *Does not include unroutable nets such as driverless and loadless.
  Run report_route_status for detailed report.
  Number of Failed Nets               = 137843
    (Failed Nets is the sum of unrouted and partially routed nets)
  Number of Unrouted Nets             = 89485
  Number of Partially Routed Nets     = 48358
  Number of Node Overlaps             = 313

Phase 2 Router Initialization | Checksum: 227c01904

Time (s): cpu = 00:03:29 ; elapsed = 00:01:21 . Memory (MB): peak = 5784.613 ; gain = 0.000 ; free physical = 224252 ; free virtual = 241655

Phase 3 Initial Routing

Phase 3.1 Global Routing
Phase 3.1 Global Routing | Checksum: 227c01904

Time (s): cpu = 00:03:30 ; elapsed = 00:01:21 . Memory (MB): peak = 5784.613 ; gain = 0.000 ; free physical = 224252 ; free virtual = 241655

Phase 3.2 Initial Net Routing
Phase 3.2 Initial Net Routing | Checksum: 1c2f70726

Time (s): cpu = 00:05:44 ; elapsed = 00:02:21 . Memory (MB): peak = 5998.613 ; gain = 214.000 ; free physical = 224037 ; free virtual = 241440
Phase 3 Initial Routing | Checksum: 23e1cad3f

Time (s): cpu = 00:05:48 ; elapsed = 00:02:22 . Memory (MB): peak = 5998.613 ; gain = 214.000 ; free physical = 224037 ; free virtual = 241440

Phase 4 Rip-up And Reroute

Phase 4.1 Global Iteration 0
 Number of Nodes with overlaps = 59042
 Number of Nodes with overlaps = 5906
 Number of Nodes with overlaps = 1008
 Number of Nodes with overlaps = 288
 Number of Nodes with overlaps = 94
 Number of Nodes with overlaps = 24
 Number of Nodes with overlaps = 16
 Number of Nodes with overlaps = 9
 Number of Nodes with overlaps = 5
 Number of Nodes with overlaps = 5
 Number of Nodes with overlaps = 2
 Number of Nodes with overlaps = 1
 Number of Nodes with overlaps = 0
INFO: [Route 35-416] Intermediate Timing Summary | WNS=-0.208 | TNS=-0.923 | WHS=-0.005 | THS=-0.006 |

Phase 4.1 Global Iteration 0 | Checksum: 293a626f5

Time (s): cpu = 00:24:07 ; elapsed = 00:13:52 . Memory (MB): peak = 5998.613 ; gain = 214.000 ; free physical = 224026 ; free virtual = 241426

Phase 4.2 Global Iteration 1
 Number of Nodes with overlaps = 2725
 Number of Nodes with overlaps = 387
 Number of Nodes with overlaps = 98
 Number of Nodes with overlaps = 19
 Number of Nodes with overlaps = 8
 Number of Nodes with overlaps = 2
 Number of Nodes with overlaps = 1
 Number of Nodes with overlaps = 1
 Number of Nodes with overlaps = 1
 Number of Nodes with overlaps = 1
 Number of Nodes with overlaps = 1
 Number of Nodes with overlaps = 0
INFO: [Route 35-416] Intermediate Timing Summary | WNS=0.032  | TNS=0.000  | WHS=N/A    | THS=N/A    |

Phase 4.2 Global Iteration 1 | Checksum: 1f0a78b80

Time (s): cpu = 00:26:13 ; elapsed = 00:15:09 . Memory (MB): peak = 5998.613 ; gain = 214.000 ; free physical = 223986 ; free virtual = 241386

Phase 4.3 Global Iteration 2
 Number of Nodes with overlaps = 838
 Number of Nodes with overlaps = 150
 Number of Nodes with overlaps = 61
 Number of Nodes with overlaps = 17
 Number of Nodes with overlaps = 13
 Number of Nodes with overlaps = 4
 Number of Nodes with overlaps = 4
 Number of Nodes with overlaps = 3
 Number of Nodes with overlaps = 3
 Number of Nodes with overlaps = 3
 Number of Nodes with overlaps = 3
 Number of Nodes with overlaps = 1
 Number of Nodes with overlaps = 0
INFO: [Route 35-416] Intermediate Timing Summary | WNS=-0.351 | TNS=-8.946 | WHS=N/A    | THS=N/A    |

Phase 4.3 Global Iteration 2 | Checksum: 213bcd71f

Time (s): cpu = 00:27:40 ; elapsed = 00:16:12 . Memory (MB): peak = 5998.613 ; gain = 214.000 ; free physical = 223967 ; free virtual = 241367
Phase 4 Rip-up And Reroute | Checksum: 213bcd71f

Time (s): cpu = 00:27:41 ; elapsed = 00:16:12 . Memory (MB): peak = 5998.613 ; gain = 214.000 ; free physical = 223967 ; free virtual = 241367

Phase 5 Delay and Skew Optimization

Phase 5.1 Delay CleanUp

Phase 5.1.1 Update Timing
Phase 5.1.1 Update Timing | Checksum: 1e5df42d5

Time (s): cpu = 00:28:26 ; elapsed = 00:16:29 . Memory (MB): peak = 5998.613 ; gain = 214.000 ; free physical = 223962 ; free virtual = 241362
INFO: [Route 35-416] Intermediate Timing Summary | WNS=0.032  | TNS=0.000  | WHS=0.010  | THS=0.000  |


Phase 5.1.2 Update Timing
Phase 5.1.2 Update Timing | Checksum: 19e54c76c

Time (s): cpu = 00:28:59 ; elapsed = 00:16:42 . Memory (MB): peak = 5998.613 ; gain = 214.000 ; free physical = 223956 ; free virtual = 241356
INFO: [Route 35-416] Intermediate Timing Summary | WNS=0.032  | TNS=0.000  | WHS=0.010  | THS=0.000  |

Phase 5.1 Delay CleanUp | Checksum: 19e54c76c

Time (s): cpu = 00:29:00 ; elapsed = 00:16:42 . Memory (MB): peak = 5998.613 ; gain = 214.000 ; free physical = 223956 ; free virtual = 241356

Phase 5.2 Clock Skew Optimization
Phase 5.2 Clock Skew Optimization | Checksum: 19e54c76c

Time (s): cpu = 00:29:01 ; elapsed = 00:16:42 . Memory (MB): peak = 5998.613 ; gain = 214.000 ; free physical = 223956 ; free virtual = 241356
Phase 5 Delay and Skew Optimization | Checksum: 19e54c76c

Time (s): cpu = 00:29:01 ; elapsed = 00:16:42 . Memory (MB): peak = 5998.613 ; gain = 214.000 ; free physical = 223956 ; free virtual = 241356

Phase 6 Post Hold Fix

Phase 6.1 Hold Fix Iter

Phase 6.1.1 Update Timing
Phase 6.1.1 Update Timing | Checksum: 111ff14ee

Time (s): cpu = 00:29:35 ; elapsed = 00:16:55 . Memory (MB): peak = 5998.613 ; gain = 214.000 ; free physical = 223957 ; free virtual = 241357
INFO: [Route 35-416] Intermediate Timing Summary | WNS=0.032  | TNS=0.000  | WHS=0.010  | THS=0.000  |

Phase 6.1 Hold Fix Iter | Checksum: 1d2c7926c

Time (s): cpu = 00:29:35 ; elapsed = 00:16:55 . Memory (MB): peak = 5998.613 ; gain = 214.000 ; free physical = 223957 ; free virtual = 241357
Phase 6 Post Hold Fix | Checksum: 1d2c7926c

Time (s): cpu = 00:29:36 ; elapsed = 00:16:55 . Memory (MB): peak = 5998.613 ; gain = 214.000 ; free physical = 223957 ; free virtual = 241357

Phase 7 Route finalize

Router Utilization Summary
  Global Vertical Routing Utilization    = 33.2761 %
  Global Horizontal Routing Utilization  = 29.9005 %
  Routable Net Status*
  *Does not include unroutable nets such as driverless and loadless.
  Run report_route_status for detailed report.
  Number of Failed Nets               = 0
    (Failed Nets is the sum of unrouted and partially routed nets)
  Number of Unrouted Nets             = 0
  Number of Partially Routed Nets     = 0
  Number of Node Overlaps             = 0

Phase 7 Route finalize | Checksum: 1d2c7926c

Time (s): cpu = 00:29:39 ; elapsed = 00:16:56 . Memory (MB): peak = 5998.613 ; gain = 214.000 ; free physical = 223957 ; free virtual = 241357

Phase 8 Verifying routed nets

 Verification completed successfully
Phase 8 Verifying routed nets | Checksum: 1d2c7926c

Time (s): cpu = 00:29:40 ; elapsed = 00:16:57 . Memory (MB): peak = 5998.613 ; gain = 214.000 ; free physical = 223956 ; free virtual = 241356

Phase 9 Depositing Routes
Phase 9 Depositing Routes | Checksum: 1d2c7926c

Time (s): cpu = 00:29:58 ; elapsed = 00:17:10 . Memory (MB): peak = 5998.613 ; gain = 214.000 ; free physical = 223957 ; free virtual = 241357

Phase 10 Resolve XTalk
Phase 10 Resolve XTalk | Checksum: 1d2c7926c

Time (s): cpu = 00:30:00 ; elapsed = 00:17:11 . Memory (MB): peak = 5998.613 ; gain = 214.000 ; free physical = 223957 ; free virtual = 241357

Phase 11 Post Router Timing
INFO: [Route 35-57] Estimated Timing Summary | WNS=0.032  | TNS=0.000  | WHS=0.010  | THS=0.000  |

INFO: [Route 35-327] The final timing numbers are based on the router estimated timing analysis. For a complete and accurate timing signoff, please run report_timing_summary.
Phase 11 Post Router Timing | Checksum: 1d2c7926c

Time (s): cpu = 00:30:14 ; elapsed = 00:17:15 . Memory (MB): peak = 5998.613 ; gain = 214.000 ; free physical = 223956 ; free virtual = 241356
INFO: [Route 35-16] Router Completed Successfully

Phase 12 Post-Route Event Processing
Phase 12 Post-Route Event Processing | Checksum: 15362abfc

Time (s): cpu = 00:30:19 ; elapsed = 00:17:20 . Memory (MB): peak = 5998.613 ; gain = 214.000 ; free physical = 223949 ; free virtual = 241349
Ending Routing Task | Checksum: 15362abfc

Time (s): cpu = 00:30:23 ; elapsed = 00:17:24 . Memory (MB): peak = 5998.613 ; gain = 214.000 ; free physical = 223942 ; free virtual = 241342

Routing Is Done.
INFO: [Common 17-83] Releasing license: Implementation
144 Infos, 204 Warnings, 0 Critical Warnings and 0 Errors encountered.
route_design completed successfully
route_design: Time (s): cpu = 00:30:39 ; elapsed = 00:17:34 . Memory (MB): peak = 5998.613 ; gain = 214.000 ; free physical = 223942 ; free virtual = 241342
INFO: [runtcl-4] Executing : report_drc -file vit_system_wrapper_drc_routed.rpt -pb vit_system_wrapper_drc_routed.pb -rpx vit_system_wrapper_drc_routed.rpx
Command: report_drc -file vit_system_wrapper_drc_routed.rpt -pb vit_system_wrapper_drc_routed.pb -rpx vit_system_wrapper_drc_routed.rpx
INFO: [IP_Flow 19-1839] IP Catalog is up to date.
INFO: [DRC 23-27] Running DRC with 4 threads
INFO: [Vivado_Tcl 2-168] The results of DRC are in file /home/s23520579/Vivado_project/vit_m8_board_candidate_67c18532_workspace_20260809/vivado_server_307_perf_v1_m8_nongemm_nodsp_2023_2/VIT_googlebase_rtl/ViT_googlebase/ViT_googlebase.runs/impl_1/vit_system_wrapper_drc_routed.rpt.
report_drc completed successfully
report_drc: Time (s): cpu = 00:00:34 ; elapsed = 00:00:12 . Memory (MB): peak = 6022.625 ; gain = 24.012 ; free physical = 223955 ; free virtual = 241355
INFO: [runtcl-4] Executing : report_methodology -file vit_system_wrapper_methodology_drc_routed.rpt -pb vit_system_wrapper_methodology_drc_routed.pb -rpx vit_system_wrapper_methodology_drc_routed.rpx
Command: report_methodology -file vit_system_wrapper_methodology_drc_routed.rpt -pb vit_system_wrapper_methodology_drc_routed.pb -rpx vit_system_wrapper_methodology_drc_routed.rpx
INFO: [Timing 38-35] Done setting XDC timing constraints.
INFO: [DRC 23-133] Running Methodology with 4 threads
INFO: [Vivado_Tcl 2-1520] The results of Report Methodology are in file /home/s23520579/Vivado_project/vit_m8_board_candidate_67c18532_workspace_20260809/vivado_server_307_perf_v1_m8_nongemm_nodsp_2023_2/VIT_googlebase_rtl/ViT_googlebase/ViT_googlebase.runs/impl_1/vit_system_wrapper_methodology_drc_routed.rpt.
report_methodology completed successfully
report_methodology: Time (s): cpu = 00:01:48 ; elapsed = 00:00:36 . Memory (MB): peak = 6022.625 ; gain = 0.000 ; free physical = 223948 ; free virtual = 241348
INFO: [runtcl-4] Executing : report_power -file vit_system_wrapper_power_routed.rpt -pb vit_system_wrapper_power_summary_routed.pb -rpx vit_system_wrapper_power_routed.rpx
Command: report_power -file vit_system_wrapper_power_routed.rpt -pb vit_system_wrapper_power_summary_routed.pb -rpx vit_system_wrapper_power_routed.rpx
INFO: [Timing 38-35] Done setting XDC timing constraints.
Running Vector-less Activity Propagation...

Finished Running Vector-less Activity Propagation
WARNING: [Power 33-332] Found switching activity that implies high-fanout reset nets being asserted for excessive periods of time which may result in inaccurate power analysis.
Resolution: To review and fix problems, please run Power Constraints Advisor in the GUI from Tools > Power Constraints Advisor or run report_power with the -advisory option to generate a text report.
154 Infos, 205 Warnings, 0 Critical Warnings and 0 Errors encountered.
report_power completed successfully
report_power: Time (s): cpu = 00:01:12 ; elapsed = 00:00:33 . Memory (MB): peak = 6022.625 ; gain = 0.000 ; free physical = 223938 ; free virtual = 241350
INFO: [runtcl-4] Executing : report_route_status -file vit_system_wrapper_route_status.rpt -pb vit_system_wrapper_route_status.pb
INFO: [runtcl-4] Executing : report_timing_summary -max_paths 10 -report_unconstrained -file vit_system_wrapper_timing_summary_routed.rpt -pb vit_system_wrapper_timing_summary_routed.pb -rpx vit_system_wrapper_timing_summary_routed.rpx -warn_on_violation 
INFO: [Timing 38-91] UpdateTimingParams: Speed grade: -1, Temperature grade: E, Delay Type: min_max.
INFO: [Timing 38-191] Multithreading enabled for timing update using a maximum of 4 CPUs
report_timing_summary: Time (s): cpu = 00:00:13 ; elapsed = 00:00:06 . Memory (MB): peak = 6022.625 ; gain = 0.000 ; free physical = 223918 ; free virtual = 241331
INFO: [runtcl-4] Executing : report_incremental_reuse -file vit_system_wrapper_incremental_reuse_routed.rpt
INFO: [Vivado_Tcl 4-1062] Incremental flow is disabled. No incremental reuse Info to report.
INFO: [runtcl-4] Executing : report_clock_utilization -file vit_system_wrapper_clock_utilization_routed.rpt
report_clock_utilization: Time (s): cpu = 00:00:09 ; elapsed = 00:00:09 . Memory (MB): peak = 6022.625 ; gain = 0.000 ; free physical = 223913 ; free virtual = 241326
INFO: [runtcl-4] Executing : report_bus_skew -warn_on_violation -file vit_system_wrapper_bus_skew_routed.rpt -pb vit_system_wrapper_bus_skew_routed.pb -rpx vit_system_wrapper_bus_skew_routed.rpx
INFO: [Timing 38-91] UpdateTimingParams: Speed grade: -1, Temperature grade: E, Delay Type: min_max.
INFO: [Timing 38-191] Multithreading enabled for timing update using a maximum of 4 CPUs
INFO: [Timing 38-480] Writing timing data to binary archive.
Write ShapeDB Complete: Time (s): cpu = 00:00:02 ; elapsed = 00:00:00.41 . Memory (MB): peak = 6022.625 ; gain = 0.000 ; free physical = 223857 ; free virtual = 241319
Wrote PlaceDB: Time (s): cpu = 00:00:18 ; elapsed = 00:00:07 . Memory (MB): peak = 6022.625 ; gain = 0.000 ; free physical = 223746 ; free virtual = 241323
Wrote PulsedLatchDB: Time (s): cpu = 00:00:00 ; elapsed = 00:00:00 . Memory (MB): peak = 6022.625 ; gain = 0.000 ; free physical = 223746 ; free virtual = 241323
Writing XDEF routing.
Writing XDEF routing logical nets.
Writing XDEF routing special nets.
Wrote RouteStorage: Time (s): cpu = 00:00:02 ; elapsed = 00:00:02 . Memory (MB): peak = 6022.625 ; gain = 0.000 ; free physical = 223714 ; free virtual = 241325
Wrote Netlist Cache: Time (s): cpu = 00:00:00.19 ; elapsed = 00:00:00.2 . Memory (MB): peak = 6022.625 ; gain = 0.000 ; free physical = 223698 ; free virtual = 241324
Wrote Device Cache: Time (s): cpu = 00:00:00.02 ; elapsed = 00:00:00.02 . Memory (MB): peak = 6022.625 ; gain = 0.000 ; free physical = 223691 ; free virtual = 241320
Write Physdb Complete: Time (s): cpu = 00:00:20 ; elapsed = 00:00:09 . Memory (MB): peak = 6022.625 ; gain = 0.000 ; free physical = 223691 ; free virtual = 241320
INFO: [Common 17-1381] The checkpoint '/home/s23520579/Vivado_project/vit_m8_board_candidate_67c18532_workspace_20260809/vivado_server_307_perf_v1_m8_nongemm_nodsp_2023_2/VIT_googlebase_rtl/ViT_googlebase/ViT_googlebase.runs/impl_1/vit_system_wrapper_routed.dcp' has been generated.
write_checkpoint: Time (s): cpu = 00:00:27 ; elapsed = 00:00:16 . Memory (MB): peak = 6022.625 ; gain = 0.000 ; free physical = 223833 ; free virtual = 241309
INFO: [Common 17-206] Exiting Vivado at Sun Aug  9 04:21:29 2026...

*** Running vivado
    with args -log vit_system_wrapper.vdi -applog -m64 -product Vivado -messageDb vivado.pb -mode batch -source vit_system_wrapper.tcl -notrace


****** Vivado v2023.2 (64-bit)
  **** SW Build 4029153 on Fri Oct 13 20:13:54 MDT 2023
  **** IP Build 4028589 on Sat Oct 14 00:45:43 MDT 2023
  **** SharedData Build 4025554 on Tue Oct 10 17:18:54 MDT 2023
    ** Copyright 1986-2022 Xilinx, Inc. All Rights Reserved.
    ** Copyright 2022-2023 Advanced Micro Devices, Inc. All Rights Reserved.

source vit_system_wrapper.tcl -notrace
Command: open_checkpoint vit_system_wrapper_routed.dcp
INFO: [Device 21-403] Loading part xczu5ev-sfvc784-1-e
Netlist sorting complete. Time (s): cpu = 00:00:00.77 ; elapsed = 00:00:00.77 . Memory (MB): peak = 2369.578 ; gain = 0.000 ; free physical = 224152 ; free virtual = 241701
INFO: [Netlist 29-17] Analyzing 8573 Unisim elements for replacement
INFO: [Netlist 29-28] Unisim Transformation completed in 0 CPU seconds
INFO: [Project 1-479] Netlist was created with Vivado 2023.2
INFO: [Project 1-570] Preparing netlist for logic optimization
Read ShapeDB Complete: Time (s): cpu = 00:00:00.41 ; elapsed = 00:00:00.43 . Memory (MB): peak = 2561.523 ; gain = 54.969 ; free physical = 223964 ; free virtual = 241513
INFO: [Timing 38-478] Restoring timing data from binary archive.
INFO: [Timing 38-479] Binary timing data restore complete.
INFO: [Project 1-856] Restoring constraints from binary archive.
INFO: [Project 1-853] Binary constraint restore complete.
INFO: [Designutils 20-5722] Start Reading Physical Databases.
Reading placement.
Read Netlist Cache: Time (s): cpu = 00:00:00.2 ; elapsed = 00:00:00.2 . Memory (MB): peak = 3147.711 ; gain = 6.867 ; free physical = 223506 ; free virtual = 241056
Reading placer database...
Read Device Cache: Time (s): cpu = 00:00:00.04 ; elapsed = 00:00:00.04 . Memory (MB): peak = 3162.891 ; gain = 15.180 ; free physical = 223499 ; free virtual = 241048
Read PlaceDB: Time (s): cpu = 00:00:05 ; elapsed = 00:00:05 . Memory (MB): peak = 3291.219 ; gain = 128.328 ; free physical = 223354 ; free virtual = 240903
Read PulsedLatchDB: Time (s): cpu = 00:00:00 ; elapsed = 00:00:00 . Memory (MB): peak = 3291.219 ; gain = 0.000 ; free physical = 223354 ; free virtual = 240903
Reading routing.
Read RouteStorage: Time (s): cpu = 00:00:03 ; elapsed = 00:00:03 . Memory (MB): peak = 3366.703 ; gain = 75.484 ; free physical = 223307 ; free virtual = 240856
Read Physdb Files: Time (s): cpu = 00:00:09 ; elapsed = 00:00:09 . Memory (MB): peak = 3366.703 ; gain = 225.859 ; free physical = 223307 ; free virtual = 240856
Restored from archive | CPU: 9.230000 secs | Memory: 185.500206 MB |
Finished XDEF File Restore: Time (s): cpu = 00:00:09 ; elapsed = 00:00:09 . Memory (MB): peak = 3366.703 ; gain = 225.859 ; free physical = 223307 ; free virtual = 240856
Netlist sorting complete. Time (s): cpu = 00:00:00.01 ; elapsed = 00:00:00.02 . Memory (MB): peak = 3694.633 ; gain = 0.000 ; free physical = 222968 ; free virtual = 240518
INFO: [Project 1-111] Unisim Transformation Summary:
  A total of 139 instances were transformed.
  BUFG => BUFGCE: 1 instance 
  RAM32M => RAM32M (RAMD32(x6), RAMS32(x2)): 1 instance 
  RAM32M16 => RAM32M16 (RAMD32(x14), RAMS32(x2)): 85 instances
  RAM64M8 => RAM64M8 (RAMD64E(x8)): 52 instances

INFO: [Project 1-604] Checkpoint was created with Vivado v2023.2 (64-bit) build 4029153
open_checkpoint: Time (s): cpu = 00:00:50 ; elapsed = 00:00:51 . Memory (MB): peak = 3694.668 ; gain = 2363.094 ; free physical = 222968 ; free virtual = 240518
INFO: [Memdata 28-167] Found XPM memory block vit_system_i/smartconnect_ddr/inst/s00_nodes/s00_w_node/inst/inst_mi_handler/gen_normal_area.inst_fifo_node_payld/gen_xpm_memory_fifo.inst_fifo/gen_mem_rep[0].inst_xpm_memory/xpm_memory_base_inst with a P_MEMORY_PRIMITIVE property set to distributed. A value of block is required. You will not be able to use the updatemem program to update the bitstream with new data for the vit_system_i/smartconnect_ddr/inst/s00_nodes/s00_w_node/inst/inst_mi_handler/gen_normal_area.inst_fifo_node_payld/gen_xpm_memory_fifo.inst_fifo/gen_mem_rep[0].inst_xpm_memory/xpm_memory_base_inst block.
INFO: [Memdata 28-167] Found XPM memory block vit_system_i/smartconnect_ddr/inst/s00_nodes/s00_r_node/inst/inst_mi_handler/gen_normal_area.inst_fifo_node_payld/gen_xpm_memory_fifo.inst_fifo/gen_mem_rep[0].inst_xpm_memory/xpm_memory_base_inst with a P_MEMORY_PRIMITIVE property set to distributed. A value of block is required. You will not be able to use the updatemem program to update the bitstream with new data for the vit_system_i/smartconnect_ddr/inst/s00_nodes/s00_r_node/inst/inst_mi_handler/gen_normal_area.inst_fifo_node_payld/gen_xpm_memory_fifo.inst_fifo/gen_mem_rep[0].inst_xpm_memory/xpm_memory_base_inst block.
INFO: [Memdata 28-167] Found XPM memory block vit_system_i/smartconnect_ddr/inst/s00_nodes/s00_b_node/inst/inst_mi_handler/gen_normal_area.inst_fifo_node_payld/gen_xpm_memory_fifo.inst_fifo/gen_mem_rep[0].inst_xpm_memory/xpm_memory_base_inst with a P_MEMORY_PRIMITIVE property set to distributed. A value of block is required. You will not be able to use the updatemem program to update the bitstream with new data for the vit_system_i/smartconnect_ddr/inst/s00_nodes/s00_b_node/inst/inst_mi_handler/gen_normal_area.inst_fifo_node_payld/gen_xpm_memory_fifo.inst_fifo/gen_mem_rep[0].inst_xpm_memory/xpm_memory_base_inst block.
INFO: [Memdata 28-167] Found XPM memory block vit_system_i/smartconnect_ddr/inst/s00_nodes/s00_aw_node/inst/inst_mi_handler/gen_normal_area.inst_fifo_node_payld/gen_xpm_memory_fifo.inst_fifo/gen_mem_rep[0].inst_xpm_memory/xpm_memory_base_inst with a P_MEMORY_PRIMITIVE property set to distributed. A value of block is required. You will not be able to use the updatemem program to update the bitstream with new data for the vit_system_i/smartconnect_ddr/inst/s00_nodes/s00_aw_node/inst/inst_mi_handler/gen_normal_area.inst_fifo_node_payld/gen_xpm_memory_fifo.inst_fifo/gen_mem_rep[0].inst_xpm_memory/xpm_memory_base_inst block.
INFO: [Memdata 28-167] Found XPM memory block vit_system_i/smartconnect_ddr/inst/s00_nodes/s00_ar_node/inst/inst_mi_handler/gen_normal_area.inst_fifo_node_payld/gen_xpm_memory_fifo.inst_fifo/gen_mem_rep[0].inst_xpm_memory/xpm_memory_base_inst with a P_MEMORY_PRIMITIVE property set to distributed. A value of block is required. You will not be able to use the updatemem program to update the bitstream with new data for the vit_system_i/smartconnect_ddr/inst/s00_nodes/s00_ar_node/inst/inst_mi_handler/gen_normal_area.inst_fifo_node_payld/gen_xpm_memory_fifo.inst_fifo/gen_mem_rep[0].inst_xpm_memory/xpm_memory_base_inst block.
Command: write_bitstream -force vit_system_wrapper.bit
Attempting to get a license for feature 'Implementation' and/or device 'xczu5ev'
INFO: [Common 17-349] Got license for feature 'Implementation' and/or device 'xczu5ev'
Running DRC as a precondition to command write_bitstream
INFO: [IP_Flow 19-234] Refreshing IP repositories
INFO: [IP_Flow 19-1704] No user IP repositories specified
INFO: [IP_Flow 19-2313] Loaded Vivado IP repository '/data/tools/Xilinx/Vivado/2023.2/data/ip'.
INFO: [DRC 23-27] Running DRC with 4 threads
INFO: [Vivado 12-3199] DRC finished with 0 Errors
INFO: [Vivado 12-3200] Please refer to the DRC report (report_drc) for more information.
INFO: [Designutils 20-2272] Running write_bitstream with 4 threads.
Loading data files...
Loading site data...
Loading route data...
Processing options...
Creating bitmap...
Creating bitstream...
Writing bitstream ./vit_system_wrapper.bit...
INFO: [Vivado 12-1842] Bitgen Completed Successfully.
INFO: [Project 1-1876] WebTalk data collection is mandatory when using a ULT device. To see the specific WebTalk data collected for your design, open the usage_statistics_webtalk.html or usage_statistics_webtalk.xml file in the implementation directory.
INFO: [Common 17-83] Releasing license: Implementation
28 Infos, 0 Warnings, 0 Critical Warnings and 0 Errors encountered.
write_bitstream completed successfully
write_bitstream: Time (s): cpu = 00:01:15 ; elapsed = 00:00:43 . Memory (MB): peak = 4418.180 ; gain = 723.512 ; free physical = 222331 ; free virtual = 239888
INFO: [Common 17-206] Exiting Vivado at Sun Aug  9 04:26:03 2026...
[Sun Aug  9 04:26:03 2026] impl_1 finished
wait_on_runs: Time (s): cpu = 00:00:01 ; elapsed = 00:01:42 . Memory (MB): peak = 4663.258 ; gain = 0.000 ; free physical = 222331 ; free virtual = 239887
PASS: impl_1 completed: write_bitstream Complete!
PASS: impl_1 is current
INFO: [Project 1-1918] Creating Hardware Platform: /home/s23520579/Vivado_project/vit_m8_board_candidate_67c18532_workspace_20260809/vivado_server_307_perf_v1_m8_nongemm_nodsp_2023_2/VIT_googlebase_rtl/artifacts/vit_system_wrapper.xsa ...
WARNING: [Project 1-645] Board images not set in Hardware Platform.
INFO: [Project 1-1943] The Hardware Platform can be used for Hardware
INFO: [Project 1-1941] Successfully created Hardware Platform: /home/s23520579/Vivado_project/vit_m8_board_candidate_67c18532_workspace_20260809/vivado_server_307_perf_v1_m8_nongemm_nodsp_2023_2/VIT_googlebase_rtl/artifacts/vit_system_wrapper.xsa
INFO: [Hsi 55-2053] elapsed time for repository (/data/tools/Xilinx/Vivado/2023.2/data/embeddedsw) loading 0 seconds
write_hw_platform: Time (s): cpu = 00:00:06 ; elapsed = 00:00:06 . Memory (MB): peak = 4663.258 ; gain = 0.000 ; free physical = 225600 ; free virtual = 243167
PASS: XSA contains exactly one BIT and the canonical three-HWH set; embedded BIT equals external artifact SHA256=462d78a91d9fb35b2cb5832ab222c39952a1052d3ff6766d94e37405f887a275
PASS: production board implementation sign-off completed
  OOC LUT fit: /home/s23520579/Vivado_project/vit_m8_board_candidate_67c18532_workspace_20260809/vivado_server_307_perf_v1_m8_nongemm_nodsp_2023_2/VIT_googlebase_rtl/reports/rtl_ooc_post_synth_lut_fit_gate.rpt
  board LUT fit: /home/s23520579/Vivado_project/vit_m8_board_candidate_67c18532_workspace_20260809/vivado_server_307_perf_v1_m8_nongemm_nodsp_2023_2/VIT_googlebase_rtl/reports/board_post_synth_lut_fit_gate.rpt
  blackboxes: /home/s23520579/Vivado_project/vit_m8_board_candidate_67c18532_workspace_20260809/vivado_server_307_perf_v1_m8_nongemm_nodsp_2023_2/VIT_googlebase_rtl/reports/board_post_route_blackboxes.rpt
  latches   : /home/s23520579/Vivado_project/vit_m8_board_candidate_67c18532_workspace_20260809/vivado_server_307_perf_v1_m8_nongemm_nodsp_2023_2/VIT_googlebase_rtl/reports/board_post_route_latches.rpt
  timing gate: /home/s23520579/Vivado_project/vit_m8_board_candidate_67c18532_workspace_20260809/vivado_server_307_perf_v1_m8_nongemm_nodsp_2023_2/VIT_googlebase_rtl/reports/board_post_route_timing_gate.rpt
  loop gate  : /home/s23520579/Vivado_project/vit_m8_board_candidate_67c18532_workspace_20260809/vivado_server_307_perf_v1_m8_nongemm_nodsp_2023_2/VIT_googlebase_rtl/reports/board_post_route_combinational_loops.rpt
  RAM gate   : /home/s23520579/Vivado_project/vit_m8_board_candidate_67c18532_workspace_20260809/vivado_server_307_perf_v1_m8_nongemm_nodsp_2023_2/VIT_googlebase_rtl/reports/board_post_route_m8_ram_mapping.rpt
  constraints: /home/s23520579/Vivado_project/vit_m8_board_candidate_67c18532_workspace_20260809/vivado_server_307_perf_v1_m8_nongemm_nodsp_2023_2/VIT_googlebase_rtl/reports/board_post_route_constraint_coverage_gate.rpt
  route gate : /home/s23520579/Vivado_project/vit_m8_board_candidate_67c18532_workspace_20260809/vivado_server_307_perf_v1_m8_nongemm_nodsp_2023_2/VIT_googlebase_rtl/reports/board_post_route_route_gate.rpt
  DRC gate   : /home/s23520579/Vivado_project/vit_m8_board_candidate_67c18532_workspace_20260809/vivado_server_307_perf_v1_m8_nongemm_nodsp_2023_2/VIT_googlebase_rtl/reports/board_post_route_drc_gate.rpt
  methodology: /home/s23520579/Vivado_project/vit_m8_board_candidate_67c18532_workspace_20260809/vivado_server_307_perf_v1_m8_nongemm_nodsp_2023_2/VIT_googlebase_rtl/reports/board_post_route_methodology_gate.rpt
  XSA report : /home/s23520579/Vivado_project/vit_m8_board_candidate_67c18532_workspace_20260809/vivado_server_307_perf_v1_m8_nongemm_nodsp_2023_2/VIT_googlebase_rtl/reports/board_post_route_xsa_contents.rpt
  routed DCP : /home/s23520579/Vivado_project/vit_m8_board_candidate_67c18532_workspace_20260809/vivado_server_307_perf_v1_m8_nongemm_nodsp_2023_2/VIT_googlebase_rtl/artifacts/board_post_route.dcp
  bitstream  : /home/s23520579/Vivado_project/vit_m8_board_candidate_67c18532_workspace_20260809/vivado_server_307_perf_v1_m8_nongemm_nodsp_2023_2/VIT_googlebase_rtl/artifacts/vit_system_wrapper.bit
  XSA + bit  : /home/s23520579/Vivado_project/vit_m8_board_candidate_67c18532_workspace_20260809/vivado_server_307_perf_v1_m8_nongemm_nodsp_2023_2/VIT_googlebase_rtl/artifacts/vit_system_wrapper.xsa
INFO: [Common 17-206] Exiting Vivado at Sun Aug  9 04:26:11 2026...
PASS stage 50_board_impl
M8_RECEIPT_CLOSURE_PASS receipts=6 entries=658 sidecars=3 payload_replay=FULL
M8_METADATA_PREFLIGHT_PASS sources=80 ordered=db4e84bbe7b28dcccf4d5e574027be06b5162ae9789e0f2ef0ab2dcfb0fffb7e filelist=88166c76fac96e7f4b59f486a3d5867a94001e6d72014ad7187b5e4de40f3524 ip=0x0001000D abi=v1.13 parent=M7S8 receipts=BOUND full_vivado=PENDING bit_xsa=NOT_GENERATED
M8_DEVELOPMENT_MANIFEST_PASS entries=409
M8_DEVELOPMENT_MANIFEST_SHA256=67c18532e3bb16b24ec6983f99cc54a3ffafb05fe6c02cf0385465c316b31078
M8_DEVELOPMENT_PREFLIGHT_PASS status=DEVELOPMENT_UNSEALED seal=PENDING_M8_SEAL
M8_RECEIPT_CLOSURE_PASS receipts=6 entries=658 sidecars=3 payload_replay=FULL
M8_METADATA_PREFLIGHT_PASS sources=80 ordered=db4e84bbe7b28dcccf4d5e574027be06b5162ae9789e0f2ef0ab2dcfb0fffb7e filelist=88166c76fac96e7f4b59f486a3d5867a94001e6d72014ad7187b5e4de40f3524 ip=0x0001000D abi=v1.13 parent=M7S8 receipts=BOUND full_vivado=PENDING bit_xsa=NOT_GENERATED
M8_DEVELOPMENT_MANIFEST_PASS entries=409
M8_DEVELOPMENT_MANIFEST_SHA256=67c18532e3bb16b24ec6983f99cc54a3ffafb05fe6c02cf0385465c316b31078
M8_DEVELOPMENT_PREFLIGHT_PASS status=DEVELOPMENT_UNSEALED seal=PENDING_M8_SEAL
M8_OUTPUT_COLLECTION_PASS status=VIT_googlebase_rtl/artifacts/RUN_STATUS.txt output=VIT_googlebase_rtl/artifacts/OUTPUT_SHA256SUMS
PASS: DEVELOPMENT_UNSEALED complete output set checksummed at VIT_googlebase_rtl/artifacts/OUTPUT_SHA256SUMS
PASS: DEVELOPMENT_UNSEALED Vivado flow; no sealed/promotion claim
