.gitignore: OK
BUNDLE_INFO.json: OK
M7_DEVELOPMENT_SHA256SUMS.txt: OK
M8_DEVELOPMENT_SHA256SUMS.txt: OK
PARENT_M5_MANIFEST.sha256: OK
PARENT_M7S8_PROVENANCE.txt: OK
README_SERVER.md: OK
VIT_googlebase_rtl/ViT_googlebase/ViT_googlebase.runs/impl_1/runme.log: OK
VIT_googlebase_rtl/ViT_googlebase/ViT_googlebase.runs/impl_1/vit_system_wrapper_control_sets_placed.rpt: OK
VIT_googlebase_rtl/ViT_googlebase/ViT_googlebase.runs/impl_1/vit_system_wrapper_route_status.rpt: OK
VIT_googlebase_rtl/ViT_googlebase/ViT_googlebase.runs/impl_1/vit_system_wrapper_timing_summary_routed.rpt: OK
VIT_googlebase_rtl/ViT_googlebase/ViT_googlebase.runs/impl_1/vit_system_wrapper_utilization_placed.rpt: OK
VIT_googlebase_rtl/ViT_googlebase/ViT_googlebase.runs/impl_1/vivado.jou: OK
VIT_googlebase_rtl/ViT_googlebase/ViT_googlebase.runs/synth_1/runme.log: OK
VIT_googlebase_rtl/ViT_googlebase/ViT_googlebase.runs/synth_1/vivado.jou: OK
VIT_googlebase_rtl/ViT_googlebase/ViT_googlebase.runs/vit_system_proc_sys_reset_0_0_synth_1/runme.log: OK
VIT_googlebase_rtl/ViT_googlebase/ViT_googlebase.runs/vit_system_proc_sys_reset_0_0_synth_1/vivado.jou: OK
VIT_googlebase_rtl/ViT_googlebase/ViT_googlebase.runs/vit_system_smartconnect_control_0_synth_1/runme.log: OK
VIT_googlebase_rtl/ViT_googlebase/ViT_googlebase.runs/vit_system_smartconnect_control_0_synth_1/vivado.jou: OK
VIT_googlebase_rtl/ViT_googlebase/ViT_googlebase.runs/vit_system_smartconnect_ddr_0_synth_1/runme.log: OK
VIT_googlebase_rtl/ViT_googlebase/ViT_googlebase.runs/vit_system_smartconnect_ddr_0_synth_1/vivado.jou: OK
VIT_googlebase_rtl/ViT_googlebase/ViT_googlebase.runs/vit_system_vit_phase_e_axi_0_0_synth_1/runme.log: OK
VIT_googlebase_rtl/ViT_googlebase/ViT_googlebase.runs/vit_system_vit_phase_e_axi_0_0_synth_1/vivado.jou: OK
VIT_googlebase_rtl/ViT_googlebase/ViT_googlebase.runs/vit_system_zynq_ultra_ps_e_0_0_synth_1/runme.log: OK
VIT_googlebase_rtl/ViT_googlebase/ViT_googlebase.runs/vit_system_zynq_ultra_ps_e_0_0_synth_1/vivado.jou: OK
VIT_googlebase_rtl/ViT_googlebase/ViT_googlebase.srcs/sources_1/bd/vit_system/ip/vit_system_const_one_0/vit_system_const_one_0.xci: OK
VIT_googlebase_rtl/ViT_googlebase/ViT_googlebase.srcs/sources_1/bd/vit_system/ip/vit_system_const_zero_0/vit_system_const_zero_0.xci: OK
VIT_googlebase_rtl/ViT_googlebase/ViT_googlebase.srcs/sources_1/bd/vit_system/ip/vit_system_proc_sys_reset_0_0/vit_system_proc_sys_reset_0_0.xci: OK
VIT_googlebase_rtl/ViT_googlebase/ViT_googlebase.srcs/sources_1/bd/vit_system/ip/vit_system_smartconnect_control_0/vit_system_smartconnect_control_0.xci: OK
VIT_googlebase_rtl/ViT_googlebase/ViT_googlebase.srcs/sources_1/bd/vit_system/ip/vit_system_smartconnect_ddr_0/vit_system_smartconnect_ddr_0.xci: OK
VIT_googlebase_rtl/ViT_googlebase/ViT_googlebase.srcs/sources_1/bd/vit_system/ip/vit_system_vit_phase_e_axi_0_0/vit_system_vit_phase_e_axi_0_0.xci: OK
VIT_googlebase_rtl/ViT_googlebase/ViT_googlebase.srcs/sources_1/bd/vit_system/ip/vit_system_zynq_ultra_ps_e_0_0/vit_system_zynq_ultra_ps_e_0_0.xci: OK
VIT_googlebase_rtl/ViT_googlebase/ViT_googlebase.srcs/sources_1/bd/vit_system/vit_system.bd: OK
VIT_googlebase_rtl/ViT_googlebase/ViT_googlebase.srcs/sources_1/bd/vit_system/vit_system.bda: OK
VIT_googlebase_rtl/ViT_googlebase/ViT_googlebase.xpr: OK
VIT_googlebase_rtl/artifacts/OUTPUT_SHA256SUMS: OK
VIT_googlebase_rtl/artifacts/RUN_STATUS.txt: OK
VIT_googlebase_rtl/artifacts/board_post_route.dcp: OK
VIT_googlebase_rtl/artifacts/board_post_synth.dcp: OK
VIT_googlebase_rtl/artifacts/project_exports/recreate_project.tcl: OK
VIT_googlebase_rtl/artifacts/project_exports/vit_system_bd.tcl: OK
VIT_googlebase_rtl/artifacts/rtl_ooc_post_synth.dcp: OK
VIT_googlebase_rtl/artifacts/vit_system_wrapper.bit: OK
VIT_googlebase_rtl/artifacts/vit_system_wrapper.xsa: OK
VIT_googlebase_rtl/reports/board_post_route_blackboxes.rpt: OK
VIT_googlebase_rtl/reports/board_post_route_check_timing.rpt: OK
VIT_googlebase_rtl/reports/board_post_route_clock_utilization.rpt: OK
VIT_googlebase_rtl/reports/board_post_route_combinational_loops.rpt: OK
VIT_googlebase_rtl/reports/board_post_route_constraint_coverage_gate.rpt: OK
VIT_googlebase_rtl/reports/board_post_route_drc.rpt: OK
VIT_googlebase_rtl/reports/board_post_route_drc_gate.rpt: OK
VIT_googlebase_rtl/reports/board_post_route_dsp.rpt: OK
VIT_googlebase_rtl/reports/board_post_route_hierarchical.rpt: OK
VIT_googlebase_rtl/reports/board_post_route_latches.rpt: OK
VIT_googlebase_rtl/reports/board_post_route_m8_ram_mapping.rpt: OK
VIT_googlebase_rtl/reports/board_post_route_methodology.rpt: OK
VIT_googlebase_rtl/reports/board_post_route_methodology_gate.rpt: OK
VIT_googlebase_rtl/reports/board_post_route_ram_utilization.rpt: OK
VIT_googlebase_rtl/reports/board_post_route_reachability.rpt: OK
VIT_googlebase_rtl/reports/board_post_route_route_gate.rpt: OK
VIT_googlebase_rtl/reports/board_post_route_status.rpt: OK
VIT_googlebase_rtl/reports/board_post_route_timing.rpt: OK
VIT_googlebase_rtl/reports/board_post_route_timing_gate.rpt: OK
VIT_googlebase_rtl/reports/board_post_route_utilization.rpt: OK
VIT_googlebase_rtl/reports/board_post_route_xsa_contents.rpt: OK
VIT_googlebase_rtl/reports/board_post_synth_blackboxes.rpt: OK
VIT_googlebase_rtl/reports/board_post_synth_combinational_loops.rpt: OK
VIT_googlebase_rtl/reports/board_post_synth_dsp.rpt: OK
VIT_googlebase_rtl/reports/board_post_synth_hierarchical.rpt: OK
VIT_googlebase_rtl/reports/board_post_synth_ip_status.rpt: OK
VIT_googlebase_rtl/reports/board_post_synth_latches.rpt: OK
VIT_googlebase_rtl/reports/board_post_synth_lut_fit_gate.rpt: OK
VIT_googlebase_rtl/reports/board_post_synth_m8_ram_mapping.rpt: OK
VIT_googlebase_rtl/reports/board_post_synth_ram_utilization.rpt: OK
VIT_googlebase_rtl/reports/board_post_synth_reachability.rpt: OK
VIT_googlebase_rtl/reports/board_post_synth_timing.rpt: OK
VIT_googlebase_rtl/reports/board_post_synth_utilization.rpt: OK
VIT_googlebase_rtl/reports/rtl_ooc_post_synth_blackboxes.rpt: OK
VIT_googlebase_rtl/reports/rtl_ooc_post_synth_combinational_loops.rpt: OK
VIT_googlebase_rtl/reports/rtl_ooc_post_synth_dsp.rpt: OK
VIT_googlebase_rtl/reports/rtl_ooc_post_synth_latches.rpt: OK
VIT_googlebase_rtl/reports/rtl_ooc_post_synth_lut_fit_gate.rpt: OK
VIT_googlebase_rtl/reports/rtl_ooc_post_synth_m8_ram_mapping.rpt: OK
VIT_googlebase_rtl/reports/rtl_ooc_post_synth_reachability.rpt: OK
VIT_googlebase_rtl/reports/rtl_standalone_post_synth_combinational_loops.rpt: OK
VIT_googlebase_rtl/reports/rtl_standalone_post_synth_dsp.rpt: OK
VIT_googlebase_rtl/reports/rtl_standalone_post_synth_hierarchical.rpt: OK
VIT_googlebase_rtl/reports/rtl_standalone_post_synth_timing.rpt: OK
VIT_googlebase_rtl/reports/rtl_standalone_post_synth_utilization.rpt: OK
VIT_googlebase_rtl/reports/vit_system_axi_contract.rpt: OK
VIT_googlebase_rtl/reports/vit_system_geometry.rpt: OK
docs/M4_R4_REUSE_CONTRACT.md: OK
docs/M4_R8_REUSE_CONTRACT.md: OK
docs/M5_AXI128_CONTRACT.md: OK
docs/M7_FP16_PARALLEL_OVERLAP_CONTRACT.md: OK
docs/PERF_PROFILE_ABI_V1_10.json: OK
docs/PERF_PROFILE_ABI_V1_11.json: OK
docs/PERF_PROFILE_ABI_V1_12.json: OK
docs/PERF_PROFILE_ABI_V1_13.json: OK
docs/PERF_PROFILE_ABI_V1_2.json: OK
docs/PERF_PROFILE_ABI_V1_6.json: OK
docs/PERF_PROFILE_ABI_V1_9.json: OK
docs/PHASE_E_AXI_WRAPPER.md: OK
docs/VIT_MODEL_PACKAGE_FORMAT_V1.md: OK
docs/VIT_MODEL_PACKAGE_FORMAT_V2_BLOCKED_B_FP32.md: OK
docs/rtl/ARCHITECTURE.md: OK
docs/rtl/ARCHITECTURE_DETAILS.md: OK
docs/rtl/CHECKPOINT_2026-07-30.md: OK
docs/rtl/VIT_NPU_FINAL_ARCHITECTURE.svg: OK
docs/rtl/VIT_NPU_TOP_DOWN_REFERENCE.md: OK
filelists/README.md: OK
filelists/core_no_axi.f: OK
filelists/full_axi.f: OK
filelists/layer_param_table_loader_iverilog.f: OK
filelists/m7/m7_leaf_ooc.f: OK
filelists/p4_control_iverilog.f: OK
filelists/vit_gelu_synth.f: OK
filelists/vit_gemm_fp16_stream_array_iverilog.f: OK
filelists/vit_gemm_m7_dual_mode_iverilog.f: OK
filelists/vit_layernorm_synth.f: OK
filelists/vit_phase_e_axi_mem_adapter_iverilog.f: OK
filelists/vit_phase_e_axi_wrapper_iverilog.f: OK
filelists/vit_phase_e_axi_wrapper_synth.f: OK
filelists/vit_phase_e_control_synth.f: OK
filelists/vit_phase_e_engine_axi_iverilog.f: OK
filelists/vit_phase_e_engine_integration.f: OK
filelists/vit_phase_e_engine_memory_iverilog.f: OK
filelists/vit_phase_e_perf_counters_iverilog.f: OK
filelists/vit_phase_e_profile_counters_iverilog.f: OK
filelists/vit_softmax_synth.f: OK
import_vit_system_bd.tcl: OK
reports/m8/checkpoints/20260808T182708Z-m8_simulation_qualification/README.md: OK
reports/m8/checkpoints/20260808T182708Z-m8_simulation_qualification/RECEIPT_MANIFEST.sha256: OK
reports/m8/checkpoints/20260808T182708Z-m8_simulation_qualification/SHA256SUMS.txt: OK
reports/m8/checkpoints/20260808T182708Z-m8_simulation_qualification/SOURCE_SNAPSHOT.tar.gz: OK
reports/m8/checkpoints/20260808T182708Z-m8_simulation_qualification/STATUS.json: OK
reports/m8/server_runs/20260808T161943Z-m8-softmax-ooc-ab-holdfix/HASH_VERIFY.log: OK
reports/m8/server_runs/20260808T161943Z-m8-softmax-ooc-ab-holdfix/LOCAL_INITIAL_FAILURE_SHA256SUMS.txt: OK
reports/m8/server_runs/20260808T161943Z-m8-softmax-ooc-ab-holdfix/LOCAL_RUN_SHA256SUMS.txt: OK
reports/m8/server_runs/20260808T161943Z-m8-softmax-ooc-ab-holdfix/README.md: OK
reports/m8/server_runs/20260808T161943Z-m8-softmax-ooc-ab-holdfix/RECEIPT_MANIFEST.sha256: OK
reports/m8/server_runs/20260808T161943Z-m8-softmax-ooc-ab-holdfix/RECEIPT_SHA256SUMS.txt: OK
reports/m8/server_runs/20260808T161943Z-m8-softmax-ooc-ab-holdfix/REMOTE_INITIAL_FAILURE_SHA256SUMS.txt: OK
reports/m8/server_runs/20260808T161943Z-m8-softmax-ooc-ab-holdfix/REMOTE_ORIGIN.txt: OK
reports/m8/server_runs/20260808T161943Z-m8-softmax-ooc-ab-holdfix/REMOTE_QUIESCENCE.txt: OK
reports/m8/server_runs/20260808T161943Z-m8-softmax-ooc-ab-holdfix/REMOTE_RUN_SHA256SUMS.txt: OK
reports/m8/server_runs/20260808T161943Z-m8-softmax-ooc-ab-holdfix/SOURCE_IDENTITY_VERIFY.log: OK
reports/m8/server_runs/20260808T161943Z-m8-softmax-ooc-ab-holdfix/STATUS.json: OK
reports/m8/server_runs/20260808T161943Z-m8-softmax-ooc-ab-holdfix/VERIFICATION_RESULT.txt: OK
reports/m8/server_runs/20260808T161943Z-m8-softmax-ooc-ab-holdfix/VERIFY_RECEIPT.sh: OK
reports/m8/server_runs/20260808T161943Z-m8-softmax-ooc-ab-holdfix/initial_parent_hold_failure/FAILURE_PAYLOAD_SHA256SUMS.txt: OK
reports/m8/server_runs/20260808T161943Z-m8-softmax-ooc-ab-holdfix/initial_parent_hold_failure/INPUT_PATHS.txt: OK
reports/m8/server_runs/20260808T161943Z-m8-softmax-ooc-ab-holdfix/initial_parent_hold_failure/INPUT_SHA256SUMS.txt: OK
reports/m8/server_runs/20260808T161943Z-m8-softmax-ooc-ab-holdfix/initial_parent_hold_failure/REMOTE_RUNNER.log: OK
reports/m8/server_runs/20260808T161943Z-m8-softmax-ooc-ab-holdfix/initial_parent_hold_failure/RUN_LAUNCH.txt: OK
reports/m8/server_runs/20260808T161943Z-m8-softmax-ooc-ab-holdfix/initial_parent_hold_failure/input_snapshot/PARENT_M7S8_PROVENANCE.txt: OK
reports/m8/server_runs/20260808T161943Z-m8-softmax-ooc-ab-holdfix/initial_parent_hold_failure/input_snapshot/rtl/blocks/softmax/vit_softmax_engine_fp32.sv: OK
reports/m8/server_runs/20260808T161943Z-m8-softmax-ooc-ab-holdfix/initial_parent_hold_failure/input_snapshot/rtl/leaf/common/vit_u32_mul_iterative_nodsp.sv: OK
reports/m8/server_runs/20260808T161943Z-m8-softmax-ooc-ab-holdfix/initial_parent_hold_failure/input_snapshot/rtl/leaf/fp32/vit_fp32_add_comb.sv: OK
reports/m8/server_runs/20260808T161943Z-m8-softmax-ooc-ab-holdfix/initial_parent_hold_failure/input_snapshot/rtl/leaf/fp32/vit_fp32_compare.sv: OK
reports/m8/server_runs/20260808T161943Z-m8-softmax-ooc-ab-holdfix/initial_parent_hold_failure/input_snapshot/rtl/leaf/fp32/vit_fp32_from_u32_comb.sv: OK
reports/m8/server_runs/20260808T161943Z-m8-softmax-ooc-ab-holdfix/initial_parent_hold_failure/input_snapshot/rtl/leaf/fp32/vit_fp32_mul_comb_nodsp.sv: OK
reports/m8/server_runs/20260808T161943Z-m8-softmax-ooc-ab-holdfix/initial_parent_hold_failure/input_snapshot/rtl/leaf/fp32/vit_fp32_scale_pow2_down_comb.sv: OK
reports/m8/server_runs/20260808T161943Z-m8-softmax-ooc-ab-holdfix/initial_parent_hold_failure/input_snapshot/rtl/leaf/fp32/vit_fp32_to_u32_floor_comb.sv: OK
reports/m8/server_runs/20260808T161943Z-m8-softmax-ooc-ab-holdfix/initial_parent_hold_failure/input_snapshot/rtl/pkg/vit_fp32_pkg.sv: OK
reports/m8/server_runs/20260808T161943Z-m8-softmax-ooc-ab-holdfix/initial_parent_hold_failure/input_snapshot/sim/m8/reference/vit_softmax_engine_fp32_parent_v1_12.sv: OK
reports/m8/server_runs/20260808T161943Z-m8-softmax-ooc-ab-holdfix/initial_parent_hold_failure/input_snapshot/sim/m8/run_softmax_ooc_ab.sh: OK
reports/m8/server_runs/20260808T161943Z-m8-softmax-ooc-ab-holdfix/initial_parent_hold_failure/input_snapshot/sim/softmax/run_softmax_buffer_ooc.tcl: OK
reports/m8/server_runs/20260808T161943Z-m8-softmax-ooc-ab-holdfix/initial_parent_hold_failure/parent.console.log: OK
reports/m8/server_runs/20260808T161943Z-m8-softmax-ooc-ab-holdfix/initial_parent_hold_failure/parent/artifacts/post_synth.dcp: OK
reports/m8/server_runs/20260808T161943Z-m8-softmax-ooc-ab-holdfix/initial_parent_hold_failure/parent/reports/post_route_loops.rpt: OK
reports/m8/server_runs/20260808T161943Z-m8-softmax-ooc-ab-holdfix/initial_parent_hold_failure/parent/reports/post_route_status.rpt: OK
reports/m8/server_runs/20260808T161943Z-m8-softmax-ooc-ab-holdfix/initial_parent_hold_failure/parent/reports/post_route_structure.rpt: OK
reports/m8/server_runs/20260808T161943Z-m8-softmax-ooc-ab-holdfix/initial_parent_hold_failure/parent/reports/post_route_timing_gate.rpt: OK
reports/m8/server_runs/20260808T161943Z-m8-softmax-ooc-ab-holdfix/initial_parent_hold_failure/parent/reports/post_route_timing_summary.rpt: OK
reports/m8/server_runs/20260808T161943Z-m8-softmax-ooc-ab-holdfix/initial_parent_hold_failure/parent/reports/post_route_utilization.rpt: OK
reports/m8/server_runs/20260808T161943Z-m8-softmax-ooc-ab-holdfix/initial_parent_hold_failure/parent/reports/post_synth_loops.rpt: OK
reports/m8/server_runs/20260808T161943Z-m8-softmax-ooc-ab-holdfix/initial_parent_hold_failure/parent/reports/post_synth_structure.rpt: OK
reports/m8/server_runs/20260808T161943Z-m8-softmax-ooc-ab-holdfix/initial_parent_hold_failure/parent/reports/post_synth_timing_summary.rpt: OK
reports/m8/server_runs/20260808T161943Z-m8-softmax-ooc-ab-holdfix/initial_parent_hold_failure/parent/reports/post_synth_utilization.rpt: OK
reports/m8/server_runs/20260808T161943Z-m8-softmax-ooc-ab-holdfix/initial_parent_hold_failure/parent/source.sha256: OK
reports/m8/server_runs/20260808T161943Z-m8-softmax-ooc-ab-holdfix/input_snapshot/PARENT_M7S8_PROVENANCE.txt: OK
reports/m8/server_runs/20260808T161943Z-m8-softmax-ooc-ab-holdfix/input_snapshot/rtl/blocks/softmax/vit_softmax_engine_fp32.sv: OK
reports/m8/server_runs/20260808T161943Z-m8-softmax-ooc-ab-holdfix/input_snapshot/rtl/leaf/common/vit_u32_mul_iterative_nodsp.sv: OK
reports/m8/server_runs/20260808T161943Z-m8-softmax-ooc-ab-holdfix/input_snapshot/rtl/leaf/fp32/vit_fp32_add_comb.sv: OK
reports/m8/server_runs/20260808T161943Z-m8-softmax-ooc-ab-holdfix/input_snapshot/rtl/leaf/fp32/vit_fp32_compare.sv: OK
reports/m8/server_runs/20260808T161943Z-m8-softmax-ooc-ab-holdfix/input_snapshot/rtl/leaf/fp32/vit_fp32_from_u32_comb.sv: OK
reports/m8/server_runs/20260808T161943Z-m8-softmax-ooc-ab-holdfix/input_snapshot/rtl/leaf/fp32/vit_fp32_mul_comb_nodsp.sv: OK
reports/m8/server_runs/20260808T161943Z-m8-softmax-ooc-ab-holdfix/input_snapshot/rtl/leaf/fp32/vit_fp32_scale_pow2_down_comb.sv: OK
reports/m8/server_runs/20260808T161943Z-m8-softmax-ooc-ab-holdfix/input_snapshot/rtl/leaf/fp32/vit_fp32_to_u32_floor_comb.sv: OK
reports/m8/server_runs/20260808T161943Z-m8-softmax-ooc-ab-holdfix/input_snapshot/rtl/pkg/vit_fp32_pkg.sv: OK
reports/m8/server_runs/20260808T161943Z-m8-softmax-ooc-ab-holdfix/input_snapshot/sim/m8/reference/vit_softmax_engine_fp32_parent_v1_12.sv: OK
reports/m8/server_runs/20260808T161943Z-m8-softmax-ooc-ab-holdfix/input_snapshot/sim/m8/run_softmax_ooc_ab.sh: OK
reports/m8/server_runs/20260808T161943Z-m8-softmax-ooc-ab-holdfix/input_snapshot/sim/softmax/run_softmax_buffer_ooc.tcl: OK
reports/m8/server_runs/20260808T161943Z-m8-softmax-ooc-ab-holdfix/remote_run/INPUT_SHA256SUMS.txt: OK
reports/m8/server_runs/20260808T161943Z-m8-softmax-ooc-ab-holdfix/remote_run/REMOTE_RUNNER.log: OK
reports/m8/server_runs/20260808T161943Z-m8-softmax-ooc-ab-holdfix/remote_run/RUN_LAUNCH.txt: OK
reports/m8/server_runs/20260808T161943Z-m8-softmax-ooc-ab-holdfix/remote_run/SHA256SUMS.txt: OK
reports/m8/server_runs/20260808T161943Z-m8-softmax-ooc-ab-holdfix/remote_run/candidate.console.log: OK
reports/m8/server_runs/20260808T161943Z-m8-softmax-ooc-ab-holdfix/remote_run/candidate/SUMMARY.txt: OK
reports/m8/server_runs/20260808T161943Z-m8-softmax-ooc-ab-holdfix/remote_run/candidate/artifacts/post_route.dcp: OK
reports/m8/server_runs/20260808T161943Z-m8-softmax-ooc-ab-holdfix/remote_run/candidate/artifacts/post_synth.dcp: OK
reports/m8/server_runs/20260808T161943Z-m8-softmax-ooc-ab-holdfix/remote_run/candidate/reports/post_route_drc.rpt: OK
reports/m8/server_runs/20260808T161943Z-m8-softmax-ooc-ab-holdfix/remote_run/candidate/reports/post_route_loops.rpt: OK
reports/m8/server_runs/20260808T161943Z-m8-softmax-ooc-ab-holdfix/remote_run/candidate/reports/post_route_methodology.rpt: OK
reports/m8/server_runs/20260808T161943Z-m8-softmax-ooc-ab-holdfix/remote_run/candidate/reports/post_route_status.rpt: OK
reports/m8/server_runs/20260808T161943Z-m8-softmax-ooc-ab-holdfix/remote_run/candidate/reports/post_route_structure.rpt: OK
reports/m8/server_runs/20260808T161943Z-m8-softmax-ooc-ab-holdfix/remote_run/candidate/reports/post_route_timing_gate.rpt: OK
reports/m8/server_runs/20260808T161943Z-m8-softmax-ooc-ab-holdfix/remote_run/candidate/reports/post_route_timing_summary.rpt: OK
reports/m8/server_runs/20260808T161943Z-m8-softmax-ooc-ab-holdfix/remote_run/candidate/reports/post_route_utilization.rpt: OK
reports/m8/server_runs/20260808T161943Z-m8-softmax-ooc-ab-holdfix/remote_run/candidate/reports/post_synth_loops.rpt: OK
reports/m8/server_runs/20260808T161943Z-m8-softmax-ooc-ab-holdfix/remote_run/candidate/reports/post_synth_structure.rpt: OK
reports/m8/server_runs/20260808T161943Z-m8-softmax-ooc-ab-holdfix/remote_run/candidate/reports/post_synth_timing_summary.rpt: OK
reports/m8/server_runs/20260808T161943Z-m8-softmax-ooc-ab-holdfix/remote_run/candidate/reports/post_synth_utilization.rpt: OK
reports/m8/server_runs/20260808T161943Z-m8-softmax-ooc-ab-holdfix/remote_run/candidate/source.sha256: OK
reports/m8/server_runs/20260808T161943Z-m8-softmax-ooc-ab-holdfix/remote_run/parent.console.log: OK
reports/m8/server_runs/20260808T161943Z-m8-softmax-ooc-ab-holdfix/remote_run/parent/SUMMARY.txt: OK
reports/m8/server_runs/20260808T161943Z-m8-softmax-ooc-ab-holdfix/remote_run/parent/artifacts/post_route.dcp: OK
reports/m8/server_runs/20260808T161943Z-m8-softmax-ooc-ab-holdfix/remote_run/parent/artifacts/post_synth.dcp: OK
reports/m8/server_runs/20260808T161943Z-m8-softmax-ooc-ab-holdfix/remote_run/parent/reports/post_route_drc.rpt: OK
reports/m8/server_runs/20260808T161943Z-m8-softmax-ooc-ab-holdfix/remote_run/parent/reports/post_route_loops.rpt: OK
reports/m8/server_runs/20260808T161943Z-m8-softmax-ooc-ab-holdfix/remote_run/parent/reports/post_route_methodology.rpt: OK
reports/m8/server_runs/20260808T161943Z-m8-softmax-ooc-ab-holdfix/remote_run/parent/reports/post_route_status.rpt: OK
reports/m8/server_runs/20260808T161943Z-m8-softmax-ooc-ab-holdfix/remote_run/parent/reports/post_route_structure.rpt: OK
reports/m8/server_runs/20260808T161943Z-m8-softmax-ooc-ab-holdfix/remote_run/parent/reports/post_route_timing_gate.rpt: OK
reports/m8/server_runs/20260808T161943Z-m8-softmax-ooc-ab-holdfix/remote_run/parent/reports/post_route_timing_summary.rpt: OK
reports/m8/server_runs/20260808T161943Z-m8-softmax-ooc-ab-holdfix/remote_run/parent/reports/post_route_utilization.rpt: OK
reports/m8/server_runs/20260808T161943Z-m8-softmax-ooc-ab-holdfix/remote_run/parent/reports/post_synth_loops.rpt: OK
reports/m8/server_runs/20260808T161943Z-m8-softmax-ooc-ab-holdfix/remote_run/parent/reports/post_synth_structure.rpt: OK
reports/m8/server_runs/20260808T161943Z-m8-softmax-ooc-ab-holdfix/remote_run/parent/reports/post_synth_timing_summary.rpt: OK
reports/m8/server_runs/20260808T161943Z-m8-softmax-ooc-ab-holdfix/remote_run/parent/reports/post_synth_utilization.rpt: OK
reports/m8/server_runs/20260808T161943Z-m8-softmax-ooc-ab-holdfix/remote_run/parent/source.sha256: OK
reports/m8/server_runs/20260808T164100Z-m8-layernorm-ooc-ab-generate-fix/CAPTURE_VERIFICATION.txt: OK
reports/m8/server_runs/20260808T164100Z-m8-layernorm-ooc-ab-generate-fix/LOCAL_INITIAL_RUN_SHA256SUMS.txt: OK
reports/m8/server_runs/20260808T164100Z-m8-layernorm-ooc-ab-generate-fix/LOCAL_PASS_RUN_SHA256SUMS.txt: OK
reports/m8/server_runs/20260808T164100Z-m8-layernorm-ooc-ab-generate-fix/README.md: OK
reports/m8/server_runs/20260808T164100Z-m8-layernorm-ooc-ab-generate-fix/RECEIPT_MANIFEST.sha256: OK
reports/m8/server_runs/20260808T164100Z-m8-layernorm-ooc-ab-generate-fix/RECEIPT_SHA256SUMS.txt: OK
reports/m8/server_runs/20260808T164100Z-m8-layernorm-ooc-ab-generate-fix/REMOTE_INITIAL_RUN_SHA256SUMS.after.txt: OK
reports/m8/server_runs/20260808T164100Z-m8-layernorm-ooc-ab-generate-fix/REMOTE_INITIAL_RUN_SHA256SUMS.before.txt: OK
reports/m8/server_runs/20260808T164100Z-m8-layernorm-ooc-ab-generate-fix/REMOTE_ORIGIN.txt: OK
reports/m8/server_runs/20260808T164100Z-m8-layernorm-ooc-ab-generate-fix/REMOTE_PASS_RUN_SHA256SUMS.after.txt: OK
reports/m8/server_runs/20260808T164100Z-m8-layernorm-ooc-ab-generate-fix/REMOTE_PASS_RUN_SHA256SUMS.before.txt: OK
reports/m8/server_runs/20260808T164100Z-m8-layernorm-ooc-ab-generate-fix/REMOTE_QUIESCENCE.txt: OK
reports/m8/server_runs/20260808T164100Z-m8-layernorm-ooc-ab-generate-fix/SOURCE_IDENTITY.txt: OK
reports/m8/server_runs/20260808T164100Z-m8-layernorm-ooc-ab-generate-fix/STATUS.json: OK
reports/m8/server_runs/20260808T164100Z-m8-layernorm-ooc-ab-generate-fix/VERIFY_RECEIPT.sh: OK
reports/m8/server_runs/20260808T164100Z-m8-layernorm-ooc-ab-generate-fix/corrected_full_pass/input_snapshot/INPUT_SHA256SUMS.txt: OK
reports/m8/server_runs/20260808T164100Z-m8-layernorm-ooc-ab-generate-fix/corrected_full_pass/input_snapshot/PARENT_M7S8_PROVENANCE.txt: OK
reports/m8/server_runs/20260808T164100Z-m8-layernorm-ooc-ab-generate-fix/corrected_full_pass/input_snapshot/rtl/blocks/layernorm/vit_layernorm_engine_fp32.sv: OK
reports/m8/server_runs/20260808T164100Z-m8-layernorm-ooc-ab-generate-fix/corrected_full_pass/input_snapshot/rtl/leaf/common/vit_u32_mul_iterative_nodsp.sv: OK
reports/m8/server_runs/20260808T164100Z-m8-layernorm-ooc-ab-generate-fix/corrected_full_pass/input_snapshot/rtl/leaf/fp32/vit_fp32_add_comb.sv: OK
reports/m8/server_runs/20260808T164100Z-m8-layernorm-ooc-ab-generate-fix/corrected_full_pass/input_snapshot/rtl/leaf/fp32/vit_fp32_mul_comb_nodsp.sv: OK
reports/m8/server_runs/20260808T164100Z-m8-layernorm-ooc-ab-generate-fix/corrected_full_pass/input_snapshot/rtl/leaf/fp32/vit_fp32_recip_u32_serial.sv: OK
reports/m8/server_runs/20260808T164100Z-m8-layernorm-ooc-ab-generate-fix/corrected_full_pass/input_snapshot/sim/layernorm/run_m8_layernorm_buffer_ooc.tcl: OK
reports/m8/server_runs/20260808T164100Z-m8-layernorm-ooc-ab-generate-fix/corrected_full_pass/input_snapshot/sim/m8/run_layernorm_ooc_ab.sh: OK
reports/m8/server_runs/20260808T164100Z-m8-layernorm-ooc-ab-generate-fix/corrected_full_pass/remote_run/INPUT_SHA256SUMS.txt: OK
reports/m8/server_runs/20260808T164100Z-m8-layernorm-ooc-ab-generate-fix/corrected_full_pass/remote_run/INPUT_SHA256SUMS_AFTER.txt: OK
reports/m8/server_runs/20260808T164100Z-m8-layernorm-ooc-ab-generate-fix/corrected_full_pass/remote_run/OUTPUT_SHA256SUMS.txt: OK
reports/m8/server_runs/20260808T164100Z-m8-layernorm-ooc-ab-generate-fix/corrected_full_pass/remote_run/REMOTE_RUNNER.log: OK
reports/m8/server_runs/20260808T164100Z-m8-layernorm-ooc-ab-generate-fix/corrected_full_pass/remote_run/RUNNER_PID.txt: OK
reports/m8/server_runs/20260808T164100Z-m8-layernorm-ooc-ab-generate-fix/corrected_full_pass/remote_run/candidate.console.log: OK
reports/m8/server_runs/20260808T164100Z-m8-layernorm-ooc-ab-generate-fix/corrected_full_pass/remote_run/candidate/SUMMARY.txt: OK
reports/m8/server_runs/20260808T164100Z-m8-layernorm-ooc-ab-generate-fix/corrected_full_pass/remote_run/candidate/artifacts/post_route.dcp: OK
reports/m8/server_runs/20260808T164100Z-m8-layernorm-ooc-ab-generate-fix/corrected_full_pass/remote_run/candidate/artifacts/post_synth.dcp: OK
reports/m8/server_runs/20260808T164100Z-m8-layernorm-ooc-ab-generate-fix/corrected_full_pass/remote_run/candidate/reports/post_route_drc.rpt: OK
reports/m8/server_runs/20260808T164100Z-m8-layernorm-ooc-ab-generate-fix/corrected_full_pass/remote_run/candidate/reports/post_route_loops.rpt: OK
reports/m8/server_runs/20260808T164100Z-m8-layernorm-ooc-ab-generate-fix/corrected_full_pass/remote_run/candidate/reports/post_route_methodology.rpt: OK
reports/m8/server_runs/20260808T164100Z-m8-layernorm-ooc-ab-generate-fix/corrected_full_pass/remote_run/candidate/reports/post_route_status.rpt: OK
reports/m8/server_runs/20260808T164100Z-m8-layernorm-ooc-ab-generate-fix/corrected_full_pass/remote_run/candidate/reports/post_route_structure.txt: OK
reports/m8/server_runs/20260808T164100Z-m8-layernorm-ooc-ab-generate-fix/corrected_full_pass/remote_run/candidate/reports/post_route_timing_summary.rpt: OK
reports/m8/server_runs/20260808T164100Z-m8-layernorm-ooc-ab-generate-fix/corrected_full_pass/remote_run/candidate/reports/post_route_utilization.rpt: OK
reports/m8/server_runs/20260808T164100Z-m8-layernorm-ooc-ab-generate-fix/corrected_full_pass/remote_run/candidate/reports/post_synth_loops.rpt: OK
reports/m8/server_runs/20260808T164100Z-m8-layernorm-ooc-ab-generate-fix/corrected_full_pass/remote_run/candidate/reports/post_synth_structure.txt: OK
reports/m8/server_runs/20260808T164100Z-m8-layernorm-ooc-ab-generate-fix/corrected_full_pass/remote_run/candidate/reports/post_synth_timing_summary.rpt: OK
reports/m8/server_runs/20260808T164100Z-m8-layernorm-ooc-ab-generate-fix/corrected_full_pass/remote_run/candidate/reports/post_synth_utilization.rpt: OK
reports/m8/server_runs/20260808T164100Z-m8-layernorm-ooc-ab-generate-fix/corrected_full_pass/remote_run/disabled.console.log: OK
reports/m8/server_runs/20260808T164100Z-m8-layernorm-ooc-ab-generate-fix/corrected_full_pass/remote_run/disabled/SUMMARY.txt: OK
reports/m8/server_runs/20260808T164100Z-m8-layernorm-ooc-ab-generate-fix/corrected_full_pass/remote_run/disabled/artifacts/post_route.dcp: OK
reports/m8/server_runs/20260808T164100Z-m8-layernorm-ooc-ab-generate-fix/corrected_full_pass/remote_run/disabled/artifacts/post_synth.dcp: OK
reports/m8/server_runs/20260808T164100Z-m8-layernorm-ooc-ab-generate-fix/corrected_full_pass/remote_run/disabled/reports/post_route_drc.rpt: OK
reports/m8/server_runs/20260808T164100Z-m8-layernorm-ooc-ab-generate-fix/corrected_full_pass/remote_run/disabled/reports/post_route_loops.rpt: OK
reports/m8/server_runs/20260808T164100Z-m8-layernorm-ooc-ab-generate-fix/corrected_full_pass/remote_run/disabled/reports/post_route_methodology.rpt: OK
reports/m8/server_runs/20260808T164100Z-m8-layernorm-ooc-ab-generate-fix/corrected_full_pass/remote_run/disabled/reports/post_route_status.rpt: OK
reports/m8/server_runs/20260808T164100Z-m8-layernorm-ooc-ab-generate-fix/corrected_full_pass/remote_run/disabled/reports/post_route_structure.txt: OK
reports/m8/server_runs/20260808T164100Z-m8-layernorm-ooc-ab-generate-fix/corrected_full_pass/remote_run/disabled/reports/post_route_timing_summary.rpt: OK
reports/m8/server_runs/20260808T164100Z-m8-layernorm-ooc-ab-generate-fix/corrected_full_pass/remote_run/disabled/reports/post_route_utilization.rpt: OK
reports/m8/server_runs/20260808T164100Z-m8-layernorm-ooc-ab-generate-fix/corrected_full_pass/remote_run/disabled/reports/post_synth_loops.rpt: OK
reports/m8/server_runs/20260808T164100Z-m8-layernorm-ooc-ab-generate-fix/corrected_full_pass/remote_run/disabled/reports/post_synth_structure.txt: OK
reports/m8/server_runs/20260808T164100Z-m8-layernorm-ooc-ab-generate-fix/corrected_full_pass/remote_run/disabled/reports/post_synth_timing_summary.rpt: OK
reports/m8/server_runs/20260808T164100Z-m8-layernorm-ooc-ab-generate-fix/corrected_full_pass/remote_run/disabled/reports/post_synth_utilization.rpt: OK
reports/m8/server_runs/20260808T164100Z-m8-layernorm-ooc-ab-generate-fix/initial_disabled_ram_failure/input_snapshot/INPUT_SHA256SUMS.txt: OK
reports/m8/server_runs/20260808T164100Z-m8-layernorm-ooc-ab-generate-fix/initial_disabled_ram_failure/input_snapshot/PARENT_M7S8_PROVENANCE.txt: OK
reports/m8/server_runs/20260808T164100Z-m8-layernorm-ooc-ab-generate-fix/initial_disabled_ram_failure/input_snapshot/rtl/blocks/layernorm/vit_layernorm_engine_fp32.sv: OK
reports/m8/server_runs/20260808T164100Z-m8-layernorm-ooc-ab-generate-fix/initial_disabled_ram_failure/input_snapshot/rtl/leaf/common/vit_u32_mul_iterative_nodsp.sv: OK
reports/m8/server_runs/20260808T164100Z-m8-layernorm-ooc-ab-generate-fix/initial_disabled_ram_failure/input_snapshot/rtl/leaf/fp32/vit_fp32_add_comb.sv: OK
reports/m8/server_runs/20260808T164100Z-m8-layernorm-ooc-ab-generate-fix/initial_disabled_ram_failure/input_snapshot/rtl/leaf/fp32/vit_fp32_mul_comb_nodsp.sv: OK
reports/m8/server_runs/20260808T164100Z-m8-layernorm-ooc-ab-generate-fix/initial_disabled_ram_failure/input_snapshot/rtl/leaf/fp32/vit_fp32_recip_u32_serial.sv: OK
reports/m8/server_runs/20260808T164100Z-m8-layernorm-ooc-ab-generate-fix/initial_disabled_ram_failure/input_snapshot/sim/layernorm/run_m8_layernorm_buffer_ooc.tcl: OK
reports/m8/server_runs/20260808T164100Z-m8-layernorm-ooc-ab-generate-fix/initial_disabled_ram_failure/input_snapshot/sim/m8/run_layernorm_ooc_ab.sh: OK
reports/m8/server_runs/20260808T164100Z-m8-layernorm-ooc-ab-generate-fix/initial_disabled_ram_failure/remote_run/INPUT_SHA256SUMS.txt: OK
reports/m8/server_runs/20260808T164100Z-m8-layernorm-ooc-ab-generate-fix/initial_disabled_ram_failure/remote_run/REMOTE_RUNNER.log: OK
reports/m8/server_runs/20260808T164100Z-m8-layernorm-ooc-ab-generate-fix/initial_disabled_ram_failure/remote_run/RUNNER_PID.txt: OK
reports/m8/server_runs/20260808T164100Z-m8-layernorm-ooc-ab-generate-fix/initial_disabled_ram_failure/remote_run/disabled.console.log: OK
reports/m8/server_runs/20260808T164100Z-m8-layernorm-ooc-ab-generate-fix/local_final_source/rtl/blocks/layernorm/vit_layernorm_engine_fp32.sv: OK
reports/m8/server_runs/20260808T171800Z-m8-xsim-exact-10of10-receipt/COMPACT_MODE3_METRIC_FIRST.txt: OK
reports/m8/server_runs/20260808T171800Z-m8-xsim-exact-10of10-receipt/COMPACT_MODE3_METRIC_REPEAT.txt: OK
reports/m8/server_runs/20260808T171800Z-m8-xsim-exact-10of10-receipt/EXPECTED_HARNESS_FAILURES.txt: OK
reports/m8/server_runs/20260808T171800Z-m8-xsim-exact-10of10-receipt/INPUT_PATHS.txt: OK
reports/m8/server_runs/20260808T171800Z-m8-xsim-exact-10of10-receipt/INPUT_SNAPSHOT_SHA256SUMS.txt: OK
reports/m8/server_runs/20260808T171800Z-m8-xsim-exact-10of10-receipt/PASS_SIGNATURES_FIRST.txt: OK
reports/m8/server_runs/20260808T171800Z-m8-xsim-exact-10of10-receipt/PASS_SIGNATURES_REPEAT.txt: OK
reports/m8/server_runs/20260808T171800Z-m8-xsim-exact-10of10-receipt/PRODUCTION_SOURCE_PATHS.txt: OK
reports/m8/server_runs/20260808T171800Z-m8-xsim-exact-10of10-receipt/PRODUCTION_SOURCE_STATE.txt: OK
reports/m8/server_runs/20260808T171800Z-m8-xsim-exact-10of10-receipt/RAW_REMOTE_RUNS_SHA256SUMS.txt: OK
reports/m8/server_runs/20260808T171800Z-m8-xsim-exact-10of10-receipt/README.md: OK
reports/m8/server_runs/20260808T171800Z-m8-xsim-exact-10of10-receipt/RECEIPT_SHA256SUMS.txt: OK
reports/m8/server_runs/20260808T171800Z-m8-xsim-exact-10of10-receipt/TOOL_IDENTITY.txt: OK
reports/m8/server_runs/20260808T171800Z-m8-xsim-exact-10of10-receipt/TRANSFER_VERIFICATION.txt: OK
reports/m8/server_runs/20260808T171800Z-m8-xsim-exact-10of10-receipt/XSIM_INPUT_IDENTITY.txt: OK
reports/m8/server_runs/20260808T171800Z-m8-xsim-exact-10of10-receipt/input_snapshot/filelists/full_axi.f: OK
reports/m8/server_runs/20260808T171800Z-m8-xsim-exact-10of10-receipt/input_snapshot/rtl/axi/control/vit_axi_lite_control_regs.sv: OK
reports/m8/server_runs/20260808T171800Z-m8-xsim-exact-10of10-receipt/input_snapshot/rtl/axi/control/vit_layer_param_loader.sv: OK
reports/m8/server_runs/20260808T171800Z-m8-xsim-exact-10of10-receipt/input_snapshot/rtl/axi/control/vit_layer_param_table.sv: OK
reports/m8/server_runs/20260808T171800Z-m8-xsim-exact-10of10-receipt/input_snapshot/rtl/axi/control/vit_phase_e_m5_axi_counters.sv: OK
reports/m8/server_runs/20260808T171800Z-m8-xsim-exact-10of10-receipt/input_snapshot/rtl/axi/control/vit_phase_e_m7_overlap_counters.sv: OK
reports/m8/server_runs/20260808T171800Z-m8-xsim-exact-10of10-receipt/input_snapshot/rtl/axi/control/vit_phase_e_perf_counters.sv: OK
reports/m8/server_runs/20260808T171800Z-m8-xsim-exact-10of10-receipt/input_snapshot/rtl/axi/control/vit_phase_e_profile_counters.sv: OK
reports/m8/server_runs/20260808T171800Z-m8-xsim-exact-10of10-receipt/input_snapshot/rtl/axi/memory/vit_phase_e_axi_mem_adapter.sv: OK
reports/m8/server_runs/20260808T171800Z-m8-xsim-exact-10of10-receipt/input_snapshot/rtl/axi/vit_phase_e_axi_wrapper.sv: OK
reports/m8/server_runs/20260808T171800Z-m8-xsim-exact-10of10-receipt/input_snapshot/rtl/blocks/argmax/vit_argmax_engine_fp32.sv: OK
reports/m8/server_runs/20260808T171800Z-m8-xsim-exact-10of10-receipt/input_snapshot/rtl/blocks/gelu/vit_fp32_gelu_serial.sv: OK
reports/m8/server_runs/20260808T171800Z-m8-xsim-exact-10of10-receipt/input_snapshot/rtl/blocks/gelu/vit_gelu_engine_fp32.sv: OK
reports/m8/server_runs/20260808T171800Z-m8-xsim-exact-10of10-receipt/input_snapshot/rtl/blocks/gelu/vit_gelu_lane_datapath.sv: OK
reports/m8/server_runs/20260808T171800Z-m8-xsim-exact-10of10-receipt/input_snapshot/rtl/blocks/gemm/vit_fp32_reduce16.sv: OK
reports/m8/server_runs/20260808T171800Z-m8-xsim-exact-10of10-receipt/input_snapshot/rtl/blocks/gemm/vit_gemm_accumulator.sv: OK
reports/m8/server_runs/20260808T171800Z-m8-xsim-exact-10of10-receipt/input_snapshot/rtl/blocks/gemm/vit_gemm_accumulator_bank.sv: OK
reports/m8/server_runs/20260808T171800Z-m8-xsim-exact-10of10-receipt/input_snapshot/rtl/blocks/gemm/vit_gemm_activation_panel_cache.sv: OK
reports/m8/server_runs/20260808T171800Z-m8-xsim-exact-10of10-receipt/input_snapshot/rtl/blocks/gemm/vit_gemm_bias_cache.sv: OK
reports/m8/server_runs/20260808T171800Z-m8-xsim-exact-10of10-receipt/input_snapshot/rtl/blocks/gemm/vit_gemm_controller.sv: OK
reports/m8/server_runs/20260808T171800Z-m8-xsim-exact-10of10-receipt/input_snapshot/rtl/blocks/gemm/vit_gemm_dot16.sv: OK
reports/m8/server_runs/20260808T171800Z-m8-xsim-exact-10of10-receipt/input_snapshot/rtl/blocks/gemm/vit_gemm_dot16_serial.sv: OK
reports/m8/server_runs/20260808T171800Z-m8-xsim-exact-10of10-receipt/input_snapshot/rtl/blocks/gemm/vit_gemm_dual_mode_array.sv: OK
reports/m8/server_runs/20260808T171800Z-m8-xsim-exact-10of10-receipt/input_snapshot/rtl/blocks/gemm/vit_gemm_fp16_parallel_scheduler.sv: OK
reports/m8/server_runs/20260808T171800Z-m8-xsim-exact-10of10-receipt/input_snapshot/rtl/blocks/gemm/vit_gemm_fp16_stream_array.sv: OK
reports/m8/server_runs/20260808T171800Z-m8-xsim-exact-10of10-receipt/input_snapshot/rtl/blocks/gemm/vit_gemm_operand_router.sv: OK
reports/m8/server_runs/20260808T171800Z-m8-xsim-exact-10of10-receipt/input_snapshot/rtl/blocks/gemm/vit_gemm_pe.sv: OK
reports/m8/server_runs/20260808T171800Z-m8-xsim-exact-10of10-receipt/input_snapshot/rtl/blocks/gemm/vit_gemm_pe_array.sv: OK
reports/m8/server_runs/20260808T171800Z-m8-xsim-exact-10of10-receipt/input_snapshot/rtl/blocks/gemm/vit_gemm_result_fifo.sv: OK
reports/m8/server_runs/20260808T171800Z-m8-xsim-exact-10of10-receipt/input_snapshot/rtl/blocks/gemm/vit_gemm_result_path.sv: OK
reports/m8/server_runs/20260808T171800Z-m8-xsim-exact-10of10-receipt/input_snapshot/rtl/blocks/gemm/vit_gemm_tree_array.sv: OK
reports/m8/server_runs/20260808T171800Z-m8-xsim-exact-10of10-receipt/input_snapshot/rtl/blocks/gemm/vit_tree_pe_fp32.sv: OK
reports/m8/server_runs/20260808T171800Z-m8-xsim-exact-10of10-receipt/input_snapshot/rtl/blocks/layernorm/vit_layernorm_affine_datapath.sv: OK
reports/m8/server_runs/20260808T171800Z-m8-xsim-exact-10of10-receipt/input_snapshot/rtl/blocks/layernorm/vit_layernorm_engine_fp32.sv: OK
reports/m8/server_runs/20260808T171800Z-m8-xsim-exact-10of10-receipt/input_snapshot/rtl/blocks/layernorm/vit_layernorm_statistics_datapath.sv: OK
reports/m8/server_runs/20260808T171800Z-m8-xsim-exact-10of10-receipt/input_snapshot/rtl/blocks/layout/vit_layout_address_generator.sv: OK
reports/m8/server_runs/20260808T171800Z-m8-xsim-exact-10of10-receipt/input_snapshot/rtl/blocks/layout/vit_layout_descriptor_validator.sv: OK
reports/m8/server_runs/20260808T171800Z-m8-xsim-exact-10of10-receipt/input_snapshot/rtl/blocks/layout/vit_layout_engine.sv: OK
reports/m8/server_runs/20260808T171800Z-m8-xsim-exact-10of10-receipt/input_snapshot/rtl/blocks/softmax/vit_softmax_engine_fp32.sv: OK
reports/m8/server_runs/20260808T171800Z-m8-xsim-exact-10of10-receipt/input_snapshot/rtl/blocks/softmax/vit_softmax_exp_datapath.sv: OK
reports/m8/server_runs/20260808T171800Z-m8-xsim-exact-10of10-receipt/input_snapshot/rtl/blocks/softmax/vit_softmax_reciprocal_step.sv: OK
reports/m8/server_runs/20260808T171800Z-m8-xsim-exact-10of10-receipt/input_snapshot/rtl/blocks/vector/vit_vector_datapath.sv: OK
reports/m8/server_runs/20260808T171800Z-m8-xsim-exact-10of10-receipt/input_snapshot/rtl/blocks/vector/vit_vector_engine_fp32.sv: OK
reports/m8/server_runs/20260808T171800Z-m8-xsim-exact-10of10-receipt/input_snapshot/rtl/blocks/vector/vit_vector_lane_alu.sv: OK
reports/m8/server_runs/20260808T171800Z-m8-xsim-exact-10of10-receipt/input_snapshot/rtl/control/vit_phase_e_sequencer.sv: OK
reports/m8/server_runs/20260808T171800Z-m8-xsim-exact-10of10-receipt/input_snapshot/rtl/core/vit_gemm_memory_address_context.sv: OK
reports/m8/server_runs/20260808T171800Z-m8-xsim-exact-10of10-receipt/input_snapshot/rtl/core/vit_phase_e_command_controller.sv: OK
reports/m8/server_runs/20260808T171800Z-m8-xsim-exact-10of10-receipt/input_snapshot/rtl/core/vit_phase_e_engine_dispatch.sv: OK
reports/m8/server_runs/20260808T171800Z-m8-xsim-exact-10of10-receipt/input_snapshot/rtl/core/vit_phase_e_engine_top.sv: OK
reports/m8/server_runs/20260808T171800Z-m8-xsim-exact-10of10-receipt/input_snapshot/rtl/core/vit_phase_e_memory_frontend.sv: OK
reports/m8/server_runs/20260808T171800Z-m8-xsim-exact-10of10-receipt/input_snapshot/rtl/core/vit_phase_e_npu.sv: OK
reports/m8/server_runs/20260808T171800Z-m8-xsim-exact-10of10-receipt/input_snapshot/rtl/core/vit_phase_e_read_address_router.sv: OK
reports/m8/server_runs/20260808T171800Z-m8-xsim-exact-10of10-receipt/input_snapshot/rtl/core/vit_phase_e_write_address_router.sv: OK
reports/m8/server_runs/20260808T171800Z-m8-xsim-exact-10of10-receipt/input_snapshot/rtl/leaf/common/vit_counter.sv: OK
reports/m8/server_runs/20260808T171800Z-m8-xsim-exact-10of10-receipt/input_snapshot/rtl/leaf/common/vit_lane_mask.sv: OK
reports/m8/server_runs/20260808T171800Z-m8-xsim-exact-10of10-receipt/input_snapshot/rtl/leaf/common/vit_stream_buffer.sv: OK
reports/m8/server_runs/20260808T171800Z-m8-xsim-exact-10of10-receipt/input_snapshot/rtl/leaf/common/vit_u32_mul_iterative_nodsp.sv: OK
reports/m8/server_runs/20260808T171800Z-m8-xsim-exact-10of10-receipt/input_snapshot/rtl/leaf/fp16/vit_fixed_analyze.sv: OK
reports/m8/server_runs/20260808T171800Z-m8-xsim-exact-10of10-receipt/input_snapshot/rtl/leaf/fp16/vit_fixed_normalized_to_fp32_rne.sv: OK
reports/m8/server_runs/20260808T171800Z-m8-xsim-exact-10of10-receipt/input_snapshot/rtl/leaf/fp16/vit_fixed_to_fp32_rne.sv: OK
reports/m8/server_runs/20260808T171800Z-m8-xsim-exact-10of10-receipt/input_snapshot/rtl/leaf/fp16/vit_fp16_dot_stream_csa_nodsp.sv: OK
reports/m8/server_runs/20260808T171800Z-m8-xsim-exact-10of10-receipt/input_snapshot/rtl/leaf/fp16/vit_fp16_mul_to_fp32_comb_nodsp.sv: OK
reports/m8/server_runs/20260808T171800Z-m8-xsim-exact-10of10-receipt/input_snapshot/rtl/leaf/fp16/vit_fp32_product_to_fixed_exact.sv: OK
reports/m8/server_runs/20260808T171800Z-m8-xsim-exact-10of10-receipt/input_snapshot/rtl/leaf/fp16/vit_fp32_to_fp16_rne_gradual.sv: OK
reports/m8/server_runs/20260808T171800Z-m8-xsim-exact-10of10-receipt/input_snapshot/rtl/leaf/fp32/vit_fp32_accumulator.sv: OK
reports/m8/server_runs/20260808T171800Z-m8-xsim-exact-10of10-receipt/input_snapshot/rtl/leaf/fp32/vit_fp32_add_comb.sv: OK
reports/m8/server_runs/20260808T171800Z-m8-xsim-exact-10of10-receipt/input_snapshot/rtl/leaf/fp32/vit_fp32_compare.sv: OK
reports/m8/server_runs/20260808T171800Z-m8-xsim-exact-10of10-receipt/input_snapshot/rtl/leaf/fp32/vit_fp32_exp_neg_comb.sv: OK
reports/m8/server_runs/20260808T171800Z-m8-xsim-exact-10of10-receipt/input_snapshot/rtl/leaf/fp32/vit_fp32_from_u32_comb.sv: OK
reports/m8/server_runs/20260808T171800Z-m8-xsim-exact-10of10-receipt/input_snapshot/rtl/leaf/fp32/vit_fp32_gelu_comb.sv: OK
reports/m8/server_runs/20260808T171800Z-m8-xsim-exact-10of10-receipt/input_snapshot/rtl/leaf/fp32/vit_fp32_mul_comb_nodsp.sv: OK
reports/m8/server_runs/20260808T171800Z-m8-xsim-exact-10of10-receipt/input_snapshot/rtl/leaf/fp32/vit_fp32_recip_comb.sv: OK
reports/m8/server_runs/20260808T171800Z-m8-xsim-exact-10of10-receipt/input_snapshot/rtl/leaf/fp32/vit_fp32_recip_u32_comb.sv: OK
reports/m8/server_runs/20260808T171800Z-m8-xsim-exact-10of10-receipt/input_snapshot/rtl/leaf/fp32/vit_fp32_recip_u32_serial.sv: OK
reports/m8/server_runs/20260808T171800Z-m8-xsim-exact-10of10-receipt/input_snapshot/rtl/leaf/fp32/vit_fp32_rsqrt_step_comb.sv: OK
reports/m8/server_runs/20260808T171800Z-m8-xsim-exact-10of10-receipt/input_snapshot/rtl/leaf/fp32/vit_fp32_scale_pow2_down_comb.sv: OK
reports/m8/server_runs/20260808T171800Z-m8-xsim-exact-10of10-receipt/input_snapshot/rtl/leaf/fp32/vit_fp32_sub_comb.sv: OK
reports/m8/server_runs/20260808T171800Z-m8-xsim-exact-10of10-receipt/input_snapshot/rtl/leaf/fp32/vit_fp32_to_u32_floor_comb.sv: OK
reports/m8/server_runs/20260808T171800Z-m8-xsim-exact-10of10-receipt/input_snapshot/rtl/pkg/vit_fp32_pkg.sv: OK
reports/m8/server_runs/20260808T171800Z-m8-xsim-exact-10of10-receipt/input_snapshot/rtl/pkg/vit_phase_e_pkg.sv: OK
reports/m8/server_runs/20260808T171800Z-m8-xsim-exact-10of10-receipt/input_snapshot/rtl/top/vit_phase_e_axi_bd_wrapper.v: OK
reports/m8/server_runs/20260808T171800Z-m8-xsim-exact-10of10-receipt/input_snapshot/run/10_xsim_axi_smoke.sh: OK
reports/m8/server_runs/20260808T171800Z-m8-xsim-exact-10of10-receipt/input_snapshot/sim/axi/tb_vit_phase_e_axi_mem_adapter.sv: OK
reports/m8/server_runs/20260808T171800Z-m8-xsim-exact-10of10-receipt/input_snapshot/sim/axi/tb_vit_phase_e_axi_wrapper.sv: OK
reports/m8/server_runs/20260808T171800Z-m8-xsim-exact-10of10-receipt/input_snapshot/sim/axi/tb_vit_phase_e_engine_axi.sv: OK
reports/m8/server_runs/20260808T171800Z-m8-xsim-exact-10of10-receipt/input_snapshot/sim/axi/tb_vit_phase_e_engine_memory.sv: OK
reports/m8/server_runs/20260808T171800Z-m8-xsim-exact-10of10-receipt/input_snapshot/sim/axi/vit_axi_ddr_model_128.sv: OK
reports/m8/server_runs/20260808T171800Z-m8-xsim-exact-10of10-receipt/input_snapshot/sim/control/tb_vit_phase_e_perf_counters.sv: OK
reports/m8/server_runs/20260808T171800Z-m8-xsim-exact-10of10-receipt/input_snapshot/sim/control/tb_vit_phase_e_profile_counters.sv: OK
reports/m8/server_runs/20260808T171800Z-m8-xsim-exact-10of10-receipt/input_snapshot/sim/end_to_end/tb_vit_phase_e_axi_e05_compact_rtl.sv: OK
reports/m8/server_runs/20260808T171800Z-m8-xsim-exact-10of10-receipt/input_snapshot/sim/m7/tb_vit_phase_e_m7_overlap_counters.sv: OK
reports/m8/server_runs/20260808T171800Z-m8-xsim-exact-10of10-receipt/raw_remote_runs/20260808T165200Z-m8-sim-observation/HOST_BEFORE.txt: OK
reports/m8/server_runs/20260808T171800Z-m8-xsim-exact-10of10-receipt/raw_remote_runs/20260808T165200Z-m8-sim-observation/SOURCE_STATE_BEFORE.txt: OK
reports/m8/server_runs/20260808T171800Z-m8-xsim-exact-10of10-receipt/raw_remote_runs/20260808T165200Z-m8-sim-observation/vector_fastpath.log: OK
reports/m8/server_runs/20260808T171800Z-m8-xsim-exact-10of10-receipt/raw_remote_runs/20260808T165900Z-m8-sim-observation-portable-iverilog/HOST_BEFORE.txt: OK
reports/m8/server_runs/20260808T171800Z-m8-xsim-exact-10of10-receipt/raw_remote_runs/20260808T165900Z-m8-sim-observation-portable-iverilog/IVERILOG_VERSION.txt: OK
reports/m8/server_runs/20260808T171800Z-m8-xsim-exact-10of10-receipt/raw_remote_runs/20260808T165900Z-m8-sim-observation-portable-iverilog/SOURCE_STATE_BEFORE.txt: OK
reports/m8/server_runs/20260808T171800Z-m8-xsim-exact-10of10-receipt/raw_remote_runs/20260808T165900Z-m8-sim-observation-portable-iverilog/VVP_VERSION.txt: OK
reports/m8/server_runs/20260808T171800Z-m8-xsim-exact-10of10-receipt/raw_remote_runs/20260808T165900Z-m8-sim-observation-portable-iverilog/router_ab.log: OK
reports/m8/server_runs/20260808T171800Z-m8-xsim-exact-10of10-receipt/raw_remote_runs/20260808T165900Z-m8-sim-observation-portable-iverilog/vector_fastpath.log: OK
reports/m8/server_runs/20260808T171800Z-m8-xsim-exact-10of10-receipt/raw_remote_runs/20260808T165900Z-m8-sim-observation-portable-iverilog/vector_gelu_linefill.log: OK
reports/m8/server_runs/20260808T171800Z-m8-xsim-exact-10of10-receipt/raw_remote_runs/20260808T170200Z-m8-sim-observation-selfcontained/HOST_BEFORE.txt: OK
reports/m8/server_runs/20260808T171800Z-m8-xsim-exact-10of10-receipt/raw_remote_runs/20260808T170200Z-m8-sim-observation-selfcontained/IVERILOG_VERSION.txt: OK
reports/m8/server_runs/20260808T171800Z-m8-xsim-exact-10of10-receipt/raw_remote_runs/20260808T170200Z-m8-sim-observation-selfcontained/SOURCE_STATE_BEFORE.txt: OK
reports/m8/server_runs/20260808T171800Z-m8-xsim-exact-10of10-receipt/raw_remote_runs/20260808T170200Z-m8-sim-observation-selfcontained/VVP_VERSION.txt: OK
reports/m8/server_runs/20260808T171800Z-m8-xsim-exact-10of10-receipt/raw_remote_runs/20260808T170200Z-m8-sim-observation-selfcontained/fifo_gate2.log: OK
reports/m8/server_runs/20260808T171800Z-m8-xsim-exact-10of10-receipt/raw_remote_runs/20260808T170200Z-m8-sim-observation-selfcontained/layernorm_ab.log: OK
reports/m8/server_runs/20260808T171800Z-m8-xsim-exact-10of10-receipt/raw_remote_runs/20260808T170200Z-m8-sim-observation-selfcontained/layernorm_ab_artifacts/m7_parent.log: OK
reports/m8/server_runs/20260808T171800Z-m8-xsim-exact-10of10-receipt/raw_remote_runs/20260808T170200Z-m8-sim-observation-selfcontained/layernorm_ab_artifacts/m7_parent.trace: OK
reports/m8/server_runs/20260808T171800Z-m8-xsim-exact-10of10-receipt/raw_remote_runs/20260808T170200Z-m8-sim-observation-selfcontained/layernorm_ab_artifacts/m7_parent.vvp: OK
reports/m8/server_runs/20260808T171800Z-m8-xsim-exact-10of10-receipt/raw_remote_runs/20260808T170200Z-m8-sim-observation-selfcontained/layernorm_ab_artifacts/m8_candidate.log: OK
reports/m8/server_runs/20260808T171800Z-m8-xsim-exact-10of10-receipt/raw_remote_runs/20260808T170200Z-m8-sim-observation-selfcontained/layernorm_ab_artifacts/m8_candidate.trace: OK
reports/m8/server_runs/20260808T171800Z-m8-xsim-exact-10of10-receipt/raw_remote_runs/20260808T170200Z-m8-sim-observation-selfcontained/layernorm_ab_artifacts/m8_candidate.vvp: OK
reports/m8/server_runs/20260808T171800Z-m8-xsim-exact-10of10-receipt/raw_remote_runs/20260808T170200Z-m8-sim-observation-selfcontained/packed_memory_seams.log: OK
reports/m8/server_runs/20260808T171800Z-m8-xsim-exact-10of10-receipt/raw_remote_runs/20260808T170200Z-m8-sim-observation-selfcontained/production_iverilog.log: OK
reports/m8/server_runs/20260808T171800Z-m8-xsim-exact-10of10-receipt/raw_remote_runs/20260808T170200Z-m8-sim-observation-selfcontained/production_verilator_lint.log: OK
reports/m8/server_runs/20260808T171800Z-m8-xsim-exact-10of10-receipt/raw_remote_runs/20260808T170200Z-m8-sim-observation-selfcontained/router_ab.log: OK
reports/m8/server_runs/20260808T171800Z-m8-xsim-exact-10of10-receipt/raw_remote_runs/20260808T170200Z-m8-sim-observation-selfcontained/softmax_ab.log: OK
reports/m8/server_runs/20260808T171800Z-m8-xsim-exact-10of10-receipt/raw_remote_runs/20260808T170200Z-m8-sim-observation-selfcontained/vector_fastpath.log: OK
reports/m8/server_runs/20260808T171800Z-m8-xsim-exact-10of10-receipt/raw_remote_runs/20260808T170200Z-m8-sim-observation-selfcontained/vector_gelu_linefill.log: OK
reports/m8/server_runs/20260808T171800Z-m8-xsim-exact-10of10-receipt/raw_remote_runs/20260808T170200Z-m8-sim-observation-selfcontained/vit_phase_e_axi_bd_wrapper.vvp: OK
reports/m8/server_runs/20260808T171800Z-m8-xsim-exact-10of10-receipt/raw_remote_runs/20260808T170200Z-m8-sim-observation-selfcontained/xsim_observation.log: OK
reports/m8/server_runs/20260808T171800Z-m8-xsim-exact-10of10-receipt/raw_remote_runs/20260808T171100Z-m8-xsim-observation/RUNNER_PID.txt: OK
reports/m8/server_runs/20260808T171800Z-m8-xsim-exact-10of10-receipt/raw_remote_runs/20260808T171100Z-m8-xsim-observation/xsim_observation.log: OK
reports/m8/server_runs/20260808T171800Z-m8-xsim-exact-10of10-receipt/raw_remote_runs/20260808T171600Z-m8-xsim-observation-checkcount/RUNNER_PID.txt: OK
reports/m8/server_runs/20260808T171800Z-m8-xsim-exact-10of10-receipt/raw_remote_runs/20260808T171600Z-m8-xsim-observation-checkcount/xsim_observation.log: OK
reports/m8/server_runs/20260808T171800Z-m8-xsim-exact-10of10-receipt/raw_remote_runs/20260808T172400Z-m8-xsim-exact-repeat/RUNNER_PID.txt: OK
reports/m8/server_runs/20260808T171800Z-m8-xsim-exact-10of10-receipt/raw_remote_runs/20260808T172400Z-m8-xsim-exact-repeat/xsim_exact_repeat.log: OK
reports/m8/server_runs/20260808T171800Z-m8-xsim-exact-10of10-receipt/verify_receipt.sh: OK
reports/m8/server_runs/20260808T173000Z-m8-e04-mode3-pass-repeat-receipt/AUTHORITATIVE_OUTPUTS_SHA256.txt: OK
reports/m8/server_runs/20260808T173000Z-m8-e04-mode3-pass-repeat-receipt/EXPECTED_CONTEXT_FAILURE.txt: OK
reports/m8/server_runs/20260808T173000Z-m8-e04-mode3-pass-repeat-receipt/INPUT_IDENTITY.txt: OK
reports/m8/server_runs/20260808T173000Z-m8-e04-mode3-pass-repeat-receipt/PRODUCTION_SOURCE_STATE.txt: OK
reports/m8/server_runs/20260808T173000Z-m8-e04-mode3-pass-repeat-receipt/PRODUCTION_WORKSPACE_PATHS.txt: OK
reports/m8/server_runs/20260808T173000Z-m8-e04-mode3-pass-repeat-receipt/RAW_REMOTE_RUNS_SHA256SUMS.txt: OK
reports/m8/server_runs/20260808T173000Z-m8-e04-mode3-pass-repeat-receipt/README.md: OK
reports/m8/server_runs/20260808T173000Z-m8-e04-mode3-pass-repeat-receipt/RECEIPT_SHA256SUMS.txt: OK
reports/m8/server_runs/20260808T173000Z-m8-e04-mode3-pass-repeat-receipt/REMOTE_QUIESCENCE.txt: OK
reports/m8/server_runs/20260808T173000Z-m8-e04-mode3-pass-repeat-receipt/RUNNER_STATES_SHA256SUMS.txt: OK
reports/m8/server_runs/20260808T173000Z-m8-e04-mode3-pass-repeat-receipt/STATUS.txt: OK
reports/m8/server_runs/20260808T173000Z-m8-e04-mode3-pass-repeat-receipt/TOOL_IDENTITY.txt: OK
reports/m8/server_runs/20260808T173000Z-m8-e04-mode3-pass-repeat-receipt/TRANSFER_VERIFICATION.txt: OK
reports/m8/server_runs/20260808T173000Z-m8-e04-mode3-pass-repeat-receipt/WORKSPACE_INPUT_PATHS.txt: OK
reports/m8/server_runs/20260808T173000Z-m8-e04-mode3-pass-repeat-receipt/WORKSPACE_INPUT_SHA256SUMS.txt: OK
reports/m8/server_runs/20260808T173000Z-m8-e04-mode3-pass-repeat-receipt/WORKSPACE_SNAPSHOT_SHA256SUMS.txt: OK
reports/m8/server_runs/20260808T173000Z-m8-e04-mode3-pass-repeat-receipt/raw_remote_runs/20260808T173100Z-m8-e04-mode3-observation/RUNNER_PID.txt: OK
reports/m8/server_runs/20260808T173000Z-m8-e04-mode3-pass-repeat-receipt/raw_remote_runs/20260808T173100Z-m8-e04-mode3-observation/e04_observation.log: OK
reports/m8/server_runs/20260808T173000Z-m8-e04-mode3-pass-repeat-receipt/raw_remote_runs/20260808T173100Z-m8-e04-mode3-observation/e04_run/asset_stage.log: OK
reports/m8/server_runs/20260808T173000Z-m8-e04-mode3-pass-repeat-receipt/raw_remote_runs/20260808T174200Z-m8-e04-mode3-observation-contextfix/RUNNER_PID.txt: OK
reports/m8/server_runs/20260808T173000Z-m8-e04-mode3-pass-repeat-receipt/raw_remote_runs/20260808T174200Z-m8-e04-mode3-observation-contextfix/e04_observation.log: OK
reports/m8/server_runs/20260808T173000Z-m8-e04-mode3-pass-repeat-receipt/raw_remote_runs/20260808T174200Z-m8-e04-mode3-observation-contextfix/e04_run/SOURCE_STATE_AFTER.txt: OK
reports/m8/server_runs/20260808T173000Z-m8-e04-mode3-pass-repeat-receipt/raw_remote_runs/20260808T174200Z-m8-e04-mode3-observation-contextfix/e04_run/SOURCE_STATE_BEFORE.txt: OK
reports/m8/server_runs/20260808T173000Z-m8-e04-mode3-pass-repeat-receipt/raw_remote_runs/20260808T174200Z-m8-e04-mode3-observation-contextfix/e04_run/asset_stage.log: OK
reports/m8/server_runs/20260808T173000Z-m8-e04-mode3-pass-repeat-receipt/raw_remote_runs/20260808T174200Z-m8-e04-mode3-observation-contextfix/e04_run/assets/asset_evidence.json: OK
reports/m8/server_runs/20260808T173000Z-m8-e04-mode3-pass-repeat-receipt/raw_remote_runs/20260808T174200Z-m8-e04-mode3-observation-contextfix/e04_run/assets/classifier_bias_f32.hex: OK
reports/m8/server_runs/20260808T173000Z-m8-e04-mode3-pass-repeat-receipt/raw_remote_runs/20260808T174200Z-m8-e04-mode3-observation-contextfix/e04_run/assets/classifier_weight_packed_fp16_u32.hex: OK
reports/m8/server_runs/20260808T173000Z-m8-e04-mode3-pass-repeat-receipt/raw_remote_runs/20260808T174200Z-m8-e04-mode3-observation-contextfix/e04_run/assets/final_ln_beta_f32.hex: OK
reports/m8/server_runs/20260808T173000Z-m8-e04-mode3-pass-repeat-receipt/raw_remote_runs/20260808T174200Z-m8-e04-mode3-observation-contextfix/e04_run/assets/final_ln_gamma_f32.hex: OK
reports/m8/server_runs/20260808T173000Z-m8-e04-mode3-pass-repeat-receipt/raw_remote_runs/20260808T174200Z-m8-e04-mode3-observation-contextfix/e04_run/behavioral_golden_compare.log: OK
reports/m8/server_runs/20260808T173000Z-m8-e04-mode3-pass-repeat-receipt/raw_remote_runs/20260808T174200Z-m8-e04-mode3-observation-contextfix/e04_run/build.log: OK
reports/m8/server_runs/20260808T173000Z-m8-e04-mode3-pass-repeat-receipt/raw_remote_runs/20260808T174200Z-m8-e04-mode3-observation-contextfix/e04_run/m6_classifier_oracle_compare.log: OK
reports/m8/server_runs/20260808T173000Z-m8-e04-mode3-pass-repeat-receipt/raw_remote_runs/20260808T174200Z-m8-e04-mode3-observation-contextfix/e04_run/outputs/class_result_rtl_u32.hex: OK
reports/m8/server_runs/20260808T173000Z-m8-e04-mode3-pass-repeat-receipt/raw_remote_runs/20260808T174200Z-m8-e04-mode3-observation-contextfix/e04_run/outputs/final_layernorm_rtl_f32.hex: OK
reports/m8/server_runs/20260808T173000Z-m8-e04-mode3-pass-repeat-receipt/raw_remote_runs/20260808T174200Z-m8-e04-mode3-observation-contextfix/e04_run/outputs/logits_rtl_f32.hex: OK
reports/m8/server_runs/20260808T173000Z-m8-e04-mode3-pass-repeat-receipt/raw_remote_runs/20260808T174200Z-m8-e04-mode3-observation-contextfix/e04_run/outputs/m7_mode3_e04_behavioral_golden_comparison.json: OK
reports/m8/server_runs/20260808T173000Z-m8-e04-mode3-pass-repeat-receipt/raw_remote_runs/20260808T174200Z-m8-e04-mode3-observation-contextfix/e04_run/outputs/m7_mode3_e04_m6_classifier_oracle_comparison.json: OK
reports/m8/server_runs/20260808T173000Z-m8-e04-mode3-pass-repeat-receipt/raw_remote_runs/20260808T174200Z-m8-e04-mode3-observation-contextfix/e04_run/outputs/probabilities_rtl_f32.hex: OK
reports/m8/server_runs/20260808T173000Z-m8-e04-mode3-pass-repeat-receipt/raw_remote_runs/20260808T174200Z-m8-e04-mode3-observation-contextfix/e04_run/run.log: OK
reports/m8/server_runs/20260808T173000Z-m8-e04-mode3-pass-repeat-receipt/raw_remote_runs/20260808T175500Z-m8-e04-mode3-exact-repeat/RUNNER_PID.txt: OK
reports/m8/server_runs/20260808T173000Z-m8-e04-mode3-pass-repeat-receipt/raw_remote_runs/20260808T175500Z-m8-e04-mode3-exact-repeat/e04_exact_repeat.log: OK
reports/m8/server_runs/20260808T173000Z-m8-e04-mode3-pass-repeat-receipt/raw_remote_runs/20260808T175500Z-m8-e04-mode3-exact-repeat/e04_run/SOURCE_STATE_AFTER.txt: OK
reports/m8/server_runs/20260808T173000Z-m8-e04-mode3-pass-repeat-receipt/raw_remote_runs/20260808T175500Z-m8-e04-mode3-exact-repeat/e04_run/SOURCE_STATE_BEFORE.txt: OK
reports/m8/server_runs/20260808T173000Z-m8-e04-mode3-pass-repeat-receipt/raw_remote_runs/20260808T175500Z-m8-e04-mode3-exact-repeat/e04_run/asset_stage.log: OK
reports/m8/server_runs/20260808T173000Z-m8-e04-mode3-pass-repeat-receipt/raw_remote_runs/20260808T175500Z-m8-e04-mode3-exact-repeat/e04_run/assets/asset_evidence.json: OK
reports/m8/server_runs/20260808T173000Z-m8-e04-mode3-pass-repeat-receipt/raw_remote_runs/20260808T175500Z-m8-e04-mode3-exact-repeat/e04_run/assets/classifier_bias_f32.hex: OK
reports/m8/server_runs/20260808T173000Z-m8-e04-mode3-pass-repeat-receipt/raw_remote_runs/20260808T175500Z-m8-e04-mode3-exact-repeat/e04_run/assets/classifier_weight_packed_fp16_u32.hex: OK
reports/m8/server_runs/20260808T173000Z-m8-e04-mode3-pass-repeat-receipt/raw_remote_runs/20260808T175500Z-m8-e04-mode3-exact-repeat/e04_run/assets/final_ln_beta_f32.hex: OK
reports/m8/server_runs/20260808T173000Z-m8-e04-mode3-pass-repeat-receipt/raw_remote_runs/20260808T175500Z-m8-e04-mode3-exact-repeat/e04_run/assets/final_ln_gamma_f32.hex: OK
reports/m8/server_runs/20260808T173000Z-m8-e04-mode3-pass-repeat-receipt/raw_remote_runs/20260808T175500Z-m8-e04-mode3-exact-repeat/e04_run/behavioral_golden_compare.log: OK
reports/m8/server_runs/20260808T173000Z-m8-e04-mode3-pass-repeat-receipt/raw_remote_runs/20260808T175500Z-m8-e04-mode3-exact-repeat/e04_run/build.log: OK
reports/m8/server_runs/20260808T173000Z-m8-e04-mode3-pass-repeat-receipt/raw_remote_runs/20260808T175500Z-m8-e04-mode3-exact-repeat/e04_run/m6_classifier_oracle_compare.log: OK
reports/m8/server_runs/20260808T173000Z-m8-e04-mode3-pass-repeat-receipt/raw_remote_runs/20260808T175500Z-m8-e04-mode3-exact-repeat/e04_run/outputs/class_result_rtl_u32.hex: OK
reports/m8/server_runs/20260808T173000Z-m8-e04-mode3-pass-repeat-receipt/raw_remote_runs/20260808T175500Z-m8-e04-mode3-exact-repeat/e04_run/outputs/final_layernorm_rtl_f32.hex: OK
reports/m8/server_runs/20260808T173000Z-m8-e04-mode3-pass-repeat-receipt/raw_remote_runs/20260808T175500Z-m8-e04-mode3-exact-repeat/e04_run/outputs/logits_rtl_f32.hex: OK
reports/m8/server_runs/20260808T173000Z-m8-e04-mode3-pass-repeat-receipt/raw_remote_runs/20260808T175500Z-m8-e04-mode3-exact-repeat/e04_run/outputs/m7_mode3_e04_behavioral_golden_comparison.json: OK
reports/m8/server_runs/20260808T173000Z-m8-e04-mode3-pass-repeat-receipt/raw_remote_runs/20260808T175500Z-m8-e04-mode3-exact-repeat/e04_run/outputs/m7_mode3_e04_m6_classifier_oracle_comparison.json: OK
reports/m8/server_runs/20260808T173000Z-m8-e04-mode3-pass-repeat-receipt/raw_remote_runs/20260808T175500Z-m8-e04-mode3-exact-repeat/e04_run/outputs/probabilities_rtl_f32.hex: OK
reports/m8/server_runs/20260808T173000Z-m8-e04-mode3-pass-repeat-receipt/raw_remote_runs/20260808T175500Z-m8-e04-mode3-exact-repeat/e04_run/run.log: OK
reports/m8/server_runs/20260808T173000Z-m8-e04-mode3-pass-repeat-receipt/runner_states/RUNNER_STATE_DIFF.patch: OK
reports/m8/server_runs/20260808T173000Z-m8-e04-mode3-pass-repeat-receipt/runner_states/exact_repeat_runner_74d7b8e5c737.sh: OK
reports/m8/server_runs/20260808T173000Z-m8-e04-mode3-pass-repeat-receipt/runner_states/observation_runner_a7c524a821d3.sh: OK
reports/m8/server_runs/20260808T173000Z-m8-e04-mode3-pass-repeat-receipt/verify_receipt.sh: OK
reports/m8/server_runs/20260808T173000Z-m8-e04-mode3-pass-repeat-receipt/workspace_snapshot/build/model_package/v3_blocked_b_fp16_mixed/hash_manifest.json: OK
reports/m8/server_runs/20260808T173000Z-m8-e04-mode3-pass-repeat-receipt/workspace_snapshot/build/model_package/v3_blocked_b_fp16_mixed/prepared_input.bin: OK
reports/m8/server_runs/20260808T173000Z-m8-e04-mode3-pass-repeat-receipt/workspace_snapshot/build/model_package/v3_blocked_b_fp16_mixed/verification_report.json: OK
reports/m8/server_runs/20260808T173000Z-m8-e04-mode3-pass-repeat-receipt/workspace_snapshot/build/model_package/v3_blocked_b_fp16_mixed/vit_model.bin: OK
reports/m8/server_runs/20260808T173000Z-m8-e04-mode3-pass-repeat-receipt/workspace_snapshot/build/model_package/v3_blocked_b_fp16_mixed/vit_model_table.bin: OK
reports/m8/server_runs/20260808T173000Z-m8-e04-mode3-pass-repeat-receipt/workspace_snapshot/build/model_package/v3_blocked_b_fp16_mixed/vit_model_table.json: OK
reports/m8/server_runs/20260808T173000Z-m8-e04-mode3-pass-repeat-receipt/workspace_snapshot/build/model_package/v3_blocked_b_fp16_mixed/vit_runtime_config.json: OK
reports/m8/server_runs/20260808T173000Z-m8-e04-mode3-pass-repeat-receipt/workspace_snapshot/experimental/m6_fp16_nodsp_ooc/reference/m6_fp16_reference.py: OK
reports/m8/server_runs/20260808T173000Z-m8-e04-mode3-pass-repeat-receipt/workspace_snapshot/results/encoder_layer_11_step_20_layer_output_f32.hex: OK
reports/m8/server_runs/20260808T173000Z-m8-e04-mode3-pass-repeat-receipt/workspace_snapshot/results/post_encoder_step_30_final_layernorm_f32.hex: OK
reports/m8/server_runs/20260808T173000Z-m8-e04-mode3-pass-repeat-receipt/workspace_snapshot/results/post_encoder_step_32_logits_f32.hex: OK
reports/m8/server_runs/20260808T173000Z-m8-e04-mode3-pass-repeat-receipt/workspace_snapshot/results/post_encoder_step_33p_probabilities_f32.hex: OK
reports/m8/server_runs/20260808T173000Z-m8-e04-mode3-pass-repeat-receipt/workspace_snapshot/vivado_server_307_perf_v1_m7s8_fp16_parallel_overlap_2023_2/rtl/leaf/fp32/vit_fp32_add_comb.sv: OK
reports/m8/server_runs/20260808T173000Z-m8-e04-mode3-pass-repeat-receipt/workspace_snapshot/vivado_server_307_perf_v1_m8_nongemm_nodsp_2023_2/filelists/full_axi.f: OK
reports/m8/server_runs/20260808T173000Z-m8-e04-mode3-pass-repeat-receipt/workspace_snapshot/vivado_server_307_perf_v1_m8_nongemm_nodsp_2023_2/rtl/axi/control/vit_axi_lite_control_regs.sv: OK
reports/m8/server_runs/20260808T173000Z-m8-e04-mode3-pass-repeat-receipt/workspace_snapshot/vivado_server_307_perf_v1_m8_nongemm_nodsp_2023_2/rtl/axi/control/vit_layer_param_loader.sv: OK
reports/m8/server_runs/20260808T173000Z-m8-e04-mode3-pass-repeat-receipt/workspace_snapshot/vivado_server_307_perf_v1_m8_nongemm_nodsp_2023_2/rtl/axi/control/vit_layer_param_table.sv: OK
reports/m8/server_runs/20260808T173000Z-m8-e04-mode3-pass-repeat-receipt/workspace_snapshot/vivado_server_307_perf_v1_m8_nongemm_nodsp_2023_2/rtl/axi/control/vit_phase_e_m5_axi_counters.sv: OK
reports/m8/server_runs/20260808T173000Z-m8-e04-mode3-pass-repeat-receipt/workspace_snapshot/vivado_server_307_perf_v1_m8_nongemm_nodsp_2023_2/rtl/axi/control/vit_phase_e_m7_overlap_counters.sv: OK
reports/m8/server_runs/20260808T173000Z-m8-e04-mode3-pass-repeat-receipt/workspace_snapshot/vivado_server_307_perf_v1_m8_nongemm_nodsp_2023_2/rtl/axi/control/vit_phase_e_perf_counters.sv: OK
reports/m8/server_runs/20260808T173000Z-m8-e04-mode3-pass-repeat-receipt/workspace_snapshot/vivado_server_307_perf_v1_m8_nongemm_nodsp_2023_2/rtl/axi/control/vit_phase_e_profile_counters.sv: OK
reports/m8/server_runs/20260808T173000Z-m8-e04-mode3-pass-repeat-receipt/workspace_snapshot/vivado_server_307_perf_v1_m8_nongemm_nodsp_2023_2/rtl/axi/memory/vit_phase_e_axi_mem_adapter.sv: OK
reports/m8/server_runs/20260808T173000Z-m8-e04-mode3-pass-repeat-receipt/workspace_snapshot/vivado_server_307_perf_v1_m8_nongemm_nodsp_2023_2/rtl/axi/vit_phase_e_axi_wrapper.sv: OK
reports/m8/server_runs/20260808T173000Z-m8-e04-mode3-pass-repeat-receipt/workspace_snapshot/vivado_server_307_perf_v1_m8_nongemm_nodsp_2023_2/rtl/blocks/argmax/vit_argmax_engine_fp32.sv: OK
reports/m8/server_runs/20260808T173000Z-m8-e04-mode3-pass-repeat-receipt/workspace_snapshot/vivado_server_307_perf_v1_m8_nongemm_nodsp_2023_2/rtl/blocks/gelu/vit_fp32_gelu_serial.sv: OK
reports/m8/server_runs/20260808T173000Z-m8-e04-mode3-pass-repeat-receipt/workspace_snapshot/vivado_server_307_perf_v1_m8_nongemm_nodsp_2023_2/rtl/blocks/gelu/vit_gelu_engine_fp32.sv: OK
reports/m8/server_runs/20260808T173000Z-m8-e04-mode3-pass-repeat-receipt/workspace_snapshot/vivado_server_307_perf_v1_m8_nongemm_nodsp_2023_2/rtl/blocks/gelu/vit_gelu_lane_datapath.sv: OK
reports/m8/server_runs/20260808T173000Z-m8-e04-mode3-pass-repeat-receipt/workspace_snapshot/vivado_server_307_perf_v1_m8_nongemm_nodsp_2023_2/rtl/blocks/gemm/vit_fp32_reduce16.sv: OK
reports/m8/server_runs/20260808T173000Z-m8-e04-mode3-pass-repeat-receipt/workspace_snapshot/vivado_server_307_perf_v1_m8_nongemm_nodsp_2023_2/rtl/blocks/gemm/vit_gemm_accumulator.sv: OK
reports/m8/server_runs/20260808T173000Z-m8-e04-mode3-pass-repeat-receipt/workspace_snapshot/vivado_server_307_perf_v1_m8_nongemm_nodsp_2023_2/rtl/blocks/gemm/vit_gemm_accumulator_bank.sv: OK
reports/m8/server_runs/20260808T173000Z-m8-e04-mode3-pass-repeat-receipt/workspace_snapshot/vivado_server_307_perf_v1_m8_nongemm_nodsp_2023_2/rtl/blocks/gemm/vit_gemm_activation_panel_cache.sv: OK
reports/m8/server_runs/20260808T173000Z-m8-e04-mode3-pass-repeat-receipt/workspace_snapshot/vivado_server_307_perf_v1_m8_nongemm_nodsp_2023_2/rtl/blocks/gemm/vit_gemm_bias_cache.sv: OK
reports/m8/server_runs/20260808T173000Z-m8-e04-mode3-pass-repeat-receipt/workspace_snapshot/vivado_server_307_perf_v1_m8_nongemm_nodsp_2023_2/rtl/blocks/gemm/vit_gemm_controller.sv: OK
reports/m8/server_runs/20260808T173000Z-m8-e04-mode3-pass-repeat-receipt/workspace_snapshot/vivado_server_307_perf_v1_m8_nongemm_nodsp_2023_2/rtl/blocks/gemm/vit_gemm_dot16.sv: OK
reports/m8/server_runs/20260808T173000Z-m8-e04-mode3-pass-repeat-receipt/workspace_snapshot/vivado_server_307_perf_v1_m8_nongemm_nodsp_2023_2/rtl/blocks/gemm/vit_gemm_dot16_serial.sv: OK
reports/m8/server_runs/20260808T173000Z-m8-e04-mode3-pass-repeat-receipt/workspace_snapshot/vivado_server_307_perf_v1_m8_nongemm_nodsp_2023_2/rtl/blocks/gemm/vit_gemm_dual_mode_array.sv: OK
reports/m8/server_runs/20260808T173000Z-m8-e04-mode3-pass-repeat-receipt/workspace_snapshot/vivado_server_307_perf_v1_m8_nongemm_nodsp_2023_2/rtl/blocks/gemm/vit_gemm_fp16_parallel_scheduler.sv: OK
reports/m8/server_runs/20260808T173000Z-m8-e04-mode3-pass-repeat-receipt/workspace_snapshot/vivado_server_307_perf_v1_m8_nongemm_nodsp_2023_2/rtl/blocks/gemm/vit_gemm_fp16_stream_array.sv: OK
reports/m8/server_runs/20260808T173000Z-m8-e04-mode3-pass-repeat-receipt/workspace_snapshot/vivado_server_307_perf_v1_m8_nongemm_nodsp_2023_2/rtl/blocks/gemm/vit_gemm_operand_router.sv: OK
reports/m8/server_runs/20260808T173000Z-m8-e04-mode3-pass-repeat-receipt/workspace_snapshot/vivado_server_307_perf_v1_m8_nongemm_nodsp_2023_2/rtl/blocks/gemm/vit_gemm_pe.sv: OK
reports/m8/server_runs/20260808T173000Z-m8-e04-mode3-pass-repeat-receipt/workspace_snapshot/vivado_server_307_perf_v1_m8_nongemm_nodsp_2023_2/rtl/blocks/gemm/vit_gemm_pe_array.sv: OK
reports/m8/server_runs/20260808T173000Z-m8-e04-mode3-pass-repeat-receipt/workspace_snapshot/vivado_server_307_perf_v1_m8_nongemm_nodsp_2023_2/rtl/blocks/gemm/vit_gemm_result_fifo.sv: OK
reports/m8/server_runs/20260808T173000Z-m8-e04-mode3-pass-repeat-receipt/workspace_snapshot/vivado_server_307_perf_v1_m8_nongemm_nodsp_2023_2/rtl/blocks/gemm/vit_gemm_result_path.sv: OK
reports/m8/server_runs/20260808T173000Z-m8-e04-mode3-pass-repeat-receipt/workspace_snapshot/vivado_server_307_perf_v1_m8_nongemm_nodsp_2023_2/rtl/blocks/gemm/vit_gemm_tree_array.sv: OK
reports/m8/server_runs/20260808T173000Z-m8-e04-mode3-pass-repeat-receipt/workspace_snapshot/vivado_server_307_perf_v1_m8_nongemm_nodsp_2023_2/rtl/blocks/gemm/vit_tree_pe_fp32.sv: OK
reports/m8/server_runs/20260808T173000Z-m8-e04-mode3-pass-repeat-receipt/workspace_snapshot/vivado_server_307_perf_v1_m8_nongemm_nodsp_2023_2/rtl/blocks/layernorm/vit_layernorm_affine_datapath.sv: OK
reports/m8/server_runs/20260808T173000Z-m8-e04-mode3-pass-repeat-receipt/workspace_snapshot/vivado_server_307_perf_v1_m8_nongemm_nodsp_2023_2/rtl/blocks/layernorm/vit_layernorm_engine_fp32.sv: OK
reports/m8/server_runs/20260808T173000Z-m8-e04-mode3-pass-repeat-receipt/workspace_snapshot/vivado_server_307_perf_v1_m8_nongemm_nodsp_2023_2/rtl/blocks/layernorm/vit_layernorm_statistics_datapath.sv: OK
reports/m8/server_runs/20260808T173000Z-m8-e04-mode3-pass-repeat-receipt/workspace_snapshot/vivado_server_307_perf_v1_m8_nongemm_nodsp_2023_2/rtl/blocks/layout/vit_layout_address_generator.sv: OK
reports/m8/server_runs/20260808T173000Z-m8-e04-mode3-pass-repeat-receipt/workspace_snapshot/vivado_server_307_perf_v1_m8_nongemm_nodsp_2023_2/rtl/blocks/layout/vit_layout_descriptor_validator.sv: OK
reports/m8/server_runs/20260808T173000Z-m8-e04-mode3-pass-repeat-receipt/workspace_snapshot/vivado_server_307_perf_v1_m8_nongemm_nodsp_2023_2/rtl/blocks/layout/vit_layout_engine.sv: OK
reports/m8/server_runs/20260808T173000Z-m8-e04-mode3-pass-repeat-receipt/workspace_snapshot/vivado_server_307_perf_v1_m8_nongemm_nodsp_2023_2/rtl/blocks/softmax/vit_softmax_engine_fp32.sv: OK
reports/m8/server_runs/20260808T173000Z-m8-e04-mode3-pass-repeat-receipt/workspace_snapshot/vivado_server_307_perf_v1_m8_nongemm_nodsp_2023_2/rtl/blocks/softmax/vit_softmax_exp_datapath.sv: OK
reports/m8/server_runs/20260808T173000Z-m8-e04-mode3-pass-repeat-receipt/workspace_snapshot/vivado_server_307_perf_v1_m8_nongemm_nodsp_2023_2/rtl/blocks/softmax/vit_softmax_reciprocal_step.sv: OK
reports/m8/server_runs/20260808T173000Z-m8-e04-mode3-pass-repeat-receipt/workspace_snapshot/vivado_server_307_perf_v1_m8_nongemm_nodsp_2023_2/rtl/blocks/vector/vit_vector_datapath.sv: OK
reports/m8/server_runs/20260808T173000Z-m8-e04-mode3-pass-repeat-receipt/workspace_snapshot/vivado_server_307_perf_v1_m8_nongemm_nodsp_2023_2/rtl/blocks/vector/vit_vector_engine_fp32.sv: OK
reports/m8/server_runs/20260808T173000Z-m8-e04-mode3-pass-repeat-receipt/workspace_snapshot/vivado_server_307_perf_v1_m8_nongemm_nodsp_2023_2/rtl/blocks/vector/vit_vector_lane_alu.sv: OK
reports/m8/server_runs/20260808T173000Z-m8-e04-mode3-pass-repeat-receipt/workspace_snapshot/vivado_server_307_perf_v1_m8_nongemm_nodsp_2023_2/rtl/control/vit_phase_e_sequencer.sv: OK
reports/m8/server_runs/20260808T173000Z-m8-e04-mode3-pass-repeat-receipt/workspace_snapshot/vivado_server_307_perf_v1_m8_nongemm_nodsp_2023_2/rtl/core/vit_gemm_memory_address_context.sv: OK
reports/m8/server_runs/20260808T173000Z-m8-e04-mode3-pass-repeat-receipt/workspace_snapshot/vivado_server_307_perf_v1_m8_nongemm_nodsp_2023_2/rtl/core/vit_phase_e_command_controller.sv: OK
reports/m8/server_runs/20260808T173000Z-m8-e04-mode3-pass-repeat-receipt/workspace_snapshot/vivado_server_307_perf_v1_m8_nongemm_nodsp_2023_2/rtl/core/vit_phase_e_engine_dispatch.sv: OK
reports/m8/server_runs/20260808T173000Z-m8-e04-mode3-pass-repeat-receipt/workspace_snapshot/vivado_server_307_perf_v1_m8_nongemm_nodsp_2023_2/rtl/core/vit_phase_e_engine_top.sv: OK
reports/m8/server_runs/20260808T173000Z-m8-e04-mode3-pass-repeat-receipt/workspace_snapshot/vivado_server_307_perf_v1_m8_nongemm_nodsp_2023_2/rtl/core/vit_phase_e_memory_frontend.sv: OK
reports/m8/server_runs/20260808T173000Z-m8-e04-mode3-pass-repeat-receipt/workspace_snapshot/vivado_server_307_perf_v1_m8_nongemm_nodsp_2023_2/rtl/core/vit_phase_e_npu.sv: OK
reports/m8/server_runs/20260808T173000Z-m8-e04-mode3-pass-repeat-receipt/workspace_snapshot/vivado_server_307_perf_v1_m8_nongemm_nodsp_2023_2/rtl/core/vit_phase_e_read_address_router.sv: OK
reports/m8/server_runs/20260808T173000Z-m8-e04-mode3-pass-repeat-receipt/workspace_snapshot/vivado_server_307_perf_v1_m8_nongemm_nodsp_2023_2/rtl/core/vit_phase_e_write_address_router.sv: OK
reports/m8/server_runs/20260808T173000Z-m8-e04-mode3-pass-repeat-receipt/workspace_snapshot/vivado_server_307_perf_v1_m8_nongemm_nodsp_2023_2/rtl/leaf/common/vit_counter.sv: OK
reports/m8/server_runs/20260808T173000Z-m8-e04-mode3-pass-repeat-receipt/workspace_snapshot/vivado_server_307_perf_v1_m8_nongemm_nodsp_2023_2/rtl/leaf/common/vit_lane_mask.sv: OK
reports/m8/server_runs/20260808T173000Z-m8-e04-mode3-pass-repeat-receipt/workspace_snapshot/vivado_server_307_perf_v1_m8_nongemm_nodsp_2023_2/rtl/leaf/common/vit_stream_buffer.sv: OK
reports/m8/server_runs/20260808T173000Z-m8-e04-mode3-pass-repeat-receipt/workspace_snapshot/vivado_server_307_perf_v1_m8_nongemm_nodsp_2023_2/rtl/leaf/common/vit_u32_mul_iterative_nodsp.sv: OK
reports/m8/server_runs/20260808T173000Z-m8-e04-mode3-pass-repeat-receipt/workspace_snapshot/vivado_server_307_perf_v1_m8_nongemm_nodsp_2023_2/rtl/leaf/fp16/vit_fixed_analyze.sv: OK
reports/m8/server_runs/20260808T173000Z-m8-e04-mode3-pass-repeat-receipt/workspace_snapshot/vivado_server_307_perf_v1_m8_nongemm_nodsp_2023_2/rtl/leaf/fp16/vit_fixed_normalized_to_fp32_rne.sv: OK
reports/m8/server_runs/20260808T173000Z-m8-e04-mode3-pass-repeat-receipt/workspace_snapshot/vivado_server_307_perf_v1_m8_nongemm_nodsp_2023_2/rtl/leaf/fp16/vit_fixed_to_fp32_rne.sv: OK
reports/m8/server_runs/20260808T173000Z-m8-e04-mode3-pass-repeat-receipt/workspace_snapshot/vivado_server_307_perf_v1_m8_nongemm_nodsp_2023_2/rtl/leaf/fp16/vit_fp16_dot_stream_csa_nodsp.sv: OK
reports/m8/server_runs/20260808T173000Z-m8-e04-mode3-pass-repeat-receipt/workspace_snapshot/vivado_server_307_perf_v1_m8_nongemm_nodsp_2023_2/rtl/leaf/fp16/vit_fp16_mul_to_fp32_comb_nodsp.sv: OK
reports/m8/server_runs/20260808T173000Z-m8-e04-mode3-pass-repeat-receipt/workspace_snapshot/vivado_server_307_perf_v1_m8_nongemm_nodsp_2023_2/rtl/leaf/fp16/vit_fp32_product_to_fixed_exact.sv: OK
reports/m8/server_runs/20260808T173000Z-m8-e04-mode3-pass-repeat-receipt/workspace_snapshot/vivado_server_307_perf_v1_m8_nongemm_nodsp_2023_2/rtl/leaf/fp16/vit_fp32_to_fp16_rne_gradual.sv: OK
reports/m8/server_runs/20260808T173000Z-m8-e04-mode3-pass-repeat-receipt/workspace_snapshot/vivado_server_307_perf_v1_m8_nongemm_nodsp_2023_2/rtl/leaf/fp32/vit_fp32_accumulator.sv: OK
reports/m8/server_runs/20260808T173000Z-m8-e04-mode3-pass-repeat-receipt/workspace_snapshot/vivado_server_307_perf_v1_m8_nongemm_nodsp_2023_2/rtl/leaf/fp32/vit_fp32_add_comb.sv: OK
reports/m8/server_runs/20260808T173000Z-m8-e04-mode3-pass-repeat-receipt/workspace_snapshot/vivado_server_307_perf_v1_m8_nongemm_nodsp_2023_2/rtl/leaf/fp32/vit_fp32_compare.sv: OK
reports/m8/server_runs/20260808T173000Z-m8-e04-mode3-pass-repeat-receipt/workspace_snapshot/vivado_server_307_perf_v1_m8_nongemm_nodsp_2023_2/rtl/leaf/fp32/vit_fp32_exp_neg_comb.sv: OK
reports/m8/server_runs/20260808T173000Z-m8-e04-mode3-pass-repeat-receipt/workspace_snapshot/vivado_server_307_perf_v1_m8_nongemm_nodsp_2023_2/rtl/leaf/fp32/vit_fp32_from_u32_comb.sv: OK
reports/m8/server_runs/20260808T173000Z-m8-e04-mode3-pass-repeat-receipt/workspace_snapshot/vivado_server_307_perf_v1_m8_nongemm_nodsp_2023_2/rtl/leaf/fp32/vit_fp32_gelu_comb.sv: OK
reports/m8/server_runs/20260808T173000Z-m8-e04-mode3-pass-repeat-receipt/workspace_snapshot/vivado_server_307_perf_v1_m8_nongemm_nodsp_2023_2/rtl/leaf/fp32/vit_fp32_mul_comb_nodsp.sv: OK
reports/m8/server_runs/20260808T173000Z-m8-e04-mode3-pass-repeat-receipt/workspace_snapshot/vivado_server_307_perf_v1_m8_nongemm_nodsp_2023_2/rtl/leaf/fp32/vit_fp32_recip_comb.sv: OK
reports/m8/server_runs/20260808T173000Z-m8-e04-mode3-pass-repeat-receipt/workspace_snapshot/vivado_server_307_perf_v1_m8_nongemm_nodsp_2023_2/rtl/leaf/fp32/vit_fp32_recip_u32_comb.sv: OK
reports/m8/server_runs/20260808T173000Z-m8-e04-mode3-pass-repeat-receipt/workspace_snapshot/vivado_server_307_perf_v1_m8_nongemm_nodsp_2023_2/rtl/leaf/fp32/vit_fp32_recip_u32_serial.sv: OK
reports/m8/server_runs/20260808T173000Z-m8-e04-mode3-pass-repeat-receipt/workspace_snapshot/vivado_server_307_perf_v1_m8_nongemm_nodsp_2023_2/rtl/leaf/fp32/vit_fp32_rsqrt_step_comb.sv: OK
reports/m8/server_runs/20260808T173000Z-m8-e04-mode3-pass-repeat-receipt/workspace_snapshot/vivado_server_307_perf_v1_m8_nongemm_nodsp_2023_2/rtl/leaf/fp32/vit_fp32_scale_pow2_down_comb.sv: OK
reports/m8/server_runs/20260808T173000Z-m8-e04-mode3-pass-repeat-receipt/workspace_snapshot/vivado_server_307_perf_v1_m8_nongemm_nodsp_2023_2/rtl/leaf/fp32/vit_fp32_sub_comb.sv: OK
reports/m8/server_runs/20260808T173000Z-m8-e04-mode3-pass-repeat-receipt/workspace_snapshot/vivado_server_307_perf_v1_m8_nongemm_nodsp_2023_2/rtl/leaf/fp32/vit_fp32_to_u32_floor_comb.sv: OK
reports/m8/server_runs/20260808T173000Z-m8-e04-mode3-pass-repeat-receipt/workspace_snapshot/vivado_server_307_perf_v1_m8_nongemm_nodsp_2023_2/rtl/pkg/vit_fp32_pkg.sv: OK
reports/m8/server_runs/20260808T173000Z-m8-e04-mode3-pass-repeat-receipt/workspace_snapshot/vivado_server_307_perf_v1_m8_nongemm_nodsp_2023_2/rtl/pkg/vit_phase_e_pkg.sv: OK
reports/m8/server_runs/20260808T173000Z-m8-e04-mode3-pass-repeat-receipt/workspace_snapshot/vivado_server_307_perf_v1_m8_nongemm_nodsp_2023_2/rtl/top/vit_phase_e_axi_bd_wrapper.v: OK
reports/m8/server_runs/20260808T173000Z-m8-e04-mode3-pass-repeat-receipt/workspace_snapshot/vivado_server_307_perf_v1_m8_nongemm_nodsp_2023_2/sim/axi/vit_axi_ddr_model_128.sv: OK
reports/m8/server_runs/20260808T173000Z-m8-e04-mode3-pass-repeat-receipt/workspace_snapshot/vivado_server_307_perf_v1_m8_nongemm_nodsp_2023_2/sim/end_to_end/m7_mode3_real_assets.py: OK
reports/m8/server_runs/20260808T173000Z-m8-e04-mode3-pass-repeat-receipt/workspace_snapshot/vivado_server_307_perf_v1_m8_nongemm_nodsp_2023_2/sim/end_to_end/run_e04_mode3_real_axi_rtl_verilator.sh: OK
reports/m8/server_runs/20260808T173000Z-m8-e04-mode3-pass-repeat-receipt/workspace_snapshot/vivado_server_307_perf_v1_m8_nongemm_nodsp_2023_2/sim/end_to_end/stage_m7_mode3_real_assets.py: OK
reports/m8/server_runs/20260808T173000Z-m8-e04-mode3-pass-repeat-receipt/workspace_snapshot/vivado_server_307_perf_v1_m8_nongemm_nodsp_2023_2/sim/end_to_end/tb_vit_phase_e_axi_e04_mode3_real_rtl.sv: OK
reports/m8/server_runs/20260808T173000Z-m8-e04-mode3-pass-repeat-receipt/workspace_snapshot/vivado_server_307_perf_v1_m8_nongemm_nodsp_2023_2/sim/end_to_end/vit_phase_e_axi_e04_mode3_real_rtl_verilator.f: OK
reports/m8/server_runs/20260808T181104Z-m8-e01-mode3-threepass-receipt/AUTHORITATIVE_ARTIFACTS_SHA256.txt: OK
reports/m8/server_runs/20260808T181104Z-m8-e01-mode3-threepass-receipt/INPUT_IDENTITY.txt: OK
reports/m8/server_runs/20260808T181104Z-m8-e01-mode3-threepass-receipt/PRODUCTION_SOURCE_STATE.txt: OK
reports/m8/server_runs/20260808T181104Z-m8-e01-mode3-threepass-receipt/PRODUCTION_WORKSPACE_PATHS.txt: OK
reports/m8/server_runs/20260808T181104Z-m8-e01-mode3-threepass-receipt/RAW_REMOTE_RUNS_SHA256SUMS.txt: OK
reports/m8/server_runs/20260808T181104Z-m8-e01-mode3-threepass-receipt/README.md: OK
reports/m8/server_runs/20260808T181104Z-m8-e01-mode3-threepass-receipt/RECEIPT_SHA256SUMS.txt: OK
reports/m8/server_runs/20260808T181104Z-m8-e01-mode3-threepass-receipt/REMOTE_QUIESCENCE.txt: OK
reports/m8/server_runs/20260808T181104Z-m8-e01-mode3-threepass-receipt/RUNNER_STATES_SHA256SUMS.txt: OK
reports/m8/server_runs/20260808T181104Z-m8-e01-mode3-threepass-receipt/RUN_COMPLETION_EVIDENCE.txt: OK
reports/m8/server_runs/20260808T181104Z-m8-e01-mode3-threepass-receipt/SOURCE_STATE_IDENTITIES.txt: OK
reports/m8/server_runs/20260808T181104Z-m8-e01-mode3-threepass-receipt/STAGED_ASSETS_SHA256.txt: OK
reports/m8/server_runs/20260808T181104Z-m8-e01-mode3-threepass-receipt/STATUS.txt: OK
reports/m8/server_runs/20260808T181104Z-m8-e01-mode3-threepass-receipt/THREE_RUN_SIGNATURE_SHA256.txt: OK
reports/m8/server_runs/20260808T181104Z-m8-e01-mode3-threepass-receipt/THREE_RUN_TERMINAL_SIGNATURE.txt: OK
reports/m8/server_runs/20260808T181104Z-m8-e01-mode3-threepass-receipt/TOOL_IDENTITY.txt: OK
reports/m8/server_runs/20260808T181104Z-m8-e01-mode3-threepass-receipt/TRANSFER_VERIFICATION.txt: OK
reports/m8/server_runs/20260808T181104Z-m8-e01-mode3-threepass-receipt/WORKSPACE_INPUT_PATHS.txt: OK
reports/m8/server_runs/20260808T181104Z-m8-e01-mode3-threepass-receipt/WORKSPACE_INPUT_SHA256SUMS.txt: OK
reports/m8/server_runs/20260808T181104Z-m8-e01-mode3-threepass-receipt/WORKSPACE_SNAPSHOT_SHA256SUMS.txt: OK
reports/m8/server_runs/20260808T181104Z-m8-e01-mode3-threepass-receipt/raw_remote_runs/20260808T172200Z-m8-e01-mode3-observation/REMOTE_RUNNER.log: OK
reports/m8/server_runs/20260808T181104Z-m8-e01-mode3-threepass-receipt/raw_remote_runs/20260808T172200Z-m8-e01-mode3-observation/RUNNER_PID.txt: OK
reports/m8/server_runs/20260808T181104Z-m8-e01-mode3-threepass-receipt/raw_remote_runs/20260808T172400Z-m8-e01-mode3-observation/REMOTE_RUNNER.log: OK
reports/m8/server_runs/20260808T181104Z-m8-e01-mode3-threepass-receipt/raw_remote_runs/20260808T172400Z-m8-e01-mode3-observation/RUNNER_PID.txt: OK
reports/m8/server_runs/20260808T181104Z-m8-e01-mode3-threepass-receipt/raw_remote_runs/20260808T172400Z-m8-e01-mode3-observation/e01_run/SOURCE_STATE_AFTER.txt: OK
reports/m8/server_runs/20260808T181104Z-m8-e01-mode3-threepass-receipt/raw_remote_runs/20260808T172400Z-m8-e01-mode3-observation/e01_run/SOURCE_STATE_BEFORE.txt: OK
reports/m8/server_runs/20260808T181104Z-m8-e01-mode3-threepass-receipt/raw_remote_runs/20260808T172400Z-m8-e01-mode3-observation/e01_run/SOURCE_STATE_FINAL.txt: OK
reports/m8/server_runs/20260808T181104Z-m8-e01-mode3-threepass-receipt/raw_remote_runs/20260808T172400Z-m8-e01-mode3-observation/e01_run/asset_stage.log: OK
reports/m8/server_runs/20260808T181104Z-m8-e01-mode3-threepass-receipt/raw_remote_runs/20260808T172400Z-m8-e01-mode3-observation/e01_run/assets/asset_evidence.json: OK
reports/m8/server_runs/20260808T181104Z-m8-e01-mode3-threepass-receipt/raw_remote_runs/20260808T172400Z-m8-e01-mode3-observation/e01_run/assets/cls_token_f32.hex: OK
reports/m8/server_runs/20260808T181104Z-m8-e01-mode3-threepass-receipt/raw_remote_runs/20260808T172400Z-m8-e01-mode3-observation/e01_run/assets/embedding_golden_f32.hex: OK
reports/m8/server_runs/20260808T181104Z-m8-e01-mode3-threepass-receipt/raw_remote_runs/20260808T172400Z-m8-e01-mode3-observation/e01_run/assets/patch_bias_f32.hex: OK
reports/m8/server_runs/20260808T181104Z-m8-e01-mode3-threepass-receipt/raw_remote_runs/20260808T172400Z-m8-e01-mode3-observation/e01_run/assets/patch_weight_packed_fp16_u32.hex: OK
reports/m8/server_runs/20260808T181104Z-m8-e01-mode3-threepass-receipt/raw_remote_runs/20260808T172400Z-m8-e01-mode3-observation/e01_run/assets/position_f32.hex: OK
reports/m8/server_runs/20260808T181104Z-m8-e01-mode3-threepass-receipt/raw_remote_runs/20260808T172400Z-m8-e01-mode3-observation/e01_run/assets/prepared_input_f32.hex: OK
reports/m8/server_runs/20260808T181104Z-m8-e01-mode3-threepass-receipt/raw_remote_runs/20260808T172400Z-m8-e01-mode3-observation/e01_run/behavioral_golden_compare.log: OK
reports/m8/server_runs/20260808T181104Z-m8-e01-mode3-threepass-receipt/raw_remote_runs/20260808T172400Z-m8-e01-mode3-observation/e01_run/build.log: OK
reports/m8/server_runs/20260808T181104Z-m8-e01-mode3-threepass-receipt/raw_remote_runs/20260808T172400Z-m8-e01-mode3-observation/e01_run/m6_current_adder_oracle_compare.log: OK
reports/m8/server_runs/20260808T181104Z-m8-e01-mode3-threepass-receipt/raw_remote_runs/20260808T172400Z-m8-e01-mode3-observation/e01_run/outputs/embedding_rtl_f32.hex: OK
reports/m8/server_runs/20260808T181104Z-m8-e01-mode3-threepass-receipt/raw_remote_runs/20260808T172400Z-m8-e01-mode3-observation/e01_run/outputs/m7_mode3_e01_behavioral_golden_comparison.json: OK
reports/m8/server_runs/20260808T181104Z-m8-e01-mode3-threepass-receipt/raw_remote_runs/20260808T172400Z-m8-e01-mode3-observation/e01_run/outputs/m7_mode3_e01_m6_current_adder_oracle_comparison.json: OK
reports/m8/server_runs/20260808T181104Z-m8-e01-mode3-threepass-receipt/raw_remote_runs/20260808T172400Z-m8-e01-mode3-observation/e01_run/run.log: OK
reports/m8/server_runs/20260808T181104Z-m8-e01-mode3-threepass-receipt/raw_remote_runs/20260808T173900Z-m8-e01-mode3-exact-repeat/REMOTE_RUNNER.log: OK
reports/m8/server_runs/20260808T181104Z-m8-e01-mode3-threepass-receipt/raw_remote_runs/20260808T173900Z-m8-e01-mode3-exact-repeat/RUNNER_PID.txt: OK
reports/m8/server_runs/20260808T181104Z-m8-e01-mode3-threepass-receipt/raw_remote_runs/20260808T173900Z-m8-e01-mode3-exact-repeat/e01_run/SOURCE_STATE_AFTER.txt: OK
reports/m8/server_runs/20260808T181104Z-m8-e01-mode3-threepass-receipt/raw_remote_runs/20260808T173900Z-m8-e01-mode3-exact-repeat/e01_run/SOURCE_STATE_BEFORE.txt: OK
reports/m8/server_runs/20260808T181104Z-m8-e01-mode3-threepass-receipt/raw_remote_runs/20260808T173900Z-m8-e01-mode3-exact-repeat/e01_run/SOURCE_STATE_FINAL.txt: OK
reports/m8/server_runs/20260808T181104Z-m8-e01-mode3-threepass-receipt/raw_remote_runs/20260808T173900Z-m8-e01-mode3-exact-repeat/e01_run/asset_stage.log: OK
reports/m8/server_runs/20260808T181104Z-m8-e01-mode3-threepass-receipt/raw_remote_runs/20260808T173900Z-m8-e01-mode3-exact-repeat/e01_run/assets/asset_evidence.json: OK
reports/m8/server_runs/20260808T181104Z-m8-e01-mode3-threepass-receipt/raw_remote_runs/20260808T173900Z-m8-e01-mode3-exact-repeat/e01_run/assets/cls_token_f32.hex: OK
reports/m8/server_runs/20260808T181104Z-m8-e01-mode3-threepass-receipt/raw_remote_runs/20260808T173900Z-m8-e01-mode3-exact-repeat/e01_run/assets/embedding_golden_f32.hex: OK
reports/m8/server_runs/20260808T181104Z-m8-e01-mode3-threepass-receipt/raw_remote_runs/20260808T173900Z-m8-e01-mode3-exact-repeat/e01_run/assets/patch_bias_f32.hex: OK
reports/m8/server_runs/20260808T181104Z-m8-e01-mode3-threepass-receipt/raw_remote_runs/20260808T173900Z-m8-e01-mode3-exact-repeat/e01_run/assets/patch_weight_packed_fp16_u32.hex: OK
reports/m8/server_runs/20260808T181104Z-m8-e01-mode3-threepass-receipt/raw_remote_runs/20260808T173900Z-m8-e01-mode3-exact-repeat/e01_run/assets/position_f32.hex: OK
reports/m8/server_runs/20260808T181104Z-m8-e01-mode3-threepass-receipt/raw_remote_runs/20260808T173900Z-m8-e01-mode3-exact-repeat/e01_run/assets/prepared_input_f32.hex: OK
reports/m8/server_runs/20260808T181104Z-m8-e01-mode3-threepass-receipt/raw_remote_runs/20260808T173900Z-m8-e01-mode3-exact-repeat/e01_run/behavioral_golden_compare.log: OK
reports/m8/server_runs/20260808T181104Z-m8-e01-mode3-threepass-receipt/raw_remote_runs/20260808T173900Z-m8-e01-mode3-exact-repeat/e01_run/build.log: OK
reports/m8/server_runs/20260808T181104Z-m8-e01-mode3-threepass-receipt/raw_remote_runs/20260808T173900Z-m8-e01-mode3-exact-repeat/e01_run/m6_current_adder_oracle_compare.log: OK
reports/m8/server_runs/20260808T181104Z-m8-e01-mode3-threepass-receipt/raw_remote_runs/20260808T173900Z-m8-e01-mode3-exact-repeat/e01_run/outputs/embedding_rtl_f32.hex: OK
reports/m8/server_runs/20260808T181104Z-m8-e01-mode3-threepass-receipt/raw_remote_runs/20260808T173900Z-m8-e01-mode3-exact-repeat/e01_run/outputs/m7_mode3_e01_behavioral_golden_comparison.json: OK
reports/m8/server_runs/20260808T181104Z-m8-e01-mode3-threepass-receipt/raw_remote_runs/20260808T173900Z-m8-e01-mode3-exact-repeat/e01_run/outputs/m7_mode3_e01_m6_current_adder_oracle_comparison.json: OK
reports/m8/server_runs/20260808T181104Z-m8-e01-mode3-threepass-receipt/raw_remote_runs/20260808T173900Z-m8-e01-mode3-exact-repeat/e01_run/run.log: OK
reports/m8/server_runs/20260808T181104Z-m8-e01-mode3-threepass-receipt/raw_remote_runs/20260808T175400Z-m8-e01-mode3-hash-exact-final/REMOTE_RUNNER.log: OK
reports/m8/server_runs/20260808T181104Z-m8-e01-mode3-threepass-receipt/raw_remote_runs/20260808T175400Z-m8-e01-mode3-hash-exact-final/RUNNER_PID.txt: OK
reports/m8/server_runs/20260808T181104Z-m8-e01-mode3-threepass-receipt/raw_remote_runs/20260808T175400Z-m8-e01-mode3-hash-exact-final/e01_run/SOURCE_STATE_AFTER.txt: OK
reports/m8/server_runs/20260808T181104Z-m8-e01-mode3-threepass-receipt/raw_remote_runs/20260808T175400Z-m8-e01-mode3-hash-exact-final/e01_run/SOURCE_STATE_BEFORE.txt: OK
reports/m8/server_runs/20260808T181104Z-m8-e01-mode3-threepass-receipt/raw_remote_runs/20260808T175400Z-m8-e01-mode3-hash-exact-final/e01_run/SOURCE_STATE_FINAL.txt: OK
reports/m8/server_runs/20260808T181104Z-m8-e01-mode3-threepass-receipt/raw_remote_runs/20260808T175400Z-m8-e01-mode3-hash-exact-final/e01_run/asset_stage.log: OK
reports/m8/server_runs/20260808T181104Z-m8-e01-mode3-threepass-receipt/raw_remote_runs/20260808T175400Z-m8-e01-mode3-hash-exact-final/e01_run/assets/asset_evidence.json: OK
reports/m8/server_runs/20260808T181104Z-m8-e01-mode3-threepass-receipt/raw_remote_runs/20260808T175400Z-m8-e01-mode3-hash-exact-final/e01_run/assets/cls_token_f32.hex: OK
reports/m8/server_runs/20260808T181104Z-m8-e01-mode3-threepass-receipt/raw_remote_runs/20260808T175400Z-m8-e01-mode3-hash-exact-final/e01_run/assets/embedding_golden_f32.hex: OK
reports/m8/server_runs/20260808T181104Z-m8-e01-mode3-threepass-receipt/raw_remote_runs/20260808T175400Z-m8-e01-mode3-hash-exact-final/e01_run/assets/patch_bias_f32.hex: OK
reports/m8/server_runs/20260808T181104Z-m8-e01-mode3-threepass-receipt/raw_remote_runs/20260808T175400Z-m8-e01-mode3-hash-exact-final/e01_run/assets/patch_weight_packed_fp16_u32.hex: OK
reports/m8/server_runs/20260808T181104Z-m8-e01-mode3-threepass-receipt/raw_remote_runs/20260808T175400Z-m8-e01-mode3-hash-exact-final/e01_run/assets/position_f32.hex: OK
reports/m8/server_runs/20260808T181104Z-m8-e01-mode3-threepass-receipt/raw_remote_runs/20260808T175400Z-m8-e01-mode3-hash-exact-final/e01_run/assets/prepared_input_f32.hex: OK
reports/m8/server_runs/20260808T181104Z-m8-e01-mode3-threepass-receipt/raw_remote_runs/20260808T175400Z-m8-e01-mode3-hash-exact-final/e01_run/behavioral_golden_compare.log: OK
reports/m8/server_runs/20260808T181104Z-m8-e01-mode3-threepass-receipt/raw_remote_runs/20260808T175400Z-m8-e01-mode3-hash-exact-final/e01_run/build.log: OK
reports/m8/server_runs/20260808T181104Z-m8-e01-mode3-threepass-receipt/raw_remote_runs/20260808T175400Z-m8-e01-mode3-hash-exact-final/e01_run/m6_current_adder_oracle_compare.log: OK
reports/m8/server_runs/20260808T181104Z-m8-e01-mode3-threepass-receipt/raw_remote_runs/20260808T175400Z-m8-e01-mode3-hash-exact-final/e01_run/outputs/embedding_rtl_f32.hex: OK
reports/m8/server_runs/20260808T181104Z-m8-e01-mode3-threepass-receipt/raw_remote_runs/20260808T175400Z-m8-e01-mode3-hash-exact-final/e01_run/outputs/m7_mode3_e01_behavioral_golden_comparison.json: OK
reports/m8/server_runs/20260808T181104Z-m8-e01-mode3-threepass-receipt/raw_remote_runs/20260808T175400Z-m8-e01-mode3-hash-exact-final/e01_run/outputs/m7_mode3_e01_m6_current_adder_oracle_comparison.json: OK
reports/m8/server_runs/20260808T181104Z-m8-e01-mode3-threepass-receipt/raw_remote_runs/20260808T175400Z-m8-e01-mode3-hash-exact-final/e01_run/run.log: OK
reports/m8/server_runs/20260808T181104Z-m8-e01-mode3-threepass-receipt/runner_states/EXACT_REPEAT_TO_HASH_EXACT_FINAL.patch: OK
reports/m8/server_runs/20260808T181104Z-m8-e01-mode3-threepass-receipt/runner_states/OBSERVATION_TO_EXACT_REPEAT.patch: OK
reports/m8/server_runs/20260808T181104Z-m8-e01-mode3-threepass-receipt/runner_states/exact_repeat_runner_5a4c39e58a80.sh: OK
reports/m8/server_runs/20260808T181104Z-m8-e01-mode3-threepass-receipt/runner_states/hash_exact_final_runner_0f376c03632d.sh: OK
reports/m8/server_runs/20260808T181104Z-m8-e01-mode3-threepass-receipt/runner_states/observation_runner_1a12cdc9ad05.sh: OK
reports/m8/server_runs/20260808T181104Z-m8-e01-mode3-threepass-receipt/verify_receipt.sh: OK
reports/m8/server_runs/20260808T181104Z-m8-e01-mode3-threepass-receipt/workspace_snapshot/build/model_package/v3_blocked_b_fp16_mixed/hash_manifest.json: OK
reports/m8/server_runs/20260808T181104Z-m8-e01-mode3-threepass-receipt/workspace_snapshot/build/model_package/v3_blocked_b_fp16_mixed/prepared_input.bin: OK
reports/m8/server_runs/20260808T181104Z-m8-e01-mode3-threepass-receipt/workspace_snapshot/build/model_package/v3_blocked_b_fp16_mixed/verification_report.json: OK
reports/m8/server_runs/20260808T181104Z-m8-e01-mode3-threepass-receipt/workspace_snapshot/build/model_package/v3_blocked_b_fp16_mixed/vit_model.bin: OK
reports/m8/server_runs/20260808T181104Z-m8-e01-mode3-threepass-receipt/workspace_snapshot/build/model_package/v3_blocked_b_fp16_mixed/vit_model_table.bin: OK
reports/m8/server_runs/20260808T181104Z-m8-e01-mode3-threepass-receipt/workspace_snapshot/build/model_package/v3_blocked_b_fp16_mixed/vit_model_table.json: OK
reports/m8/server_runs/20260808T181104Z-m8-e01-mode3-threepass-receipt/workspace_snapshot/build/model_package/v3_blocked_b_fp16_mixed/vit_runtime_config.json: OK
reports/m8/server_runs/20260808T181104Z-m8-e01-mode3-threepass-receipt/workspace_snapshot/experimental/m6_fp16_nodsp_ooc/reference/m6_fp16_reference.py: OK
reports/m8/server_runs/20260808T181104Z-m8-e01-mode3-threepass-receipt/workspace_snapshot/results/embedding_step_06_hidden_states_f32.hex: OK
reports/m8/server_runs/20260808T181104Z-m8-e01-mode3-threepass-receipt/workspace_snapshot/vivado_server_307_perf_v1_m7s8_fp16_parallel_overlap_2023_2/rtl/leaf/fp32/vit_fp32_add_comb.sv: OK
reports/m8/server_runs/20260808T181104Z-m8-e01-mode3-threepass-receipt/workspace_snapshot/vivado_server_307_perf_v1_m8_nongemm_nodsp_2023_2/filelists/full_axi.f: OK
reports/m8/server_runs/20260808T181104Z-m8-e01-mode3-threepass-receipt/workspace_snapshot/vivado_server_307_perf_v1_m8_nongemm_nodsp_2023_2/rtl/axi/control/vit_axi_lite_control_regs.sv: OK
reports/m8/server_runs/20260808T181104Z-m8-e01-mode3-threepass-receipt/workspace_snapshot/vivado_server_307_perf_v1_m8_nongemm_nodsp_2023_2/rtl/axi/control/vit_layer_param_loader.sv: OK
reports/m8/server_runs/20260808T181104Z-m8-e01-mode3-threepass-receipt/workspace_snapshot/vivado_server_307_perf_v1_m8_nongemm_nodsp_2023_2/rtl/axi/control/vit_layer_param_table.sv: OK
reports/m8/server_runs/20260808T181104Z-m8-e01-mode3-threepass-receipt/workspace_snapshot/vivado_server_307_perf_v1_m8_nongemm_nodsp_2023_2/rtl/axi/control/vit_phase_e_m5_axi_counters.sv: OK
reports/m8/server_runs/20260808T181104Z-m8-e01-mode3-threepass-receipt/workspace_snapshot/vivado_server_307_perf_v1_m8_nongemm_nodsp_2023_2/rtl/axi/control/vit_phase_e_m7_overlap_counters.sv: OK
reports/m8/server_runs/20260808T181104Z-m8-e01-mode3-threepass-receipt/workspace_snapshot/vivado_server_307_perf_v1_m8_nongemm_nodsp_2023_2/rtl/axi/control/vit_phase_e_perf_counters.sv: OK
reports/m8/server_runs/20260808T181104Z-m8-e01-mode3-threepass-receipt/workspace_snapshot/vivado_server_307_perf_v1_m8_nongemm_nodsp_2023_2/rtl/axi/control/vit_phase_e_profile_counters.sv: OK
reports/m8/server_runs/20260808T181104Z-m8-e01-mode3-threepass-receipt/workspace_snapshot/vivado_server_307_perf_v1_m8_nongemm_nodsp_2023_2/rtl/axi/memory/vit_phase_e_axi_mem_adapter.sv: OK
reports/m8/server_runs/20260808T181104Z-m8-e01-mode3-threepass-receipt/workspace_snapshot/vivado_server_307_perf_v1_m8_nongemm_nodsp_2023_2/rtl/axi/vit_phase_e_axi_wrapper.sv: OK
reports/m8/server_runs/20260808T181104Z-m8-e01-mode3-threepass-receipt/workspace_snapshot/vivado_server_307_perf_v1_m8_nongemm_nodsp_2023_2/rtl/blocks/argmax/vit_argmax_engine_fp32.sv: OK
reports/m8/server_runs/20260808T181104Z-m8-e01-mode3-threepass-receipt/workspace_snapshot/vivado_server_307_perf_v1_m8_nongemm_nodsp_2023_2/rtl/blocks/gelu/vit_fp32_gelu_serial.sv: OK
reports/m8/server_runs/20260808T181104Z-m8-e01-mode3-threepass-receipt/workspace_snapshot/vivado_server_307_perf_v1_m8_nongemm_nodsp_2023_2/rtl/blocks/gelu/vit_gelu_engine_fp32.sv: OK
reports/m8/server_runs/20260808T181104Z-m8-e01-mode3-threepass-receipt/workspace_snapshot/vivado_server_307_perf_v1_m8_nongemm_nodsp_2023_2/rtl/blocks/gelu/vit_gelu_lane_datapath.sv: OK
reports/m8/server_runs/20260808T181104Z-m8-e01-mode3-threepass-receipt/workspace_snapshot/vivado_server_307_perf_v1_m8_nongemm_nodsp_2023_2/rtl/blocks/gemm/vit_fp32_reduce16.sv: OK
reports/m8/server_runs/20260808T181104Z-m8-e01-mode3-threepass-receipt/workspace_snapshot/vivado_server_307_perf_v1_m8_nongemm_nodsp_2023_2/rtl/blocks/gemm/vit_gemm_accumulator.sv: OK
reports/m8/server_runs/20260808T181104Z-m8-e01-mode3-threepass-receipt/workspace_snapshot/vivado_server_307_perf_v1_m8_nongemm_nodsp_2023_2/rtl/blocks/gemm/vit_gemm_accumulator_bank.sv: OK
reports/m8/server_runs/20260808T181104Z-m8-e01-mode3-threepass-receipt/workspace_snapshot/vivado_server_307_perf_v1_m8_nongemm_nodsp_2023_2/rtl/blocks/gemm/vit_gemm_activation_panel_cache.sv: OK
reports/m8/server_runs/20260808T181104Z-m8-e01-mode3-threepass-receipt/workspace_snapshot/vivado_server_307_perf_v1_m8_nongemm_nodsp_2023_2/rtl/blocks/gemm/vit_gemm_bias_cache.sv: OK
reports/m8/server_runs/20260808T181104Z-m8-e01-mode3-threepass-receipt/workspace_snapshot/vivado_server_307_perf_v1_m8_nongemm_nodsp_2023_2/rtl/blocks/gemm/vit_gemm_controller.sv: OK
reports/m8/server_runs/20260808T181104Z-m8-e01-mode3-threepass-receipt/workspace_snapshot/vivado_server_307_perf_v1_m8_nongemm_nodsp_2023_2/rtl/blocks/gemm/vit_gemm_dot16.sv: OK
reports/m8/server_runs/20260808T181104Z-m8-e01-mode3-threepass-receipt/workspace_snapshot/vivado_server_307_perf_v1_m8_nongemm_nodsp_2023_2/rtl/blocks/gemm/vit_gemm_dot16_serial.sv: OK
reports/m8/server_runs/20260808T181104Z-m8-e01-mode3-threepass-receipt/workspace_snapshot/vivado_server_307_perf_v1_m8_nongemm_nodsp_2023_2/rtl/blocks/gemm/vit_gemm_dual_mode_array.sv: OK
reports/m8/server_runs/20260808T181104Z-m8-e01-mode3-threepass-receipt/workspace_snapshot/vivado_server_307_perf_v1_m8_nongemm_nodsp_2023_2/rtl/blocks/gemm/vit_gemm_fp16_parallel_scheduler.sv: OK
reports/m8/server_runs/20260808T181104Z-m8-e01-mode3-threepass-receipt/workspace_snapshot/vivado_server_307_perf_v1_m8_nongemm_nodsp_2023_2/rtl/blocks/gemm/vit_gemm_fp16_stream_array.sv: OK
reports/m8/server_runs/20260808T181104Z-m8-e01-mode3-threepass-receipt/workspace_snapshot/vivado_server_307_perf_v1_m8_nongemm_nodsp_2023_2/rtl/blocks/gemm/vit_gemm_operand_router.sv: OK
reports/m8/server_runs/20260808T181104Z-m8-e01-mode3-threepass-receipt/workspace_snapshot/vivado_server_307_perf_v1_m8_nongemm_nodsp_2023_2/rtl/blocks/gemm/vit_gemm_pe.sv: OK
reports/m8/server_runs/20260808T181104Z-m8-e01-mode3-threepass-receipt/workspace_snapshot/vivado_server_307_perf_v1_m8_nongemm_nodsp_2023_2/rtl/blocks/gemm/vit_gemm_pe_array.sv: OK
reports/m8/server_runs/20260808T181104Z-m8-e01-mode3-threepass-receipt/workspace_snapshot/vivado_server_307_perf_v1_m8_nongemm_nodsp_2023_2/rtl/blocks/gemm/vit_gemm_result_fifo.sv: OK
reports/m8/server_runs/20260808T181104Z-m8-e01-mode3-threepass-receipt/workspace_snapshot/vivado_server_307_perf_v1_m8_nongemm_nodsp_2023_2/rtl/blocks/gemm/vit_gemm_result_path.sv: OK
reports/m8/server_runs/20260808T181104Z-m8-e01-mode3-threepass-receipt/workspace_snapshot/vivado_server_307_perf_v1_m8_nongemm_nodsp_2023_2/rtl/blocks/gemm/vit_gemm_tree_array.sv: OK
reports/m8/server_runs/20260808T181104Z-m8-e01-mode3-threepass-receipt/workspace_snapshot/vivado_server_307_perf_v1_m8_nongemm_nodsp_2023_2/rtl/blocks/gemm/vit_tree_pe_fp32.sv: OK
reports/m8/server_runs/20260808T181104Z-m8-e01-mode3-threepass-receipt/workspace_snapshot/vivado_server_307_perf_v1_m8_nongemm_nodsp_2023_2/rtl/blocks/layernorm/vit_layernorm_affine_datapath.sv: OK
reports/m8/server_runs/20260808T181104Z-m8-e01-mode3-threepass-receipt/workspace_snapshot/vivado_server_307_perf_v1_m8_nongemm_nodsp_2023_2/rtl/blocks/layernorm/vit_layernorm_engine_fp32.sv: OK
reports/m8/server_runs/20260808T181104Z-m8-e01-mode3-threepass-receipt/workspace_snapshot/vivado_server_307_perf_v1_m8_nongemm_nodsp_2023_2/rtl/blocks/layernorm/vit_layernorm_statistics_datapath.sv: OK
reports/m8/server_runs/20260808T181104Z-m8-e01-mode3-threepass-receipt/workspace_snapshot/vivado_server_307_perf_v1_m8_nongemm_nodsp_2023_2/rtl/blocks/layout/vit_layout_address_generator.sv: OK
reports/m8/server_runs/20260808T181104Z-m8-e01-mode3-threepass-receipt/workspace_snapshot/vivado_server_307_perf_v1_m8_nongemm_nodsp_2023_2/rtl/blocks/layout/vit_layout_descriptor_validator.sv: OK
reports/m8/server_runs/20260808T181104Z-m8-e01-mode3-threepass-receipt/workspace_snapshot/vivado_server_307_perf_v1_m8_nongemm_nodsp_2023_2/rtl/blocks/layout/vit_layout_engine.sv: OK
reports/m8/server_runs/20260808T181104Z-m8-e01-mode3-threepass-receipt/workspace_snapshot/vivado_server_307_perf_v1_m8_nongemm_nodsp_2023_2/rtl/blocks/softmax/vit_softmax_engine_fp32.sv: OK
reports/m8/server_runs/20260808T181104Z-m8-e01-mode3-threepass-receipt/workspace_snapshot/vivado_server_307_perf_v1_m8_nongemm_nodsp_2023_2/rtl/blocks/softmax/vit_softmax_exp_datapath.sv: OK
reports/m8/server_runs/20260808T181104Z-m8-e01-mode3-threepass-receipt/workspace_snapshot/vivado_server_307_perf_v1_m8_nongemm_nodsp_2023_2/rtl/blocks/softmax/vit_softmax_reciprocal_step.sv: OK
reports/m8/server_runs/20260808T181104Z-m8-e01-mode3-threepass-receipt/workspace_snapshot/vivado_server_307_perf_v1_m8_nongemm_nodsp_2023_2/rtl/blocks/vector/vit_vector_datapath.sv: OK
reports/m8/server_runs/20260808T181104Z-m8-e01-mode3-threepass-receipt/workspace_snapshot/vivado_server_307_perf_v1_m8_nongemm_nodsp_2023_2/rtl/blocks/vector/vit_vector_engine_fp32.sv: OK
reports/m8/server_runs/20260808T181104Z-m8-e01-mode3-threepass-receipt/workspace_snapshot/vivado_server_307_perf_v1_m8_nongemm_nodsp_2023_2/rtl/blocks/vector/vit_vector_lane_alu.sv: OK
reports/m8/server_runs/20260808T181104Z-m8-e01-mode3-threepass-receipt/workspace_snapshot/vivado_server_307_perf_v1_m8_nongemm_nodsp_2023_2/rtl/control/vit_phase_e_sequencer.sv: OK
reports/m8/server_runs/20260808T181104Z-m8-e01-mode3-threepass-receipt/workspace_snapshot/vivado_server_307_perf_v1_m8_nongemm_nodsp_2023_2/rtl/core/vit_gemm_memory_address_context.sv: OK
reports/m8/server_runs/20260808T181104Z-m8-e01-mode3-threepass-receipt/workspace_snapshot/vivado_server_307_perf_v1_m8_nongemm_nodsp_2023_2/rtl/core/vit_phase_e_command_controller.sv: OK
reports/m8/server_runs/20260808T181104Z-m8-e01-mode3-threepass-receipt/workspace_snapshot/vivado_server_307_perf_v1_m8_nongemm_nodsp_2023_2/rtl/core/vit_phase_e_engine_dispatch.sv: OK
reports/m8/server_runs/20260808T181104Z-m8-e01-mode3-threepass-receipt/workspace_snapshot/vivado_server_307_perf_v1_m8_nongemm_nodsp_2023_2/rtl/core/vit_phase_e_engine_top.sv: OK
reports/m8/server_runs/20260808T181104Z-m8-e01-mode3-threepass-receipt/workspace_snapshot/vivado_server_307_perf_v1_m8_nongemm_nodsp_2023_2/rtl/core/vit_phase_e_memory_frontend.sv: OK
reports/m8/server_runs/20260808T181104Z-m8-e01-mode3-threepass-receipt/workspace_snapshot/vivado_server_307_perf_v1_m8_nongemm_nodsp_2023_2/rtl/core/vit_phase_e_npu.sv: OK
reports/m8/server_runs/20260808T181104Z-m8-e01-mode3-threepass-receipt/workspace_snapshot/vivado_server_307_perf_v1_m8_nongemm_nodsp_2023_2/rtl/core/vit_phase_e_read_address_router.sv: OK
reports/m8/server_runs/20260808T181104Z-m8-e01-mode3-threepass-receipt/workspace_snapshot/vivado_server_307_perf_v1_m8_nongemm_nodsp_2023_2/rtl/core/vit_phase_e_write_address_router.sv: OK
reports/m8/server_runs/20260808T181104Z-m8-e01-mode3-threepass-receipt/workspace_snapshot/vivado_server_307_perf_v1_m8_nongemm_nodsp_2023_2/rtl/leaf/common/vit_counter.sv: OK
reports/m8/server_runs/20260808T181104Z-m8-e01-mode3-threepass-receipt/workspace_snapshot/vivado_server_307_perf_v1_m8_nongemm_nodsp_2023_2/rtl/leaf/common/vit_lane_mask.sv: OK
reports/m8/server_runs/20260808T181104Z-m8-e01-mode3-threepass-receipt/workspace_snapshot/vivado_server_307_perf_v1_m8_nongemm_nodsp_2023_2/rtl/leaf/common/vit_stream_buffer.sv: OK
reports/m8/server_runs/20260808T181104Z-m8-e01-mode3-threepass-receipt/workspace_snapshot/vivado_server_307_perf_v1_m8_nongemm_nodsp_2023_2/rtl/leaf/common/vit_u32_mul_iterative_nodsp.sv: OK
reports/m8/server_runs/20260808T181104Z-m8-e01-mode3-threepass-receipt/workspace_snapshot/vivado_server_307_perf_v1_m8_nongemm_nodsp_2023_2/rtl/leaf/fp16/vit_fixed_analyze.sv: OK
reports/m8/server_runs/20260808T181104Z-m8-e01-mode3-threepass-receipt/workspace_snapshot/vivado_server_307_perf_v1_m8_nongemm_nodsp_2023_2/rtl/leaf/fp16/vit_fixed_normalized_to_fp32_rne.sv: OK
reports/m8/server_runs/20260808T181104Z-m8-e01-mode3-threepass-receipt/workspace_snapshot/vivado_server_307_perf_v1_m8_nongemm_nodsp_2023_2/rtl/leaf/fp16/vit_fixed_to_fp32_rne.sv: OK
reports/m8/server_runs/20260808T181104Z-m8-e01-mode3-threepass-receipt/workspace_snapshot/vivado_server_307_perf_v1_m8_nongemm_nodsp_2023_2/rtl/leaf/fp16/vit_fp16_dot_stream_csa_nodsp.sv: OK
reports/m8/server_runs/20260808T181104Z-m8-e01-mode3-threepass-receipt/workspace_snapshot/vivado_server_307_perf_v1_m8_nongemm_nodsp_2023_2/rtl/leaf/fp16/vit_fp16_mul_to_fp32_comb_nodsp.sv: OK
reports/m8/server_runs/20260808T181104Z-m8-e01-mode3-threepass-receipt/workspace_snapshot/vivado_server_307_perf_v1_m8_nongemm_nodsp_2023_2/rtl/leaf/fp16/vit_fp32_product_to_fixed_exact.sv: OK
reports/m8/server_runs/20260808T181104Z-m8-e01-mode3-threepass-receipt/workspace_snapshot/vivado_server_307_perf_v1_m8_nongemm_nodsp_2023_2/rtl/leaf/fp16/vit_fp32_to_fp16_rne_gradual.sv: OK
reports/m8/server_runs/20260808T181104Z-m8-e01-mode3-threepass-receipt/workspace_snapshot/vivado_server_307_perf_v1_m8_nongemm_nodsp_2023_2/rtl/leaf/fp32/vit_fp32_accumulator.sv: OK
reports/m8/server_runs/20260808T181104Z-m8-e01-mode3-threepass-receipt/workspace_snapshot/vivado_server_307_perf_v1_m8_nongemm_nodsp_2023_2/rtl/leaf/fp32/vit_fp32_add_comb.sv: OK
reports/m8/server_runs/20260808T181104Z-m8-e01-mode3-threepass-receipt/workspace_snapshot/vivado_server_307_perf_v1_m8_nongemm_nodsp_2023_2/rtl/leaf/fp32/vit_fp32_compare.sv: OK
reports/m8/server_runs/20260808T181104Z-m8-e01-mode3-threepass-receipt/workspace_snapshot/vivado_server_307_perf_v1_m8_nongemm_nodsp_2023_2/rtl/leaf/fp32/vit_fp32_exp_neg_comb.sv: OK
reports/m8/server_runs/20260808T181104Z-m8-e01-mode3-threepass-receipt/workspace_snapshot/vivado_server_307_perf_v1_m8_nongemm_nodsp_2023_2/rtl/leaf/fp32/vit_fp32_from_u32_comb.sv: OK
reports/m8/server_runs/20260808T181104Z-m8-e01-mode3-threepass-receipt/workspace_snapshot/vivado_server_307_perf_v1_m8_nongemm_nodsp_2023_2/rtl/leaf/fp32/vit_fp32_gelu_comb.sv: OK
reports/m8/server_runs/20260808T181104Z-m8-e01-mode3-threepass-receipt/workspace_snapshot/vivado_server_307_perf_v1_m8_nongemm_nodsp_2023_2/rtl/leaf/fp32/vit_fp32_mul_comb_nodsp.sv: OK
reports/m8/server_runs/20260808T181104Z-m8-e01-mode3-threepass-receipt/workspace_snapshot/vivado_server_307_perf_v1_m8_nongemm_nodsp_2023_2/rtl/leaf/fp32/vit_fp32_recip_comb.sv: OK
reports/m8/server_runs/20260808T181104Z-m8-e01-mode3-threepass-receipt/workspace_snapshot/vivado_server_307_perf_v1_m8_nongemm_nodsp_2023_2/rtl/leaf/fp32/vit_fp32_recip_u32_comb.sv: OK
reports/m8/server_runs/20260808T181104Z-m8-e01-mode3-threepass-receipt/workspace_snapshot/vivado_server_307_perf_v1_m8_nongemm_nodsp_2023_2/rtl/leaf/fp32/vit_fp32_recip_u32_serial.sv: OK
reports/m8/server_runs/20260808T181104Z-m8-e01-mode3-threepass-receipt/workspace_snapshot/vivado_server_307_perf_v1_m8_nongemm_nodsp_2023_2/rtl/leaf/fp32/vit_fp32_rsqrt_step_comb.sv: OK
reports/m8/server_runs/20260808T181104Z-m8-e01-mode3-threepass-receipt/workspace_snapshot/vivado_server_307_perf_v1_m8_nongemm_nodsp_2023_2/rtl/leaf/fp32/vit_fp32_scale_pow2_down_comb.sv: OK
reports/m8/server_runs/20260808T181104Z-m8-e01-mode3-threepass-receipt/workspace_snapshot/vivado_server_307_perf_v1_m8_nongemm_nodsp_2023_2/rtl/leaf/fp32/vit_fp32_sub_comb.sv: OK
reports/m8/server_runs/20260808T181104Z-m8-e01-mode3-threepass-receipt/workspace_snapshot/vivado_server_307_perf_v1_m8_nongemm_nodsp_2023_2/rtl/leaf/fp32/vit_fp32_to_u32_floor_comb.sv: OK
reports/m8/server_runs/20260808T181104Z-m8-e01-mode3-threepass-receipt/workspace_snapshot/vivado_server_307_perf_v1_m8_nongemm_nodsp_2023_2/rtl/pkg/vit_fp32_pkg.sv: OK
reports/m8/server_runs/20260808T181104Z-m8-e01-mode3-threepass-receipt/workspace_snapshot/vivado_server_307_perf_v1_m8_nongemm_nodsp_2023_2/rtl/pkg/vit_phase_e_pkg.sv: OK
reports/m8/server_runs/20260808T181104Z-m8-e01-mode3-threepass-receipt/workspace_snapshot/vivado_server_307_perf_v1_m8_nongemm_nodsp_2023_2/rtl/top/vit_phase_e_axi_bd_wrapper.v: OK
reports/m8/server_runs/20260808T181104Z-m8-e01-mode3-threepass-receipt/workspace_snapshot/vivado_server_307_perf_v1_m8_nongemm_nodsp_2023_2/sim/axi/vit_axi_ddr_model_128.sv: OK
reports/m8/server_runs/20260808T181104Z-m8-e01-mode3-threepass-receipt/workspace_snapshot/vivado_server_307_perf_v1_m8_nongemm_nodsp_2023_2/sim/end_to_end/m7_mode3_real_assets.py: OK
reports/m8/server_runs/20260808T181104Z-m8-e01-mode3-threepass-receipt/workspace_snapshot/vivado_server_307_perf_v1_m8_nongemm_nodsp_2023_2/sim/end_to_end/run_e01_mode3_real_axi_rtl_verilator.sh: OK
reports/m8/server_runs/20260808T181104Z-m8-e01-mode3-threepass-receipt/workspace_snapshot/vivado_server_307_perf_v1_m8_nongemm_nodsp_2023_2/sim/end_to_end/stage_m7_mode3_real_assets.py: OK
reports/m8/server_runs/20260808T181104Z-m8-e01-mode3-threepass-receipt/workspace_snapshot/vivado_server_307_perf_v1_m8_nongemm_nodsp_2023_2/sim/end_to_end/tb_vit_phase_e_axi_e01_mode3_real_rtl.sv: OK
reports/m8/server_runs/20260808T181104Z-m8-e01-mode3-threepass-receipt/workspace_snapshot/vivado_server_307_perf_v1_m8_nongemm_nodsp_2023_2/sim/end_to_end/tests/test_m7_mode3_real_assets.py: OK
reports/m8/server_runs/20260808T181104Z-m8-e01-mode3-threepass-receipt/workspace_snapshot/vivado_server_307_perf_v1_m8_nongemm_nodsp_2023_2/sim/end_to_end/vit_phase_e_axi_e01_mode3_real_rtl_verilator.f: OK
reports/m8/server_runs/20260809T032300Z-m8-board-candidate-67c18532/OUTER.exit: OK
reports/m8/server_runs/20260809T032300Z-m8-board-candidate-67c18532/OUTER.log: OK
reports/m8/server_runs/20260809T032300Z-m8-board-candidate-67c18532/OUTER.pid: OK
rtl/axi/control/vit_axi_lite_control_regs.sv: OK
rtl/axi/control/vit_layer_param_loader.sv: OK
rtl/axi/control/vit_layer_param_table.sv: OK
rtl/axi/control/vit_phase_e_m5_axi_counters.sv: OK
rtl/axi/control/vit_phase_e_m7_overlap_counters.sv: OK
rtl/axi/control/vit_phase_e_perf_counters.sv: OK
rtl/axi/control/vit_phase_e_profile_counters.sv: OK
rtl/axi/memory/vit_phase_e_axi_mem_adapter.sv: OK
rtl/axi/vit_phase_e_axi_wrapper.sv: OK
rtl/blocks/argmax/vit_argmax_engine_fp32.sv: OK
rtl/blocks/gelu/vit_fp32_gelu_serial.sv: OK
rtl/blocks/gelu/vit_gelu_engine_fp32.sv: OK
rtl/blocks/gelu/vit_gelu_lane_datapath.sv: OK
rtl/blocks/gemm/vit_fp32_reduce16.sv: OK
rtl/blocks/gemm/vit_gemm_accumulator.sv: OK
rtl/blocks/gemm/vit_gemm_accumulator_bank.sv: OK
rtl/blocks/gemm/vit_gemm_activation_panel_cache.sv: OK
rtl/blocks/gemm/vit_gemm_bias_cache.sv: OK
rtl/blocks/gemm/vit_gemm_controller.sv: OK
rtl/blocks/gemm/vit_gemm_dot16.sv: OK
rtl/blocks/gemm/vit_gemm_dot16_serial.sv: OK
rtl/blocks/gemm/vit_gemm_dual_mode_array.sv: OK
rtl/blocks/gemm/vit_gemm_fp16_parallel_scheduler.sv: OK
rtl/blocks/gemm/vit_gemm_fp16_stream_array.sv: OK
rtl/blocks/gemm/vit_gemm_operand_router.sv: OK
rtl/blocks/gemm/vit_gemm_pe.sv: OK
rtl/blocks/gemm/vit_gemm_pe_array.sv: OK
rtl/blocks/gemm/vit_gemm_result_fifo.sv: OK
rtl/blocks/gemm/vit_gemm_result_path.sv: OK
rtl/blocks/gemm/vit_gemm_tree_array.sv: OK
rtl/blocks/gemm/vit_tree_pe_fp32.sv: OK
rtl/blocks/layernorm/vit_layernorm_affine_datapath.sv: OK
rtl/blocks/layernorm/vit_layernorm_engine_fp32.sv: OK
rtl/blocks/layernorm/vit_layernorm_statistics_datapath.sv: OK
rtl/blocks/layout/vit_layout_address_generator.sv: OK
rtl/blocks/layout/vit_layout_descriptor_validator.sv: OK
rtl/blocks/layout/vit_layout_engine.sv: OK
rtl/blocks/softmax/vit_softmax_engine_fp32.sv: OK
rtl/blocks/softmax/vit_softmax_exp_datapath.sv: OK
rtl/blocks/softmax/vit_softmax_reciprocal_step.sv: OK
rtl/blocks/vector/vit_vector_datapath.sv: OK
rtl/blocks/vector/vit_vector_engine_fp32.sv: OK
rtl/blocks/vector/vit_vector_lane_alu.sv: OK
rtl/control/vit_phase_e_sequencer.sv: OK
rtl/core/vit_gemm_memory_address_context.sv: OK
rtl/core/vit_phase_e_command_controller.sv: OK
rtl/core/vit_phase_e_engine_dispatch.sv: OK
rtl/core/vit_phase_e_engine_top.sv: OK
rtl/core/vit_phase_e_memory_frontend.sv: OK
rtl/core/vit_phase_e_npu.sv: OK
rtl/core/vit_phase_e_read_address_router.sv: OK
rtl/core/vit_phase_e_write_address_router.sv: OK
rtl/leaf/common/vit_counter.sv: OK
rtl/leaf/common/vit_lane_mask.sv: OK
rtl/leaf/common/vit_stream_buffer.sv: OK
rtl/leaf/common/vit_u32_mul_iterative_nodsp.sv: OK
rtl/leaf/fp16/vit_fixed_analyze.sv: OK
rtl/leaf/fp16/vit_fixed_normalized_to_fp32_rne.sv: OK
rtl/leaf/fp16/vit_fixed_to_fp32_rne.sv: OK
rtl/leaf/fp16/vit_fp16_dot_stream_csa_nodsp.sv: OK
rtl/leaf/fp16/vit_fp16_mul_to_fp32_comb_nodsp.sv: OK
rtl/leaf/fp16/vit_fp32_product_to_fixed_exact.sv: OK
rtl/leaf/fp16/vit_fp32_to_fp16_rne_gradual.sv: OK
rtl/leaf/fp32/vit_fp32_accumulator.sv: OK
rtl/leaf/fp32/vit_fp32_add_comb.sv: OK
rtl/leaf/fp32/vit_fp32_compare.sv: OK
rtl/leaf/fp32/vit_fp32_exp_neg_comb.sv: OK
rtl/leaf/fp32/vit_fp32_from_u32_comb.sv: OK
rtl/leaf/fp32/vit_fp32_gelu_comb.sv: OK
rtl/leaf/fp32/vit_fp32_mul_comb_nodsp.sv: OK
rtl/leaf/fp32/vit_fp32_recip_comb.sv: OK
rtl/leaf/fp32/vit_fp32_recip_u32_comb.sv: OK
rtl/leaf/fp32/vit_fp32_recip_u32_serial.sv: OK
rtl/leaf/fp32/vit_fp32_rsqrt_step_comb.sv: OK
rtl/leaf/fp32/vit_fp32_scale_pow2_down_comb.sv: OK
rtl/leaf/fp32/vit_fp32_sub_comb.sv: OK
rtl/leaf/fp32/vit_fp32_to_u32_floor_comb.sv: OK
rtl/pkg/vit_fp32_pkg.sv: OK
rtl/pkg/vit_phase_e_pkg.sv: OK
rtl/top/vit_phase_e_axi_bd_wrapper.v: OK
run/00_verify_bundle.sh: OK
run/00_verify_m7_development.sh: OK
run/00_verify_m8_development.sh: OK
run/10_xsim_axi_smoke.sh: OK
run/90_collect_results.sh: OK
run/m7_wrapper_recovery_iverilog/compile.log: OK
run/m7_wrapper_recovery_iverilog/run.log: OK
run/m7_wrapper_recovery_iverilog/synth_compile.log: OK
run/run_all.sh: OK
run_modelsim.do: OK
scripts/m7/ooc/postcheck_activation_cache_ooc.tcl: OK
scripts/m7/ooc/preflight_vivado_2023_2.tcl: OK
scripts/m7/ooc/run_activation_cache_ooc.tcl: OK
scripts/m7/ooc/run_leaf_ooc_case.tcl: OK
scripts/m7/ooc/run_leaf_ooc_single.sh: OK
scripts/m7/ooc/run_leaf_ooc_sweep.sh: OK
scripts/server/00_preflight.tcl: OK
scripts/server/20_run_ooc_synth.tcl: OK
scripts/server/30_create_clean_project_and_bd.tcl: OK
scripts/server/40_run_board_synth.tcl: OK
scripts/server/50_run_board_impl.tcl: OK
scripts/server/55_export_current_impl_xsa.tcl: OK
scripts/server/vivado_server_common.tcl: OK
scripts/vivado/README.md: OK
scripts/vivado/check_no_dsp.tcl: OK
scripts/vivado/configure_project.tcl: OK
scripts/vivado/create_vit_system_bd.tcl: OK
scripts/vivado/diagnose_project_open.tcl: OK
scripts/vivado/no_dsp.xdc: OK
scripts/vivado/report_hier_utilization.tcl: OK
scripts/vivado/run_rtl_synth_nodsp.tcl: OK
scripts/vivado/run_synth_nodsp.tcl: OK
scripts/vivado/standalone_axi_100mhz.xdc: OK
scripts/vivado/standalone_axi_50mhz.xdc: OK
scripts/vivado/vit_project_common.tcl: OK
server_logs/00_preflight.console.log: OK
server_logs/00_preflight.vivado.jou: OK
server_logs/00_preflight.vivado.log: OK
server_logs/10_tb_vit_phase_e_axi_e05_compact_rtl_mode0.log: OK
server_logs/10_tb_vit_phase_e_axi_e05_compact_rtl_mode1.log: OK
server_logs/10_tb_vit_phase_e_axi_e05_compact_rtl_mode3.log: OK
server_logs/10_tb_vit_phase_e_axi_mem_adapter.log: OK
server_logs/10_tb_vit_phase_e_axi_wrapper.log: OK
server_logs/10_tb_vit_phase_e_engine_axi.log: OK
server_logs/10_tb_vit_phase_e_engine_memory.log: OK
server_logs/10_tb_vit_phase_e_m7_overlap_counters.log: OK
server_logs/10_tb_vit_phase_e_perf_counters.log: OK
server_logs/10_tb_vit_phase_e_profile_counters.log: OK
server_logs/10_xvlog.log: OK
server_logs/20_ooc_synth.console.log: OK
server_logs/20_ooc_synth.vivado.jou: OK
server_logs/20_ooc_synth.vivado.log: OK
server_logs/30_create_bd.console.log: OK
server_logs/30_create_bd.vivado.jou: OK
server_logs/30_create_bd.vivado.log: OK
server_logs/40_accelerator_child_synth.runme.log: OK
server_logs/40_board_synth.console.log: OK
server_logs/40_board_synth.vivado.jou: OK
server_logs/40_board_synth.vivado.log: OK
server_logs/50_board_impl.console.log: OK
server_logs/50_board_impl.vivado.jou: OK
server_logs/50_board_impl.vivado.log: OK
server_logs/90_terminal_m8_verifier.log: OK
server_logs/91_collector_m8_verifier.log: OK
sim/argmax/run_iverilog.sh: OK
sim/argmax/tb_vit_argmax_engine_fp32.sv: OK
sim/argmax/vit_argmax_engine_iverilog.f: OK
sim/axi/experimental/run_read_linefill_iverilog.sh: OK
sim/axi/experimental/tb_vit_axi_read_linefill_experimental.sv: OK
sim/axi/run_axi_wrapper_fp16_only_iverilog.sh: OK
sim/axi/tb_vit_phase_e_axi_mem_adapter.sv: OK
sim/axi/tb_vit_phase_e_axi_wrapper.sv: OK
sim/axi/tb_vit_phase_e_engine_axi.sv: OK
sim/axi/tb_vit_phase_e_engine_memory.sv: OK
sim/axi/vit_axi_ddr_model_128.sv: OK
sim/axi/vit_axi_ddr_model_32.sv: OK
sim/blocks/activation_norm/run_iverilog.sh: OK
sim/blocks/activation_norm/tb_vit_activation_norm_leaf_equivalence.sv: OK
sim/blocks/activation_norm/vit_activation_norm_leaf_iverilog.f: OK
sim/config/run_total_words_config_bounds.sh: OK
sim/config/tb_vit_total_words_config_bounds.sv: OK
sim/config/vit_total_words_config_bounds.f: OK
sim/control/run_e05_sequencer_iverilog.sh: OK
sim/control/run_iverilog.sh: OK
sim/control/run_layer_param_table_iverilog.sh: OK
sim/control/run_perf_counters_iverilog.sh: OK
sim/control/run_profile_counters_iverilog.sh: OK
sim/control/tb_vit_axi_lite_control_regs.sv: OK
sim/control/tb_vit_layer_param_table_loader.sv: OK
sim/control/tb_vit_phase_e_perf_counters.sv: OK
sim/control/tb_vit_phase_e_profile_counters.sv: OK
sim/control/tb_vit_phase_e_sequencer_e05.sv: OK
sim/control/vit_phase_e_sequencer_e05_iverilog.f: OK
sim/end_to_end/M8_MODE3_ENCODER_REAL_SIMULATION.md: OK
sim/end_to_end/M8_REAL_E05_HARNESS.md: OK
sim/end_to_end/m7_mode3_real_assets.py: OK
sim/end_to_end/m8_e05_launch_manifest.json: OK
sim/end_to_end/m8_e05_run_evidence.py: OK
sim/end_to_end/m8_mode3_e05_real_assets.py: OK
sim/end_to_end/m8_mode3_encoder_real_assets.py: OK
sim/end_to_end/run_e01_mode3_real_axi_rtl_verilator.sh: OK
sim/end_to_end/run_e01_real_axi_rtl_verilator.sh: OK
sim/end_to_end/run_e02_layer0_mode3_real_axi_rtl_verilator.sh: OK
sim/end_to_end/run_e02_layer0_real_axi_rtl_verilator.sh: OK
sim/end_to_end/run_e02_layer0_real_logical_rtl_verilator.sh: OK
sim/end_to_end/run_e03_layers1_11_mode3_real_axi_rtl_verilator.sh: OK
sim/end_to_end/run_e03_real_layer_logical_rtl_verilator.sh: OK
sim/end_to_end/run_e04_mode3_real_axi_rtl_verilator.sh: OK
sim/end_to_end/run_e04_real_axi_rtl_verilator.sh: OK
sim/end_to_end/run_e04_rtl_iverilog.sh: OK
sim/end_to_end/run_e04_rtl_verilator.sh: OK
sim/end_to_end/run_e05_compact_axi_rtl_verilator.sh: OK
sim/end_to_end/run_e05_compact_rtl_verilator.sh: OK
sim/end_to_end/run_e05_mode3_real_axi_rtl_verilator.sh: OK
sim/end_to_end/run_m8_mode3_encoder_chain_axi_rtl_verilator.sh: OK
sim/end_to_end/run_m8_mode3_encoder_real_axi_rtl_verilator.sh: OK
sim/end_to_end/stage_m7_mode3_real_assets.py: OK
sim/end_to_end/stage_m8_mode3_e05_real_assets.py: OK
sim/end_to_end/stage_m8_mode3_encoder_real_assets.py: OK
sim/end_to_end/tb_vit_phase_e_axi_e01_mode3_real_rtl.sv: OK
sim/end_to_end/tb_vit_phase_e_axi_e01_real_rtl.sv: OK
sim/end_to_end/tb_vit_phase_e_axi_e02_layer0_real_rtl.sv: OK
sim/end_to_end/tb_vit_phase_e_axi_e04_mode3_real_rtl.sv: OK
sim/end_to_end/tb_vit_phase_e_axi_e04_real_rtl.sv: OK
sim/end_to_end/tb_vit_phase_e_axi_e05_compact_rtl.sv: OK
sim/end_to_end/tb_vit_phase_e_axi_e05_mode3_real_rtl.sv: OK
sim/end_to_end/tb_vit_phase_e_axi_m8_mode3_encoder_real_rtl.sv: OK
sim/end_to_end/tb_vit_phase_e_npu_e02_layer0_real_rtl.sv: OK
sim/end_to_end/tb_vit_phase_e_npu_e03_real_layer_rtl.sv: OK
sim/end_to_end/tb_vit_phase_e_npu_e04_rtl.sv: OK
sim/end_to_end/tb_vit_phase_e_npu_e05_compact_rtl.sv: OK
sim/end_to_end/tests/test_m7_mode3_real_assets.py: OK
sim/end_to_end/tests/test_m8_mode3_e05_real_assets.py: OK
sim/end_to_end/tests/test_m8_mode3_encoder_real_assets.py: OK
sim/end_to_end/validate_e01_e04_real_axi_assets.py: OK
sim/end_to_end/validate_e02_layer0_real_assets.py: OK
sim/end_to_end/validate_e03_real_assets.py: OK
sim/end_to_end/verify_m8_e05_launch_manifest.py: OK
sim/end_to_end/vit_phase_e_axi_e01_mode3_real_rtl_verilator.f: OK
sim/end_to_end/vit_phase_e_axi_e01_real_rtl_verilator.f: OK
sim/end_to_end/vit_phase_e_axi_e02_layer0_real_rtl_verilator.f: OK
sim/end_to_end/vit_phase_e_axi_e04_mode3_real_rtl_verilator.f: OK
sim/end_to_end/vit_phase_e_axi_e04_real_rtl_verilator.f: OK
sim/end_to_end/vit_phase_e_axi_e05_compact_rtl_verilator.f: OK
sim/end_to_end/vit_phase_e_axi_e05_mode3_real_rtl_verilator.f: OK
sim/end_to_end/vit_phase_e_axi_m8_mode3_encoder_real_rtl_verilator.f: OK
sim/end_to_end/vit_phase_e_npu_e02_layer0_real_rtl_verilator.f: OK
sim/end_to_end/vit_phase_e_npu_e03_real_layer_rtl_verilator.f: OK
sim/end_to_end/vit_phase_e_npu_e04_rtl_iverilog.f: OK
sim/end_to_end/vit_phase_e_npu_e04_rtl_verilator.f: OK
sim/end_to_end/vit_phase_e_npu_e05_compact_rtl_verilator.f: OK
sim/full/tb_vit_phase_e.sv: OK
sim/gelu/tb_vit_fp32_gelu_serial.sv: OK
sim/gelu/tb_vit_gelu_engine_fp32.sv: OK
sim/gelu/tb_vit_gelu_engine_fp32_real.sv: OK
sim/gelu/vit_fp32_gelu_serial_iverilog.f: OK
sim/gemm/run_activation_panel_cache_iverilog.sh: OK
sim/gemm/run_address_context_iverilog.sh: OK
sim/gemm/run_bias_cache_iverilog.sh: OK
sim/gemm/run_read_address_router_blocked_b_iverilog.sh: OK
sim/gemm/run_tile_shape_sweep_iverilog.sh: OK
sim/gemm/tb_vit_gemm_activation_panel_cache.sv: OK
sim/gemm/tb_vit_gemm_bias_cache.sv: OK
sim/gemm/tb_vit_gemm_dot16_serial.sv: OK
sim/gemm/tb_vit_gemm_local_1x1.sv: OK
sim/gemm/tb_vit_gemm_memory_address_context.sv: OK
sim/gemm/tb_vit_gemm_tree_array.sv: OK
sim/gemm/tb_vit_phase_e_engine_gemm_memory.sv: OK
sim/gemm/tb_vit_phase_e_read_address_router_blocked_b.sv: OK
sim/gemm/vit_gemm_activation_panel_cache_iverilog.f: OK
sim/gemm/vit_gemm_bias_cache_iverilog.f: OK
sim/gemm/vit_gemm_dot16_serial_iverilog.f: OK
sim/gemm/vit_gemm_local_1x1_rtl.f: OK
sim/gemm/vit_gemm_local_1x1_tb.f: OK
sim/gemm/vit_gemm_memory_address_context_iverilog.f: OK
sim/gemm/vit_gemm_tree_array_iverilog.f: OK
sim/gemm/vit_phase_e_engine_gemm_memory_iverilog.f: OK
sim/gemm/vit_phase_e_read_address_router_blocked_b_iverilog.f: OK
sim/layernorm/run_m8_layernorm_buffer_ooc.tcl: OK
sim/layernorm/run_m8_layernorm_parent_ab.sh: OK
sim/layernorm/tb_vit_fp32_recip_u32_serial.sv: OK
sim/layernorm/tb_vit_layernorm_engine_fp32.sv: OK
sim/layernorm/tb_vit_layernorm_engine_fp32_equivalence.sv: OK
sim/layernorm/tb_vit_layernorm_engine_fp32_m8_ab.sv: OK
sim/layernorm/tb_vit_layernorm_engine_fp32_real.sv: OK
sim/layernorm/vit_fp32_recip_u32_serial_iverilog.f: OK
sim/layernorm/vit_layernorm_engine_equivalence_iverilog.f: OK
sim/layernorm/vit_layernorm_engine_fp32_reference.sv: OK
sim/layernorm/vit_layernorm_reference_datapaths.sv: OK
sim/layout/run_iverilog.sh: OK
sim/layout/tb_vit_layout_engine.sv: OK
sim/layout/vit_layout_engine_iverilog.f: OK
sim/leaf/fp32/run_add_feedforward_ab_iverilog.sh: OK
sim/leaf/fp32/run_iverilog.sh: OK
sim/leaf/fp32/run_special_iverilog.sh: OK
sim/leaf/fp32/tb_vit_fp32_add_feedforward_ab.sv: OK
sim/leaf/fp32/tb_vit_fp32_leaf.sv: OK
sim/leaf/fp32/tb_vit_fp32_special_leaf.sv: OK
sim/leaf/fp32/vit_fp32_add_feedforward_ab_iverilog.f: OK
sim/leaf/fp32/vit_fp32_leaf_rtl.f: OK
sim/leaf/fp32/vit_fp32_special_leaf_rtl.f: OK
sim/m4/README.md: OK
sim/m4/m4_cache_capacity_iverilog.f: OK
sim/m4/m4_frontend_cache_boundary_iverilog.f: OK
sim/m4/m4_tail_output_sentinel_iverilog.f: OK
sim/m4/run_m4_capacity_safety_iverilog.sh: OK
sim/m4/tb_m4_cache_capacity.sv: OK
sim/m4/tb_m4_frontend_cache_boundary.sv: OK
sim/m4/tb_m4_tail_output_sentinel.sv: OK
sim/m5/m5_axi_counter_bank_iverilog.f: OK
sim/m5/m5_profile_burst_queue_iverilog.f: OK
sim/m5/run_axi128_adapter_integration_iverilog.sh: OK
sim/m5/run_axi128_ddr_model_iverilog.sh: OK
sim/m5/run_axi128_ddr_model_seed_sweep.sh: OK
sim/m5/run_iverilog.sh: OK
sim/m5/run_m5_counter_regression.sh: OK
sim/m5/tb_m5_axi_counter_bank.sv: OK
sim/m5/tb_m5_profile_burst_queue.sv: OK
sim/m5/tb_vit_axi_ddr_model_128.sv: OK
sim/m5/tb_vit_phase_e_axi_mem_adapter_128.sv: OK
sim/m5/tb_vit_phase_e_axi_mem_adapter_m5.sv: OK
sim/m5/vit_axi_ddr_model_128_iverilog.f: OK
sim/m5/vit_phase_e_axi_mem_adapter_128_iverilog.f: OK
sim/m5/vit_phase_e_axi_mem_adapter_m5_iverilog.f: OK
sim/m7/generate_fp32_to_fp16_vectors.py: OK
sim/m7/m7_activation_cache_leaf_iverilog.f: OK
sim/m7/m7_overlap_counter_iverilog.f: OK
sim/m7/m7_packed_address_context_iverilog.f: OK
sim/m7/m7_packed_engine_dispatch_iverilog.f: OK
sim/m7/m7_packed_memory_frontend_iverilog.f: OK
sim/m7/m7_packed_read_address_router_iverilog.f: OK
sim/m7/m7_result_fifo_iverilog.f: OK
sim/m7/run_m7_2_leaf_iverilog.sh: OK
sim/m7/run_m7_dual_mode_iverilog.sh: OK
sim/m7/run_m7_fp16_pingpong_gate1_iverilog.sh: OK
sim/m7/run_m7_overlap_counter_iverilog.sh: OK
sim/m7/run_m7_packed_memory_seams_iverilog.sh: OK
sim/m7/run_m7_result_fifo_gate1_integration.sh: OK
sim/m7/run_m7_result_fifo_gate2_integration.sh: OK
sim/m7/run_m7_result_fifo_iverilog.sh: OK
sim/m7/tb_m7_activation_cache_leaf_pipeline.sv: OK
sim/m7/tb_m7_fp16_pingpong_scheduler.sv: OK
sim/m7/tb_m7_packed_address_context.sv: OK
sim/m7/tb_m7_packed_engine_dispatch.sv: OK
sim/m7/tb_m7_packed_memory_frontend.sv: OK
sim/m7/tb_m7_packed_read_address_router.sv: OK
sim/m7/tb_m7_result_fifo.sv: OK
sim/m7/tb_m7_vector_activation_cache_frontend.sv: OK
sim/m7/tb_vit_fp32_to_fp16_rne.sv: OK
sim/m7/tb_vit_gemm_dual_mode_array.sv: OK
sim/m7/tb_vit_gemm_dual_mode_array_fp16_only.sv: OK
sim/m7/tb_vit_gemm_fp16_stream_array.sv: OK
sim/m7/tb_vit_phase_e_m7_overlap_counters.sv: OK
sim/m8/reference/vit_layernorm_engine_fp32_parent_v1_12.sv: OK
sim/m8/reference/vit_phase_e_read_address_router_parent_v1_12.sv: OK
sim/m8/reference/vit_softmax_engine_fp32_parent_v1_12.sv: OK
sim/m8/reference/vit_vector_engine_fp32_parent_v1_12.sv: OK
sim/m8/run_layernorm_ooc_ab.sh: OK
sim/m8/run_m8_sim_observation.sh: OK
sim/m8/run_read_address_router_ab.sh: OK
sim/m8/run_softmax_exact_parent_ab.sh: OK
sim/m8/run_softmax_ooc_ab.sh: OK
sim/m8/run_vector_fastpath_ab.sh: OK
sim/m8/run_vector_gelu_linefill_ab.sh: OK
sim/m8/tb_m8_read_address_router.sv: OK
sim/m8/tb_m8_vector_gelu_linefill_integration.sv: OK
sim/m8/tool_wrappers/iverilog: OK
sim/m8/tool_wrappers/vvp: OK
sim/p3_fp32/tb_p3_fp32_candidates.sv: OK
sim/p3_fp32/tb_p3_fp32_special_values.sv: OK
sim/protocol/run_npu_memory_protocol_4state.sh: OK
sim/protocol/tb_vit_phase_e_npu_memory_protocol_4state.sv: OK
sim/reference/vit_fp32_add_package_reference.sv: OK
sim/reference/vit_fp32_math_ref_pkg.sv: OK
sim/reference/vit_phase_e_behavioral_engine_top.sv: OK
sim/softmax/run_buffer_ab.sh: OK
sim/softmax/run_softmax_buffer_ooc.tcl: OK
sim/softmax/tb_vit_softmax_engine_fp32.sv: OK
sim/softmax/tb_vit_softmax_engine_fp32_buffer_ab.sv: OK
sim/softmax/tb_vit_softmax_engine_fp32_equivalence.sv: OK
sim/softmax/tb_vit_softmax_engine_fp32_exact_parent.sv: OK
sim/softmax/tb_vit_softmax_engine_fp32_real.sv: OK
sim/softmax/vit_fp32_exp_neg_comb_reference.sv: OK
sim/softmax/vit_softmax_engine_buffer_ab_iverilog.f: OK
sim/softmax/vit_softmax_engine_equivalence_iverilog.f: OK
sim/softmax/vit_softmax_engine_fp32_reference.sv: OK
sim/vector/run_iverilog.sh: OK
sim/vector/tb_vit_vector_engine_fp32.sv: OK
sim/vector/vit_vector_engine_iverilog.f: OK
third_party/digilent_board_files/LICENSE_DIGILENT_VIVADO_BOARDS.txt: OK
third_party/digilent_board_files/README.md: OK
third_party/digilent_board_files/genesys-zu-5ev/C.0/board.xml: OK
third_party/digilent_board_files/genesys-zu-5ev/C.0/changelog.txt: OK
third_party/digilent_board_files/genesys-zu-5ev/C.0/part0_pins.xml: OK
third_party/digilent_board_files/genesys-zu-5ev/C.0/preset.xml: OK
tools/m3/pack_vit_blocked_b_v2.py: OK
tools/m3/tests/test_blocked_b_v2.py: OK
tools/m3/verify_vit_blocked_b_v2.py: OK
tools/m3/vit_model_blocked_b_v2.py: OK
tools/m3/vit_model_schema_v1.py: OK
tools/m4/test_vit_m4_reuse_model.py: OK
tools/m4/vit_m4_reuse_model.py: OK
tools/m7/PACKAGE_V3_FORMAT.md: OK
tools/m7/m7_cycle_bandwidth_model.py: OK
tools/m7/m7_development_manifest.py: OK
tools/m7/pack_vit_blocked_b_fp16_v3.py: OK
tools/m7/tests/test_blocked_b_fp16_v3.py: OK
tools/m7/tests/test_m7_cycle_bandwidth_model.py: OK
tools/m7/verify_vit_blocked_b_fp16_v3.py: OK
tools/m7/vit_model_blocked_b_fp16_v3.py: OK
tools/m8/m8_development_manifest.py: OK
vit_phase_e_pure_sv.f: OK
