Copyright 1986-2022 Xilinx, Inc. All Rights Reserved. Copyright 2022-2023 Advanced Micro Devices, Inc. All Rights Reserved.
----------------------------------------------------------------------------------------------------------------------------------------------------------------------------------------------
| Tool Version      : Vivado v.2023.2 (lin64) Build 4029153 Fri Oct 13 20:13:54 MDT 2023
| Date              : Thu Aug 27 10:40:08 2026
| Host              : ubuntu running 64-bit Ubuntu 24.04.4 LTS
| Command           : report_timing_summary -delay_type max -max_paths 20 -file /home/s23520579/Vivado_project/m8_memory_frontend_poc/results/optimized/m7/M7_4B_OOC/synth_timing_summary.rpt
| Design            : vit_m8_memory_subsystem_optimized
| Device            : xczu5ev-sfvc784
| Speed File        : -1  PRODUCTION 1.30 05-15-2022
| Design State      : Synthesized
| Temperature Grade : E
----------------------------------------------------------------------------------------------------------------------------------------------------------------------------------------------

Timing Summary Report

------------------------------------------------------------------------------------------------
| Timer Settings
| --------------
------------------------------------------------------------------------------------------------

  Enable Multi Corner Analysis               :  Yes
  Enable Pessimism Removal                   :  Yes
  Pessimism Removal Resolution               :  Nearest Common Node
  Enable Input Delay Default Clock           :  No
  Enable Preset / Clear Arcs                 :  No
  Disable Flight Delays                      :  No
  Ignore I/O Paths                           :  No
  Timing Early Launch at Borrowing Latches   :  No
  Borrow Time for Max Delay Exceptions       :  Yes
  Merge Timing Exceptions                    :  Yes
  Inter-SLR Compensation                     :  Conservative

  Corner  Analyze    Analyze    
  Name    Max Paths  Min Paths  
  ------  ---------  ---------  
  Slow    Yes        Yes        
  Fast    Yes        Yes        


------------------------------------------------------------------------------------------------
| Report Methodology
| ------------------
------------------------------------------------------------------------------------------------

No report available as report_methodology has not been run prior. Run report_methodology on the current design for the summary of methodology violations.



check_timing report

Table of Contents
-----------------
1. checking no_clock (0)
2. checking constant_clock (0)
3. checking pulse_width_clock (0)
4. checking unconstrained_internal_endpoints (0)
5. checking no_input_delay (3318)
6. checking no_output_delay (7271)
7. checking multiple_clock (0)
8. checking generated_clocks (0)
9. checking loops (54)
10. checking partial_input_delay (0)
11. checking partial_output_delay (0)
12. checking latch_loops (0)

1. checking no_clock (0)
------------------------
 There are 0 register/latch pins with no clock.


2. checking constant_clock (0)
------------------------------
 There are 0 register/latch pins with constant_clock.


3. checking pulse_width_clock (0)
---------------------------------
 There are 0 register/latch pins which need pulse_width check


4. checking unconstrained_internal_endpoints (0)
------------------------------------------------
 There are 0 pins that are not constrained for maximum delay.

 There are 0 pins that are not constrained for maximum delay due to constant clock.


5. checking no_input_delay (3318)
---------------------------------
 There are 3318 input ports with no input delay specified. (HIGH)

 There are 0 input ports with no input delay but user has a false path constraint.


6. checking no_output_delay (7271)
----------------------------------
 There are 7271 ports with no output delay specified. (HIGH)

 There are 0 ports with no output delay but user has a false path constraint

 There are 0 ports with no output delay but with a timing clock defined on it or propagating through it


7. checking multiple_clock (0)
------------------------------
 There are 0 register/latch pins with multiple clocks.


8. checking generated_clocks (0)
--------------------------------
 There are 0 generated clocks that are not connected to a clock source.


9. checking loops (54)
----------------------
 There are 54 combinational loops in the design. (HIGH)


10. checking partial_input_delay (0)
------------------------------------
 There are 0 input ports with partial input delay specified.


11. checking partial_output_delay (0)
-------------------------------------
 There are 0 ports with partial output delay specified.


12. checking latch_loops (0)
----------------------------
 There are 0 combinational latch loops in the design through latch input



------------------------------------------------------------------------------------------------
| Design Timing Summary
| ---------------------
------------------------------------------------------------------------------------------------

    WNS(ns)      TNS(ns)  TNS Failing Endpoints  TNS Total Endpoints     WPWS(ns)     TPWS(ns)  TPWS Failing Endpoints  TPWS Total Endpoints  
    -------      -------  ---------------------  -------------------     --------     --------  ----------------------  --------------------  
      5.437        0.000                      0                17767        9.457        0.000                       0                 10923  


All user specified timing constraints are met.


------------------------------------------------------------------------------------------------
| Clock Summary
| -------------
------------------------------------------------------------------------------------------------

Clock  Waveform(ns)       Period(ns)      Frequency(MHz)
-----  ------------       ----------      --------------
aclk   {0.000 10.000}     20.000          50.000          


------------------------------------------------------------------------------------------------
| Intra Clock Table
| -----------------
------------------------------------------------------------------------------------------------

Clock             WNS(ns)      TNS(ns)  TNS Failing Endpoints  TNS Total Endpoints     WPWS(ns)     TPWS(ns)  TPWS Failing Endpoints  TPWS Total Endpoints  
-----             -------      -------  ---------------------  -------------------     --------     --------  ----------------------  --------------------  
aclk                5.437        0.000                      0                17767        9.457        0.000                       0                 10923  


------------------------------------------------------------------------------------------------
| Inter Clock Table
| -----------------
------------------------------------------------------------------------------------------------

From Clock    To Clock          WNS(ns)      TNS(ns)  TNS Failing Endpoints  TNS Total Endpoints  
----------    --------          -------      -------  ---------------------  -------------------  


------------------------------------------------------------------------------------------------
| Other Path Groups Table
| -----------------------
------------------------------------------------------------------------------------------------

Path Group    From Clock    To Clock          WNS(ns)      TNS(ns)  TNS Failing Endpoints  TNS Total Endpoints  
----------    ----------    --------          -------      -------  ---------------------  -------------------  


------------------------------------------------------------------------------------------------
| Timing Details
| --------------
------------------------------------------------------------------------------------------------


---------------------------------------------------------------------------------------------------
From Clock:  aclk
  To Clock:  aclk

Setup :            0  Failing Endpoints,  Worst Slack        5.437ns,  Total Violation        0.000ns
Hold  :           NA  Failing Endpoints,  Worst Slack           NA  ,  Total Violation           NA
PW    :            0  Failing Endpoints,  Worst Slack        9.457ns,  Total Violation        0.000ns
---------------------------------------------------------------------------------------------------


Max Delay Paths
--------------------------------------------------------------------------------------
Slack (MET) :             5.437ns  (required time - arrival time)
  Source:                 u_memory_frontend/mem_word_index_reg[13]/C
                            (rising edge-triggered cell FDRE clocked by aclk  {rise@0.000ns fall@10.000ns period=20.000ns})
  Destination:            u_mem_adapter/line_consumed_bitmap_reg[0]/D
                            (rising edge-triggered cell FDRE clocked by aclk  {rise@0.000ns fall@10.000ns period=20.000ns})
  Path Group:             aclk
  Path Type:              Setup (Max at Slow Process Corner)
  Requirement:            20.000ns  (aclk rise@20.000ns - aclk rise@0.000ns)
  Data Path Delay:        14.544ns  (logic 4.216ns (28.988%)  route 10.328ns (71.012%))
  Logic Levels:           61  (CARRY8=19 LUT2=4 LUT3=2 LUT4=4 LUT5=6 LUT6=26)
  Clock Path Skew:        -0.011ns (DCD - SCD + CPR)
    Destination Clock Delay (DCD):    0.024ns = ( 20.024 - 20.000 ) 
    Source Clock Delay      (SCD):    0.035ns
    Clock Pessimism Removal (CPR):    0.000ns
  Clock Uncertainty:      0.035ns  ((TSJ^2 + TIJ^2)^1/2 + DJ) / 2 + PE
    Total System Jitter     (TSJ):    0.071ns
    Total Input Jitter      (TIJ):    0.000ns
    Discrete Jitter          (DJ):    0.000ns
    Phase Error              (PE):    0.000ns

    Location             Delay type                Incr(ns)  Path(ns)    Netlist Resource(s)
  -------------------------------------------------------------------    -------------------
                         (clock aclk rise edge)       0.000     0.000 r  
                                                      0.000     0.000 r  aclk (IN)
                         net (fo=10922, unset)        0.035     0.035    u_memory_frontend/aclk
                         FDRE                                         r  u_memory_frontend/mem_word_index_reg[13]/C
  -------------------------------------------------------------------    -------------------
                         FDRE (Prop_FDRE_C_Q)         0.096     0.131 f  u_memory_frontend/mem_word_index_reg[13]/Q
                         net (fo=88, unplaced)        0.241     0.372    u_memory_frontend/mem_word_index_u32[13]
                         LUT2 (Prop_LUT2_I1_O)        0.085     0.457 r  u_memory_frontend/profile_logical_read_word_o_INST_0_i_44/O
                         net (fo=7, unplaced)         0.239     0.696    u_memory_frontend/profile_logical_read_word_o_INST_0_i_44_n_0
                         LUT6 (Prop_LUT6_I4_O)        0.039     0.735 r  u_memory_frontend/profile_logical_read_word_o_INST_0_i_29/O
                         net (fo=117, unplaced)       0.303     1.038    u_memory_frontend/profile_logical_read_word_o_INST_0_i_29_n_0
                         LUT4 (Prop_LUT4_I0_O)        0.039     1.077 r  u_memory_frontend/req_fifo_contiguous_words[1][5]_i_11/O
                         net (fo=32, unplaced)        0.274     1.351    u_memory_frontend/req_fifo_contiguous_words[1][5]_i_11_n_0
                         LUT6 (Prop_LUT6_I0_O)        0.039     1.390 f  u_memory_frontend/req_fifo_word_address[1][15]_i_153/O
                         net (fo=2, unplaced)         0.214     1.604    u_memory_frontend/u_gemm_address_context/data1[5]
                         LUT6 (Prop_LUT6_I0_O)        0.039     1.643 f  u_memory_frontend/u_gemm_address_context/req_fifo_word_address[1][15]_i_120/O
                         net (fo=1, unplaced)         0.214     1.857    u_memory_frontend/u_gemm_address_context/req_fifo_word_address[1][15]_i_120_n_0
                         LUT6 (Prop_LUT6_I5_O)        0.039     1.896 r  u_memory_frontend/u_gemm_address_context/req_fifo_word_address[1][15]_i_66/O
                         net (fo=2, unplaced)         0.214     2.110    u_memory_frontend/u_gemm_address_context/req_fifo_word_address[1][15]_i_66_n_0
                         LUT3 (Prop_LUT3_I0_O)        0.085     2.195 f  u_memory_frontend/u_gemm_address_context/req_fifo_word_address[1][15]_i_31/O
                         net (fo=2, unplaced)         0.156     2.351    u_memory_frontend/u_gemm_address_context/req_fifo_word_address[1][15]_i_31_n_0
                         LUT6 (Prop_LUT6_I1_O)        0.064     2.415 r  u_memory_frontend/u_gemm_address_context/req_fifo_word_address[1][15]_i_8/O
                         net (fo=2, unplaced)         0.214     2.629    u_memory_frontend/u_gemm_address_context/req_fifo_word_address[1][15]_i_8_n_0
                         LUT5 (Prop_LUT5_I0_O)        0.039     2.668 r  u_memory_frontend/u_gemm_address_context/req_fifo_word_address[1][15]_i_16/O
                         net (fo=1, unplaced)         0.015     2.683    u_memory_frontend/u_gemm_address_context/req_fifo_word_address[1][15]_i_16_n_0
                         CARRY8 (Prop_CARRY8_S[4]_CO[7])
                                                      0.202     2.885 r  u_memory_frontend/u_gemm_address_context/req_fifo_word_address_reg[1][15]_i_3/CO[7]
                         net (fo=1, unplaced)         0.007     2.892    u_memory_frontend/u_gemm_address_context/req_fifo_word_address_reg[1][15]_i_3_n_0
                         CARRY8 (Prop_CARRY8_CI_CO[7])
                                                      0.030     2.922 r  u_memory_frontend/u_gemm_address_context/req_fifo_word_address_reg[1][23]_i_3/CO[7]
                         net (fo=1, unplaced)         0.007     2.929    u_memory_frontend/u_gemm_address_context/req_fifo_word_address_reg[1][23]_i_3_n_0
                         CARRY8 (Prop_CARRY8_CI_CO[7])
                                                      0.030     2.959 r  u_memory_frontend/u_gemm_address_context/req_fifo_word_address_reg[1][31]_i_4/CO[7]
                         net (fo=1, unplaced)         0.007     2.966    u_memory_frontend/u_gemm_address_context/req_fifo_word_address_reg[1][31]_i_4_n_0
                         CARRY8 (Prop_CARRY8_CI_CO[7])
                                                      0.030     2.996 r  u_memory_frontend/u_gemm_address_context/mem_state_reg[1]_i_12/CO[7]
                         net (fo=1, unplaced)         0.007     3.003    u_memory_frontend/u_gemm_address_context/mem_state_reg[1]_i_12_n_0
                         CARRY8 (Prop_CARRY8_CI_O[2])
                                                      0.086     3.089 r  u_memory_frontend/u_gemm_address_context/mem_state_reg[1]_i_33/O[2]
                         net (fo=1, unplaced)         0.215     3.304    u_memory_frontend/u_gemm_address_context/mem_state_reg[1]_i_33_n_13
                         LUT4 (Prop_LUT4_I3_O)        0.115     3.419 r  u_memory_frontend/u_gemm_address_context/mem_state[1]_i_115/O
                         net (fo=1, unplaced)         0.214     3.633    u_memory_frontend/u_gemm_address_context/mem_state[1]_i_115_n_0
                         LUT5 (Prop_LUT5_I4_O)        0.039     3.672 r  u_memory_frontend/u_gemm_address_context/mem_state[1]_i_70/O
                         net (fo=1, unplaced)         0.214     3.886    u_memory_frontend/u_gemm_address_context/mem_state[1]_i_70_n_0
                         LUT6 (Prop_LUT6_I5_O)        0.039     3.925 r  u_memory_frontend/u_gemm_address_context/mem_state[1]_i_34/O
                         net (fo=1, unplaced)         0.214     4.139    u_memory_frontend/u_gemm_address_context/mem_state[1]_i_34_n_0
                         LUT6 (Prop_LUT6_I4_O)        0.039     4.178 f  u_memory_frontend/u_gemm_address_context/mem_state[1]_i_13/O
                         net (fo=1, unplaced)         0.214     4.392    u_memory_frontend/u_gemm_address_context/mem_state[1]_i_13_n_0
                         LUT6 (Prop_LUT6_I2_O)        0.039     4.431 r  u_memory_frontend/u_gemm_address_context/mem_state[1]_i_8/O
                         net (fo=2, unplaced)         0.214     4.645    u_memory_frontend/u_gemm_address_context/mem_state[1]_i_8_n_0
                         LUT6 (Prop_LUT6_I5_O)        0.039     4.684 f  u_memory_frontend/u_gemm_address_context/req_fifo_contiguous_words[1][5]_i_6/O
                         net (fo=7, unplaced)         0.239     4.923    u_memory_frontend/u_gemm_address_context/req_fifo_contiguous_words[1][5]_i_6_n_0
                         LUT6 (Prop_LUT6_I0_O)        0.039     4.962 f  u_memory_frontend/u_gemm_address_context/profile_logical_read_word_o_INST_0_i_12/O
                         net (fo=4, unplaced)         0.226     5.188    u_memory_frontend/u_gemm_address_context/read_candidate_read_ahead_safe
                         LUT6 (Prop_LUT6_I5_O)        0.039     5.227 f  u_memory_frontend/u_gemm_address_context/profile_logical_read_word_o_INST_0_i_3/O
                         net (fo=8, unplaced)         0.242     5.469    u_memory_frontend/u_gemm_address_context/profile_logical_read_word_o_INST_0_i_3_n_0
                         LUT6 (Prop_LUT6_I4_O)        0.039     5.508 r  u_memory_frontend/u_gemm_address_context/req_fifo_count[1]_i_6/O
                         net (fo=10, unplaced)        0.189     5.697    u_mem_adapter/mem_req_valid
                         LUT6 (Prop_LUT6_I4_O)        0.064     5.761 r  u_mem_adapter/fill_start_word[3]_i_2/O
                         net (fo=116, unplaced)       0.303     6.064    u_mem_adapter/fill_start_word[3]_i_2_n_0
                         LUT5 (Prop_LUT5_I4_O)        0.039     6.103 r  u_mem_adapter/four_k_split_o_i_48/O
                         net (fo=4, unplaced)         0.226     6.329    u_mem_adapter/four_k_split_o_i_48_n_0
                         LUT6 (Prop_LUT6_I0_O)        0.039     6.368 r  u_mem_adapter/four_k_split_o_i_35/O
                         net (fo=1, unplaced)         0.018     6.386    u_mem_adapter/four_k_split_o_i_35_n_0
                         CARRY8 (Prop_CARRY8_S[0]_O[5])
                                                      0.295     6.681 f  u_mem_adapter/four_k_split_o_reg_i_11/O[5]
                         net (fo=7, unplaced)         0.187     6.868    u_mem_adapter/four_k_split_o_reg_i_11_n_10
                         LUT4 (Prop_LUT4_I0_O)        0.121     6.989 r  u_mem_adapter/four_k_split_o_i_59/O
                         net (fo=1, unplaced)         0.232     7.221    u_mem_adapter/four_k_split_o_i_59_n_0
                         CARRY8 (Prop_CARRY8_DI[2]_CO[7])
                                                      0.142     7.363 r  u_mem_adapter/four_k_split_o_reg_i_49/CO[7]
                         net (fo=1, unplaced)         0.007     7.370    u_mem_adapter/four_k_split_o_reg_i_49_n_0
                         CARRY8 (Prop_CARRY8_CI_CO[7])
                                                      0.030     7.400 r  u_mem_adapter/four_k_split_o_reg_i_36/CO[7]
                         net (fo=1, unplaced)         0.007     7.407    u_mem_adapter/four_k_split_o_reg_i_36_n_0
                         CARRY8 (Prop_CARRY8_CI_CO[0])
                                                      0.068     7.475 r  u_mem_adapter/four_k_split_o_reg_i_12/CO[0]
                         net (fo=13, unplaced)        0.253     7.728    u_mem_adapter/clamped_contiguous_words1
                         LUT6 (Prop_LUT6_I4_O)        0.039     7.767 r  u_mem_adapter/fill_desc_beats[0][0]_i_4/O
                         net (fo=8, unplaced)         0.242     8.009    u_mem_adapter/fill_desc_beats[0][0]_i_4_n_0
                         LUT5 (Prop_LUT5_I0_O)        0.085     8.094 r  u_mem_adapter/four_k_split_o_i_18/O
                         net (fo=3, unplaced)         0.220     8.314    u_mem_adapter/four_k_split_o_i_18_n_0
                         LUT6 (Prop_LUT6_I5_O)        0.039     8.353 r  u_mem_adapter/four_k_split_o_i_5/O
                         net (fo=2, unplaced)         0.259     8.612    u_mem_adapter/four_k_split_o_i_5_n_0
                         CARRY8 (Prop_CARRY8_DI[0]_CO[4])
                                                      0.229     8.841 r  u_mem_adapter/fill_desc_beats_reg[0][2]_i_3/CO[4]
                         net (fo=8, unplaced)         0.240     9.081    u_mem_adapter/fill_desc_beats_reg[0][2]_i_3_n_3
                         LUT6 (Prop_LUT6_I1_O)        0.039     9.120 r  u_mem_adapter/fill_desc_beats[0][0]_i_1/O
                         net (fo=22, unplaced)        0.265     9.385    u_mem_adapter/fill_desc_beats[0][0]_i_1_n_0
                         LUT2 (Prop_LUT2_I1_O)        0.040     9.425 r  u_mem_adapter/fill_desc_addr[1][10]_i_4/O
                         net (fo=1, unplaced)         0.017     9.442    u_mem_adapter/fill_desc_addr[1][10]_i_4_n_0
                         CARRY8 (Prop_CARRY8_S[1]_O[2])
                                                      0.144     9.586 r  u_mem_adapter/fill_desc_addr_reg[1][10]_i_1/O[2]
                         net (fo=6, unplaced)         0.236     9.822    u_mem_adapter/fill_desc_addr_reg[1][10]_i_1_n_13
                         LUT6 (Prop_LUT6_I0_O)        0.100     9.922 r  u_mem_adapter/fill_desc_beats[1][1]_i_3/O
                         net (fo=3, unplaced)         0.220    10.142    u_mem_adapter/fill_desc_beats[1][1]_i_3_n_0
                         LUT6 (Prop_LUT6_I5_O)        0.039    10.181 r  u_mem_adapter/fill_desc_beats[1][2]_i_25/O
                         net (fo=1, unplaced)         0.214    10.395    u_mem_adapter/fill_desc_beats[1][2]_i_25_n_0
                         LUT6 (Prop_LUT6_I0_O)        0.039    10.434 r  u_mem_adapter/fill_desc_beats[1][2]_i_18/O
                         net (fo=1, unplaced)         0.018    10.452    u_mem_adapter/fill_desc_beats[1][2]_i_18_n_0
                         CARRY8 (Prop_CARRY8_S[0]_CO[4])
                                                      0.266    10.718 r  u_mem_adapter/fill_desc_beats_reg[1][2]_i_5/CO[4]
                         net (fo=9, unplaced)         0.243    10.961    u_mem_adapter/planned_second_beats1
                         LUT6 (Prop_LUT6_I3_O)        0.039    11.000 r  u_mem_adapter/fill_desc_beats[1][0]_i_1/O
                         net (fo=15, unplaced)        0.256    11.256    u_mem_adapter/fill_desc_beats[1][0]_i_1_n_0
                         LUT2 (Prop_LUT2_I1_O)        0.085    11.341 r  u_mem_adapter/m_axi_arvalid_INST_0_i_227/O
                         net (fo=2, unplaced)         0.214    11.555    u_mem_adapter/m_axi_arvalid_INST_0_i_227_n_0
                         LUT6 (Prop_LUT6_I0_O)        0.039    11.594 r  u_mem_adapter/m_axi_arvalid_INST_0_i_216/O
                         net (fo=1, unplaced)         0.120    11.714    u_mem_adapter/m_axi_arvalid_INST_0_i_216_n_0
                         CARRY8 (Prop_CARRY8_DI[6]_CO[7])
                                                      0.081    11.795 r  u_mem_adapter/m_axi_arvalid_INST_0_i_206/CO[7]
                         net (fo=1, unplaced)         0.007    11.802    u_mem_adapter/m_axi_arvalid_INST_0_i_206_n_0
                         CARRY8 (Prop_CARRY8_CI_CO[7])
                                                      0.030    11.832 r  u_mem_adapter/m_axi_arvalid_INST_0_i_197/CO[7]
                         net (fo=1, unplaced)         0.007    11.839    u_mem_adapter/m_axi_arvalid_INST_0_i_197_n_0
                         CARRY8 (Prop_CARRY8_CI_CO[7])
                                                      0.030    11.869 r  u_mem_adapter/m_axi_arvalid_INST_0_i_173/CO[7]
                         net (fo=1, unplaced)         0.007    11.876    u_mem_adapter/m_axi_arvalid_INST_0_i_173_n_0
                         CARRY8 (Prop_CARRY8_CI_CO[7])
                                                      0.030    11.906 r  u_mem_adapter/m_axi_arvalid_INST_0_i_131/CO[7]
                         net (fo=1, unplaced)         0.007    11.913    u_mem_adapter/m_axi_arvalid_INST_0_i_131_n_0
                         CARRY8 (Prop_CARRY8_CI_CO[7])
                                                      0.030    11.943 r  u_mem_adapter/m_axi_arvalid_INST_0_i_92/CO[7]
                         net (fo=1, unplaced)         0.007    11.950    u_mem_adapter/m_axi_arvalid_INST_0_i_92_n_0
                         CARRY8 (Prop_CARRY8_CI_CO[7])
                                                      0.030    11.980 r  u_mem_adapter/m_axi_arvalid_INST_0_i_120/CO[7]
                         net (fo=1, unplaced)         0.007    11.987    u_mem_adapter/m_axi_arvalid_INST_0_i_120_n_0
                         CARRY8 (Prop_CARRY8_CI_O[4])
                                                      0.109    12.096 f  u_mem_adapter/m_axi_arvalid_INST_0_i_83/O[4]
                         net (fo=1, unplaced)         0.212    12.308    u_mem_adapter/planned_end_address_wide0[53]
                         LUT4 (Prop_LUT4_I1_O)        0.100    12.408 f  u_mem_adapter/m_axi_arvalid_INST_0_i_121/O
                         net (fo=1, unplaced)         0.214    12.622    u_mem_adapter/m_axi_arvalid_INST_0_i_121_n_0
                         LUT5 (Prop_LUT5_I4_O)        0.039    12.661 f  u_mem_adapter/m_axi_arvalid_INST_0_i_81/O
                         net (fo=1, unplaced)         0.214    12.875    u_mem_adapter/m_axi_arvalid_INST_0_i_81_n_0
                         LUT6 (Prop_LUT6_I4_O)        0.039    12.914 f  u_mem_adapter/m_axi_arvalid_INST_0_i_36/O
                         net (fo=1, unplaced)         0.214    13.128    u_mem_adapter/m_axi_arvalid_INST_0_i_36_n_0
                         LUT6 (Prop_LUT6_I1_O)        0.039    13.167 f  u_mem_adapter/m_axi_arvalid_INST_0_i_13/O
                         net (fo=2, unplaced)         0.156    13.323    u_mem_adapter/m_axi_arvalid_INST_0_i_13_n_0
                         LUT3 (Prop_LUT3_I0_O)        0.064    13.387 f  u_mem_adapter/m_axi_arvalid_INST_0_i_8/O
                         net (fo=2, unplaced)         0.214    13.601    u_mem_adapter/m_axi_arvalid_INST_0_i_8_n_0
                         LUT6 (Prop_LUT6_I0_O)        0.039    13.640 f  u_mem_adapter/m_axi_arvalid_INST_0_i_4/O
                         net (fo=8, unplaced)         0.184    13.824    u_mem_adapter/m_axi_arvalid_INST_0_i_4_n_0
                         LUT2 (Prop_LUT2_I1_O)        0.064    13.888 r  u_mem_adapter/linefill_start_o_i_1/O
                         net (fo=190, unplaced)       0.256    14.144    u_mem_adapter/linefill_start_o_i_1_n_0
                         LUT6 (Prop_LUT6_I1_O)        0.064    14.208 r  u_mem_adapter/line_consumed_bitmap[31]_i_4/O
                         net (fo=33, unplaced)        0.274    14.482    u_mem_adapter/line_valid
                         LUT5 (Prop_LUT5_I1_O)        0.039    14.521 r  u_mem_adapter/line_consumed_bitmap[0]_i_1/O
                         net (fo=1, unplaced)         0.058    14.579    u_mem_adapter/line_consumed_bitmap[0]_i_1_n_0
                         FDRE                                         r  u_mem_adapter/line_consumed_bitmap_reg[0]/D
  -------------------------------------------------------------------    -------------------

                         (clock aclk rise edge)      20.000    20.000 r  
                                                      0.000    20.000 r  aclk (IN)
                         net (fo=10922, unset)        0.024    20.024    u_mem_adapter/aclk
                         FDRE                                         r  u_mem_adapter/line_consumed_bitmap_reg[0]/C
                         clock pessimism              0.000    20.024    
                         clock uncertainty           -0.035    19.989    
                         FDRE (Setup_FDRE_C_D)        0.027    20.016    u_mem_adapter/line_consumed_bitmap_reg[0]
  -------------------------------------------------------------------
                         required time                         20.016    
                         arrival time                         -14.579    
  -------------------------------------------------------------------
                         slack                                  5.437    

Slack (MET) :             5.437ns  (required time - arrival time)
  Source:                 u_memory_frontend/mem_word_index_reg[13]/C
                            (rising edge-triggered cell FDRE clocked by aclk  {rise@0.000ns fall@10.000ns period=20.000ns})
  Destination:            u_mem_adapter/line_consumed_bitmap_reg[10]/D
                            (rising edge-triggered cell FDRE clocked by aclk  {rise@0.000ns fall@10.000ns period=20.000ns})
  Path Group:             aclk
  Path Type:              Setup (Max at Slow Process Corner)
  Requirement:            20.000ns  (aclk rise@20.000ns - aclk rise@0.000ns)
  Data Path Delay:        14.544ns  (logic 4.216ns (28.988%)  route 10.328ns (71.012%))
  Logic Levels:           61  (CARRY8=19 LUT2=4 LUT3=2 LUT4=4 LUT5=5 LUT6=27)
  Clock Path Skew:        -0.011ns (DCD - SCD + CPR)
    Destination Clock Delay (DCD):    0.024ns = ( 20.024 - 20.000 ) 
    Source Clock Delay      (SCD):    0.035ns
    Clock Pessimism Removal (CPR):    0.000ns
  Clock Uncertainty:      0.035ns  ((TSJ^2 + TIJ^2)^1/2 + DJ) / 2 + PE
    Total System Jitter     (TSJ):    0.071ns
    Total Input Jitter      (TIJ):    0.000ns
    Discrete Jitter          (DJ):    0.000ns
    Phase Error              (PE):    0.000ns

    Location             Delay type                Incr(ns)  Path(ns)    Netlist Resource(s)
  -------------------------------------------------------------------    -------------------
                         (clock aclk rise edge)       0.000     0.000 r  
                                                      0.000     0.000 r  aclk (IN)
                         net (fo=10922, unset)        0.035     0.035    u_memory_frontend/aclk
                         FDRE                                         r  u_memory_frontend/mem_word_index_reg[13]/C
  -------------------------------------------------------------------    -------------------
                         FDRE (Prop_FDRE_C_Q)         0.096     0.131 f  u_memory_frontend/mem_word_index_reg[13]/Q
                         net (fo=88, unplaced)        0.241     0.372    u_memory_frontend/mem_word_index_u32[13]
                         LUT2 (Prop_LUT2_I1_O)        0.085     0.457 r  u_memory_frontend/profile_logical_read_word_o_INST_0_i_44/O
                         net (fo=7, unplaced)         0.239     0.696    u_memory_frontend/profile_logical_read_word_o_INST_0_i_44_n_0
                         LUT6 (Prop_LUT6_I4_O)        0.039     0.735 r  u_memory_frontend/profile_logical_read_word_o_INST_0_i_29/O
                         net (fo=117, unplaced)       0.303     1.038    u_memory_frontend/profile_logical_read_word_o_INST_0_i_29_n_0
                         LUT4 (Prop_LUT4_I0_O)        0.039     1.077 r  u_memory_frontend/req_fifo_contiguous_words[1][5]_i_11/O
                         net (fo=32, unplaced)        0.274     1.351    u_memory_frontend/req_fifo_contiguous_words[1][5]_i_11_n_0
                         LUT6 (Prop_LUT6_I0_O)        0.039     1.390 f  u_memory_frontend/req_fifo_word_address[1][15]_i_153/O
                         net (fo=2, unplaced)         0.214     1.604    u_memory_frontend/u_gemm_address_context/data1[5]
                         LUT6 (Prop_LUT6_I0_O)        0.039     1.643 f  u_memory_frontend/u_gemm_address_context/req_fifo_word_address[1][15]_i_120/O
                         net (fo=1, unplaced)         0.214     1.857    u_memory_frontend/u_gemm_address_context/req_fifo_word_address[1][15]_i_120_n_0
                         LUT6 (Prop_LUT6_I5_O)        0.039     1.896 r  u_memory_frontend/u_gemm_address_context/req_fifo_word_address[1][15]_i_66/O
                         net (fo=2, unplaced)         0.214     2.110    u_memory_frontend/u_gemm_address_context/req_fifo_word_address[1][15]_i_66_n_0
                         LUT3 (Prop_LUT3_I0_O)        0.085     2.195 f  u_memory_frontend/u_gemm_address_context/req_fifo_word_address[1][15]_i_31/O
                         net (fo=2, unplaced)         0.156     2.351    u_memory_frontend/u_gemm_address_context/req_fifo_word_address[1][15]_i_31_n_0
                         LUT6 (Prop_LUT6_I1_O)        0.064     2.415 r  u_memory_frontend/u_gemm_address_context/req_fifo_word_address[1][15]_i_8/O
                         net (fo=2, unplaced)         0.214     2.629    u_memory_frontend/u_gemm_address_context/req_fifo_word_address[1][15]_i_8_n_0
                         LUT5 (Prop_LUT5_I0_O)        0.039     2.668 r  u_memory_frontend/u_gemm_address_context/req_fifo_word_address[1][15]_i_16/O
                         net (fo=1, unplaced)         0.015     2.683    u_memory_frontend/u_gemm_address_context/req_fifo_word_address[1][15]_i_16_n_0
                         CARRY8 (Prop_CARRY8_S[4]_CO[7])
                                                      0.202     2.885 r  u_memory_frontend/u_gemm_address_context/req_fifo_word_address_reg[1][15]_i_3/CO[7]
                         net (fo=1, unplaced)         0.007     2.892    u_memory_frontend/u_gemm_address_context/req_fifo_word_address_reg[1][15]_i_3_n_0
                         CARRY8 (Prop_CARRY8_CI_CO[7])
                                                      0.030     2.922 r  u_memory_frontend/u_gemm_address_context/req_fifo_word_address_reg[1][23]_i_3/CO[7]
                         net (fo=1, unplaced)         0.007     2.929    u_memory_frontend/u_gemm_address_context/req_fifo_word_address_reg[1][23]_i_3_n_0
                         CARRY8 (Prop_CARRY8_CI_CO[7])
                                                      0.030     2.959 r  u_memory_frontend/u_gemm_address_context/req_fifo_word_address_reg[1][31]_i_4/CO[7]
                         net (fo=1, unplaced)         0.007     2.966    u_memory_frontend/u_gemm_address_context/req_fifo_word_address_reg[1][31]_i_4_n_0
                         CARRY8 (Prop_CARRY8_CI_CO[7])
                                                      0.030     2.996 r  u_memory_frontend/u_gemm_address_context/mem_state_reg[1]_i_12/CO[7]
                         net (fo=1, unplaced)         0.007     3.003    u_memory_frontend/u_gemm_address_context/mem_state_reg[1]_i_12_n_0
                         CARRY8 (Prop_CARRY8_CI_O[2])
                                                      0.086     3.089 r  u_memory_frontend/u_gemm_address_context/mem_state_reg[1]_i_33/O[2]
                         net (fo=1, unplaced)         0.215     3.304    u_memory_frontend/u_gemm_address_context/mem_state_reg[1]_i_33_n_13
                         LUT4 (Prop_LUT4_I3_O)        0.115     3.419 r  u_memory_frontend/u_gemm_address_context/mem_state[1]_i_115/O
                         net (fo=1, unplaced)         0.214     3.633    u_memory_frontend/u_gemm_address_context/mem_state[1]_i_115_n_0
                         LUT5 (Prop_LUT5_I4_O)        0.039     3.672 r  u_memory_frontend/u_gemm_address_context/mem_state[1]_i_70/O
                         net (fo=1, unplaced)         0.214     3.886    u_memory_frontend/u_gemm_address_context/mem_state[1]_i_70_n_0
                         LUT6 (Prop_LUT6_I5_O)        0.039     3.925 r  u_memory_frontend/u_gemm_address_context/mem_state[1]_i_34/O
                         net (fo=1, unplaced)         0.214     4.139    u_memory_frontend/u_gemm_address_context/mem_state[1]_i_34_n_0
                         LUT6 (Prop_LUT6_I4_O)        0.039     4.178 f  u_memory_frontend/u_gemm_address_context/mem_state[1]_i_13/O
                         net (fo=1, unplaced)         0.214     4.392    u_memory_frontend/u_gemm_address_context/mem_state[1]_i_13_n_0
                         LUT6 (Prop_LUT6_I2_O)        0.039     4.431 r  u_memory_frontend/u_gemm_address_context/mem_state[1]_i_8/O
                         net (fo=2, unplaced)         0.214     4.645    u_memory_frontend/u_gemm_address_context/mem_state[1]_i_8_n_0
                         LUT6 (Prop_LUT6_I5_O)        0.039     4.684 f  u_memory_frontend/u_gemm_address_context/req_fifo_contiguous_words[1][5]_i_6/O
                         net (fo=7, unplaced)         0.239     4.923    u_memory_frontend/u_gemm_address_context/req_fifo_contiguous_words[1][5]_i_6_n_0
                         LUT6 (Prop_LUT6_I0_O)        0.039     4.962 f  u_memory_frontend/u_gemm_address_context/profile_logical_read_word_o_INST_0_i_12/O
                         net (fo=4, unplaced)         0.226     5.188    u_memory_frontend/u_gemm_address_context/read_candidate_read_ahead_safe
                         LUT6 (Prop_LUT6_I5_O)        0.039     5.227 f  u_memory_frontend/u_gemm_address_context/profile_logical_read_word_o_INST_0_i_3/O
                         net (fo=8, unplaced)         0.242     5.469    u_memory_frontend/u_gemm_address_context/profile_logical_read_word_o_INST_0_i_3_n_0
                         LUT6 (Prop_LUT6_I4_O)        0.039     5.508 r  u_memory_frontend/u_gemm_address_context/req_fifo_count[1]_i_6/O
                         net (fo=10, unplaced)        0.189     5.697    u_mem_adapter/mem_req_valid
                         LUT6 (Prop_LUT6_I4_O)        0.064     5.761 r  u_mem_adapter/fill_start_word[3]_i_2/O
                         net (fo=116, unplaced)       0.303     6.064    u_mem_adapter/fill_start_word[3]_i_2_n_0
                         LUT5 (Prop_LUT5_I4_O)        0.039     6.103 r  u_mem_adapter/four_k_split_o_i_48/O
                         net (fo=4, unplaced)         0.226     6.329    u_mem_adapter/four_k_split_o_i_48_n_0
                         LUT6 (Prop_LUT6_I0_O)        0.039     6.368 r  u_mem_adapter/four_k_split_o_i_35/O
                         net (fo=1, unplaced)         0.018     6.386    u_mem_adapter/four_k_split_o_i_35_n_0
                         CARRY8 (Prop_CARRY8_S[0]_O[5])
                                                      0.295     6.681 f  u_mem_adapter/four_k_split_o_reg_i_11/O[5]
                         net (fo=7, unplaced)         0.187     6.868    u_mem_adapter/four_k_split_o_reg_i_11_n_10
                         LUT4 (Prop_LUT4_I0_O)        0.121     6.989 r  u_mem_adapter/four_k_split_o_i_59/O
                         net (fo=1, unplaced)         0.232     7.221    u_mem_adapter/four_k_split_o_i_59_n_0
                         CARRY8 (Prop_CARRY8_DI[2]_CO[7])
                                                      0.142     7.363 r  u_mem_adapter/four_k_split_o_reg_i_49/CO[7]
                         net (fo=1, unplaced)         0.007     7.370    u_mem_adapter/four_k_split_o_reg_i_49_n_0
                         CARRY8 (Prop_CARRY8_CI_CO[7])
                                                      0.030     7.400 r  u_mem_adapter/four_k_split_o_reg_i_36/CO[7]
                         net (fo=1, unplaced)         0.007     7.407    u_mem_adapter/four_k_split_o_reg_i_36_n_0
                         CARRY8 (Prop_CARRY8_CI_CO[0])
                                                      0.068     7.475 r  u_mem_adapter/four_k_split_o_reg_i_12/CO[0]
                         net (fo=13, unplaced)        0.253     7.728    u_mem_adapter/clamped_contiguous_words1
                         LUT6 (Prop_LUT6_I4_O)        0.039     7.767 r  u_mem_adapter/fill_desc_beats[0][0]_i_4/O
                         net (fo=8, unplaced)         0.242     8.009    u_mem_adapter/fill_desc_beats[0][0]_i_4_n_0
                         LUT5 (Prop_LUT5_I0_O)        0.085     8.094 r  u_mem_adapter/four_k_split_o_i_18/O
                         net (fo=3, unplaced)         0.220     8.314    u_mem_adapter/four_k_split_o_i_18_n_0
                         LUT6 (Prop_LUT6_I5_O)        0.039     8.353 r  u_mem_adapter/four_k_split_o_i_5/O
                         net (fo=2, unplaced)         0.259     8.612    u_mem_adapter/four_k_split_o_i_5_n_0
                         CARRY8 (Prop_CARRY8_DI[0]_CO[4])
                                                      0.229     8.841 r  u_mem_adapter/fill_desc_beats_reg[0][2]_i_3/CO[4]
                         net (fo=8, unplaced)         0.240     9.081    u_mem_adapter/fill_desc_beats_reg[0][2]_i_3_n_3
                         LUT6 (Prop_LUT6_I1_O)        0.039     9.120 r  u_mem_adapter/fill_desc_beats[0][0]_i_1/O
                         net (fo=22, unplaced)        0.265     9.385    u_mem_adapter/fill_desc_beats[0][0]_i_1_n_0
                         LUT2 (Prop_LUT2_I1_O)        0.040     9.425 r  u_mem_adapter/fill_desc_addr[1][10]_i_4/O
                         net (fo=1, unplaced)         0.017     9.442    u_mem_adapter/fill_desc_addr[1][10]_i_4_n_0
                         CARRY8 (Prop_CARRY8_S[1]_O[2])
                                                      0.144     9.586 r  u_mem_adapter/fill_desc_addr_reg[1][10]_i_1/O[2]
                         net (fo=6, unplaced)         0.236     9.822    u_mem_adapter/fill_desc_addr_reg[1][10]_i_1_n_13
                         LUT6 (Prop_LUT6_I0_O)        0.100     9.922 r  u_mem_adapter/fill_desc_beats[1][1]_i_3/O
                         net (fo=3, unplaced)         0.220    10.142    u_mem_adapter/fill_desc_beats[1][1]_i_3_n_0
                         LUT6 (Prop_LUT6_I5_O)        0.039    10.181 r  u_mem_adapter/fill_desc_beats[1][2]_i_25/O
                         net (fo=1, unplaced)         0.214    10.395    u_mem_adapter/fill_desc_beats[1][2]_i_25_n_0
                         LUT6 (Prop_LUT6_I0_O)        0.039    10.434 r  u_mem_adapter/fill_desc_beats[1][2]_i_18/O
                         net (fo=1, unplaced)         0.018    10.452    u_mem_adapter/fill_desc_beats[1][2]_i_18_n_0
                         CARRY8 (Prop_CARRY8_S[0]_CO[4])
                                                      0.266    10.718 r  u_mem_adapter/fill_desc_beats_reg[1][2]_i_5/CO[4]
                         net (fo=9, unplaced)         0.243    10.961    u_mem_adapter/planned_second_beats1
                         LUT6 (Prop_LUT6_I3_O)        0.039    11.000 r  u_mem_adapter/fill_desc_beats[1][0]_i_1/O
                         net (fo=15, unplaced)        0.256    11.256    u_mem_adapter/fill_desc_beats[1][0]_i_1_n_0
                         LUT2 (Prop_LUT2_I1_O)        0.085    11.341 r  u_mem_adapter/m_axi_arvalid_INST_0_i_227/O
                         net (fo=2, unplaced)         0.214    11.555    u_mem_adapter/m_axi_arvalid_INST_0_i_227_n_0
                         LUT6 (Prop_LUT6_I0_O)        0.039    11.594 r  u_mem_adapter/m_axi_arvalid_INST_0_i_216/O
                         net (fo=1, unplaced)         0.120    11.714    u_mem_adapter/m_axi_arvalid_INST_0_i_216_n_0
                         CARRY8 (Prop_CARRY8_DI[6]_CO[7])
                                                      0.081    11.795 r  u_mem_adapter/m_axi_arvalid_INST_0_i_206/CO[7]
                         net (fo=1, unplaced)         0.007    11.802    u_mem_adapter/m_axi_arvalid_INST_0_i_206_n_0
                         CARRY8 (Prop_CARRY8_CI_CO[7])
                                                      0.030    11.832 r  u_mem_adapter/m_axi_arvalid_INST_0_i_197/CO[7]
                         net (fo=1, unplaced)         0.007    11.839    u_mem_adapter/m_axi_arvalid_INST_0_i_197_n_0
                         CARRY8 (Prop_CARRY8_CI_CO[7])
                                                      0.030    11.869 r  u_mem_adapter/m_axi_arvalid_INST_0_i_173/CO[7]
                         net (fo=1, unplaced)         0.007    11.876    u_mem_adapter/m_axi_arvalid_INST_0_i_173_n_0
                         CARRY8 (Prop_CARRY8_CI_CO[7])
                                                      0.030    11.906 r  u_mem_adapter/m_axi_arvalid_INST_0_i_131/CO[7]
                         net (fo=1, unplaced)         0.007    11.913    u_mem_adapter/m_axi_arvalid_INST_0_i_131_n_0
                         CARRY8 (Prop_CARRY8_CI_CO[7])
                                                      0.030    11.943 r  u_mem_adapter/m_axi_arvalid_INST_0_i_92/CO[7]
                         net (fo=1, unplaced)         0.007    11.950    u_mem_adapter/m_axi_arvalid_INST_0_i_92_n_0
                         CARRY8 (Prop_CARRY8_CI_CO[7])
                                                      0.030    11.980 r  u_mem_adapter/m_axi_arvalid_INST_0_i_120/CO[7]
                         net (fo=1, unplaced)         0.007    11.987    u_mem_adapter/m_axi_arvalid_INST_0_i_120_n_0
                         CARRY8 (Prop_CARRY8_CI_O[4])
                                                      0.109    12.096 r  u_mem_adapter/m_axi_arvalid_INST_0_i_83/O[4]
                         net (fo=1, unplaced)         0.212    12.308    u_mem_adapter/planned_end_address_wide0[53]
                         LUT4 (Prop_LUT4_I1_O)        0.100    12.408 r  u_mem_adapter/m_axi_arvalid_INST_0_i_121/O
                         net (fo=1, unplaced)         0.214    12.622    u_mem_adapter/m_axi_arvalid_INST_0_i_121_n_0
                         LUT5 (Prop_LUT5_I4_O)        0.039    12.661 r  u_mem_adapter/m_axi_arvalid_INST_0_i_81/O
                         net (fo=1, unplaced)         0.214    12.875    u_mem_adapter/m_axi_arvalid_INST_0_i_81_n_0
                         LUT6 (Prop_LUT6_I4_O)        0.039    12.914 r  u_mem_adapter/m_axi_arvalid_INST_0_i_36/O
                         net (fo=1, unplaced)         0.214    13.128    u_mem_adapter/m_axi_arvalid_INST_0_i_36_n_0
                         LUT6 (Prop_LUT6_I1_O)        0.039    13.167 r  u_mem_adapter/m_axi_arvalid_INST_0_i_13/O
                         net (fo=2, unplaced)         0.156    13.323    u_mem_adapter/m_axi_arvalid_INST_0_i_13_n_0
                         LUT3 (Prop_LUT3_I0_O)        0.064    13.387 r  u_mem_adapter/m_axi_arvalid_INST_0_i_8/O
                         net (fo=2, unplaced)         0.214    13.601    u_mem_adapter/m_axi_arvalid_INST_0_i_8_n_0
                         LUT6 (Prop_LUT6_I0_O)        0.039    13.640 r  u_mem_adapter/m_axi_arvalid_INST_0_i_4/O
                         net (fo=8, unplaced)         0.184    13.824    u_mem_adapter/m_axi_arvalid_INST_0_i_4_n_0
                         LUT2 (Prop_LUT2_I1_O)        0.064    13.888 f  u_mem_adapter/linefill_start_o_i_1/O
                         net (fo=190, unplaced)       0.256    14.144    u_mem_adapter/linefill_start_o_i_1_n_0
                         LUT6 (Prop_LUT6_I1_O)        0.064    14.208 f  u_mem_adapter/line_consumed_bitmap[31]_i_4/O
                         net (fo=33, unplaced)        0.274    14.482    u_mem_adapter/line_valid
                         LUT6 (Prop_LUT6_I3_O)        0.039    14.521 r  u_mem_adapter/line_consumed_bitmap[10]_i_1/O
                         net (fo=1, unplaced)         0.058    14.579    u_mem_adapter/line_consumed_bitmap[10]_i_1_n_0
                         FDRE                                         r  u_mem_adapter/line_consumed_bitmap_reg[10]/D
  -------------------------------------------------------------------    -------------------

                         (clock aclk rise edge)      20.000    20.000 r  
                                                      0.000    20.000 r  aclk (IN)
                         net (fo=10922, unset)        0.024    20.024    u_mem_adapter/aclk
                         FDRE                                         r  u_mem_adapter/line_consumed_bitmap_reg[10]/C
                         clock pessimism              0.000    20.024    
                         clock uncertainty           -0.035    19.989    
                         FDRE (Setup_FDRE_C_D)        0.027    20.016    u_mem_adapter/line_consumed_bitmap_reg[10]
  -------------------------------------------------------------------
                         required time                         20.016    
                         arrival time                         -14.579    
  -------------------------------------------------------------------
                         slack                                  5.437    

Slack (MET) :             5.437ns  (required time - arrival time)
  Source:                 u_memory_frontend/mem_word_index_reg[13]/C
                            (rising edge-triggered cell FDRE clocked by aclk  {rise@0.000ns fall@10.000ns period=20.000ns})
  Destination:            u_mem_adapter/line_consumed_bitmap_reg[11]/D
                            (rising edge-triggered cell FDRE clocked by aclk  {rise@0.000ns fall@10.000ns period=20.000ns})
  Path Group:             aclk
  Path Type:              Setup (Max at Slow Process Corner)
  Requirement:            20.000ns  (aclk rise@20.000ns - aclk rise@0.000ns)
  Data Path Delay:        14.544ns  (logic 4.216ns (28.988%)  route 10.328ns (71.012%))
  Logic Levels:           61  (CARRY8=19 LUT2=4 LUT3=2 LUT4=4 LUT5=5 LUT6=27)
  Clock Path Skew:        -0.011ns (DCD - SCD + CPR)
    Destination Clock Delay (DCD):    0.024ns = ( 20.024 - 20.000 ) 
    Source Clock Delay      (SCD):    0.035ns
    Clock Pessimism Removal (CPR):    0.000ns
  Clock Uncertainty:      0.035ns  ((TSJ^2 + TIJ^2)^1/2 + DJ) / 2 + PE
    Total System Jitter     (TSJ):    0.071ns
    Total Input Jitter      (TIJ):    0.000ns
    Discrete Jitter          (DJ):    0.000ns
    Phase Error              (PE):    0.000ns

    Location             Delay type                Incr(ns)  Path(ns)    Netlist Resource(s)
  -------------------------------------------------------------------    -------------------
                         (clock aclk rise edge)       0.000     0.000 r  
                                                      0.000     0.000 r  aclk (IN)
                         net (fo=10922, unset)        0.035     0.035    u_memory_frontend/aclk
                         FDRE                                         r  u_memory_frontend/mem_word_index_reg[13]/C
  -------------------------------------------------------------------    -------------------
                         FDRE (Prop_FDRE_C_Q)         0.096     0.131 f  u_memory_frontend/mem_word_index_reg[13]/Q
                         net (fo=88, unplaced)        0.241     0.372    u_memory_frontend/mem_word_index_u32[13]
                         LUT2 (Prop_LUT2_I1_O)        0.085     0.457 r  u_memory_frontend/profile_logical_read_word_o_INST_0_i_44/O
                         net (fo=7, unplaced)         0.239     0.696    u_memory_frontend/profile_logical_read_word_o_INST_0_i_44_n_0
                         LUT6 (Prop_LUT6_I4_O)        0.039     0.735 r  u_memory_frontend/profile_logical_read_word_o_INST_0_i_29/O
                         net (fo=117, unplaced)       0.303     1.038    u_memory_frontend/profile_logical_read_word_o_INST_0_i_29_n_0
                         LUT4 (Prop_LUT4_I0_O)        0.039     1.077 r  u_memory_frontend/req_fifo_contiguous_words[1][5]_i_11/O
                         net (fo=32, unplaced)        0.274     1.351    u_memory_frontend/req_fifo_contiguous_words[1][5]_i_11_n_0
                         LUT6 (Prop_LUT6_I0_O)        0.039     1.390 f  u_memory_frontend/req_fifo_word_address[1][15]_i_153/O
                         net (fo=2, unplaced)         0.214     1.604    u_memory_frontend/u_gemm_address_context/data1[5]
                         LUT6 (Prop_LUT6_I0_O)        0.039     1.643 f  u_memory_frontend/u_gemm_address_context/req_fifo_word_address[1][15]_i_120/O
                         net (fo=1, unplaced)         0.214     1.857    u_memory_frontend/u_gemm_address_context/req_fifo_word_address[1][15]_i_120_n_0
                         LUT6 (Prop_LUT6_I5_O)        0.039     1.896 r  u_memory_frontend/u_gemm_address_context/req_fifo_word_address[1][15]_i_66/O
                         net (fo=2, unplaced)         0.214     2.110    u_memory_frontend/u_gemm_address_context/req_fifo_word_address[1][15]_i_66_n_0
                         LUT3 (Prop_LUT3_I0_O)        0.085     2.195 f  u_memory_frontend/u_gemm_address_context/req_fifo_word_address[1][15]_i_31/O
                         net (fo=2, unplaced)         0.156     2.351    u_memory_frontend/u_gemm_address_context/req_fifo_word_address[1][15]_i_31_n_0
                         LUT6 (Prop_LUT6_I1_O)        0.064     2.415 r  u_memory_frontend/u_gemm_address_context/req_fifo_word_address[1][15]_i_8/O
                         net (fo=2, unplaced)         0.214     2.629    u_memory_frontend/u_gemm_address_context/req_fifo_word_address[1][15]_i_8_n_0
                         LUT5 (Prop_LUT5_I0_O)        0.039     2.668 r  u_memory_frontend/u_gemm_address_context/req_fifo_word_address[1][15]_i_16/O
                         net (fo=1, unplaced)         0.015     2.683    u_memory_frontend/u_gemm_address_context/req_fifo_word_address[1][15]_i_16_n_0
                         CARRY8 (Prop_CARRY8_S[4]_CO[7])
                                                      0.202     2.885 r  u_memory_frontend/u_gemm_address_context/req_fifo_word_address_reg[1][15]_i_3/CO[7]
                         net (fo=1, unplaced)         0.007     2.892    u_memory_frontend/u_gemm_address_context/req_fifo_word_address_reg[1][15]_i_3_n_0
                         CARRY8 (Prop_CARRY8_CI_CO[7])
                                                      0.030     2.922 r  u_memory_frontend/u_gemm_address_context/req_fifo_word_address_reg[1][23]_i_3/CO[7]
                         net (fo=1, unplaced)         0.007     2.929    u_memory_frontend/u_gemm_address_context/req_fifo_word_address_reg[1][23]_i_3_n_0
                         CARRY8 (Prop_CARRY8_CI_CO[7])
                                                      0.030     2.959 r  u_memory_frontend/u_gemm_address_context/req_fifo_word_address_reg[1][31]_i_4/CO[7]
                         net (fo=1, unplaced)         0.007     2.966    u_memory_frontend/u_gemm_address_context/req_fifo_word_address_reg[1][31]_i_4_n_0
                         CARRY8 (Prop_CARRY8_CI_CO[7])
                                                      0.030     2.996 r  u_memory_frontend/u_gemm_address_context/mem_state_reg[1]_i_12/CO[7]
                         net (fo=1, unplaced)         0.007     3.003    u_memory_frontend/u_gemm_address_context/mem_state_reg[1]_i_12_n_0
                         CARRY8 (Prop_CARRY8_CI_O[2])
                                                      0.086     3.089 r  u_memory_frontend/u_gemm_address_context/mem_state_reg[1]_i_33/O[2]
                         net (fo=1, unplaced)         0.215     3.304    u_memory_frontend/u_gemm_address_context/mem_state_reg[1]_i_33_n_13
                         LUT4 (Prop_LUT4_I3_O)        0.115     3.419 r  u_memory_frontend/u_gemm_address_context/mem_state[1]_i_115/O
                         net (fo=1, unplaced)         0.214     3.633    u_memory_frontend/u_gemm_address_context/mem_state[1]_i_115_n_0
                         LUT5 (Prop_LUT5_I4_O)        0.039     3.672 r  u_memory_frontend/u_gemm_address_context/mem_state[1]_i_70/O
                         net (fo=1, unplaced)         0.214     3.886    u_memory_frontend/u_gemm_address_context/mem_state[1]_i_70_n_0
                         LUT6 (Prop_LUT6_I5_O)        0.039     3.925 r  u_memory_frontend/u_gemm_address_context/mem_state[1]_i_34/O
                         net (fo=1, unplaced)         0.214     4.139    u_memory_frontend/u_gemm_address_context/mem_state[1]_i_34_n_0
                         LUT6 (Prop_LUT6_I4_O)        0.039     4.178 f  u_memory_frontend/u_gemm_address_context/mem_state[1]_i_13/O
                         net (fo=1, unplaced)         0.214     4.392    u_memory_frontend/u_gemm_address_context/mem_state[1]_i_13_n_0
                         LUT6 (Prop_LUT6_I2_O)        0.039     4.431 r  u_memory_frontend/u_gemm_address_context/mem_state[1]_i_8/O
                         net (fo=2, unplaced)         0.214     4.645    u_memory_frontend/u_gemm_address_context/mem_state[1]_i_8_n_0
                         LUT6 (Prop_LUT6_I5_O)        0.039     4.684 f  u_memory_frontend/u_gemm_address_context/req_fifo_contiguous_words[1][5]_i_6/O
                         net (fo=7, unplaced)         0.239     4.923    u_memory_frontend/u_gemm_address_context/req_fifo_contiguous_words[1][5]_i_6_n_0
                         LUT6 (Prop_LUT6_I0_O)        0.039     4.962 f  u_memory_frontend/u_gemm_address_context/profile_logical_read_word_o_INST_0_i_12/O
                         net (fo=4, unplaced)         0.226     5.188    u_memory_frontend/u_gemm_address_context/read_candidate_read_ahead_safe
                         LUT6 (Prop_LUT6_I5_O)        0.039     5.227 f  u_memory_frontend/u_gemm_address_context/profile_logical_read_word_o_INST_0_i_3/O
                         net (fo=8, unplaced)         0.242     5.469    u_memory_frontend/u_gemm_address_context/profile_logical_read_word_o_INST_0_i_3_n_0
                         LUT6 (Prop_LUT6_I4_O)        0.039     5.508 r  u_memory_frontend/u_gemm_address_context/req_fifo_count[1]_i_6/O
                         net (fo=10, unplaced)        0.189     5.697    u_mem_adapter/mem_req_valid
                         LUT6 (Prop_LUT6_I4_O)        0.064     5.761 r  u_mem_adapter/fill_start_word[3]_i_2/O
                         net (fo=116, unplaced)       0.303     6.064    u_mem_adapter/fill_start_word[3]_i_2_n_0
                         LUT5 (Prop_LUT5_I4_O)        0.039     6.103 r  u_mem_adapter/four_k_split_o_i_48/O
                         net (fo=4, unplaced)         0.226     6.329    u_mem_adapter/four_k_split_o_i_48_n_0
                         LUT6 (Prop_LUT6_I0_O)        0.039     6.368 r  u_mem_adapter/four_k_split_o_i_35/O
                         net (fo=1, unplaced)         0.018     6.386    u_mem_adapter/four_k_split_o_i_35_n_0
                         CARRY8 (Prop_CARRY8_S[0]_O[5])
                                                      0.295     6.681 f  u_mem_adapter/four_k_split_o_reg_i_11/O[5]
                         net (fo=7, unplaced)         0.187     6.868    u_mem_adapter/four_k_split_o_reg_i_11_n_10
                         LUT4 (Prop_LUT4_I0_O)        0.121     6.989 r  u_mem_adapter/four_k_split_o_i_59/O
                         net (fo=1, unplaced)         0.232     7.221    u_mem_adapter/four_k_split_o_i_59_n_0
                         CARRY8 (Prop_CARRY8_DI[2]_CO[7])
                                                      0.142     7.363 r  u_mem_adapter/four_k_split_o_reg_i_49/CO[7]
                         net (fo=1, unplaced)         0.007     7.370    u_mem_adapter/four_k_split_o_reg_i_49_n_0
                         CARRY8 (Prop_CARRY8_CI_CO[7])
                                                      0.030     7.400 r  u_mem_adapter/four_k_split_o_reg_i_36/CO[7]
                         net (fo=1, unplaced)         0.007     7.407    u_mem_adapter/four_k_split_o_reg_i_36_n_0
                         CARRY8 (Prop_CARRY8_CI_CO[0])
                                                      0.068     7.475 r  u_mem_adapter/four_k_split_o_reg_i_12/CO[0]
                         net (fo=13, unplaced)        0.253     7.728    u_mem_adapter/clamped_contiguous_words1
                         LUT6 (Prop_LUT6_I4_O)        0.039     7.767 r  u_mem_adapter/fill_desc_beats[0][0]_i_4/O
                         net (fo=8, unplaced)         0.242     8.009    u_mem_adapter/fill_desc_beats[0][0]_i_4_n_0
                         LUT5 (Prop_LUT5_I0_O)        0.085     8.094 r  u_mem_adapter/four_k_split_o_i_18/O
                         net (fo=3, unplaced)         0.220     8.314    u_mem_adapter/four_k_split_o_i_18_n_0
                         LUT6 (Prop_LUT6_I5_O)        0.039     8.353 r  u_mem_adapter/four_k_split_o_i_5/O
                         net (fo=2, unplaced)         0.259     8.612    u_mem_adapter/four_k_split_o_i_5_n_0
                         CARRY8 (Prop_CARRY8_DI[0]_CO[4])
                                                      0.229     8.841 r  u_mem_adapter/fill_desc_beats_reg[0][2]_i_3/CO[4]
                         net (fo=8, unplaced)         0.240     9.081    u_mem_adapter/fill_desc_beats_reg[0][2]_i_3_n_3
                         LUT6 (Prop_LUT6_I1_O)        0.039     9.120 r  u_mem_adapter/fill_desc_beats[0][0]_i_1/O
                         net (fo=22, unplaced)        0.265     9.385    u_mem_adapter/fill_desc_beats[0][0]_i_1_n_0
                         LUT2 (Prop_LUT2_I1_O)        0.040     9.425 r  u_mem_adapter/fill_desc_addr[1][10]_i_4/O
                         net (fo=1, unplaced)         0.017     9.442    u_mem_adapter/fill_desc_addr[1][10]_i_4_n_0
                         CARRY8 (Prop_CARRY8_S[1]_O[2])
                                                      0.144     9.586 r  u_mem_adapter/fill_desc_addr_reg[1][10]_i_1/O[2]
                         net (fo=6, unplaced)         0.236     9.822    u_mem_adapter/fill_desc_addr_reg[1][10]_i_1_n_13
                         LUT6 (Prop_LUT6_I0_O)        0.100     9.922 r  u_mem_adapter/fill_desc_beats[1][1]_i_3/O
                         net (fo=3, unplaced)         0.220    10.142    u_mem_adapter/fill_desc_beats[1][1]_i_3_n_0
                         LUT6 (Prop_LUT6_I5_O)        0.039    10.181 r  u_mem_adapter/fill_desc_beats[1][2]_i_25/O
                         net (fo=1, unplaced)         0.214    10.395    u_mem_adapter/fill_desc_beats[1][2]_i_25_n_0
                         LUT6 (Prop_LUT6_I0_O)        0.039    10.434 r  u_mem_adapter/fill_desc_beats[1][2]_i_18/O
                         net (fo=1, unplaced)         0.018    10.452    u_mem_adapter/fill_desc_beats[1][2]_i_18_n_0
                         CARRY8 (Prop_CARRY8_S[0]_CO[4])
                                                      0.266    10.718 r  u_mem_adapter/fill_desc_beats_reg[1][2]_i_5/CO[4]
                         net (fo=9, unplaced)         0.243    10.961    u_mem_adapter/planned_second_beats1
                         LUT6 (Prop_LUT6_I3_O)        0.039    11.000 r  u_mem_adapter/fill_desc_beats[1][0]_i_1/O
                         net (fo=15, unplaced)        0.256    11.256    u_mem_adapter/fill_desc_beats[1][0]_i_1_n_0
                         LUT2 (Prop_LUT2_I1_O)        0.085    11.341 r  u_mem_adapter/m_axi_arvalid_INST_0_i_227/O
                         net (fo=2, unplaced)         0.214    11.555    u_mem_adapter/m_axi_arvalid_INST_0_i_227_n_0
                         LUT6 (Prop_LUT6_I0_O)        0.039    11.594 r  u_mem_adapter/m_axi_arvalid_INST_0_i_216/O
                         net (fo=1, unplaced)         0.120    11.714    u_mem_adapter/m_axi_arvalid_INST_0_i_216_n_0
                         CARRY8 (Prop_CARRY8_DI[6]_CO[7])
                                                      0.081    11.795 r  u_mem_adapter/m_axi_arvalid_INST_0_i_206/CO[7]
                         net (fo=1, unplaced)         0.007    11.802    u_mem_adapter/m_axi_arvalid_INST_0_i_206_n_0
                         CARRY8 (Prop_CARRY8_CI_CO[7])
                                                      0.030    11.832 r  u_mem_adapter/m_axi_arvalid_INST_0_i_197/CO[7]
                         net (fo=1, unplaced)         0.007    11.839    u_mem_adapter/m_axi_arvalid_INST_0_i_197_n_0
                         CARRY8 (Prop_CARRY8_CI_CO[7])
                                                      0.030    11.869 r  u_mem_adapter/m_axi_arvalid_INST_0_i_173/CO[7]
                         net (fo=1, unplaced)         0.007    11.876    u_mem_adapter/m_axi_arvalid_INST_0_i_173_n_0
                         CARRY8 (Prop_CARRY8_CI_CO[7])
                                                      0.030    11.906 r  u_mem_adapter/m_axi_arvalid_INST_0_i_131/CO[7]
                         net (fo=1, unplaced)         0.007    11.913    u_mem_adapter/m_axi_arvalid_INST_0_i_131_n_0
                         CARRY8 (Prop_CARRY8_CI_CO[7])
                                                      0.030    11.943 r  u_mem_adapter/m_axi_arvalid_INST_0_i_92/CO[7]
                         net (fo=1, unplaced)         0.007    11.950    u_mem_adapter/m_axi_arvalid_INST_0_i_92_n_0
                         CARRY8 (Prop_CARRY8_CI_CO[7])
                                                      0.030    11.980 r  u_mem_adapter/m_axi_arvalid_INST_0_i_120/CO[7]
                         net (fo=1, unplaced)         0.007    11.987    u_mem_adapter/m_axi_arvalid_INST_0_i_120_n_0
                         CARRY8 (Prop_CARRY8_CI_O[4])
                                                      0.109    12.096 r  u_mem_adapter/m_axi_arvalid_INST_0_i_83/O[4]
                         net (fo=1, unplaced)         0.212    12.308    u_mem_adapter/planned_end_address_wide0[53]
                         LUT4 (Prop_LUT4_I1_O)        0.100    12.408 r  u_mem_adapter/m_axi_arvalid_INST_0_i_121/O
                         net (fo=1, unplaced)         0.214    12.622    u_mem_adapter/m_axi_arvalid_INST_0_i_121_n_0
                         LUT5 (Prop_LUT5_I4_O)        0.039    12.661 r  u_mem_adapter/m_axi_arvalid_INST_0_i_81/O
                         net (fo=1, unplaced)         0.214    12.875    u_mem_adapter/m_axi_arvalid_INST_0_i_81_n_0
                         LUT6 (Prop_LUT6_I4_O)        0.039    12.914 r  u_mem_adapter/m_axi_arvalid_INST_0_i_36/O
                         net (fo=1, unplaced)         0.214    13.128    u_mem_adapter/m_axi_arvalid_INST_0_i_36_n_0
                         LUT6 (Prop_LUT6_I1_O)        0.039    13.167 r  u_mem_adapter/m_axi_arvalid_INST_0_i_13/O
                         net (fo=2, unplaced)         0.156    13.323    u_mem_adapter/m_axi_arvalid_INST_0_i_13_n_0
                         LUT3 (Prop_LUT3_I0_O)        0.064    13.387 r  u_mem_adapter/m_axi_arvalid_INST_0_i_8/O
                         net (fo=2, unplaced)         0.214    13.601    u_mem_adapter/m_axi_arvalid_INST_0_i_8_n_0
                         LUT6 (Prop_LUT6_I0_O)        0.039    13.640 r  u_mem_adapter/m_axi_arvalid_INST_0_i_4/O
                         net (fo=8, unplaced)         0.184    13.824    u_mem_adapter/m_axi_arvalid_INST_0_i_4_n_0
                         LUT2 (Prop_LUT2_I1_O)        0.064    13.888 f  u_mem_adapter/linefill_start_o_i_1/O
                         net (fo=190, unplaced)       0.256    14.144    u_mem_adapter/linefill_start_o_i_1_n_0
                         LUT6 (Prop_LUT6_I1_O)        0.064    14.208 f  u_mem_adapter/line_consumed_bitmap[31]_i_4/O
                         net (fo=33, unplaced)        0.274    14.482    u_mem_adapter/line_valid
                         LUT6 (Prop_LUT6_I3_O)        0.039    14.521 r  u_mem_adapter/line_consumed_bitmap[11]_i_1/O
                         net (fo=1, unplaced)         0.058    14.579    u_mem_adapter/line_consumed_bitmap[11]_i_1_n_0
                         FDRE                                         r  u_mem_adapter/line_consumed_bitmap_reg[11]/D
  -------------------------------------------------------------------    -------------------

                         (clock aclk rise edge)      20.000    20.000 r  
                                                      0.000    20.000 r  aclk (IN)
                         net (fo=10922, unset)        0.024    20.024    u_mem_adapter/aclk
                         FDRE                                         r  u_mem_adapter/line_consumed_bitmap_reg[11]/C
                         clock pessimism              0.000    20.024    
                         clock uncertainty           -0.035    19.989    
                         FDRE (Setup_FDRE_C_D)        0.027    20.016    u_mem_adapter/line_consumed_bitmap_reg[11]
  -------------------------------------------------------------------
                         required time                         20.016    
                         arrival time                         -14.579    
  -------------------------------------------------------------------
                         slack                                  5.437    

Slack (MET) :             5.437ns  (required time - arrival time)
  Source:                 u_memory_frontend/mem_word_index_reg[13]/C
                            (rising edge-triggered cell FDRE clocked by aclk  {rise@0.000ns fall@10.000ns period=20.000ns})
  Destination:            u_mem_adapter/line_consumed_bitmap_reg[12]/D
                            (rising edge-triggered cell FDRE clocked by aclk  {rise@0.000ns fall@10.000ns period=20.000ns})
  Path Group:             aclk
  Path Type:              Setup (Max at Slow Process Corner)
  Requirement:            20.000ns  (aclk rise@20.000ns - aclk rise@0.000ns)
  Data Path Delay:        14.544ns  (logic 4.216ns (28.988%)  route 10.328ns (71.012%))
  Logic Levels:           61  (CARRY8=19 LUT2=4 LUT3=2 LUT4=4 LUT5=5 LUT6=27)
  Clock Path Skew:        -0.011ns (DCD - SCD + CPR)
    Destination Clock Delay (DCD):    0.024ns = ( 20.024 - 20.000 ) 
    Source Clock Delay      (SCD):    0.035ns
    Clock Pessimism Removal (CPR):    0.000ns
  Clock Uncertainty:      0.035ns  ((TSJ^2 + TIJ^2)^1/2 + DJ) / 2 + PE
    Total System Jitter     (TSJ):    0.071ns
    Total Input Jitter      (TIJ):    0.000ns
    Discrete Jitter          (DJ):    0.000ns
    Phase Error              (PE):    0.000ns

    Location             Delay type                Incr(ns)  Path(ns)    Netlist Resource(s)
  -------------------------------------------------------------------    -------------------
                         (clock aclk rise edge)       0.000     0.000 r  
                                                      0.000     0.000 r  aclk (IN)
                         net (fo=10922, unset)        0.035     0.035    u_memory_frontend/aclk
                         FDRE                                         r  u_memory_frontend/mem_word_index_reg[13]/C
  -------------------------------------------------------------------    -------------------
                         FDRE (Prop_FDRE_C_Q)         0.096     0.131 f  u_memory_frontend/mem_word_index_reg[13]/Q
                         net (fo=88, unplaced)        0.241     0.372    u_memory_frontend/mem_word_index_u32[13]
                         LUT2 (Prop_LUT2_I1_O)        0.085     0.457 r  u_memory_frontend/profile_logical_read_word_o_INST_0_i_44/O
                         net (fo=7, unplaced)         0.239     0.696    u_memory_frontend/profile_logical_read_word_o_INST_0_i_44_n_0
                         LUT6 (Prop_LUT6_I4_O)        0.039     0.735 r  u_memory_frontend/profile_logical_read_word_o_INST_0_i_29/O
                         net (fo=117, unplaced)       0.303     1.038    u_memory_frontend/profile_logical_read_word_o_INST_0_i_29_n_0
                         LUT4 (Prop_LUT4_I0_O)        0.039     1.077 r  u_memory_frontend/req_fifo_contiguous_words[1][5]_i_11/O
                         net (fo=32, unplaced)        0.274     1.351    u_memory_frontend/req_fifo_contiguous_words[1][5]_i_11_n_0
                         LUT6 (Prop_LUT6_I0_O)        0.039     1.390 f  u_memory_frontend/req_fifo_word_address[1][15]_i_153/O
                         net (fo=2, unplaced)         0.214     1.604    u_memory_frontend/u_gemm_address_context/data1[5]
                         LUT6 (Prop_LUT6_I0_O)        0.039     1.643 f  u_memory_frontend/u_gemm_address_context/req_fifo_word_address[1][15]_i_120/O
                         net (fo=1, unplaced)         0.214     1.857    u_memory_frontend/u_gemm_address_context/req_fifo_word_address[1][15]_i_120_n_0
                         LUT6 (Prop_LUT6_I5_O)        0.039     1.896 r  u_memory_frontend/u_gemm_address_context/req_fifo_word_address[1][15]_i_66/O
                         net (fo=2, unplaced)         0.214     2.110    u_memory_frontend/u_gemm_address_context/req_fifo_word_address[1][15]_i_66_n_0
                         LUT3 (Prop_LUT3_I0_O)        0.085     2.195 f  u_memory_frontend/u_gemm_address_context/req_fifo_word_address[1][15]_i_31/O
                         net (fo=2, unplaced)         0.156     2.351    u_memory_frontend/u_gemm_address_context/req_fifo_word_address[1][15]_i_31_n_0
                         LUT6 (Prop_LUT6_I1_O)        0.064     2.415 r  u_memory_frontend/u_gemm_address_context/req_fifo_word_address[1][15]_i_8/O
                         net (fo=2, unplaced)         0.214     2.629    u_memory_frontend/u_gemm_address_context/req_fifo_word_address[1][15]_i_8_n_0
                         LUT5 (Prop_LUT5_I0_O)        0.039     2.668 r  u_memory_frontend/u_gemm_address_context/req_fifo_word_address[1][15]_i_16/O
                         net (fo=1, unplaced)         0.015     2.683    u_memory_frontend/u_gemm_address_context/req_fifo_word_address[1][15]_i_16_n_0
                         CARRY8 (Prop_CARRY8_S[4]_CO[7])
                                                      0.202     2.885 r  u_memory_frontend/u_gemm_address_context/req_fifo_word_address_reg[1][15]_i_3/CO[7]
                         net (fo=1, unplaced)         0.007     2.892    u_memory_frontend/u_gemm_address_context/req_fifo_word_address_reg[1][15]_i_3_n_0
                         CARRY8 (Prop_CARRY8_CI_CO[7])
                                                      0.030     2.922 r  u_memory_frontend/u_gemm_address_context/req_fifo_word_address_reg[1][23]_i_3/CO[7]
                         net (fo=1, unplaced)         0.007     2.929    u_memory_frontend/u_gemm_address_context/req_fifo_word_address_reg[1][23]_i_3_n_0
                         CARRY8 (Prop_CARRY8_CI_CO[7])
                                                      0.030     2.959 r  u_memory_frontend/u_gemm_address_context/req_fifo_word_address_reg[1][31]_i_4/CO[7]
                         net (fo=1, unplaced)         0.007     2.966    u_memory_frontend/u_gemm_address_context/req_fifo_word_address_reg[1][31]_i_4_n_0
                         CARRY8 (Prop_CARRY8_CI_CO[7])
                                                      0.030     2.996 r  u_memory_frontend/u_gemm_address_context/mem_state_reg[1]_i_12/CO[7]
                         net (fo=1, unplaced)         0.007     3.003    u_memory_frontend/u_gemm_address_context/mem_state_reg[1]_i_12_n_0
                         CARRY8 (Prop_CARRY8_CI_O[2])
                                                      0.086     3.089 r  u_memory_frontend/u_gemm_address_context/mem_state_reg[1]_i_33/O[2]
                         net (fo=1, unplaced)         0.215     3.304    u_memory_frontend/u_gemm_address_context/mem_state_reg[1]_i_33_n_13
                         LUT4 (Prop_LUT4_I3_O)        0.115     3.419 r  u_memory_frontend/u_gemm_address_context/mem_state[1]_i_115/O
                         net (fo=1, unplaced)         0.214     3.633    u_memory_frontend/u_gemm_address_context/mem_state[1]_i_115_n_0
                         LUT5 (Prop_LUT5_I4_O)        0.039     3.672 r  u_memory_frontend/u_gemm_address_context/mem_state[1]_i_70/O
                         net (fo=1, unplaced)         0.214     3.886    u_memory_frontend/u_gemm_address_context/mem_state[1]_i_70_n_0
                         LUT6 (Prop_LUT6_I5_O)        0.039     3.925 r  u_memory_frontend/u_gemm_address_context/mem_state[1]_i_34/O
                         net (fo=1, unplaced)         0.214     4.139    u_memory_frontend/u_gemm_address_context/mem_state[1]_i_34_n_0
                         LUT6 (Prop_LUT6_I4_O)        0.039     4.178 f  u_memory_frontend/u_gemm_address_context/mem_state[1]_i_13/O
                         net (fo=1, unplaced)         0.214     4.392    u_memory_frontend/u_gemm_address_context/mem_state[1]_i_13_n_0
                         LUT6 (Prop_LUT6_I2_O)        0.039     4.431 r  u_memory_frontend/u_gemm_address_context/mem_state[1]_i_8/O
                         net (fo=2, unplaced)         0.214     4.645    u_memory_frontend/u_gemm_address_context/mem_state[1]_i_8_n_0
                         LUT6 (Prop_LUT6_I5_O)        0.039     4.684 f  u_memory_frontend/u_gemm_address_context/req_fifo_contiguous_words[1][5]_i_6/O
                         net (fo=7, unplaced)         0.239     4.923    u_memory_frontend/u_gemm_address_context/req_fifo_contiguous_words[1][5]_i_6_n_0
                         LUT6 (Prop_LUT6_I0_O)        0.039     4.962 f  u_memory_frontend/u_gemm_address_context/profile_logical_read_word_o_INST_0_i_12/O
                         net (fo=4, unplaced)         0.226     5.188    u_memory_frontend/u_gemm_address_context/read_candidate_read_ahead_safe
                         LUT6 (Prop_LUT6_I5_O)        0.039     5.227 f  u_memory_frontend/u_gemm_address_context/profile_logical_read_word_o_INST_0_i_3/O
                         net (fo=8, unplaced)         0.242     5.469    u_memory_frontend/u_gemm_address_context/profile_logical_read_word_o_INST_0_i_3_n_0
                         LUT6 (Prop_LUT6_I4_O)        0.039     5.508 r  u_memory_frontend/u_gemm_address_context/req_fifo_count[1]_i_6/O
                         net (fo=10, unplaced)        0.189     5.697    u_mem_adapter/mem_req_valid
                         LUT6 (Prop_LUT6_I4_O)        0.064     5.761 r  u_mem_adapter/fill_start_word[3]_i_2/O
                         net (fo=116, unplaced)       0.303     6.064    u_mem_adapter/fill_start_word[3]_i_2_n_0
                         LUT5 (Prop_LUT5_I4_O)        0.039     6.103 r  u_mem_adapter/four_k_split_o_i_48/O
                         net (fo=4, unplaced)         0.226     6.329    u_mem_adapter/four_k_split_o_i_48_n_0
                         LUT6 (Prop_LUT6_I0_O)        0.039     6.368 r  u_mem_adapter/four_k_split_o_i_35/O
                         net (fo=1, unplaced)         0.018     6.386    u_mem_adapter/four_k_split_o_i_35_n_0
                         CARRY8 (Prop_CARRY8_S[0]_O[5])
                                                      0.295     6.681 f  u_mem_adapter/four_k_split_o_reg_i_11/O[5]
                         net (fo=7, unplaced)         0.187     6.868    u_mem_adapter/four_k_split_o_reg_i_11_n_10
                         LUT4 (Prop_LUT4_I0_O)        0.121     6.989 r  u_mem_adapter/four_k_split_o_i_59/O
                         net (fo=1, unplaced)         0.232     7.221    u_mem_adapter/four_k_split_o_i_59_n_0
                         CARRY8 (Prop_CARRY8_DI[2]_CO[7])
                                                      0.142     7.363 r  u_mem_adapter/four_k_split_o_reg_i_49/CO[7]
                         net (fo=1, unplaced)         0.007     7.370    u_mem_adapter/four_k_split_o_reg_i_49_n_0
                         CARRY8 (Prop_CARRY8_CI_CO[7])
                                                      0.030     7.400 r  u_mem_adapter/four_k_split_o_reg_i_36/CO[7]
                         net (fo=1, unplaced)         0.007     7.407    u_mem_adapter/four_k_split_o_reg_i_36_n_0
                         CARRY8 (Prop_CARRY8_CI_CO[0])
                                                      0.068     7.475 r  u_mem_adapter/four_k_split_o_reg_i_12/CO[0]
                         net (fo=13, unplaced)        0.253     7.728    u_mem_adapter/clamped_contiguous_words1
                         LUT6 (Prop_LUT6_I4_O)        0.039     7.767 r  u_mem_adapter/fill_desc_beats[0][0]_i_4/O
                         net (fo=8, unplaced)         0.242     8.009    u_mem_adapter/fill_desc_beats[0][0]_i_4_n_0
                         LUT5 (Prop_LUT5_I0_O)        0.085     8.094 r  u_mem_adapter/four_k_split_o_i_18/O
                         net (fo=3, unplaced)         0.220     8.314    u_mem_adapter/four_k_split_o_i_18_n_0
                         LUT6 (Prop_LUT6_I5_O)        0.039     8.353 r  u_mem_adapter/four_k_split_o_i_5/O
                         net (fo=2, unplaced)         0.259     8.612    u_mem_adapter/four_k_split_o_i_5_n_0
                         CARRY8 (Prop_CARRY8_DI[0]_CO[4])
                                                      0.229     8.841 r  u_mem_adapter/fill_desc_beats_reg[0][2]_i_3/CO[4]
                         net (fo=8, unplaced)         0.240     9.081    u_mem_adapter/fill_desc_beats_reg[0][2]_i_3_n_3
                         LUT6 (Prop_LUT6_I1_O)        0.039     9.120 r  u_mem_adapter/fill_desc_beats[0][0]_i_1/O
                         net (fo=22, unplaced)        0.265     9.385    u_mem_adapter/fill_desc_beats[0][0]_i_1_n_0
                         LUT2 (Prop_LUT2_I1_O)        0.040     9.425 r  u_mem_adapter/fill_desc_addr[1][10]_i_4/O
                         net (fo=1, unplaced)         0.017     9.442    u_mem_adapter/fill_desc_addr[1][10]_i_4_n_0
                         CARRY8 (Prop_CARRY8_S[1]_O[2])
                                                      0.144     9.586 r  u_mem_adapter/fill_desc_addr_reg[1][10]_i_1/O[2]
                         net (fo=6, unplaced)         0.236     9.822    u_mem_adapter/fill_desc_addr_reg[1][10]_i_1_n_13
                         LUT6 (Prop_LUT6_I0_O)        0.100     9.922 r  u_mem_adapter/fill_desc_beats[1][1]_i_3/O
                         net (fo=3, unplaced)         0.220    10.142    u_mem_adapter/fill_desc_beats[1][1]_i_3_n_0
                         LUT6 (Prop_LUT6_I5_O)        0.039    10.181 r  u_mem_adapter/fill_desc_beats[1][2]_i_25/O
                         net (fo=1, unplaced)         0.214    10.395    u_mem_adapter/fill_desc_beats[1][2]_i_25_n_0
                         LUT6 (Prop_LUT6_I0_O)        0.039    10.434 r  u_mem_adapter/fill_desc_beats[1][2]_i_18/O
                         net (fo=1, unplaced)         0.018    10.452    u_mem_adapter/fill_desc_beats[1][2]_i_18_n_0
                         CARRY8 (Prop_CARRY8_S[0]_CO[4])
                                                      0.266    10.718 r  u_mem_adapter/fill_desc_beats_reg[1][2]_i_5/CO[4]
                         net (fo=9, unplaced)         0.243    10.961    u_mem_adapter/planned_second_beats1
                         LUT6 (Prop_LUT6_I3_O)        0.039    11.000 r  u_mem_adapter/fill_desc_beats[1][0]_i_1/O
                         net (fo=15, unplaced)        0.256    11.256    u_mem_adapter/fill_desc_beats[1][0]_i_1_n_0
                         LUT2 (Prop_LUT2_I1_O)        0.085    11.341 r  u_mem_adapter/m_axi_arvalid_INST_0_i_227/O
                         net (fo=2, unplaced)         0.214    11.555    u_mem_adapter/m_axi_arvalid_INST_0_i_227_n_0
                         LUT6 (Prop_LUT6_I0_O)        0.039    11.594 r  u_mem_adapter/m_axi_arvalid_INST_0_i_216/O
                         net (fo=1, unplaced)         0.120    11.714    u_mem_adapter/m_axi_arvalid_INST_0_i_216_n_0
                         CARRY8 (Prop_CARRY8_DI[6]_CO[7])
                                                      0.081    11.795 r  u_mem_adapter/m_axi_arvalid_INST_0_i_206/CO[7]
                         net (fo=1, unplaced)         0.007    11.802    u_mem_adapter/m_axi_arvalid_INST_0_i_206_n_0
                         CARRY8 (Prop_CARRY8_CI_CO[7])
                                                      0.030    11.832 r  u_mem_adapter/m_axi_arvalid_INST_0_i_197/CO[7]
                         net (fo=1, unplaced)         0.007    11.839    u_mem_adapter/m_axi_arvalid_INST_0_i_197_n_0
                         CARRY8 (Prop_CARRY8_CI_CO[7])
                                                      0.030    11.869 r  u_mem_adapter/m_axi_arvalid_INST_0_i_173/CO[7]
                         net (fo=1, unplaced)         0.007    11.876    u_mem_adapter/m_axi_arvalid_INST_0_i_173_n_0
                         CARRY8 (Prop_CARRY8_CI_CO[7])
                                                      0.030    11.906 r  u_mem_adapter/m_axi_arvalid_INST_0_i_131/CO[7]
                         net (fo=1, unplaced)         0.007    11.913    u_mem_adapter/m_axi_arvalid_INST_0_i_131_n_0
                         CARRY8 (Prop_CARRY8_CI_CO[7])
                                                      0.030    11.943 r  u_mem_adapter/m_axi_arvalid_INST_0_i_92/CO[7]
                         net (fo=1, unplaced)         0.007    11.950    u_mem_adapter/m_axi_arvalid_INST_0_i_92_n_0
                         CARRY8 (Prop_CARRY8_CI_CO[7])
                                                      0.030    11.980 r  u_mem_adapter/m_axi_arvalid_INST_0_i_120/CO[7]
                         net (fo=1, unplaced)         0.007    11.987    u_mem_adapter/m_axi_arvalid_INST_0_i_120_n_0
                         CARRY8 (Prop_CARRY8_CI_O[4])
                                                      0.109    12.096 r  u_mem_adapter/m_axi_arvalid_INST_0_i_83/O[4]
                         net (fo=1, unplaced)         0.212    12.308    u_mem_adapter/planned_end_address_wide0[53]
                         LUT4 (Prop_LUT4_I1_O)        0.100    12.408 r  u_mem_adapter/m_axi_arvalid_INST_0_i_121/O
                         net (fo=1, unplaced)         0.214    12.622    u_mem_adapter/m_axi_arvalid_INST_0_i_121_n_0
                         LUT5 (Prop_LUT5_I4_O)        0.039    12.661 r  u_mem_adapter/m_axi_arvalid_INST_0_i_81/O
                         net (fo=1, unplaced)         0.214    12.875    u_mem_adapter/m_axi_arvalid_INST_0_i_81_n_0
                         LUT6 (Prop_LUT6_I4_O)        0.039    12.914 r  u_mem_adapter/m_axi_arvalid_INST_0_i_36/O
                         net (fo=1, unplaced)         0.214    13.128    u_mem_adapter/m_axi_arvalid_INST_0_i_36_n_0
                         LUT6 (Prop_LUT6_I1_O)        0.039    13.167 r  u_mem_adapter/m_axi_arvalid_INST_0_i_13/O
                         net (fo=2, unplaced)         0.156    13.323    u_mem_adapter/m_axi_arvalid_INST_0_i_13_n_0
                         LUT3 (Prop_LUT3_I0_O)        0.064    13.387 r  u_mem_adapter/m_axi_arvalid_INST_0_i_8/O
                         net (fo=2, unplaced)         0.214    13.601    u_mem_adapter/m_axi_arvalid_INST_0_i_8_n_0
                         LUT6 (Prop_LUT6_I0_O)        0.039    13.640 r  u_mem_adapter/m_axi_arvalid_INST_0_i_4/O
                         net (fo=8, unplaced)         0.184    13.824    u_mem_adapter/m_axi_arvalid_INST_0_i_4_n_0
                         LUT2 (Prop_LUT2_I1_O)        0.064    13.888 f  u_mem_adapter/linefill_start_o_i_1/O
                         net (fo=190, unplaced)       0.256    14.144    u_mem_adapter/linefill_start_o_i_1_n_0
                         LUT6 (Prop_LUT6_I1_O)        0.064    14.208 f  u_mem_adapter/line_consumed_bitmap[31]_i_4/O
                         net (fo=33, unplaced)        0.274    14.482    u_mem_adapter/line_valid
                         LUT6 (Prop_LUT6_I3_O)        0.039    14.521 r  u_mem_adapter/line_consumed_bitmap[12]_i_1/O
                         net (fo=1, unplaced)         0.058    14.579    u_mem_adapter/line_consumed_bitmap[12]_i_1_n_0
                         FDRE                                         r  u_mem_adapter/line_consumed_bitmap_reg[12]/D
  -------------------------------------------------------------------    -------------------

                         (clock aclk rise edge)      20.000    20.000 r  
                                                      0.000    20.000 r  aclk (IN)
                         net (fo=10922, unset)        0.024    20.024    u_mem_adapter/aclk
                         FDRE                                         r  u_mem_adapter/line_consumed_bitmap_reg[12]/C
                         clock pessimism              0.000    20.024    
                         clock uncertainty           -0.035    19.989    
                         FDRE (Setup_FDRE_C_D)        0.027    20.016    u_mem_adapter/line_consumed_bitmap_reg[12]
  -------------------------------------------------------------------
                         required time                         20.016    
                         arrival time                         -14.579    
  -------------------------------------------------------------------
                         slack                                  5.437    

Slack (MET) :             5.437ns  (required time - arrival time)
  Source:                 u_memory_frontend/mem_word_index_reg[13]/C
                            (rising edge-triggered cell FDRE clocked by aclk  {rise@0.000ns fall@10.000ns period=20.000ns})
  Destination:            u_mem_adapter/line_consumed_bitmap_reg[13]/D
                            (rising edge-triggered cell FDRE clocked by aclk  {rise@0.000ns fall@10.000ns period=20.000ns})
  Path Group:             aclk
  Path Type:              Setup (Max at Slow Process Corner)
  Requirement:            20.000ns  (aclk rise@20.000ns - aclk rise@0.000ns)
  Data Path Delay:        14.544ns  (logic 4.216ns (28.988%)  route 10.328ns (71.012%))
  Logic Levels:           61  (CARRY8=19 LUT2=4 LUT3=2 LUT4=4 LUT5=5 LUT6=27)
  Clock Path Skew:        -0.011ns (DCD - SCD + CPR)
    Destination Clock Delay (DCD):    0.024ns = ( 20.024 - 20.000 ) 
    Source Clock Delay      (SCD):    0.035ns
    Clock Pessimism Removal (CPR):    0.000ns
  Clock Uncertainty:      0.035ns  ((TSJ^2 + TIJ^2)^1/2 + DJ) / 2 + PE
    Total System Jitter     (TSJ):    0.071ns
    Total Input Jitter      (TIJ):    0.000ns
    Discrete Jitter          (DJ):    0.000ns
    Phase Error              (PE):    0.000ns

    Location             Delay type                Incr(ns)  Path(ns)    Netlist Resource(s)
  -------------------------------------------------------------------    -------------------
                         (clock aclk rise edge)       0.000     0.000 r  
                                                      0.000     0.000 r  aclk (IN)
                         net (fo=10922, unset)        0.035     0.035    u_memory_frontend/aclk
                         FDRE                                         r  u_memory_frontend/mem_word_index_reg[13]/C
  -------------------------------------------------------------------    -------------------
                         FDRE (Prop_FDRE_C_Q)         0.096     0.131 f  u_memory_frontend/mem_word_index_reg[13]/Q
                         net (fo=88, unplaced)        0.241     0.372    u_memory_frontend/mem_word_index_u32[13]
                         LUT2 (Prop_LUT2_I1_O)        0.085     0.457 r  u_memory_frontend/profile_logical_read_word_o_INST_0_i_44/O
                         net (fo=7, unplaced)         0.239     0.696    u_memory_frontend/profile_logical_read_word_o_INST_0_i_44_n_0
                         LUT6 (Prop_LUT6_I4_O)        0.039     0.735 r  u_memory_frontend/profile_logical_read_word_o_INST_0_i_29/O
                         net (fo=117, unplaced)       0.303     1.038    u_memory_frontend/profile_logical_read_word_o_INST_0_i_29_n_0
                         LUT4 (Prop_LUT4_I0_O)        0.039     1.077 r  u_memory_frontend/req_fifo_contiguous_words[1][5]_i_11/O
                         net (fo=32, unplaced)        0.274     1.351    u_memory_frontend/req_fifo_contiguous_words[1][5]_i_11_n_0
                         LUT6 (Prop_LUT6_I0_O)        0.039     1.390 f  u_memory_frontend/req_fifo_word_address[1][15]_i_153/O
                         net (fo=2, unplaced)         0.214     1.604    u_memory_frontend/u_gemm_address_context/data1[5]
                         LUT6 (Prop_LUT6_I0_O)        0.039     1.643 f  u_memory_frontend/u_gemm_address_context/req_fifo_word_address[1][15]_i_120/O
                         net (fo=1, unplaced)         0.214     1.857    u_memory_frontend/u_gemm_address_context/req_fifo_word_address[1][15]_i_120_n_0
                         LUT6 (Prop_LUT6_I5_O)        0.039     1.896 r  u_memory_frontend/u_gemm_address_context/req_fifo_word_address[1][15]_i_66/O
                         net (fo=2, unplaced)         0.214     2.110    u_memory_frontend/u_gemm_address_context/req_fifo_word_address[1][15]_i_66_n_0
                         LUT3 (Prop_LUT3_I0_O)        0.085     2.195 f  u_memory_frontend/u_gemm_address_context/req_fifo_word_address[1][15]_i_31/O
                         net (fo=2, unplaced)         0.156     2.351    u_memory_frontend/u_gemm_address_context/req_fifo_word_address[1][15]_i_31_n_0
                         LUT6 (Prop_LUT6_I1_O)        0.064     2.415 r  u_memory_frontend/u_gemm_address_context/req_fifo_word_address[1][15]_i_8/O
                         net (fo=2, unplaced)         0.214     2.629    u_memory_frontend/u_gemm_address_context/req_fifo_word_address[1][15]_i_8_n_0
                         LUT5 (Prop_LUT5_I0_O)        0.039     2.668 r  u_memory_frontend/u_gemm_address_context/req_fifo_word_address[1][15]_i_16/O
                         net (fo=1, unplaced)         0.015     2.683    u_memory_frontend/u_gemm_address_context/req_fifo_word_address[1][15]_i_16_n_0
                         CARRY8 (Prop_CARRY8_S[4]_CO[7])
                                                      0.202     2.885 r  u_memory_frontend/u_gemm_address_context/req_fifo_word_address_reg[1][15]_i_3/CO[7]
                         net (fo=1, unplaced)         0.007     2.892    u_memory_frontend/u_gemm_address_context/req_fifo_word_address_reg[1][15]_i_3_n_0
                         CARRY8 (Prop_CARRY8_CI_CO[7])
                                                      0.030     2.922 r  u_memory_frontend/u_gemm_address_context/req_fifo_word_address_reg[1][23]_i_3/CO[7]
                         net (fo=1, unplaced)         0.007     2.929    u_memory_frontend/u_gemm_address_context/req_fifo_word_address_reg[1][23]_i_3_n_0
                         CARRY8 (Prop_CARRY8_CI_CO[7])
                                                      0.030     2.959 r  u_memory_frontend/u_gemm_address_context/req_fifo_word_address_reg[1][31]_i_4/CO[7]
                         net (fo=1, unplaced)         0.007     2.966    u_memory_frontend/u_gemm_address_context/req_fifo_word_address_reg[1][31]_i_4_n_0
                         CARRY8 (Prop_CARRY8_CI_CO[7])
                                                      0.030     2.996 r  u_memory_frontend/u_gemm_address_context/mem_state_reg[1]_i_12/CO[7]
                         net (fo=1, unplaced)         0.007     3.003    u_memory_frontend/u_gemm_address_context/mem_state_reg[1]_i_12_n_0
                         CARRY8 (Prop_CARRY8_CI_O[2])
                                                      0.086     3.089 r  u_memory_frontend/u_gemm_address_context/mem_state_reg[1]_i_33/O[2]
                         net (fo=1, unplaced)         0.215     3.304    u_memory_frontend/u_gemm_address_context/mem_state_reg[1]_i_33_n_13
                         LUT4 (Prop_LUT4_I3_O)        0.115     3.419 r  u_memory_frontend/u_gemm_address_context/mem_state[1]_i_115/O
                         net (fo=1, unplaced)         0.214     3.633    u_memory_frontend/u_gemm_address_context/mem_state[1]_i_115_n_0
                         LUT5 (Prop_LUT5_I4_O)        0.039     3.672 r  u_memory_frontend/u_gemm_address_context/mem_state[1]_i_70/O
                         net (fo=1, unplaced)         0.214     3.886    u_memory_frontend/u_gemm_address_context/mem_state[1]_i_70_n_0
                         LUT6 (Prop_LUT6_I5_O)        0.039     3.925 r  u_memory_frontend/u_gemm_address_context/mem_state[1]_i_34/O
                         net (fo=1, unplaced)         0.214     4.139    u_memory_frontend/u_gemm_address_context/mem_state[1]_i_34_n_0
                         LUT6 (Prop_LUT6_I4_O)        0.039     4.178 f  u_memory_frontend/u_gemm_address_context/mem_state[1]_i_13/O
                         net (fo=1, unplaced)         0.214     4.392    u_memory_frontend/u_gemm_address_context/mem_state[1]_i_13_n_0
                         LUT6 (Prop_LUT6_I2_O)        0.039     4.431 r  u_memory_frontend/u_gemm_address_context/mem_state[1]_i_8/O
                         net (fo=2, unplaced)         0.214     4.645    u_memory_frontend/u_gemm_address_context/mem_state[1]_i_8_n_0
                         LUT6 (Prop_LUT6_I5_O)        0.039     4.684 f  u_memory_frontend/u_gemm_address_context/req_fifo_contiguous_words[1][5]_i_6/O
                         net (fo=7, unplaced)         0.239     4.923    u_memory_frontend/u_gemm_address_context/req_fifo_contiguous_words[1][5]_i_6_n_0
                         LUT6 (Prop_LUT6_I0_O)        0.039     4.962 f  u_memory_frontend/u_gemm_address_context/profile_logical_read_word_o_INST_0_i_12/O
                         net (fo=4, unplaced)         0.226     5.188    u_memory_frontend/u_gemm_address_context/read_candidate_read_ahead_safe
                         LUT6 (Prop_LUT6_I5_O)        0.039     5.227 f  u_memory_frontend/u_gemm_address_context/profile_logical_read_word_o_INST_0_i_3/O
                         net (fo=8, unplaced)         0.242     5.469    u_memory_frontend/u_gemm_address_context/profile_logical_read_word_o_INST_0_i_3_n_0
                         LUT6 (Prop_LUT6_I4_O)        0.039     5.508 r  u_memory_frontend/u_gemm_address_context/req_fifo_count[1]_i_6/O
                         net (fo=10, unplaced)        0.189     5.697    u_mem_adapter/mem_req_valid
                         LUT6 (Prop_LUT6_I4_O)        0.064     5.761 r  u_mem_adapter/fill_start_word[3]_i_2/O
                         net (fo=116, unplaced)       0.303     6.064    u_mem_adapter/fill_start_word[3]_i_2_n_0
                         LUT5 (Prop_LUT5_I4_O)        0.039     6.103 r  u_mem_adapter/four_k_split_o_i_48/O
                         net (fo=4, unplaced)         0.226     6.329    u_mem_adapter/four_k_split_o_i_48_n_0
                         LUT6 (Prop_LUT6_I0_O)        0.039     6.368 r  u_mem_adapter/four_k_split_o_i_35/O
                         net (fo=1, unplaced)         0.018     6.386    u_mem_adapter/four_k_split_o_i_35_n_0
                         CARRY8 (Prop_CARRY8_S[0]_O[5])
                                                      0.295     6.681 f  u_mem_adapter/four_k_split_o_reg_i_11/O[5]
                         net (fo=7, unplaced)         0.187     6.868    u_mem_adapter/four_k_split_o_reg_i_11_n_10
                         LUT4 (Prop_LUT4_I0_O)        0.121     6.989 r  u_mem_adapter/four_k_split_o_i_59/O
                         net (fo=1, unplaced)         0.232     7.221    u_mem_adapter/four_k_split_o_i_59_n_0
                         CARRY8 (Prop_CARRY8_DI[2]_CO[7])
                                                      0.142     7.363 r  u_mem_adapter/four_k_split_o_reg_i_49/CO[7]
                         net (fo=1, unplaced)         0.007     7.370    u_mem_adapter/four_k_split_o_reg_i_49_n_0
                         CARRY8 (Prop_CARRY8_CI_CO[7])
                                                      0.030     7.400 r  u_mem_adapter/four_k_split_o_reg_i_36/CO[7]
                         net (fo=1, unplaced)         0.007     7.407    u_mem_adapter/four_k_split_o_reg_i_36_n_0
                         CARRY8 (Prop_CARRY8_CI_CO[0])
                                                      0.068     7.475 r  u_mem_adapter/four_k_split_o_reg_i_12/CO[0]
                         net (fo=13, unplaced)        0.253     7.728    u_mem_adapter/clamped_contiguous_words1
                         LUT6 (Prop_LUT6_I4_O)        0.039     7.767 r  u_mem_adapter/fill_desc_beats[0][0]_i_4/O
                         net (fo=8, unplaced)         0.242     8.009    u_mem_adapter/fill_desc_beats[0][0]_i_4_n_0
                         LUT5 (Prop_LUT5_I0_O)        0.085     8.094 r  u_mem_adapter/four_k_split_o_i_18/O
                         net (fo=3, unplaced)         0.220     8.314    u_mem_adapter/four_k_split_o_i_18_n_0
                         LUT6 (Prop_LUT6_I5_O)        0.039     8.353 r  u_mem_adapter/four_k_split_o_i_5/O
                         net (fo=2, unplaced)         0.259     8.612    u_mem_adapter/four_k_split_o_i_5_n_0
                         CARRY8 (Prop_CARRY8_DI[0]_CO[4])
                                                      0.229     8.841 r  u_mem_adapter/fill_desc_beats_reg[0][2]_i_3/CO[4]
                         net (fo=8, unplaced)         0.240     9.081    u_mem_adapter/fill_desc_beats_reg[0][2]_i_3_n_3
                         LUT6 (Prop_LUT6_I1_O)        0.039     9.120 r  u_mem_adapter/fill_desc_beats[0][0]_i_1/O
                         net (fo=22, unplaced)        0.265     9.385    u_mem_adapter/fill_desc_beats[0][0]_i_1_n_0
                         LUT2 (Prop_LUT2_I1_O)        0.040     9.425 r  u_mem_adapter/fill_desc_addr[1][10]_i_4/O
                         net (fo=1, unplaced)         0.017     9.442    u_mem_adapter/fill_desc_addr[1][10]_i_4_n_0
                         CARRY8 (Prop_CARRY8_S[1]_O[2])
                                                      0.144     9.586 r  u_mem_adapter/fill_desc_addr_reg[1][10]_i_1/O[2]
                         net (fo=6, unplaced)         0.236     9.822    u_mem_adapter/fill_desc_addr_reg[1][10]_i_1_n_13
                         LUT6 (Prop_LUT6_I0_O)        0.100     9.922 r  u_mem_adapter/fill_desc_beats[1][1]_i_3/O
                         net (fo=3, unplaced)         0.220    10.142    u_mem_adapter/fill_desc_beats[1][1]_i_3_n_0
                         LUT6 (Prop_LUT6_I5_O)        0.039    10.181 r  u_mem_adapter/fill_desc_beats[1][2]_i_25/O
                         net (fo=1, unplaced)         0.214    10.395    u_mem_adapter/fill_desc_beats[1][2]_i_25_n_0
                         LUT6 (Prop_LUT6_I0_O)        0.039    10.434 r  u_mem_adapter/fill_desc_beats[1][2]_i_18/O
                         net (fo=1, unplaced)         0.018    10.452    u_mem_adapter/fill_desc_beats[1][2]_i_18_n_0
                         CARRY8 (Prop_CARRY8_S[0]_CO[4])
                                                      0.266    10.718 r  u_mem_adapter/fill_desc_beats_reg[1][2]_i_5/CO[4]
                         net (fo=9, unplaced)         0.243    10.961    u_mem_adapter/planned_second_beats1
                         LUT6 (Prop_LUT6_I3_O)        0.039    11.000 r  u_mem_adapter/fill_desc_beats[1][0]_i_1/O
                         net (fo=15, unplaced)        0.256    11.256    u_mem_adapter/fill_desc_beats[1][0]_i_1_n_0
                         LUT2 (Prop_LUT2_I1_O)        0.085    11.341 r  u_mem_adapter/m_axi_arvalid_INST_0_i_227/O
                         net (fo=2, unplaced)         0.214    11.555    u_mem_adapter/m_axi_arvalid_INST_0_i_227_n_0
                         LUT6 (Prop_LUT6_I0_O)        0.039    11.594 r  u_mem_adapter/m_axi_arvalid_INST_0_i_216/O
                         net (fo=1, unplaced)         0.120    11.714    u_mem_adapter/m_axi_arvalid_INST_0_i_216_n_0
                         CARRY8 (Prop_CARRY8_DI[6]_CO[7])
                                                      0.081    11.795 r  u_mem_adapter/m_axi_arvalid_INST_0_i_206/CO[7]
                         net (fo=1, unplaced)         0.007    11.802    u_mem_adapter/m_axi_arvalid_INST_0_i_206_n_0
                         CARRY8 (Prop_CARRY8_CI_CO[7])
                                                      0.030    11.832 r  u_mem_adapter/m_axi_arvalid_INST_0_i_197/CO[7]
                         net (fo=1, unplaced)         0.007    11.839    u_mem_adapter/m_axi_arvalid_INST_0_i_197_n_0
                         CARRY8 (Prop_CARRY8_CI_CO[7])
                                                      0.030    11.869 r  u_mem_adapter/m_axi_arvalid_INST_0_i_173/CO[7]
                         net (fo=1, unplaced)         0.007    11.876    u_mem_adapter/m_axi_arvalid_INST_0_i_173_n_0
                         CARRY8 (Prop_CARRY8_CI_CO[7])
                                                      0.030    11.906 r  u_mem_adapter/m_axi_arvalid_INST_0_i_131/CO[7]
                         net (fo=1, unplaced)         0.007    11.913    u_mem_adapter/m_axi_arvalid_INST_0_i_131_n_0
                         CARRY8 (Prop_CARRY8_CI_CO[7])
                                                      0.030    11.943 r  u_mem_adapter/m_axi_arvalid_INST_0_i_92/CO[7]
                         net (fo=1, unplaced)         0.007    11.950    u_mem_adapter/m_axi_arvalid_INST_0_i_92_n_0
                         CARRY8 (Prop_CARRY8_CI_CO[7])
                                                      0.030    11.980 r  u_mem_adapter/m_axi_arvalid_INST_0_i_120/CO[7]
                         net (fo=1, unplaced)         0.007    11.987    u_mem_adapter/m_axi_arvalid_INST_0_i_120_n_0
                         CARRY8 (Prop_CARRY8_CI_O[4])
                                                      0.109    12.096 r  u_mem_adapter/m_axi_arvalid_INST_0_i_83/O[4]
                         net (fo=1, unplaced)         0.212    12.308    u_mem_adapter/planned_end_address_wide0[53]
                         LUT4 (Prop_LUT4_I1_O)        0.100    12.408 r  u_mem_adapter/m_axi_arvalid_INST_0_i_121/O
                         net (fo=1, unplaced)         0.214    12.622    u_mem_adapter/m_axi_arvalid_INST_0_i_121_n_0
                         LUT5 (Prop_LUT5_I4_O)        0.039    12.661 r  u_mem_adapter/m_axi_arvalid_INST_0_i_81/O
                         net (fo=1, unplaced)         0.214    12.875    u_mem_adapter/m_axi_arvalid_INST_0_i_81_n_0
                         LUT6 (Prop_LUT6_I4_O)        0.039    12.914 r  u_mem_adapter/m_axi_arvalid_INST_0_i_36/O
                         net (fo=1, unplaced)         0.214    13.128    u_mem_adapter/m_axi_arvalid_INST_0_i_36_n_0
                         LUT6 (Prop_LUT6_I1_O)        0.039    13.167 r  u_mem_adapter/m_axi_arvalid_INST_0_i_13/O
                         net (fo=2, unplaced)         0.156    13.323    u_mem_adapter/m_axi_arvalid_INST_0_i_13_n_0
                         LUT3 (Prop_LUT3_I0_O)        0.064    13.387 r  u_mem_adapter/m_axi_arvalid_INST_0_i_8/O
                         net (fo=2, unplaced)         0.214    13.601    u_mem_adapter/m_axi_arvalid_INST_0_i_8_n_0
                         LUT6 (Prop_LUT6_I0_O)        0.039    13.640 r  u_mem_adapter/m_axi_arvalid_INST_0_i_4/O
                         net (fo=8, unplaced)         0.184    13.824    u_mem_adapter/m_axi_arvalid_INST_0_i_4_n_0
                         LUT2 (Prop_LUT2_I1_O)        0.064    13.888 f  u_mem_adapter/linefill_start_o_i_1/O
                         net (fo=190, unplaced)       0.256    14.144    u_mem_adapter/linefill_start_o_i_1_n_0
                         LUT6 (Prop_LUT6_I1_O)        0.064    14.208 f  u_mem_adapter/line_consumed_bitmap[31]_i_4/O
                         net (fo=33, unplaced)        0.274    14.482    u_mem_adapter/line_valid
                         LUT6 (Prop_LUT6_I3_O)        0.039    14.521 r  u_mem_adapter/line_consumed_bitmap[13]_i_1/O
                         net (fo=1, unplaced)         0.058    14.579    u_mem_adapter/line_consumed_bitmap[13]_i_1_n_0
                         FDRE                                         r  u_mem_adapter/line_consumed_bitmap_reg[13]/D
  -------------------------------------------------------------------    -------------------

                         (clock aclk rise edge)      20.000    20.000 r  
                                                      0.000    20.000 r  aclk (IN)
                         net (fo=10922, unset)        0.024    20.024    u_mem_adapter/aclk
                         FDRE                                         r  u_mem_adapter/line_consumed_bitmap_reg[13]/C
                         clock pessimism              0.000    20.024    
                         clock uncertainty           -0.035    19.989    
                         FDRE (Setup_FDRE_C_D)        0.027    20.016    u_mem_adapter/line_consumed_bitmap_reg[13]
  -------------------------------------------------------------------
                         required time                         20.016    
                         arrival time                         -14.579    
  -------------------------------------------------------------------
                         slack                                  5.437    

Slack (MET) :             5.437ns  (required time - arrival time)
  Source:                 u_memory_frontend/mem_word_index_reg[13]/C
                            (rising edge-triggered cell FDRE clocked by aclk  {rise@0.000ns fall@10.000ns period=20.000ns})
  Destination:            u_mem_adapter/line_consumed_bitmap_reg[14]/D
                            (rising edge-triggered cell FDRE clocked by aclk  {rise@0.000ns fall@10.000ns period=20.000ns})
  Path Group:             aclk
  Path Type:              Setup (Max at Slow Process Corner)
  Requirement:            20.000ns  (aclk rise@20.000ns - aclk rise@0.000ns)
  Data Path Delay:        14.544ns  (logic 4.216ns (28.988%)  route 10.328ns (71.012%))
  Logic Levels:           61  (CARRY8=19 LUT2=4 LUT3=2 LUT4=4 LUT5=5 LUT6=27)
  Clock Path Skew:        -0.011ns (DCD - SCD + CPR)
    Destination Clock Delay (DCD):    0.024ns = ( 20.024 - 20.000 ) 
    Source Clock Delay      (SCD):    0.035ns
    Clock Pessimism Removal (CPR):    0.000ns
  Clock Uncertainty:      0.035ns  ((TSJ^2 + TIJ^2)^1/2 + DJ) / 2 + PE
    Total System Jitter     (TSJ):    0.071ns
    Total Input Jitter      (TIJ):    0.000ns
    Discrete Jitter          (DJ):    0.000ns
    Phase Error              (PE):    0.000ns

    Location             Delay type                Incr(ns)  Path(ns)    Netlist Resource(s)
  -------------------------------------------------------------------    -------------------
                         (clock aclk rise edge)       0.000     0.000 r  
                                                      0.000     0.000 r  aclk (IN)
                         net (fo=10922, unset)        0.035     0.035    u_memory_frontend/aclk
                         FDRE                                         r  u_memory_frontend/mem_word_index_reg[13]/C
  -------------------------------------------------------------------    -------------------
                         FDRE (Prop_FDRE_C_Q)         0.096     0.131 f  u_memory_frontend/mem_word_index_reg[13]/Q
                         net (fo=88, unplaced)        0.241     0.372    u_memory_frontend/mem_word_index_u32[13]
                         LUT2 (Prop_LUT2_I1_O)        0.085     0.457 r  u_memory_frontend/profile_logical_read_word_o_INST_0_i_44/O
                         net (fo=7, unplaced)         0.239     0.696    u_memory_frontend/profile_logical_read_word_o_INST_0_i_44_n_0
                         LUT6 (Prop_LUT6_I4_O)        0.039     0.735 r  u_memory_frontend/profile_logical_read_word_o_INST_0_i_29/O
                         net (fo=117, unplaced)       0.303     1.038    u_memory_frontend/profile_logical_read_word_o_INST_0_i_29_n_0
                         LUT4 (Prop_LUT4_I0_O)        0.039     1.077 r  u_memory_frontend/req_fifo_contiguous_words[1][5]_i_11/O
                         net (fo=32, unplaced)        0.274     1.351    u_memory_frontend/req_fifo_contiguous_words[1][5]_i_11_n_0
                         LUT6 (Prop_LUT6_I0_O)        0.039     1.390 f  u_memory_frontend/req_fifo_word_address[1][15]_i_153/O
                         net (fo=2, unplaced)         0.214     1.604    u_memory_frontend/u_gemm_address_context/data1[5]
                         LUT6 (Prop_LUT6_I0_O)        0.039     1.643 f  u_memory_frontend/u_gemm_address_context/req_fifo_word_address[1][15]_i_120/O
                         net (fo=1, unplaced)         0.214     1.857    u_memory_frontend/u_gemm_address_context/req_fifo_word_address[1][15]_i_120_n_0
                         LUT6 (Prop_LUT6_I5_O)        0.039     1.896 r  u_memory_frontend/u_gemm_address_context/req_fifo_word_address[1][15]_i_66/O
                         net (fo=2, unplaced)         0.214     2.110    u_memory_frontend/u_gemm_address_context/req_fifo_word_address[1][15]_i_66_n_0
                         LUT3 (Prop_LUT3_I0_O)        0.085     2.195 f  u_memory_frontend/u_gemm_address_context/req_fifo_word_address[1][15]_i_31/O
                         net (fo=2, unplaced)         0.156     2.351    u_memory_frontend/u_gemm_address_context/req_fifo_word_address[1][15]_i_31_n_0
                         LUT6 (Prop_LUT6_I1_O)        0.064     2.415 r  u_memory_frontend/u_gemm_address_context/req_fifo_word_address[1][15]_i_8/O
                         net (fo=2, unplaced)         0.214     2.629    u_memory_frontend/u_gemm_address_context/req_fifo_word_address[1][15]_i_8_n_0
                         LUT5 (Prop_LUT5_I0_O)        0.039     2.668 r  u_memory_frontend/u_gemm_address_context/req_fifo_word_address[1][15]_i_16/O
                         net (fo=1, unplaced)         0.015     2.683    u_memory_frontend/u_gemm_address_context/req_fifo_word_address[1][15]_i_16_n_0
                         CARRY8 (Prop_CARRY8_S[4]_CO[7])
                                                      0.202     2.885 r  u_memory_frontend/u_gemm_address_context/req_fifo_word_address_reg[1][15]_i_3/CO[7]
                         net (fo=1, unplaced)         0.007     2.892    u_memory_frontend/u_gemm_address_context/req_fifo_word_address_reg[1][15]_i_3_n_0
                         CARRY8 (Prop_CARRY8_CI_CO[7])
                                                      0.030     2.922 r  u_memory_frontend/u_gemm_address_context/req_fifo_word_address_reg[1][23]_i_3/CO[7]
                         net (fo=1, unplaced)         0.007     2.929    u_memory_frontend/u_gemm_address_context/req_fifo_word_address_reg[1][23]_i_3_n_0
                         CARRY8 (Prop_CARRY8_CI_CO[7])
                                                      0.030     2.959 r  u_memory_frontend/u_gemm_address_context/req_fifo_word_address_reg[1][31]_i_4/CO[7]
                         net (fo=1, unplaced)         0.007     2.966    u_memory_frontend/u_gemm_address_context/req_fifo_word_address_reg[1][31]_i_4_n_0
                         CARRY8 (Prop_CARRY8_CI_CO[7])
                                                      0.030     2.996 r  u_memory_frontend/u_gemm_address_context/mem_state_reg[1]_i_12/CO[7]
                         net (fo=1, unplaced)         0.007     3.003    u_memory_frontend/u_gemm_address_context/mem_state_reg[1]_i_12_n_0
                         CARRY8 (Prop_CARRY8_CI_O[2])
                                                      0.086     3.089 r  u_memory_frontend/u_gemm_address_context/mem_state_reg[1]_i_33/O[2]
                         net (fo=1, unplaced)         0.215     3.304    u_memory_frontend/u_gemm_address_context/mem_state_reg[1]_i_33_n_13
                         LUT4 (Prop_LUT4_I3_O)        0.115     3.419 r  u_memory_frontend/u_gemm_address_context/mem_state[1]_i_115/O
                         net (fo=1, unplaced)         0.214     3.633    u_memory_frontend/u_gemm_address_context/mem_state[1]_i_115_n_0
                         LUT5 (Prop_LUT5_I4_O)        0.039     3.672 r  u_memory_frontend/u_gemm_address_context/mem_state[1]_i_70/O
                         net (fo=1, unplaced)         0.214     3.886    u_memory_frontend/u_gemm_address_context/mem_state[1]_i_70_n_0
                         LUT6 (Prop_LUT6_I5_O)        0.039     3.925 r  u_memory_frontend/u_gemm_address_context/mem_state[1]_i_34/O
                         net (fo=1, unplaced)         0.214     4.139    u_memory_frontend/u_gemm_address_context/mem_state[1]_i_34_n_0
                         LUT6 (Prop_LUT6_I4_O)        0.039     4.178 f  u_memory_frontend/u_gemm_address_context/mem_state[1]_i_13/O
                         net (fo=1, unplaced)         0.214     4.392    u_memory_frontend/u_gemm_address_context/mem_state[1]_i_13_n_0
                         LUT6 (Prop_LUT6_I2_O)        0.039     4.431 r  u_memory_frontend/u_gemm_address_context/mem_state[1]_i_8/O
                         net (fo=2, unplaced)         0.214     4.645    u_memory_frontend/u_gemm_address_context/mem_state[1]_i_8_n_0
                         LUT6 (Prop_LUT6_I5_O)        0.039     4.684 f  u_memory_frontend/u_gemm_address_context/req_fifo_contiguous_words[1][5]_i_6/O
                         net (fo=7, unplaced)         0.239     4.923    u_memory_frontend/u_gemm_address_context/req_fifo_contiguous_words[1][5]_i_6_n_0
                         LUT6 (Prop_LUT6_I0_O)        0.039     4.962 f  u_memory_frontend/u_gemm_address_context/profile_logical_read_word_o_INST_0_i_12/O
                         net (fo=4, unplaced)         0.226     5.188    u_memory_frontend/u_gemm_address_context/read_candidate_read_ahead_safe
                         LUT6 (Prop_LUT6_I5_O)        0.039     5.227 f  u_memory_frontend/u_gemm_address_context/profile_logical_read_word_o_INST_0_i_3/O
                         net (fo=8, unplaced)         0.242     5.469    u_memory_frontend/u_gemm_address_context/profile_logical_read_word_o_INST_0_i_3_n_0
                         LUT6 (Prop_LUT6_I4_O)        0.039     5.508 r  u_memory_frontend/u_gemm_address_context/req_fifo_count[1]_i_6/O
                         net (fo=10, unplaced)        0.189     5.697    u_mem_adapter/mem_req_valid
                         LUT6 (Prop_LUT6_I4_O)        0.064     5.761 r  u_mem_adapter/fill_start_word[3]_i_2/O
                         net (fo=116, unplaced)       0.303     6.064    u_mem_adapter/fill_start_word[3]_i_2_n_0
                         LUT5 (Prop_LUT5_I4_O)        0.039     6.103 r  u_mem_adapter/four_k_split_o_i_48/O
                         net (fo=4, unplaced)         0.226     6.329    u_mem_adapter/four_k_split_o_i_48_n_0
                         LUT6 (Prop_LUT6_I0_O)        0.039     6.368 r  u_mem_adapter/four_k_split_o_i_35/O
                         net (fo=1, unplaced)         0.018     6.386    u_mem_adapter/four_k_split_o_i_35_n_0
                         CARRY8 (Prop_CARRY8_S[0]_O[5])
                                                      0.295     6.681 f  u_mem_adapter/four_k_split_o_reg_i_11/O[5]
                         net (fo=7, unplaced)         0.187     6.868    u_mem_adapter/four_k_split_o_reg_i_11_n_10
                         LUT4 (Prop_LUT4_I0_O)        0.121     6.989 r  u_mem_adapter/four_k_split_o_i_59/O
                         net (fo=1, unplaced)         0.232     7.221    u_mem_adapter/four_k_split_o_i_59_n_0
                         CARRY8 (Prop_CARRY8_DI[2]_CO[7])
                                                      0.142     7.363 r  u_mem_adapter/four_k_split_o_reg_i_49/CO[7]
                         net (fo=1, unplaced)         0.007     7.370    u_mem_adapter/four_k_split_o_reg_i_49_n_0
                         CARRY8 (Prop_CARRY8_CI_CO[7])
                                                      0.030     7.400 r  u_mem_adapter/four_k_split_o_reg_i_36/CO[7]
                         net (fo=1, unplaced)         0.007     7.407    u_mem_adapter/four_k_split_o_reg_i_36_n_0
                         CARRY8 (Prop_CARRY8_CI_CO[0])
                                                      0.068     7.475 r  u_mem_adapter/four_k_split_o_reg_i_12/CO[0]
                         net (fo=13, unplaced)        0.253     7.728    u_mem_adapter/clamped_contiguous_words1
                         LUT6 (Prop_LUT6_I4_O)        0.039     7.767 r  u_mem_adapter/fill_desc_beats[0][0]_i_4/O
                         net (fo=8, unplaced)         0.242     8.009    u_mem_adapter/fill_desc_beats[0][0]_i_4_n_0
                         LUT5 (Prop_LUT5_I0_O)        0.085     8.094 r  u_mem_adapter/four_k_split_o_i_18/O
                         net (fo=3, unplaced)         0.220     8.314    u_mem_adapter/four_k_split_o_i_18_n_0
                         LUT6 (Prop_LUT6_I5_O)        0.039     8.353 r  u_mem_adapter/four_k_split_o_i_5/O
                         net (fo=2, unplaced)         0.259     8.612    u_mem_adapter/four_k_split_o_i_5_n_0
                         CARRY8 (Prop_CARRY8_DI[0]_CO[4])
                                                      0.229     8.841 r  u_mem_adapter/fill_desc_beats_reg[0][2]_i_3/CO[4]
                         net (fo=8, unplaced)         0.240     9.081    u_mem_adapter/fill_desc_beats_reg[0][2]_i_3_n_3
                         LUT6 (Prop_LUT6_I1_O)        0.039     9.120 r  u_mem_adapter/fill_desc_beats[0][0]_i_1/O
                         net (fo=22, unplaced)        0.265     9.385    u_mem_adapter/fill_desc_beats[0][0]_i_1_n_0
                         LUT2 (Prop_LUT2_I1_O)        0.040     9.425 r  u_mem_adapter/fill_desc_addr[1][10]_i_4/O
                         net (fo=1, unplaced)         0.017     9.442    u_mem_adapter/fill_desc_addr[1][10]_i_4_n_0
                         CARRY8 (Prop_CARRY8_S[1]_O[2])
                                                      0.144     9.586 r  u_mem_adapter/fill_desc_addr_reg[1][10]_i_1/O[2]
                         net (fo=6, unplaced)         0.236     9.822    u_mem_adapter/fill_desc_addr_reg[1][10]_i_1_n_13
                         LUT6 (Prop_LUT6_I0_O)        0.100     9.922 r  u_mem_adapter/fill_desc_beats[1][1]_i_3/O
                         net (fo=3, unplaced)         0.220    10.142    u_mem_adapter/fill_desc_beats[1][1]_i_3_n_0
                         LUT6 (Prop_LUT6_I5_O)        0.039    10.181 r  u_mem_adapter/fill_desc_beats[1][2]_i_25/O
                         net (fo=1, unplaced)         0.214    10.395    u_mem_adapter/fill_desc_beats[1][2]_i_25_n_0
                         LUT6 (Prop_LUT6_I0_O)        0.039    10.434 r  u_mem_adapter/fill_desc_beats[1][2]_i_18/O
                         net (fo=1, unplaced)         0.018    10.452    u_mem_adapter/fill_desc_beats[1][2]_i_18_n_0
                         CARRY8 (Prop_CARRY8_S[0]_CO[4])
                                                      0.266    10.718 r  u_mem_adapter/fill_desc_beats_reg[1][2]_i_5/CO[4]
                         net (fo=9, unplaced)         0.243    10.961    u_mem_adapter/planned_second_beats1
                         LUT6 (Prop_LUT6_I3_O)        0.039    11.000 r  u_mem_adapter/fill_desc_beats[1][0]_i_1/O
                         net (fo=15, unplaced)        0.256    11.256    u_mem_adapter/fill_desc_beats[1][0]_i_1_n_0
                         LUT2 (Prop_LUT2_I1_O)        0.085    11.341 r  u_mem_adapter/m_axi_arvalid_INST_0_i_227/O
                         net (fo=2, unplaced)         0.214    11.555    u_mem_adapter/m_axi_arvalid_INST_0_i_227_n_0
                         LUT6 (Prop_LUT6_I0_O)        0.039    11.594 r  u_mem_adapter/m_axi_arvalid_INST_0_i_216/O
                         net (fo=1, unplaced)         0.120    11.714    u_mem_adapter/m_axi_arvalid_INST_0_i_216_n_0
                         CARRY8 (Prop_CARRY8_DI[6]_CO[7])
                                                      0.081    11.795 r  u_mem_adapter/m_axi_arvalid_INST_0_i_206/CO[7]
                         net (fo=1, unplaced)         0.007    11.802    u_mem_adapter/m_axi_arvalid_INST_0_i_206_n_0
                         CARRY8 (Prop_CARRY8_CI_CO[7])
                                                      0.030    11.832 r  u_mem_adapter/m_axi_arvalid_INST_0_i_197/CO[7]
                         net (fo=1, unplaced)         0.007    11.839    u_mem_adapter/m_axi_arvalid_INST_0_i_197_n_0
                         CARRY8 (Prop_CARRY8_CI_CO[7])
                                                      0.030    11.869 r  u_mem_adapter/m_axi_arvalid_INST_0_i_173/CO[7]
                         net (fo=1, unplaced)         0.007    11.876    u_mem_adapter/m_axi_arvalid_INST_0_i_173_n_0
                         CARRY8 (Prop_CARRY8_CI_CO[7])
                                                      0.030    11.906 r  u_mem_adapter/m_axi_arvalid_INST_0_i_131/CO[7]
                         net (fo=1, unplaced)         0.007    11.913    u_mem_adapter/m_axi_arvalid_INST_0_i_131_n_0
                         CARRY8 (Prop_CARRY8_CI_CO[7])
                                                      0.030    11.943 r  u_mem_adapter/m_axi_arvalid_INST_0_i_92/CO[7]
                         net (fo=1, unplaced)         0.007    11.950    u_mem_adapter/m_axi_arvalid_INST_0_i_92_n_0
                         CARRY8 (Prop_CARRY8_CI_CO[7])
                                                      0.030    11.980 r  u_mem_adapter/m_axi_arvalid_INST_0_i_120/CO[7]
                         net (fo=1, unplaced)         0.007    11.987    u_mem_adapter/m_axi_arvalid_INST_0_i_120_n_0
                         CARRY8 (Prop_CARRY8_CI_O[4])
                                                      0.109    12.096 r  u_mem_adapter/m_axi_arvalid_INST_0_i_83/O[4]
                         net (fo=1, unplaced)         0.212    12.308    u_mem_adapter/planned_end_address_wide0[53]
                         LUT4 (Prop_LUT4_I1_O)        0.100    12.408 r  u_mem_adapter/m_axi_arvalid_INST_0_i_121/O
                         net (fo=1, unplaced)         0.214    12.622    u_mem_adapter/m_axi_arvalid_INST_0_i_121_n_0
                         LUT5 (Prop_LUT5_I4_O)        0.039    12.661 r  u_mem_adapter/m_axi_arvalid_INST_0_i_81/O
                         net (fo=1, unplaced)         0.214    12.875    u_mem_adapter/m_axi_arvalid_INST_0_i_81_n_0
                         LUT6 (Prop_LUT6_I4_O)        0.039    12.914 r  u_mem_adapter/m_axi_arvalid_INST_0_i_36/O
                         net (fo=1, unplaced)         0.214    13.128    u_mem_adapter/m_axi_arvalid_INST_0_i_36_n_0
                         LUT6 (Prop_LUT6_I1_O)        0.039    13.167 r  u_mem_adapter/m_axi_arvalid_INST_0_i_13/O
                         net (fo=2, unplaced)         0.156    13.323    u_mem_adapter/m_axi_arvalid_INST_0_i_13_n_0
                         LUT3 (Prop_LUT3_I0_O)        0.064    13.387 r  u_mem_adapter/m_axi_arvalid_INST_0_i_8/O
                         net (fo=2, unplaced)         0.214    13.601    u_mem_adapter/m_axi_arvalid_INST_0_i_8_n_0
                         LUT6 (Prop_LUT6_I0_O)        0.039    13.640 r  u_mem_adapter/m_axi_arvalid_INST_0_i_4/O
                         net (fo=8, unplaced)         0.184    13.824    u_mem_adapter/m_axi_arvalid_INST_0_i_4_n_0
                         LUT2 (Prop_LUT2_I1_O)        0.064    13.888 f  u_mem_adapter/linefill_start_o_i_1/O
                         net (fo=190, unplaced)       0.256    14.144    u_mem_adapter/linefill_start_o_i_1_n_0
                         LUT6 (Prop_LUT6_I1_O)        0.064    14.208 f  u_mem_adapter/line_consumed_bitmap[31]_i_4/O
                         net (fo=33, unplaced)        0.274    14.482    u_mem_adapter/line_valid
                         LUT6 (Prop_LUT6_I3_O)        0.039    14.521 r  u_mem_adapter/line_consumed_bitmap[14]_i_1/O
                         net (fo=1, unplaced)         0.058    14.579    u_mem_adapter/line_consumed_bitmap[14]_i_1_n_0
                         FDRE                                         r  u_mem_adapter/line_consumed_bitmap_reg[14]/D
  -------------------------------------------------------------------    -------------------

                         (clock aclk rise edge)      20.000    20.000 r  
                                                      0.000    20.000 r  aclk (IN)
                         net (fo=10922, unset)        0.024    20.024    u_mem_adapter/aclk
                         FDRE                                         r  u_mem_adapter/line_consumed_bitmap_reg[14]/C
                         clock pessimism              0.000    20.024    
                         clock uncertainty           -0.035    19.989    
                         FDRE (Setup_FDRE_C_D)        0.027    20.016    u_mem_adapter/line_consumed_bitmap_reg[14]
  -------------------------------------------------------------------
                         required time                         20.016    
                         arrival time                         -14.579    
  -------------------------------------------------------------------
                         slack                                  5.437    

Slack (MET) :             5.437ns  (required time - arrival time)
  Source:                 u_memory_frontend/mem_word_index_reg[13]/C
                            (rising edge-triggered cell FDRE clocked by aclk  {rise@0.000ns fall@10.000ns period=20.000ns})
  Destination:            u_mem_adapter/line_consumed_bitmap_reg[15]/D
                            (rising edge-triggered cell FDRE clocked by aclk  {rise@0.000ns fall@10.000ns period=20.000ns})
  Path Group:             aclk
  Path Type:              Setup (Max at Slow Process Corner)
  Requirement:            20.000ns  (aclk rise@20.000ns - aclk rise@0.000ns)
  Data Path Delay:        14.544ns  (logic 4.216ns (28.988%)  route 10.328ns (71.012%))
  Logic Levels:           61  (CARRY8=19 LUT2=4 LUT3=2 LUT4=4 LUT5=5 LUT6=27)
  Clock Path Skew:        -0.011ns (DCD - SCD + CPR)
    Destination Clock Delay (DCD):    0.024ns = ( 20.024 - 20.000 ) 
    Source Clock Delay      (SCD):    0.035ns
    Clock Pessimism Removal (CPR):    0.000ns
  Clock Uncertainty:      0.035ns  ((TSJ^2 + TIJ^2)^1/2 + DJ) / 2 + PE
    Total System Jitter     (TSJ):    0.071ns
    Total Input Jitter      (TIJ):    0.000ns
    Discrete Jitter          (DJ):    0.000ns
    Phase Error              (PE):    0.000ns

    Location             Delay type                Incr(ns)  Path(ns)    Netlist Resource(s)
  -------------------------------------------------------------------    -------------------
                         (clock aclk rise edge)       0.000     0.000 r  
                                                      0.000     0.000 r  aclk (IN)
                         net (fo=10922, unset)        0.035     0.035    u_memory_frontend/aclk
                         FDRE                                         r  u_memory_frontend/mem_word_index_reg[13]/C
  -------------------------------------------------------------------    -------------------
                         FDRE (Prop_FDRE_C_Q)         0.096     0.131 f  u_memory_frontend/mem_word_index_reg[13]/Q
                         net (fo=88, unplaced)        0.241     0.372    u_memory_frontend/mem_word_index_u32[13]
                         LUT2 (Prop_LUT2_I1_O)        0.085     0.457 r  u_memory_frontend/profile_logical_read_word_o_INST_0_i_44/O
                         net (fo=7, unplaced)         0.239     0.696    u_memory_frontend/profile_logical_read_word_o_INST_0_i_44_n_0
                         LUT6 (Prop_LUT6_I4_O)        0.039     0.735 r  u_memory_frontend/profile_logical_read_word_o_INST_0_i_29/O
                         net (fo=117, unplaced)       0.303     1.038    u_memory_frontend/profile_logical_read_word_o_INST_0_i_29_n_0
                         LUT4 (Prop_LUT4_I0_O)        0.039     1.077 r  u_memory_frontend/req_fifo_contiguous_words[1][5]_i_11/O
                         net (fo=32, unplaced)        0.274     1.351    u_memory_frontend/req_fifo_contiguous_words[1][5]_i_11_n_0
                         LUT6 (Prop_LUT6_I0_O)        0.039     1.390 f  u_memory_frontend/req_fifo_word_address[1][15]_i_153/O
                         net (fo=2, unplaced)         0.214     1.604    u_memory_frontend/u_gemm_address_context/data1[5]
                         LUT6 (Prop_LUT6_I0_O)        0.039     1.643 f  u_memory_frontend/u_gemm_address_context/req_fifo_word_address[1][15]_i_120/O
                         net (fo=1, unplaced)         0.214     1.857    u_memory_frontend/u_gemm_address_context/req_fifo_word_address[1][15]_i_120_n_0
                         LUT6 (Prop_LUT6_I5_O)        0.039     1.896 r  u_memory_frontend/u_gemm_address_context/req_fifo_word_address[1][15]_i_66/O
                         net (fo=2, unplaced)         0.214     2.110    u_memory_frontend/u_gemm_address_context/req_fifo_word_address[1][15]_i_66_n_0
                         LUT3 (Prop_LUT3_I0_O)        0.085     2.195 f  u_memory_frontend/u_gemm_address_context/req_fifo_word_address[1][15]_i_31/O
                         net (fo=2, unplaced)         0.156     2.351    u_memory_frontend/u_gemm_address_context/req_fifo_word_address[1][15]_i_31_n_0
                         LUT6 (Prop_LUT6_I1_O)        0.064     2.415 r  u_memory_frontend/u_gemm_address_context/req_fifo_word_address[1][15]_i_8/O
                         net (fo=2, unplaced)         0.214     2.629    u_memory_frontend/u_gemm_address_context/req_fifo_word_address[1][15]_i_8_n_0
                         LUT5 (Prop_LUT5_I0_O)        0.039     2.668 r  u_memory_frontend/u_gemm_address_context/req_fifo_word_address[1][15]_i_16/O
                         net (fo=1, unplaced)         0.015     2.683    u_memory_frontend/u_gemm_address_context/req_fifo_word_address[1][15]_i_16_n_0
                         CARRY8 (Prop_CARRY8_S[4]_CO[7])
                                                      0.202     2.885 r  u_memory_frontend/u_gemm_address_context/req_fifo_word_address_reg[1][15]_i_3/CO[7]
                         net (fo=1, unplaced)         0.007     2.892    u_memory_frontend/u_gemm_address_context/req_fifo_word_address_reg[1][15]_i_3_n_0
                         CARRY8 (Prop_CARRY8_CI_CO[7])
                                                      0.030     2.922 r  u_memory_frontend/u_gemm_address_context/req_fifo_word_address_reg[1][23]_i_3/CO[7]
                         net (fo=1, unplaced)         0.007     2.929    u_memory_frontend/u_gemm_address_context/req_fifo_word_address_reg[1][23]_i_3_n_0
                         CARRY8 (Prop_CARRY8_CI_CO[7])
                                                      0.030     2.959 r  u_memory_frontend/u_gemm_address_context/req_fifo_word_address_reg[1][31]_i_4/CO[7]
                         net (fo=1, unplaced)         0.007     2.966    u_memory_frontend/u_gemm_address_context/req_fifo_word_address_reg[1][31]_i_4_n_0
                         CARRY8 (Prop_CARRY8_CI_CO[7])
                                                      0.030     2.996 r  u_memory_frontend/u_gemm_address_context/mem_state_reg[1]_i_12/CO[7]
                         net (fo=1, unplaced)         0.007     3.003    u_memory_frontend/u_gemm_address_context/mem_state_reg[1]_i_12_n_0
                         CARRY8 (Prop_CARRY8_CI_O[2])
                                                      0.086     3.089 r  u_memory_frontend/u_gemm_address_context/mem_state_reg[1]_i_33/O[2]
                         net (fo=1, unplaced)         0.215     3.304    u_memory_frontend/u_gemm_address_context/mem_state_reg[1]_i_33_n_13
                         LUT4 (Prop_LUT4_I3_O)        0.115     3.419 r  u_memory_frontend/u_gemm_address_context/mem_state[1]_i_115/O
                         net (fo=1, unplaced)         0.214     3.633    u_memory_frontend/u_gemm_address_context/mem_state[1]_i_115_n_0
                         LUT5 (Prop_LUT5_I4_O)        0.039     3.672 r  u_memory_frontend/u_gemm_address_context/mem_state[1]_i_70/O
                         net (fo=1, unplaced)         0.214     3.886    u_memory_frontend/u_gemm_address_context/mem_state[1]_i_70_n_0
                         LUT6 (Prop_LUT6_I5_O)        0.039     3.925 r  u_memory_frontend/u_gemm_address_context/mem_state[1]_i_34/O
                         net (fo=1, unplaced)         0.214     4.139    u_memory_frontend/u_gemm_address_context/mem_state[1]_i_34_n_0
                         LUT6 (Prop_LUT6_I4_O)        0.039     4.178 f  u_memory_frontend/u_gemm_address_context/mem_state[1]_i_13/O
                         net (fo=1, unplaced)         0.214     4.392    u_memory_frontend/u_gemm_address_context/mem_state[1]_i_13_n_0
                         LUT6 (Prop_LUT6_I2_O)        0.039     4.431 r  u_memory_frontend/u_gemm_address_context/mem_state[1]_i_8/O
                         net (fo=2, unplaced)         0.214     4.645    u_memory_frontend/u_gemm_address_context/mem_state[1]_i_8_n_0
                         LUT6 (Prop_LUT6_I5_O)        0.039     4.684 f  u_memory_frontend/u_gemm_address_context/req_fifo_contiguous_words[1][5]_i_6/O
                         net (fo=7, unplaced)         0.239     4.923    u_memory_frontend/u_gemm_address_context/req_fifo_contiguous_words[1][5]_i_6_n_0
                         LUT6 (Prop_LUT6_I0_O)        0.039     4.962 f  u_memory_frontend/u_gemm_address_context/profile_logical_read_word_o_INST_0_i_12/O
                         net (fo=4, unplaced)         0.226     5.188    u_memory_frontend/u_gemm_address_context/read_candidate_read_ahead_safe
                         LUT6 (Prop_LUT6_I5_O)        0.039     5.227 f  u_memory_frontend/u_gemm_address_context/profile_logical_read_word_o_INST_0_i_3/O
                         net (fo=8, unplaced)         0.242     5.469    u_memory_frontend/u_gemm_address_context/profile_logical_read_word_o_INST_0_i_3_n_0
                         LUT6 (Prop_LUT6_I4_O)        0.039     5.508 r  u_memory_frontend/u_gemm_address_context/req_fifo_count[1]_i_6/O
                         net (fo=10, unplaced)        0.189     5.697    u_mem_adapter/mem_req_valid
                         LUT6 (Prop_LUT6_I4_O)        0.064     5.761 r  u_mem_adapter/fill_start_word[3]_i_2/O
                         net (fo=116, unplaced)       0.303     6.064    u_mem_adapter/fill_start_word[3]_i_2_n_0
                         LUT5 (Prop_LUT5_I4_O)        0.039     6.103 r  u_mem_adapter/four_k_split_o_i_48/O
                         net (fo=4, unplaced)         0.226     6.329    u_mem_adapter/four_k_split_o_i_48_n_0
                         LUT6 (Prop_LUT6_I0_O)        0.039     6.368 r  u_mem_adapter/four_k_split_o_i_35/O
                         net (fo=1, unplaced)         0.018     6.386    u_mem_adapter/four_k_split_o_i_35_n_0
                         CARRY8 (Prop_CARRY8_S[0]_O[5])
                                                      0.295     6.681 f  u_mem_adapter/four_k_split_o_reg_i_11/O[5]
                         net (fo=7, unplaced)         0.187     6.868    u_mem_adapter/four_k_split_o_reg_i_11_n_10
                         LUT4 (Prop_LUT4_I0_O)        0.121     6.989 r  u_mem_adapter/four_k_split_o_i_59/O
                         net (fo=1, unplaced)         0.232     7.221    u_mem_adapter/four_k_split_o_i_59_n_0
                         CARRY8 (Prop_CARRY8_DI[2]_CO[7])
                                                      0.142     7.363 r  u_mem_adapter/four_k_split_o_reg_i_49/CO[7]
                         net (fo=1, unplaced)         0.007     7.370    u_mem_adapter/four_k_split_o_reg_i_49_n_0
                         CARRY8 (Prop_CARRY8_CI_CO[7])
                                                      0.030     7.400 r  u_mem_adapter/four_k_split_o_reg_i_36/CO[7]
                         net (fo=1, unplaced)         0.007     7.407    u_mem_adapter/four_k_split_o_reg_i_36_n_0
                         CARRY8 (Prop_CARRY8_CI_CO[0])
                                                      0.068     7.475 r  u_mem_adapter/four_k_split_o_reg_i_12/CO[0]
                         net (fo=13, unplaced)        0.253     7.728    u_mem_adapter/clamped_contiguous_words1
                         LUT6 (Prop_LUT6_I4_O)        0.039     7.767 r  u_mem_adapter/fill_desc_beats[0][0]_i_4/O
                         net (fo=8, unplaced)         0.242     8.009    u_mem_adapter/fill_desc_beats[0][0]_i_4_n_0
                         LUT5 (Prop_LUT5_I0_O)        0.085     8.094 r  u_mem_adapter/four_k_split_o_i_18/O
                         net (fo=3, unplaced)         0.220     8.314    u_mem_adapter/four_k_split_o_i_18_n_0
                         LUT6 (Prop_LUT6_I5_O)        0.039     8.353 r  u_mem_adapter/four_k_split_o_i_5/O
                         net (fo=2, unplaced)         0.259     8.612    u_mem_adapter/four_k_split_o_i_5_n_0
                         CARRY8 (Prop_CARRY8_DI[0]_CO[4])
                                                      0.229     8.841 r  u_mem_adapter/fill_desc_beats_reg[0][2]_i_3/CO[4]
                         net (fo=8, unplaced)         0.240     9.081    u_mem_adapter/fill_desc_beats_reg[0][2]_i_3_n_3
                         LUT6 (Prop_LUT6_I1_O)        0.039     9.120 r  u_mem_adapter/fill_desc_beats[0][0]_i_1/O
                         net (fo=22, unplaced)        0.265     9.385    u_mem_adapter/fill_desc_beats[0][0]_i_1_n_0
                         LUT2 (Prop_LUT2_I1_O)        0.040     9.425 r  u_mem_adapter/fill_desc_addr[1][10]_i_4/O
                         net (fo=1, unplaced)         0.017     9.442    u_mem_adapter/fill_desc_addr[1][10]_i_4_n_0
                         CARRY8 (Prop_CARRY8_S[1]_O[2])
                                                      0.144     9.586 r  u_mem_adapter/fill_desc_addr_reg[1][10]_i_1/O[2]
                         net (fo=6, unplaced)         0.236     9.822    u_mem_adapter/fill_desc_addr_reg[1][10]_i_1_n_13
                         LUT6 (Prop_LUT6_I0_O)        0.100     9.922 r  u_mem_adapter/fill_desc_beats[1][1]_i_3/O
                         net (fo=3, unplaced)         0.220    10.142    u_mem_adapter/fill_desc_beats[1][1]_i_3_n_0
                         LUT6 (Prop_LUT6_I5_O)        0.039    10.181 r  u_mem_adapter/fill_desc_beats[1][2]_i_25/O
                         net (fo=1, unplaced)         0.214    10.395    u_mem_adapter/fill_desc_beats[1][2]_i_25_n_0
                         LUT6 (Prop_LUT6_I0_O)        0.039    10.434 r  u_mem_adapter/fill_desc_beats[1][2]_i_18/O
                         net (fo=1, unplaced)         0.018    10.452    u_mem_adapter/fill_desc_beats[1][2]_i_18_n_0
                         CARRY8 (Prop_CARRY8_S[0]_CO[4])
                                                      0.266    10.718 r  u_mem_adapter/fill_desc_beats_reg[1][2]_i_5/CO[4]
                         net (fo=9, unplaced)         0.243    10.961    u_mem_adapter/planned_second_beats1
                         LUT6 (Prop_LUT6_I3_O)        0.039    11.000 r  u_mem_adapter/fill_desc_beats[1][0]_i_1/O
                         net (fo=15, unplaced)        0.256    11.256    u_mem_adapter/fill_desc_beats[1][0]_i_1_n_0
                         LUT2 (Prop_LUT2_I1_O)        0.085    11.341 r  u_mem_adapter/m_axi_arvalid_INST_0_i_227/O
                         net (fo=2, unplaced)         0.214    11.555    u_mem_adapter/m_axi_arvalid_INST_0_i_227_n_0
                         LUT6 (Prop_LUT6_I0_O)        0.039    11.594 r  u_mem_adapter/m_axi_arvalid_INST_0_i_216/O
                         net (fo=1, unplaced)         0.120    11.714    u_mem_adapter/m_axi_arvalid_INST_0_i_216_n_0
                         CARRY8 (Prop_CARRY8_DI[6]_CO[7])
                                                      0.081    11.795 r  u_mem_adapter/m_axi_arvalid_INST_0_i_206/CO[7]
                         net (fo=1, unplaced)         0.007    11.802    u_mem_adapter/m_axi_arvalid_INST_0_i_206_n_0
                         CARRY8 (Prop_CARRY8_CI_CO[7])
                                                      0.030    11.832 r  u_mem_adapter/m_axi_arvalid_INST_0_i_197/CO[7]
                         net (fo=1, unplaced)         0.007    11.839    u_mem_adapter/m_axi_arvalid_INST_0_i_197_n_0
                         CARRY8 (Prop_CARRY8_CI_CO[7])
                                                      0.030    11.869 r  u_mem_adapter/m_axi_arvalid_INST_0_i_173/CO[7]
                         net (fo=1, unplaced)         0.007    11.876    u_mem_adapter/m_axi_arvalid_INST_0_i_173_n_0
                         CARRY8 (Prop_CARRY8_CI_CO[7])
                                                      0.030    11.906 r  u_mem_adapter/m_axi_arvalid_INST_0_i_131/CO[7]
                         net (fo=1, unplaced)         0.007    11.913    u_mem_adapter/m_axi_arvalid_INST_0_i_131_n_0
                         CARRY8 (Prop_CARRY8_CI_CO[7])
                                                      0.030    11.943 r  u_mem_adapter/m_axi_arvalid_INST_0_i_92/CO[7]
                         net (fo=1, unplaced)         0.007    11.950    u_mem_adapter/m_axi_arvalid_INST_0_i_92_n_0
                         CARRY8 (Prop_CARRY8_CI_CO[7])
                                                      0.030    11.980 r  u_mem_adapter/m_axi_arvalid_INST_0_i_120/CO[7]
                         net (fo=1, unplaced)         0.007    11.987    u_mem_adapter/m_axi_arvalid_INST_0_i_120_n_0
                         CARRY8 (Prop_CARRY8_CI_O[4])
                                                      0.109    12.096 r  u_mem_adapter/m_axi_arvalid_INST_0_i_83/O[4]
                         net (fo=1, unplaced)         0.212    12.308    u_mem_adapter/planned_end_address_wide0[53]
                         LUT4 (Prop_LUT4_I1_O)        0.100    12.408 r  u_mem_adapter/m_axi_arvalid_INST_0_i_121/O
                         net (fo=1, unplaced)         0.214    12.622    u_mem_adapter/m_axi_arvalid_INST_0_i_121_n_0
                         LUT5 (Prop_LUT5_I4_O)        0.039    12.661 r  u_mem_adapter/m_axi_arvalid_INST_0_i_81/O
                         net (fo=1, unplaced)         0.214    12.875    u_mem_adapter/m_axi_arvalid_INST_0_i_81_n_0
                         LUT6 (Prop_LUT6_I4_O)        0.039    12.914 r  u_mem_adapter/m_axi_arvalid_INST_0_i_36/O
                         net (fo=1, unplaced)         0.214    13.128    u_mem_adapter/m_axi_arvalid_INST_0_i_36_n_0
                         LUT6 (Prop_LUT6_I1_O)        0.039    13.167 r  u_mem_adapter/m_axi_arvalid_INST_0_i_13/O
                         net (fo=2, unplaced)         0.156    13.323    u_mem_adapter/m_axi_arvalid_INST_0_i_13_n_0
                         LUT3 (Prop_LUT3_I0_O)        0.064    13.387 r  u_mem_adapter/m_axi_arvalid_INST_0_i_8/O
                         net (fo=2, unplaced)         0.214    13.601    u_mem_adapter/m_axi_arvalid_INST_0_i_8_n_0
                         LUT6 (Prop_LUT6_I0_O)        0.039    13.640 r  u_mem_adapter/m_axi_arvalid_INST_0_i_4/O
                         net (fo=8, unplaced)         0.184    13.824    u_mem_adapter/m_axi_arvalid_INST_0_i_4_n_0
                         LUT2 (Prop_LUT2_I1_O)        0.064    13.888 f  u_mem_adapter/linefill_start_o_i_1/O
                         net (fo=190, unplaced)       0.256    14.144    u_mem_adapter/linefill_start_o_i_1_n_0
                         LUT6 (Prop_LUT6_I1_O)        0.064    14.208 f  u_mem_adapter/line_consumed_bitmap[31]_i_4/O
                         net (fo=33, unplaced)        0.274    14.482    u_mem_adapter/line_valid
                         LUT6 (Prop_LUT6_I3_O)        0.039    14.521 r  u_mem_adapter/line_consumed_bitmap[15]_i_1/O
                         net (fo=1, unplaced)         0.058    14.579    u_mem_adapter/line_consumed_bitmap[15]_i_1_n_0
                         FDRE                                         r  u_mem_adapter/line_consumed_bitmap_reg[15]/D
  -------------------------------------------------------------------    -------------------

                         (clock aclk rise edge)      20.000    20.000 r  
                                                      0.000    20.000 r  aclk (IN)
                         net (fo=10922, unset)        0.024    20.024    u_mem_adapter/aclk
                         FDRE                                         r  u_mem_adapter/line_consumed_bitmap_reg[15]/C
                         clock pessimism              0.000    20.024    
                         clock uncertainty           -0.035    19.989    
                         FDRE (Setup_FDRE_C_D)        0.027    20.016    u_mem_adapter/line_consumed_bitmap_reg[15]
  -------------------------------------------------------------------
                         required time                         20.016    
                         arrival time                         -14.579    
  -------------------------------------------------------------------
                         slack                                  5.437    

Slack (MET) :             5.437ns  (required time - arrival time)
  Source:                 u_memory_frontend/mem_word_index_reg[13]/C
                            (rising edge-triggered cell FDRE clocked by aclk  {rise@0.000ns fall@10.000ns period=20.000ns})
  Destination:            u_mem_adapter/line_consumed_bitmap_reg[16]/D
                            (rising edge-triggered cell FDRE clocked by aclk  {rise@0.000ns fall@10.000ns period=20.000ns})
  Path Group:             aclk
  Path Type:              Setup (Max at Slow Process Corner)
  Requirement:            20.000ns  (aclk rise@20.000ns - aclk rise@0.000ns)
  Data Path Delay:        14.544ns  (logic 4.216ns (28.988%)  route 10.328ns (71.012%))
  Logic Levels:           61  (CARRY8=19 LUT2=4 LUT3=2 LUT4=5 LUT5=5 LUT6=26)
  Clock Path Skew:        -0.011ns (DCD - SCD + CPR)
    Destination Clock Delay (DCD):    0.024ns = ( 20.024 - 20.000 ) 
    Source Clock Delay      (SCD):    0.035ns
    Clock Pessimism Removal (CPR):    0.000ns
  Clock Uncertainty:      0.035ns  ((TSJ^2 + TIJ^2)^1/2 + DJ) / 2 + PE
    Total System Jitter     (TSJ):    0.071ns
    Total Input Jitter      (TIJ):    0.000ns
    Discrete Jitter          (DJ):    0.000ns
    Phase Error              (PE):    0.000ns

    Location             Delay type                Incr(ns)  Path(ns)    Netlist Resource(s)
  -------------------------------------------------------------------    -------------------
                         (clock aclk rise edge)       0.000     0.000 r  
                                                      0.000     0.000 r  aclk (IN)
                         net (fo=10922, unset)        0.035     0.035    u_memory_frontend/aclk
                         FDRE                                         r  u_memory_frontend/mem_word_index_reg[13]/C
  -------------------------------------------------------------------    -------------------
                         FDRE (Prop_FDRE_C_Q)         0.096     0.131 f  u_memory_frontend/mem_word_index_reg[13]/Q
                         net (fo=88, unplaced)        0.241     0.372    u_memory_frontend/mem_word_index_u32[13]
                         LUT2 (Prop_LUT2_I1_O)        0.085     0.457 r  u_memory_frontend/profile_logical_read_word_o_INST_0_i_44/O
                         net (fo=7, unplaced)         0.239     0.696    u_memory_frontend/profile_logical_read_word_o_INST_0_i_44_n_0
                         LUT6 (Prop_LUT6_I4_O)        0.039     0.735 r  u_memory_frontend/profile_logical_read_word_o_INST_0_i_29/O
                         net (fo=117, unplaced)       0.303     1.038    u_memory_frontend/profile_logical_read_word_o_INST_0_i_29_n_0
                         LUT4 (Prop_LUT4_I0_O)        0.039     1.077 r  u_memory_frontend/req_fifo_contiguous_words[1][5]_i_11/O
                         net (fo=32, unplaced)        0.274     1.351    u_memory_frontend/req_fifo_contiguous_words[1][5]_i_11_n_0
                         LUT6 (Prop_LUT6_I0_O)        0.039     1.390 f  u_memory_frontend/req_fifo_word_address[1][15]_i_153/O
                         net (fo=2, unplaced)         0.214     1.604    u_memory_frontend/u_gemm_address_context/data1[5]
                         LUT6 (Prop_LUT6_I0_O)        0.039     1.643 f  u_memory_frontend/u_gemm_address_context/req_fifo_word_address[1][15]_i_120/O
                         net (fo=1, unplaced)         0.214     1.857    u_memory_frontend/u_gemm_address_context/req_fifo_word_address[1][15]_i_120_n_0
                         LUT6 (Prop_LUT6_I5_O)        0.039     1.896 r  u_memory_frontend/u_gemm_address_context/req_fifo_word_address[1][15]_i_66/O
                         net (fo=2, unplaced)         0.214     2.110    u_memory_frontend/u_gemm_address_context/req_fifo_word_address[1][15]_i_66_n_0
                         LUT3 (Prop_LUT3_I0_O)        0.085     2.195 f  u_memory_frontend/u_gemm_address_context/req_fifo_word_address[1][15]_i_31/O
                         net (fo=2, unplaced)         0.156     2.351    u_memory_frontend/u_gemm_address_context/req_fifo_word_address[1][15]_i_31_n_0
                         LUT6 (Prop_LUT6_I1_O)        0.064     2.415 r  u_memory_frontend/u_gemm_address_context/req_fifo_word_address[1][15]_i_8/O
                         net (fo=2, unplaced)         0.214     2.629    u_memory_frontend/u_gemm_address_context/req_fifo_word_address[1][15]_i_8_n_0
                         LUT5 (Prop_LUT5_I0_O)        0.039     2.668 r  u_memory_frontend/u_gemm_address_context/req_fifo_word_address[1][15]_i_16/O
                         net (fo=1, unplaced)         0.015     2.683    u_memory_frontend/u_gemm_address_context/req_fifo_word_address[1][15]_i_16_n_0
                         CARRY8 (Prop_CARRY8_S[4]_CO[7])
                                                      0.202     2.885 r  u_memory_frontend/u_gemm_address_context/req_fifo_word_address_reg[1][15]_i_3/CO[7]
                         net (fo=1, unplaced)         0.007     2.892    u_memory_frontend/u_gemm_address_context/req_fifo_word_address_reg[1][15]_i_3_n_0
                         CARRY8 (Prop_CARRY8_CI_CO[7])
                                                      0.030     2.922 r  u_memory_frontend/u_gemm_address_context/req_fifo_word_address_reg[1][23]_i_3/CO[7]
                         net (fo=1, unplaced)         0.007     2.929    u_memory_frontend/u_gemm_address_context/req_fifo_word_address_reg[1][23]_i_3_n_0
                         CARRY8 (Prop_CARRY8_CI_CO[7])
                                                      0.030     2.959 r  u_memory_frontend/u_gemm_address_context/req_fifo_word_address_reg[1][31]_i_4/CO[7]
                         net (fo=1, unplaced)         0.007     2.966    u_memory_frontend/u_gemm_address_context/req_fifo_word_address_reg[1][31]_i_4_n_0
                         CARRY8 (Prop_CARRY8_CI_CO[7])
                                                      0.030     2.996 r  u_memory_frontend/u_gemm_address_context/mem_state_reg[1]_i_12/CO[7]
                         net (fo=1, unplaced)         0.007     3.003    u_memory_frontend/u_gemm_address_context/mem_state_reg[1]_i_12_n_0
                         CARRY8 (Prop_CARRY8_CI_O[2])
                                                      0.086     3.089 r  u_memory_frontend/u_gemm_address_context/mem_state_reg[1]_i_33/O[2]
                         net (fo=1, unplaced)         0.215     3.304    u_memory_frontend/u_gemm_address_context/mem_state_reg[1]_i_33_n_13
                         LUT4 (Prop_LUT4_I3_O)        0.115     3.419 r  u_memory_frontend/u_gemm_address_context/mem_state[1]_i_115/O
                         net (fo=1, unplaced)         0.214     3.633    u_memory_frontend/u_gemm_address_context/mem_state[1]_i_115_n_0
                         LUT5 (Prop_LUT5_I4_O)        0.039     3.672 r  u_memory_frontend/u_gemm_address_context/mem_state[1]_i_70/O
                         net (fo=1, unplaced)         0.214     3.886    u_memory_frontend/u_gemm_address_context/mem_state[1]_i_70_n_0
                         LUT6 (Prop_LUT6_I5_O)        0.039     3.925 r  u_memory_frontend/u_gemm_address_context/mem_state[1]_i_34/O
                         net (fo=1, unplaced)         0.214     4.139    u_memory_frontend/u_gemm_address_context/mem_state[1]_i_34_n_0
                         LUT6 (Prop_LUT6_I4_O)        0.039     4.178 f  u_memory_frontend/u_gemm_address_context/mem_state[1]_i_13/O
                         net (fo=1, unplaced)         0.214     4.392    u_memory_frontend/u_gemm_address_context/mem_state[1]_i_13_n_0
                         LUT6 (Prop_LUT6_I2_O)        0.039     4.431 r  u_memory_frontend/u_gemm_address_context/mem_state[1]_i_8/O
                         net (fo=2, unplaced)         0.214     4.645    u_memory_frontend/u_gemm_address_context/mem_state[1]_i_8_n_0
                         LUT6 (Prop_LUT6_I5_O)        0.039     4.684 f  u_memory_frontend/u_gemm_address_context/req_fifo_contiguous_words[1][5]_i_6/O
                         net (fo=7, unplaced)         0.239     4.923    u_memory_frontend/u_gemm_address_context/req_fifo_contiguous_words[1][5]_i_6_n_0
                         LUT6 (Prop_LUT6_I0_O)        0.039     4.962 f  u_memory_frontend/u_gemm_address_context/profile_logical_read_word_o_INST_0_i_12/O
                         net (fo=4, unplaced)         0.226     5.188    u_memory_frontend/u_gemm_address_context/read_candidate_read_ahead_safe
                         LUT6 (Prop_LUT6_I5_O)        0.039     5.227 f  u_memory_frontend/u_gemm_address_context/profile_logical_read_word_o_INST_0_i_3/O
                         net (fo=8, unplaced)         0.242     5.469    u_memory_frontend/u_gemm_address_context/profile_logical_read_word_o_INST_0_i_3_n_0
                         LUT6 (Prop_LUT6_I4_O)        0.039     5.508 r  u_memory_frontend/u_gemm_address_context/req_fifo_count[1]_i_6/O
                         net (fo=10, unplaced)        0.189     5.697    u_mem_adapter/mem_req_valid
                         LUT6 (Prop_LUT6_I4_O)        0.064     5.761 r  u_mem_adapter/fill_start_word[3]_i_2/O
                         net (fo=116, unplaced)       0.303     6.064    u_mem_adapter/fill_start_word[3]_i_2_n_0
                         LUT5 (Prop_LUT5_I4_O)        0.039     6.103 r  u_mem_adapter/four_k_split_o_i_48/O
                         net (fo=4, unplaced)         0.226     6.329    u_mem_adapter/four_k_split_o_i_48_n_0
                         LUT6 (Prop_LUT6_I0_O)        0.039     6.368 r  u_mem_adapter/four_k_split_o_i_35/O
                         net (fo=1, unplaced)         0.018     6.386    u_mem_adapter/four_k_split_o_i_35_n_0
                         CARRY8 (Prop_CARRY8_S[0]_O[5])
                                                      0.295     6.681 f  u_mem_adapter/four_k_split_o_reg_i_11/O[5]
                         net (fo=7, unplaced)         0.187     6.868    u_mem_adapter/four_k_split_o_reg_i_11_n_10
                         LUT4 (Prop_LUT4_I0_O)        0.121     6.989 r  u_mem_adapter/four_k_split_o_i_59/O
                         net (fo=1, unplaced)         0.232     7.221    u_mem_adapter/four_k_split_o_i_59_n_0
                         CARRY8 (Prop_CARRY8_DI[2]_CO[7])
                                                      0.142     7.363 r  u_mem_adapter/four_k_split_o_reg_i_49/CO[7]
                         net (fo=1, unplaced)         0.007     7.370    u_mem_adapter/four_k_split_o_reg_i_49_n_0
                         CARRY8 (Prop_CARRY8_CI_CO[7])
                                                      0.030     7.400 r  u_mem_adapter/four_k_split_o_reg_i_36/CO[7]
                         net (fo=1, unplaced)         0.007     7.407    u_mem_adapter/four_k_split_o_reg_i_36_n_0
                         CARRY8 (Prop_CARRY8_CI_CO[0])
                                                      0.068     7.475 r  u_mem_adapter/four_k_split_o_reg_i_12/CO[0]
                         net (fo=13, unplaced)        0.253     7.728    u_mem_adapter/clamped_contiguous_words1
                         LUT6 (Prop_LUT6_I4_O)        0.039     7.767 r  u_mem_adapter/fill_desc_beats[0][0]_i_4/O
                         net (fo=8, unplaced)         0.242     8.009    u_mem_adapter/fill_desc_beats[0][0]_i_4_n_0
                         LUT5 (Prop_LUT5_I0_O)        0.085     8.094 r  u_mem_adapter/four_k_split_o_i_18/O
                         net (fo=3, unplaced)         0.220     8.314    u_mem_adapter/four_k_split_o_i_18_n_0
                         LUT6 (Prop_LUT6_I5_O)        0.039     8.353 r  u_mem_adapter/four_k_split_o_i_5/O
                         net (fo=2, unplaced)         0.259     8.612    u_mem_adapter/four_k_split_o_i_5_n_0
                         CARRY8 (Prop_CARRY8_DI[0]_CO[4])
                                                      0.229     8.841 r  u_mem_adapter/fill_desc_beats_reg[0][2]_i_3/CO[4]
                         net (fo=8, unplaced)         0.240     9.081    u_mem_adapter/fill_desc_beats_reg[0][2]_i_3_n_3
                         LUT6 (Prop_LUT6_I1_O)        0.039     9.120 r  u_mem_adapter/fill_desc_beats[0][0]_i_1/O
                         net (fo=22, unplaced)        0.265     9.385    u_mem_adapter/fill_desc_beats[0][0]_i_1_n_0
                         LUT2 (Prop_LUT2_I1_O)        0.040     9.425 r  u_mem_adapter/fill_desc_addr[1][10]_i_4/O
                         net (fo=1, unplaced)         0.017     9.442    u_mem_adapter/fill_desc_addr[1][10]_i_4_n_0
                         CARRY8 (Prop_CARRY8_S[1]_O[2])
                                                      0.144     9.586 r  u_mem_adapter/fill_desc_addr_reg[1][10]_i_1/O[2]
                         net (fo=6, unplaced)         0.236     9.822    u_mem_adapter/fill_desc_addr_reg[1][10]_i_1_n_13
                         LUT6 (Prop_LUT6_I0_O)        0.100     9.922 r  u_mem_adapter/fill_desc_beats[1][1]_i_3/O
                         net (fo=3, unplaced)         0.220    10.142    u_mem_adapter/fill_desc_beats[1][1]_i_3_n_0
                         LUT6 (Prop_LUT6_I5_O)        0.039    10.181 r  u_mem_adapter/fill_desc_beats[1][2]_i_25/O
                         net (fo=1, unplaced)         0.214    10.395    u_mem_adapter/fill_desc_beats[1][2]_i_25_n_0
                         LUT6 (Prop_LUT6_I0_O)        0.039    10.434 r  u_mem_adapter/fill_desc_beats[1][2]_i_18/O
                         net (fo=1, unplaced)         0.018    10.452    u_mem_adapter/fill_desc_beats[1][2]_i_18_n_0
                         CARRY8 (Prop_CARRY8_S[0]_CO[4])
                                                      0.266    10.718 r  u_mem_adapter/fill_desc_beats_reg[1][2]_i_5/CO[4]
                         net (fo=9, unplaced)         0.243    10.961    u_mem_adapter/planned_second_beats1
                         LUT6 (Prop_LUT6_I3_O)        0.039    11.000 r  u_mem_adapter/fill_desc_beats[1][0]_i_1/O
                         net (fo=15, unplaced)        0.256    11.256    u_mem_adapter/fill_desc_beats[1][0]_i_1_n_0
                         LUT2 (Prop_LUT2_I1_O)        0.085    11.341 r  u_mem_adapter/m_axi_arvalid_INST_0_i_227/O
                         net (fo=2, unplaced)         0.214    11.555    u_mem_adapter/m_axi_arvalid_INST_0_i_227_n_0
                         LUT6 (Prop_LUT6_I0_O)        0.039    11.594 r  u_mem_adapter/m_axi_arvalid_INST_0_i_216/O
                         net (fo=1, unplaced)         0.120    11.714    u_mem_adapter/m_axi_arvalid_INST_0_i_216_n_0
                         CARRY8 (Prop_CARRY8_DI[6]_CO[7])
                                                      0.081    11.795 r  u_mem_adapter/m_axi_arvalid_INST_0_i_206/CO[7]
                         net (fo=1, unplaced)         0.007    11.802    u_mem_adapter/m_axi_arvalid_INST_0_i_206_n_0
                         CARRY8 (Prop_CARRY8_CI_CO[7])
                                                      0.030    11.832 r  u_mem_adapter/m_axi_arvalid_INST_0_i_197/CO[7]
                         net (fo=1, unplaced)         0.007    11.839    u_mem_adapter/m_axi_arvalid_INST_0_i_197_n_0
                         CARRY8 (Prop_CARRY8_CI_CO[7])
                                                      0.030    11.869 r  u_mem_adapter/m_axi_arvalid_INST_0_i_173/CO[7]
                         net (fo=1, unplaced)         0.007    11.876    u_mem_adapter/m_axi_arvalid_INST_0_i_173_n_0
                         CARRY8 (Prop_CARRY8_CI_CO[7])
                                                      0.030    11.906 r  u_mem_adapter/m_axi_arvalid_INST_0_i_131/CO[7]
                         net (fo=1, unplaced)         0.007    11.913    u_mem_adapter/m_axi_arvalid_INST_0_i_131_n_0
                         CARRY8 (Prop_CARRY8_CI_CO[7])
                                                      0.030    11.943 r  u_mem_adapter/m_axi_arvalid_INST_0_i_92/CO[7]
                         net (fo=1, unplaced)         0.007    11.950    u_mem_adapter/m_axi_arvalid_INST_0_i_92_n_0
                         CARRY8 (Prop_CARRY8_CI_CO[7])
                                                      0.030    11.980 r  u_mem_adapter/m_axi_arvalid_INST_0_i_120/CO[7]
                         net (fo=1, unplaced)         0.007    11.987    u_mem_adapter/m_axi_arvalid_INST_0_i_120_n_0
                         CARRY8 (Prop_CARRY8_CI_O[4])
                                                      0.109    12.096 r  u_mem_adapter/m_axi_arvalid_INST_0_i_83/O[4]
                         net (fo=1, unplaced)         0.212    12.308    u_mem_adapter/planned_end_address_wide0[53]
                         LUT4 (Prop_LUT4_I1_O)        0.100    12.408 r  u_mem_adapter/m_axi_arvalid_INST_0_i_121/O
                         net (fo=1, unplaced)         0.214    12.622    u_mem_adapter/m_axi_arvalid_INST_0_i_121_n_0
                         LUT5 (Prop_LUT5_I4_O)        0.039    12.661 r  u_mem_adapter/m_axi_arvalid_INST_0_i_81/O
                         net (fo=1, unplaced)         0.214    12.875    u_mem_adapter/m_axi_arvalid_INST_0_i_81_n_0
                         LUT6 (Prop_LUT6_I4_O)        0.039    12.914 r  u_mem_adapter/m_axi_arvalid_INST_0_i_36/O
                         net (fo=1, unplaced)         0.214    13.128    u_mem_adapter/m_axi_arvalid_INST_0_i_36_n_0
                         LUT6 (Prop_LUT6_I1_O)        0.039    13.167 r  u_mem_adapter/m_axi_arvalid_INST_0_i_13/O
                         net (fo=2, unplaced)         0.156    13.323    u_mem_adapter/m_axi_arvalid_INST_0_i_13_n_0
                         LUT3 (Prop_LUT3_I0_O)        0.064    13.387 r  u_mem_adapter/m_axi_arvalid_INST_0_i_8/O
                         net (fo=2, unplaced)         0.214    13.601    u_mem_adapter/m_axi_arvalid_INST_0_i_8_n_0
                         LUT6 (Prop_LUT6_I0_O)        0.039    13.640 r  u_mem_adapter/m_axi_arvalid_INST_0_i_4/O
                         net (fo=8, unplaced)         0.184    13.824    u_mem_adapter/m_axi_arvalid_INST_0_i_4_n_0
                         LUT2 (Prop_LUT2_I1_O)        0.064    13.888 f  u_mem_adapter/linefill_start_o_i_1/O
                         net (fo=190, unplaced)       0.256    14.144    u_mem_adapter/linefill_start_o_i_1_n_0
                         LUT6 (Prop_LUT6_I1_O)        0.064    14.208 f  u_mem_adapter/line_consumed_bitmap[31]_i_4/O
                         net (fo=33, unplaced)        0.274    14.482    u_mem_adapter/line_valid
                         LUT4 (Prop_LUT4_I0_O)        0.039    14.521 r  u_mem_adapter/line_consumed_bitmap[16]_i_1/O
                         net (fo=1, unplaced)         0.058    14.579    u_mem_adapter/line_consumed_bitmap[16]_i_1_n_0
                         FDRE                                         r  u_mem_adapter/line_consumed_bitmap_reg[16]/D
  -------------------------------------------------------------------    -------------------

                         (clock aclk rise edge)      20.000    20.000 r  
                                                      0.000    20.000 r  aclk (IN)
                         net (fo=10922, unset)        0.024    20.024    u_mem_adapter/aclk
                         FDRE                                         r  u_mem_adapter/line_consumed_bitmap_reg[16]/C
                         clock pessimism              0.000    20.024    
                         clock uncertainty           -0.035    19.989    
                         FDRE (Setup_FDRE_C_D)        0.027    20.016    u_mem_adapter/line_consumed_bitmap_reg[16]
  -------------------------------------------------------------------
                         required time                         20.016    
                         arrival time                         -14.579    
  -------------------------------------------------------------------
                         slack                                  5.437    

Slack (MET) :             5.437ns  (required time - arrival time)
  Source:                 u_memory_frontend/mem_word_index_reg[13]/C
                            (rising edge-triggered cell FDRE clocked by aclk  {rise@0.000ns fall@10.000ns period=20.000ns})
  Destination:            u_mem_adapter/line_consumed_bitmap_reg[17]/D
                            (rising edge-triggered cell FDRE clocked by aclk  {rise@0.000ns fall@10.000ns period=20.000ns})
  Path Group:             aclk
  Path Type:              Setup (Max at Slow Process Corner)
  Requirement:            20.000ns  (aclk rise@20.000ns - aclk rise@0.000ns)
  Data Path Delay:        14.544ns  (logic 4.216ns (28.988%)  route 10.328ns (71.012%))
  Logic Levels:           61  (CARRY8=19 LUT2=4 LUT3=2 LUT4=4 LUT5=5 LUT6=27)
  Clock Path Skew:        -0.011ns (DCD - SCD + CPR)
    Destination Clock Delay (DCD):    0.024ns = ( 20.024 - 20.000 ) 
    Source Clock Delay      (SCD):    0.035ns
    Clock Pessimism Removal (CPR):    0.000ns
  Clock Uncertainty:      0.035ns  ((TSJ^2 + TIJ^2)^1/2 + DJ) / 2 + PE
    Total System Jitter     (TSJ):    0.071ns
    Total Input Jitter      (TIJ):    0.000ns
    Discrete Jitter          (DJ):    0.000ns
    Phase Error              (PE):    0.000ns

    Location             Delay type                Incr(ns)  Path(ns)    Netlist Resource(s)
  -------------------------------------------------------------------    -------------------
                         (clock aclk rise edge)       0.000     0.000 r  
                                                      0.000     0.000 r  aclk (IN)
                         net (fo=10922, unset)        0.035     0.035    u_memory_frontend/aclk
                         FDRE                                         r  u_memory_frontend/mem_word_index_reg[13]/C
  -------------------------------------------------------------------    -------------------
                         FDRE (Prop_FDRE_C_Q)         0.096     0.131 f  u_memory_frontend/mem_word_index_reg[13]/Q
                         net (fo=88, unplaced)        0.241     0.372    u_memory_frontend/mem_word_index_u32[13]
                         LUT2 (Prop_LUT2_I1_O)        0.085     0.457 r  u_memory_frontend/profile_logical_read_word_o_INST_0_i_44/O
                         net (fo=7, unplaced)         0.239     0.696    u_memory_frontend/profile_logical_read_word_o_INST_0_i_44_n_0
                         LUT6 (Prop_LUT6_I4_O)        0.039     0.735 r  u_memory_frontend/profile_logical_read_word_o_INST_0_i_29/O
                         net (fo=117, unplaced)       0.303     1.038    u_memory_frontend/profile_logical_read_word_o_INST_0_i_29_n_0
                         LUT4 (Prop_LUT4_I0_O)        0.039     1.077 r  u_memory_frontend/req_fifo_contiguous_words[1][5]_i_11/O
                         net (fo=32, unplaced)        0.274     1.351    u_memory_frontend/req_fifo_contiguous_words[1][5]_i_11_n_0
                         LUT6 (Prop_LUT6_I0_O)        0.039     1.390 f  u_memory_frontend/req_fifo_word_address[1][15]_i_153/O
                         net (fo=2, unplaced)         0.214     1.604    u_memory_frontend/u_gemm_address_context/data1[5]
                         LUT6 (Prop_LUT6_I0_O)        0.039     1.643 f  u_memory_frontend/u_gemm_address_context/req_fifo_word_address[1][15]_i_120/O
                         net (fo=1, unplaced)         0.214     1.857    u_memory_frontend/u_gemm_address_context/req_fifo_word_address[1][15]_i_120_n_0
                         LUT6 (Prop_LUT6_I5_O)        0.039     1.896 r  u_memory_frontend/u_gemm_address_context/req_fifo_word_address[1][15]_i_66/O
                         net (fo=2, unplaced)         0.214     2.110    u_memory_frontend/u_gemm_address_context/req_fifo_word_address[1][15]_i_66_n_0
                         LUT3 (Prop_LUT3_I0_O)        0.085     2.195 f  u_memory_frontend/u_gemm_address_context/req_fifo_word_address[1][15]_i_31/O
                         net (fo=2, unplaced)         0.156     2.351    u_memory_frontend/u_gemm_address_context/req_fifo_word_address[1][15]_i_31_n_0
                         LUT6 (Prop_LUT6_I1_O)        0.064     2.415 r  u_memory_frontend/u_gemm_address_context/req_fifo_word_address[1][15]_i_8/O
                         net (fo=2, unplaced)         0.214     2.629    u_memory_frontend/u_gemm_address_context/req_fifo_word_address[1][15]_i_8_n_0
                         LUT5 (Prop_LUT5_I0_O)        0.039     2.668 r  u_memory_frontend/u_gemm_address_context/req_fifo_word_address[1][15]_i_16/O
                         net (fo=1, unplaced)         0.015     2.683    u_memory_frontend/u_gemm_address_context/req_fifo_word_address[1][15]_i_16_n_0
                         CARRY8 (Prop_CARRY8_S[4]_CO[7])
                                                      0.202     2.885 r  u_memory_frontend/u_gemm_address_context/req_fifo_word_address_reg[1][15]_i_3/CO[7]
                         net (fo=1, unplaced)         0.007     2.892    u_memory_frontend/u_gemm_address_context/req_fifo_word_address_reg[1][15]_i_3_n_0
                         CARRY8 (Prop_CARRY8_CI_CO[7])
                                                      0.030     2.922 r  u_memory_frontend/u_gemm_address_context/req_fifo_word_address_reg[1][23]_i_3/CO[7]
                         net (fo=1, unplaced)         0.007     2.929    u_memory_frontend/u_gemm_address_context/req_fifo_word_address_reg[1][23]_i_3_n_0
                         CARRY8 (Prop_CARRY8_CI_CO[7])
                                                      0.030     2.959 r  u_memory_frontend/u_gemm_address_context/req_fifo_word_address_reg[1][31]_i_4/CO[7]
                         net (fo=1, unplaced)         0.007     2.966    u_memory_frontend/u_gemm_address_context/req_fifo_word_address_reg[1][31]_i_4_n_0
                         CARRY8 (Prop_CARRY8_CI_CO[7])
                                                      0.030     2.996 r  u_memory_frontend/u_gemm_address_context/mem_state_reg[1]_i_12/CO[7]
                         net (fo=1, unplaced)         0.007     3.003    u_memory_frontend/u_gemm_address_context/mem_state_reg[1]_i_12_n_0
                         CARRY8 (Prop_CARRY8_CI_O[2])
                                                      0.086     3.089 r  u_memory_frontend/u_gemm_address_context/mem_state_reg[1]_i_33/O[2]
                         net (fo=1, unplaced)         0.215     3.304    u_memory_frontend/u_gemm_address_context/mem_state_reg[1]_i_33_n_13
                         LUT4 (Prop_LUT4_I3_O)        0.115     3.419 r  u_memory_frontend/u_gemm_address_context/mem_state[1]_i_115/O
                         net (fo=1, unplaced)         0.214     3.633    u_memory_frontend/u_gemm_address_context/mem_state[1]_i_115_n_0
                         LUT5 (Prop_LUT5_I4_O)        0.039     3.672 r  u_memory_frontend/u_gemm_address_context/mem_state[1]_i_70/O
                         net (fo=1, unplaced)         0.214     3.886    u_memory_frontend/u_gemm_address_context/mem_state[1]_i_70_n_0
                         LUT6 (Prop_LUT6_I5_O)        0.039     3.925 r  u_memory_frontend/u_gemm_address_context/mem_state[1]_i_34/O
                         net (fo=1, unplaced)         0.214     4.139    u_memory_frontend/u_gemm_address_context/mem_state[1]_i_34_n_0
                         LUT6 (Prop_LUT6_I4_O)        0.039     4.178 f  u_memory_frontend/u_gemm_address_context/mem_state[1]_i_13/O
                         net (fo=1, unplaced)         0.214     4.392    u_memory_frontend/u_gemm_address_context/mem_state[1]_i_13_n_0
                         LUT6 (Prop_LUT6_I2_O)        0.039     4.431 r  u_memory_frontend/u_gemm_address_context/mem_state[1]_i_8/O
                         net (fo=2, unplaced)         0.214     4.645    u_memory_frontend/u_gemm_address_context/mem_state[1]_i_8_n_0
                         LUT6 (Prop_LUT6_I5_O)        0.039     4.684 f  u_memory_frontend/u_gemm_address_context/req_fifo_contiguous_words[1][5]_i_6/O
                         net (fo=7, unplaced)         0.239     4.923    u_memory_frontend/u_gemm_address_context/req_fifo_contiguous_words[1][5]_i_6_n_0
                         LUT6 (Prop_LUT6_I0_O)        0.039     4.962 f  u_memory_frontend/u_gemm_address_context/profile_logical_read_word_o_INST_0_i_12/O
                         net (fo=4, unplaced)         0.226     5.188    u_memory_frontend/u_gemm_address_context/read_candidate_read_ahead_safe
                         LUT6 (Prop_LUT6_I5_O)        0.039     5.227 f  u_memory_frontend/u_gemm_address_context/profile_logical_read_word_o_INST_0_i_3/O
                         net (fo=8, unplaced)         0.242     5.469    u_memory_frontend/u_gemm_address_context/profile_logical_read_word_o_INST_0_i_3_n_0
                         LUT6 (Prop_LUT6_I4_O)        0.039     5.508 r  u_memory_frontend/u_gemm_address_context/req_fifo_count[1]_i_6/O
                         net (fo=10, unplaced)        0.189     5.697    u_mem_adapter/mem_req_valid
                         LUT6 (Prop_LUT6_I4_O)        0.064     5.761 r  u_mem_adapter/fill_start_word[3]_i_2/O
                         net (fo=116, unplaced)       0.303     6.064    u_mem_adapter/fill_start_word[3]_i_2_n_0
                         LUT5 (Prop_LUT5_I4_O)        0.039     6.103 r  u_mem_adapter/four_k_split_o_i_48/O
                         net (fo=4, unplaced)         0.226     6.329    u_mem_adapter/four_k_split_o_i_48_n_0
                         LUT6 (Prop_LUT6_I0_O)        0.039     6.368 r  u_mem_adapter/four_k_split_o_i_35/O
                         net (fo=1, unplaced)         0.018     6.386    u_mem_adapter/four_k_split_o_i_35_n_0
                         CARRY8 (Prop_CARRY8_S[0]_O[5])
                                                      0.295     6.681 f  u_mem_adapter/four_k_split_o_reg_i_11/O[5]
                         net (fo=7, unplaced)         0.187     6.868    u_mem_adapter/four_k_split_o_reg_i_11_n_10
                         LUT4 (Prop_LUT4_I0_O)        0.121     6.989 r  u_mem_adapter/four_k_split_o_i_59/O
                         net (fo=1, unplaced)         0.232     7.221    u_mem_adapter/four_k_split_o_i_59_n_0
                         CARRY8 (Prop_CARRY8_DI[2]_CO[7])
                                                      0.142     7.363 r  u_mem_adapter/four_k_split_o_reg_i_49/CO[7]
                         net (fo=1, unplaced)         0.007     7.370    u_mem_adapter/four_k_split_o_reg_i_49_n_0
                         CARRY8 (Prop_CARRY8_CI_CO[7])
                                                      0.030     7.400 r  u_mem_adapter/four_k_split_o_reg_i_36/CO[7]
                         net (fo=1, unplaced)         0.007     7.407    u_mem_adapter/four_k_split_o_reg_i_36_n_0
                         CARRY8 (Prop_CARRY8_CI_CO[0])
                                                      0.068     7.475 r  u_mem_adapter/four_k_split_o_reg_i_12/CO[0]
                         net (fo=13, unplaced)        0.253     7.728    u_mem_adapter/clamped_contiguous_words1
                         LUT6 (Prop_LUT6_I4_O)        0.039     7.767 r  u_mem_adapter/fill_desc_beats[0][0]_i_4/O
                         net (fo=8, unplaced)         0.242     8.009    u_mem_adapter/fill_desc_beats[0][0]_i_4_n_0
                         LUT5 (Prop_LUT5_I0_O)        0.085     8.094 r  u_mem_adapter/four_k_split_o_i_18/O
                         net (fo=3, unplaced)         0.220     8.314    u_mem_adapter/four_k_split_o_i_18_n_0
                         LUT6 (Prop_LUT6_I5_O)        0.039     8.353 r  u_mem_adapter/four_k_split_o_i_5/O
                         net (fo=2, unplaced)         0.259     8.612    u_mem_adapter/four_k_split_o_i_5_n_0
                         CARRY8 (Prop_CARRY8_DI[0]_CO[4])
                                                      0.229     8.841 r  u_mem_adapter/fill_desc_beats_reg[0][2]_i_3/CO[4]
                         net (fo=8, unplaced)         0.240     9.081    u_mem_adapter/fill_desc_beats_reg[0][2]_i_3_n_3
                         LUT6 (Prop_LUT6_I1_O)        0.039     9.120 r  u_mem_adapter/fill_desc_beats[0][0]_i_1/O
                         net (fo=22, unplaced)        0.265     9.385    u_mem_adapter/fill_desc_beats[0][0]_i_1_n_0
                         LUT2 (Prop_LUT2_I1_O)        0.040     9.425 r  u_mem_adapter/fill_desc_addr[1][10]_i_4/O
                         net (fo=1, unplaced)         0.017     9.442    u_mem_adapter/fill_desc_addr[1][10]_i_4_n_0
                         CARRY8 (Prop_CARRY8_S[1]_O[2])
                                                      0.144     9.586 r  u_mem_adapter/fill_desc_addr_reg[1][10]_i_1/O[2]
                         net (fo=6, unplaced)         0.236     9.822    u_mem_adapter/fill_desc_addr_reg[1][10]_i_1_n_13
                         LUT6 (Prop_LUT6_I0_O)        0.100     9.922 r  u_mem_adapter/fill_desc_beats[1][1]_i_3/O
                         net (fo=3, unplaced)         0.220    10.142    u_mem_adapter/fill_desc_beats[1][1]_i_3_n_0
                         LUT6 (Prop_LUT6_I5_O)        0.039    10.181 r  u_mem_adapter/fill_desc_beats[1][2]_i_25/O
                         net (fo=1, unplaced)         0.214    10.395    u_mem_adapter/fill_desc_beats[1][2]_i_25_n_0
                         LUT6 (Prop_LUT6_I0_O)        0.039    10.434 r  u_mem_adapter/fill_desc_beats[1][2]_i_18/O
                         net (fo=1, unplaced)         0.018    10.452    u_mem_adapter/fill_desc_beats[1][2]_i_18_n_0
                         CARRY8 (Prop_CARRY8_S[0]_CO[4])
                                                      0.266    10.718 r  u_mem_adapter/fill_desc_beats_reg[1][2]_i_5/CO[4]
                         net (fo=9, unplaced)         0.243    10.961    u_mem_adapter/planned_second_beats1
                         LUT6 (Prop_LUT6_I3_O)        0.039    11.000 r  u_mem_adapter/fill_desc_beats[1][0]_i_1/O
                         net (fo=15, unplaced)        0.256    11.256    u_mem_adapter/fill_desc_beats[1][0]_i_1_n_0
                         LUT2 (Prop_LUT2_I1_O)        0.085    11.341 r  u_mem_adapter/m_axi_arvalid_INST_0_i_227/O
                         net (fo=2, unplaced)         0.214    11.555    u_mem_adapter/m_axi_arvalid_INST_0_i_227_n_0
                         LUT6 (Prop_LUT6_I0_O)        0.039    11.594 r  u_mem_adapter/m_axi_arvalid_INST_0_i_216/O
                         net (fo=1, unplaced)         0.120    11.714    u_mem_adapter/m_axi_arvalid_INST_0_i_216_n_0
                         CARRY8 (Prop_CARRY8_DI[6]_CO[7])
                                                      0.081    11.795 r  u_mem_adapter/m_axi_arvalid_INST_0_i_206/CO[7]
                         net (fo=1, unplaced)         0.007    11.802    u_mem_adapter/m_axi_arvalid_INST_0_i_206_n_0
                         CARRY8 (Prop_CARRY8_CI_CO[7])
                                                      0.030    11.832 r  u_mem_adapter/m_axi_arvalid_INST_0_i_197/CO[7]
                         net (fo=1, unplaced)         0.007    11.839    u_mem_adapter/m_axi_arvalid_INST_0_i_197_n_0
                         CARRY8 (Prop_CARRY8_CI_CO[7])
                                                      0.030    11.869 r  u_mem_adapter/m_axi_arvalid_INST_0_i_173/CO[7]
                         net (fo=1, unplaced)         0.007    11.876    u_mem_adapter/m_axi_arvalid_INST_0_i_173_n_0
                         CARRY8 (Prop_CARRY8_CI_CO[7])
                                                      0.030    11.906 r  u_mem_adapter/m_axi_arvalid_INST_0_i_131/CO[7]
                         net (fo=1, unplaced)         0.007    11.913    u_mem_adapter/m_axi_arvalid_INST_0_i_131_n_0
                         CARRY8 (Prop_CARRY8_CI_CO[7])
                                                      0.030    11.943 r  u_mem_adapter/m_axi_arvalid_INST_0_i_92/CO[7]
                         net (fo=1, unplaced)         0.007    11.950    u_mem_adapter/m_axi_arvalid_INST_0_i_92_n_0
                         CARRY8 (Prop_CARRY8_CI_CO[7])
                                                      0.030    11.980 r  u_mem_adapter/m_axi_arvalid_INST_0_i_120/CO[7]
                         net (fo=1, unplaced)         0.007    11.987    u_mem_adapter/m_axi_arvalid_INST_0_i_120_n_0
                         CARRY8 (Prop_CARRY8_CI_O[4])
                                                      0.109    12.096 r  u_mem_adapter/m_axi_arvalid_INST_0_i_83/O[4]
                         net (fo=1, unplaced)         0.212    12.308    u_mem_adapter/planned_end_address_wide0[53]
                         LUT4 (Prop_LUT4_I1_O)        0.100    12.408 r  u_mem_adapter/m_axi_arvalid_INST_0_i_121/O
                         net (fo=1, unplaced)         0.214    12.622    u_mem_adapter/m_axi_arvalid_INST_0_i_121_n_0
                         LUT5 (Prop_LUT5_I4_O)        0.039    12.661 r  u_mem_adapter/m_axi_arvalid_INST_0_i_81/O
                         net (fo=1, unplaced)         0.214    12.875    u_mem_adapter/m_axi_arvalid_INST_0_i_81_n_0
                         LUT6 (Prop_LUT6_I4_O)        0.039    12.914 r  u_mem_adapter/m_axi_arvalid_INST_0_i_36/O
                         net (fo=1, unplaced)         0.214    13.128    u_mem_adapter/m_axi_arvalid_INST_0_i_36_n_0
                         LUT6 (Prop_LUT6_I1_O)        0.039    13.167 r  u_mem_adapter/m_axi_arvalid_INST_0_i_13/O
                         net (fo=2, unplaced)         0.156    13.323    u_mem_adapter/m_axi_arvalid_INST_0_i_13_n_0
                         LUT3 (Prop_LUT3_I0_O)        0.064    13.387 r  u_mem_adapter/m_axi_arvalid_INST_0_i_8/O
                         net (fo=2, unplaced)         0.214    13.601    u_mem_adapter/m_axi_arvalid_INST_0_i_8_n_0
                         LUT6 (Prop_LUT6_I0_O)        0.039    13.640 r  u_mem_adapter/m_axi_arvalid_INST_0_i_4/O
                         net (fo=8, unplaced)         0.184    13.824    u_mem_adapter/m_axi_arvalid_INST_0_i_4_n_0
                         LUT2 (Prop_LUT2_I1_O)        0.064    13.888 f  u_mem_adapter/linefill_start_o_i_1/O
                         net (fo=190, unplaced)       0.256    14.144    u_mem_adapter/linefill_start_o_i_1_n_0
                         LUT6 (Prop_LUT6_I1_O)        0.064    14.208 f  u_mem_adapter/line_consumed_bitmap[31]_i_4/O
                         net (fo=33, unplaced)        0.274    14.482    u_mem_adapter/line_valid
                         LUT6 (Prop_LUT6_I3_O)        0.039    14.521 r  u_mem_adapter/line_consumed_bitmap[17]_i_1/O
                         net (fo=1, unplaced)         0.058    14.579    u_mem_adapter/line_consumed_bitmap[17]_i_1_n_0
                         FDRE                                         r  u_mem_adapter/line_consumed_bitmap_reg[17]/D
  -------------------------------------------------------------------    -------------------

                         (clock aclk rise edge)      20.000    20.000 r  
                                                      0.000    20.000 r  aclk (IN)
                         net (fo=10922, unset)        0.024    20.024    u_mem_adapter/aclk
                         FDRE                                         r  u_mem_adapter/line_consumed_bitmap_reg[17]/C
                         clock pessimism              0.000    20.024    
                         clock uncertainty           -0.035    19.989    
                         FDRE (Setup_FDRE_C_D)        0.027    20.016    u_mem_adapter/line_consumed_bitmap_reg[17]
  -------------------------------------------------------------------
                         required time                         20.016    
                         arrival time                         -14.579    
  -------------------------------------------------------------------
                         slack                                  5.437    

Slack (MET) :             5.437ns  (required time - arrival time)
  Source:                 u_memory_frontend/mem_word_index_reg[13]/C
                            (rising edge-triggered cell FDRE clocked by aclk  {rise@0.000ns fall@10.000ns period=20.000ns})
  Destination:            u_mem_adapter/line_consumed_bitmap_reg[18]/D
                            (rising edge-triggered cell FDRE clocked by aclk  {rise@0.000ns fall@10.000ns period=20.000ns})
  Path Group:             aclk
  Path Type:              Setup (Max at Slow Process Corner)
  Requirement:            20.000ns  (aclk rise@20.000ns - aclk rise@0.000ns)
  Data Path Delay:        14.544ns  (logic 4.216ns (28.988%)  route 10.328ns (71.012%))
  Logic Levels:           61  (CARRY8=19 LUT2=4 LUT3=2 LUT4=4 LUT5=5 LUT6=27)
  Clock Path Skew:        -0.011ns (DCD - SCD + CPR)
    Destination Clock Delay (DCD):    0.024ns = ( 20.024 - 20.000 ) 
    Source Clock Delay      (SCD):    0.035ns
    Clock Pessimism Removal (CPR):    0.000ns
  Clock Uncertainty:      0.035ns  ((TSJ^2 + TIJ^2)^1/2 + DJ) / 2 + PE
    Total System Jitter     (TSJ):    0.071ns
    Total Input Jitter      (TIJ):    0.000ns
    Discrete Jitter          (DJ):    0.000ns
    Phase Error              (PE):    0.000ns

    Location             Delay type                Incr(ns)  Path(ns)    Netlist Resource(s)
  -------------------------------------------------------------------    -------------------
                         (clock aclk rise edge)       0.000     0.000 r  
                                                      0.000     0.000 r  aclk (IN)
                         net (fo=10922, unset)        0.035     0.035    u_memory_frontend/aclk
                         FDRE                                         r  u_memory_frontend/mem_word_index_reg[13]/C
  -------------------------------------------------------------------    -------------------
                         FDRE (Prop_FDRE_C_Q)         0.096     0.131 f  u_memory_frontend/mem_word_index_reg[13]/Q
                         net (fo=88, unplaced)        0.241     0.372    u_memory_frontend/mem_word_index_u32[13]
                         LUT2 (Prop_LUT2_I1_O)        0.085     0.457 r  u_memory_frontend/profile_logical_read_word_o_INST_0_i_44/O
                         net (fo=7, unplaced)         0.239     0.696    u_memory_frontend/profile_logical_read_word_o_INST_0_i_44_n_0
                         LUT6 (Prop_LUT6_I4_O)        0.039     0.735 r  u_memory_frontend/profile_logical_read_word_o_INST_0_i_29/O
                         net (fo=117, unplaced)       0.303     1.038    u_memory_frontend/profile_logical_read_word_o_INST_0_i_29_n_0
                         LUT4 (Prop_LUT4_I0_O)        0.039     1.077 r  u_memory_frontend/req_fifo_contiguous_words[1][5]_i_11/O
                         net (fo=32, unplaced)        0.274     1.351    u_memory_frontend/req_fifo_contiguous_words[1][5]_i_11_n_0
                         LUT6 (Prop_LUT6_I0_O)        0.039     1.390 f  u_memory_frontend/req_fifo_word_address[1][15]_i_153/O
                         net (fo=2, unplaced)         0.214     1.604    u_memory_frontend/u_gemm_address_context/data1[5]
                         LUT6 (Prop_LUT6_I0_O)        0.039     1.643 f  u_memory_frontend/u_gemm_address_context/req_fifo_word_address[1][15]_i_120/O
                         net (fo=1, unplaced)         0.214     1.857    u_memory_frontend/u_gemm_address_context/req_fifo_word_address[1][15]_i_120_n_0
                         LUT6 (Prop_LUT6_I5_O)        0.039     1.896 r  u_memory_frontend/u_gemm_address_context/req_fifo_word_address[1][15]_i_66/O
                         net (fo=2, unplaced)         0.214     2.110    u_memory_frontend/u_gemm_address_context/req_fifo_word_address[1][15]_i_66_n_0
                         LUT3 (Prop_LUT3_I0_O)        0.085     2.195 f  u_memory_frontend/u_gemm_address_context/req_fifo_word_address[1][15]_i_31/O
                         net (fo=2, unplaced)         0.156     2.351    u_memory_frontend/u_gemm_address_context/req_fifo_word_address[1][15]_i_31_n_0
                         LUT6 (Prop_LUT6_I1_O)        0.064     2.415 r  u_memory_frontend/u_gemm_address_context/req_fifo_word_address[1][15]_i_8/O
                         net (fo=2, unplaced)         0.214     2.629    u_memory_frontend/u_gemm_address_context/req_fifo_word_address[1][15]_i_8_n_0
                         LUT5 (Prop_LUT5_I0_O)        0.039     2.668 r  u_memory_frontend/u_gemm_address_context/req_fifo_word_address[1][15]_i_16/O
                         net (fo=1, unplaced)         0.015     2.683    u_memory_frontend/u_gemm_address_context/req_fifo_word_address[1][15]_i_16_n_0
                         CARRY8 (Prop_CARRY8_S[4]_CO[7])
                                                      0.202     2.885 r  u_memory_frontend/u_gemm_address_context/req_fifo_word_address_reg[1][15]_i_3/CO[7]
                         net (fo=1, unplaced)         0.007     2.892    u_memory_frontend/u_gemm_address_context/req_fifo_word_address_reg[1][15]_i_3_n_0
                         CARRY8 (Prop_CARRY8_CI_CO[7])
                                                      0.030     2.922 r  u_memory_frontend/u_gemm_address_context/req_fifo_word_address_reg[1][23]_i_3/CO[7]
                         net (fo=1, unplaced)         0.007     2.929    u_memory_frontend/u_gemm_address_context/req_fifo_word_address_reg[1][23]_i_3_n_0
                         CARRY8 (Prop_CARRY8_CI_CO[7])
                                                      0.030     2.959 r  u_memory_frontend/u_gemm_address_context/req_fifo_word_address_reg[1][31]_i_4/CO[7]
                         net (fo=1, unplaced)         0.007     2.966    u_memory_frontend/u_gemm_address_context/req_fifo_word_address_reg[1][31]_i_4_n_0
                         CARRY8 (Prop_CARRY8_CI_CO[7])
                                                      0.030     2.996 r  u_memory_frontend/u_gemm_address_context/mem_state_reg[1]_i_12/CO[7]
                         net (fo=1, unplaced)         0.007     3.003    u_memory_frontend/u_gemm_address_context/mem_state_reg[1]_i_12_n_0
                         CARRY8 (Prop_CARRY8_CI_O[2])
                                                      0.086     3.089 r  u_memory_frontend/u_gemm_address_context/mem_state_reg[1]_i_33/O[2]
                         net (fo=1, unplaced)         0.215     3.304    u_memory_frontend/u_gemm_address_context/mem_state_reg[1]_i_33_n_13
                         LUT4 (Prop_LUT4_I3_O)        0.115     3.419 r  u_memory_frontend/u_gemm_address_context/mem_state[1]_i_115/O
                         net (fo=1, unplaced)         0.214     3.633    u_memory_frontend/u_gemm_address_context/mem_state[1]_i_115_n_0
                         LUT5 (Prop_LUT5_I4_O)        0.039     3.672 r  u_memory_frontend/u_gemm_address_context/mem_state[1]_i_70/O
                         net (fo=1, unplaced)         0.214     3.886    u_memory_frontend/u_gemm_address_context/mem_state[1]_i_70_n_0
                         LUT6 (Prop_LUT6_I5_O)        0.039     3.925 r  u_memory_frontend/u_gemm_address_context/mem_state[1]_i_34/O
                         net (fo=1, unplaced)         0.214     4.139    u_memory_frontend/u_gemm_address_context/mem_state[1]_i_34_n_0
                         LUT6 (Prop_LUT6_I4_O)        0.039     4.178 f  u_memory_frontend/u_gemm_address_context/mem_state[1]_i_13/O
                         net (fo=1, unplaced)         0.214     4.392    u_memory_frontend/u_gemm_address_context/mem_state[1]_i_13_n_0
                         LUT6 (Prop_LUT6_I2_O)        0.039     4.431 r  u_memory_frontend/u_gemm_address_context/mem_state[1]_i_8/O
                         net (fo=2, unplaced)         0.214     4.645    u_memory_frontend/u_gemm_address_context/mem_state[1]_i_8_n_0
                         LUT6 (Prop_LUT6_I5_O)        0.039     4.684 f  u_memory_frontend/u_gemm_address_context/req_fifo_contiguous_words[1][5]_i_6/O
                         net (fo=7, unplaced)         0.239     4.923    u_memory_frontend/u_gemm_address_context/req_fifo_contiguous_words[1][5]_i_6_n_0
                         LUT6 (Prop_LUT6_I0_O)        0.039     4.962 f  u_memory_frontend/u_gemm_address_context/profile_logical_read_word_o_INST_0_i_12/O
                         net (fo=4, unplaced)         0.226     5.188    u_memory_frontend/u_gemm_address_context/read_candidate_read_ahead_safe
                         LUT6 (Prop_LUT6_I5_O)        0.039     5.227 f  u_memory_frontend/u_gemm_address_context/profile_logical_read_word_o_INST_0_i_3/O
                         net (fo=8, unplaced)         0.242     5.469    u_memory_frontend/u_gemm_address_context/profile_logical_read_word_o_INST_0_i_3_n_0
                         LUT6 (Prop_LUT6_I4_O)        0.039     5.508 r  u_memory_frontend/u_gemm_address_context/req_fifo_count[1]_i_6/O
                         net (fo=10, unplaced)        0.189     5.697    u_mem_adapter/mem_req_valid
                         LUT6 (Prop_LUT6_I4_O)        0.064     5.761 r  u_mem_adapter/fill_start_word[3]_i_2/O
                         net (fo=116, unplaced)       0.303     6.064    u_mem_adapter/fill_start_word[3]_i_2_n_0
                         LUT5 (Prop_LUT5_I4_O)        0.039     6.103 r  u_mem_adapter/four_k_split_o_i_48/O
                         net (fo=4, unplaced)         0.226     6.329    u_mem_adapter/four_k_split_o_i_48_n_0
                         LUT6 (Prop_LUT6_I0_O)        0.039     6.368 r  u_mem_adapter/four_k_split_o_i_35/O
                         net (fo=1, unplaced)         0.018     6.386    u_mem_adapter/four_k_split_o_i_35_n_0
                         CARRY8 (Prop_CARRY8_S[0]_O[5])
                                                      0.295     6.681 f  u_mem_adapter/four_k_split_o_reg_i_11/O[5]
                         net (fo=7, unplaced)         0.187     6.868    u_mem_adapter/four_k_split_o_reg_i_11_n_10
                         LUT4 (Prop_LUT4_I0_O)        0.121     6.989 r  u_mem_adapter/four_k_split_o_i_59/O
                         net (fo=1, unplaced)         0.232     7.221    u_mem_adapter/four_k_split_o_i_59_n_0
                         CARRY8 (Prop_CARRY8_DI[2]_CO[7])
                                                      0.142     7.363 r  u_mem_adapter/four_k_split_o_reg_i_49/CO[7]
                         net (fo=1, unplaced)         0.007     7.370    u_mem_adapter/four_k_split_o_reg_i_49_n_0
                         CARRY8 (Prop_CARRY8_CI_CO[7])
                                                      0.030     7.400 r  u_mem_adapter/four_k_split_o_reg_i_36/CO[7]
                         net (fo=1, unplaced)         0.007     7.407    u_mem_adapter/four_k_split_o_reg_i_36_n_0
                         CARRY8 (Prop_CARRY8_CI_CO[0])
                                                      0.068     7.475 r  u_mem_adapter/four_k_split_o_reg_i_12/CO[0]
                         net (fo=13, unplaced)        0.253     7.728    u_mem_adapter/clamped_contiguous_words1
                         LUT6 (Prop_LUT6_I4_O)        0.039     7.767 r  u_mem_adapter/fill_desc_beats[0][0]_i_4/O
                         net (fo=8, unplaced)         0.242     8.009    u_mem_adapter/fill_desc_beats[0][0]_i_4_n_0
                         LUT5 (Prop_LUT5_I0_O)        0.085     8.094 r  u_mem_adapter/four_k_split_o_i_18/O
                         net (fo=3, unplaced)         0.220     8.314    u_mem_adapter/four_k_split_o_i_18_n_0
                         LUT6 (Prop_LUT6_I5_O)        0.039     8.353 r  u_mem_adapter/four_k_split_o_i_5/O
                         net (fo=2, unplaced)         0.259     8.612    u_mem_adapter/four_k_split_o_i_5_n_0
                         CARRY8 (Prop_CARRY8_DI[0]_CO[4])
                                                      0.229     8.841 r  u_mem_adapter/fill_desc_beats_reg[0][2]_i_3/CO[4]
                         net (fo=8, unplaced)         0.240     9.081    u_mem_adapter/fill_desc_beats_reg[0][2]_i_3_n_3
                         LUT6 (Prop_LUT6_I1_O)        0.039     9.120 r  u_mem_adapter/fill_desc_beats[0][0]_i_1/O
                         net (fo=22, unplaced)        0.265     9.385    u_mem_adapter/fill_desc_beats[0][0]_i_1_n_0
                         LUT2 (Prop_LUT2_I1_O)        0.040     9.425 r  u_mem_adapter/fill_desc_addr[1][10]_i_4/O
                         net (fo=1, unplaced)         0.017     9.442    u_mem_adapter/fill_desc_addr[1][10]_i_4_n_0
                         CARRY8 (Prop_CARRY8_S[1]_O[2])
                                                      0.144     9.586 r  u_mem_adapter/fill_desc_addr_reg[1][10]_i_1/O[2]
                         net (fo=6, unplaced)         0.236     9.822    u_mem_adapter/fill_desc_addr_reg[1][10]_i_1_n_13
                         LUT6 (Prop_LUT6_I0_O)        0.100     9.922 r  u_mem_adapter/fill_desc_beats[1][1]_i_3/O
                         net (fo=3, unplaced)         0.220    10.142    u_mem_adapter/fill_desc_beats[1][1]_i_3_n_0
                         LUT6 (Prop_LUT6_I5_O)        0.039    10.181 r  u_mem_adapter/fill_desc_beats[1][2]_i_25/O
                         net (fo=1, unplaced)         0.214    10.395    u_mem_adapter/fill_desc_beats[1][2]_i_25_n_0
                         LUT6 (Prop_LUT6_I0_O)        0.039    10.434 r  u_mem_adapter/fill_desc_beats[1][2]_i_18/O
                         net (fo=1, unplaced)         0.018    10.452    u_mem_adapter/fill_desc_beats[1][2]_i_18_n_0
                         CARRY8 (Prop_CARRY8_S[0]_CO[4])
                                                      0.266    10.718 r  u_mem_adapter/fill_desc_beats_reg[1][2]_i_5/CO[4]
                         net (fo=9, unplaced)         0.243    10.961    u_mem_adapter/planned_second_beats1
                         LUT6 (Prop_LUT6_I3_O)        0.039    11.000 r  u_mem_adapter/fill_desc_beats[1][0]_i_1/O
                         net (fo=15, unplaced)        0.256    11.256    u_mem_adapter/fill_desc_beats[1][0]_i_1_n_0
                         LUT2 (Prop_LUT2_I1_O)        0.085    11.341 r  u_mem_adapter/m_axi_arvalid_INST_0_i_227/O
                         net (fo=2, unplaced)         0.214    11.555    u_mem_adapter/m_axi_arvalid_INST_0_i_227_n_0
                         LUT6 (Prop_LUT6_I0_O)        0.039    11.594 r  u_mem_adapter/m_axi_arvalid_INST_0_i_216/O
                         net (fo=1, unplaced)         0.120    11.714    u_mem_adapter/m_axi_arvalid_INST_0_i_216_n_0
                         CARRY8 (Prop_CARRY8_DI[6]_CO[7])
                                                      0.081    11.795 r  u_mem_adapter/m_axi_arvalid_INST_0_i_206/CO[7]
                         net (fo=1, unplaced)         0.007    11.802    u_mem_adapter/m_axi_arvalid_INST_0_i_206_n_0
                         CARRY8 (Prop_CARRY8_CI_CO[7])
                                                      0.030    11.832 r  u_mem_adapter/m_axi_arvalid_INST_0_i_197/CO[7]
                         net (fo=1, unplaced)         0.007    11.839    u_mem_adapter/m_axi_arvalid_INST_0_i_197_n_0
                         CARRY8 (Prop_CARRY8_CI_CO[7])
                                                      0.030    11.869 r  u_mem_adapter/m_axi_arvalid_INST_0_i_173/CO[7]
                         net (fo=1, unplaced)         0.007    11.876    u_mem_adapter/m_axi_arvalid_INST_0_i_173_n_0
                         CARRY8 (Prop_CARRY8_CI_CO[7])
                                                      0.030    11.906 r  u_mem_adapter/m_axi_arvalid_INST_0_i_131/CO[7]
                         net (fo=1, unplaced)         0.007    11.913    u_mem_adapter/m_axi_arvalid_INST_0_i_131_n_0
                         CARRY8 (Prop_CARRY8_CI_CO[7])
                                                      0.030    11.943 r  u_mem_adapter/m_axi_arvalid_INST_0_i_92/CO[7]
                         net (fo=1, unplaced)         0.007    11.950    u_mem_adapter/m_axi_arvalid_INST_0_i_92_n_0
                         CARRY8 (Prop_CARRY8_CI_CO[7])
                                                      0.030    11.980 r  u_mem_adapter/m_axi_arvalid_INST_0_i_120/CO[7]
                         net (fo=1, unplaced)         0.007    11.987    u_mem_adapter/m_axi_arvalid_INST_0_i_120_n_0
                         CARRY8 (Prop_CARRY8_CI_O[4])
                                                      0.109    12.096 r  u_mem_adapter/m_axi_arvalid_INST_0_i_83/O[4]
                         net (fo=1, unplaced)         0.212    12.308    u_mem_adapter/planned_end_address_wide0[53]
                         LUT4 (Prop_LUT4_I1_O)        0.100    12.408 r  u_mem_adapter/m_axi_arvalid_INST_0_i_121/O
                         net (fo=1, unplaced)         0.214    12.622    u_mem_adapter/m_axi_arvalid_INST_0_i_121_n_0
                         LUT5 (Prop_LUT5_I4_O)        0.039    12.661 r  u_mem_adapter/m_axi_arvalid_INST_0_i_81/O
                         net (fo=1, unplaced)         0.214    12.875    u_mem_adapter/m_axi_arvalid_INST_0_i_81_n_0
                         LUT6 (Prop_LUT6_I4_O)        0.039    12.914 r  u_mem_adapter/m_axi_arvalid_INST_0_i_36/O
                         net (fo=1, unplaced)         0.214    13.128    u_mem_adapter/m_axi_arvalid_INST_0_i_36_n_0
                         LUT6 (Prop_LUT6_I1_O)        0.039    13.167 r  u_mem_adapter/m_axi_arvalid_INST_0_i_13/O
                         net (fo=2, unplaced)         0.156    13.323    u_mem_adapter/m_axi_arvalid_INST_0_i_13_n_0
                         LUT3 (Prop_LUT3_I0_O)        0.064    13.387 r  u_mem_adapter/m_axi_arvalid_INST_0_i_8/O
                         net (fo=2, unplaced)         0.214    13.601    u_mem_adapter/m_axi_arvalid_INST_0_i_8_n_0
                         LUT6 (Prop_LUT6_I0_O)        0.039    13.640 r  u_mem_adapter/m_axi_arvalid_INST_0_i_4/O
                         net (fo=8, unplaced)         0.184    13.824    u_mem_adapter/m_axi_arvalid_INST_0_i_4_n_0
                         LUT2 (Prop_LUT2_I1_O)        0.064    13.888 f  u_mem_adapter/linefill_start_o_i_1/O
                         net (fo=190, unplaced)       0.256    14.144    u_mem_adapter/linefill_start_o_i_1_n_0
                         LUT6 (Prop_LUT6_I1_O)        0.064    14.208 f  u_mem_adapter/line_consumed_bitmap[31]_i_4/O
                         net (fo=33, unplaced)        0.274    14.482    u_mem_adapter/line_valid
                         LUT6 (Prop_LUT6_I3_O)        0.039    14.521 r  u_mem_adapter/line_consumed_bitmap[18]_i_1/O
                         net (fo=1, unplaced)         0.058    14.579    u_mem_adapter/line_consumed_bitmap[18]_i_1_n_0
                         FDRE                                         r  u_mem_adapter/line_consumed_bitmap_reg[18]/D
  -------------------------------------------------------------------    -------------------

                         (clock aclk rise edge)      20.000    20.000 r  
                                                      0.000    20.000 r  aclk (IN)
                         net (fo=10922, unset)        0.024    20.024    u_mem_adapter/aclk
                         FDRE                                         r  u_mem_adapter/line_consumed_bitmap_reg[18]/C
                         clock pessimism              0.000    20.024    
                         clock uncertainty           -0.035    19.989    
                         FDRE (Setup_FDRE_C_D)        0.027    20.016    u_mem_adapter/line_consumed_bitmap_reg[18]
  -------------------------------------------------------------------
                         required time                         20.016    
                         arrival time                         -14.579    
  -------------------------------------------------------------------
                         slack                                  5.437    

Slack (MET) :             5.437ns  (required time - arrival time)
  Source:                 u_memory_frontend/mem_word_index_reg[13]/C
                            (rising edge-triggered cell FDRE clocked by aclk  {rise@0.000ns fall@10.000ns period=20.000ns})
  Destination:            u_mem_adapter/line_consumed_bitmap_reg[19]/D
                            (rising edge-triggered cell FDRE clocked by aclk  {rise@0.000ns fall@10.000ns period=20.000ns})
  Path Group:             aclk
  Path Type:              Setup (Max at Slow Process Corner)
  Requirement:            20.000ns  (aclk rise@20.000ns - aclk rise@0.000ns)
  Data Path Delay:        14.544ns  (logic 4.216ns (28.988%)  route 10.328ns (71.012%))
  Logic Levels:           61  (CARRY8=19 LUT2=4 LUT3=2 LUT4=4 LUT5=5 LUT6=27)
  Clock Path Skew:        -0.011ns (DCD - SCD + CPR)
    Destination Clock Delay (DCD):    0.024ns = ( 20.024 - 20.000 ) 
    Source Clock Delay      (SCD):    0.035ns
    Clock Pessimism Removal (CPR):    0.000ns
  Clock Uncertainty:      0.035ns  ((TSJ^2 + TIJ^2)^1/2 + DJ) / 2 + PE
    Total System Jitter     (TSJ):    0.071ns
    Total Input Jitter      (TIJ):    0.000ns
    Discrete Jitter          (DJ):    0.000ns
    Phase Error              (PE):    0.000ns

    Location             Delay type                Incr(ns)  Path(ns)    Netlist Resource(s)
  -------------------------------------------------------------------    -------------------
                         (clock aclk rise edge)       0.000     0.000 r  
                                                      0.000     0.000 r  aclk (IN)
                         net (fo=10922, unset)        0.035     0.035    u_memory_frontend/aclk
                         FDRE                                         r  u_memory_frontend/mem_word_index_reg[13]/C
  -------------------------------------------------------------------    -------------------
                         FDRE (Prop_FDRE_C_Q)         0.096     0.131 f  u_memory_frontend/mem_word_index_reg[13]/Q
                         net (fo=88, unplaced)        0.241     0.372    u_memory_frontend/mem_word_index_u32[13]
                         LUT2 (Prop_LUT2_I1_O)        0.085     0.457 r  u_memory_frontend/profile_logical_read_word_o_INST_0_i_44/O
                         net (fo=7, unplaced)         0.239     0.696    u_memory_frontend/profile_logical_read_word_o_INST_0_i_44_n_0
                         LUT6 (Prop_LUT6_I4_O)        0.039     0.735 r  u_memory_frontend/profile_logical_read_word_o_INST_0_i_29/O
                         net (fo=117, unplaced)       0.303     1.038    u_memory_frontend/profile_logical_read_word_o_INST_0_i_29_n_0
                         LUT4 (Prop_LUT4_I0_O)        0.039     1.077 r  u_memory_frontend/req_fifo_contiguous_words[1][5]_i_11/O
                         net (fo=32, unplaced)        0.274     1.351    u_memory_frontend/req_fifo_contiguous_words[1][5]_i_11_n_0
                         LUT6 (Prop_LUT6_I0_O)        0.039     1.390 f  u_memory_frontend/req_fifo_word_address[1][15]_i_153/O
                         net (fo=2, unplaced)         0.214     1.604    u_memory_frontend/u_gemm_address_context/data1[5]
                         LUT6 (Prop_LUT6_I0_O)        0.039     1.643 f  u_memory_frontend/u_gemm_address_context/req_fifo_word_address[1][15]_i_120/O
                         net (fo=1, unplaced)         0.214     1.857    u_memory_frontend/u_gemm_address_context/req_fifo_word_address[1][15]_i_120_n_0
                         LUT6 (Prop_LUT6_I5_O)        0.039     1.896 r  u_memory_frontend/u_gemm_address_context/req_fifo_word_address[1][15]_i_66/O
                         net (fo=2, unplaced)         0.214     2.110    u_memory_frontend/u_gemm_address_context/req_fifo_word_address[1][15]_i_66_n_0
                         LUT3 (Prop_LUT3_I0_O)        0.085     2.195 f  u_memory_frontend/u_gemm_address_context/req_fifo_word_address[1][15]_i_31/O
                         net (fo=2, unplaced)         0.156     2.351    u_memory_frontend/u_gemm_address_context/req_fifo_word_address[1][15]_i_31_n_0
                         LUT6 (Prop_LUT6_I1_O)        0.064     2.415 r  u_memory_frontend/u_gemm_address_context/req_fifo_word_address[1][15]_i_8/O
                         net (fo=2, unplaced)         0.214     2.629    u_memory_frontend/u_gemm_address_context/req_fifo_word_address[1][15]_i_8_n_0
                         LUT5 (Prop_LUT5_I0_O)        0.039     2.668 r  u_memory_frontend/u_gemm_address_context/req_fifo_word_address[1][15]_i_16/O
                         net (fo=1, unplaced)         0.015     2.683    u_memory_frontend/u_gemm_address_context/req_fifo_word_address[1][15]_i_16_n_0
                         CARRY8 (Prop_CARRY8_S[4]_CO[7])
                                                      0.202     2.885 r  u_memory_frontend/u_gemm_address_context/req_fifo_word_address_reg[1][15]_i_3/CO[7]
                         net (fo=1, unplaced)         0.007     2.892    u_memory_frontend/u_gemm_address_context/req_fifo_word_address_reg[1][15]_i_3_n_0
                         CARRY8 (Prop_CARRY8_CI_CO[7])
                                                      0.030     2.922 r  u_memory_frontend/u_gemm_address_context/req_fifo_word_address_reg[1][23]_i_3/CO[7]
                         net (fo=1, unplaced)         0.007     2.929    u_memory_frontend/u_gemm_address_context/req_fifo_word_address_reg[1][23]_i_3_n_0
                         CARRY8 (Prop_CARRY8_CI_CO[7])
                                                      0.030     2.959 r  u_memory_frontend/u_gemm_address_context/req_fifo_word_address_reg[1][31]_i_4/CO[7]
                         net (fo=1, unplaced)         0.007     2.966    u_memory_frontend/u_gemm_address_context/req_fifo_word_address_reg[1][31]_i_4_n_0
                         CARRY8 (Prop_CARRY8_CI_CO[7])
                                                      0.030     2.996 r  u_memory_frontend/u_gemm_address_context/mem_state_reg[1]_i_12/CO[7]
                         net (fo=1, unplaced)         0.007     3.003    u_memory_frontend/u_gemm_address_context/mem_state_reg[1]_i_12_n_0
                         CARRY8 (Prop_CARRY8_CI_O[2])
                                                      0.086     3.089 r  u_memory_frontend/u_gemm_address_context/mem_state_reg[1]_i_33/O[2]
                         net (fo=1, unplaced)         0.215     3.304    u_memory_frontend/u_gemm_address_context/mem_state_reg[1]_i_33_n_13
                         LUT4 (Prop_LUT4_I3_O)        0.115     3.419 r  u_memory_frontend/u_gemm_address_context/mem_state[1]_i_115/O
                         net (fo=1, unplaced)         0.214     3.633    u_memory_frontend/u_gemm_address_context/mem_state[1]_i_115_n_0
                         LUT5 (Prop_LUT5_I4_O)        0.039     3.672 r  u_memory_frontend/u_gemm_address_context/mem_state[1]_i_70/O
                         net (fo=1, unplaced)         0.214     3.886    u_memory_frontend/u_gemm_address_context/mem_state[1]_i_70_n_0
                         LUT6 (Prop_LUT6_I5_O)        0.039     3.925 r  u_memory_frontend/u_gemm_address_context/mem_state[1]_i_34/O
                         net (fo=1, unplaced)         0.214     4.139    u_memory_frontend/u_gemm_address_context/mem_state[1]_i_34_n_0
                         LUT6 (Prop_LUT6_I4_O)        0.039     4.178 f  u_memory_frontend/u_gemm_address_context/mem_state[1]_i_13/O
                         net (fo=1, unplaced)         0.214     4.392    u_memory_frontend/u_gemm_address_context/mem_state[1]_i_13_n_0
                         LUT6 (Prop_LUT6_I2_O)        0.039     4.431 r  u_memory_frontend/u_gemm_address_context/mem_state[1]_i_8/O
                         net (fo=2, unplaced)         0.214     4.645    u_memory_frontend/u_gemm_address_context/mem_state[1]_i_8_n_0
                         LUT6 (Prop_LUT6_I5_O)        0.039     4.684 f  u_memory_frontend/u_gemm_address_context/req_fifo_contiguous_words[1][5]_i_6/O
                         net (fo=7, unplaced)         0.239     4.923    u_memory_frontend/u_gemm_address_context/req_fifo_contiguous_words[1][5]_i_6_n_0
                         LUT6 (Prop_LUT6_I0_O)        0.039     4.962 f  u_memory_frontend/u_gemm_address_context/profile_logical_read_word_o_INST_0_i_12/O
                         net (fo=4, unplaced)         0.226     5.188    u_memory_frontend/u_gemm_address_context/read_candidate_read_ahead_safe
                         LUT6 (Prop_LUT6_I5_O)        0.039     5.227 f  u_memory_frontend/u_gemm_address_context/profile_logical_read_word_o_INST_0_i_3/O
                         net (fo=8, unplaced)         0.242     5.469    u_memory_frontend/u_gemm_address_context/profile_logical_read_word_o_INST_0_i_3_n_0
                         LUT6 (Prop_LUT6_I4_O)        0.039     5.508 r  u_memory_frontend/u_gemm_address_context/req_fifo_count[1]_i_6/O
                         net (fo=10, unplaced)        0.189     5.697    u_mem_adapter/mem_req_valid
                         LUT6 (Prop_LUT6_I4_O)        0.064     5.761 r  u_mem_adapter/fill_start_word[3]_i_2/O
                         net (fo=116, unplaced)       0.303     6.064    u_mem_adapter/fill_start_word[3]_i_2_n_0
                         LUT5 (Prop_LUT5_I4_O)        0.039     6.103 r  u_mem_adapter/four_k_split_o_i_48/O
                         net (fo=4, unplaced)         0.226     6.329    u_mem_adapter/four_k_split_o_i_48_n_0
                         LUT6 (Prop_LUT6_I0_O)        0.039     6.368 r  u_mem_adapter/four_k_split_o_i_35/O
                         net (fo=1, unplaced)         0.018     6.386    u_mem_adapter/four_k_split_o_i_35_n_0
                         CARRY8 (Prop_CARRY8_S[0]_O[5])
                                                      0.295     6.681 f  u_mem_adapter/four_k_split_o_reg_i_11/O[5]
                         net (fo=7, unplaced)         0.187     6.868    u_mem_adapter/four_k_split_o_reg_i_11_n_10
                         LUT4 (Prop_LUT4_I0_O)        0.121     6.989 r  u_mem_adapter/four_k_split_o_i_59/O
                         net (fo=1, unplaced)         0.232     7.221    u_mem_adapter/four_k_split_o_i_59_n_0
                         CARRY8 (Prop_CARRY8_DI[2]_CO[7])
                                                      0.142     7.363 r  u_mem_adapter/four_k_split_o_reg_i_49/CO[7]
                         net (fo=1, unplaced)         0.007     7.370    u_mem_adapter/four_k_split_o_reg_i_49_n_0
                         CARRY8 (Prop_CARRY8_CI_CO[7])
                                                      0.030     7.400 r  u_mem_adapter/four_k_split_o_reg_i_36/CO[7]
                         net (fo=1, unplaced)         0.007     7.407    u_mem_adapter/four_k_split_o_reg_i_36_n_0
                         CARRY8 (Prop_CARRY8_CI_CO[0])
                                                      0.068     7.475 r  u_mem_adapter/four_k_split_o_reg_i_12/CO[0]
                         net (fo=13, unplaced)        0.253     7.728    u_mem_adapter/clamped_contiguous_words1
                         LUT6 (Prop_LUT6_I4_O)        0.039     7.767 r  u_mem_adapter/fill_desc_beats[0][0]_i_4/O
                         net (fo=8, unplaced)         0.242     8.009    u_mem_adapter/fill_desc_beats[0][0]_i_4_n_0
                         LUT5 (Prop_LUT5_I0_O)        0.085     8.094 r  u_mem_adapter/four_k_split_o_i_18/O
                         net (fo=3, unplaced)         0.220     8.314    u_mem_adapter/four_k_split_o_i_18_n_0
                         LUT6 (Prop_LUT6_I5_O)        0.039     8.353 r  u_mem_adapter/four_k_split_o_i_5/O
                         net (fo=2, unplaced)         0.259     8.612    u_mem_adapter/four_k_split_o_i_5_n_0
                         CARRY8 (Prop_CARRY8_DI[0]_CO[4])
                                                      0.229     8.841 r  u_mem_adapter/fill_desc_beats_reg[0][2]_i_3/CO[4]
                         net (fo=8, unplaced)         0.240     9.081    u_mem_adapter/fill_desc_beats_reg[0][2]_i_3_n_3
                         LUT6 (Prop_LUT6_I1_O)        0.039     9.120 r  u_mem_adapter/fill_desc_beats[0][0]_i_1/O
                         net (fo=22, unplaced)        0.265     9.385    u_mem_adapter/fill_desc_beats[0][0]_i_1_n_0
                         LUT2 (Prop_LUT2_I1_O)        0.040     9.425 r  u_mem_adapter/fill_desc_addr[1][10]_i_4/O
                         net (fo=1, unplaced)         0.017     9.442    u_mem_adapter/fill_desc_addr[1][10]_i_4_n_0
                         CARRY8 (Prop_CARRY8_S[1]_O[2])
                                                      0.144     9.586 r  u_mem_adapter/fill_desc_addr_reg[1][10]_i_1/O[2]
                         net (fo=6, unplaced)         0.236     9.822    u_mem_adapter/fill_desc_addr_reg[1][10]_i_1_n_13
                         LUT6 (Prop_LUT6_I0_O)        0.100     9.922 r  u_mem_adapter/fill_desc_beats[1][1]_i_3/O
                         net (fo=3, unplaced)         0.220    10.142    u_mem_adapter/fill_desc_beats[1][1]_i_3_n_0
                         LUT6 (Prop_LUT6_I5_O)        0.039    10.181 r  u_mem_adapter/fill_desc_beats[1][2]_i_25/O
                         net (fo=1, unplaced)         0.214    10.395    u_mem_adapter/fill_desc_beats[1][2]_i_25_n_0
                         LUT6 (Prop_LUT6_I0_O)        0.039    10.434 r  u_mem_adapter/fill_desc_beats[1][2]_i_18/O
                         net (fo=1, unplaced)         0.018    10.452    u_mem_adapter/fill_desc_beats[1][2]_i_18_n_0
                         CARRY8 (Prop_CARRY8_S[0]_CO[4])
                                                      0.266    10.718 r  u_mem_adapter/fill_desc_beats_reg[1][2]_i_5/CO[4]
                         net (fo=9, unplaced)         0.243    10.961    u_mem_adapter/planned_second_beats1
                         LUT6 (Prop_LUT6_I3_O)        0.039    11.000 r  u_mem_adapter/fill_desc_beats[1][0]_i_1/O
                         net (fo=15, unplaced)        0.256    11.256    u_mem_adapter/fill_desc_beats[1][0]_i_1_n_0
                         LUT2 (Prop_LUT2_I1_O)        0.085    11.341 r  u_mem_adapter/m_axi_arvalid_INST_0_i_227/O
                         net (fo=2, unplaced)         0.214    11.555    u_mem_adapter/m_axi_arvalid_INST_0_i_227_n_0
                         LUT6 (Prop_LUT6_I0_O)        0.039    11.594 r  u_mem_adapter/m_axi_arvalid_INST_0_i_216/O
                         net (fo=1, unplaced)         0.120    11.714    u_mem_adapter/m_axi_arvalid_INST_0_i_216_n_0
                         CARRY8 (Prop_CARRY8_DI[6]_CO[7])
                                                      0.081    11.795 r  u_mem_adapter/m_axi_arvalid_INST_0_i_206/CO[7]
                         net (fo=1, unplaced)         0.007    11.802    u_mem_adapter/m_axi_arvalid_INST_0_i_206_n_0
                         CARRY8 (Prop_CARRY8_CI_CO[7])
                                                      0.030    11.832 r  u_mem_adapter/m_axi_arvalid_INST_0_i_197/CO[7]
                         net (fo=1, unplaced)         0.007    11.839    u_mem_adapter/m_axi_arvalid_INST_0_i_197_n_0
                         CARRY8 (Prop_CARRY8_CI_CO[7])
                                                      0.030    11.869 r  u_mem_adapter/m_axi_arvalid_INST_0_i_173/CO[7]
                         net (fo=1, unplaced)         0.007    11.876    u_mem_adapter/m_axi_arvalid_INST_0_i_173_n_0
                         CARRY8 (Prop_CARRY8_CI_CO[7])
                                                      0.030    11.906 r  u_mem_adapter/m_axi_arvalid_INST_0_i_131/CO[7]
                         net (fo=1, unplaced)         0.007    11.913    u_mem_adapter/m_axi_arvalid_INST_0_i_131_n_0
                         CARRY8 (Prop_CARRY8_CI_CO[7])
                                                      0.030    11.943 r  u_mem_adapter/m_axi_arvalid_INST_0_i_92/CO[7]
                         net (fo=1, unplaced)         0.007    11.950    u_mem_adapter/m_axi_arvalid_INST_0_i_92_n_0
                         CARRY8 (Prop_CARRY8_CI_CO[7])
                                                      0.030    11.980 r  u_mem_adapter/m_axi_arvalid_INST_0_i_120/CO[7]
                         net (fo=1, unplaced)         0.007    11.987    u_mem_adapter/m_axi_arvalid_INST_0_i_120_n_0
                         CARRY8 (Prop_CARRY8_CI_O[4])
                                                      0.109    12.096 r  u_mem_adapter/m_axi_arvalid_INST_0_i_83/O[4]
                         net (fo=1, unplaced)         0.212    12.308    u_mem_adapter/planned_end_address_wide0[53]
                         LUT4 (Prop_LUT4_I1_O)        0.100    12.408 r  u_mem_adapter/m_axi_arvalid_INST_0_i_121/O
                         net (fo=1, unplaced)         0.214    12.622    u_mem_adapter/m_axi_arvalid_INST_0_i_121_n_0
                         LUT5 (Prop_LUT5_I4_O)        0.039    12.661 r  u_mem_adapter/m_axi_arvalid_INST_0_i_81/O
                         net (fo=1, unplaced)         0.214    12.875    u_mem_adapter/m_axi_arvalid_INST_0_i_81_n_0
                         LUT6 (Prop_LUT6_I4_O)        0.039    12.914 r  u_mem_adapter/m_axi_arvalid_INST_0_i_36/O
                         net (fo=1, unplaced)         0.214    13.128    u_mem_adapter/m_axi_arvalid_INST_0_i_36_n_0
                         LUT6 (Prop_LUT6_I1_O)        0.039    13.167 r  u_mem_adapter/m_axi_arvalid_INST_0_i_13/O
                         net (fo=2, unplaced)         0.156    13.323    u_mem_adapter/m_axi_arvalid_INST_0_i_13_n_0
                         LUT3 (Prop_LUT3_I0_O)        0.064    13.387 r  u_mem_adapter/m_axi_arvalid_INST_0_i_8/O
                         net (fo=2, unplaced)         0.214    13.601    u_mem_adapter/m_axi_arvalid_INST_0_i_8_n_0
                         LUT6 (Prop_LUT6_I0_O)        0.039    13.640 r  u_mem_adapter/m_axi_arvalid_INST_0_i_4/O
                         net (fo=8, unplaced)         0.184    13.824    u_mem_adapter/m_axi_arvalid_INST_0_i_4_n_0
                         LUT2 (Prop_LUT2_I1_O)        0.064    13.888 f  u_mem_adapter/linefill_start_o_i_1/O
                         net (fo=190, unplaced)       0.256    14.144    u_mem_adapter/linefill_start_o_i_1_n_0
                         LUT6 (Prop_LUT6_I1_O)        0.064    14.208 f  u_mem_adapter/line_consumed_bitmap[31]_i_4/O
                         net (fo=33, unplaced)        0.274    14.482    u_mem_adapter/line_valid
                         LUT6 (Prop_LUT6_I3_O)        0.039    14.521 r  u_mem_adapter/line_consumed_bitmap[19]_i_1/O
                         net (fo=1, unplaced)         0.058    14.579    u_mem_adapter/line_consumed_bitmap[19]_i_1_n_0
                         FDRE                                         r  u_mem_adapter/line_consumed_bitmap_reg[19]/D
  -------------------------------------------------------------------    -------------------

                         (clock aclk rise edge)      20.000    20.000 r  
                                                      0.000    20.000 r  aclk (IN)
                         net (fo=10922, unset)        0.024    20.024    u_mem_adapter/aclk
                         FDRE                                         r  u_mem_adapter/line_consumed_bitmap_reg[19]/C
                         clock pessimism              0.000    20.024    
                         clock uncertainty           -0.035    19.989    
                         FDRE (Setup_FDRE_C_D)        0.027    20.016    u_mem_adapter/line_consumed_bitmap_reg[19]
  -------------------------------------------------------------------
                         required time                         20.016    
                         arrival time                         -14.579    
  -------------------------------------------------------------------
                         slack                                  5.437    

Slack (MET) :             5.437ns  (required time - arrival time)
  Source:                 u_memory_frontend/mem_word_index_reg[13]/C
                            (rising edge-triggered cell FDRE clocked by aclk  {rise@0.000ns fall@10.000ns period=20.000ns})
  Destination:            u_mem_adapter/line_consumed_bitmap_reg[1]/D
                            (rising edge-triggered cell FDRE clocked by aclk  {rise@0.000ns fall@10.000ns period=20.000ns})
  Path Group:             aclk
  Path Type:              Setup (Max at Slow Process Corner)
  Requirement:            20.000ns  (aclk rise@20.000ns - aclk rise@0.000ns)
  Data Path Delay:        14.544ns  (logic 4.216ns (28.988%)  route 10.328ns (71.012%))
  Logic Levels:           61  (CARRY8=19 LUT2=4 LUT3=2 LUT4=4 LUT5=5 LUT6=27)
  Clock Path Skew:        -0.011ns (DCD - SCD + CPR)
    Destination Clock Delay (DCD):    0.024ns = ( 20.024 - 20.000 ) 
    Source Clock Delay      (SCD):    0.035ns
    Clock Pessimism Removal (CPR):    0.000ns
  Clock Uncertainty:      0.035ns  ((TSJ^2 + TIJ^2)^1/2 + DJ) / 2 + PE
    Total System Jitter     (TSJ):    0.071ns
    Total Input Jitter      (TIJ):    0.000ns
    Discrete Jitter          (DJ):    0.000ns
    Phase Error              (PE):    0.000ns

    Location             Delay type                Incr(ns)  Path(ns)    Netlist Resource(s)
  -------------------------------------------------------------------    -------------------
                         (clock aclk rise edge)       0.000     0.000 r  
                                                      0.000     0.000 r  aclk (IN)
                         net (fo=10922, unset)        0.035     0.035    u_memory_frontend/aclk
                         FDRE                                         r  u_memory_frontend/mem_word_index_reg[13]/C
  -------------------------------------------------------------------    -------------------
                         FDRE (Prop_FDRE_C_Q)         0.096     0.131 f  u_memory_frontend/mem_word_index_reg[13]/Q
                         net (fo=88, unplaced)        0.241     0.372    u_memory_frontend/mem_word_index_u32[13]
                         LUT2 (Prop_LUT2_I1_O)        0.085     0.457 r  u_memory_frontend/profile_logical_read_word_o_INST_0_i_44/O
                         net (fo=7, unplaced)         0.239     0.696    u_memory_frontend/profile_logical_read_word_o_INST_0_i_44_n_0
                         LUT6 (Prop_LUT6_I4_O)        0.039     0.735 r  u_memory_frontend/profile_logical_read_word_o_INST_0_i_29/O
                         net (fo=117, unplaced)       0.303     1.038    u_memory_frontend/profile_logical_read_word_o_INST_0_i_29_n_0
                         LUT4 (Prop_LUT4_I0_O)        0.039     1.077 r  u_memory_frontend/req_fifo_contiguous_words[1][5]_i_11/O
                         net (fo=32, unplaced)        0.274     1.351    u_memory_frontend/req_fifo_contiguous_words[1][5]_i_11_n_0
                         LUT6 (Prop_LUT6_I0_O)        0.039     1.390 f  u_memory_frontend/req_fifo_word_address[1][15]_i_153/O
                         net (fo=2, unplaced)         0.214     1.604    u_memory_frontend/u_gemm_address_context/data1[5]
                         LUT6 (Prop_LUT6_I0_O)        0.039     1.643 f  u_memory_frontend/u_gemm_address_context/req_fifo_word_address[1][15]_i_120/O
                         net (fo=1, unplaced)         0.214     1.857    u_memory_frontend/u_gemm_address_context/req_fifo_word_address[1][15]_i_120_n_0
                         LUT6 (Prop_LUT6_I5_O)        0.039     1.896 r  u_memory_frontend/u_gemm_address_context/req_fifo_word_address[1][15]_i_66/O
                         net (fo=2, unplaced)         0.214     2.110    u_memory_frontend/u_gemm_address_context/req_fifo_word_address[1][15]_i_66_n_0
                         LUT3 (Prop_LUT3_I0_O)        0.085     2.195 f  u_memory_frontend/u_gemm_address_context/req_fifo_word_address[1][15]_i_31/O
                         net (fo=2, unplaced)         0.156     2.351    u_memory_frontend/u_gemm_address_context/req_fifo_word_address[1][15]_i_31_n_0
                         LUT6 (Prop_LUT6_I1_O)        0.064     2.415 r  u_memory_frontend/u_gemm_address_context/req_fifo_word_address[1][15]_i_8/O
                         net (fo=2, unplaced)         0.214     2.629    u_memory_frontend/u_gemm_address_context/req_fifo_word_address[1][15]_i_8_n_0
                         LUT5 (Prop_LUT5_I0_O)        0.039     2.668 r  u_memory_frontend/u_gemm_address_context/req_fifo_word_address[1][15]_i_16/O
                         net (fo=1, unplaced)         0.015     2.683    u_memory_frontend/u_gemm_address_context/req_fifo_word_address[1][15]_i_16_n_0
                         CARRY8 (Prop_CARRY8_S[4]_CO[7])
                                                      0.202     2.885 r  u_memory_frontend/u_gemm_address_context/req_fifo_word_address_reg[1][15]_i_3/CO[7]
                         net (fo=1, unplaced)         0.007     2.892    u_memory_frontend/u_gemm_address_context/req_fifo_word_address_reg[1][15]_i_3_n_0
                         CARRY8 (Prop_CARRY8_CI_CO[7])
                                                      0.030     2.922 r  u_memory_frontend/u_gemm_address_context/req_fifo_word_address_reg[1][23]_i_3/CO[7]
                         net (fo=1, unplaced)         0.007     2.929    u_memory_frontend/u_gemm_address_context/req_fifo_word_address_reg[1][23]_i_3_n_0
                         CARRY8 (Prop_CARRY8_CI_CO[7])
                                                      0.030     2.959 r  u_memory_frontend/u_gemm_address_context/req_fifo_word_address_reg[1][31]_i_4/CO[7]
                         net (fo=1, unplaced)         0.007     2.966    u_memory_frontend/u_gemm_address_context/req_fifo_word_address_reg[1][31]_i_4_n_0
                         CARRY8 (Prop_CARRY8_CI_CO[7])
                                                      0.030     2.996 r  u_memory_frontend/u_gemm_address_context/mem_state_reg[1]_i_12/CO[7]
                         net (fo=1, unplaced)         0.007     3.003    u_memory_frontend/u_gemm_address_context/mem_state_reg[1]_i_12_n_0
                         CARRY8 (Prop_CARRY8_CI_O[2])
                                                      0.086     3.089 r  u_memory_frontend/u_gemm_address_context/mem_state_reg[1]_i_33/O[2]
                         net (fo=1, unplaced)         0.215     3.304    u_memory_frontend/u_gemm_address_context/mem_state_reg[1]_i_33_n_13
                         LUT4 (Prop_LUT4_I3_O)        0.115     3.419 r  u_memory_frontend/u_gemm_address_context/mem_state[1]_i_115/O
                         net (fo=1, unplaced)         0.214     3.633    u_memory_frontend/u_gemm_address_context/mem_state[1]_i_115_n_0
                         LUT5 (Prop_LUT5_I4_O)        0.039     3.672 r  u_memory_frontend/u_gemm_address_context/mem_state[1]_i_70/O
                         net (fo=1, unplaced)         0.214     3.886    u_memory_frontend/u_gemm_address_context/mem_state[1]_i_70_n_0
                         LUT6 (Prop_LUT6_I5_O)        0.039     3.925 r  u_memory_frontend/u_gemm_address_context/mem_state[1]_i_34/O
                         net (fo=1, unplaced)         0.214     4.139    u_memory_frontend/u_gemm_address_context/mem_state[1]_i_34_n_0
                         LUT6 (Prop_LUT6_I4_O)        0.039     4.178 f  u_memory_frontend/u_gemm_address_context/mem_state[1]_i_13/O
                         net (fo=1, unplaced)         0.214     4.392    u_memory_frontend/u_gemm_address_context/mem_state[1]_i_13_n_0
                         LUT6 (Prop_LUT6_I2_O)        0.039     4.431 r  u_memory_frontend/u_gemm_address_context/mem_state[1]_i_8/O
                         net (fo=2, unplaced)         0.214     4.645    u_memory_frontend/u_gemm_address_context/mem_state[1]_i_8_n_0
                         LUT6 (Prop_LUT6_I5_O)        0.039     4.684 f  u_memory_frontend/u_gemm_address_context/req_fifo_contiguous_words[1][5]_i_6/O
                         net (fo=7, unplaced)         0.239     4.923    u_memory_frontend/u_gemm_address_context/req_fifo_contiguous_words[1][5]_i_6_n_0
                         LUT6 (Prop_LUT6_I0_O)        0.039     4.962 f  u_memory_frontend/u_gemm_address_context/profile_logical_read_word_o_INST_0_i_12/O
                         net (fo=4, unplaced)         0.226     5.188    u_memory_frontend/u_gemm_address_context/read_candidate_read_ahead_safe
                         LUT6 (Prop_LUT6_I5_O)        0.039     5.227 f  u_memory_frontend/u_gemm_address_context/profile_logical_read_word_o_INST_0_i_3/O
                         net (fo=8, unplaced)         0.242     5.469    u_memory_frontend/u_gemm_address_context/profile_logical_read_word_o_INST_0_i_3_n_0
                         LUT6 (Prop_LUT6_I4_O)        0.039     5.508 r  u_memory_frontend/u_gemm_address_context/req_fifo_count[1]_i_6/O
                         net (fo=10, unplaced)        0.189     5.697    u_mem_adapter/mem_req_valid
                         LUT6 (Prop_LUT6_I4_O)        0.064     5.761 r  u_mem_adapter/fill_start_word[3]_i_2/O
                         net (fo=116, unplaced)       0.303     6.064    u_mem_adapter/fill_start_word[3]_i_2_n_0
                         LUT5 (Prop_LUT5_I4_O)        0.039     6.103 r  u_mem_adapter/four_k_split_o_i_48/O
                         net (fo=4, unplaced)         0.226     6.329    u_mem_adapter/four_k_split_o_i_48_n_0
                         LUT6 (Prop_LUT6_I0_O)        0.039     6.368 r  u_mem_adapter/four_k_split_o_i_35/O
                         net (fo=1, unplaced)         0.018     6.386    u_mem_adapter/four_k_split_o_i_35_n_0
                         CARRY8 (Prop_CARRY8_S[0]_O[5])
                                                      0.295     6.681 f  u_mem_adapter/four_k_split_o_reg_i_11/O[5]
                         net (fo=7, unplaced)         0.187     6.868    u_mem_adapter/four_k_split_o_reg_i_11_n_10
                         LUT4 (Prop_LUT4_I0_O)        0.121     6.989 r  u_mem_adapter/four_k_split_o_i_59/O
                         net (fo=1, unplaced)         0.232     7.221    u_mem_adapter/four_k_split_o_i_59_n_0
                         CARRY8 (Prop_CARRY8_DI[2]_CO[7])
                                                      0.142     7.363 r  u_mem_adapter/four_k_split_o_reg_i_49/CO[7]
                         net (fo=1, unplaced)         0.007     7.370    u_mem_adapter/four_k_split_o_reg_i_49_n_0
                         CARRY8 (Prop_CARRY8_CI_CO[7])
                                                      0.030     7.400 r  u_mem_adapter/four_k_split_o_reg_i_36/CO[7]
                         net (fo=1, unplaced)         0.007     7.407    u_mem_adapter/four_k_split_o_reg_i_36_n_0
                         CARRY8 (Prop_CARRY8_CI_CO[0])
                                                      0.068     7.475 r  u_mem_adapter/four_k_split_o_reg_i_12/CO[0]
                         net (fo=13, unplaced)        0.253     7.728    u_mem_adapter/clamped_contiguous_words1
                         LUT6 (Prop_LUT6_I4_O)        0.039     7.767 r  u_mem_adapter/fill_desc_beats[0][0]_i_4/O
                         net (fo=8, unplaced)         0.242     8.009    u_mem_adapter/fill_desc_beats[0][0]_i_4_n_0
                         LUT5 (Prop_LUT5_I0_O)        0.085     8.094 r  u_mem_adapter/four_k_split_o_i_18/O
                         net (fo=3, unplaced)         0.220     8.314    u_mem_adapter/four_k_split_o_i_18_n_0
                         LUT6 (Prop_LUT6_I5_O)        0.039     8.353 r  u_mem_adapter/four_k_split_o_i_5/O
                         net (fo=2, unplaced)         0.259     8.612    u_mem_adapter/four_k_split_o_i_5_n_0
                         CARRY8 (Prop_CARRY8_DI[0]_CO[4])
                                                      0.229     8.841 r  u_mem_adapter/fill_desc_beats_reg[0][2]_i_3/CO[4]
                         net (fo=8, unplaced)         0.240     9.081    u_mem_adapter/fill_desc_beats_reg[0][2]_i_3_n_3
                         LUT6 (Prop_LUT6_I1_O)        0.039     9.120 r  u_mem_adapter/fill_desc_beats[0][0]_i_1/O
                         net (fo=22, unplaced)        0.265     9.385    u_mem_adapter/fill_desc_beats[0][0]_i_1_n_0
                         LUT2 (Prop_LUT2_I1_O)        0.040     9.425 r  u_mem_adapter/fill_desc_addr[1][10]_i_4/O
                         net (fo=1, unplaced)         0.017     9.442    u_mem_adapter/fill_desc_addr[1][10]_i_4_n_0
                         CARRY8 (Prop_CARRY8_S[1]_O[2])
                                                      0.144     9.586 r  u_mem_adapter/fill_desc_addr_reg[1][10]_i_1/O[2]
                         net (fo=6, unplaced)         0.236     9.822    u_mem_adapter/fill_desc_addr_reg[1][10]_i_1_n_13
                         LUT6 (Prop_LUT6_I0_O)        0.100     9.922 r  u_mem_adapter/fill_desc_beats[1][1]_i_3/O
                         net (fo=3, unplaced)         0.220    10.142    u_mem_adapter/fill_desc_beats[1][1]_i_3_n_0
                         LUT6 (Prop_LUT6_I5_O)        0.039    10.181 r  u_mem_adapter/fill_desc_beats[1][2]_i_25/O
                         net (fo=1, unplaced)         0.214    10.395    u_mem_adapter/fill_desc_beats[1][2]_i_25_n_0
                         LUT6 (Prop_LUT6_I0_O)        0.039    10.434 r  u_mem_adapter/fill_desc_beats[1][2]_i_18/O
                         net (fo=1, unplaced)         0.018    10.452    u_mem_adapter/fill_desc_beats[1][2]_i_18_n_0
                         CARRY8 (Prop_CARRY8_S[0]_CO[4])
                                                      0.266    10.718 r  u_mem_adapter/fill_desc_beats_reg[1][2]_i_5/CO[4]
                         net (fo=9, unplaced)         0.243    10.961    u_mem_adapter/planned_second_beats1
                         LUT6 (Prop_LUT6_I3_O)        0.039    11.000 r  u_mem_adapter/fill_desc_beats[1][0]_i_1/O
                         net (fo=15, unplaced)        0.256    11.256    u_mem_adapter/fill_desc_beats[1][0]_i_1_n_0
                         LUT2 (Prop_LUT2_I1_O)        0.085    11.341 r  u_mem_adapter/m_axi_arvalid_INST_0_i_227/O
                         net (fo=2, unplaced)         0.214    11.555    u_mem_adapter/m_axi_arvalid_INST_0_i_227_n_0
                         LUT6 (Prop_LUT6_I0_O)        0.039    11.594 r  u_mem_adapter/m_axi_arvalid_INST_0_i_216/O
                         net (fo=1, unplaced)         0.120    11.714    u_mem_adapter/m_axi_arvalid_INST_0_i_216_n_0
                         CARRY8 (Prop_CARRY8_DI[6]_CO[7])
                                                      0.081    11.795 r  u_mem_adapter/m_axi_arvalid_INST_0_i_206/CO[7]
                         net (fo=1, unplaced)         0.007    11.802    u_mem_adapter/m_axi_arvalid_INST_0_i_206_n_0
                         CARRY8 (Prop_CARRY8_CI_CO[7])
                                                      0.030    11.832 r  u_mem_adapter/m_axi_arvalid_INST_0_i_197/CO[7]
                         net (fo=1, unplaced)         0.007    11.839    u_mem_adapter/m_axi_arvalid_INST_0_i_197_n_0
                         CARRY8 (Prop_CARRY8_CI_CO[7])
                                                      0.030    11.869 r  u_mem_adapter/m_axi_arvalid_INST_0_i_173/CO[7]
                         net (fo=1, unplaced)         0.007    11.876    u_mem_adapter/m_axi_arvalid_INST_0_i_173_n_0
                         CARRY8 (Prop_CARRY8_CI_CO[7])
                                                      0.030    11.906 r  u_mem_adapter/m_axi_arvalid_INST_0_i_131/CO[7]
                         net (fo=1, unplaced)         0.007    11.913    u_mem_adapter/m_axi_arvalid_INST_0_i_131_n_0
                         CARRY8 (Prop_CARRY8_CI_CO[7])
                                                      0.030    11.943 r  u_mem_adapter/m_axi_arvalid_INST_0_i_92/CO[7]
                         net (fo=1, unplaced)         0.007    11.950    u_mem_adapter/m_axi_arvalid_INST_0_i_92_n_0
                         CARRY8 (Prop_CARRY8_CI_CO[7])
                                                      0.030    11.980 r  u_mem_adapter/m_axi_arvalid_INST_0_i_120/CO[7]
                         net (fo=1, unplaced)         0.007    11.987    u_mem_adapter/m_axi_arvalid_INST_0_i_120_n_0
                         CARRY8 (Prop_CARRY8_CI_O[4])
                                                      0.109    12.096 r  u_mem_adapter/m_axi_arvalid_INST_0_i_83/O[4]
                         net (fo=1, unplaced)         0.212    12.308    u_mem_adapter/planned_end_address_wide0[53]
                         LUT4 (Prop_LUT4_I1_O)        0.100    12.408 r  u_mem_adapter/m_axi_arvalid_INST_0_i_121/O
                         net (fo=1, unplaced)         0.214    12.622    u_mem_adapter/m_axi_arvalid_INST_0_i_121_n_0
                         LUT5 (Prop_LUT5_I4_O)        0.039    12.661 r  u_mem_adapter/m_axi_arvalid_INST_0_i_81/O
                         net (fo=1, unplaced)         0.214    12.875    u_mem_adapter/m_axi_arvalid_INST_0_i_81_n_0
                         LUT6 (Prop_LUT6_I4_O)        0.039    12.914 r  u_mem_adapter/m_axi_arvalid_INST_0_i_36/O
                         net (fo=1, unplaced)         0.214    13.128    u_mem_adapter/m_axi_arvalid_INST_0_i_36_n_0
                         LUT6 (Prop_LUT6_I1_O)        0.039    13.167 r  u_mem_adapter/m_axi_arvalid_INST_0_i_13/O
                         net (fo=2, unplaced)         0.156    13.323    u_mem_adapter/m_axi_arvalid_INST_0_i_13_n_0
                         LUT3 (Prop_LUT3_I0_O)        0.064    13.387 r  u_mem_adapter/m_axi_arvalid_INST_0_i_8/O
                         net (fo=2, unplaced)         0.214    13.601    u_mem_adapter/m_axi_arvalid_INST_0_i_8_n_0
                         LUT6 (Prop_LUT6_I0_O)        0.039    13.640 r  u_mem_adapter/m_axi_arvalid_INST_0_i_4/O
                         net (fo=8, unplaced)         0.184    13.824    u_mem_adapter/m_axi_arvalid_INST_0_i_4_n_0
                         LUT2 (Prop_LUT2_I1_O)        0.064    13.888 f  u_mem_adapter/linefill_start_o_i_1/O
                         net (fo=190, unplaced)       0.256    14.144    u_mem_adapter/linefill_start_o_i_1_n_0
                         LUT6 (Prop_LUT6_I1_O)        0.064    14.208 f  u_mem_adapter/line_consumed_bitmap[31]_i_4/O
                         net (fo=33, unplaced)        0.274    14.482    u_mem_adapter/line_valid
                         LUT6 (Prop_LUT6_I3_O)        0.039    14.521 r  u_mem_adapter/line_consumed_bitmap[1]_i_1/O
                         net (fo=1, unplaced)         0.058    14.579    u_mem_adapter/line_consumed_bitmap[1]_i_1_n_0
                         FDRE                                         r  u_mem_adapter/line_consumed_bitmap_reg[1]/D
  -------------------------------------------------------------------    -------------------

                         (clock aclk rise edge)      20.000    20.000 r  
                                                      0.000    20.000 r  aclk (IN)
                         net (fo=10922, unset)        0.024    20.024    u_mem_adapter/aclk
                         FDRE                                         r  u_mem_adapter/line_consumed_bitmap_reg[1]/C
                         clock pessimism              0.000    20.024    
                         clock uncertainty           -0.035    19.989    
                         FDRE (Setup_FDRE_C_D)        0.027    20.016    u_mem_adapter/line_consumed_bitmap_reg[1]
  -------------------------------------------------------------------
                         required time                         20.016    
                         arrival time                         -14.579    
  -------------------------------------------------------------------
                         slack                                  5.437    

Slack (MET) :             5.437ns  (required time - arrival time)
  Source:                 u_memory_frontend/mem_word_index_reg[13]/C
                            (rising edge-triggered cell FDRE clocked by aclk  {rise@0.000ns fall@10.000ns period=20.000ns})
  Destination:            u_mem_adapter/line_consumed_bitmap_reg[20]/D
                            (rising edge-triggered cell FDRE clocked by aclk  {rise@0.000ns fall@10.000ns period=20.000ns})
  Path Group:             aclk
  Path Type:              Setup (Max at Slow Process Corner)
  Requirement:            20.000ns  (aclk rise@20.000ns - aclk rise@0.000ns)
  Data Path Delay:        14.544ns  (logic 4.216ns (28.988%)  route 10.328ns (71.012%))
  Logic Levels:           61  (CARRY8=19 LUT2=4 LUT3=2 LUT4=4 LUT5=5 LUT6=27)
  Clock Path Skew:        -0.011ns (DCD - SCD + CPR)
    Destination Clock Delay (DCD):    0.024ns = ( 20.024 - 20.000 ) 
    Source Clock Delay      (SCD):    0.035ns
    Clock Pessimism Removal (CPR):    0.000ns
  Clock Uncertainty:      0.035ns  ((TSJ^2 + TIJ^2)^1/2 + DJ) / 2 + PE
    Total System Jitter     (TSJ):    0.071ns
    Total Input Jitter      (TIJ):    0.000ns
    Discrete Jitter          (DJ):    0.000ns
    Phase Error              (PE):    0.000ns

    Location             Delay type                Incr(ns)  Path(ns)    Netlist Resource(s)
  -------------------------------------------------------------------    -------------------
                         (clock aclk rise edge)       0.000     0.000 r  
                                                      0.000     0.000 r  aclk (IN)
                         net (fo=10922, unset)        0.035     0.035    u_memory_frontend/aclk
                         FDRE                                         r  u_memory_frontend/mem_word_index_reg[13]/C
  -------------------------------------------------------------------    -------------------
                         FDRE (Prop_FDRE_C_Q)         0.096     0.131 f  u_memory_frontend/mem_word_index_reg[13]/Q
                         net (fo=88, unplaced)        0.241     0.372    u_memory_frontend/mem_word_index_u32[13]
                         LUT2 (Prop_LUT2_I1_O)        0.085     0.457 r  u_memory_frontend/profile_logical_read_word_o_INST_0_i_44/O
                         net (fo=7, unplaced)         0.239     0.696    u_memory_frontend/profile_logical_read_word_o_INST_0_i_44_n_0
                         LUT6 (Prop_LUT6_I4_O)        0.039     0.735 r  u_memory_frontend/profile_logical_read_word_o_INST_0_i_29/O
                         net (fo=117, unplaced)       0.303     1.038    u_memory_frontend/profile_logical_read_word_o_INST_0_i_29_n_0
                         LUT4 (Prop_LUT4_I0_O)        0.039     1.077 r  u_memory_frontend/req_fifo_contiguous_words[1][5]_i_11/O
                         net (fo=32, unplaced)        0.274     1.351    u_memory_frontend/req_fifo_contiguous_words[1][5]_i_11_n_0
                         LUT6 (Prop_LUT6_I0_O)        0.039     1.390 f  u_memory_frontend/req_fifo_word_address[1][15]_i_153/O
                         net (fo=2, unplaced)         0.214     1.604    u_memory_frontend/u_gemm_address_context/data1[5]
                         LUT6 (Prop_LUT6_I0_O)        0.039     1.643 f  u_memory_frontend/u_gemm_address_context/req_fifo_word_address[1][15]_i_120/O
                         net (fo=1, unplaced)         0.214     1.857    u_memory_frontend/u_gemm_address_context/req_fifo_word_address[1][15]_i_120_n_0
                         LUT6 (Prop_LUT6_I5_O)        0.039     1.896 r  u_memory_frontend/u_gemm_address_context/req_fifo_word_address[1][15]_i_66/O
                         net (fo=2, unplaced)         0.214     2.110    u_memory_frontend/u_gemm_address_context/req_fifo_word_address[1][15]_i_66_n_0
                         LUT3 (Prop_LUT3_I0_O)        0.085     2.195 f  u_memory_frontend/u_gemm_address_context/req_fifo_word_address[1][15]_i_31/O
                         net (fo=2, unplaced)         0.156     2.351    u_memory_frontend/u_gemm_address_context/req_fifo_word_address[1][15]_i_31_n_0
                         LUT6 (Prop_LUT6_I1_O)        0.064     2.415 r  u_memory_frontend/u_gemm_address_context/req_fifo_word_address[1][15]_i_8/O
                         net (fo=2, unplaced)         0.214     2.629    u_memory_frontend/u_gemm_address_context/req_fifo_word_address[1][15]_i_8_n_0
                         LUT5 (Prop_LUT5_I0_O)        0.039     2.668 r  u_memory_frontend/u_gemm_address_context/req_fifo_word_address[1][15]_i_16/O
                         net (fo=1, unplaced)         0.015     2.683    u_memory_frontend/u_gemm_address_context/req_fifo_word_address[1][15]_i_16_n_0
                         CARRY8 (Prop_CARRY8_S[4]_CO[7])
                                                      0.202     2.885 r  u_memory_frontend/u_gemm_address_context/req_fifo_word_address_reg[1][15]_i_3/CO[7]
                         net (fo=1, unplaced)         0.007     2.892    u_memory_frontend/u_gemm_address_context/req_fifo_word_address_reg[1][15]_i_3_n_0
                         CARRY8 (Prop_CARRY8_CI_CO[7])
                                                      0.030     2.922 r  u_memory_frontend/u_gemm_address_context/req_fifo_word_address_reg[1][23]_i_3/CO[7]
                         net (fo=1, unplaced)         0.007     2.929    u_memory_frontend/u_gemm_address_context/req_fifo_word_address_reg[1][23]_i_3_n_0
                         CARRY8 (Prop_CARRY8_CI_CO[7])
                                                      0.030     2.959 r  u_memory_frontend/u_gemm_address_context/req_fifo_word_address_reg[1][31]_i_4/CO[7]
                         net (fo=1, unplaced)         0.007     2.966    u_memory_frontend/u_gemm_address_context/req_fifo_word_address_reg[1][31]_i_4_n_0
                         CARRY8 (Prop_CARRY8_CI_CO[7])
                                                      0.030     2.996 r  u_memory_frontend/u_gemm_address_context/mem_state_reg[1]_i_12/CO[7]
                         net (fo=1, unplaced)         0.007     3.003    u_memory_frontend/u_gemm_address_context/mem_state_reg[1]_i_12_n_0
                         CARRY8 (Prop_CARRY8_CI_O[2])
                                                      0.086     3.089 r  u_memory_frontend/u_gemm_address_context/mem_state_reg[1]_i_33/O[2]
                         net (fo=1, unplaced)         0.215     3.304    u_memory_frontend/u_gemm_address_context/mem_state_reg[1]_i_33_n_13
                         LUT4 (Prop_LUT4_I3_O)        0.115     3.419 r  u_memory_frontend/u_gemm_address_context/mem_state[1]_i_115/O
                         net (fo=1, unplaced)         0.214     3.633    u_memory_frontend/u_gemm_address_context/mem_state[1]_i_115_n_0
                         LUT5 (Prop_LUT5_I4_O)        0.039     3.672 r  u_memory_frontend/u_gemm_address_context/mem_state[1]_i_70/O
                         net (fo=1, unplaced)         0.214     3.886    u_memory_frontend/u_gemm_address_context/mem_state[1]_i_70_n_0
                         LUT6 (Prop_LUT6_I5_O)        0.039     3.925 r  u_memory_frontend/u_gemm_address_context/mem_state[1]_i_34/O
                         net (fo=1, unplaced)         0.214     4.139    u_memory_frontend/u_gemm_address_context/mem_state[1]_i_34_n_0
                         LUT6 (Prop_LUT6_I4_O)        0.039     4.178 f  u_memory_frontend/u_gemm_address_context/mem_state[1]_i_13/O
                         net (fo=1, unplaced)         0.214     4.392    u_memory_frontend/u_gemm_address_context/mem_state[1]_i_13_n_0
                         LUT6 (Prop_LUT6_I2_O)        0.039     4.431 r  u_memory_frontend/u_gemm_address_context/mem_state[1]_i_8/O
                         net (fo=2, unplaced)         0.214     4.645    u_memory_frontend/u_gemm_address_context/mem_state[1]_i_8_n_0
                         LUT6 (Prop_LUT6_I5_O)        0.039     4.684 f  u_memory_frontend/u_gemm_address_context/req_fifo_contiguous_words[1][5]_i_6/O
                         net (fo=7, unplaced)         0.239     4.923    u_memory_frontend/u_gemm_address_context/req_fifo_contiguous_words[1][5]_i_6_n_0
                         LUT6 (Prop_LUT6_I0_O)        0.039     4.962 f  u_memory_frontend/u_gemm_address_context/profile_logical_read_word_o_INST_0_i_12/O
                         net (fo=4, unplaced)         0.226     5.188    u_memory_frontend/u_gemm_address_context/read_candidate_read_ahead_safe
                         LUT6 (Prop_LUT6_I5_O)        0.039     5.227 f  u_memory_frontend/u_gemm_address_context/profile_logical_read_word_o_INST_0_i_3/O
                         net (fo=8, unplaced)         0.242     5.469    u_memory_frontend/u_gemm_address_context/profile_logical_read_word_o_INST_0_i_3_n_0
                         LUT6 (Prop_LUT6_I4_O)        0.039     5.508 r  u_memory_frontend/u_gemm_address_context/req_fifo_count[1]_i_6/O
                         net (fo=10, unplaced)        0.189     5.697    u_mem_adapter/mem_req_valid
                         LUT6 (Prop_LUT6_I4_O)        0.064     5.761 r  u_mem_adapter/fill_start_word[3]_i_2/O
                         net (fo=116, unplaced)       0.303     6.064    u_mem_adapter/fill_start_word[3]_i_2_n_0
                         LUT5 (Prop_LUT5_I4_O)        0.039     6.103 r  u_mem_adapter/four_k_split_o_i_48/O
                         net (fo=4, unplaced)         0.226     6.329    u_mem_adapter/four_k_split_o_i_48_n_0
                         LUT6 (Prop_LUT6_I0_O)        0.039     6.368 r  u_mem_adapter/four_k_split_o_i_35/O
                         net (fo=1, unplaced)         0.018     6.386    u_mem_adapter/four_k_split_o_i_35_n_0
                         CARRY8 (Prop_CARRY8_S[0]_O[5])
                                                      0.295     6.681 f  u_mem_adapter/four_k_split_o_reg_i_11/O[5]
                         net (fo=7, unplaced)         0.187     6.868    u_mem_adapter/four_k_split_o_reg_i_11_n_10
                         LUT4 (Prop_LUT4_I0_O)        0.121     6.989 r  u_mem_adapter/four_k_split_o_i_59/O
                         net (fo=1, unplaced)         0.232     7.221    u_mem_adapter/four_k_split_o_i_59_n_0
                         CARRY8 (Prop_CARRY8_DI[2]_CO[7])
                                                      0.142     7.363 r  u_mem_adapter/four_k_split_o_reg_i_49/CO[7]
                         net (fo=1, unplaced)         0.007     7.370    u_mem_adapter/four_k_split_o_reg_i_49_n_0
                         CARRY8 (Prop_CARRY8_CI_CO[7])
                                                      0.030     7.400 r  u_mem_adapter/four_k_split_o_reg_i_36/CO[7]
                         net (fo=1, unplaced)         0.007     7.407    u_mem_adapter/four_k_split_o_reg_i_36_n_0
                         CARRY8 (Prop_CARRY8_CI_CO[0])
                                                      0.068     7.475 r  u_mem_adapter/four_k_split_o_reg_i_12/CO[0]
                         net (fo=13, unplaced)        0.253     7.728    u_mem_adapter/clamped_contiguous_words1
                         LUT6 (Prop_LUT6_I4_O)        0.039     7.767 r  u_mem_adapter/fill_desc_beats[0][0]_i_4/O
                         net (fo=8, unplaced)         0.242     8.009    u_mem_adapter/fill_desc_beats[0][0]_i_4_n_0
                         LUT5 (Prop_LUT5_I0_O)        0.085     8.094 r  u_mem_adapter/four_k_split_o_i_18/O
                         net (fo=3, unplaced)         0.220     8.314    u_mem_adapter/four_k_split_o_i_18_n_0
                         LUT6 (Prop_LUT6_I5_O)        0.039     8.353 r  u_mem_adapter/four_k_split_o_i_5/O
                         net (fo=2, unplaced)         0.259     8.612    u_mem_adapter/four_k_split_o_i_5_n_0
                         CARRY8 (Prop_CARRY8_DI[0]_CO[4])
                                                      0.229     8.841 r  u_mem_adapter/fill_desc_beats_reg[0][2]_i_3/CO[4]
                         net (fo=8, unplaced)         0.240     9.081    u_mem_adapter/fill_desc_beats_reg[0][2]_i_3_n_3
                         LUT6 (Prop_LUT6_I1_O)        0.039     9.120 r  u_mem_adapter/fill_desc_beats[0][0]_i_1/O
                         net (fo=22, unplaced)        0.265     9.385    u_mem_adapter/fill_desc_beats[0][0]_i_1_n_0
                         LUT2 (Prop_LUT2_I1_O)        0.040     9.425 r  u_mem_adapter/fill_desc_addr[1][10]_i_4/O
                         net (fo=1, unplaced)         0.017     9.442    u_mem_adapter/fill_desc_addr[1][10]_i_4_n_0
                         CARRY8 (Prop_CARRY8_S[1]_O[2])
                                                      0.144     9.586 r  u_mem_adapter/fill_desc_addr_reg[1][10]_i_1/O[2]
                         net (fo=6, unplaced)         0.236     9.822    u_mem_adapter/fill_desc_addr_reg[1][10]_i_1_n_13
                         LUT6 (Prop_LUT6_I0_O)        0.100     9.922 r  u_mem_adapter/fill_desc_beats[1][1]_i_3/O
                         net (fo=3, unplaced)         0.220    10.142    u_mem_adapter/fill_desc_beats[1][1]_i_3_n_0
                         LUT6 (Prop_LUT6_I5_O)        0.039    10.181 r  u_mem_adapter/fill_desc_beats[1][2]_i_25/O
                         net (fo=1, unplaced)         0.214    10.395    u_mem_adapter/fill_desc_beats[1][2]_i_25_n_0
                         LUT6 (Prop_LUT6_I0_O)        0.039    10.434 r  u_mem_adapter/fill_desc_beats[1][2]_i_18/O
                         net (fo=1, unplaced)         0.018    10.452    u_mem_adapter/fill_desc_beats[1][2]_i_18_n_0
                         CARRY8 (Prop_CARRY8_S[0]_CO[4])
                                                      0.266    10.718 r  u_mem_adapter/fill_desc_beats_reg[1][2]_i_5/CO[4]
                         net (fo=9, unplaced)         0.243    10.961    u_mem_adapter/planned_second_beats1
                         LUT6 (Prop_LUT6_I3_O)        0.039    11.000 r  u_mem_adapter/fill_desc_beats[1][0]_i_1/O
                         net (fo=15, unplaced)        0.256    11.256    u_mem_adapter/fill_desc_beats[1][0]_i_1_n_0
                         LUT2 (Prop_LUT2_I1_O)        0.085    11.341 r  u_mem_adapter/m_axi_arvalid_INST_0_i_227/O
                         net (fo=2, unplaced)         0.214    11.555    u_mem_adapter/m_axi_arvalid_INST_0_i_227_n_0
                         LUT6 (Prop_LUT6_I0_O)        0.039    11.594 r  u_mem_adapter/m_axi_arvalid_INST_0_i_216/O
                         net (fo=1, unplaced)         0.120    11.714    u_mem_adapter/m_axi_arvalid_INST_0_i_216_n_0
                         CARRY8 (Prop_CARRY8_DI[6]_CO[7])
                                                      0.081    11.795 r  u_mem_adapter/m_axi_arvalid_INST_0_i_206/CO[7]
                         net (fo=1, unplaced)         0.007    11.802    u_mem_adapter/m_axi_arvalid_INST_0_i_206_n_0
                         CARRY8 (Prop_CARRY8_CI_CO[7])
                                                      0.030    11.832 r  u_mem_adapter/m_axi_arvalid_INST_0_i_197/CO[7]
                         net (fo=1, unplaced)         0.007    11.839    u_mem_adapter/m_axi_arvalid_INST_0_i_197_n_0
                         CARRY8 (Prop_CARRY8_CI_CO[7])
                                                      0.030    11.869 r  u_mem_adapter/m_axi_arvalid_INST_0_i_173/CO[7]
                         net (fo=1, unplaced)         0.007    11.876    u_mem_adapter/m_axi_arvalid_INST_0_i_173_n_0
                         CARRY8 (Prop_CARRY8_CI_CO[7])
                                                      0.030    11.906 r  u_mem_adapter/m_axi_arvalid_INST_0_i_131/CO[7]
                         net (fo=1, unplaced)         0.007    11.913    u_mem_adapter/m_axi_arvalid_INST_0_i_131_n_0
                         CARRY8 (Prop_CARRY8_CI_CO[7])
                                                      0.030    11.943 r  u_mem_adapter/m_axi_arvalid_INST_0_i_92/CO[7]
                         net (fo=1, unplaced)         0.007    11.950    u_mem_adapter/m_axi_arvalid_INST_0_i_92_n_0
                         CARRY8 (Prop_CARRY8_CI_CO[7])
                                                      0.030    11.980 r  u_mem_adapter/m_axi_arvalid_INST_0_i_120/CO[7]
                         net (fo=1, unplaced)         0.007    11.987    u_mem_adapter/m_axi_arvalid_INST_0_i_120_n_0
                         CARRY8 (Prop_CARRY8_CI_O[4])
                                                      0.109    12.096 r  u_mem_adapter/m_axi_arvalid_INST_0_i_83/O[4]
                         net (fo=1, unplaced)         0.212    12.308    u_mem_adapter/planned_end_address_wide0[53]
                         LUT4 (Prop_LUT4_I1_O)        0.100    12.408 r  u_mem_adapter/m_axi_arvalid_INST_0_i_121/O
                         net (fo=1, unplaced)         0.214    12.622    u_mem_adapter/m_axi_arvalid_INST_0_i_121_n_0
                         LUT5 (Prop_LUT5_I4_O)        0.039    12.661 r  u_mem_adapter/m_axi_arvalid_INST_0_i_81/O
                         net (fo=1, unplaced)         0.214    12.875    u_mem_adapter/m_axi_arvalid_INST_0_i_81_n_0
                         LUT6 (Prop_LUT6_I4_O)        0.039    12.914 r  u_mem_adapter/m_axi_arvalid_INST_0_i_36/O
                         net (fo=1, unplaced)         0.214    13.128    u_mem_adapter/m_axi_arvalid_INST_0_i_36_n_0
                         LUT6 (Prop_LUT6_I1_O)        0.039    13.167 r  u_mem_adapter/m_axi_arvalid_INST_0_i_13/O
                         net (fo=2, unplaced)         0.156    13.323    u_mem_adapter/m_axi_arvalid_INST_0_i_13_n_0
                         LUT3 (Prop_LUT3_I0_O)        0.064    13.387 r  u_mem_adapter/m_axi_arvalid_INST_0_i_8/O
                         net (fo=2, unplaced)         0.214    13.601    u_mem_adapter/m_axi_arvalid_INST_0_i_8_n_0
                         LUT6 (Prop_LUT6_I0_O)        0.039    13.640 r  u_mem_adapter/m_axi_arvalid_INST_0_i_4/O
                         net (fo=8, unplaced)         0.184    13.824    u_mem_adapter/m_axi_arvalid_INST_0_i_4_n_0
                         LUT2 (Prop_LUT2_I1_O)        0.064    13.888 f  u_mem_adapter/linefill_start_o_i_1/O
                         net (fo=190, unplaced)       0.256    14.144    u_mem_adapter/linefill_start_o_i_1_n_0
                         LUT6 (Prop_LUT6_I1_O)        0.064    14.208 f  u_mem_adapter/line_consumed_bitmap[31]_i_4/O
                         net (fo=33, unplaced)        0.274    14.482    u_mem_adapter/line_valid
                         LUT6 (Prop_LUT6_I3_O)        0.039    14.521 r  u_mem_adapter/line_consumed_bitmap[20]_i_1/O
                         net (fo=1, unplaced)         0.058    14.579    u_mem_adapter/line_consumed_bitmap[20]_i_1_n_0
                         FDRE                                         r  u_mem_adapter/line_consumed_bitmap_reg[20]/D
  -------------------------------------------------------------------    -------------------

                         (clock aclk rise edge)      20.000    20.000 r  
                                                      0.000    20.000 r  aclk (IN)
                         net (fo=10922, unset)        0.024    20.024    u_mem_adapter/aclk
                         FDRE                                         r  u_mem_adapter/line_consumed_bitmap_reg[20]/C
                         clock pessimism              0.000    20.024    
                         clock uncertainty           -0.035    19.989    
                         FDRE (Setup_FDRE_C_D)        0.027    20.016    u_mem_adapter/line_consumed_bitmap_reg[20]
  -------------------------------------------------------------------
                         required time                         20.016    
                         arrival time                         -14.579    
  -------------------------------------------------------------------
                         slack                                  5.437    

Slack (MET) :             5.437ns  (required time - arrival time)
  Source:                 u_memory_frontend/mem_word_index_reg[13]/C
                            (rising edge-triggered cell FDRE clocked by aclk  {rise@0.000ns fall@10.000ns period=20.000ns})
  Destination:            u_mem_adapter/line_consumed_bitmap_reg[21]/D
                            (rising edge-triggered cell FDRE clocked by aclk  {rise@0.000ns fall@10.000ns period=20.000ns})
  Path Group:             aclk
  Path Type:              Setup (Max at Slow Process Corner)
  Requirement:            20.000ns  (aclk rise@20.000ns - aclk rise@0.000ns)
  Data Path Delay:        14.544ns  (logic 4.216ns (28.988%)  route 10.328ns (71.012%))
  Logic Levels:           61  (CARRY8=19 LUT2=4 LUT3=2 LUT4=4 LUT5=5 LUT6=27)
  Clock Path Skew:        -0.011ns (DCD - SCD + CPR)
    Destination Clock Delay (DCD):    0.024ns = ( 20.024 - 20.000 ) 
    Source Clock Delay      (SCD):    0.035ns
    Clock Pessimism Removal (CPR):    0.000ns
  Clock Uncertainty:      0.035ns  ((TSJ^2 + TIJ^2)^1/2 + DJ) / 2 + PE
    Total System Jitter     (TSJ):    0.071ns
    Total Input Jitter      (TIJ):    0.000ns
    Discrete Jitter          (DJ):    0.000ns
    Phase Error              (PE):    0.000ns

    Location             Delay type                Incr(ns)  Path(ns)    Netlist Resource(s)
  -------------------------------------------------------------------    -------------------
                         (clock aclk rise edge)       0.000     0.000 r  
                                                      0.000     0.000 r  aclk (IN)
                         net (fo=10922, unset)        0.035     0.035    u_memory_frontend/aclk
                         FDRE                                         r  u_memory_frontend/mem_word_index_reg[13]/C
  -------------------------------------------------------------------    -------------------
                         FDRE (Prop_FDRE_C_Q)         0.096     0.131 f  u_memory_frontend/mem_word_index_reg[13]/Q
                         net (fo=88, unplaced)        0.241     0.372    u_memory_frontend/mem_word_index_u32[13]
                         LUT2 (Prop_LUT2_I1_O)        0.085     0.457 r  u_memory_frontend/profile_logical_read_word_o_INST_0_i_44/O
                         net (fo=7, unplaced)         0.239     0.696    u_memory_frontend/profile_logical_read_word_o_INST_0_i_44_n_0
                         LUT6 (Prop_LUT6_I4_O)        0.039     0.735 r  u_memory_frontend/profile_logical_read_word_o_INST_0_i_29/O
                         net (fo=117, unplaced)       0.303     1.038    u_memory_frontend/profile_logical_read_word_o_INST_0_i_29_n_0
                         LUT4 (Prop_LUT4_I0_O)        0.039     1.077 r  u_memory_frontend/req_fifo_contiguous_words[1][5]_i_11/O
                         net (fo=32, unplaced)        0.274     1.351    u_memory_frontend/req_fifo_contiguous_words[1][5]_i_11_n_0
                         LUT6 (Prop_LUT6_I0_O)        0.039     1.390 f  u_memory_frontend/req_fifo_word_address[1][15]_i_153/O
                         net (fo=2, unplaced)         0.214     1.604    u_memory_frontend/u_gemm_address_context/data1[5]
                         LUT6 (Prop_LUT6_I0_O)        0.039     1.643 f  u_memory_frontend/u_gemm_address_context/req_fifo_word_address[1][15]_i_120/O
                         net (fo=1, unplaced)         0.214     1.857    u_memory_frontend/u_gemm_address_context/req_fifo_word_address[1][15]_i_120_n_0
                         LUT6 (Prop_LUT6_I5_O)        0.039     1.896 r  u_memory_frontend/u_gemm_address_context/req_fifo_word_address[1][15]_i_66/O
                         net (fo=2, unplaced)         0.214     2.110    u_memory_frontend/u_gemm_address_context/req_fifo_word_address[1][15]_i_66_n_0
                         LUT3 (Prop_LUT3_I0_O)        0.085     2.195 f  u_memory_frontend/u_gemm_address_context/req_fifo_word_address[1][15]_i_31/O
                         net (fo=2, unplaced)         0.156     2.351    u_memory_frontend/u_gemm_address_context/req_fifo_word_address[1][15]_i_31_n_0
                         LUT6 (Prop_LUT6_I1_O)        0.064     2.415 r  u_memory_frontend/u_gemm_address_context/req_fifo_word_address[1][15]_i_8/O
                         net (fo=2, unplaced)         0.214     2.629    u_memory_frontend/u_gemm_address_context/req_fifo_word_address[1][15]_i_8_n_0
                         LUT5 (Prop_LUT5_I0_O)        0.039     2.668 r  u_memory_frontend/u_gemm_address_context/req_fifo_word_address[1][15]_i_16/O
                         net (fo=1, unplaced)         0.015     2.683    u_memory_frontend/u_gemm_address_context/req_fifo_word_address[1][15]_i_16_n_0
                         CARRY8 (Prop_CARRY8_S[4]_CO[7])
                                                      0.202     2.885 r  u_memory_frontend/u_gemm_address_context/req_fifo_word_address_reg[1][15]_i_3/CO[7]
                         net (fo=1, unplaced)         0.007     2.892    u_memory_frontend/u_gemm_address_context/req_fifo_word_address_reg[1][15]_i_3_n_0
                         CARRY8 (Prop_CARRY8_CI_CO[7])
                                                      0.030     2.922 r  u_memory_frontend/u_gemm_address_context/req_fifo_word_address_reg[1][23]_i_3/CO[7]
                         net (fo=1, unplaced)         0.007     2.929    u_memory_frontend/u_gemm_address_context/req_fifo_word_address_reg[1][23]_i_3_n_0
                         CARRY8 (Prop_CARRY8_CI_CO[7])
                                                      0.030     2.959 r  u_memory_frontend/u_gemm_address_context/req_fifo_word_address_reg[1][31]_i_4/CO[7]
                         net (fo=1, unplaced)         0.007     2.966    u_memory_frontend/u_gemm_address_context/req_fifo_word_address_reg[1][31]_i_4_n_0
                         CARRY8 (Prop_CARRY8_CI_CO[7])
                                                      0.030     2.996 r  u_memory_frontend/u_gemm_address_context/mem_state_reg[1]_i_12/CO[7]
                         net (fo=1, unplaced)         0.007     3.003    u_memory_frontend/u_gemm_address_context/mem_state_reg[1]_i_12_n_0
                         CARRY8 (Prop_CARRY8_CI_O[2])
                                                      0.086     3.089 r  u_memory_frontend/u_gemm_address_context/mem_state_reg[1]_i_33/O[2]
                         net (fo=1, unplaced)         0.215     3.304    u_memory_frontend/u_gemm_address_context/mem_state_reg[1]_i_33_n_13
                         LUT4 (Prop_LUT4_I3_O)        0.115     3.419 r  u_memory_frontend/u_gemm_address_context/mem_state[1]_i_115/O
                         net (fo=1, unplaced)         0.214     3.633    u_memory_frontend/u_gemm_address_context/mem_state[1]_i_115_n_0
                         LUT5 (Prop_LUT5_I4_O)        0.039     3.672 r  u_memory_frontend/u_gemm_address_context/mem_state[1]_i_70/O
                         net (fo=1, unplaced)         0.214     3.886    u_memory_frontend/u_gemm_address_context/mem_state[1]_i_70_n_0
                         LUT6 (Prop_LUT6_I5_O)        0.039     3.925 r  u_memory_frontend/u_gemm_address_context/mem_state[1]_i_34/O
                         net (fo=1, unplaced)         0.214     4.139    u_memory_frontend/u_gemm_address_context/mem_state[1]_i_34_n_0
                         LUT6 (Prop_LUT6_I4_O)        0.039     4.178 f  u_memory_frontend/u_gemm_address_context/mem_state[1]_i_13/O
                         net (fo=1, unplaced)         0.214     4.392    u_memory_frontend/u_gemm_address_context/mem_state[1]_i_13_n_0
                         LUT6 (Prop_LUT6_I2_O)        0.039     4.431 r  u_memory_frontend/u_gemm_address_context/mem_state[1]_i_8/O
                         net (fo=2, unplaced)         0.214     4.645    u_memory_frontend/u_gemm_address_context/mem_state[1]_i_8_n_0
                         LUT6 (Prop_LUT6_I5_O)        0.039     4.684 f  u_memory_frontend/u_gemm_address_context/req_fifo_contiguous_words[1][5]_i_6/O
                         net (fo=7, unplaced)         0.239     4.923    u_memory_frontend/u_gemm_address_context/req_fifo_contiguous_words[1][5]_i_6_n_0
                         LUT6 (Prop_LUT6_I0_O)        0.039     4.962 f  u_memory_frontend/u_gemm_address_context/profile_logical_read_word_o_INST_0_i_12/O
                         net (fo=4, unplaced)         0.226     5.188    u_memory_frontend/u_gemm_address_context/read_candidate_read_ahead_safe
                         LUT6 (Prop_LUT6_I5_O)        0.039     5.227 f  u_memory_frontend/u_gemm_address_context/profile_logical_read_word_o_INST_0_i_3/O
                         net (fo=8, unplaced)         0.242     5.469    u_memory_frontend/u_gemm_address_context/profile_logical_read_word_o_INST_0_i_3_n_0
                         LUT6 (Prop_LUT6_I4_O)        0.039     5.508 r  u_memory_frontend/u_gemm_address_context/req_fifo_count[1]_i_6/O
                         net (fo=10, unplaced)        0.189     5.697    u_mem_adapter/mem_req_valid
                         LUT6 (Prop_LUT6_I4_O)        0.064     5.761 r  u_mem_adapter/fill_start_word[3]_i_2/O
                         net (fo=116, unplaced)       0.303     6.064    u_mem_adapter/fill_start_word[3]_i_2_n_0
                         LUT5 (Prop_LUT5_I4_O)        0.039     6.103 r  u_mem_adapter/four_k_split_o_i_48/O
                         net (fo=4, unplaced)         0.226     6.329    u_mem_adapter/four_k_split_o_i_48_n_0
                         LUT6 (Prop_LUT6_I0_O)        0.039     6.368 r  u_mem_adapter/four_k_split_o_i_35/O
                         net (fo=1, unplaced)         0.018     6.386    u_mem_adapter/four_k_split_o_i_35_n_0
                         CARRY8 (Prop_CARRY8_S[0]_O[5])
                                                      0.295     6.681 f  u_mem_adapter/four_k_split_o_reg_i_11/O[5]
                         net (fo=7, unplaced)         0.187     6.868    u_mem_adapter/four_k_split_o_reg_i_11_n_10
                         LUT4 (Prop_LUT4_I0_O)        0.121     6.989 r  u_mem_adapter/four_k_split_o_i_59/O
                         net (fo=1, unplaced)         0.232     7.221    u_mem_adapter/four_k_split_o_i_59_n_0
                         CARRY8 (Prop_CARRY8_DI[2]_CO[7])
                                                      0.142     7.363 r  u_mem_adapter/four_k_split_o_reg_i_49/CO[7]
                         net (fo=1, unplaced)         0.007     7.370    u_mem_adapter/four_k_split_o_reg_i_49_n_0
                         CARRY8 (Prop_CARRY8_CI_CO[7])
                                                      0.030     7.400 r  u_mem_adapter/four_k_split_o_reg_i_36/CO[7]
                         net (fo=1, unplaced)         0.007     7.407    u_mem_adapter/four_k_split_o_reg_i_36_n_0
                         CARRY8 (Prop_CARRY8_CI_CO[0])
                                                      0.068     7.475 r  u_mem_adapter/four_k_split_o_reg_i_12/CO[0]
                         net (fo=13, unplaced)        0.253     7.728    u_mem_adapter/clamped_contiguous_words1
                         LUT6 (Prop_LUT6_I4_O)        0.039     7.767 r  u_mem_adapter/fill_desc_beats[0][0]_i_4/O
                         net (fo=8, unplaced)         0.242     8.009    u_mem_adapter/fill_desc_beats[0][0]_i_4_n_0
                         LUT5 (Prop_LUT5_I0_O)        0.085     8.094 r  u_mem_adapter/four_k_split_o_i_18/O
                         net (fo=3, unplaced)         0.220     8.314    u_mem_adapter/four_k_split_o_i_18_n_0
                         LUT6 (Prop_LUT6_I5_O)        0.039     8.353 r  u_mem_adapter/four_k_split_o_i_5/O
                         net (fo=2, unplaced)         0.259     8.612    u_mem_adapter/four_k_split_o_i_5_n_0
                         CARRY8 (Prop_CARRY8_DI[0]_CO[4])
                                                      0.229     8.841 r  u_mem_adapter/fill_desc_beats_reg[0][2]_i_3/CO[4]
                         net (fo=8, unplaced)         0.240     9.081    u_mem_adapter/fill_desc_beats_reg[0][2]_i_3_n_3
                         LUT6 (Prop_LUT6_I1_O)        0.039     9.120 r  u_mem_adapter/fill_desc_beats[0][0]_i_1/O
                         net (fo=22, unplaced)        0.265     9.385    u_mem_adapter/fill_desc_beats[0][0]_i_1_n_0
                         LUT2 (Prop_LUT2_I1_O)        0.040     9.425 r  u_mem_adapter/fill_desc_addr[1][10]_i_4/O
                         net (fo=1, unplaced)         0.017     9.442    u_mem_adapter/fill_desc_addr[1][10]_i_4_n_0
                         CARRY8 (Prop_CARRY8_S[1]_O[2])
                                                      0.144     9.586 r  u_mem_adapter/fill_desc_addr_reg[1][10]_i_1/O[2]
                         net (fo=6, unplaced)         0.236     9.822    u_mem_adapter/fill_desc_addr_reg[1][10]_i_1_n_13
                         LUT6 (Prop_LUT6_I0_O)        0.100     9.922 r  u_mem_adapter/fill_desc_beats[1][1]_i_3/O
                         net (fo=3, unplaced)         0.220    10.142    u_mem_adapter/fill_desc_beats[1][1]_i_3_n_0
                         LUT6 (Prop_LUT6_I5_O)        0.039    10.181 r  u_mem_adapter/fill_desc_beats[1][2]_i_25/O
                         net (fo=1, unplaced)         0.214    10.395    u_mem_adapter/fill_desc_beats[1][2]_i_25_n_0
                         LUT6 (Prop_LUT6_I0_O)        0.039    10.434 r  u_mem_adapter/fill_desc_beats[1][2]_i_18/O
                         net (fo=1, unplaced)         0.018    10.452    u_mem_adapter/fill_desc_beats[1][2]_i_18_n_0
                         CARRY8 (Prop_CARRY8_S[0]_CO[4])
                                                      0.266    10.718 r  u_mem_adapter/fill_desc_beats_reg[1][2]_i_5/CO[4]
                         net (fo=9, unplaced)         0.243    10.961    u_mem_adapter/planned_second_beats1
                         LUT6 (Prop_LUT6_I3_O)        0.039    11.000 r  u_mem_adapter/fill_desc_beats[1][0]_i_1/O
                         net (fo=15, unplaced)        0.256    11.256    u_mem_adapter/fill_desc_beats[1][0]_i_1_n_0
                         LUT2 (Prop_LUT2_I1_O)        0.085    11.341 r  u_mem_adapter/m_axi_arvalid_INST_0_i_227/O
                         net (fo=2, unplaced)         0.214    11.555    u_mem_adapter/m_axi_arvalid_INST_0_i_227_n_0
                         LUT6 (Prop_LUT6_I0_O)        0.039    11.594 r  u_mem_adapter/m_axi_arvalid_INST_0_i_216/O
                         net (fo=1, unplaced)         0.120    11.714    u_mem_adapter/m_axi_arvalid_INST_0_i_216_n_0
                         CARRY8 (Prop_CARRY8_DI[6]_CO[7])
                                                      0.081    11.795 r  u_mem_adapter/m_axi_arvalid_INST_0_i_206/CO[7]
                         net (fo=1, unplaced)         0.007    11.802    u_mem_adapter/m_axi_arvalid_INST_0_i_206_n_0
                         CARRY8 (Prop_CARRY8_CI_CO[7])
                                                      0.030    11.832 r  u_mem_adapter/m_axi_arvalid_INST_0_i_197/CO[7]
                         net (fo=1, unplaced)         0.007    11.839    u_mem_adapter/m_axi_arvalid_INST_0_i_197_n_0
                         CARRY8 (Prop_CARRY8_CI_CO[7])
                                                      0.030    11.869 r  u_mem_adapter/m_axi_arvalid_INST_0_i_173/CO[7]
                         net (fo=1, unplaced)         0.007    11.876    u_mem_adapter/m_axi_arvalid_INST_0_i_173_n_0
                         CARRY8 (Prop_CARRY8_CI_CO[7])
                                                      0.030    11.906 r  u_mem_adapter/m_axi_arvalid_INST_0_i_131/CO[7]
                         net (fo=1, unplaced)         0.007    11.913    u_mem_adapter/m_axi_arvalid_INST_0_i_131_n_0
                         CARRY8 (Prop_CARRY8_CI_CO[7])
                                                      0.030    11.943 r  u_mem_adapter/m_axi_arvalid_INST_0_i_92/CO[7]
                         net (fo=1, unplaced)         0.007    11.950    u_mem_adapter/m_axi_arvalid_INST_0_i_92_n_0
                         CARRY8 (Prop_CARRY8_CI_CO[7])
                                                      0.030    11.980 r  u_mem_adapter/m_axi_arvalid_INST_0_i_120/CO[7]
                         net (fo=1, unplaced)         0.007    11.987    u_mem_adapter/m_axi_arvalid_INST_0_i_120_n_0
                         CARRY8 (Prop_CARRY8_CI_O[4])
                                                      0.109    12.096 r  u_mem_adapter/m_axi_arvalid_INST_0_i_83/O[4]
                         net (fo=1, unplaced)         0.212    12.308    u_mem_adapter/planned_end_address_wide0[53]
                         LUT4 (Prop_LUT4_I1_O)        0.100    12.408 r  u_mem_adapter/m_axi_arvalid_INST_0_i_121/O
                         net (fo=1, unplaced)         0.214    12.622    u_mem_adapter/m_axi_arvalid_INST_0_i_121_n_0
                         LUT5 (Prop_LUT5_I4_O)        0.039    12.661 r  u_mem_adapter/m_axi_arvalid_INST_0_i_81/O
                         net (fo=1, unplaced)         0.214    12.875    u_mem_adapter/m_axi_arvalid_INST_0_i_81_n_0
                         LUT6 (Prop_LUT6_I4_O)        0.039    12.914 r  u_mem_adapter/m_axi_arvalid_INST_0_i_36/O
                         net (fo=1, unplaced)         0.214    13.128    u_mem_adapter/m_axi_arvalid_INST_0_i_36_n_0
                         LUT6 (Prop_LUT6_I1_O)        0.039    13.167 r  u_mem_adapter/m_axi_arvalid_INST_0_i_13/O
                         net (fo=2, unplaced)         0.156    13.323    u_mem_adapter/m_axi_arvalid_INST_0_i_13_n_0
                         LUT3 (Prop_LUT3_I0_O)        0.064    13.387 r  u_mem_adapter/m_axi_arvalid_INST_0_i_8/O
                         net (fo=2, unplaced)         0.214    13.601    u_mem_adapter/m_axi_arvalid_INST_0_i_8_n_0
                         LUT6 (Prop_LUT6_I0_O)        0.039    13.640 r  u_mem_adapter/m_axi_arvalid_INST_0_i_4/O
                         net (fo=8, unplaced)         0.184    13.824    u_mem_adapter/m_axi_arvalid_INST_0_i_4_n_0
                         LUT2 (Prop_LUT2_I1_O)        0.064    13.888 f  u_mem_adapter/linefill_start_o_i_1/O
                         net (fo=190, unplaced)       0.256    14.144    u_mem_adapter/linefill_start_o_i_1_n_0
                         LUT6 (Prop_LUT6_I1_O)        0.064    14.208 f  u_mem_adapter/line_consumed_bitmap[31]_i_4/O
                         net (fo=33, unplaced)        0.274    14.482    u_mem_adapter/line_valid
                         LUT6 (Prop_LUT6_I3_O)        0.039    14.521 r  u_mem_adapter/line_consumed_bitmap[21]_i_1/O
                         net (fo=1, unplaced)         0.058    14.579    u_mem_adapter/line_consumed_bitmap[21]_i_1_n_0
                         FDRE                                         r  u_mem_adapter/line_consumed_bitmap_reg[21]/D
  -------------------------------------------------------------------    -------------------

                         (clock aclk rise edge)      20.000    20.000 r  
                                                      0.000    20.000 r  aclk (IN)
                         net (fo=10922, unset)        0.024    20.024    u_mem_adapter/aclk
                         FDRE                                         r  u_mem_adapter/line_consumed_bitmap_reg[21]/C
                         clock pessimism              0.000    20.024    
                         clock uncertainty           -0.035    19.989    
                         FDRE (Setup_FDRE_C_D)        0.027    20.016    u_mem_adapter/line_consumed_bitmap_reg[21]
  -------------------------------------------------------------------
                         required time                         20.016    
                         arrival time                         -14.579    
  -------------------------------------------------------------------
                         slack                                  5.437    

Slack (MET) :             5.437ns  (required time - arrival time)
  Source:                 u_memory_frontend/mem_word_index_reg[13]/C
                            (rising edge-triggered cell FDRE clocked by aclk  {rise@0.000ns fall@10.000ns period=20.000ns})
  Destination:            u_mem_adapter/line_consumed_bitmap_reg[22]/D
                            (rising edge-triggered cell FDRE clocked by aclk  {rise@0.000ns fall@10.000ns period=20.000ns})
  Path Group:             aclk
  Path Type:              Setup (Max at Slow Process Corner)
  Requirement:            20.000ns  (aclk rise@20.000ns - aclk rise@0.000ns)
  Data Path Delay:        14.544ns  (logic 4.216ns (28.988%)  route 10.328ns (71.012%))
  Logic Levels:           61  (CARRY8=19 LUT2=4 LUT3=2 LUT4=4 LUT5=5 LUT6=27)
  Clock Path Skew:        -0.011ns (DCD - SCD + CPR)
    Destination Clock Delay (DCD):    0.024ns = ( 20.024 - 20.000 ) 
    Source Clock Delay      (SCD):    0.035ns
    Clock Pessimism Removal (CPR):    0.000ns
  Clock Uncertainty:      0.035ns  ((TSJ^2 + TIJ^2)^1/2 + DJ) / 2 + PE
    Total System Jitter     (TSJ):    0.071ns
    Total Input Jitter      (TIJ):    0.000ns
    Discrete Jitter          (DJ):    0.000ns
    Phase Error              (PE):    0.000ns

    Location             Delay type                Incr(ns)  Path(ns)    Netlist Resource(s)
  -------------------------------------------------------------------    -------------------
                         (clock aclk rise edge)       0.000     0.000 r  
                                                      0.000     0.000 r  aclk (IN)
                         net (fo=10922, unset)        0.035     0.035    u_memory_frontend/aclk
                         FDRE                                         r  u_memory_frontend/mem_word_index_reg[13]/C
  -------------------------------------------------------------------    -------------------
                         FDRE (Prop_FDRE_C_Q)         0.096     0.131 f  u_memory_frontend/mem_word_index_reg[13]/Q
                         net (fo=88, unplaced)        0.241     0.372    u_memory_frontend/mem_word_index_u32[13]
                         LUT2 (Prop_LUT2_I1_O)        0.085     0.457 r  u_memory_frontend/profile_logical_read_word_o_INST_0_i_44/O
                         net (fo=7, unplaced)         0.239     0.696    u_memory_frontend/profile_logical_read_word_o_INST_0_i_44_n_0
                         LUT6 (Prop_LUT6_I4_O)        0.039     0.735 r  u_memory_frontend/profile_logical_read_word_o_INST_0_i_29/O
                         net (fo=117, unplaced)       0.303     1.038    u_memory_frontend/profile_logical_read_word_o_INST_0_i_29_n_0
                         LUT4 (Prop_LUT4_I0_O)        0.039     1.077 r  u_memory_frontend/req_fifo_contiguous_words[1][5]_i_11/O
                         net (fo=32, unplaced)        0.274     1.351    u_memory_frontend/req_fifo_contiguous_words[1][5]_i_11_n_0
                         LUT6 (Prop_LUT6_I0_O)        0.039     1.390 f  u_memory_frontend/req_fifo_word_address[1][15]_i_153/O
                         net (fo=2, unplaced)         0.214     1.604    u_memory_frontend/u_gemm_address_context/data1[5]
                         LUT6 (Prop_LUT6_I0_O)        0.039     1.643 f  u_memory_frontend/u_gemm_address_context/req_fifo_word_address[1][15]_i_120/O
                         net (fo=1, unplaced)         0.214     1.857    u_memory_frontend/u_gemm_address_context/req_fifo_word_address[1][15]_i_120_n_0
                         LUT6 (Prop_LUT6_I5_O)        0.039     1.896 r  u_memory_frontend/u_gemm_address_context/req_fifo_word_address[1][15]_i_66/O
                         net (fo=2, unplaced)         0.214     2.110    u_memory_frontend/u_gemm_address_context/req_fifo_word_address[1][15]_i_66_n_0
                         LUT3 (Prop_LUT3_I0_O)        0.085     2.195 f  u_memory_frontend/u_gemm_address_context/req_fifo_word_address[1][15]_i_31/O
                         net (fo=2, unplaced)         0.156     2.351    u_memory_frontend/u_gemm_address_context/req_fifo_word_address[1][15]_i_31_n_0
                         LUT6 (Prop_LUT6_I1_O)        0.064     2.415 r  u_memory_frontend/u_gemm_address_context/req_fifo_word_address[1][15]_i_8/O
                         net (fo=2, unplaced)         0.214     2.629    u_memory_frontend/u_gemm_address_context/req_fifo_word_address[1][15]_i_8_n_0
                         LUT5 (Prop_LUT5_I0_O)        0.039     2.668 r  u_memory_frontend/u_gemm_address_context/req_fifo_word_address[1][15]_i_16/O
                         net (fo=1, unplaced)         0.015     2.683    u_memory_frontend/u_gemm_address_context/req_fifo_word_address[1][15]_i_16_n_0
                         CARRY8 (Prop_CARRY8_S[4]_CO[7])
                                                      0.202     2.885 r  u_memory_frontend/u_gemm_address_context/req_fifo_word_address_reg[1][15]_i_3/CO[7]
                         net (fo=1, unplaced)         0.007     2.892    u_memory_frontend/u_gemm_address_context/req_fifo_word_address_reg[1][15]_i_3_n_0
                         CARRY8 (Prop_CARRY8_CI_CO[7])
                                                      0.030     2.922 r  u_memory_frontend/u_gemm_address_context/req_fifo_word_address_reg[1][23]_i_3/CO[7]
                         net (fo=1, unplaced)         0.007     2.929    u_memory_frontend/u_gemm_address_context/req_fifo_word_address_reg[1][23]_i_3_n_0
                         CARRY8 (Prop_CARRY8_CI_CO[7])
                                                      0.030     2.959 r  u_memory_frontend/u_gemm_address_context/req_fifo_word_address_reg[1][31]_i_4/CO[7]
                         net (fo=1, unplaced)         0.007     2.966    u_memory_frontend/u_gemm_address_context/req_fifo_word_address_reg[1][31]_i_4_n_0
                         CARRY8 (Prop_CARRY8_CI_CO[7])
                                                      0.030     2.996 r  u_memory_frontend/u_gemm_address_context/mem_state_reg[1]_i_12/CO[7]
                         net (fo=1, unplaced)         0.007     3.003    u_memory_frontend/u_gemm_address_context/mem_state_reg[1]_i_12_n_0
                         CARRY8 (Prop_CARRY8_CI_O[2])
                                                      0.086     3.089 r  u_memory_frontend/u_gemm_address_context/mem_state_reg[1]_i_33/O[2]
                         net (fo=1, unplaced)         0.215     3.304    u_memory_frontend/u_gemm_address_context/mem_state_reg[1]_i_33_n_13
                         LUT4 (Prop_LUT4_I3_O)        0.115     3.419 r  u_memory_frontend/u_gemm_address_context/mem_state[1]_i_115/O
                         net (fo=1, unplaced)         0.214     3.633    u_memory_frontend/u_gemm_address_context/mem_state[1]_i_115_n_0
                         LUT5 (Prop_LUT5_I4_O)        0.039     3.672 r  u_memory_frontend/u_gemm_address_context/mem_state[1]_i_70/O
                         net (fo=1, unplaced)         0.214     3.886    u_memory_frontend/u_gemm_address_context/mem_state[1]_i_70_n_0
                         LUT6 (Prop_LUT6_I5_O)        0.039     3.925 r  u_memory_frontend/u_gemm_address_context/mem_state[1]_i_34/O
                         net (fo=1, unplaced)         0.214     4.139    u_memory_frontend/u_gemm_address_context/mem_state[1]_i_34_n_0
                         LUT6 (Prop_LUT6_I4_O)        0.039     4.178 f  u_memory_frontend/u_gemm_address_context/mem_state[1]_i_13/O
                         net (fo=1, unplaced)         0.214     4.392    u_memory_frontend/u_gemm_address_context/mem_state[1]_i_13_n_0
                         LUT6 (Prop_LUT6_I2_O)        0.039     4.431 r  u_memory_frontend/u_gemm_address_context/mem_state[1]_i_8/O
                         net (fo=2, unplaced)         0.214     4.645    u_memory_frontend/u_gemm_address_context/mem_state[1]_i_8_n_0
                         LUT6 (Prop_LUT6_I5_O)        0.039     4.684 f  u_memory_frontend/u_gemm_address_context/req_fifo_contiguous_words[1][5]_i_6/O
                         net (fo=7, unplaced)         0.239     4.923    u_memory_frontend/u_gemm_address_context/req_fifo_contiguous_words[1][5]_i_6_n_0
                         LUT6 (Prop_LUT6_I0_O)        0.039     4.962 f  u_memory_frontend/u_gemm_address_context/profile_logical_read_word_o_INST_0_i_12/O
                         net (fo=4, unplaced)         0.226     5.188    u_memory_frontend/u_gemm_address_context/read_candidate_read_ahead_safe
                         LUT6 (Prop_LUT6_I5_O)        0.039     5.227 f  u_memory_frontend/u_gemm_address_context/profile_logical_read_word_o_INST_0_i_3/O
                         net (fo=8, unplaced)         0.242     5.469    u_memory_frontend/u_gemm_address_context/profile_logical_read_word_o_INST_0_i_3_n_0
                         LUT6 (Prop_LUT6_I4_O)        0.039     5.508 r  u_memory_frontend/u_gemm_address_context/req_fifo_count[1]_i_6/O
                         net (fo=10, unplaced)        0.189     5.697    u_mem_adapter/mem_req_valid
                         LUT6 (Prop_LUT6_I4_O)        0.064     5.761 r  u_mem_adapter/fill_start_word[3]_i_2/O
                         net (fo=116, unplaced)       0.303     6.064    u_mem_adapter/fill_start_word[3]_i_2_n_0
                         LUT5 (Prop_LUT5_I4_O)        0.039     6.103 r  u_mem_adapter/four_k_split_o_i_48/O
                         net (fo=4, unplaced)         0.226     6.329    u_mem_adapter/four_k_split_o_i_48_n_0
                         LUT6 (Prop_LUT6_I0_O)        0.039     6.368 r  u_mem_adapter/four_k_split_o_i_35/O
                         net (fo=1, unplaced)         0.018     6.386    u_mem_adapter/four_k_split_o_i_35_n_0
                         CARRY8 (Prop_CARRY8_S[0]_O[5])
                                                      0.295     6.681 f  u_mem_adapter/four_k_split_o_reg_i_11/O[5]
                         net (fo=7, unplaced)         0.187     6.868    u_mem_adapter/four_k_split_o_reg_i_11_n_10
                         LUT4 (Prop_LUT4_I0_O)        0.121     6.989 r  u_mem_adapter/four_k_split_o_i_59/O
                         net (fo=1, unplaced)         0.232     7.221    u_mem_adapter/four_k_split_o_i_59_n_0
                         CARRY8 (Prop_CARRY8_DI[2]_CO[7])
                                                      0.142     7.363 r  u_mem_adapter/four_k_split_o_reg_i_49/CO[7]
                         net (fo=1, unplaced)         0.007     7.370    u_mem_adapter/four_k_split_o_reg_i_49_n_0
                         CARRY8 (Prop_CARRY8_CI_CO[7])
                                                      0.030     7.400 r  u_mem_adapter/four_k_split_o_reg_i_36/CO[7]
                         net (fo=1, unplaced)         0.007     7.407    u_mem_adapter/four_k_split_o_reg_i_36_n_0
                         CARRY8 (Prop_CARRY8_CI_CO[0])
                                                      0.068     7.475 r  u_mem_adapter/four_k_split_o_reg_i_12/CO[0]
                         net (fo=13, unplaced)        0.253     7.728    u_mem_adapter/clamped_contiguous_words1
                         LUT6 (Prop_LUT6_I4_O)        0.039     7.767 r  u_mem_adapter/fill_desc_beats[0][0]_i_4/O
                         net (fo=8, unplaced)         0.242     8.009    u_mem_adapter/fill_desc_beats[0][0]_i_4_n_0
                         LUT5 (Prop_LUT5_I0_O)        0.085     8.094 r  u_mem_adapter/four_k_split_o_i_18/O
                         net (fo=3, unplaced)         0.220     8.314    u_mem_adapter/four_k_split_o_i_18_n_0
                         LUT6 (Prop_LUT6_I5_O)        0.039     8.353 r  u_mem_adapter/four_k_split_o_i_5/O
                         net (fo=2, unplaced)         0.259     8.612    u_mem_adapter/four_k_split_o_i_5_n_0
                         CARRY8 (Prop_CARRY8_DI[0]_CO[4])
                                                      0.229     8.841 r  u_mem_adapter/fill_desc_beats_reg[0][2]_i_3/CO[4]
                         net (fo=8, unplaced)         0.240     9.081    u_mem_adapter/fill_desc_beats_reg[0][2]_i_3_n_3
                         LUT6 (Prop_LUT6_I1_O)        0.039     9.120 r  u_mem_adapter/fill_desc_beats[0][0]_i_1/O
                         net (fo=22, unplaced)        0.265     9.385    u_mem_adapter/fill_desc_beats[0][0]_i_1_n_0
                         LUT2 (Prop_LUT2_I1_O)        0.040     9.425 r  u_mem_adapter/fill_desc_addr[1][10]_i_4/O
                         net (fo=1, unplaced)         0.017     9.442    u_mem_adapter/fill_desc_addr[1][10]_i_4_n_0
                         CARRY8 (Prop_CARRY8_S[1]_O[2])
                                                      0.144     9.586 r  u_mem_adapter/fill_desc_addr_reg[1][10]_i_1/O[2]
                         net (fo=6, unplaced)         0.236     9.822    u_mem_adapter/fill_desc_addr_reg[1][10]_i_1_n_13
                         LUT6 (Prop_LUT6_I0_O)        0.100     9.922 r  u_mem_adapter/fill_desc_beats[1][1]_i_3/O
                         net (fo=3, unplaced)         0.220    10.142    u_mem_adapter/fill_desc_beats[1][1]_i_3_n_0
                         LUT6 (Prop_LUT6_I5_O)        0.039    10.181 r  u_mem_adapter/fill_desc_beats[1][2]_i_25/O
                         net (fo=1, unplaced)         0.214    10.395    u_mem_adapter/fill_desc_beats[1][2]_i_25_n_0
                         LUT6 (Prop_LUT6_I0_O)        0.039    10.434 r  u_mem_adapter/fill_desc_beats[1][2]_i_18/O
                         net (fo=1, unplaced)         0.018    10.452    u_mem_adapter/fill_desc_beats[1][2]_i_18_n_0
                         CARRY8 (Prop_CARRY8_S[0]_CO[4])
                                                      0.266    10.718 r  u_mem_adapter/fill_desc_beats_reg[1][2]_i_5/CO[4]
                         net (fo=9, unplaced)         0.243    10.961    u_mem_adapter/planned_second_beats1
                         LUT6 (Prop_LUT6_I3_O)        0.039    11.000 r  u_mem_adapter/fill_desc_beats[1][0]_i_1/O
                         net (fo=15, unplaced)        0.256    11.256    u_mem_adapter/fill_desc_beats[1][0]_i_1_n_0
                         LUT2 (Prop_LUT2_I1_O)        0.085    11.341 r  u_mem_adapter/m_axi_arvalid_INST_0_i_227/O
                         net (fo=2, unplaced)         0.214    11.555    u_mem_adapter/m_axi_arvalid_INST_0_i_227_n_0
                         LUT6 (Prop_LUT6_I0_O)        0.039    11.594 r  u_mem_adapter/m_axi_arvalid_INST_0_i_216/O
                         net (fo=1, unplaced)         0.120    11.714    u_mem_adapter/m_axi_arvalid_INST_0_i_216_n_0
                         CARRY8 (Prop_CARRY8_DI[6]_CO[7])
                                                      0.081    11.795 r  u_mem_adapter/m_axi_arvalid_INST_0_i_206/CO[7]
                         net (fo=1, unplaced)         0.007    11.802    u_mem_adapter/m_axi_arvalid_INST_0_i_206_n_0
                         CARRY8 (Prop_CARRY8_CI_CO[7])
                                                      0.030    11.832 r  u_mem_adapter/m_axi_arvalid_INST_0_i_197/CO[7]
                         net (fo=1, unplaced)         0.007    11.839    u_mem_adapter/m_axi_arvalid_INST_0_i_197_n_0
                         CARRY8 (Prop_CARRY8_CI_CO[7])
                                                      0.030    11.869 r  u_mem_adapter/m_axi_arvalid_INST_0_i_173/CO[7]
                         net (fo=1, unplaced)         0.007    11.876    u_mem_adapter/m_axi_arvalid_INST_0_i_173_n_0
                         CARRY8 (Prop_CARRY8_CI_CO[7])
                                                      0.030    11.906 r  u_mem_adapter/m_axi_arvalid_INST_0_i_131/CO[7]
                         net (fo=1, unplaced)         0.007    11.913    u_mem_adapter/m_axi_arvalid_INST_0_i_131_n_0
                         CARRY8 (Prop_CARRY8_CI_CO[7])
                                                      0.030    11.943 r  u_mem_adapter/m_axi_arvalid_INST_0_i_92/CO[7]
                         net (fo=1, unplaced)         0.007    11.950    u_mem_adapter/m_axi_arvalid_INST_0_i_92_n_0
                         CARRY8 (Prop_CARRY8_CI_CO[7])
                                                      0.030    11.980 r  u_mem_adapter/m_axi_arvalid_INST_0_i_120/CO[7]
                         net (fo=1, unplaced)         0.007    11.987    u_mem_adapter/m_axi_arvalid_INST_0_i_120_n_0
                         CARRY8 (Prop_CARRY8_CI_O[4])
                                                      0.109    12.096 r  u_mem_adapter/m_axi_arvalid_INST_0_i_83/O[4]
                         net (fo=1, unplaced)         0.212    12.308    u_mem_adapter/planned_end_address_wide0[53]
                         LUT4 (Prop_LUT4_I1_O)        0.100    12.408 r  u_mem_adapter/m_axi_arvalid_INST_0_i_121/O
                         net (fo=1, unplaced)         0.214    12.622    u_mem_adapter/m_axi_arvalid_INST_0_i_121_n_0
                         LUT5 (Prop_LUT5_I4_O)        0.039    12.661 r  u_mem_adapter/m_axi_arvalid_INST_0_i_81/O
                         net (fo=1, unplaced)         0.214    12.875    u_mem_adapter/m_axi_arvalid_INST_0_i_81_n_0
                         LUT6 (Prop_LUT6_I4_O)        0.039    12.914 r  u_mem_adapter/m_axi_arvalid_INST_0_i_36/O
                         net (fo=1, unplaced)         0.214    13.128    u_mem_adapter/m_axi_arvalid_INST_0_i_36_n_0
                         LUT6 (Prop_LUT6_I1_O)        0.039    13.167 r  u_mem_adapter/m_axi_arvalid_INST_0_i_13/O
                         net (fo=2, unplaced)         0.156    13.323    u_mem_adapter/m_axi_arvalid_INST_0_i_13_n_0
                         LUT3 (Prop_LUT3_I0_O)        0.064    13.387 r  u_mem_adapter/m_axi_arvalid_INST_0_i_8/O
                         net (fo=2, unplaced)         0.214    13.601    u_mem_adapter/m_axi_arvalid_INST_0_i_8_n_0
                         LUT6 (Prop_LUT6_I0_O)        0.039    13.640 r  u_mem_adapter/m_axi_arvalid_INST_0_i_4/O
                         net (fo=8, unplaced)         0.184    13.824    u_mem_adapter/m_axi_arvalid_INST_0_i_4_n_0
                         LUT2 (Prop_LUT2_I1_O)        0.064    13.888 f  u_mem_adapter/linefill_start_o_i_1/O
                         net (fo=190, unplaced)       0.256    14.144    u_mem_adapter/linefill_start_o_i_1_n_0
                         LUT6 (Prop_LUT6_I1_O)        0.064    14.208 f  u_mem_adapter/line_consumed_bitmap[31]_i_4/O
                         net (fo=33, unplaced)        0.274    14.482    u_mem_adapter/line_valid
                         LUT6 (Prop_LUT6_I3_O)        0.039    14.521 r  u_mem_adapter/line_consumed_bitmap[22]_i_1/O
                         net (fo=1, unplaced)         0.058    14.579    u_mem_adapter/line_consumed_bitmap[22]_i_1_n_0
                         FDRE                                         r  u_mem_adapter/line_consumed_bitmap_reg[22]/D
  -------------------------------------------------------------------    -------------------

                         (clock aclk rise edge)      20.000    20.000 r  
                                                      0.000    20.000 r  aclk (IN)
                         net (fo=10922, unset)        0.024    20.024    u_mem_adapter/aclk
                         FDRE                                         r  u_mem_adapter/line_consumed_bitmap_reg[22]/C
                         clock pessimism              0.000    20.024    
                         clock uncertainty           -0.035    19.989    
                         FDRE (Setup_FDRE_C_D)        0.027    20.016    u_mem_adapter/line_consumed_bitmap_reg[22]
  -------------------------------------------------------------------
                         required time                         20.016    
                         arrival time                         -14.579    
  -------------------------------------------------------------------
                         slack                                  5.437    

Slack (MET) :             5.437ns  (required time - arrival time)
  Source:                 u_memory_frontend/mem_word_index_reg[13]/C
                            (rising edge-triggered cell FDRE clocked by aclk  {rise@0.000ns fall@10.000ns period=20.000ns})
  Destination:            u_mem_adapter/line_consumed_bitmap_reg[23]/D
                            (rising edge-triggered cell FDRE clocked by aclk  {rise@0.000ns fall@10.000ns period=20.000ns})
  Path Group:             aclk
  Path Type:              Setup (Max at Slow Process Corner)
  Requirement:            20.000ns  (aclk rise@20.000ns - aclk rise@0.000ns)
  Data Path Delay:        14.544ns  (logic 4.216ns (28.988%)  route 10.328ns (71.012%))
  Logic Levels:           61  (CARRY8=19 LUT2=4 LUT3=2 LUT4=4 LUT5=5 LUT6=27)
  Clock Path Skew:        -0.011ns (DCD - SCD + CPR)
    Destination Clock Delay (DCD):    0.024ns = ( 20.024 - 20.000 ) 
    Source Clock Delay      (SCD):    0.035ns
    Clock Pessimism Removal (CPR):    0.000ns
  Clock Uncertainty:      0.035ns  ((TSJ^2 + TIJ^2)^1/2 + DJ) / 2 + PE
    Total System Jitter     (TSJ):    0.071ns
    Total Input Jitter      (TIJ):    0.000ns
    Discrete Jitter          (DJ):    0.000ns
    Phase Error              (PE):    0.000ns

    Location             Delay type                Incr(ns)  Path(ns)    Netlist Resource(s)
  -------------------------------------------------------------------    -------------------
                         (clock aclk rise edge)       0.000     0.000 r  
                                                      0.000     0.000 r  aclk (IN)
                         net (fo=10922, unset)        0.035     0.035    u_memory_frontend/aclk
                         FDRE                                         r  u_memory_frontend/mem_word_index_reg[13]/C
  -------------------------------------------------------------------    -------------------
                         FDRE (Prop_FDRE_C_Q)         0.096     0.131 f  u_memory_frontend/mem_word_index_reg[13]/Q
                         net (fo=88, unplaced)        0.241     0.372    u_memory_frontend/mem_word_index_u32[13]
                         LUT2 (Prop_LUT2_I1_O)        0.085     0.457 r  u_memory_frontend/profile_logical_read_word_o_INST_0_i_44/O
                         net (fo=7, unplaced)         0.239     0.696    u_memory_frontend/profile_logical_read_word_o_INST_0_i_44_n_0
                         LUT6 (Prop_LUT6_I4_O)        0.039     0.735 r  u_memory_frontend/profile_logical_read_word_o_INST_0_i_29/O
                         net (fo=117, unplaced)       0.303     1.038    u_memory_frontend/profile_logical_read_word_o_INST_0_i_29_n_0
                         LUT4 (Prop_LUT4_I0_O)        0.039     1.077 r  u_memory_frontend/req_fifo_contiguous_words[1][5]_i_11/O
                         net (fo=32, unplaced)        0.274     1.351    u_memory_frontend/req_fifo_contiguous_words[1][5]_i_11_n_0
                         LUT6 (Prop_LUT6_I0_O)        0.039     1.390 f  u_memory_frontend/req_fifo_word_address[1][15]_i_153/O
                         net (fo=2, unplaced)         0.214     1.604    u_memory_frontend/u_gemm_address_context/data1[5]
                         LUT6 (Prop_LUT6_I0_O)        0.039     1.643 f  u_memory_frontend/u_gemm_address_context/req_fifo_word_address[1][15]_i_120/O
                         net (fo=1, unplaced)         0.214     1.857    u_memory_frontend/u_gemm_address_context/req_fifo_word_address[1][15]_i_120_n_0
                         LUT6 (Prop_LUT6_I5_O)        0.039     1.896 r  u_memory_frontend/u_gemm_address_context/req_fifo_word_address[1][15]_i_66/O
                         net (fo=2, unplaced)         0.214     2.110    u_memory_frontend/u_gemm_address_context/req_fifo_word_address[1][15]_i_66_n_0
                         LUT3 (Prop_LUT3_I0_O)        0.085     2.195 f  u_memory_frontend/u_gemm_address_context/req_fifo_word_address[1][15]_i_31/O
                         net (fo=2, unplaced)         0.156     2.351    u_memory_frontend/u_gemm_address_context/req_fifo_word_address[1][15]_i_31_n_0
                         LUT6 (Prop_LUT6_I1_O)        0.064     2.415 r  u_memory_frontend/u_gemm_address_context/req_fifo_word_address[1][15]_i_8/O
                         net (fo=2, unplaced)         0.214     2.629    u_memory_frontend/u_gemm_address_context/req_fifo_word_address[1][15]_i_8_n_0
                         LUT5 (Prop_LUT5_I0_O)        0.039     2.668 r  u_memory_frontend/u_gemm_address_context/req_fifo_word_address[1][15]_i_16/O
                         net (fo=1, unplaced)         0.015     2.683    u_memory_frontend/u_gemm_address_context/req_fifo_word_address[1][15]_i_16_n_0
                         CARRY8 (Prop_CARRY8_S[4]_CO[7])
                                                      0.202     2.885 r  u_memory_frontend/u_gemm_address_context/req_fifo_word_address_reg[1][15]_i_3/CO[7]
                         net (fo=1, unplaced)         0.007     2.892    u_memory_frontend/u_gemm_address_context/req_fifo_word_address_reg[1][15]_i_3_n_0
                         CARRY8 (Prop_CARRY8_CI_CO[7])
                                                      0.030     2.922 r  u_memory_frontend/u_gemm_address_context/req_fifo_word_address_reg[1][23]_i_3/CO[7]
                         net (fo=1, unplaced)         0.007     2.929    u_memory_frontend/u_gemm_address_context/req_fifo_word_address_reg[1][23]_i_3_n_0
                         CARRY8 (Prop_CARRY8_CI_CO[7])
                                                      0.030     2.959 r  u_memory_frontend/u_gemm_address_context/req_fifo_word_address_reg[1][31]_i_4/CO[7]
                         net (fo=1, unplaced)         0.007     2.966    u_memory_frontend/u_gemm_address_context/req_fifo_word_address_reg[1][31]_i_4_n_0
                         CARRY8 (Prop_CARRY8_CI_CO[7])
                                                      0.030     2.996 r  u_memory_frontend/u_gemm_address_context/mem_state_reg[1]_i_12/CO[7]
                         net (fo=1, unplaced)         0.007     3.003    u_memory_frontend/u_gemm_address_context/mem_state_reg[1]_i_12_n_0
                         CARRY8 (Prop_CARRY8_CI_O[2])
                                                      0.086     3.089 r  u_memory_frontend/u_gemm_address_context/mem_state_reg[1]_i_33/O[2]
                         net (fo=1, unplaced)         0.215     3.304    u_memory_frontend/u_gemm_address_context/mem_state_reg[1]_i_33_n_13
                         LUT4 (Prop_LUT4_I3_O)        0.115     3.419 r  u_memory_frontend/u_gemm_address_context/mem_state[1]_i_115/O
                         net (fo=1, unplaced)         0.214     3.633    u_memory_frontend/u_gemm_address_context/mem_state[1]_i_115_n_0
                         LUT5 (Prop_LUT5_I4_O)        0.039     3.672 r  u_memory_frontend/u_gemm_address_context/mem_state[1]_i_70/O
                         net (fo=1, unplaced)         0.214     3.886    u_memory_frontend/u_gemm_address_context/mem_state[1]_i_70_n_0
                         LUT6 (Prop_LUT6_I5_O)        0.039     3.925 r  u_memory_frontend/u_gemm_address_context/mem_state[1]_i_34/O
                         net (fo=1, unplaced)         0.214     4.139    u_memory_frontend/u_gemm_address_context/mem_state[1]_i_34_n_0
                         LUT6 (Prop_LUT6_I4_O)        0.039     4.178 f  u_memory_frontend/u_gemm_address_context/mem_state[1]_i_13/O
                         net (fo=1, unplaced)         0.214     4.392    u_memory_frontend/u_gemm_address_context/mem_state[1]_i_13_n_0
                         LUT6 (Prop_LUT6_I2_O)        0.039     4.431 r  u_memory_frontend/u_gemm_address_context/mem_state[1]_i_8/O
                         net (fo=2, unplaced)         0.214     4.645    u_memory_frontend/u_gemm_address_context/mem_state[1]_i_8_n_0
                         LUT6 (Prop_LUT6_I5_O)        0.039     4.684 f  u_memory_frontend/u_gemm_address_context/req_fifo_contiguous_words[1][5]_i_6/O
                         net (fo=7, unplaced)         0.239     4.923    u_memory_frontend/u_gemm_address_context/req_fifo_contiguous_words[1][5]_i_6_n_0
                         LUT6 (Prop_LUT6_I0_O)        0.039     4.962 f  u_memory_frontend/u_gemm_address_context/profile_logical_read_word_o_INST_0_i_12/O
                         net (fo=4, unplaced)         0.226     5.188    u_memory_frontend/u_gemm_address_context/read_candidate_read_ahead_safe
                         LUT6 (Prop_LUT6_I5_O)        0.039     5.227 f  u_memory_frontend/u_gemm_address_context/profile_logical_read_word_o_INST_0_i_3/O
                         net (fo=8, unplaced)         0.242     5.469    u_memory_frontend/u_gemm_address_context/profile_logical_read_word_o_INST_0_i_3_n_0
                         LUT6 (Prop_LUT6_I4_O)        0.039     5.508 r  u_memory_frontend/u_gemm_address_context/req_fifo_count[1]_i_6/O
                         net (fo=10, unplaced)        0.189     5.697    u_mem_adapter/mem_req_valid
                         LUT6 (Prop_LUT6_I4_O)        0.064     5.761 r  u_mem_adapter/fill_start_word[3]_i_2/O
                         net (fo=116, unplaced)       0.303     6.064    u_mem_adapter/fill_start_word[3]_i_2_n_0
                         LUT5 (Prop_LUT5_I4_O)        0.039     6.103 r  u_mem_adapter/four_k_split_o_i_48/O
                         net (fo=4, unplaced)         0.226     6.329    u_mem_adapter/four_k_split_o_i_48_n_0
                         LUT6 (Prop_LUT6_I0_O)        0.039     6.368 r  u_mem_adapter/four_k_split_o_i_35/O
                         net (fo=1, unplaced)         0.018     6.386    u_mem_adapter/four_k_split_o_i_35_n_0
                         CARRY8 (Prop_CARRY8_S[0]_O[5])
                                                      0.295     6.681 f  u_mem_adapter/four_k_split_o_reg_i_11/O[5]
                         net (fo=7, unplaced)         0.187     6.868    u_mem_adapter/four_k_split_o_reg_i_11_n_10
                         LUT4 (Prop_LUT4_I0_O)        0.121     6.989 r  u_mem_adapter/four_k_split_o_i_59/O
                         net (fo=1, unplaced)         0.232     7.221    u_mem_adapter/four_k_split_o_i_59_n_0
                         CARRY8 (Prop_CARRY8_DI[2]_CO[7])
                                                      0.142     7.363 r  u_mem_adapter/four_k_split_o_reg_i_49/CO[7]
                         net (fo=1, unplaced)         0.007     7.370    u_mem_adapter/four_k_split_o_reg_i_49_n_0
                         CARRY8 (Prop_CARRY8_CI_CO[7])
                                                      0.030     7.400 r  u_mem_adapter/four_k_split_o_reg_i_36/CO[7]
                         net (fo=1, unplaced)         0.007     7.407    u_mem_adapter/four_k_split_o_reg_i_36_n_0
                         CARRY8 (Prop_CARRY8_CI_CO[0])
                                                      0.068     7.475 r  u_mem_adapter/four_k_split_o_reg_i_12/CO[0]
                         net (fo=13, unplaced)        0.253     7.728    u_mem_adapter/clamped_contiguous_words1
                         LUT6 (Prop_LUT6_I4_O)        0.039     7.767 r  u_mem_adapter/fill_desc_beats[0][0]_i_4/O
                         net (fo=8, unplaced)         0.242     8.009    u_mem_adapter/fill_desc_beats[0][0]_i_4_n_0
                         LUT5 (Prop_LUT5_I0_O)        0.085     8.094 r  u_mem_adapter/four_k_split_o_i_18/O
                         net (fo=3, unplaced)         0.220     8.314    u_mem_adapter/four_k_split_o_i_18_n_0
                         LUT6 (Prop_LUT6_I5_O)        0.039     8.353 r  u_mem_adapter/four_k_split_o_i_5/O
                         net (fo=2, unplaced)         0.259     8.612    u_mem_adapter/four_k_split_o_i_5_n_0
                         CARRY8 (Prop_CARRY8_DI[0]_CO[4])
                                                      0.229     8.841 r  u_mem_adapter/fill_desc_beats_reg[0][2]_i_3/CO[4]
                         net (fo=8, unplaced)         0.240     9.081    u_mem_adapter/fill_desc_beats_reg[0][2]_i_3_n_3
                         LUT6 (Prop_LUT6_I1_O)        0.039     9.120 r  u_mem_adapter/fill_desc_beats[0][0]_i_1/O
                         net (fo=22, unplaced)        0.265     9.385    u_mem_adapter/fill_desc_beats[0][0]_i_1_n_0
                         LUT2 (Prop_LUT2_I1_O)        0.040     9.425 r  u_mem_adapter/fill_desc_addr[1][10]_i_4/O
                         net (fo=1, unplaced)         0.017     9.442    u_mem_adapter/fill_desc_addr[1][10]_i_4_n_0
                         CARRY8 (Prop_CARRY8_S[1]_O[2])
                                                      0.144     9.586 r  u_mem_adapter/fill_desc_addr_reg[1][10]_i_1/O[2]
                         net (fo=6, unplaced)         0.236     9.822    u_mem_adapter/fill_desc_addr_reg[1][10]_i_1_n_13
                         LUT6 (Prop_LUT6_I0_O)        0.100     9.922 r  u_mem_adapter/fill_desc_beats[1][1]_i_3/O
                         net (fo=3, unplaced)         0.220    10.142    u_mem_adapter/fill_desc_beats[1][1]_i_3_n_0
                         LUT6 (Prop_LUT6_I5_O)        0.039    10.181 r  u_mem_adapter/fill_desc_beats[1][2]_i_25/O
                         net (fo=1, unplaced)         0.214    10.395    u_mem_adapter/fill_desc_beats[1][2]_i_25_n_0
                         LUT6 (Prop_LUT6_I0_O)        0.039    10.434 r  u_mem_adapter/fill_desc_beats[1][2]_i_18/O
                         net (fo=1, unplaced)         0.018    10.452    u_mem_adapter/fill_desc_beats[1][2]_i_18_n_0
                         CARRY8 (Prop_CARRY8_S[0]_CO[4])
                                                      0.266    10.718 r  u_mem_adapter/fill_desc_beats_reg[1][2]_i_5/CO[4]
                         net (fo=9, unplaced)         0.243    10.961    u_mem_adapter/planned_second_beats1
                         LUT6 (Prop_LUT6_I3_O)        0.039    11.000 r  u_mem_adapter/fill_desc_beats[1][0]_i_1/O
                         net (fo=15, unplaced)        0.256    11.256    u_mem_adapter/fill_desc_beats[1][0]_i_1_n_0
                         LUT2 (Prop_LUT2_I1_O)        0.085    11.341 r  u_mem_adapter/m_axi_arvalid_INST_0_i_227/O
                         net (fo=2, unplaced)         0.214    11.555    u_mem_adapter/m_axi_arvalid_INST_0_i_227_n_0
                         LUT6 (Prop_LUT6_I0_O)        0.039    11.594 r  u_mem_adapter/m_axi_arvalid_INST_0_i_216/O
                         net (fo=1, unplaced)         0.120    11.714    u_mem_adapter/m_axi_arvalid_INST_0_i_216_n_0
                         CARRY8 (Prop_CARRY8_DI[6]_CO[7])
                                                      0.081    11.795 r  u_mem_adapter/m_axi_arvalid_INST_0_i_206/CO[7]
                         net (fo=1, unplaced)         0.007    11.802    u_mem_adapter/m_axi_arvalid_INST_0_i_206_n_0
                         CARRY8 (Prop_CARRY8_CI_CO[7])
                                                      0.030    11.832 r  u_mem_adapter/m_axi_arvalid_INST_0_i_197/CO[7]
                         net (fo=1, unplaced)         0.007    11.839    u_mem_adapter/m_axi_arvalid_INST_0_i_197_n_0
                         CARRY8 (Prop_CARRY8_CI_CO[7])
                                                      0.030    11.869 r  u_mem_adapter/m_axi_arvalid_INST_0_i_173/CO[7]
                         net (fo=1, unplaced)         0.007    11.876    u_mem_adapter/m_axi_arvalid_INST_0_i_173_n_0
                         CARRY8 (Prop_CARRY8_CI_CO[7])
                                                      0.030    11.906 r  u_mem_adapter/m_axi_arvalid_INST_0_i_131/CO[7]
                         net (fo=1, unplaced)         0.007    11.913    u_mem_adapter/m_axi_arvalid_INST_0_i_131_n_0
                         CARRY8 (Prop_CARRY8_CI_CO[7])
                                                      0.030    11.943 r  u_mem_adapter/m_axi_arvalid_INST_0_i_92/CO[7]
                         net (fo=1, unplaced)         0.007    11.950    u_mem_adapter/m_axi_arvalid_INST_0_i_92_n_0
                         CARRY8 (Prop_CARRY8_CI_CO[7])
                                                      0.030    11.980 r  u_mem_adapter/m_axi_arvalid_INST_0_i_120/CO[7]
                         net (fo=1, unplaced)         0.007    11.987    u_mem_adapter/m_axi_arvalid_INST_0_i_120_n_0
                         CARRY8 (Prop_CARRY8_CI_O[4])
                                                      0.109    12.096 r  u_mem_adapter/m_axi_arvalid_INST_0_i_83/O[4]
                         net (fo=1, unplaced)         0.212    12.308    u_mem_adapter/planned_end_address_wide0[53]
                         LUT4 (Prop_LUT4_I1_O)        0.100    12.408 r  u_mem_adapter/m_axi_arvalid_INST_0_i_121/O
                         net (fo=1, unplaced)         0.214    12.622    u_mem_adapter/m_axi_arvalid_INST_0_i_121_n_0
                         LUT5 (Prop_LUT5_I4_O)        0.039    12.661 r  u_mem_adapter/m_axi_arvalid_INST_0_i_81/O
                         net (fo=1, unplaced)         0.214    12.875    u_mem_adapter/m_axi_arvalid_INST_0_i_81_n_0
                         LUT6 (Prop_LUT6_I4_O)        0.039    12.914 r  u_mem_adapter/m_axi_arvalid_INST_0_i_36/O
                         net (fo=1, unplaced)         0.214    13.128    u_mem_adapter/m_axi_arvalid_INST_0_i_36_n_0
                         LUT6 (Prop_LUT6_I1_O)        0.039    13.167 r  u_mem_adapter/m_axi_arvalid_INST_0_i_13/O
                         net (fo=2, unplaced)         0.156    13.323    u_mem_adapter/m_axi_arvalid_INST_0_i_13_n_0
                         LUT3 (Prop_LUT3_I0_O)        0.064    13.387 r  u_mem_adapter/m_axi_arvalid_INST_0_i_8/O
                         net (fo=2, unplaced)         0.214    13.601    u_mem_adapter/m_axi_arvalid_INST_0_i_8_n_0
                         LUT6 (Prop_LUT6_I0_O)        0.039    13.640 r  u_mem_adapter/m_axi_arvalid_INST_0_i_4/O
                         net (fo=8, unplaced)         0.184    13.824    u_mem_adapter/m_axi_arvalid_INST_0_i_4_n_0
                         LUT2 (Prop_LUT2_I1_O)        0.064    13.888 f  u_mem_adapter/linefill_start_o_i_1/O
                         net (fo=190, unplaced)       0.256    14.144    u_mem_adapter/linefill_start_o_i_1_n_0
                         LUT6 (Prop_LUT6_I1_O)        0.064    14.208 f  u_mem_adapter/line_consumed_bitmap[31]_i_4/O
                         net (fo=33, unplaced)        0.274    14.482    u_mem_adapter/line_valid
                         LUT6 (Prop_LUT6_I3_O)        0.039    14.521 r  u_mem_adapter/line_consumed_bitmap[23]_i_1/O
                         net (fo=1, unplaced)         0.058    14.579    u_mem_adapter/line_consumed_bitmap[23]_i_1_n_0
                         FDRE                                         r  u_mem_adapter/line_consumed_bitmap_reg[23]/D
  -------------------------------------------------------------------    -------------------

                         (clock aclk rise edge)      20.000    20.000 r  
                                                      0.000    20.000 r  aclk (IN)
                         net (fo=10922, unset)        0.024    20.024    u_mem_adapter/aclk
                         FDRE                                         r  u_mem_adapter/line_consumed_bitmap_reg[23]/C
                         clock pessimism              0.000    20.024    
                         clock uncertainty           -0.035    19.989    
                         FDRE (Setup_FDRE_C_D)        0.027    20.016    u_mem_adapter/line_consumed_bitmap_reg[23]
  -------------------------------------------------------------------
                         required time                         20.016    
                         arrival time                         -14.579    
  -------------------------------------------------------------------
                         slack                                  5.437    

Slack (MET) :             5.437ns  (required time - arrival time)
  Source:                 u_memory_frontend/mem_word_index_reg[13]/C
                            (rising edge-triggered cell FDRE clocked by aclk  {rise@0.000ns fall@10.000ns period=20.000ns})
  Destination:            u_mem_adapter/line_consumed_bitmap_reg[24]/D
                            (rising edge-triggered cell FDRE clocked by aclk  {rise@0.000ns fall@10.000ns period=20.000ns})
  Path Group:             aclk
  Path Type:              Setup (Max at Slow Process Corner)
  Requirement:            20.000ns  (aclk rise@20.000ns - aclk rise@0.000ns)
  Data Path Delay:        14.544ns  (logic 4.216ns (28.988%)  route 10.328ns (71.012%))
  Logic Levels:           61  (CARRY8=19 LUT2=4 LUT3=2 LUT4=5 LUT5=5 LUT6=26)
  Clock Path Skew:        -0.011ns (DCD - SCD + CPR)
    Destination Clock Delay (DCD):    0.024ns = ( 20.024 - 20.000 ) 
    Source Clock Delay      (SCD):    0.035ns
    Clock Pessimism Removal (CPR):    0.000ns
  Clock Uncertainty:      0.035ns  ((TSJ^2 + TIJ^2)^1/2 + DJ) / 2 + PE
    Total System Jitter     (TSJ):    0.071ns
    Total Input Jitter      (TIJ):    0.000ns
    Discrete Jitter          (DJ):    0.000ns
    Phase Error              (PE):    0.000ns

    Location             Delay type                Incr(ns)  Path(ns)    Netlist Resource(s)
  -------------------------------------------------------------------    -------------------
                         (clock aclk rise edge)       0.000     0.000 r  
                                                      0.000     0.000 r  aclk (IN)
                         net (fo=10922, unset)        0.035     0.035    u_memory_frontend/aclk
                         FDRE                                         r  u_memory_frontend/mem_word_index_reg[13]/C
  -------------------------------------------------------------------    -------------------
                         FDRE (Prop_FDRE_C_Q)         0.096     0.131 f  u_memory_frontend/mem_word_index_reg[13]/Q
                         net (fo=88, unplaced)        0.241     0.372    u_memory_frontend/mem_word_index_u32[13]
                         LUT2 (Prop_LUT2_I1_O)        0.085     0.457 r  u_memory_frontend/profile_logical_read_word_o_INST_0_i_44/O
                         net (fo=7, unplaced)         0.239     0.696    u_memory_frontend/profile_logical_read_word_o_INST_0_i_44_n_0
                         LUT6 (Prop_LUT6_I4_O)        0.039     0.735 r  u_memory_frontend/profile_logical_read_word_o_INST_0_i_29/O
                         net (fo=117, unplaced)       0.303     1.038    u_memory_frontend/profile_logical_read_word_o_INST_0_i_29_n_0
                         LUT4 (Prop_LUT4_I0_O)        0.039     1.077 r  u_memory_frontend/req_fifo_contiguous_words[1][5]_i_11/O
                         net (fo=32, unplaced)        0.274     1.351    u_memory_frontend/req_fifo_contiguous_words[1][5]_i_11_n_0
                         LUT6 (Prop_LUT6_I0_O)        0.039     1.390 f  u_memory_frontend/req_fifo_word_address[1][15]_i_153/O
                         net (fo=2, unplaced)         0.214     1.604    u_memory_frontend/u_gemm_address_context/data1[5]
                         LUT6 (Prop_LUT6_I0_O)        0.039     1.643 f  u_memory_frontend/u_gemm_address_context/req_fifo_word_address[1][15]_i_120/O
                         net (fo=1, unplaced)         0.214     1.857    u_memory_frontend/u_gemm_address_context/req_fifo_word_address[1][15]_i_120_n_0
                         LUT6 (Prop_LUT6_I5_O)        0.039     1.896 r  u_memory_frontend/u_gemm_address_context/req_fifo_word_address[1][15]_i_66/O
                         net (fo=2, unplaced)         0.214     2.110    u_memory_frontend/u_gemm_address_context/req_fifo_word_address[1][15]_i_66_n_0
                         LUT3 (Prop_LUT3_I0_O)        0.085     2.195 f  u_memory_frontend/u_gemm_address_context/req_fifo_word_address[1][15]_i_31/O
                         net (fo=2, unplaced)         0.156     2.351    u_memory_frontend/u_gemm_address_context/req_fifo_word_address[1][15]_i_31_n_0
                         LUT6 (Prop_LUT6_I1_O)        0.064     2.415 r  u_memory_frontend/u_gemm_address_context/req_fifo_word_address[1][15]_i_8/O
                         net (fo=2, unplaced)         0.214     2.629    u_memory_frontend/u_gemm_address_context/req_fifo_word_address[1][15]_i_8_n_0
                         LUT5 (Prop_LUT5_I0_O)        0.039     2.668 r  u_memory_frontend/u_gemm_address_context/req_fifo_word_address[1][15]_i_16/O
                         net (fo=1, unplaced)         0.015     2.683    u_memory_frontend/u_gemm_address_context/req_fifo_word_address[1][15]_i_16_n_0
                         CARRY8 (Prop_CARRY8_S[4]_CO[7])
                                                      0.202     2.885 r  u_memory_frontend/u_gemm_address_context/req_fifo_word_address_reg[1][15]_i_3/CO[7]
                         net (fo=1, unplaced)         0.007     2.892    u_memory_frontend/u_gemm_address_context/req_fifo_word_address_reg[1][15]_i_3_n_0
                         CARRY8 (Prop_CARRY8_CI_CO[7])
                                                      0.030     2.922 r  u_memory_frontend/u_gemm_address_context/req_fifo_word_address_reg[1][23]_i_3/CO[7]
                         net (fo=1, unplaced)         0.007     2.929    u_memory_frontend/u_gemm_address_context/req_fifo_word_address_reg[1][23]_i_3_n_0
                         CARRY8 (Prop_CARRY8_CI_CO[7])
                                                      0.030     2.959 r  u_memory_frontend/u_gemm_address_context/req_fifo_word_address_reg[1][31]_i_4/CO[7]
                         net (fo=1, unplaced)         0.007     2.966    u_memory_frontend/u_gemm_address_context/req_fifo_word_address_reg[1][31]_i_4_n_0
                         CARRY8 (Prop_CARRY8_CI_CO[7])
                                                      0.030     2.996 r  u_memory_frontend/u_gemm_address_context/mem_state_reg[1]_i_12/CO[7]
                         net (fo=1, unplaced)         0.007     3.003    u_memory_frontend/u_gemm_address_context/mem_state_reg[1]_i_12_n_0
                         CARRY8 (Prop_CARRY8_CI_O[2])
                                                      0.086     3.089 r  u_memory_frontend/u_gemm_address_context/mem_state_reg[1]_i_33/O[2]
                         net (fo=1, unplaced)         0.215     3.304    u_memory_frontend/u_gemm_address_context/mem_state_reg[1]_i_33_n_13
                         LUT4 (Prop_LUT4_I3_O)        0.115     3.419 r  u_memory_frontend/u_gemm_address_context/mem_state[1]_i_115/O
                         net (fo=1, unplaced)         0.214     3.633    u_memory_frontend/u_gemm_address_context/mem_state[1]_i_115_n_0
                         LUT5 (Prop_LUT5_I4_O)        0.039     3.672 r  u_memory_frontend/u_gemm_address_context/mem_state[1]_i_70/O
                         net (fo=1, unplaced)         0.214     3.886    u_memory_frontend/u_gemm_address_context/mem_state[1]_i_70_n_0
                         LUT6 (Prop_LUT6_I5_O)        0.039     3.925 r  u_memory_frontend/u_gemm_address_context/mem_state[1]_i_34/O
                         net (fo=1, unplaced)         0.214     4.139    u_memory_frontend/u_gemm_address_context/mem_state[1]_i_34_n_0
                         LUT6 (Prop_LUT6_I4_O)        0.039     4.178 f  u_memory_frontend/u_gemm_address_context/mem_state[1]_i_13/O
                         net (fo=1, unplaced)         0.214     4.392    u_memory_frontend/u_gemm_address_context/mem_state[1]_i_13_n_0
                         LUT6 (Prop_LUT6_I2_O)        0.039     4.431 r  u_memory_frontend/u_gemm_address_context/mem_state[1]_i_8/O
                         net (fo=2, unplaced)         0.214     4.645    u_memory_frontend/u_gemm_address_context/mem_state[1]_i_8_n_0
                         LUT6 (Prop_LUT6_I5_O)        0.039     4.684 f  u_memory_frontend/u_gemm_address_context/req_fifo_contiguous_words[1][5]_i_6/O
                         net (fo=7, unplaced)         0.239     4.923    u_memory_frontend/u_gemm_address_context/req_fifo_contiguous_words[1][5]_i_6_n_0
                         LUT6 (Prop_LUT6_I0_O)        0.039     4.962 f  u_memory_frontend/u_gemm_address_context/profile_logical_read_word_o_INST_0_i_12/O
                         net (fo=4, unplaced)         0.226     5.188    u_memory_frontend/u_gemm_address_context/read_candidate_read_ahead_safe
                         LUT6 (Prop_LUT6_I5_O)        0.039     5.227 f  u_memory_frontend/u_gemm_address_context/profile_logical_read_word_o_INST_0_i_3/O
                         net (fo=8, unplaced)         0.242     5.469    u_memory_frontend/u_gemm_address_context/profile_logical_read_word_o_INST_0_i_3_n_0
                         LUT6 (Prop_LUT6_I4_O)        0.039     5.508 r  u_memory_frontend/u_gemm_address_context/req_fifo_count[1]_i_6/O
                         net (fo=10, unplaced)        0.189     5.697    u_mem_adapter/mem_req_valid
                         LUT6 (Prop_LUT6_I4_O)        0.064     5.761 r  u_mem_adapter/fill_start_word[3]_i_2/O
                         net (fo=116, unplaced)       0.303     6.064    u_mem_adapter/fill_start_word[3]_i_2_n_0
                         LUT5 (Prop_LUT5_I4_O)        0.039     6.103 r  u_mem_adapter/four_k_split_o_i_48/O
                         net (fo=4, unplaced)         0.226     6.329    u_mem_adapter/four_k_split_o_i_48_n_0
                         LUT6 (Prop_LUT6_I0_O)        0.039     6.368 r  u_mem_adapter/four_k_split_o_i_35/O
                         net (fo=1, unplaced)         0.018     6.386    u_mem_adapter/four_k_split_o_i_35_n_0
                         CARRY8 (Prop_CARRY8_S[0]_O[5])
                                                      0.295     6.681 f  u_mem_adapter/four_k_split_o_reg_i_11/O[5]
                         net (fo=7, unplaced)         0.187     6.868    u_mem_adapter/four_k_split_o_reg_i_11_n_10
                         LUT4 (Prop_LUT4_I0_O)        0.121     6.989 r  u_mem_adapter/four_k_split_o_i_59/O
                         net (fo=1, unplaced)         0.232     7.221    u_mem_adapter/four_k_split_o_i_59_n_0
                         CARRY8 (Prop_CARRY8_DI[2]_CO[7])
                                                      0.142     7.363 r  u_mem_adapter/four_k_split_o_reg_i_49/CO[7]
                         net (fo=1, unplaced)         0.007     7.370    u_mem_adapter/four_k_split_o_reg_i_49_n_0
                         CARRY8 (Prop_CARRY8_CI_CO[7])
                                                      0.030     7.400 r  u_mem_adapter/four_k_split_o_reg_i_36/CO[7]
                         net (fo=1, unplaced)         0.007     7.407    u_mem_adapter/four_k_split_o_reg_i_36_n_0
                         CARRY8 (Prop_CARRY8_CI_CO[0])
                                                      0.068     7.475 r  u_mem_adapter/four_k_split_o_reg_i_12/CO[0]
                         net (fo=13, unplaced)        0.253     7.728    u_mem_adapter/clamped_contiguous_words1
                         LUT6 (Prop_LUT6_I4_O)        0.039     7.767 r  u_mem_adapter/fill_desc_beats[0][0]_i_4/O
                         net (fo=8, unplaced)         0.242     8.009    u_mem_adapter/fill_desc_beats[0][0]_i_4_n_0
                         LUT5 (Prop_LUT5_I0_O)        0.085     8.094 r  u_mem_adapter/four_k_split_o_i_18/O
                         net (fo=3, unplaced)         0.220     8.314    u_mem_adapter/four_k_split_o_i_18_n_0
                         LUT6 (Prop_LUT6_I5_O)        0.039     8.353 r  u_mem_adapter/four_k_split_o_i_5/O
                         net (fo=2, unplaced)         0.259     8.612    u_mem_adapter/four_k_split_o_i_5_n_0
                         CARRY8 (Prop_CARRY8_DI[0]_CO[4])
                                                      0.229     8.841 r  u_mem_adapter/fill_desc_beats_reg[0][2]_i_3/CO[4]
                         net (fo=8, unplaced)         0.240     9.081    u_mem_adapter/fill_desc_beats_reg[0][2]_i_3_n_3
                         LUT6 (Prop_LUT6_I1_O)        0.039     9.120 r  u_mem_adapter/fill_desc_beats[0][0]_i_1/O
                         net (fo=22, unplaced)        0.265     9.385    u_mem_adapter/fill_desc_beats[0][0]_i_1_n_0
                         LUT2 (Prop_LUT2_I1_O)        0.040     9.425 r  u_mem_adapter/fill_desc_addr[1][10]_i_4/O
                         net (fo=1, unplaced)         0.017     9.442    u_mem_adapter/fill_desc_addr[1][10]_i_4_n_0
                         CARRY8 (Prop_CARRY8_S[1]_O[2])
                                                      0.144     9.586 r  u_mem_adapter/fill_desc_addr_reg[1][10]_i_1/O[2]
                         net (fo=6, unplaced)         0.236     9.822    u_mem_adapter/fill_desc_addr_reg[1][10]_i_1_n_13
                         LUT6 (Prop_LUT6_I0_O)        0.100     9.922 r  u_mem_adapter/fill_desc_beats[1][1]_i_3/O
                         net (fo=3, unplaced)         0.220    10.142    u_mem_adapter/fill_desc_beats[1][1]_i_3_n_0
                         LUT6 (Prop_LUT6_I5_O)        0.039    10.181 r  u_mem_adapter/fill_desc_beats[1][2]_i_25/O
                         net (fo=1, unplaced)         0.214    10.395    u_mem_adapter/fill_desc_beats[1][2]_i_25_n_0
                         LUT6 (Prop_LUT6_I0_O)        0.039    10.434 r  u_mem_adapter/fill_desc_beats[1][2]_i_18/O
                         net (fo=1, unplaced)         0.018    10.452    u_mem_adapter/fill_desc_beats[1][2]_i_18_n_0
                         CARRY8 (Prop_CARRY8_S[0]_CO[4])
                                                      0.266    10.718 r  u_mem_adapter/fill_desc_beats_reg[1][2]_i_5/CO[4]
                         net (fo=9, unplaced)         0.243    10.961    u_mem_adapter/planned_second_beats1
                         LUT6 (Prop_LUT6_I3_O)        0.039    11.000 r  u_mem_adapter/fill_desc_beats[1][0]_i_1/O
                         net (fo=15, unplaced)        0.256    11.256    u_mem_adapter/fill_desc_beats[1][0]_i_1_n_0
                         LUT2 (Prop_LUT2_I1_O)        0.085    11.341 r  u_mem_adapter/m_axi_arvalid_INST_0_i_227/O
                         net (fo=2, unplaced)         0.214    11.555    u_mem_adapter/m_axi_arvalid_INST_0_i_227_n_0
                         LUT6 (Prop_LUT6_I0_O)        0.039    11.594 r  u_mem_adapter/m_axi_arvalid_INST_0_i_216/O
                         net (fo=1, unplaced)         0.120    11.714    u_mem_adapter/m_axi_arvalid_INST_0_i_216_n_0
                         CARRY8 (Prop_CARRY8_DI[6]_CO[7])
                                                      0.081    11.795 r  u_mem_adapter/m_axi_arvalid_INST_0_i_206/CO[7]
                         net (fo=1, unplaced)         0.007    11.802    u_mem_adapter/m_axi_arvalid_INST_0_i_206_n_0
                         CARRY8 (Prop_CARRY8_CI_CO[7])
                                                      0.030    11.832 r  u_mem_adapter/m_axi_arvalid_INST_0_i_197/CO[7]
                         net (fo=1, unplaced)         0.007    11.839    u_mem_adapter/m_axi_arvalid_INST_0_i_197_n_0
                         CARRY8 (Prop_CARRY8_CI_CO[7])
                                                      0.030    11.869 r  u_mem_adapter/m_axi_arvalid_INST_0_i_173/CO[7]
                         net (fo=1, unplaced)         0.007    11.876    u_mem_adapter/m_axi_arvalid_INST_0_i_173_n_0
                         CARRY8 (Prop_CARRY8_CI_CO[7])
                                                      0.030    11.906 r  u_mem_adapter/m_axi_arvalid_INST_0_i_131/CO[7]
                         net (fo=1, unplaced)         0.007    11.913    u_mem_adapter/m_axi_arvalid_INST_0_i_131_n_0
                         CARRY8 (Prop_CARRY8_CI_CO[7])
                                                      0.030    11.943 r  u_mem_adapter/m_axi_arvalid_INST_0_i_92/CO[7]
                         net (fo=1, unplaced)         0.007    11.950    u_mem_adapter/m_axi_arvalid_INST_0_i_92_n_0
                         CARRY8 (Prop_CARRY8_CI_CO[7])
                                                      0.030    11.980 r  u_mem_adapter/m_axi_arvalid_INST_0_i_120/CO[7]
                         net (fo=1, unplaced)         0.007    11.987    u_mem_adapter/m_axi_arvalid_INST_0_i_120_n_0
                         CARRY8 (Prop_CARRY8_CI_O[4])
                                                      0.109    12.096 r  u_mem_adapter/m_axi_arvalid_INST_0_i_83/O[4]
                         net (fo=1, unplaced)         0.212    12.308    u_mem_adapter/planned_end_address_wide0[53]
                         LUT4 (Prop_LUT4_I1_O)        0.100    12.408 r  u_mem_adapter/m_axi_arvalid_INST_0_i_121/O
                         net (fo=1, unplaced)         0.214    12.622    u_mem_adapter/m_axi_arvalid_INST_0_i_121_n_0
                         LUT5 (Prop_LUT5_I4_O)        0.039    12.661 r  u_mem_adapter/m_axi_arvalid_INST_0_i_81/O
                         net (fo=1, unplaced)         0.214    12.875    u_mem_adapter/m_axi_arvalid_INST_0_i_81_n_0
                         LUT6 (Prop_LUT6_I4_O)        0.039    12.914 r  u_mem_adapter/m_axi_arvalid_INST_0_i_36/O
                         net (fo=1, unplaced)         0.214    13.128    u_mem_adapter/m_axi_arvalid_INST_0_i_36_n_0
                         LUT6 (Prop_LUT6_I1_O)        0.039    13.167 r  u_mem_adapter/m_axi_arvalid_INST_0_i_13/O
                         net (fo=2, unplaced)         0.156    13.323    u_mem_adapter/m_axi_arvalid_INST_0_i_13_n_0
                         LUT3 (Prop_LUT3_I0_O)        0.064    13.387 r  u_mem_adapter/m_axi_arvalid_INST_0_i_8/O
                         net (fo=2, unplaced)         0.214    13.601    u_mem_adapter/m_axi_arvalid_INST_0_i_8_n_0
                         LUT6 (Prop_LUT6_I0_O)        0.039    13.640 r  u_mem_adapter/m_axi_arvalid_INST_0_i_4/O
                         net (fo=8, unplaced)         0.184    13.824    u_mem_adapter/m_axi_arvalid_INST_0_i_4_n_0
                         LUT2 (Prop_LUT2_I1_O)        0.064    13.888 f  u_mem_adapter/linefill_start_o_i_1/O
                         net (fo=190, unplaced)       0.256    14.144    u_mem_adapter/linefill_start_o_i_1_n_0
                         LUT6 (Prop_LUT6_I1_O)        0.064    14.208 f  u_mem_adapter/line_consumed_bitmap[31]_i_4/O
                         net (fo=33, unplaced)        0.274    14.482    u_mem_adapter/line_valid
                         LUT4 (Prop_LUT4_I0_O)        0.039    14.521 r  u_mem_adapter/line_consumed_bitmap[24]_i_1/O
                         net (fo=1, unplaced)         0.058    14.579    u_mem_adapter/line_consumed_bitmap[24]_i_1_n_0
                         FDRE                                         r  u_mem_adapter/line_consumed_bitmap_reg[24]/D
  -------------------------------------------------------------------    -------------------

                         (clock aclk rise edge)      20.000    20.000 r  
                                                      0.000    20.000 r  aclk (IN)
                         net (fo=10922, unset)        0.024    20.024    u_mem_adapter/aclk
                         FDRE                                         r  u_mem_adapter/line_consumed_bitmap_reg[24]/C
                         clock pessimism              0.000    20.024    
                         clock uncertainty           -0.035    19.989    
                         FDRE (Setup_FDRE_C_D)        0.027    20.016    u_mem_adapter/line_consumed_bitmap_reg[24]
  -------------------------------------------------------------------
                         required time                         20.016    
                         arrival time                         -14.579    
  -------------------------------------------------------------------
                         slack                                  5.437    

Slack (MET) :             5.437ns  (required time - arrival time)
  Source:                 u_memory_frontend/mem_word_index_reg[13]/C
                            (rising edge-triggered cell FDRE clocked by aclk  {rise@0.000ns fall@10.000ns period=20.000ns})
  Destination:            u_mem_adapter/line_consumed_bitmap_reg[25]/D
                            (rising edge-triggered cell FDRE clocked by aclk  {rise@0.000ns fall@10.000ns period=20.000ns})
  Path Group:             aclk
  Path Type:              Setup (Max at Slow Process Corner)
  Requirement:            20.000ns  (aclk rise@20.000ns - aclk rise@0.000ns)
  Data Path Delay:        14.544ns  (logic 4.216ns (28.988%)  route 10.328ns (71.012%))
  Logic Levels:           61  (CARRY8=19 LUT2=4 LUT3=2 LUT4=4 LUT5=5 LUT6=27)
  Clock Path Skew:        -0.011ns (DCD - SCD + CPR)
    Destination Clock Delay (DCD):    0.024ns = ( 20.024 - 20.000 ) 
    Source Clock Delay      (SCD):    0.035ns
    Clock Pessimism Removal (CPR):    0.000ns
  Clock Uncertainty:      0.035ns  ((TSJ^2 + TIJ^2)^1/2 + DJ) / 2 + PE
    Total System Jitter     (TSJ):    0.071ns
    Total Input Jitter      (TIJ):    0.000ns
    Discrete Jitter          (DJ):    0.000ns
    Phase Error              (PE):    0.000ns

    Location             Delay type                Incr(ns)  Path(ns)    Netlist Resource(s)
  -------------------------------------------------------------------    -------------------
                         (clock aclk rise edge)       0.000     0.000 r  
                                                      0.000     0.000 r  aclk (IN)
                         net (fo=10922, unset)        0.035     0.035    u_memory_frontend/aclk
                         FDRE                                         r  u_memory_frontend/mem_word_index_reg[13]/C
  -------------------------------------------------------------------    -------------------
                         FDRE (Prop_FDRE_C_Q)         0.096     0.131 f  u_memory_frontend/mem_word_index_reg[13]/Q
                         net (fo=88, unplaced)        0.241     0.372    u_memory_frontend/mem_word_index_u32[13]
                         LUT2 (Prop_LUT2_I1_O)        0.085     0.457 r  u_memory_frontend/profile_logical_read_word_o_INST_0_i_44/O
                         net (fo=7, unplaced)         0.239     0.696    u_memory_frontend/profile_logical_read_word_o_INST_0_i_44_n_0
                         LUT6 (Prop_LUT6_I4_O)        0.039     0.735 r  u_memory_frontend/profile_logical_read_word_o_INST_0_i_29/O
                         net (fo=117, unplaced)       0.303     1.038    u_memory_frontend/profile_logical_read_word_o_INST_0_i_29_n_0
                         LUT4 (Prop_LUT4_I0_O)        0.039     1.077 r  u_memory_frontend/req_fifo_contiguous_words[1][5]_i_11/O
                         net (fo=32, unplaced)        0.274     1.351    u_memory_frontend/req_fifo_contiguous_words[1][5]_i_11_n_0
                         LUT6 (Prop_LUT6_I0_O)        0.039     1.390 f  u_memory_frontend/req_fifo_word_address[1][15]_i_153/O
                         net (fo=2, unplaced)         0.214     1.604    u_memory_frontend/u_gemm_address_context/data1[5]
                         LUT6 (Prop_LUT6_I0_O)        0.039     1.643 f  u_memory_frontend/u_gemm_address_context/req_fifo_word_address[1][15]_i_120/O
                         net (fo=1, unplaced)         0.214     1.857    u_memory_frontend/u_gemm_address_context/req_fifo_word_address[1][15]_i_120_n_0
                         LUT6 (Prop_LUT6_I5_O)        0.039     1.896 r  u_memory_frontend/u_gemm_address_context/req_fifo_word_address[1][15]_i_66/O
                         net (fo=2, unplaced)         0.214     2.110    u_memory_frontend/u_gemm_address_context/req_fifo_word_address[1][15]_i_66_n_0
                         LUT3 (Prop_LUT3_I0_O)        0.085     2.195 f  u_memory_frontend/u_gemm_address_context/req_fifo_word_address[1][15]_i_31/O
                         net (fo=2, unplaced)         0.156     2.351    u_memory_frontend/u_gemm_address_context/req_fifo_word_address[1][15]_i_31_n_0
                         LUT6 (Prop_LUT6_I1_O)        0.064     2.415 r  u_memory_frontend/u_gemm_address_context/req_fifo_word_address[1][15]_i_8/O
                         net (fo=2, unplaced)         0.214     2.629    u_memory_frontend/u_gemm_address_context/req_fifo_word_address[1][15]_i_8_n_0
                         LUT5 (Prop_LUT5_I0_O)        0.039     2.668 r  u_memory_frontend/u_gemm_address_context/req_fifo_word_address[1][15]_i_16/O
                         net (fo=1, unplaced)         0.015     2.683    u_memory_frontend/u_gemm_address_context/req_fifo_word_address[1][15]_i_16_n_0
                         CARRY8 (Prop_CARRY8_S[4]_CO[7])
                                                      0.202     2.885 r  u_memory_frontend/u_gemm_address_context/req_fifo_word_address_reg[1][15]_i_3/CO[7]
                         net (fo=1, unplaced)         0.007     2.892    u_memory_frontend/u_gemm_address_context/req_fifo_word_address_reg[1][15]_i_3_n_0
                         CARRY8 (Prop_CARRY8_CI_CO[7])
                                                      0.030     2.922 r  u_memory_frontend/u_gemm_address_context/req_fifo_word_address_reg[1][23]_i_3/CO[7]
                         net (fo=1, unplaced)         0.007     2.929    u_memory_frontend/u_gemm_address_context/req_fifo_word_address_reg[1][23]_i_3_n_0
                         CARRY8 (Prop_CARRY8_CI_CO[7])
                                                      0.030     2.959 r  u_memory_frontend/u_gemm_address_context/req_fifo_word_address_reg[1][31]_i_4/CO[7]
                         net (fo=1, unplaced)         0.007     2.966    u_memory_frontend/u_gemm_address_context/req_fifo_word_address_reg[1][31]_i_4_n_0
                         CARRY8 (Prop_CARRY8_CI_CO[7])
                                                      0.030     2.996 r  u_memory_frontend/u_gemm_address_context/mem_state_reg[1]_i_12/CO[7]
                         net (fo=1, unplaced)         0.007     3.003    u_memory_frontend/u_gemm_address_context/mem_state_reg[1]_i_12_n_0
                         CARRY8 (Prop_CARRY8_CI_O[2])
                                                      0.086     3.089 r  u_memory_frontend/u_gemm_address_context/mem_state_reg[1]_i_33/O[2]
                         net (fo=1, unplaced)         0.215     3.304    u_memory_frontend/u_gemm_address_context/mem_state_reg[1]_i_33_n_13
                         LUT4 (Prop_LUT4_I3_O)        0.115     3.419 r  u_memory_frontend/u_gemm_address_context/mem_state[1]_i_115/O
                         net (fo=1, unplaced)         0.214     3.633    u_memory_frontend/u_gemm_address_context/mem_state[1]_i_115_n_0
                         LUT5 (Prop_LUT5_I4_O)        0.039     3.672 r  u_memory_frontend/u_gemm_address_context/mem_state[1]_i_70/O
                         net (fo=1, unplaced)         0.214     3.886    u_memory_frontend/u_gemm_address_context/mem_state[1]_i_70_n_0
                         LUT6 (Prop_LUT6_I5_O)        0.039     3.925 r  u_memory_frontend/u_gemm_address_context/mem_state[1]_i_34/O
                         net (fo=1, unplaced)         0.214     4.139    u_memory_frontend/u_gemm_address_context/mem_state[1]_i_34_n_0
                         LUT6 (Prop_LUT6_I4_O)        0.039     4.178 f  u_memory_frontend/u_gemm_address_context/mem_state[1]_i_13/O
                         net (fo=1, unplaced)         0.214     4.392    u_memory_frontend/u_gemm_address_context/mem_state[1]_i_13_n_0
                         LUT6 (Prop_LUT6_I2_O)        0.039     4.431 r  u_memory_frontend/u_gemm_address_context/mem_state[1]_i_8/O
                         net (fo=2, unplaced)         0.214     4.645    u_memory_frontend/u_gemm_address_context/mem_state[1]_i_8_n_0
                         LUT6 (Prop_LUT6_I5_O)        0.039     4.684 f  u_memory_frontend/u_gemm_address_context/req_fifo_contiguous_words[1][5]_i_6/O
                         net (fo=7, unplaced)         0.239     4.923    u_memory_frontend/u_gemm_address_context/req_fifo_contiguous_words[1][5]_i_6_n_0
                         LUT6 (Prop_LUT6_I0_O)        0.039     4.962 f  u_memory_frontend/u_gemm_address_context/profile_logical_read_word_o_INST_0_i_12/O
                         net (fo=4, unplaced)         0.226     5.188    u_memory_frontend/u_gemm_address_context/read_candidate_read_ahead_safe
                         LUT6 (Prop_LUT6_I5_O)        0.039     5.227 f  u_memory_frontend/u_gemm_address_context/profile_logical_read_word_o_INST_0_i_3/O
                         net (fo=8, unplaced)         0.242     5.469    u_memory_frontend/u_gemm_address_context/profile_logical_read_word_o_INST_0_i_3_n_0
                         LUT6 (Prop_LUT6_I4_O)        0.039     5.508 r  u_memory_frontend/u_gemm_address_context/req_fifo_count[1]_i_6/O
                         net (fo=10, unplaced)        0.189     5.697    u_mem_adapter/mem_req_valid
                         LUT6 (Prop_LUT6_I4_O)        0.064     5.761 r  u_mem_adapter/fill_start_word[3]_i_2/O
                         net (fo=116, unplaced)       0.303     6.064    u_mem_adapter/fill_start_word[3]_i_2_n_0
                         LUT5 (Prop_LUT5_I4_O)        0.039     6.103 r  u_mem_adapter/four_k_split_o_i_48/O
                         net (fo=4, unplaced)         0.226     6.329    u_mem_adapter/four_k_split_o_i_48_n_0
                         LUT6 (Prop_LUT6_I0_O)        0.039     6.368 r  u_mem_adapter/four_k_split_o_i_35/O
                         net (fo=1, unplaced)         0.018     6.386    u_mem_adapter/four_k_split_o_i_35_n_0
                         CARRY8 (Prop_CARRY8_S[0]_O[5])
                                                      0.295     6.681 f  u_mem_adapter/four_k_split_o_reg_i_11/O[5]
                         net (fo=7, unplaced)         0.187     6.868    u_mem_adapter/four_k_split_o_reg_i_11_n_10
                         LUT4 (Prop_LUT4_I0_O)        0.121     6.989 r  u_mem_adapter/four_k_split_o_i_59/O
                         net (fo=1, unplaced)         0.232     7.221    u_mem_adapter/four_k_split_o_i_59_n_0
                         CARRY8 (Prop_CARRY8_DI[2]_CO[7])
                                                      0.142     7.363 r  u_mem_adapter/four_k_split_o_reg_i_49/CO[7]
                         net (fo=1, unplaced)         0.007     7.370    u_mem_adapter/four_k_split_o_reg_i_49_n_0
                         CARRY8 (Prop_CARRY8_CI_CO[7])
                                                      0.030     7.400 r  u_mem_adapter/four_k_split_o_reg_i_36/CO[7]
                         net (fo=1, unplaced)         0.007     7.407    u_mem_adapter/four_k_split_o_reg_i_36_n_0
                         CARRY8 (Prop_CARRY8_CI_CO[0])
                                                      0.068     7.475 r  u_mem_adapter/four_k_split_o_reg_i_12/CO[0]
                         net (fo=13, unplaced)        0.253     7.728    u_mem_adapter/clamped_contiguous_words1
                         LUT6 (Prop_LUT6_I4_O)        0.039     7.767 r  u_mem_adapter/fill_desc_beats[0][0]_i_4/O
                         net (fo=8, unplaced)         0.242     8.009    u_mem_adapter/fill_desc_beats[0][0]_i_4_n_0
                         LUT5 (Prop_LUT5_I0_O)        0.085     8.094 r  u_mem_adapter/four_k_split_o_i_18/O
                         net (fo=3, unplaced)         0.220     8.314    u_mem_adapter/four_k_split_o_i_18_n_0
                         LUT6 (Prop_LUT6_I5_O)        0.039     8.353 r  u_mem_adapter/four_k_split_o_i_5/O
                         net (fo=2, unplaced)         0.259     8.612    u_mem_adapter/four_k_split_o_i_5_n_0
                         CARRY8 (Prop_CARRY8_DI[0]_CO[4])
                                                      0.229     8.841 r  u_mem_adapter/fill_desc_beats_reg[0][2]_i_3/CO[4]
                         net (fo=8, unplaced)         0.240     9.081    u_mem_adapter/fill_desc_beats_reg[0][2]_i_3_n_3
                         LUT6 (Prop_LUT6_I1_O)        0.039     9.120 r  u_mem_adapter/fill_desc_beats[0][0]_i_1/O
                         net (fo=22, unplaced)        0.265     9.385    u_mem_adapter/fill_desc_beats[0][0]_i_1_n_0
                         LUT2 (Prop_LUT2_I1_O)        0.040     9.425 r  u_mem_adapter/fill_desc_addr[1][10]_i_4/O
                         net (fo=1, unplaced)         0.017     9.442    u_mem_adapter/fill_desc_addr[1][10]_i_4_n_0
                         CARRY8 (Prop_CARRY8_S[1]_O[2])
                                                      0.144     9.586 r  u_mem_adapter/fill_desc_addr_reg[1][10]_i_1/O[2]
                         net (fo=6, unplaced)         0.236     9.822    u_mem_adapter/fill_desc_addr_reg[1][10]_i_1_n_13
                         LUT6 (Prop_LUT6_I0_O)        0.100     9.922 r  u_mem_adapter/fill_desc_beats[1][1]_i_3/O
                         net (fo=3, unplaced)         0.220    10.142    u_mem_adapter/fill_desc_beats[1][1]_i_3_n_0
                         LUT6 (Prop_LUT6_I5_O)        0.039    10.181 r  u_mem_adapter/fill_desc_beats[1][2]_i_25/O
                         net (fo=1, unplaced)         0.214    10.395    u_mem_adapter/fill_desc_beats[1][2]_i_25_n_0
                         LUT6 (Prop_LUT6_I0_O)        0.039    10.434 r  u_mem_adapter/fill_desc_beats[1][2]_i_18/O
                         net (fo=1, unplaced)         0.018    10.452    u_mem_adapter/fill_desc_beats[1][2]_i_18_n_0
                         CARRY8 (Prop_CARRY8_S[0]_CO[4])
                                                      0.266    10.718 r  u_mem_adapter/fill_desc_beats_reg[1][2]_i_5/CO[4]
                         net (fo=9, unplaced)         0.243    10.961    u_mem_adapter/planned_second_beats1
                         LUT6 (Prop_LUT6_I3_O)        0.039    11.000 r  u_mem_adapter/fill_desc_beats[1][0]_i_1/O
                         net (fo=15, unplaced)        0.256    11.256    u_mem_adapter/fill_desc_beats[1][0]_i_1_n_0
                         LUT2 (Prop_LUT2_I1_O)        0.085    11.341 r  u_mem_adapter/m_axi_arvalid_INST_0_i_227/O
                         net (fo=2, unplaced)         0.214    11.555    u_mem_adapter/m_axi_arvalid_INST_0_i_227_n_0
                         LUT6 (Prop_LUT6_I0_O)        0.039    11.594 r  u_mem_adapter/m_axi_arvalid_INST_0_i_216/O
                         net (fo=1, unplaced)         0.120    11.714    u_mem_adapter/m_axi_arvalid_INST_0_i_216_n_0
                         CARRY8 (Prop_CARRY8_DI[6]_CO[7])
                                                      0.081    11.795 r  u_mem_adapter/m_axi_arvalid_INST_0_i_206/CO[7]
                         net (fo=1, unplaced)         0.007    11.802    u_mem_adapter/m_axi_arvalid_INST_0_i_206_n_0
                         CARRY8 (Prop_CARRY8_CI_CO[7])
                                                      0.030    11.832 r  u_mem_adapter/m_axi_arvalid_INST_0_i_197/CO[7]
                         net (fo=1, unplaced)         0.007    11.839    u_mem_adapter/m_axi_arvalid_INST_0_i_197_n_0
                         CARRY8 (Prop_CARRY8_CI_CO[7])
                                                      0.030    11.869 r  u_mem_adapter/m_axi_arvalid_INST_0_i_173/CO[7]
                         net (fo=1, unplaced)         0.007    11.876    u_mem_adapter/m_axi_arvalid_INST_0_i_173_n_0
                         CARRY8 (Prop_CARRY8_CI_CO[7])
                                                      0.030    11.906 r  u_mem_adapter/m_axi_arvalid_INST_0_i_131/CO[7]
                         net (fo=1, unplaced)         0.007    11.913    u_mem_adapter/m_axi_arvalid_INST_0_i_131_n_0
                         CARRY8 (Prop_CARRY8_CI_CO[7])
                                                      0.030    11.943 r  u_mem_adapter/m_axi_arvalid_INST_0_i_92/CO[7]
                         net (fo=1, unplaced)         0.007    11.950    u_mem_adapter/m_axi_arvalid_INST_0_i_92_n_0
                         CARRY8 (Prop_CARRY8_CI_CO[7])
                                                      0.030    11.980 r  u_mem_adapter/m_axi_arvalid_INST_0_i_120/CO[7]
                         net (fo=1, unplaced)         0.007    11.987    u_mem_adapter/m_axi_arvalid_INST_0_i_120_n_0
                         CARRY8 (Prop_CARRY8_CI_O[4])
                                                      0.109    12.096 r  u_mem_adapter/m_axi_arvalid_INST_0_i_83/O[4]
                         net (fo=1, unplaced)         0.212    12.308    u_mem_adapter/planned_end_address_wide0[53]
                         LUT4 (Prop_LUT4_I1_O)        0.100    12.408 r  u_mem_adapter/m_axi_arvalid_INST_0_i_121/O
                         net (fo=1, unplaced)         0.214    12.622    u_mem_adapter/m_axi_arvalid_INST_0_i_121_n_0
                         LUT5 (Prop_LUT5_I4_O)        0.039    12.661 r  u_mem_adapter/m_axi_arvalid_INST_0_i_81/O
                         net (fo=1, unplaced)         0.214    12.875    u_mem_adapter/m_axi_arvalid_INST_0_i_81_n_0
                         LUT6 (Prop_LUT6_I4_O)        0.039    12.914 r  u_mem_adapter/m_axi_arvalid_INST_0_i_36/O
                         net (fo=1, unplaced)         0.214    13.128    u_mem_adapter/m_axi_arvalid_INST_0_i_36_n_0
                         LUT6 (Prop_LUT6_I1_O)        0.039    13.167 r  u_mem_adapter/m_axi_arvalid_INST_0_i_13/O
                         net (fo=2, unplaced)         0.156    13.323    u_mem_adapter/m_axi_arvalid_INST_0_i_13_n_0
                         LUT3 (Prop_LUT3_I0_O)        0.064    13.387 r  u_mem_adapter/m_axi_arvalid_INST_0_i_8/O
                         net (fo=2, unplaced)         0.214    13.601    u_mem_adapter/m_axi_arvalid_INST_0_i_8_n_0
                         LUT6 (Prop_LUT6_I0_O)        0.039    13.640 r  u_mem_adapter/m_axi_arvalid_INST_0_i_4/O
                         net (fo=8, unplaced)         0.184    13.824    u_mem_adapter/m_axi_arvalid_INST_0_i_4_n_0
                         LUT2 (Prop_LUT2_I1_O)        0.064    13.888 f  u_mem_adapter/linefill_start_o_i_1/O
                         net (fo=190, unplaced)       0.256    14.144    u_mem_adapter/linefill_start_o_i_1_n_0
                         LUT6 (Prop_LUT6_I1_O)        0.064    14.208 f  u_mem_adapter/line_consumed_bitmap[31]_i_4/O
                         net (fo=33, unplaced)        0.274    14.482    u_mem_adapter/line_valid
                         LUT6 (Prop_LUT6_I3_O)        0.039    14.521 r  u_mem_adapter/line_consumed_bitmap[25]_i_1/O
                         net (fo=1, unplaced)         0.058    14.579    u_mem_adapter/line_consumed_bitmap[25]_i_1_n_0
                         FDRE                                         r  u_mem_adapter/line_consumed_bitmap_reg[25]/D
  -------------------------------------------------------------------    -------------------

                         (clock aclk rise edge)      20.000    20.000 r  
                                                      0.000    20.000 r  aclk (IN)
                         net (fo=10922, unset)        0.024    20.024    u_mem_adapter/aclk
                         FDRE                                         r  u_mem_adapter/line_consumed_bitmap_reg[25]/C
                         clock pessimism              0.000    20.024    
                         clock uncertainty           -0.035    19.989    
                         FDRE (Setup_FDRE_C_D)        0.027    20.016    u_mem_adapter/line_consumed_bitmap_reg[25]
  -------------------------------------------------------------------
                         required time                         20.016    
                         arrival time                         -14.579    
  -------------------------------------------------------------------
                         slack                                  5.437    

Slack (MET) :             5.437ns  (required time - arrival time)
  Source:                 u_memory_frontend/mem_word_index_reg[13]/C
                            (rising edge-triggered cell FDRE clocked by aclk  {rise@0.000ns fall@10.000ns period=20.000ns})
  Destination:            u_mem_adapter/line_consumed_bitmap_reg[26]/D
                            (rising edge-triggered cell FDRE clocked by aclk  {rise@0.000ns fall@10.000ns period=20.000ns})
  Path Group:             aclk
  Path Type:              Setup (Max at Slow Process Corner)
  Requirement:            20.000ns  (aclk rise@20.000ns - aclk rise@0.000ns)
  Data Path Delay:        14.544ns  (logic 4.216ns (28.988%)  route 10.328ns (71.012%))
  Logic Levels:           61  (CARRY8=19 LUT2=4 LUT3=2 LUT4=4 LUT5=5 LUT6=27)
  Clock Path Skew:        -0.011ns (DCD - SCD + CPR)
    Destination Clock Delay (DCD):    0.024ns = ( 20.024 - 20.000 ) 
    Source Clock Delay      (SCD):    0.035ns
    Clock Pessimism Removal (CPR):    0.000ns
  Clock Uncertainty:      0.035ns  ((TSJ^2 + TIJ^2)^1/2 + DJ) / 2 + PE
    Total System Jitter     (TSJ):    0.071ns
    Total Input Jitter      (TIJ):    0.000ns
    Discrete Jitter          (DJ):    0.000ns
    Phase Error              (PE):    0.000ns

    Location             Delay type                Incr(ns)  Path(ns)    Netlist Resource(s)
  -------------------------------------------------------------------    -------------------
                         (clock aclk rise edge)       0.000     0.000 r  
                                                      0.000     0.000 r  aclk (IN)
                         net (fo=10922, unset)        0.035     0.035    u_memory_frontend/aclk
                         FDRE                                         r  u_memory_frontend/mem_word_index_reg[13]/C
  -------------------------------------------------------------------    -------------------
                         FDRE (Prop_FDRE_C_Q)         0.096     0.131 f  u_memory_frontend/mem_word_index_reg[13]/Q
                         net (fo=88, unplaced)        0.241     0.372    u_memory_frontend/mem_word_index_u32[13]
                         LUT2 (Prop_LUT2_I1_O)        0.085     0.457 r  u_memory_frontend/profile_logical_read_word_o_INST_0_i_44/O
                         net (fo=7, unplaced)         0.239     0.696    u_memory_frontend/profile_logical_read_word_o_INST_0_i_44_n_0
                         LUT6 (Prop_LUT6_I4_O)        0.039     0.735 r  u_memory_frontend/profile_logical_read_word_o_INST_0_i_29/O
                         net (fo=117, unplaced)       0.303     1.038    u_memory_frontend/profile_logical_read_word_o_INST_0_i_29_n_0
                         LUT4 (Prop_LUT4_I0_O)        0.039     1.077 r  u_memory_frontend/req_fifo_contiguous_words[1][5]_i_11/O
                         net (fo=32, unplaced)        0.274     1.351    u_memory_frontend/req_fifo_contiguous_words[1][5]_i_11_n_0
                         LUT6 (Prop_LUT6_I0_O)        0.039     1.390 f  u_memory_frontend/req_fifo_word_address[1][15]_i_153/O
                         net (fo=2, unplaced)         0.214     1.604    u_memory_frontend/u_gemm_address_context/data1[5]
                         LUT6 (Prop_LUT6_I0_O)        0.039     1.643 f  u_memory_frontend/u_gemm_address_context/req_fifo_word_address[1][15]_i_120/O
                         net (fo=1, unplaced)         0.214     1.857    u_memory_frontend/u_gemm_address_context/req_fifo_word_address[1][15]_i_120_n_0
                         LUT6 (Prop_LUT6_I5_O)        0.039     1.896 r  u_memory_frontend/u_gemm_address_context/req_fifo_word_address[1][15]_i_66/O
                         net (fo=2, unplaced)         0.214     2.110    u_memory_frontend/u_gemm_address_context/req_fifo_word_address[1][15]_i_66_n_0
                         LUT3 (Prop_LUT3_I0_O)        0.085     2.195 f  u_memory_frontend/u_gemm_address_context/req_fifo_word_address[1][15]_i_31/O
                         net (fo=2, unplaced)         0.156     2.351    u_memory_frontend/u_gemm_address_context/req_fifo_word_address[1][15]_i_31_n_0
                         LUT6 (Prop_LUT6_I1_O)        0.064     2.415 r  u_memory_frontend/u_gemm_address_context/req_fifo_word_address[1][15]_i_8/O
                         net (fo=2, unplaced)         0.214     2.629    u_memory_frontend/u_gemm_address_context/req_fifo_word_address[1][15]_i_8_n_0
                         LUT5 (Prop_LUT5_I0_O)        0.039     2.668 r  u_memory_frontend/u_gemm_address_context/req_fifo_word_address[1][15]_i_16/O
                         net (fo=1, unplaced)         0.015     2.683    u_memory_frontend/u_gemm_address_context/req_fifo_word_address[1][15]_i_16_n_0
                         CARRY8 (Prop_CARRY8_S[4]_CO[7])
                                                      0.202     2.885 r  u_memory_frontend/u_gemm_address_context/req_fifo_word_address_reg[1][15]_i_3/CO[7]
                         net (fo=1, unplaced)         0.007     2.892    u_memory_frontend/u_gemm_address_context/req_fifo_word_address_reg[1][15]_i_3_n_0
                         CARRY8 (Prop_CARRY8_CI_CO[7])
                                                      0.030     2.922 r  u_memory_frontend/u_gemm_address_context/req_fifo_word_address_reg[1][23]_i_3/CO[7]
                         net (fo=1, unplaced)         0.007     2.929    u_memory_frontend/u_gemm_address_context/req_fifo_word_address_reg[1][23]_i_3_n_0
                         CARRY8 (Prop_CARRY8_CI_CO[7])
                                                      0.030     2.959 r  u_memory_frontend/u_gemm_address_context/req_fifo_word_address_reg[1][31]_i_4/CO[7]
                         net (fo=1, unplaced)         0.007     2.966    u_memory_frontend/u_gemm_address_context/req_fifo_word_address_reg[1][31]_i_4_n_0
                         CARRY8 (Prop_CARRY8_CI_CO[7])
                                                      0.030     2.996 r  u_memory_frontend/u_gemm_address_context/mem_state_reg[1]_i_12/CO[7]
                         net (fo=1, unplaced)         0.007     3.003    u_memory_frontend/u_gemm_address_context/mem_state_reg[1]_i_12_n_0
                         CARRY8 (Prop_CARRY8_CI_O[2])
                                                      0.086     3.089 r  u_memory_frontend/u_gemm_address_context/mem_state_reg[1]_i_33/O[2]
                         net (fo=1, unplaced)         0.215     3.304    u_memory_frontend/u_gemm_address_context/mem_state_reg[1]_i_33_n_13
                         LUT4 (Prop_LUT4_I3_O)        0.115     3.419 r  u_memory_frontend/u_gemm_address_context/mem_state[1]_i_115/O
                         net (fo=1, unplaced)         0.214     3.633    u_memory_frontend/u_gemm_address_context/mem_state[1]_i_115_n_0
                         LUT5 (Prop_LUT5_I4_O)        0.039     3.672 r  u_memory_frontend/u_gemm_address_context/mem_state[1]_i_70/O
                         net (fo=1, unplaced)         0.214     3.886    u_memory_frontend/u_gemm_address_context/mem_state[1]_i_70_n_0
                         LUT6 (Prop_LUT6_I5_O)        0.039     3.925 r  u_memory_frontend/u_gemm_address_context/mem_state[1]_i_34/O
                         net (fo=1, unplaced)         0.214     4.139    u_memory_frontend/u_gemm_address_context/mem_state[1]_i_34_n_0
                         LUT6 (Prop_LUT6_I4_O)        0.039     4.178 f  u_memory_frontend/u_gemm_address_context/mem_state[1]_i_13/O
                         net (fo=1, unplaced)         0.214     4.392    u_memory_frontend/u_gemm_address_context/mem_state[1]_i_13_n_0
                         LUT6 (Prop_LUT6_I2_O)        0.039     4.431 r  u_memory_frontend/u_gemm_address_context/mem_state[1]_i_8/O
                         net (fo=2, unplaced)         0.214     4.645    u_memory_frontend/u_gemm_address_context/mem_state[1]_i_8_n_0
                         LUT6 (Prop_LUT6_I5_O)        0.039     4.684 f  u_memory_frontend/u_gemm_address_context/req_fifo_contiguous_words[1][5]_i_6/O
                         net (fo=7, unplaced)         0.239     4.923    u_memory_frontend/u_gemm_address_context/req_fifo_contiguous_words[1][5]_i_6_n_0
                         LUT6 (Prop_LUT6_I0_O)        0.039     4.962 f  u_memory_frontend/u_gemm_address_context/profile_logical_read_word_o_INST_0_i_12/O
                         net (fo=4, unplaced)         0.226     5.188    u_memory_frontend/u_gemm_address_context/read_candidate_read_ahead_safe
                         LUT6 (Prop_LUT6_I5_O)        0.039     5.227 f  u_memory_frontend/u_gemm_address_context/profile_logical_read_word_o_INST_0_i_3/O
                         net (fo=8, unplaced)         0.242     5.469    u_memory_frontend/u_gemm_address_context/profile_logical_read_word_o_INST_0_i_3_n_0
                         LUT6 (Prop_LUT6_I4_O)        0.039     5.508 r  u_memory_frontend/u_gemm_address_context/req_fifo_count[1]_i_6/O
                         net (fo=10, unplaced)        0.189     5.697    u_mem_adapter/mem_req_valid
                         LUT6 (Prop_LUT6_I4_O)        0.064     5.761 r  u_mem_adapter/fill_start_word[3]_i_2/O
                         net (fo=116, unplaced)       0.303     6.064    u_mem_adapter/fill_start_word[3]_i_2_n_0
                         LUT5 (Prop_LUT5_I4_O)        0.039     6.103 r  u_mem_adapter/four_k_split_o_i_48/O
                         net (fo=4, unplaced)         0.226     6.329    u_mem_adapter/four_k_split_o_i_48_n_0
                         LUT6 (Prop_LUT6_I0_O)        0.039     6.368 r  u_mem_adapter/four_k_split_o_i_35/O
                         net (fo=1, unplaced)         0.018     6.386    u_mem_adapter/four_k_split_o_i_35_n_0
                         CARRY8 (Prop_CARRY8_S[0]_O[5])
                                                      0.295     6.681 f  u_mem_adapter/four_k_split_o_reg_i_11/O[5]
                         net (fo=7, unplaced)         0.187     6.868    u_mem_adapter/four_k_split_o_reg_i_11_n_10
                         LUT4 (Prop_LUT4_I0_O)        0.121     6.989 r  u_mem_adapter/four_k_split_o_i_59/O
                         net (fo=1, unplaced)         0.232     7.221    u_mem_adapter/four_k_split_o_i_59_n_0
                         CARRY8 (Prop_CARRY8_DI[2]_CO[7])
                                                      0.142     7.363 r  u_mem_adapter/four_k_split_o_reg_i_49/CO[7]
                         net (fo=1, unplaced)         0.007     7.370    u_mem_adapter/four_k_split_o_reg_i_49_n_0
                         CARRY8 (Prop_CARRY8_CI_CO[7])
                                                      0.030     7.400 r  u_mem_adapter/four_k_split_o_reg_i_36/CO[7]
                         net (fo=1, unplaced)         0.007     7.407    u_mem_adapter/four_k_split_o_reg_i_36_n_0
                         CARRY8 (Prop_CARRY8_CI_CO[0])
                                                      0.068     7.475 r  u_mem_adapter/four_k_split_o_reg_i_12/CO[0]
                         net (fo=13, unplaced)        0.253     7.728    u_mem_adapter/clamped_contiguous_words1
                         LUT6 (Prop_LUT6_I4_O)        0.039     7.767 r  u_mem_adapter/fill_desc_beats[0][0]_i_4/O
                         net (fo=8, unplaced)         0.242     8.009    u_mem_adapter/fill_desc_beats[0][0]_i_4_n_0
                         LUT5 (Prop_LUT5_I0_O)        0.085     8.094 r  u_mem_adapter/four_k_split_o_i_18/O
                         net (fo=3, unplaced)         0.220     8.314    u_mem_adapter/four_k_split_o_i_18_n_0
                         LUT6 (Prop_LUT6_I5_O)        0.039     8.353 r  u_mem_adapter/four_k_split_o_i_5/O
                         net (fo=2, unplaced)         0.259     8.612    u_mem_adapter/four_k_split_o_i_5_n_0
                         CARRY8 (Prop_CARRY8_DI[0]_CO[4])
                                                      0.229     8.841 r  u_mem_adapter/fill_desc_beats_reg[0][2]_i_3/CO[4]
                         net (fo=8, unplaced)         0.240     9.081    u_mem_adapter/fill_desc_beats_reg[0][2]_i_3_n_3
                         LUT6 (Prop_LUT6_I1_O)        0.039     9.120 r  u_mem_adapter/fill_desc_beats[0][0]_i_1/O
                         net (fo=22, unplaced)        0.265     9.385    u_mem_adapter/fill_desc_beats[0][0]_i_1_n_0
                         LUT2 (Prop_LUT2_I1_O)        0.040     9.425 r  u_mem_adapter/fill_desc_addr[1][10]_i_4/O
                         net (fo=1, unplaced)         0.017     9.442    u_mem_adapter/fill_desc_addr[1][10]_i_4_n_0
                         CARRY8 (Prop_CARRY8_S[1]_O[2])
                                                      0.144     9.586 r  u_mem_adapter/fill_desc_addr_reg[1][10]_i_1/O[2]
                         net (fo=6, unplaced)         0.236     9.822    u_mem_adapter/fill_desc_addr_reg[1][10]_i_1_n_13
                         LUT6 (Prop_LUT6_I0_O)        0.100     9.922 r  u_mem_adapter/fill_desc_beats[1][1]_i_3/O
                         net (fo=3, unplaced)         0.220    10.142    u_mem_adapter/fill_desc_beats[1][1]_i_3_n_0
                         LUT6 (Prop_LUT6_I5_O)        0.039    10.181 r  u_mem_adapter/fill_desc_beats[1][2]_i_25/O
                         net (fo=1, unplaced)         0.214    10.395    u_mem_adapter/fill_desc_beats[1][2]_i_25_n_0
                         LUT6 (Prop_LUT6_I0_O)        0.039    10.434 r  u_mem_adapter/fill_desc_beats[1][2]_i_18/O
                         net (fo=1, unplaced)         0.018    10.452    u_mem_adapter/fill_desc_beats[1][2]_i_18_n_0
                         CARRY8 (Prop_CARRY8_S[0]_CO[4])
                                                      0.266    10.718 r  u_mem_adapter/fill_desc_beats_reg[1][2]_i_5/CO[4]
                         net (fo=9, unplaced)         0.243    10.961    u_mem_adapter/planned_second_beats1
                         LUT6 (Prop_LUT6_I3_O)        0.039    11.000 r  u_mem_adapter/fill_desc_beats[1][0]_i_1/O
                         net (fo=15, unplaced)        0.256    11.256    u_mem_adapter/fill_desc_beats[1][0]_i_1_n_0
                         LUT2 (Prop_LUT2_I1_O)        0.085    11.341 r  u_mem_adapter/m_axi_arvalid_INST_0_i_227/O
                         net (fo=2, unplaced)         0.214    11.555    u_mem_adapter/m_axi_arvalid_INST_0_i_227_n_0
                         LUT6 (Prop_LUT6_I0_O)        0.039    11.594 r  u_mem_adapter/m_axi_arvalid_INST_0_i_216/O
                         net (fo=1, unplaced)         0.120    11.714    u_mem_adapter/m_axi_arvalid_INST_0_i_216_n_0
                         CARRY8 (Prop_CARRY8_DI[6]_CO[7])
                                                      0.081    11.795 r  u_mem_adapter/m_axi_arvalid_INST_0_i_206/CO[7]
                         net (fo=1, unplaced)         0.007    11.802    u_mem_adapter/m_axi_arvalid_INST_0_i_206_n_0
                         CARRY8 (Prop_CARRY8_CI_CO[7])
                                                      0.030    11.832 r  u_mem_adapter/m_axi_arvalid_INST_0_i_197/CO[7]
                         net (fo=1, unplaced)         0.007    11.839    u_mem_adapter/m_axi_arvalid_INST_0_i_197_n_0
                         CARRY8 (Prop_CARRY8_CI_CO[7])
                                                      0.030    11.869 r  u_mem_adapter/m_axi_arvalid_INST_0_i_173/CO[7]
                         net (fo=1, unplaced)         0.007    11.876    u_mem_adapter/m_axi_arvalid_INST_0_i_173_n_0
                         CARRY8 (Prop_CARRY8_CI_CO[7])
                                                      0.030    11.906 r  u_mem_adapter/m_axi_arvalid_INST_0_i_131/CO[7]
                         net (fo=1, unplaced)         0.007    11.913    u_mem_adapter/m_axi_arvalid_INST_0_i_131_n_0
                         CARRY8 (Prop_CARRY8_CI_CO[7])
                                                      0.030    11.943 r  u_mem_adapter/m_axi_arvalid_INST_0_i_92/CO[7]
                         net (fo=1, unplaced)         0.007    11.950    u_mem_adapter/m_axi_arvalid_INST_0_i_92_n_0
                         CARRY8 (Prop_CARRY8_CI_CO[7])
                                                      0.030    11.980 r  u_mem_adapter/m_axi_arvalid_INST_0_i_120/CO[7]
                         net (fo=1, unplaced)         0.007    11.987    u_mem_adapter/m_axi_arvalid_INST_0_i_120_n_0
                         CARRY8 (Prop_CARRY8_CI_O[4])
                                                      0.109    12.096 r  u_mem_adapter/m_axi_arvalid_INST_0_i_83/O[4]
                         net (fo=1, unplaced)         0.212    12.308    u_mem_adapter/planned_end_address_wide0[53]
                         LUT4 (Prop_LUT4_I1_O)        0.100    12.408 r  u_mem_adapter/m_axi_arvalid_INST_0_i_121/O
                         net (fo=1, unplaced)         0.214    12.622    u_mem_adapter/m_axi_arvalid_INST_0_i_121_n_0
                         LUT5 (Prop_LUT5_I4_O)        0.039    12.661 r  u_mem_adapter/m_axi_arvalid_INST_0_i_81/O
                         net (fo=1, unplaced)         0.214    12.875    u_mem_adapter/m_axi_arvalid_INST_0_i_81_n_0
                         LUT6 (Prop_LUT6_I4_O)        0.039    12.914 r  u_mem_adapter/m_axi_arvalid_INST_0_i_36/O
                         net (fo=1, unplaced)         0.214    13.128    u_mem_adapter/m_axi_arvalid_INST_0_i_36_n_0
                         LUT6 (Prop_LUT6_I1_O)        0.039    13.167 r  u_mem_adapter/m_axi_arvalid_INST_0_i_13/O
                         net (fo=2, unplaced)         0.156    13.323    u_mem_adapter/m_axi_arvalid_INST_0_i_13_n_0
                         LUT3 (Prop_LUT3_I0_O)        0.064    13.387 r  u_mem_adapter/m_axi_arvalid_INST_0_i_8/O
                         net (fo=2, unplaced)         0.214    13.601    u_mem_adapter/m_axi_arvalid_INST_0_i_8_n_0
                         LUT6 (Prop_LUT6_I0_O)        0.039    13.640 r  u_mem_adapter/m_axi_arvalid_INST_0_i_4/O
                         net (fo=8, unplaced)         0.184    13.824    u_mem_adapter/m_axi_arvalid_INST_0_i_4_n_0
                         LUT2 (Prop_LUT2_I1_O)        0.064    13.888 f  u_mem_adapter/linefill_start_o_i_1/O
                         net (fo=190, unplaced)       0.256    14.144    u_mem_adapter/linefill_start_o_i_1_n_0
                         LUT6 (Prop_LUT6_I1_O)        0.064    14.208 f  u_mem_adapter/line_consumed_bitmap[31]_i_4/O
                         net (fo=33, unplaced)        0.274    14.482    u_mem_adapter/line_valid
                         LUT6 (Prop_LUT6_I3_O)        0.039    14.521 r  u_mem_adapter/line_consumed_bitmap[26]_i_1/O
                         net (fo=1, unplaced)         0.058    14.579    u_mem_adapter/line_consumed_bitmap[26]_i_1_n_0
                         FDRE                                         r  u_mem_adapter/line_consumed_bitmap_reg[26]/D
  -------------------------------------------------------------------    -------------------

                         (clock aclk rise edge)      20.000    20.000 r  
                                                      0.000    20.000 r  aclk (IN)
                         net (fo=10922, unset)        0.024    20.024    u_mem_adapter/aclk
                         FDRE                                         r  u_mem_adapter/line_consumed_bitmap_reg[26]/C
                         clock pessimism              0.000    20.024    
                         clock uncertainty           -0.035    19.989    
                         FDRE (Setup_FDRE_C_D)        0.027    20.016    u_mem_adapter/line_consumed_bitmap_reg[26]
  -------------------------------------------------------------------
                         required time                         20.016    
                         arrival time                         -14.579    
  -------------------------------------------------------------------
                         slack                                  5.437    

Slack (MET) :             5.437ns  (required time - arrival time)
  Source:                 u_memory_frontend/mem_word_index_reg[13]/C
                            (rising edge-triggered cell FDRE clocked by aclk  {rise@0.000ns fall@10.000ns period=20.000ns})
  Destination:            u_mem_adapter/line_consumed_bitmap_reg[27]/D
                            (rising edge-triggered cell FDRE clocked by aclk  {rise@0.000ns fall@10.000ns period=20.000ns})
  Path Group:             aclk
  Path Type:              Setup (Max at Slow Process Corner)
  Requirement:            20.000ns  (aclk rise@20.000ns - aclk rise@0.000ns)
  Data Path Delay:        14.544ns  (logic 4.216ns (28.988%)  route 10.328ns (71.012%))
  Logic Levels:           61  (CARRY8=19 LUT2=4 LUT3=2 LUT4=4 LUT5=5 LUT6=27)
  Clock Path Skew:        -0.011ns (DCD - SCD + CPR)
    Destination Clock Delay (DCD):    0.024ns = ( 20.024 - 20.000 ) 
    Source Clock Delay      (SCD):    0.035ns
    Clock Pessimism Removal (CPR):    0.000ns
  Clock Uncertainty:      0.035ns  ((TSJ^2 + TIJ^2)^1/2 + DJ) / 2 + PE
    Total System Jitter     (TSJ):    0.071ns
    Total Input Jitter      (TIJ):    0.000ns
    Discrete Jitter          (DJ):    0.000ns
    Phase Error              (PE):    0.000ns

    Location             Delay type                Incr(ns)  Path(ns)    Netlist Resource(s)
  -------------------------------------------------------------------    -------------------
                         (clock aclk rise edge)       0.000     0.000 r  
                                                      0.000     0.000 r  aclk (IN)
                         net (fo=10922, unset)        0.035     0.035    u_memory_frontend/aclk
                         FDRE                                         r  u_memory_frontend/mem_word_index_reg[13]/C
  -------------------------------------------------------------------    -------------------
                         FDRE (Prop_FDRE_C_Q)         0.096     0.131 f  u_memory_frontend/mem_word_index_reg[13]/Q
                         net (fo=88, unplaced)        0.241     0.372    u_memory_frontend/mem_word_index_u32[13]
                         LUT2 (Prop_LUT2_I1_O)        0.085     0.457 r  u_memory_frontend/profile_logical_read_word_o_INST_0_i_44/O
                         net (fo=7, unplaced)         0.239     0.696    u_memory_frontend/profile_logical_read_word_o_INST_0_i_44_n_0
                         LUT6 (Prop_LUT6_I4_O)        0.039     0.735 r  u_memory_frontend/profile_logical_read_word_o_INST_0_i_29/O
                         net (fo=117, unplaced)       0.303     1.038    u_memory_frontend/profile_logical_read_word_o_INST_0_i_29_n_0
                         LUT4 (Prop_LUT4_I0_O)        0.039     1.077 r  u_memory_frontend/req_fifo_contiguous_words[1][5]_i_11/O
                         net (fo=32, unplaced)        0.274     1.351    u_memory_frontend/req_fifo_contiguous_words[1][5]_i_11_n_0
                         LUT6 (Prop_LUT6_I0_O)        0.039     1.390 f  u_memory_frontend/req_fifo_word_address[1][15]_i_153/O
                         net (fo=2, unplaced)         0.214     1.604    u_memory_frontend/u_gemm_address_context/data1[5]
                         LUT6 (Prop_LUT6_I0_O)        0.039     1.643 f  u_memory_frontend/u_gemm_address_context/req_fifo_word_address[1][15]_i_120/O
                         net (fo=1, unplaced)         0.214     1.857    u_memory_frontend/u_gemm_address_context/req_fifo_word_address[1][15]_i_120_n_0
                         LUT6 (Prop_LUT6_I5_O)        0.039     1.896 r  u_memory_frontend/u_gemm_address_context/req_fifo_word_address[1][15]_i_66/O
                         net (fo=2, unplaced)         0.214     2.110    u_memory_frontend/u_gemm_address_context/req_fifo_word_address[1][15]_i_66_n_0
                         LUT3 (Prop_LUT3_I0_O)        0.085     2.195 f  u_memory_frontend/u_gemm_address_context/req_fifo_word_address[1][15]_i_31/O
                         net (fo=2, unplaced)         0.156     2.351    u_memory_frontend/u_gemm_address_context/req_fifo_word_address[1][15]_i_31_n_0
                         LUT6 (Prop_LUT6_I1_O)        0.064     2.415 r  u_memory_frontend/u_gemm_address_context/req_fifo_word_address[1][15]_i_8/O
                         net (fo=2, unplaced)         0.214     2.629    u_memory_frontend/u_gemm_address_context/req_fifo_word_address[1][15]_i_8_n_0
                         LUT5 (Prop_LUT5_I0_O)        0.039     2.668 r  u_memory_frontend/u_gemm_address_context/req_fifo_word_address[1][15]_i_16/O
                         net (fo=1, unplaced)         0.015     2.683    u_memory_frontend/u_gemm_address_context/req_fifo_word_address[1][15]_i_16_n_0
                         CARRY8 (Prop_CARRY8_S[4]_CO[7])
                                                      0.202     2.885 r  u_memory_frontend/u_gemm_address_context/req_fifo_word_address_reg[1][15]_i_3/CO[7]
                         net (fo=1, unplaced)         0.007     2.892    u_memory_frontend/u_gemm_address_context/req_fifo_word_address_reg[1][15]_i_3_n_0
                         CARRY8 (Prop_CARRY8_CI_CO[7])
                                                      0.030     2.922 r  u_memory_frontend/u_gemm_address_context/req_fifo_word_address_reg[1][23]_i_3/CO[7]
                         net (fo=1, unplaced)         0.007     2.929    u_memory_frontend/u_gemm_address_context/req_fifo_word_address_reg[1][23]_i_3_n_0
                         CARRY8 (Prop_CARRY8_CI_CO[7])
                                                      0.030     2.959 r  u_memory_frontend/u_gemm_address_context/req_fifo_word_address_reg[1][31]_i_4/CO[7]
                         net (fo=1, unplaced)         0.007     2.966    u_memory_frontend/u_gemm_address_context/req_fifo_word_address_reg[1][31]_i_4_n_0
                         CARRY8 (Prop_CARRY8_CI_CO[7])
                                                      0.030     2.996 r  u_memory_frontend/u_gemm_address_context/mem_state_reg[1]_i_12/CO[7]
                         net (fo=1, unplaced)         0.007     3.003    u_memory_frontend/u_gemm_address_context/mem_state_reg[1]_i_12_n_0
                         CARRY8 (Prop_CARRY8_CI_O[2])
                                                      0.086     3.089 r  u_memory_frontend/u_gemm_address_context/mem_state_reg[1]_i_33/O[2]
                         net (fo=1, unplaced)         0.215     3.304    u_memory_frontend/u_gemm_address_context/mem_state_reg[1]_i_33_n_13
                         LUT4 (Prop_LUT4_I3_O)        0.115     3.419 r  u_memory_frontend/u_gemm_address_context/mem_state[1]_i_115/O
                         net (fo=1, unplaced)         0.214     3.633    u_memory_frontend/u_gemm_address_context/mem_state[1]_i_115_n_0
                         LUT5 (Prop_LUT5_I4_O)        0.039     3.672 r  u_memory_frontend/u_gemm_address_context/mem_state[1]_i_70/O
                         net (fo=1, unplaced)         0.214     3.886    u_memory_frontend/u_gemm_address_context/mem_state[1]_i_70_n_0
                         LUT6 (Prop_LUT6_I5_O)        0.039     3.925 r  u_memory_frontend/u_gemm_address_context/mem_state[1]_i_34/O
                         net (fo=1, unplaced)         0.214     4.139    u_memory_frontend/u_gemm_address_context/mem_state[1]_i_34_n_0
                         LUT6 (Prop_LUT6_I4_O)        0.039     4.178 f  u_memory_frontend/u_gemm_address_context/mem_state[1]_i_13/O
                         net (fo=1, unplaced)         0.214     4.392    u_memory_frontend/u_gemm_address_context/mem_state[1]_i_13_n_0
                         LUT6 (Prop_LUT6_I2_O)        0.039     4.431 r  u_memory_frontend/u_gemm_address_context/mem_state[1]_i_8/O
                         net (fo=2, unplaced)         0.214     4.645    u_memory_frontend/u_gemm_address_context/mem_state[1]_i_8_n_0
                         LUT6 (Prop_LUT6_I5_O)        0.039     4.684 f  u_memory_frontend/u_gemm_address_context/req_fifo_contiguous_words[1][5]_i_6/O
                         net (fo=7, unplaced)         0.239     4.923    u_memory_frontend/u_gemm_address_context/req_fifo_contiguous_words[1][5]_i_6_n_0
                         LUT6 (Prop_LUT6_I0_O)        0.039     4.962 f  u_memory_frontend/u_gemm_address_context/profile_logical_read_word_o_INST_0_i_12/O
                         net (fo=4, unplaced)         0.226     5.188    u_memory_frontend/u_gemm_address_context/read_candidate_read_ahead_safe
                         LUT6 (Prop_LUT6_I5_O)        0.039     5.227 f  u_memory_frontend/u_gemm_address_context/profile_logical_read_word_o_INST_0_i_3/O
                         net (fo=8, unplaced)         0.242     5.469    u_memory_frontend/u_gemm_address_context/profile_logical_read_word_o_INST_0_i_3_n_0
                         LUT6 (Prop_LUT6_I4_O)        0.039     5.508 r  u_memory_frontend/u_gemm_address_context/req_fifo_count[1]_i_6/O
                         net (fo=10, unplaced)        0.189     5.697    u_mem_adapter/mem_req_valid
                         LUT6 (Prop_LUT6_I4_O)        0.064     5.761 r  u_mem_adapter/fill_start_word[3]_i_2/O
                         net (fo=116, unplaced)       0.303     6.064    u_mem_adapter/fill_start_word[3]_i_2_n_0
                         LUT5 (Prop_LUT5_I4_O)        0.039     6.103 r  u_mem_adapter/four_k_split_o_i_48/O
                         net (fo=4, unplaced)         0.226     6.329    u_mem_adapter/four_k_split_o_i_48_n_0
                         LUT6 (Prop_LUT6_I0_O)        0.039     6.368 r  u_mem_adapter/four_k_split_o_i_35/O
                         net (fo=1, unplaced)         0.018     6.386    u_mem_adapter/four_k_split_o_i_35_n_0
                         CARRY8 (Prop_CARRY8_S[0]_O[5])
                                                      0.295     6.681 f  u_mem_adapter/four_k_split_o_reg_i_11/O[5]
                         net (fo=7, unplaced)         0.187     6.868    u_mem_adapter/four_k_split_o_reg_i_11_n_10
                         LUT4 (Prop_LUT4_I0_O)        0.121     6.989 r  u_mem_adapter/four_k_split_o_i_59/O
                         net (fo=1, unplaced)         0.232     7.221    u_mem_adapter/four_k_split_o_i_59_n_0
                         CARRY8 (Prop_CARRY8_DI[2]_CO[7])
                                                      0.142     7.363 r  u_mem_adapter/four_k_split_o_reg_i_49/CO[7]
                         net (fo=1, unplaced)         0.007     7.370    u_mem_adapter/four_k_split_o_reg_i_49_n_0
                         CARRY8 (Prop_CARRY8_CI_CO[7])
                                                      0.030     7.400 r  u_mem_adapter/four_k_split_o_reg_i_36/CO[7]
                         net (fo=1, unplaced)         0.007     7.407    u_mem_adapter/four_k_split_o_reg_i_36_n_0
                         CARRY8 (Prop_CARRY8_CI_CO[0])
                                                      0.068     7.475 r  u_mem_adapter/four_k_split_o_reg_i_12/CO[0]
                         net (fo=13, unplaced)        0.253     7.728    u_mem_adapter/clamped_contiguous_words1
                         LUT6 (Prop_LUT6_I4_O)        0.039     7.767 r  u_mem_adapter/fill_desc_beats[0][0]_i_4/O
                         net (fo=8, unplaced)         0.242     8.009    u_mem_adapter/fill_desc_beats[0][0]_i_4_n_0
                         LUT5 (Prop_LUT5_I0_O)        0.085     8.094 r  u_mem_adapter/four_k_split_o_i_18/O
                         net (fo=3, unplaced)         0.220     8.314    u_mem_adapter/four_k_split_o_i_18_n_0
                         LUT6 (Prop_LUT6_I5_O)        0.039     8.353 r  u_mem_adapter/four_k_split_o_i_5/O
                         net (fo=2, unplaced)         0.259     8.612    u_mem_adapter/four_k_split_o_i_5_n_0
                         CARRY8 (Prop_CARRY8_DI[0]_CO[4])
                                                      0.229     8.841 r  u_mem_adapter/fill_desc_beats_reg[0][2]_i_3/CO[4]
                         net (fo=8, unplaced)         0.240     9.081    u_mem_adapter/fill_desc_beats_reg[0][2]_i_3_n_3
                         LUT6 (Prop_LUT6_I1_O)        0.039     9.120 r  u_mem_adapter/fill_desc_beats[0][0]_i_1/O
                         net (fo=22, unplaced)        0.265     9.385    u_mem_adapter/fill_desc_beats[0][0]_i_1_n_0
                         LUT2 (Prop_LUT2_I1_O)        0.040     9.425 r  u_mem_adapter/fill_desc_addr[1][10]_i_4/O
                         net (fo=1, unplaced)         0.017     9.442    u_mem_adapter/fill_desc_addr[1][10]_i_4_n_0
                         CARRY8 (Prop_CARRY8_S[1]_O[2])
                                                      0.144     9.586 r  u_mem_adapter/fill_desc_addr_reg[1][10]_i_1/O[2]
                         net (fo=6, unplaced)         0.236     9.822    u_mem_adapter/fill_desc_addr_reg[1][10]_i_1_n_13
                         LUT6 (Prop_LUT6_I0_O)        0.100     9.922 r  u_mem_adapter/fill_desc_beats[1][1]_i_3/O
                         net (fo=3, unplaced)         0.220    10.142    u_mem_adapter/fill_desc_beats[1][1]_i_3_n_0
                         LUT6 (Prop_LUT6_I5_O)        0.039    10.181 r  u_mem_adapter/fill_desc_beats[1][2]_i_25/O
                         net (fo=1, unplaced)         0.214    10.395    u_mem_adapter/fill_desc_beats[1][2]_i_25_n_0
                         LUT6 (Prop_LUT6_I0_O)        0.039    10.434 r  u_mem_adapter/fill_desc_beats[1][2]_i_18/O
                         net (fo=1, unplaced)         0.018    10.452    u_mem_adapter/fill_desc_beats[1][2]_i_18_n_0
                         CARRY8 (Prop_CARRY8_S[0]_CO[4])
                                                      0.266    10.718 r  u_mem_adapter/fill_desc_beats_reg[1][2]_i_5/CO[4]
                         net (fo=9, unplaced)         0.243    10.961    u_mem_adapter/planned_second_beats1
                         LUT6 (Prop_LUT6_I3_O)        0.039    11.000 r  u_mem_adapter/fill_desc_beats[1][0]_i_1/O
                         net (fo=15, unplaced)        0.256    11.256    u_mem_adapter/fill_desc_beats[1][0]_i_1_n_0
                         LUT2 (Prop_LUT2_I1_O)        0.085    11.341 r  u_mem_adapter/m_axi_arvalid_INST_0_i_227/O
                         net (fo=2, unplaced)         0.214    11.555    u_mem_adapter/m_axi_arvalid_INST_0_i_227_n_0
                         LUT6 (Prop_LUT6_I0_O)        0.039    11.594 r  u_mem_adapter/m_axi_arvalid_INST_0_i_216/O
                         net (fo=1, unplaced)         0.120    11.714    u_mem_adapter/m_axi_arvalid_INST_0_i_216_n_0
                         CARRY8 (Prop_CARRY8_DI[6]_CO[7])
                                                      0.081    11.795 r  u_mem_adapter/m_axi_arvalid_INST_0_i_206/CO[7]
                         net (fo=1, unplaced)         0.007    11.802    u_mem_adapter/m_axi_arvalid_INST_0_i_206_n_0
                         CARRY8 (Prop_CARRY8_CI_CO[7])
                                                      0.030    11.832 r  u_mem_adapter/m_axi_arvalid_INST_0_i_197/CO[7]
                         net (fo=1, unplaced)         0.007    11.839    u_mem_adapter/m_axi_arvalid_INST_0_i_197_n_0
                         CARRY8 (Prop_CARRY8_CI_CO[7])
                                                      0.030    11.869 r  u_mem_adapter/m_axi_arvalid_INST_0_i_173/CO[7]
                         net (fo=1, unplaced)         0.007    11.876    u_mem_adapter/m_axi_arvalid_INST_0_i_173_n_0
                         CARRY8 (Prop_CARRY8_CI_CO[7])
                                                      0.030    11.906 r  u_mem_adapter/m_axi_arvalid_INST_0_i_131/CO[7]
                         net (fo=1, unplaced)         0.007    11.913    u_mem_adapter/m_axi_arvalid_INST_0_i_131_n_0
                         CARRY8 (Prop_CARRY8_CI_CO[7])
                                                      0.030    11.943 r  u_mem_adapter/m_axi_arvalid_INST_0_i_92/CO[7]
                         net (fo=1, unplaced)         0.007    11.950    u_mem_adapter/m_axi_arvalid_INST_0_i_92_n_0
                         CARRY8 (Prop_CARRY8_CI_CO[7])
                                                      0.030    11.980 r  u_mem_adapter/m_axi_arvalid_INST_0_i_120/CO[7]
                         net (fo=1, unplaced)         0.007    11.987    u_mem_adapter/m_axi_arvalid_INST_0_i_120_n_0
                         CARRY8 (Prop_CARRY8_CI_O[4])
                                                      0.109    12.096 r  u_mem_adapter/m_axi_arvalid_INST_0_i_83/O[4]
                         net (fo=1, unplaced)         0.212    12.308    u_mem_adapter/planned_end_address_wide0[53]
                         LUT4 (Prop_LUT4_I1_O)        0.100    12.408 r  u_mem_adapter/m_axi_arvalid_INST_0_i_121/O
                         net (fo=1, unplaced)         0.214    12.622    u_mem_adapter/m_axi_arvalid_INST_0_i_121_n_0
                         LUT5 (Prop_LUT5_I4_O)        0.039    12.661 r  u_mem_adapter/m_axi_arvalid_INST_0_i_81/O
                         net (fo=1, unplaced)         0.214    12.875    u_mem_adapter/m_axi_arvalid_INST_0_i_81_n_0
                         LUT6 (Prop_LUT6_I4_O)        0.039    12.914 r  u_mem_adapter/m_axi_arvalid_INST_0_i_36/O
                         net (fo=1, unplaced)         0.214    13.128    u_mem_adapter/m_axi_arvalid_INST_0_i_36_n_0
                         LUT6 (Prop_LUT6_I1_O)        0.039    13.167 r  u_mem_adapter/m_axi_arvalid_INST_0_i_13/O
                         net (fo=2, unplaced)         0.156    13.323    u_mem_adapter/m_axi_arvalid_INST_0_i_13_n_0
                         LUT3 (Prop_LUT3_I0_O)        0.064    13.387 r  u_mem_adapter/m_axi_arvalid_INST_0_i_8/O
                         net (fo=2, unplaced)         0.214    13.601    u_mem_adapter/m_axi_arvalid_INST_0_i_8_n_0
                         LUT6 (Prop_LUT6_I0_O)        0.039    13.640 r  u_mem_adapter/m_axi_arvalid_INST_0_i_4/O
                         net (fo=8, unplaced)         0.184    13.824    u_mem_adapter/m_axi_arvalid_INST_0_i_4_n_0
                         LUT2 (Prop_LUT2_I1_O)        0.064    13.888 f  u_mem_adapter/linefill_start_o_i_1/O
                         net (fo=190, unplaced)       0.256    14.144    u_mem_adapter/linefill_start_o_i_1_n_0
                         LUT6 (Prop_LUT6_I1_O)        0.064    14.208 f  u_mem_adapter/line_consumed_bitmap[31]_i_4/O
                         net (fo=33, unplaced)        0.274    14.482    u_mem_adapter/line_valid
                         LUT6 (Prop_LUT6_I3_O)        0.039    14.521 r  u_mem_adapter/line_consumed_bitmap[27]_i_1/O
                         net (fo=1, unplaced)         0.058    14.579    u_mem_adapter/line_consumed_bitmap[27]_i_1_n_0
                         FDRE                                         r  u_mem_adapter/line_consumed_bitmap_reg[27]/D
  -------------------------------------------------------------------    -------------------

                         (clock aclk rise edge)      20.000    20.000 r  
                                                      0.000    20.000 r  aclk (IN)
                         net (fo=10922, unset)        0.024    20.024    u_mem_adapter/aclk
                         FDRE                                         r  u_mem_adapter/line_consumed_bitmap_reg[27]/C
                         clock pessimism              0.000    20.024    
                         clock uncertainty           -0.035    19.989    
                         FDRE (Setup_FDRE_C_D)        0.027    20.016    u_mem_adapter/line_consumed_bitmap_reg[27]
  -------------------------------------------------------------------
                         required time                         20.016    
                         arrival time                         -14.579    
  -------------------------------------------------------------------
                         slack                                  5.437    





Pulse Width Checks
--------------------------------------------------------------------------------------
Clock Name:         aclk
Waveform(ns):       { 0.000 10.000 }
Period(ns):         20.000
Sources:            { aclk }

Check Type        Corner  Lib Pin             Reference Pin  Required(ns)  Actual(ns)  Slack(ns)  Location  Pin
Min Period        n/a     RAMB36E2/CLKARDCLK  n/a            1.739         20.000      18.261               u_memory_frontend/u_gemm_activation_panel_cache/gen_row_bank[0].row_memory_reg_bram_0/CLKARDCLK
Min Period        n/a     RAMB36E2/CLKARDCLK  n/a            1.739         20.000      18.261               u_memory_frontend/u_gemm_activation_panel_cache/gen_row_bank[0].row_memory_reg_bram_1/CLKARDCLK
Min Period        n/a     RAMB36E2/CLKARDCLK  n/a            1.739         20.000      18.261               u_memory_frontend/u_gemm_activation_panel_cache/gen_row_bank[0].row_memory_reg_bram_2/CLKARDCLK
Min Period        n/a     RAMB36E2/CLKARDCLK  n/a            1.739         20.000      18.261               u_memory_frontend/u_gemm_activation_panel_cache/gen_row_bank[0].row_memory_reg_bram_3/CLKARDCLK
Min Period        n/a     RAMB36E2/CLKARDCLK  n/a            1.739         20.000      18.261               u_memory_frontend/u_gemm_activation_panel_cache/gen_row_bank[1].row_memory_reg_bram_0/CLKARDCLK
Min Period        n/a     RAMB36E2/CLKARDCLK  n/a            1.739         20.000      18.261               u_memory_frontend/u_gemm_activation_panel_cache/gen_row_bank[1].row_memory_reg_bram_1/CLKARDCLK
Min Period        n/a     RAMB36E2/CLKARDCLK  n/a            1.739         20.000      18.261               u_memory_frontend/u_gemm_activation_panel_cache/gen_row_bank[1].row_memory_reg_bram_2/CLKARDCLK
Min Period        n/a     RAMB36E2/CLKARDCLK  n/a            1.739         20.000      18.261               u_memory_frontend/u_gemm_activation_panel_cache/gen_row_bank[1].row_memory_reg_bram_3/CLKARDCLK
Min Period        n/a     RAMB36E2/CLKARDCLK  n/a            1.739         20.000      18.261               u_memory_frontend/u_gemm_activation_panel_cache/gen_row_bank[2].row_memory_reg_bram_0/CLKARDCLK
Min Period        n/a     RAMB36E2/CLKARDCLK  n/a            1.739         20.000      18.261               u_memory_frontend/u_gemm_activation_panel_cache/gen_row_bank[2].row_memory_reg_bram_1/CLKARDCLK
Min Period        n/a     RAMB36E2/CLKARDCLK  n/a            1.739         20.000      18.261               u_memory_frontend/u_gemm_activation_panel_cache/gen_row_bank[2].row_memory_reg_bram_2/CLKARDCLK
Min Period        n/a     RAMB36E2/CLKARDCLK  n/a            1.739         20.000      18.261               u_memory_frontend/u_gemm_activation_panel_cache/gen_row_bank[2].row_memory_reg_bram_3/CLKARDCLK
Min Period        n/a     RAMB36E2/CLKARDCLK  n/a            1.739         20.000      18.261               u_memory_frontend/u_gemm_activation_panel_cache/gen_row_bank[3].row_memory_reg_bram_0/CLKARDCLK
Min Period        n/a     RAMB36E2/CLKARDCLK  n/a            1.739         20.000      18.261               u_memory_frontend/u_gemm_activation_panel_cache/gen_row_bank[3].row_memory_reg_bram_1/CLKARDCLK
Min Period        n/a     RAMB36E2/CLKARDCLK  n/a            1.739         20.000      18.261               u_memory_frontend/u_gemm_activation_panel_cache/gen_row_bank[3].row_memory_reg_bram_2/CLKARDCLK
Min Period        n/a     RAMB36E2/CLKARDCLK  n/a            1.739         20.000      18.261               u_memory_frontend/u_gemm_activation_panel_cache/gen_row_bank[3].row_memory_reg_bram_3/CLKARDCLK
Min Period        n/a     RAMB36E2/CLKARDCLK  n/a            1.739         20.000      18.261               u_memory_frontend/u_gemm_activation_panel_cache/gen_row_bank[4].row_memory_reg_bram_0/CLKARDCLK
Min Period        n/a     RAMB36E2/CLKARDCLK  n/a            1.739         20.000      18.261               u_memory_frontend/u_gemm_activation_panel_cache/gen_row_bank[4].row_memory_reg_bram_1/CLKARDCLK
Min Period        n/a     RAMB36E2/CLKARDCLK  n/a            1.739         20.000      18.261               u_memory_frontend/u_gemm_activation_panel_cache/gen_row_bank[4].row_memory_reg_bram_2/CLKARDCLK
Min Period        n/a     RAMB36E2/CLKARDCLK  n/a            1.739         20.000      18.261               u_memory_frontend/u_gemm_activation_panel_cache/gen_row_bank[4].row_memory_reg_bram_3/CLKARDCLK
Low Pulse Width   Slow    RAMB36E2/CLKARDCLK  n/a            0.543         10.000      9.457                u_memory_frontend/u_gemm_activation_panel_cache/gen_row_bank[0].row_memory_reg_bram_0/CLKARDCLK
Low Pulse Width   Fast    RAMB36E2/CLKARDCLK  n/a            0.543         10.000      9.457                u_memory_frontend/u_gemm_activation_panel_cache/gen_row_bank[0].row_memory_reg_bram_0/CLKARDCLK
Low Pulse Width   Slow    RAMB36E2/CLKBWRCLK  n/a            0.543         10.000      9.457                u_memory_frontend/u_gemm_activation_panel_cache/gen_row_bank[0].row_memory_reg_bram_0/CLKBWRCLK
Low Pulse Width   Fast    RAMB36E2/CLKBWRCLK  n/a            0.543         10.000      9.457                u_memory_frontend/u_gemm_activation_panel_cache/gen_row_bank[0].row_memory_reg_bram_0/CLKBWRCLK
Low Pulse Width   Slow    RAMB36E2/CLKARDCLK  n/a            0.543         10.000      9.457                u_memory_frontend/u_gemm_activation_panel_cache/gen_row_bank[0].row_memory_reg_bram_1/CLKARDCLK
Low Pulse Width   Fast    RAMB36E2/CLKARDCLK  n/a            0.543         10.000      9.457                u_memory_frontend/u_gemm_activation_panel_cache/gen_row_bank[0].row_memory_reg_bram_1/CLKARDCLK
Low Pulse Width   Slow    RAMB36E2/CLKBWRCLK  n/a            0.543         10.000      9.457                u_memory_frontend/u_gemm_activation_panel_cache/gen_row_bank[0].row_memory_reg_bram_1/CLKBWRCLK
Low Pulse Width   Fast    RAMB36E2/CLKBWRCLK  n/a            0.543         10.000      9.457                u_memory_frontend/u_gemm_activation_panel_cache/gen_row_bank[0].row_memory_reg_bram_1/CLKBWRCLK
Low Pulse Width   Slow    RAMB36E2/CLKARDCLK  n/a            0.543         10.000      9.457                u_memory_frontend/u_gemm_activation_panel_cache/gen_row_bank[0].row_memory_reg_bram_2/CLKARDCLK
Low Pulse Width   Fast    RAMB36E2/CLKARDCLK  n/a            0.543         10.000      9.457                u_memory_frontend/u_gemm_activation_panel_cache/gen_row_bank[0].row_memory_reg_bram_2/CLKARDCLK
Low Pulse Width   Slow    RAMB36E2/CLKBWRCLK  n/a            0.543         10.000      9.457                u_memory_frontend/u_gemm_activation_panel_cache/gen_row_bank[0].row_memory_reg_bram_2/CLKBWRCLK
Low Pulse Width   Fast    RAMB36E2/CLKBWRCLK  n/a            0.543         10.000      9.457                u_memory_frontend/u_gemm_activation_panel_cache/gen_row_bank[0].row_memory_reg_bram_2/CLKBWRCLK
Low Pulse Width   Slow    RAMB36E2/CLKARDCLK  n/a            0.543         10.000      9.457                u_memory_frontend/u_gemm_activation_panel_cache/gen_row_bank[0].row_memory_reg_bram_3/CLKARDCLK
Low Pulse Width   Fast    RAMB36E2/CLKARDCLK  n/a            0.543         10.000      9.457                u_memory_frontend/u_gemm_activation_panel_cache/gen_row_bank[0].row_memory_reg_bram_3/CLKARDCLK
Low Pulse Width   Slow    RAMB36E2/CLKBWRCLK  n/a            0.543         10.000      9.457                u_memory_frontend/u_gemm_activation_panel_cache/gen_row_bank[0].row_memory_reg_bram_3/CLKBWRCLK
Low Pulse Width   Fast    RAMB36E2/CLKBWRCLK  n/a            0.543         10.000      9.457                u_memory_frontend/u_gemm_activation_panel_cache/gen_row_bank[0].row_memory_reg_bram_3/CLKBWRCLK
Low Pulse Width   Slow    RAMB36E2/CLKARDCLK  n/a            0.543         10.000      9.457                u_memory_frontend/u_gemm_activation_panel_cache/gen_row_bank[1].row_memory_reg_bram_0/CLKARDCLK
Low Pulse Width   Fast    RAMB36E2/CLKARDCLK  n/a            0.543         10.000      9.457                u_memory_frontend/u_gemm_activation_panel_cache/gen_row_bank[1].row_memory_reg_bram_0/CLKARDCLK
Low Pulse Width   Slow    RAMB36E2/CLKBWRCLK  n/a            0.543         10.000      9.457                u_memory_frontend/u_gemm_activation_panel_cache/gen_row_bank[1].row_memory_reg_bram_0/CLKBWRCLK
Low Pulse Width   Fast    RAMB36E2/CLKBWRCLK  n/a            0.543         10.000      9.457                u_memory_frontend/u_gemm_activation_panel_cache/gen_row_bank[1].row_memory_reg_bram_0/CLKBWRCLK
High Pulse Width  Slow    RAMB36E2/CLKARDCLK  n/a            0.543         10.000      9.457                u_memory_frontend/u_gemm_activation_panel_cache/gen_row_bank[0].row_memory_reg_bram_0/CLKARDCLK
High Pulse Width  Fast    RAMB36E2/CLKARDCLK  n/a            0.543         10.000      9.457                u_memory_frontend/u_gemm_activation_panel_cache/gen_row_bank[0].row_memory_reg_bram_0/CLKARDCLK
High Pulse Width  Slow    RAMB36E2/CLKBWRCLK  n/a            0.543         10.000      9.457                u_memory_frontend/u_gemm_activation_panel_cache/gen_row_bank[0].row_memory_reg_bram_0/CLKBWRCLK
High Pulse Width  Fast    RAMB36E2/CLKBWRCLK  n/a            0.543         10.000      9.457                u_memory_frontend/u_gemm_activation_panel_cache/gen_row_bank[0].row_memory_reg_bram_0/CLKBWRCLK
High Pulse Width  Slow    RAMB36E2/CLKARDCLK  n/a            0.543         10.000      9.457                u_memory_frontend/u_gemm_activation_panel_cache/gen_row_bank[0].row_memory_reg_bram_1/CLKARDCLK
High Pulse Width  Fast    RAMB36E2/CLKARDCLK  n/a            0.543         10.000      9.457                u_memory_frontend/u_gemm_activation_panel_cache/gen_row_bank[0].row_memory_reg_bram_1/CLKARDCLK
High Pulse Width  Slow    RAMB36E2/CLKBWRCLK  n/a            0.543         10.000      9.457                u_memory_frontend/u_gemm_activation_panel_cache/gen_row_bank[0].row_memory_reg_bram_1/CLKBWRCLK
High Pulse Width  Fast    RAMB36E2/CLKBWRCLK  n/a            0.543         10.000      9.457                u_memory_frontend/u_gemm_activation_panel_cache/gen_row_bank[0].row_memory_reg_bram_1/CLKBWRCLK
High Pulse Width  Slow    RAMB36E2/CLKARDCLK  n/a            0.543         10.000      9.457                u_memory_frontend/u_gemm_activation_panel_cache/gen_row_bank[0].row_memory_reg_bram_2/CLKARDCLK
High Pulse Width  Fast    RAMB36E2/CLKARDCLK  n/a            0.543         10.000      9.457                u_memory_frontend/u_gemm_activation_panel_cache/gen_row_bank[0].row_memory_reg_bram_2/CLKARDCLK
High Pulse Width  Slow    RAMB36E2/CLKBWRCLK  n/a            0.543         10.000      9.457                u_memory_frontend/u_gemm_activation_panel_cache/gen_row_bank[0].row_memory_reg_bram_2/CLKBWRCLK
High Pulse Width  Fast    RAMB36E2/CLKBWRCLK  n/a            0.543         10.000      9.457                u_memory_frontend/u_gemm_activation_panel_cache/gen_row_bank[0].row_memory_reg_bram_2/CLKBWRCLK
High Pulse Width  Slow    RAMB36E2/CLKARDCLK  n/a            0.543         10.000      9.457                u_memory_frontend/u_gemm_activation_panel_cache/gen_row_bank[0].row_memory_reg_bram_3/CLKARDCLK
High Pulse Width  Fast    RAMB36E2/CLKARDCLK  n/a            0.543         10.000      9.457                u_memory_frontend/u_gemm_activation_panel_cache/gen_row_bank[0].row_memory_reg_bram_3/CLKARDCLK
High Pulse Width  Slow    RAMB36E2/CLKBWRCLK  n/a            0.543         10.000      9.457                u_memory_frontend/u_gemm_activation_panel_cache/gen_row_bank[0].row_memory_reg_bram_3/CLKBWRCLK
High Pulse Width  Fast    RAMB36E2/CLKBWRCLK  n/a            0.543         10.000      9.457                u_memory_frontend/u_gemm_activation_panel_cache/gen_row_bank[0].row_memory_reg_bram_3/CLKBWRCLK
High Pulse Width  Slow    RAMB36E2/CLKARDCLK  n/a            0.543         10.000      9.457                u_memory_frontend/u_gemm_activation_panel_cache/gen_row_bank[1].row_memory_reg_bram_0/CLKARDCLK
High Pulse Width  Fast    RAMB36E2/CLKARDCLK  n/a            0.543         10.000      9.457                u_memory_frontend/u_gemm_activation_panel_cache/gen_row_bank[1].row_memory_reg_bram_0/CLKARDCLK
High Pulse Width  Slow    RAMB36E2/CLKBWRCLK  n/a            0.543         10.000      9.457                u_memory_frontend/u_gemm_activation_panel_cache/gen_row_bank[1].row_memory_reg_bram_0/CLKBWRCLK
High Pulse Width  Fast    RAMB36E2/CLKBWRCLK  n/a            0.543         10.000      9.457                u_memory_frontend/u_gemm_activation_panel_cache/gen_row_bank[1].row_memory_reg_bram_0/CLKBWRCLK



