#-----------------------------------------------------------
# Vivado v2023.2 (64-bit)
# SW Build 4029153 on Fri Oct 13 20:13:54 MDT 2023
# IP Build 4028589 on Sat Oct 14 00:45:43 MDT 2023
# SharedData Build 4025554 on Tue Oct 10 17:18:54 MDT 2023
# Start of session at: Thu Aug 27 10:33:35 2026
# Process ID: 1439966
# Current directory: /home/s23520579/Vivado_project/m8_memory_frontend_poc
# Command line: vivado -mode batch -source scripts/run_m7_4b_ooc.tcl -log results/optimized/m7/M7_4B_OOC/vivado_ooc.log -journal results/optimized/m7/M7_4B_OOC/vivado_ooc.jou
# Log file: /home/s23520579/Vivado_project/m8_memory_frontend_poc/results/optimized/m7/M7_4B_OOC/vivado_ooc.log
# Journal file: /home/s23520579/Vivado_project/m8_memory_frontend_poc/results/optimized/m7/M7_4B_OOC/vivado_ooc.jou
# Running On: ubuntu, OS: Linux, CPU Frequency: 2095.077 MHz, CPU Physical cores: 16, Host memory: 270260 MB
#-----------------------------------------------------------
source scripts/run_m7_4b_ooc.tcl
# set ROOT [file normalize \
# "/home/s23520579/Vivado_project/m8_memory_frontend_poc"]
# set XPR "$ROOT/m8_memory_frontend_poc.xpr"
# set OUT \
# "$ROOT/results/optimized/m7/M7_4B_OOC"
# set TOP \
# "vit_m8_memory_subsystem_optimized"
# set PART \
# "xczu5ev-sfvc784-1-e"
# file mkdir $OUT
# puts ""

# puts "============================================================"
============================================================
# puts " M7.4B OOC POST-ROUTE @ 50 MHz"
 M7.4B OOC POST-ROUTE @ 50 MHz
# puts "============================================================"
============================================================
# open_project $XPR
INFO: [filemgmt 56-3] Default IP Output Path : Could not find the directory '/home/s23520579/Vivado_project/m8_memory_frontend_poc/m8_memory_frontend_poc.gen/sources_1'.
Scanning sources...
Finished scanning sources
open_project: Time (s): cpu = 00:00:09 ; elapsed = 00:00:09 . Memory (MB): peak = 1328.602 ; gain = 0.027 ; free physical = 208246 ; free virtual = 244070
# set_property top $TOP [get_filesets sources_1]
# update_compile_order -fileset sources_1
# puts "TOP  = $TOP"
TOP  = vit_m8_memory_subsystem_optimized
# puts "PART = $PART"
PART = xczu5ev-sfvc784-1-e
# puts ""

# puts "================ SYNTH OOC ================="
================ SYNTH OOC =================
# synth_design \
#     -top $TOP \
#     -part $PART \
#     -mode out_of_context \
#     -flatten_hierarchy rebuilt
Command: synth_design -top vit_m8_memory_subsystem_optimized -part xczu5ev-sfvc784-1-e -mode out_of_context -flatten_hierarchy rebuilt
Starting synth_design
Attempting to get a license for feature 'Synthesis' and/or device 'xczu5ev'
INFO: [Common 17-349] Got license for feature 'Synthesis' and/or device 'xczu5ev'
INFO: [Device 21-403] Loading part xczu5ev-sfvc784-1-e
INFO: [Synth 8-7079] Multithreading enabled for synth_design using a maximum of 4 processes.
INFO: [Synth 8-7078] Launching helper process for spawning children vivado processes
INFO: [Synth 8-7075] Helper process launched with PID 1440195
---------------------------------------------------------------------------------
Starting RTL Elaboration : Time (s): cpu = 00:00:05 ; elapsed = 00:00:05 . Memory (MB): peak = 2572.043 ; gain = 294.863 ; free physical = 206733 ; free virtual = 242556
---------------------------------------------------------------------------------
INFO: [Synth 8-6157] synthesizing module 'vit_m8_memory_subsystem_optimized' [/home/s23520579/Vivado_project/m8_memory_frontend_poc/rtl/optimized/vit_m8_memory_subsystem_optimized.sv:4]
	Parameter ARRAY_ROWS bound to: 8 - type: integer 
	Parameter ARRAY_COLS bound to: 2 - type: integer 
	Parameter PE_LANES bound to: 16 - type: integer 
	Parameter VECTOR_LANES bound to: 16 - type: integer 
INFO: [Synth 8-6157] synthesizing module 'vit_phase_e_memory_frontend_optimized' [/home/s23520579/Vivado_project/m8_memory_frontend_poc/rtl/optimized/vit_phase_e_memory_frontend_optimized.sv:9]
	Parameter ARRAY_ROWS bound to: 8 - type: integer 
	Parameter ARRAY_COLS bound to: 2 - type: integer 
	Parameter PE_LANES bound to: 16 - type: integer 
	Parameter VECTOR_LANES bound to: 16 - type: integer 
	Parameter GEMM_A_CACHE_DEPTH_WORDS bound to: 3072 - type: integer 
	Parameter GEMM_BIAS_CACHE_DEPTH_WORDS bound to: 3072 - type: integer 
INFO: [Synth 8-6157] synthesizing module 'vit_gemm_activation_panel_cache' [/home/s23520579/Vivado_project/m8_memory_frontend_poc/rtl/common/vit_gemm_activation_panel_cache.sv:11]
	Parameter ARRAY_ROWS bound to: 8 - type: integer 
	Parameter DEPTH_WORDS_PER_ROW bound to: 3072 - type: integer 
INFO: [Synth 8-6155] done synthesizing module 'vit_gemm_activation_panel_cache' (0#1) [/home/s23520579/Vivado_project/m8_memory_frontend_poc/rtl/common/vit_gemm_activation_panel_cache.sv:11]
INFO: [Synth 8-6157] synthesizing module 'vit_gemm_bias_cache' [/home/s23520579/Vivado_project/m8_memory_frontend_poc/rtl/common/vit_gemm_bias_cache.sv:8]
	Parameter DEPTH_WORDS bound to: 3072 - type: integer 
INFO: [Synth 8-6155] done synthesizing module 'vit_gemm_bias_cache' (0#1) [/home/s23520579/Vivado_project/m8_memory_frontend_poc/rtl/common/vit_gemm_bias_cache.sv:8]
INFO: [Synth 8-6157] synthesizing module 'vit_gemm_memory_address_context' [/home/s23520579/Vivado_project/m8_memory_frontend_poc/rtl/common/vit_gemm_memory_address_context.sv:10]
	Parameter ARRAY_ROWS bound to: 8 - type: integer 
	Parameter ARRAY_COLS bound to: 2 - type: integer 
	Parameter PE_LANES bound to: 16 - type: integer 
INFO: [Synth 8-6155] done synthesizing module 'vit_gemm_memory_address_context' (0#1) [/home/s23520579/Vivado_project/m8_memory_frontend_poc/rtl/common/vit_gemm_memory_address_context.sv:10]
INFO: [Synth 8-6157] synthesizing module 'vit_phase_e_read_address_router_optimized' [/home/s23520579/Vivado_project/m8_memory_frontend_poc/rtl/optimized/vit_phase_e_read_address_router_optimized.sv:7]
	Parameter ARRAY_ROWS bound to: 8 - type: integer 
	Parameter ARRAY_COLS bound to: 2 - type: integer 
	Parameter PE_LANES bound to: 16 - type: integer 
	Parameter VECTOR_LANES bound to: 16 - type: integer 
INFO: [Synth 8-6155] done synthesizing module 'vit_phase_e_read_address_router_optimized' (0#1) [/home/s23520579/Vivado_project/m8_memory_frontend_poc/rtl/optimized/vit_phase_e_read_address_router_optimized.sv:7]
INFO: [Synth 8-6157] synthesizing module 'vit_phase_e_write_address_router' [/home/s23520579/Vivado_project/m8_memory_frontend_poc/rtl/common/vit_phase_e_write_address_router.sv:6]
	Parameter ARRAY_ROWS bound to: 8 - type: integer 
	Parameter ARRAY_COLS bound to: 2 - type: integer 
	Parameter VECTOR_LANES bound to: 16 - type: integer 
INFO: [Synth 8-6155] done synthesizing module 'vit_phase_e_write_address_router' (0#1) [/home/s23520579/Vivado_project/m8_memory_frontend_poc/rtl/common/vit_phase_e_write_address_router.sv:6]
INFO: [Synth 8-226] default block is never used [/home/s23520579/Vivado_project/m8_memory_frontend_poc/rtl/optimized/vit_phase_e_memory_frontend_optimized.sv:1068]
INFO: [Synth 8-6155] done synthesizing module 'vit_phase_e_memory_frontend_optimized' (0#1) [/home/s23520579/Vivado_project/m8_memory_frontend_poc/rtl/optimized/vit_phase_e_memory_frontend_optimized.sv:9]
INFO: [Synth 8-6157] synthesizing module 'vit_phase_e_axi_mem_adapter_optimized' [/home/s23520579/Vivado_project/m8_memory_frontend_poc/rtl/optimized/vit_phase_e_axi_mem_adapter_optimized.sv:16]
	Parameter AXI_ADDR_WIDTH bound to: 40 - type: integer 
	Parameter AXI_ID_WIDTH bound to: 1 - type: integer 
	Parameter MAX_BURST_BEATS bound to: 4 - type: integer 
	Parameter MAX_LINE_WORDS bound to: 32 - type: integer 
	Parameter MAX_READ_OUTSTANDING bound to: 2 - type: integer 
INFO: [Synth 8-6155] done synthesizing module 'vit_phase_e_axi_mem_adapter_optimized' (0#1) [/home/s23520579/Vivado_project/m8_memory_frontend_poc/rtl/optimized/vit_phase_e_axi_mem_adapter_optimized.sv:16]
INFO: [Synth 8-6155] done synthesizing module 'vit_m8_memory_subsystem_optimized' (0#1) [/home/s23520579/Vivado_project/m8_memory_frontend_poc/rtl/optimized/vit_m8_memory_subsystem_optimized.sv:4]
WARNING: [Synth 8-6014] Unused sequential element write_wide_inflight_q_reg was removed.  [/home/s23520579/Vivado_project/m8_memory_frontend_poc/rtl/optimized/vit_phase_e_memory_frontend_optimized.sv:988]
WARNING: [Synth 8-6014] Unused sequential element scalar_read_outstanding_reg was removed.  [/home/s23520579/Vivado_project/m8_memory_frontend_poc/rtl/optimized/vit_phase_e_axi_mem_adapter_optimized.sv:917]
WARNING: [Synth 8-6014] Unused sequential element wide_fallback_lane_reg was removed.  [/home/s23520579/Vivado_project/m8_memory_frontend_poc/rtl/optimized/vit_phase_e_axi_mem_adapter_optimized.sv:934]
WARNING: [Synth 8-6014] Unused sequential element adapter_sequential.line_word_reg was removed.  [/home/s23520579/Vivado_project/m8_memory_frontend_poc/rtl/optimized/vit_phase_e_axi_mem_adapter_optimized.sv:969]
WARNING: [Synth 8-6014] Unused sequential element adapter_sequential.request_lane_reg was removed.  [/home/s23520579/Vivado_project/m8_memory_frontend_poc/rtl/optimized/vit_phase_e_axi_mem_adapter_optimized.sv:1080]
WARNING: [Synth 8-6014] Unused sequential element adapter_sequential.final_fill_error_reg was removed.  [/home/s23520579/Vivado_project/m8_memory_frontend_poc/rtl/optimized/vit_phase_e_axi_mem_adapter_optimized.sv:1364]
WARNING: [Synth 8-3936] Found unconnected internal register 'planned_second_address_wide_reg' and it is trimmed from '65' to '40' bits. [/home/s23520579/Vivado_project/m8_memory_frontend_poc/rtl/optimized/vit_phase_e_axi_mem_adapter_optimized.sv:513]
WARNING: [Synth 8-3936] Found unconnected internal register 'line_hit_delta_reg' and it is trimmed from '32' to '5' bits. [/home/s23520579/Vivado_project/m8_memory_frontend_poc/rtl/optimized/vit_phase_e_axi_mem_adapter_optimized.sv:559]
WARNING: [Synth 8-7129] Port active_cmd[stride4][31] in module vit_phase_e_write_address_router is either unconnected or has no load
WARNING: [Synth 8-7129] Port active_cmd[stride4][30] in module vit_phase_e_write_address_router is either unconnected or has no load
WARNING: [Synth 8-7129] Port active_cmd[stride4][29] in module vit_phase_e_write_address_router is either unconnected or has no load
WARNING: [Synth 8-7129] Port active_cmd[stride4][28] in module vit_phase_e_write_address_router is either unconnected or has no load
WARNING: [Synth 8-7129] Port active_cmd[stride4][27] in module vit_phase_e_write_address_router is either unconnected or has no load
WARNING: [Synth 8-7129] Port active_cmd[stride4][26] in module vit_phase_e_write_address_router is either unconnected or has no load
WARNING: [Synth 8-7129] Port active_cmd[stride4][25] in module vit_phase_e_write_address_router is either unconnected or has no load
WARNING: [Synth 8-7129] Port active_cmd[stride4][24] in module vit_phase_e_write_address_router is either unconnected or has no load
WARNING: [Synth 8-7129] Port active_cmd[stride4][23] in module vit_phase_e_write_address_router is either unconnected or has no load
WARNING: [Synth 8-7129] Port active_cmd[stride4][22] in module vit_phase_e_write_address_router is either unconnected or has no load
WARNING: [Synth 8-7129] Port active_cmd[stride4][21] in module vit_phase_e_write_address_router is either unconnected or has no load
WARNING: [Synth 8-7129] Port active_cmd[stride4][20] in module vit_phase_e_write_address_router is either unconnected or has no load
WARNING: [Synth 8-7129] Port active_cmd[stride4][19] in module vit_phase_e_write_address_router is either unconnected or has no load
WARNING: [Synth 8-7129] Port active_cmd[stride4][18] in module vit_phase_e_write_address_router is either unconnected or has no load
WARNING: [Synth 8-7129] Port active_cmd[stride4][17] in module vit_phase_e_write_address_router is either unconnected or has no load
WARNING: [Synth 8-7129] Port active_cmd[stride4][16] in module vit_phase_e_write_address_router is either unconnected or has no load
WARNING: [Synth 8-7129] Port active_cmd[stride4][15] in module vit_phase_e_write_address_router is either unconnected or has no load
WARNING: [Synth 8-7129] Port active_cmd[stride4][14] in module vit_phase_e_write_address_router is either unconnected or has no load
WARNING: [Synth 8-7129] Port active_cmd[stride4][13] in module vit_phase_e_write_address_router is either unconnected or has no load
WARNING: [Synth 8-7129] Port active_cmd[stride4][12] in module vit_phase_e_write_address_router is either unconnected or has no load
WARNING: [Synth 8-7129] Port active_cmd[stride4][11] in module vit_phase_e_write_address_router is either unconnected or has no load
WARNING: [Synth 8-7129] Port active_cmd[stride4][10] in module vit_phase_e_write_address_router is either unconnected or has no load
WARNING: [Synth 8-7129] Port active_cmd[stride4][9] in module vit_phase_e_write_address_router is either unconnected or has no load
WARNING: [Synth 8-7129] Port active_cmd[stride4][8] in module vit_phase_e_write_address_router is either unconnected or has no load
WARNING: [Synth 8-7129] Port active_cmd[stride4][7] in module vit_phase_e_write_address_router is either unconnected or has no load
WARNING: [Synth 8-7129] Port active_cmd[stride4][6] in module vit_phase_e_write_address_router is either unconnected or has no load
WARNING: [Synth 8-7129] Port active_cmd[stride4][5] in module vit_phase_e_write_address_router is either unconnected or has no load
WARNING: [Synth 8-7129] Port active_cmd[stride4][4] in module vit_phase_e_write_address_router is either unconnected or has no load
WARNING: [Synth 8-7129] Port active_cmd[stride4][3] in module vit_phase_e_write_address_router is either unconnected or has no load
WARNING: [Synth 8-7129] Port active_cmd[stride4][2] in module vit_phase_e_write_address_router is either unconnected or has no load
WARNING: [Synth 8-7129] Port active_cmd[stride4][1] in module vit_phase_e_write_address_router is either unconnected or has no load
WARNING: [Synth 8-7129] Port active_cmd[stride4][0] in module vit_phase_e_write_address_router is either unconnected or has no load
WARNING: [Synth 8-7129] Port active_cmd[stride3][31] in module vit_phase_e_write_address_router is either unconnected or has no load
WARNING: [Synth 8-7129] Port active_cmd[stride3][30] in module vit_phase_e_write_address_router is either unconnected or has no load
WARNING: [Synth 8-7129] Port active_cmd[stride3][29] in module vit_phase_e_write_address_router is either unconnected or has no load
WARNING: [Synth 8-7129] Port active_cmd[stride3][28] in module vit_phase_e_write_address_router is either unconnected or has no load
WARNING: [Synth 8-7129] Port active_cmd[stride3][27] in module vit_phase_e_write_address_router is either unconnected or has no load
WARNING: [Synth 8-7129] Port active_cmd[stride3][26] in module vit_phase_e_write_address_router is either unconnected or has no load
WARNING: [Synth 8-7129] Port active_cmd[stride3][25] in module vit_phase_e_write_address_router is either unconnected or has no load
WARNING: [Synth 8-7129] Port active_cmd[stride3][24] in module vit_phase_e_write_address_router is either unconnected or has no load
WARNING: [Synth 8-7129] Port active_cmd[stride3][23] in module vit_phase_e_write_address_router is either unconnected or has no load
WARNING: [Synth 8-7129] Port active_cmd[stride3][22] in module vit_phase_e_write_address_router is either unconnected or has no load
WARNING: [Synth 8-7129] Port active_cmd[stride3][21] in module vit_phase_e_write_address_router is either unconnected or has no load
WARNING: [Synth 8-7129] Port active_cmd[stride3][20] in module vit_phase_e_write_address_router is either unconnected or has no load
WARNING: [Synth 8-7129] Port active_cmd[stride3][19] in module vit_phase_e_write_address_router is either unconnected or has no load
WARNING: [Synth 8-7129] Port active_cmd[stride3][18] in module vit_phase_e_write_address_router is either unconnected or has no load
WARNING: [Synth 8-7129] Port active_cmd[stride3][17] in module vit_phase_e_write_address_router is either unconnected or has no load
WARNING: [Synth 8-7129] Port active_cmd[stride3][16] in module vit_phase_e_write_address_router is either unconnected or has no load
WARNING: [Synth 8-7129] Port active_cmd[stride3][15] in module vit_phase_e_write_address_router is either unconnected or has no load
WARNING: [Synth 8-7129] Port active_cmd[stride3][14] in module vit_phase_e_write_address_router is either unconnected or has no load
WARNING: [Synth 8-7129] Port active_cmd[stride3][13] in module vit_phase_e_write_address_router is either unconnected or has no load
WARNING: [Synth 8-7129] Port active_cmd[stride3][12] in module vit_phase_e_write_address_router is either unconnected or has no load
WARNING: [Synth 8-7129] Port active_cmd[stride3][11] in module vit_phase_e_write_address_router is either unconnected or has no load
WARNING: [Synth 8-7129] Port active_cmd[stride3][10] in module vit_phase_e_write_address_router is either unconnected or has no load
WARNING: [Synth 8-7129] Port active_cmd[stride3][9] in module vit_phase_e_write_address_router is either unconnected or has no load
WARNING: [Synth 8-7129] Port active_cmd[stride3][8] in module vit_phase_e_write_address_router is either unconnected or has no load
WARNING: [Synth 8-7129] Port active_cmd[stride3][7] in module vit_phase_e_write_address_router is either unconnected or has no load
WARNING: [Synth 8-7129] Port active_cmd[stride3][6] in module vit_phase_e_write_address_router is either unconnected or has no load
WARNING: [Synth 8-7129] Port active_cmd[stride3][5] in module vit_phase_e_write_address_router is either unconnected or has no load
WARNING: [Synth 8-7129] Port active_cmd[stride3][4] in module vit_phase_e_write_address_router is either unconnected or has no load
WARNING: [Synth 8-7129] Port active_cmd[stride3][3] in module vit_phase_e_write_address_router is either unconnected or has no load
WARNING: [Synth 8-7129] Port active_cmd[stride3][2] in module vit_phase_e_write_address_router is either unconnected or has no load
WARNING: [Synth 8-7129] Port active_cmd[stride3][1] in module vit_phase_e_write_address_router is either unconnected or has no load
WARNING: [Synth 8-7129] Port active_cmd[stride3][0] in module vit_phase_e_write_address_router is either unconnected or has no load
WARNING: [Synth 8-7129] Port active_cmd[stride2][31] in module vit_phase_e_write_address_router is either unconnected or has no load
WARNING: [Synth 8-7129] Port active_cmd[stride2][30] in module vit_phase_e_write_address_router is either unconnected or has no load
WARNING: [Synth 8-7129] Port active_cmd[stride2][29] in module vit_phase_e_write_address_router is either unconnected or has no load
WARNING: [Synth 8-7129] Port active_cmd[stride2][28] in module vit_phase_e_write_address_router is either unconnected or has no load
WARNING: [Synth 8-7129] Port active_cmd[stride2][27] in module vit_phase_e_write_address_router is either unconnected or has no load
WARNING: [Synth 8-7129] Port active_cmd[stride2][26] in module vit_phase_e_write_address_router is either unconnected or has no load
WARNING: [Synth 8-7129] Port active_cmd[stride2][25] in module vit_phase_e_write_address_router is either unconnected or has no load
WARNING: [Synth 8-7129] Port active_cmd[stride2][24] in module vit_phase_e_write_address_router is either unconnected or has no load
WARNING: [Synth 8-7129] Port active_cmd[stride2][23] in module vit_phase_e_write_address_router is either unconnected or has no load
WARNING: [Synth 8-7129] Port active_cmd[stride2][22] in module vit_phase_e_write_address_router is either unconnected or has no load
WARNING: [Synth 8-7129] Port active_cmd[stride2][21] in module vit_phase_e_write_address_router is either unconnected or has no load
WARNING: [Synth 8-7129] Port active_cmd[stride2][20] in module vit_phase_e_write_address_router is either unconnected or has no load
WARNING: [Synth 8-7129] Port active_cmd[stride2][19] in module vit_phase_e_write_address_router is either unconnected or has no load
WARNING: [Synth 8-7129] Port active_cmd[stride2][18] in module vit_phase_e_write_address_router is either unconnected or has no load
WARNING: [Synth 8-7129] Port active_cmd[stride2][17] in module vit_phase_e_write_address_router is either unconnected or has no load
WARNING: [Synth 8-7129] Port active_cmd[stride2][16] in module vit_phase_e_write_address_router is either unconnected or has no load
WARNING: [Synth 8-7129] Port active_cmd[stride2][15] in module vit_phase_e_write_address_router is either unconnected or has no load
WARNING: [Synth 8-7129] Port active_cmd[stride2][14] in module vit_phase_e_write_address_router is either unconnected or has no load
WARNING: [Synth 8-7129] Port active_cmd[stride2][13] in module vit_phase_e_write_address_router is either unconnected or has no load
WARNING: [Synth 8-7129] Port active_cmd[stride2][12] in module vit_phase_e_write_address_router is either unconnected or has no load
WARNING: [Synth 8-7129] Port active_cmd[stride2][11] in module vit_phase_e_write_address_router is either unconnected or has no load
WARNING: [Synth 8-7129] Port active_cmd[stride2][10] in module vit_phase_e_write_address_router is either unconnected or has no load
WARNING: [Synth 8-7129] Port active_cmd[stride2][9] in module vit_phase_e_write_address_router is either unconnected or has no load
WARNING: [Synth 8-7129] Port active_cmd[stride2][8] in module vit_phase_e_write_address_router is either unconnected or has no load
WARNING: [Synth 8-7129] Port active_cmd[stride2][7] in module vit_phase_e_write_address_router is either unconnected or has no load
WARNING: [Synth 8-7129] Port active_cmd[stride2][6] in module vit_phase_e_write_address_router is either unconnected or has no load
WARNING: [Synth 8-7129] Port active_cmd[stride2][5] in module vit_phase_e_write_address_router is either unconnected or has no load
WARNING: [Synth 8-7129] Port active_cmd[stride2][4] in module vit_phase_e_write_address_router is either unconnected or has no load
WARNING: [Synth 8-7129] Port active_cmd[stride2][3] in module vit_phase_e_write_address_router is either unconnected or has no load
WARNING: [Synth 8-7129] Port active_cmd[stride2][2] in module vit_phase_e_write_address_router is either unconnected or has no load
WARNING: [Synth 8-7129] Port active_cmd[stride2][1] in module vit_phase_e_write_address_router is either unconnected or has no load
WARNING: [Synth 8-7129] Port active_cmd[stride2][0] in module vit_phase_e_write_address_router is either unconnected or has no load
WARNING: [Synth 8-7129] Port active_cmd[stride1][31] in module vit_phase_e_write_address_router is either unconnected or has no load
WARNING: [Synth 8-7129] Port active_cmd[stride1][30] in module vit_phase_e_write_address_router is either unconnected or has no load
WARNING: [Synth 8-7129] Port active_cmd[stride1][29] in module vit_phase_e_write_address_router is either unconnected or has no load
WARNING: [Synth 8-7129] Port active_cmd[stride1][28] in module vit_phase_e_write_address_router is either unconnected or has no load
INFO: [Common 17-14] Message 'Synth 8-7129' appears 100 times and further instances of the messages will be disabled. Use the Tcl command set_msg_config to change the current settings.
---------------------------------------------------------------------------------
Finished RTL Elaboration : Time (s): cpu = 00:00:09 ; elapsed = 00:00:10 . Memory (MB): peak = 2816.887 ; gain = 539.707 ; free physical = 206434 ; free virtual = 242261
---------------------------------------------------------------------------------
---------------------------------------------------------------------------------
Start Handling Custom Attributes
---------------------------------------------------------------------------------
---------------------------------------------------------------------------------
Finished Handling Custom Attributes : Time (s): cpu = 00:00:10 ; elapsed = 00:00:10 . Memory (MB): peak = 2828.762 ; gain = 551.582 ; free physical = 206434 ; free virtual = 242261
---------------------------------------------------------------------------------
---------------------------------------------------------------------------------
Finished RTL Optimization Phase 1 : Time (s): cpu = 00:00:10 ; elapsed = 00:00:10 . Memory (MB): peak = 2828.762 ; gain = 551.582 ; free physical = 206434 ; free virtual = 242261
---------------------------------------------------------------------------------
Netlist sorting complete. Time (s): cpu = 00:00:01 ; elapsed = 00:00:01 . Memory (MB): peak = 2828.762 ; gain = 0.000 ; free physical = 206435 ; free virtual = 242262
INFO: [Project 1-570] Preparing netlist for logic optimization

Processing XDC Constraints
Initializing timing engine
Parsing XDC File [/home/s23520579/Vivado_project/m8_memory_frontend_poc/results/optimized/m2_11_timing/m2_11_50mhz.xdc]
create_clock: Time (s): cpu = 00:00:05 ; elapsed = 00:00:05 . Memory (MB): peak = 3264.387 ; gain = 25.781 ; free physical = 206200 ; free virtual = 242028
Finished Parsing XDC File [/home/s23520579/Vivado_project/m8_memory_frontend_poc/results/optimized/m2_11_timing/m2_11_50mhz.xdc]
Completed Processing XDC Constraints

Netlist sorting complete. Time (s): cpu = 00:00:00 ; elapsed = 00:00:00 . Memory (MB): peak = 3264.387 ; gain = 0.000 ; free physical = 206200 ; free virtual = 242028
INFO: [Project 1-111] Unisim Transformation Summary:
No Unisim elements were transformed.

Constraint Validation Runtime : Time (s): cpu = 00:00:01 ; elapsed = 00:00:00.33 . Memory (MB): peak = 3264.422 ; gain = 0.000 ; free physical = 206201 ; free virtual = 242028
---------------------------------------------------------------------------------
Finished Constraint Validation : Time (s): cpu = 00:00:37 ; elapsed = 00:00:33 . Memory (MB): peak = 3264.422 ; gain = 987.242 ; free physical = 206169 ; free virtual = 241997
---------------------------------------------------------------------------------
---------------------------------------------------------------------------------
Start Loading Part and Timing Information
---------------------------------------------------------------------------------
Loading part: xczu5ev-sfvc784-1-e
INFO: [Synth 8-6742] Reading net delay rules and data
---------------------------------------------------------------------------------
Finished Loading Part and Timing Information : Time (s): cpu = 00:00:37 ; elapsed = 00:00:33 . Memory (MB): peak = 3264.422 ; gain = 987.242 ; free physical = 206169 ; free virtual = 241997
---------------------------------------------------------------------------------
---------------------------------------------------------------------------------
Start Applying 'set_property' XDC Constraints
---------------------------------------------------------------------------------
---------------------------------------------------------------------------------
Finished applying 'set_property' XDC Constraints : Time (s): cpu = 00:00:37 ; elapsed = 00:00:33 . Memory (MB): peak = 3264.422 ; gain = 987.242 ; free physical = 206169 ; free virtual = 241997
---------------------------------------------------------------------------------
INFO: [Synth 8-5555] Implemented Block Ram Cascade chain of height 2 and width 18 for RAM "vit_gemm_activation_panel_cache:/gen_row_bank[7].row_memory_reg"
INFO: [Synth 8-7030] Implemented Non-Cascaded Block Ram (cascade_height = 1) of width 9 for RAM "vit_gemm_activation_panel_cache:/gen_row_bank[7].row_memory_reg"
INFO: [Synth 8-7030] Implemented Non-Cascaded Block Ram (cascade_height = 1) of width 5 for RAM "vit_gemm_activation_panel_cache:/gen_row_bank[7].row_memory_reg"
INFO: [Synth 8-5555] Implemented Block Ram Cascade chain of height 2 and width 18 for RAM "vit_gemm_activation_panel_cache:/gen_row_bank[6].row_memory_reg"
INFO: [Synth 8-7030] Implemented Non-Cascaded Block Ram (cascade_height = 1) of width 9 for RAM "vit_gemm_activation_panel_cache:/gen_row_bank[6].row_memory_reg"
INFO: [Synth 8-7030] Implemented Non-Cascaded Block Ram (cascade_height = 1) of width 5 for RAM "vit_gemm_activation_panel_cache:/gen_row_bank[6].row_memory_reg"
INFO: [Synth 8-5555] Implemented Block Ram Cascade chain of height 2 and width 18 for RAM "vit_gemm_activation_panel_cache:/gen_row_bank[5].row_memory_reg"
INFO: [Synth 8-7030] Implemented Non-Cascaded Block Ram (cascade_height = 1) of width 9 for RAM "vit_gemm_activation_panel_cache:/gen_row_bank[5].row_memory_reg"
INFO: [Synth 8-7030] Implemented Non-Cascaded Block Ram (cascade_height = 1) of width 5 for RAM "vit_gemm_activation_panel_cache:/gen_row_bank[5].row_memory_reg"
INFO: [Synth 8-5555] Implemented Block Ram Cascade chain of height 2 and width 18 for RAM "vit_gemm_activation_panel_cache:/gen_row_bank[4].row_memory_reg"
INFO: [Synth 8-7030] Implemented Non-Cascaded Block Ram (cascade_height = 1) of width 9 for RAM "vit_gemm_activation_panel_cache:/gen_row_bank[4].row_memory_reg"
INFO: [Synth 8-7030] Implemented Non-Cascaded Block Ram (cascade_height = 1) of width 5 for RAM "vit_gemm_activation_panel_cache:/gen_row_bank[4].row_memory_reg"
INFO: [Synth 8-5555] Implemented Block Ram Cascade chain of height 2 and width 18 for RAM "vit_gemm_activation_panel_cache:/gen_row_bank[3].row_memory_reg"
INFO: [Synth 8-7030] Implemented Non-Cascaded Block Ram (cascade_height = 1) of width 9 for RAM "vit_gemm_activation_panel_cache:/gen_row_bank[3].row_memory_reg"
INFO: [Synth 8-7030] Implemented Non-Cascaded Block Ram (cascade_height = 1) of width 5 for RAM "vit_gemm_activation_panel_cache:/gen_row_bank[3].row_memory_reg"
INFO: [Synth 8-5555] Implemented Block Ram Cascade chain of height 2 and width 18 for RAM "vit_gemm_activation_panel_cache:/gen_row_bank[2].row_memory_reg"
INFO: [Synth 8-7030] Implemented Non-Cascaded Block Ram (cascade_height = 1) of width 9 for RAM "vit_gemm_activation_panel_cache:/gen_row_bank[2].row_memory_reg"
INFO: [Synth 8-7030] Implemented Non-Cascaded Block Ram (cascade_height = 1) of width 5 for RAM "vit_gemm_activation_panel_cache:/gen_row_bank[2].row_memory_reg"
INFO: [Synth 8-5555] Implemented Block Ram Cascade chain of height 2 and width 18 for RAM "vit_gemm_activation_panel_cache:/gen_row_bank[1].row_memory_reg"
INFO: [Synth 8-7030] Implemented Non-Cascaded Block Ram (cascade_height = 1) of width 9 for RAM "vit_gemm_activation_panel_cache:/gen_row_bank[1].row_memory_reg"
INFO: [Synth 8-7030] Implemented Non-Cascaded Block Ram (cascade_height = 1) of width 5 for RAM "vit_gemm_activation_panel_cache:/gen_row_bank[1].row_memory_reg"
INFO: [Synth 8-5555] Implemented Block Ram Cascade chain of height 2 and width 18 for RAM "vit_gemm_activation_panel_cache:/gen_row_bank[0].row_memory_reg"
INFO: [Synth 8-7030] Implemented Non-Cascaded Block Ram (cascade_height = 1) of width 9 for RAM "vit_gemm_activation_panel_cache:/gen_row_bank[0].row_memory_reg"
INFO: [Synth 8-7030] Implemented Non-Cascaded Block Ram (cascade_height = 1) of width 5 for RAM "vit_gemm_activation_panel_cache:/gen_row_bank[0].row_memory_reg"
INFO: [Synth 8-5555] Implemented Block Ram Cascade chain of height 2 and width 18 for RAM "vit_gemm_bias_cache:/bias_memory_reg"
INFO: [Synth 8-7030] Implemented Non-Cascaded Block Ram (cascade_height = 1) of width 9 for RAM "vit_gemm_bias_cache:/bias_memory_reg"
INFO: [Synth 8-7030] Implemented Non-Cascaded Block Ram (cascade_height = 1) of width 5 for RAM "vit_gemm_bias_cache:/bias_memory_reg"
---------------------------------------------------------------------------------
Finished RTL Optimization Phase 2 : Time (s): cpu = 00:00:56 ; elapsed = 00:00:52 . Memory (MB): peak = 3264.422 ; gain = 987.242 ; free physical = 203273 ; free virtual = 239105
---------------------------------------------------------------------------------
---------------------------------------------------------------------------------
Start RTL Component Statistics 
---------------------------------------------------------------------------------
Detailed RTL Component Info : 
+---Adders : 
	   4 Input   97 Bit       Adders := 8     
	   4 Input   96 Bit       Adders := 3     
	   2 Input   96 Bit       Adders := 2     
	   2 Input   66 Bit       Adders := 8     
	   9 Input   66 Bit       Adders := 2     
	  17 Input   66 Bit       Adders := 1     
	   2 Input   65 Bit       Adders := 2     
	   3 Input   65 Bit       Adders := 1     
	   2 Input   40 Bit       Adders := 2     
	   3 Input   34 Bit       Adders := 8     
	   4 Input   34 Bit       Adders := 1     
	   3 Input   33 Bit       Adders := 4     
	   2 Input   33 Bit       Adders := 11    
	   2 Input   32 Bit       Adders := 18    
	   3 Input   32 Bit       Adders := 3     
	   2 Input   18 Bit       Adders := 1     
	   2 Input   17 Bit       Adders := 2     
	   2 Input   16 Bit       Adders := 1     
	   2 Input   13 Bit       Adders := 2     
	   2 Input    8 Bit       Adders := 2     
	   2 Input    7 Bit       Adders := 2     
	   3 Input    7 Bit       Adders := 1     
	   2 Input    6 Bit       Adders := 8     
	   3 Input    6 Bit       Adders := 1     
	   2 Input    5 Bit       Adders := 3     
	   3 Input    5 Bit       Adders := 2     
	  17 Input    5 Bit       Adders := 1     
	   9 Input    4 Bit       Adders := 2     
	   2 Input    4 Bit       Adders := 5     
	   5 Input    3 Bit       Adders := 2     
	   2 Input    3 Bit       Adders := 4     
	   3 Input    3 Bit       Adders := 1     
	   2 Input    2 Bit       Adders := 17    
	   3 Input    2 Bit       Adders := 3     
	   2 Input    1 Bit       Adders := 7     
+---Registers : 
	             4096 Bit    Registers := 1     
	             1024 Bit    Registers := 1     
	              512 Bit    Registers := 3     
	              128 Bit    Registers := 5     
	               66 Bit    Registers := 11    
	               64 Bit    Registers := 5     
	               40 Bit    Registers := 3     
	               32 Bit    Registers := 74    
	               16 Bit    Registers := 7     
	                8 Bit    Registers := 2     
	                7 Bit    Registers := 2     
	                6 Bit    Registers := 3     
	                5 Bit    Registers := 2     
	                4 Bit    Registers := 3     
	                3 Bit    Registers := 4     
	                2 Bit    Registers := 19    
	                1 Bit    Registers := 46    
+---RAMs : 
	              96K Bit	(3072 X 32 bit)          RAMs := 9     
+---Muxes : 
	  16 Input 4096 Bit        Muxes := 1     
	   2 Input 4096 Bit        Muxes := 26    
	   6 Input 4096 Bit        Muxes := 1     
	   8 Input 4096 Bit        Muxes := 2     
	   2 Input 1024 Bit        Muxes := 13    
	  16 Input 1024 Bit        Muxes := 2     
	   8 Input 1024 Bit        Muxes := 2     
	  16 Input  512 Bit        Muxes := 5     
	   2 Input  512 Bit        Muxes := 31    
	   8 Input  512 Bit        Muxes := 6     
	  16 Input  128 Bit        Muxes := 2     
	   4 Input  128 Bit        Muxes := 2     
	   2 Input  128 Bit        Muxes := 7     
	   5 Input  128 Bit        Muxes := 1     
	  14 Input  128 Bit        Muxes := 1     
	   2 Input   96 Bit        Muxes := 10    
	   7 Input   96 Bit        Muxes := 4     
	   8 Input   96 Bit        Muxes := 4     
	   2 Input   66 Bit        Muxes := 17    
	   4 Input   66 Bit        Muxes := 1     
	   2 Input   65 Bit        Muxes := 1     
	   2 Input   64 Bit        Muxes := 23    
	  16 Input   64 Bit        Muxes := 1     
	   8 Input   64 Bit        Muxes := 2     
	   4 Input   64 Bit        Muxes := 3     
	  14 Input   40 Bit        Muxes := 1     
	   2 Input   40 Bit        Muxes := 2     
	   2 Input   35 Bit        Muxes := 1     
	   2 Input   34 Bit        Muxes := 3     
	   2 Input   33 Bit        Muxes := 7     
	   2 Input   32 Bit        Muxes := 60    
	   4 Input   32 Bit        Muxes := 6     
	  16 Input   32 Bit        Muxes := 1     
	  14 Input   32 Bit        Muxes := 2     
	  16 Input   16 Bit        Muxes := 1     
	   2 Input   16 Bit        Muxes := 6     
	  14 Input   16 Bit        Muxes := 1     
	   4 Input   16 Bit        Muxes := 1     
	   2 Input   12 Bit        Muxes := 1     
	   2 Input   10 Bit        Muxes := 1     
	   2 Input    9 Bit        Muxes := 1     
	   2 Input    8 Bit        Muxes := 1     
	   3 Input    8 Bit        Muxes := 1     
	   2 Input    7 Bit        Muxes := 2     
	   2 Input    6 Bit        Muxes := 38    
	   8 Input    6 Bit        Muxes := 1     
	   2 Input    5 Bit        Muxes := 4     
	  16 Input    5 Bit        Muxes := 2     
	   2 Input    4 Bit        Muxes := 13    
	   5 Input    4 Bit        Muxes := 2     
	   3 Input    4 Bit        Muxes := 2     
	   4 Input    4 Bit        Muxes := 1     
	  16 Input    3 Bit        Muxes := 1     
	   2 Input    3 Bit        Muxes := 12    
	   3 Input    3 Bit        Muxes := 3     
	  14 Input    3 Bit        Muxes := 1     
	   2 Input    2 Bit        Muxes := 24    
	  16 Input    2 Bit        Muxes := 2     
	  14 Input    2 Bit        Muxes := 6     
	   3 Input    2 Bit        Muxes := 5     
	   7 Input    1 Bit        Muxes := 1     
	   2 Input    1 Bit        Muxes := 203   
	   8 Input    1 Bit        Muxes := 10    
	   4 Input    1 Bit        Muxes := 5     
	  16 Input    1 Bit        Muxes := 33    
	  10 Input    1 Bit        Muxes := 4     
	   9 Input    1 Bit        Muxes := 2     
	   3 Input    1 Bit        Muxes := 3     
	  14 Input    1 Bit        Muxes := 70    
	   5 Input    1 Bit        Muxes := 2     
---------------------------------------------------------------------------------
Finished RTL Component Statistics 
---------------------------------------------------------------------------------
---------------------------------------------------------------------------------
Start Part Resource Summary
---------------------------------------------------------------------------------
Part Resources:
DSPs: 1248 (col length:96)
BRAMs: 288 (col length: RAMB18 96 RAMB36 48)
---------------------------------------------------------------------------------
Finished Part Resource Summary
---------------------------------------------------------------------------------
---------------------------------------------------------------------------------
Start Cross Boundary and Area Optimization
---------------------------------------------------------------------------------
WARNING: [Synth 8-3917] design vit_phase_e_write_address_router__GB1 has port p_0_out[95] driven by constant 0
WARNING: [Synth 8-3917] design vit_phase_e_write_address_router__GB1 has port p_0_out[94] driven by constant 0
WARNING: [Synth 8-3917] design vit_phase_e_write_address_router__GB1 has port p_0_out[93] driven by constant 0
WARNING: [Synth 8-3917] design vit_phase_e_write_address_router__GB1 has port p_0_out[92] driven by constant 0
WARNING: [Synth 8-3917] design vit_phase_e_write_address_router__GB1 has port p_0_out[91] driven by constant 0
WARNING: [Synth 8-3917] design vit_phase_e_write_address_router__GB1 has port p_0_out[90] driven by constant 0
WARNING: [Synth 8-3917] design vit_phase_e_write_address_router__GB1 has port p_0_out[89] driven by constant 0
WARNING: [Synth 8-3917] design vit_phase_e_write_address_router__GB1 has port p_0_out[88] driven by constant 0
WARNING: [Synth 8-3917] design vit_phase_e_write_address_router__GB1 has port p_0_out[87] driven by constant 0
WARNING: [Synth 8-3917] design vit_phase_e_write_address_router__GB1 has port p_0_out[86] driven by constant 0
WARNING: [Synth 8-3917] design vit_phase_e_write_address_router__GB1 has port p_0_out[85] driven by constant 0
WARNING: [Synth 8-3917] design vit_phase_e_write_address_router__GB1 has port p_0_out[84] driven by constant 0
WARNING: [Synth 8-3917] design vit_phase_e_write_address_router__GB1 has port p_0_out[83] driven by constant 0
WARNING: [Synth 8-3917] design vit_phase_e_write_address_router__GB1 has port p_0_out[82] driven by constant 0
WARNING: [Synth 8-3917] design vit_phase_e_write_address_router__GB1 has port p_0_out[81] driven by constant 0
WARNING: [Synth 8-3917] design vit_phase_e_write_address_router__GB1 has port p_0_out[80] driven by constant 0
WARNING: [Synth 8-3917] design vit_phase_e_write_address_router__GB1 has port p_0_out[79] driven by constant 0
WARNING: [Synth 8-3917] design vit_phase_e_write_address_router__GB1 has port p_0_out[78] driven by constant 0
WARNING: [Synth 8-3917] design vit_phase_e_write_address_router__GB1 has port p_0_out[77] driven by constant 0
WARNING: [Synth 8-3917] design vit_phase_e_write_address_router__GB1 has port p_0_out[76] driven by constant 0
WARNING: [Synth 8-3917] design vit_phase_e_write_address_router__GB1 has port p_0_out[75] driven by constant 0
WARNING: [Synth 8-3917] design vit_phase_e_write_address_router__GB1 has port p_0_out[74] driven by constant 0
WARNING: [Synth 8-3917] design vit_phase_e_write_address_router__GB1 has port p_0_out[73] driven by constant 0
WARNING: [Synth 8-3917] design vit_phase_e_write_address_router__GB1 has port p_0_out[72] driven by constant 0
WARNING: [Synth 8-3917] design vit_phase_e_write_address_router__GB1 has port p_0_out[71] driven by constant 0
WARNING: [Synth 8-3917] design vit_phase_e_write_address_router__GB1 has port p_0_out[70] driven by constant 0
WARNING: [Synth 8-3917] design vit_phase_e_write_address_router__GB1 has port p_0_out[69] driven by constant 0
WARNING: [Synth 8-3917] design vit_phase_e_write_address_router__GB1 has port p_0_out[68] driven by constant 0
WARNING: [Synth 8-3917] design vit_phase_e_write_address_router__GB1 has port p_0_out[67] driven by constant 0
WARNING: [Synth 8-3917] design vit_phase_e_write_address_router__GB1 has port p_0_out[66] driven by constant 0
WARNING: [Synth 8-3917] design vit_phase_e_write_address_router__GB1 has port p_0_out[65] driven by constant 0
WARNING: [Synth 8-3917] design vit_phase_e_write_address_router__GB1 has port p_0_out[64] driven by constant 0
WARNING: [Synth 8-3917] design vit_phase_e_write_address_router__GB1 has port p_0_out[63] driven by constant 0
WARNING: [Synth 8-3917] design vit_phase_e_write_address_router__GB1 has port p_0_out[62] driven by constant 0
WARNING: [Synth 8-3917] design vit_phase_e_write_address_router__GB1 has port p_0_out[61] driven by constant 0
WARNING: [Synth 8-3917] design vit_phase_e_write_address_router__GB1 has port p_0_out[60] driven by constant 0
WARNING: [Synth 8-3917] design vit_phase_e_write_address_router__GB1 has port p_0_out[59] driven by constant 0
WARNING: [Synth 8-3917] design vit_phase_e_write_address_router__GB1 has port p_0_out[58] driven by constant 0
WARNING: [Synth 8-3917] design vit_phase_e_write_address_router__GB1 has port p_0_out[57] driven by constant 0
WARNING: [Synth 8-3917] design vit_phase_e_write_address_router__GB1 has port p_0_out[56] driven by constant 0
WARNING: [Synth 8-3917] design vit_phase_e_write_address_router__GB1 has port p_0_out[55] driven by constant 0
WARNING: [Synth 8-3917] design vit_phase_e_write_address_router__GB1 has port p_0_out[54] driven by constant 0
WARNING: [Synth 8-3917] design vit_phase_e_write_address_router__GB1 has port p_0_out[53] driven by constant 0
WARNING: [Synth 8-3917] design vit_phase_e_write_address_router__GB1 has port p_0_out[52] driven by constant 0
WARNING: [Synth 8-3917] design vit_phase_e_write_address_router__GB1 has port p_0_out[51] driven by constant 0
WARNING: [Synth 8-3917] design vit_phase_e_write_address_router__GB1 has port p_0_out[50] driven by constant 0
WARNING: [Synth 8-3917] design vit_phase_e_write_address_router__GB1 has port p_0_out[49] driven by constant 0
WARNING: [Synth 8-3917] design vit_phase_e_write_address_router__GB1 has port p_0_out[48] driven by constant 0
WARNING: [Synth 8-3917] design vit_phase_e_write_address_router__GB1 has port p_0_out[47] driven by constant 0
WARNING: [Synth 8-3917] design vit_phase_e_write_address_router__GB1 has port p_0_out[46] driven by constant 0
WARNING: [Synth 8-3917] design vit_phase_e_write_address_router__GB1 has port p_0_out[45] driven by constant 0
WARNING: [Synth 8-3917] design vit_phase_e_write_address_router__GB1 has port p_0_out[44] driven by constant 0
WARNING: [Synth 8-3917] design vit_phase_e_write_address_router__GB1 has port p_0_out[43] driven by constant 0
WARNING: [Synth 8-3917] design vit_phase_e_write_address_router__GB1 has port p_0_out[42] driven by constant 0
WARNING: [Synth 8-3917] design vit_phase_e_write_address_router__GB1 has port p_0_out[41] driven by constant 0
WARNING: [Synth 8-3917] design vit_phase_e_write_address_router__GB1 has port p_0_out[40] driven by constant 0
WARNING: [Synth 8-3917] design vit_phase_e_write_address_router__GB1 has port p_0_out[39] driven by constant 0
WARNING: [Synth 8-3917] design vit_phase_e_write_address_router__GB1 has port p_0_out[38] driven by constant 0
WARNING: [Synth 8-3917] design vit_phase_e_write_address_router__GB1 has port p_0_out[37] driven by constant 0
WARNING: [Synth 8-3917] design vit_phase_e_write_address_router__GB1 has port p_0_out[36] driven by constant 0
WARNING: [Synth 8-3917] design vit_phase_e_write_address_router__GB1 has port p_0_out[35] driven by constant 0
WARNING: [Synth 8-3917] design vit_phase_e_write_address_router__GB1 has port p_0_out[34] driven by constant 0
INFO: [Synth 8-5555] Implemented Block Ram Cascade chain of height 2 and width 18 for RAM "u_gemm_activation_panel_cache/gen_row_bank[7].row_memory_reg"
INFO: [Synth 8-7030] Implemented Non-Cascaded Block Ram (cascade_height = 1) of width 9 for RAM "u_gemm_activation_panel_cache/gen_row_bank[7].row_memory_reg"
INFO: [Synth 8-7030] Implemented Non-Cascaded Block Ram (cascade_height = 1) of width 5 for RAM "u_gemm_activation_panel_cache/gen_row_bank[7].row_memory_reg"
INFO: [Synth 8-5555] Implemented Block Ram Cascade chain of height 2 and width 18 for RAM "u_gemm_activation_panel_cache/gen_row_bank[6].row_memory_reg"
INFO: [Synth 8-7030] Implemented Non-Cascaded Block Ram (cascade_height = 1) of width 9 for RAM "u_gemm_activation_panel_cache/gen_row_bank[6].row_memory_reg"
INFO: [Synth 8-7030] Implemented Non-Cascaded Block Ram (cascade_height = 1) of width 5 for RAM "u_gemm_activation_panel_cache/gen_row_bank[6].row_memory_reg"
INFO: [Synth 8-5555] Implemented Block Ram Cascade chain of height 2 and width 18 for RAM "u_gemm_activation_panel_cache/gen_row_bank[5].row_memory_reg"
INFO: [Synth 8-7030] Implemented Non-Cascaded Block Ram (cascade_height = 1) of width 9 for RAM "u_gemm_activation_panel_cache/gen_row_bank[5].row_memory_reg"
INFO: [Synth 8-7030] Implemented Non-Cascaded Block Ram (cascade_height = 1) of width 5 for RAM "u_gemm_activation_panel_cache/gen_row_bank[5].row_memory_reg"
INFO: [Synth 8-5555] Implemented Block Ram Cascade chain of height 2 and width 18 for RAM "u_gemm_activation_panel_cache/gen_row_bank[4].row_memory_reg"
INFO: [Synth 8-7030] Implemented Non-Cascaded Block Ram (cascade_height = 1) of width 9 for RAM "u_gemm_activation_panel_cache/gen_row_bank[4].row_memory_reg"
INFO: [Synth 8-7030] Implemented Non-Cascaded Block Ram (cascade_height = 1) of width 5 for RAM "u_gemm_activation_panel_cache/gen_row_bank[4].row_memory_reg"
INFO: [Synth 8-5555] Implemented Block Ram Cascade chain of height 2 and width 18 for RAM "u_gemm_activation_panel_cache/gen_row_bank[3].row_memory_reg"
INFO: [Synth 8-7030] Implemented Non-Cascaded Block Ram (cascade_height = 1) of width 9 for RAM "u_gemm_activation_panel_cache/gen_row_bank[3].row_memory_reg"
INFO: [Synth 8-7030] Implemented Non-Cascaded Block Ram (cascade_height = 1) of width 5 for RAM "u_gemm_activation_panel_cache/gen_row_bank[3].row_memory_reg"
INFO: [Synth 8-5555] Implemented Block Ram Cascade chain of height 2 and width 18 for RAM "u_gemm_activation_panel_cache/gen_row_bank[2].row_memory_reg"
INFO: [Synth 8-7030] Implemented Non-Cascaded Block Ram (cascade_height = 1) of width 9 for RAM "u_gemm_activation_panel_cache/gen_row_bank[2].row_memory_reg"
INFO: [Synth 8-7030] Implemented Non-Cascaded Block Ram (cascade_height = 1) of width 5 for RAM "u_gemm_activation_panel_cache/gen_row_bank[2].row_memory_reg"
INFO: [Synth 8-5555] Implemented Block Ram Cascade chain of height 2 and width 18 for RAM "u_gemm_activation_panel_cache/gen_row_bank[1].row_memory_reg"
INFO: [Synth 8-7030] Implemented Non-Cascaded Block Ram (cascade_height = 1) of width 9 for RAM "u_gemm_activation_panel_cache/gen_row_bank[1].row_memory_reg"
INFO: [Synth 8-7030] Implemented Non-Cascaded Block Ram (cascade_height = 1) of width 5 for RAM "u_gemm_activation_panel_cache/gen_row_bank[1].row_memory_reg"
INFO: [Synth 8-5555] Implemented Block Ram Cascade chain of height 2 and width 18 for RAM "u_gemm_activation_panel_cache/gen_row_bank[0].row_memory_reg"
INFO: [Synth 8-7030] Implemented Non-Cascaded Block Ram (cascade_height = 1) of width 9 for RAM "u_gemm_activation_panel_cache/gen_row_bank[0].row_memory_reg"
INFO: [Synth 8-7030] Implemented Non-Cascaded Block Ram (cascade_height = 1) of width 5 for RAM "u_gemm_activation_panel_cache/gen_row_bank[0].row_memory_reg"
INFO: [Common 17-14] Message 'Synth 8-7129' appears 100 times and further instances of the messages will be disabled. Use the Tcl command set_msg_config to change the current settings.
INFO: [Common 17-14] Message 'Synth 8-7129' appears 100 times and further instances of the messages will be disabled. Use the Tcl command set_msg_config to change the current settings.
INFO: [Synth 8-5555] Implemented Block Ram Cascade chain of height 2 and width 18 for RAM "u_gemm_bias_cache/bias_memory_reg"
INFO: [Synth 8-7030] Implemented Non-Cascaded Block Ram (cascade_height = 1) of width 9 for RAM "u_gemm_bias_cache/bias_memory_reg"
INFO: [Synth 8-7030] Implemented Non-Cascaded Block Ram (cascade_height = 1) of width 5 for RAM "u_gemm_bias_cache/bias_memory_reg"
INFO: [Synth 8-3886] merging instance 'u_mem_adapter/fill_base_reg[0]' (FDRE) to 'u_mem_adapter/fill_desc_addr_reg[1][0]'
INFO: [Synth 8-3886] merging instance 'u_mem_adapter/fill_valid_words_reg[0]' (FDRE) to 'u_mem_adapter/fill_valid_words_reg[1]'
INFO: [Synth 8-3886] merging instance 'u_mem_adapter/fill_valid_words_reg[1]' (FDRE) to 'u_mem_adapter/fill_valid_words_reg[6]'
INFO: [Synth 8-3333] propagating constant 0 across sequential element (u_mem_adapter/\fill_valid_words_reg[6] )
INFO: [Synth 8-3886] merging instance 'u_mem_adapter/fill_desc_addr_reg[0][0]' (FDRE) to 'u_mem_adapter/fill_desc_addr_reg[1][0]'
INFO: [Synth 8-3886] merging instance 'u_mem_adapter/fill_desc_addr_reg[0][1]' (FDRE) to 'u_mem_adapter/fill_desc_addr_reg[1][1]'
INFO: [Synth 8-3886] merging instance 'u_mem_adapter/fill_desc_addr_reg[0][2]' (FDRE) to 'u_mem_adapter/fill_desc_addr_reg[1][2]'
INFO: [Synth 8-3886] merging instance 'u_mem_adapter/line_valid_words_reg[0]' (FDRE) to 'u_mem_adapter/line_valid_words_reg[1]'
INFO: [Synth 8-3886] merging instance 'u_mem_adapter/line_valid_words_reg[1]' (FDRE) to 'u_mem_adapter/line_valid_words_reg[6]'
INFO: [Synth 8-3333] propagating constant 0 across sequential element (u_mem_adapter/\line_valid_words_reg[6] )
---------------------------------------------------------------------------------
Finished Cross Boundary and Area Optimization : Time (s): cpu = 00:01:59 ; elapsed = 00:02:01 . Memory (MB): peak = 3264.422 ; gain = 987.242 ; free physical = 198743 ; free virtual = 234578
---------------------------------------------------------------------------------
---------------------------------------------------------------------------------
Start ROM, RAM, DSP, Shift Register and Retiming Reporting
---------------------------------------------------------------------------------

Block RAM: Preliminary Mapping Report (see note below)
+------------------------------+--------------------------------+------------------------+---+---+------------------------+---+---+------------------+--------+--------+-----------------+
|Module Name                   | RTL Object                     | PORT A (Depth x Width) | W | R | PORT B (Depth x Width) | W | R | Ports driving FF | RAMB18 | RAMB36 | Cascade Heights | 
+------------------------------+--------------------------------+------------------------+---+---+------------------------+---+---+------------------+--------+--------+-----------------+
|u_gemm_activation_panel_cache | gen_row_bank[7].row_memory_reg | 3 K x 32(READ_FIRST)   | W |   | 3 K x 32(WRITE_FIRST)  |   | R | Port A and B     | 0      | 4      | 2,1,1           | 
|u_gemm_activation_panel_cache | gen_row_bank[6].row_memory_reg | 3 K x 32(READ_FIRST)   | W |   | 3 K x 32(WRITE_FIRST)  |   | R | Port A and B     | 0      | 4      | 2,1,1           | 
|u_gemm_activation_panel_cache | gen_row_bank[5].row_memory_reg | 3 K x 32(READ_FIRST)   | W |   | 3 K x 32(WRITE_FIRST)  |   | R | Port A and B     | 0      | 4      | 2,1,1           | 
|u_gemm_activation_panel_cache | gen_row_bank[4].row_memory_reg | 3 K x 32(READ_FIRST)   | W |   | 3 K x 32(WRITE_FIRST)  |   | R | Port A and B     | 0      | 4      | 2,1,1           | 
|u_gemm_activation_panel_cache | gen_row_bank[3].row_memory_reg | 3 K x 32(READ_FIRST)   | W |   | 3 K x 32(WRITE_FIRST)  |   | R | Port A and B     | 0      | 4      | 2,1,1           | 
|u_gemm_activation_panel_cache | gen_row_bank[2].row_memory_reg | 3 K x 32(READ_FIRST)   | W |   | 3 K x 32(WRITE_FIRST)  |   | R | Port A and B     | 0      | 4      | 2,1,1           | 
|u_gemm_activation_panel_cache | gen_row_bank[1].row_memory_reg | 3 K x 32(READ_FIRST)   | W |   | 3 K x 32(WRITE_FIRST)  |   | R | Port A and B     | 0      | 4      | 2,1,1           | 
|u_gemm_activation_panel_cache | gen_row_bank[0].row_memory_reg | 3 K x 32(READ_FIRST)   | W |   | 3 K x 32(WRITE_FIRST)  |   | R | Port A and B     | 0      | 4      | 2,1,1           | 
|u_gemm_bias_cache             | bias_memory_reg                | 3 K x 32(READ_FIRST)   | W |   | 3 K x 32(WRITE_FIRST)  |   | R | Port A and B     | 0      | 4      | 2,1,1           | 
+------------------------------+--------------------------------+------------------------+---+---+------------------------+---+---+------------------+--------+--------+-----------------+

Note: The table above is a preliminary report that shows the Block RAMs at the current stage of the synthesis flow. Some Block RAMs may be reimplemented as non Block RAM primitives later in the synthesis flow. Multiple instantiated Block RAMs are reported only once. 
---------------------------------------------------------------------------------
Finished ROM, RAM, DSP, Shift Register and Retiming Reporting
---------------------------------------------------------------------------------
---------------------------------------------------------------------------------
Start Applying XDC Timing Constraints
---------------------------------------------------------------------------------
---------------------------------------------------------------------------------
Finished Applying XDC Timing Constraints : Time (s): cpu = 00:02:12 ; elapsed = 00:02:15 . Memory (MB): peak = 3460.730 ; gain = 1183.551 ; free physical = 198529 ; free virtual = 234364
---------------------------------------------------------------------------------
---------------------------------------------------------------------------------
Start Timing Optimization
---------------------------------------------------------------------------------
---------------------------------------------------------------------------------
Finished Timing Optimization : Time (s): cpu = 00:03:59 ; elapsed = 00:04:04 . Memory (MB): peak = 4058.027 ; gain = 1780.848 ; free physical = 197839 ; free virtual = 233726
---------------------------------------------------------------------------------
---------------------------------------------------------------------------------
Start ROM, RAM, DSP, Shift Register and Retiming Reporting
---------------------------------------------------------------------------------

Block RAM: Final Mapping Report
+------------------------------+--------------------------------+------------------------+---+---+------------------------+---+---+------------------+--------+--------+-----------------+
|Module Name                   | RTL Object                     | PORT A (Depth x Width) | W | R | PORT B (Depth x Width) | W | R | Ports driving FF | RAMB18 | RAMB36 | Cascade Heights | 
+------------------------------+--------------------------------+------------------------+---+---+------------------------+---+---+------------------+--------+--------+-----------------+
|u_gemm_activation_panel_cache | gen_row_bank[7].row_memory_reg | 3 K x 32(READ_FIRST)   | W |   | 3 K x 32(WRITE_FIRST)  |   | R | Port A and B     | 0      | 4      | 2,1,1           | 
|u_gemm_activation_panel_cache | gen_row_bank[6].row_memory_reg | 3 K x 32(READ_FIRST)   | W |   | 3 K x 32(WRITE_FIRST)  |   | R | Port A and B     | 0      | 4      | 2,1,1           | 
|u_gemm_activation_panel_cache | gen_row_bank[5].row_memory_reg | 3 K x 32(READ_FIRST)   | W |   | 3 K x 32(WRITE_FIRST)  |   | R | Port A and B     | 0      | 4      | 2,1,1           | 
|u_gemm_activation_panel_cache | gen_row_bank[4].row_memory_reg | 3 K x 32(READ_FIRST)   | W |   | 3 K x 32(WRITE_FIRST)  |   | R | Port A and B     | 0      | 4      | 2,1,1           | 
|u_gemm_activation_panel_cache | gen_row_bank[3].row_memory_reg | 3 K x 32(READ_FIRST)   | W |   | 3 K x 32(WRITE_FIRST)  |   | R | Port A and B     | 0      | 4      | 2,1,1           | 
|u_gemm_activation_panel_cache | gen_row_bank[2].row_memory_reg | 3 K x 32(READ_FIRST)   | W |   | 3 K x 32(WRITE_FIRST)  |   | R | Port A and B     | 0      | 4      | 2,1,1           | 
|u_gemm_activation_panel_cache | gen_row_bank[1].row_memory_reg | 3 K x 32(READ_FIRST)   | W |   | 3 K x 32(WRITE_FIRST)  |   | R | Port A and B     | 0      | 4      | 2,1,1           | 
|u_gemm_activation_panel_cache | gen_row_bank[0].row_memory_reg | 3 K x 32(READ_FIRST)   | W |   | 3 K x 32(WRITE_FIRST)  |   | R | Port A and B     | 0      | 4      | 2,1,1           | 
|u_gemm_bias_cache             | bias_memory_reg                | 3 K x 32(READ_FIRST)   | W |   | 3 K x 32(WRITE_FIRST)  |   | R | Port A and B     | 0      | 4      | 2,1,1           | 
+------------------------------+--------------------------------+------------------------+---+---+------------------------+---+---+------------------+--------+--------+-----------------+

---------------------------------------------------------------------------------
Finished ROM, RAM, DSP, Shift Register and Retiming Reporting
---------------------------------------------------------------------------------
---------------------------------------------------------------------------------
Start Technology Mapping
---------------------------------------------------------------------------------
INFO: [Synth 8-7052] The timing for the instance u_memory_frontendi_24/u_gemm_bias_cache/bias_memory_reg_bram_1 (implemented as a Block RAM) might be sub-optimal as no optional output register could be merged into the ram block. Providing additional output register may help in improving timing.
INFO: [Synth 8-7052] The timing for the instance u_memory_frontendi_24/u_gemm_bias_cache/bias_memory_reg_bram_2 (implemented as a Block RAM) might be sub-optimal as no optional output register could be merged into the ram block. Providing additional output register may help in improving timing.
INFO: [Synth 8-7052] The timing for the instance u_memory_frontendi_24/u_gemm_bias_cache/bias_memory_reg_bram_3 (implemented as a Block RAM) might be sub-optimal as no optional output register could be merged into the ram block. Providing additional output register may help in improving timing.
INFO: [Synth 8-7052] The timing for the instance u_memory_frontendi_16/u_memory_frontend/u_gemm_activation_panel_cache/gen_row_bank[7].row_memory_reg_bram_1 (implemented as a Block RAM) might be sub-optimal as no optional output register could be merged into the ram block. Providing additional output register may help in improving timing.
INFO: [Synth 8-7052] The timing for the instance u_memory_frontendi_16/u_memory_frontend/u_gemm_activation_panel_cache/gen_row_bank[7].row_memory_reg_bram_2 (implemented as a Block RAM) might be sub-optimal as no optional output register could be merged into the ram block. Providing additional output register may help in improving timing.
INFO: [Synth 8-7052] The timing for the instance u_memory_frontendi_16/u_memory_frontend/u_gemm_activation_panel_cache/gen_row_bank[7].row_memory_reg_bram_3 (implemented as a Block RAM) might be sub-optimal as no optional output register could be merged into the ram block. Providing additional output register may help in improving timing.
INFO: [Synth 8-7052] The timing for the instance u_memory_frontendi_16/u_memory_frontend/u_gemm_activation_panel_cache/gen_row_bank[6].row_memory_reg_bram_1 (implemented as a Block RAM) might be sub-optimal as no optional output register could be merged into the ram block. Providing additional output register may help in improving timing.
INFO: [Synth 8-7052] The timing for the instance u_memory_frontendi_16/u_memory_frontend/u_gemm_activation_panel_cache/gen_row_bank[6].row_memory_reg_bram_2 (implemented as a Block RAM) might be sub-optimal as no optional output register could be merged into the ram block. Providing additional output register may help in improving timing.
INFO: [Synth 8-7052] The timing for the instance u_memory_frontendi_16/u_memory_frontend/u_gemm_activation_panel_cache/gen_row_bank[6].row_memory_reg_bram_3 (implemented as a Block RAM) might be sub-optimal as no optional output register could be merged into the ram block. Providing additional output register may help in improving timing.
INFO: [Synth 8-7052] The timing for the instance u_memory_frontendi_16/u_memory_frontend/u_gemm_activation_panel_cache/gen_row_bank[5].row_memory_reg_bram_1 (implemented as a Block RAM) might be sub-optimal as no optional output register could be merged into the ram block. Providing additional output register may help in improving timing.
INFO: [Synth 8-7052] The timing for the instance u_memory_frontendi_16/u_memory_frontend/u_gemm_activation_panel_cache/gen_row_bank[5].row_memory_reg_bram_2 (implemented as a Block RAM) might be sub-optimal as no optional output register could be merged into the ram block. Providing additional output register may help in improving timing.
INFO: [Synth 8-7052] The timing for the instance u_memory_frontendi_16/u_memory_frontend/u_gemm_activation_panel_cache/gen_row_bank[5].row_memory_reg_bram_3 (implemented as a Block RAM) might be sub-optimal as no optional output register could be merged into the ram block. Providing additional output register may help in improving timing.
INFO: [Synth 8-7052] The timing for the instance u_memory_frontendi_16/u_memory_frontend/u_gemm_activation_panel_cache/gen_row_bank[4].row_memory_reg_bram_1 (implemented as a Block RAM) might be sub-optimal as no optional output register could be merged into the ram block. Providing additional output register may help in improving timing.
INFO: [Synth 8-7052] The timing for the instance u_memory_frontendi_16/u_memory_frontend/u_gemm_activation_panel_cache/gen_row_bank[4].row_memory_reg_bram_2 (implemented as a Block RAM) might be sub-optimal as no optional output register could be merged into the ram block. Providing additional output register may help in improving timing.
INFO: [Synth 8-7052] The timing for the instance u_memory_frontendi_16/u_memory_frontend/u_gemm_activation_panel_cache/gen_row_bank[4].row_memory_reg_bram_3 (implemented as a Block RAM) might be sub-optimal as no optional output register could be merged into the ram block. Providing additional output register may help in improving timing.
INFO: [Synth 8-7052] The timing for the instance u_memory_frontendi_16/u_memory_frontend/u_gemm_activation_panel_cache/gen_row_bank[3].row_memory_reg_bram_1 (implemented as a Block RAM) might be sub-optimal as no optional output register could be merged into the ram block. Providing additional output register may help in improving timing.
INFO: [Synth 8-7052] The timing for the instance u_memory_frontendi_16/u_memory_frontend/u_gemm_activation_panel_cache/gen_row_bank[3].row_memory_reg_bram_2 (implemented as a Block RAM) might be sub-optimal as no optional output register could be merged into the ram block. Providing additional output register may help in improving timing.
INFO: [Synth 8-7052] The timing for the instance u_memory_frontendi_16/u_memory_frontend/u_gemm_activation_panel_cache/gen_row_bank[3].row_memory_reg_bram_3 (implemented as a Block RAM) might be sub-optimal as no optional output register could be merged into the ram block. Providing additional output register may help in improving timing.
INFO: [Synth 8-7052] The timing for the instance u_memory_frontendi_16/u_memory_frontend/u_gemm_activation_panel_cache/gen_row_bank[2].row_memory_reg_bram_1 (implemented as a Block RAM) might be sub-optimal as no optional output register could be merged into the ram block. Providing additional output register may help in improving timing.
INFO: [Synth 8-7052] The timing for the instance u_memory_frontendi_16/u_memory_frontend/u_gemm_activation_panel_cache/gen_row_bank[2].row_memory_reg_bram_2 (implemented as a Block RAM) might be sub-optimal as no optional output register could be merged into the ram block. Providing additional output register may help in improving timing.
INFO: [Synth 8-7052] The timing for the instance u_memory_frontendi_16/u_memory_frontend/u_gemm_activation_panel_cache/gen_row_bank[2].row_memory_reg_bram_3 (implemented as a Block RAM) might be sub-optimal as no optional output register could be merged into the ram block. Providing additional output register may help in improving timing.
INFO: [Synth 8-7052] The timing for the instance u_memory_frontendi_16/u_memory_frontend/u_gemm_activation_panel_cache/gen_row_bank[1].row_memory_reg_bram_1 (implemented as a Block RAM) might be sub-optimal as no optional output register could be merged into the ram block. Providing additional output register may help in improving timing.
INFO: [Synth 8-7052] The timing for the instance u_memory_frontendi_16/u_memory_frontend/u_gemm_activation_panel_cache/gen_row_bank[1].row_memory_reg_bram_2 (implemented as a Block RAM) might be sub-optimal as no optional output register could be merged into the ram block. Providing additional output register may help in improving timing.
INFO: [Synth 8-7052] The timing for the instance u_memory_frontendi_16/u_memory_frontend/u_gemm_activation_panel_cache/gen_row_bank[1].row_memory_reg_bram_3 (implemented as a Block RAM) might be sub-optimal as no optional output register could be merged into the ram block. Providing additional output register may help in improving timing.
INFO: [Synth 8-7052] The timing for the instance u_memory_frontendi_16/u_memory_frontend/u_gemm_activation_panel_cache/gen_row_bank[0].row_memory_reg_bram_1 (implemented as a Block RAM) might be sub-optimal as no optional output register could be merged into the ram block. Providing additional output register may help in improving timing.
INFO: [Synth 8-7052] The timing for the instance u_memory_frontendi_16/u_memory_frontend/u_gemm_activation_panel_cache/gen_row_bank[0].row_memory_reg_bram_2 (implemented as a Block RAM) might be sub-optimal as no optional output register could be merged into the ram block. Providing additional output register may help in improving timing.
INFO: [Synth 8-7052] The timing for the instance u_memory_frontendi_16/u_memory_frontend/u_gemm_activation_panel_cache/gen_row_bank[0].row_memory_reg_bram_3 (implemented as a Block RAM) might be sub-optimal as no optional output register could be merged into the ram block. Providing additional output register may help in improving timing.
Found timing loop:
     0: i_0/i_2544/O (LUT6)
      [/home/s23520579/Vivado_project/m8_memory_frontend_poc/rtl/optimized/vit_m8_memory_subsystem_optimized.sv:300]
     1: i_0/i_2544/I5 (LUT6)
     2: i_0/i_2260/O (LUT2)
      [/home/s23520579/Vivado_project/m8_memory_frontend_poc/rtl/optimized/vit_phase_e_axi_mem_adapter_optimized.sv:558]
     3: i_0/i_2260/I0 (LUT2)
     4: i_0/i_1147/O (LUT5)
      [/home/s23520579/Vivado_project/m8_memory_frontend_poc/rtl/optimized/vit_phase_e_axi_mem_adapter_optimized.sv:558]
     5: i_0/i_1147/I3 (LUT5)
     6: i_0/i_1149/O (LUT2)
      [/home/s23520579/Vivado_project/m8_memory_frontend_poc/rtl/optimized/vit_phase_e_axi_mem_adapter_optimized.sv:558]
     7: i_0/i_1149/I1 (LUT2)
     8: i_0/i_1150/O (LUT6)
      [/home/s23520579/Vivado_project/m8_memory_frontend_poc/rtl/optimized/vit_phase_e_axi_mem_adapter_optimized.sv:558]
     9: i_0/i_1150/I4 (LUT6)
    10: i_0/i_1155/O (LUT6)
      [/home/s23520579/Vivado_project/m8_memory_frontend_poc/rtl/optimized/vit_phase_e_axi_mem_adapter_optimized.sv:558]
    11: i_0/i_1155/I5 (LUT6)
    12: i_0/i_1156/O (LUT6)
      [/home/s23520579/Vivado_project/m8_memory_frontend_poc/rtl/optimized/vit_phase_e_axi_mem_adapter_optimized.sv:558]
    13: i_0/i_1156/I5 (LUT6)
    14: i_0/i_1586/O (LUT6)
      [/home/s23520579/Vivado_project/m8_memory_frontend_poc/rtl/optimized/vit_phase_e_axi_mem_adapter_optimized.sv:558]
    15: i_0/i_1586/I5 (LUT6)
    16: i_0/i_2544/O (LUT6)
      [/home/s23520579/Vivado_project/m8_memory_frontend_poc/rtl/optimized/vit_m8_memory_subsystem_optimized.sv:300]
CRITICAL WARNING: [Synth 8-295] found timing loop. [/home/s23520579/Vivado_project/m8_memory_frontend_poc/rtl/optimized/vit_m8_memory_subsystem_optimized.sv:300]
Inferred a: "set_disable_timing -from I5 -to O i_0/i_2544"
Found timing loop:
     0: i_0/i_2544/O (LUT6)
      [/home/s23520579/Vivado_project/m8_memory_frontend_poc/rtl/optimized/vit_m8_memory_subsystem_optimized.sv:300]
     1: i_0/i_2544/O (LUT6)
CRITICAL WARNING: [Synth 8-295] found timing loop. [/home/s23520579/Vivado_project/m8_memory_frontend_poc/rtl/optimized/vit_m8_memory_subsystem_optimized.sv:300]
Found timing loop:
     0: i_0/i_2544/O (LUT6)
      [/home/s23520579/Vivado_project/m8_memory_frontend_poc/rtl/optimized/vit_m8_memory_subsystem_optimized.sv:300]
     1: i_0/i_2544/O (LUT6)
CRITICAL WARNING: [Synth 8-295] found timing loop. [/home/s23520579/Vivado_project/m8_memory_frontend_poc/rtl/optimized/vit_m8_memory_subsystem_optimized.sv:300]
Found timing loop:
     0: i_0/i_2544/O (LUT6)
      [/home/s23520579/Vivado_project/m8_memory_frontend_poc/rtl/optimized/vit_m8_memory_subsystem_optimized.sv:300]
     1: i_0/i_2544/O (LUT6)
CRITICAL WARNING: [Synth 8-295] found timing loop. [/home/s23520579/Vivado_project/m8_memory_frontend_poc/rtl/optimized/vit_m8_memory_subsystem_optimized.sv:300]
Found timing loop:
     0: i_0/i_2544/O (LUT6)
      [/home/s23520579/Vivado_project/m8_memory_frontend_poc/rtl/optimized/vit_m8_memory_subsystem_optimized.sv:300]
     1: i_0/i_2544/O (LUT6)
CRITICAL WARNING: [Synth 8-295] found timing loop. [/home/s23520579/Vivado_project/m8_memory_frontend_poc/rtl/optimized/vit_m8_memory_subsystem_optimized.sv:300]
Found timing loop:
     0: i_0/i_2544/O (LUT6)
      [/home/s23520579/Vivado_project/m8_memory_frontend_poc/rtl/optimized/vit_m8_memory_subsystem_optimized.sv:300]
     1: i_0/i_2544/O (LUT6)
CRITICAL WARNING: [Synth 8-295] found timing loop. [/home/s23520579/Vivado_project/m8_memory_frontend_poc/rtl/optimized/vit_m8_memory_subsystem_optimized.sv:300]
Found timing loop:
     0: i_0/i_2544/O (LUT6)
      [/home/s23520579/Vivado_project/m8_memory_frontend_poc/rtl/optimized/vit_m8_memory_subsystem_optimized.sv:300]
     1: i_0/i_2544/O (LUT6)
CRITICAL WARNING: [Synth 8-295] found timing loop. [/home/s23520579/Vivado_project/m8_memory_frontend_poc/rtl/optimized/vit_m8_memory_subsystem_optimized.sv:300]
Found timing loop:
     0: i_0/i_2544/O (LUT6)
      [/home/s23520579/Vivado_project/m8_memory_frontend_poc/rtl/optimized/vit_m8_memory_subsystem_optimized.sv:300]
     1: i_0/i_2544/O (LUT6)
CRITICAL WARNING: [Synth 8-295] found timing loop. [/home/s23520579/Vivado_project/m8_memory_frontend_poc/rtl/optimized/vit_m8_memory_subsystem_optimized.sv:300]
Found timing loop:
     0: i_0/i_2544/O (LUT6)
      [/home/s23520579/Vivado_project/m8_memory_frontend_poc/rtl/optimized/vit_m8_memory_subsystem_optimized.sv:300]
     1: i_0/i_2544/O (LUT6)
CRITICAL WARNING: [Synth 8-295] found timing loop. [/home/s23520579/Vivado_project/m8_memory_frontend_poc/rtl/optimized/vit_m8_memory_subsystem_optimized.sv:300]
Found timing loop:
     0: i_0/i_2544/O (LUT6)
      [/home/s23520579/Vivado_project/m8_memory_frontend_poc/rtl/optimized/vit_m8_memory_subsystem_optimized.sv:300]
     1: i_0/i_2544/O (LUT6)
CRITICAL WARNING: [Synth 8-295] found timing loop. [/home/s23520579/Vivado_project/m8_memory_frontend_poc/rtl/optimized/vit_m8_memory_subsystem_optimized.sv:300]
Found timing loop:
     0: i_0/i_2544/O (LUT6)
      [/home/s23520579/Vivado_project/m8_memory_frontend_poc/rtl/optimized/vit_m8_memory_subsystem_optimized.sv:300]
     1: i_0/i_2544/O (LUT6)
CRITICAL WARNING: [Synth 8-295] found timing loop. [/home/s23520579/Vivado_project/m8_memory_frontend_poc/rtl/optimized/vit_m8_memory_subsystem_optimized.sv:300]
Found timing loop:
     0: i_0/i_2544/O (LUT6)
      [/home/s23520579/Vivado_project/m8_memory_frontend_poc/rtl/optimized/vit_m8_memory_subsystem_optimized.sv:300]
     1: i_0/i_2544/O (LUT6)
CRITICAL WARNING: [Synth 8-295] found timing loop. [/home/s23520579/Vivado_project/m8_memory_frontend_poc/rtl/optimized/vit_m8_memory_subsystem_optimized.sv:300]
Found timing loop:
     0: i_0/i_2544/O (LUT6)
      [/home/s23520579/Vivado_project/m8_memory_frontend_poc/rtl/optimized/vit_m8_memory_subsystem_optimized.sv:300]
     1: i_0/i_2544/O (LUT6)
CRITICAL WARNING: [Synth 8-295] found timing loop. [/home/s23520579/Vivado_project/m8_memory_frontend_poc/rtl/optimized/vit_m8_memory_subsystem_optimized.sv:300]
Found timing loop:
     0: i_0/i_2544/O (LUT6)
      [/home/s23520579/Vivado_project/m8_memory_frontend_poc/rtl/optimized/vit_m8_memory_subsystem_optimized.sv:300]
     1: i_0/i_2544/O (LUT6)
CRITICAL WARNING: [Synth 8-295] found timing loop. [/home/s23520579/Vivado_project/m8_memory_frontend_poc/rtl/optimized/vit_m8_memory_subsystem_optimized.sv:300]
---------------------------------------------------------------------------------
Finished Technology Mapping : Time (s): cpu = 00:04:29 ; elapsed = 00:04:39 . Memory (MB): peak = 4125.094 ; gain = 1847.914 ; free physical = 194761 ; free virtual = 230651
---------------------------------------------------------------------------------
---------------------------------------------------------------------------------
Start IO Insertion
---------------------------------------------------------------------------------
---------------------------------------------------------------------------------
Start Flattening Before IO Insertion
---------------------------------------------------------------------------------
---------------------------------------------------------------------------------
Finished Flattening Before IO Insertion
---------------------------------------------------------------------------------
---------------------------------------------------------------------------------
Start Final Netlist Cleanup
---------------------------------------------------------------------------------
INFO: [Synth 8-7052] The timing for the instance u_memory_frontend/u_gemm_activation_panel_cache/gen_row_bank[7].row_memory_reg_bram_1 (implemented as a Block RAM) might be sub-optimal as no optional output register could be merged into the ram block. Providing additional output register may help in improving timing.
INFO: [Synth 8-7052] The timing for the instance u_memory_frontend/u_gemm_activation_panel_cache/gen_row_bank[7].row_memory_reg_bram_2 (implemented as a Block RAM) might be sub-optimal as no optional output register could be merged into the ram block. Providing additional output register may help in improving timing.
INFO: [Synth 8-7052] The timing for the instance u_memory_frontend/u_gemm_activation_panel_cache/gen_row_bank[7].row_memory_reg_bram_3 (implemented as a Block RAM) might be sub-optimal as no optional output register could be merged into the ram block. Providing additional output register may help in improving timing.
INFO: [Synth 8-7052] The timing for the instance u_memory_frontend/u_gemm_activation_panel_cache/gen_row_bank[6].row_memory_reg_bram_1 (implemented as a Block RAM) might be sub-optimal as no optional output register could be merged into the ram block. Providing additional output register may help in improving timing.
INFO: [Synth 8-7052] The timing for the instance u_memory_frontend/u_gemm_activation_panel_cache/gen_row_bank[6].row_memory_reg_bram_2 (implemented as a Block RAM) might be sub-optimal as no optional output register could be merged into the ram block. Providing additional output register may help in improving timing.
INFO: [Synth 8-7052] The timing for the instance u_memory_frontend/u_gemm_activation_panel_cache/gen_row_bank[6].row_memory_reg_bram_3 (implemented as a Block RAM) might be sub-optimal as no optional output register could be merged into the ram block. Providing additional output register may help in improving timing.
INFO: [Synth 8-7052] The timing for the instance u_memory_frontend/u_gemm_activation_panel_cache/gen_row_bank[5].row_memory_reg_bram_1 (implemented as a Block RAM) might be sub-optimal as no optional output register could be merged into the ram block. Providing additional output register may help in improving timing.
INFO: [Synth 8-7052] The timing for the instance u_memory_frontend/u_gemm_activation_panel_cache/gen_row_bank[5].row_memory_reg_bram_2 (implemented as a Block RAM) might be sub-optimal as no optional output register could be merged into the ram block. Providing additional output register may help in improving timing.
INFO: [Synth 8-7052] The timing for the instance u_memory_frontend/u_gemm_activation_panel_cache/gen_row_bank[5].row_memory_reg_bram_3 (implemented as a Block RAM) might be sub-optimal as no optional output register could be merged into the ram block. Providing additional output register may help in improving timing.
INFO: [Synth 8-7052] The timing for the instance u_memory_frontend/u_gemm_activation_panel_cache/gen_row_bank[4].row_memory_reg_bram_1 (implemented as a Block RAM) might be sub-optimal as no optional output register could be merged into the ram block. Providing additional output register may help in improving timing.
INFO: [Synth 8-7052] The timing for the instance u_memory_frontend/u_gemm_activation_panel_cache/gen_row_bank[4].row_memory_reg_bram_2 (implemented as a Block RAM) might be sub-optimal as no optional output register could be merged into the ram block. Providing additional output register may help in improving timing.
INFO: [Synth 8-7052] The timing for the instance u_memory_frontend/u_gemm_activation_panel_cache/gen_row_bank[4].row_memory_reg_bram_3 (implemented as a Block RAM) might be sub-optimal as no optional output register could be merged into the ram block. Providing additional output register may help in improving timing.
INFO: [Synth 8-7052] The timing for the instance u_memory_frontend/u_gemm_activation_panel_cache/gen_row_bank[3].row_memory_reg_bram_1 (implemented as a Block RAM) might be sub-optimal as no optional output register could be merged into the ram block. Providing additional output register may help in improving timing.
INFO: [Synth 8-7052] The timing for the instance u_memory_frontend/u_gemm_activation_panel_cache/gen_row_bank[3].row_memory_reg_bram_2 (implemented as a Block RAM) might be sub-optimal as no optional output register could be merged into the ram block. Providing additional output register may help in improving timing.
INFO: [Synth 8-7052] The timing for the instance u_memory_frontend/u_gemm_activation_panel_cache/gen_row_bank[3].row_memory_reg_bram_3 (implemented as a Block RAM) might be sub-optimal as no optional output register could be merged into the ram block. Providing additional output register may help in improving timing.
INFO: [Synth 8-7052] The timing for the instance u_memory_frontend/u_gemm_activation_panel_cache/gen_row_bank[2].row_memory_reg_bram_1 (implemented as a Block RAM) might be sub-optimal as no optional output register could be merged into the ram block. Providing additional output register may help in improving timing.
INFO: [Synth 8-7052] The timing for the instance u_memory_frontend/u_gemm_activation_panel_cache/gen_row_bank[2].row_memory_reg_bram_2 (implemented as a Block RAM) might be sub-optimal as no optional output register could be merged into the ram block. Providing additional output register may help in improving timing.
INFO: [Synth 8-7052] The timing for the instance u_memory_frontend/u_gemm_activation_panel_cache/gen_row_bank[2].row_memory_reg_bram_3 (implemented as a Block RAM) might be sub-optimal as no optional output register could be merged into the ram block. Providing additional output register may help in improving timing.
INFO: [Synth 8-7052] The timing for the instance u_memory_frontend/u_gemm_activation_panel_cache/gen_row_bank[1].row_memory_reg_bram_1 (implemented as a Block RAM) might be sub-optimal as no optional output register could be merged into the ram block. Providing additional output register may help in improving timing.
INFO: [Synth 8-7052] The timing for the instance u_memory_frontend/u_gemm_activation_panel_cache/gen_row_bank[1].row_memory_reg_bram_2 (implemented as a Block RAM) might be sub-optimal as no optional output register could be merged into the ram block. Providing additional output register may help in improving timing.
INFO: [Synth 8-7052] The timing for the instance u_memory_frontend/u_gemm_activation_panel_cache/gen_row_bank[1].row_memory_reg_bram_3 (implemented as a Block RAM) might be sub-optimal as no optional output register could be merged into the ram block. Providing additional output register may help in improving timing.
INFO: [Synth 8-7052] The timing for the instance u_memory_frontend/u_gemm_activation_panel_cache/gen_row_bank[0].row_memory_reg_bram_1 (implemented as a Block RAM) might be sub-optimal as no optional output register could be merged into the ram block. Providing additional output register may help in improving timing.
INFO: [Synth 8-7052] The timing for the instance u_memory_frontend/u_gemm_activation_panel_cache/gen_row_bank[0].row_memory_reg_bram_2 (implemented as a Block RAM) might be sub-optimal as no optional output register could be merged into the ram block. Providing additional output register may help in improving timing.
INFO: [Synth 8-7052] The timing for the instance u_memory_frontend/u_gemm_activation_panel_cache/gen_row_bank[0].row_memory_reg_bram_3 (implemented as a Block RAM) might be sub-optimal as no optional output register could be merged into the ram block. Providing additional output register may help in improving timing.
INFO: [Synth 8-7052] The timing for the instance u_memory_frontend/u_gemm_bias_cache/bias_memory_reg_bram_1 (implemented as a Block RAM) might be sub-optimal as no optional output register could be merged into the ram block. Providing additional output register may help in improving timing.
INFO: [Synth 8-7052] The timing for the instance u_memory_frontend/u_gemm_bias_cache/bias_memory_reg_bram_2 (implemented as a Block RAM) might be sub-optimal as no optional output register could be merged into the ram block. Providing additional output register may help in improving timing.
INFO: [Synth 8-7052] The timing for the instance u_memory_frontend/u_gemm_bias_cache/bias_memory_reg_bram_3 (implemented as a Block RAM) might be sub-optimal as no optional output register could be merged into the ram block. Providing additional output register may help in improving timing.
---------------------------------------------------------------------------------
Finished Final Netlist Cleanup
---------------------------------------------------------------------------------
---------------------------------------------------------------------------------
Finished IO Insertion : Time (s): cpu = 00:04:46 ; elapsed = 00:04:56 . Memory (MB): peak = 4125.094 ; gain = 1847.914 ; free physical = 194769 ; free virtual = 230659
---------------------------------------------------------------------------------
---------------------------------------------------------------------------------
Start Renaming Generated Instances
---------------------------------------------------------------------------------
---------------------------------------------------------------------------------
Finished Renaming Generated Instances : Time (s): cpu = 00:04:46 ; elapsed = 00:04:57 . Memory (MB): peak = 4125.094 ; gain = 1847.914 ; free physical = 194769 ; free virtual = 230659
---------------------------------------------------------------------------------
Found timing loop:
     0: profile_logical_read_word_o_INST_0_i_4/O (LUT6)
      [/home/s23520579/Vivado_project/m8_memory_frontend_poc/rtl/optimized/vit_phase_e_axi_mem_adapter_optimized.sv:558]
     1: profile_logical_read_word_o_INST_0_i_4/I3 (LUT6)
     2: \req_fifo_count[1]_i_4 /O (LUT2)
      [/home/s23520579/Vivado_project/m8_memory_frontend_poc/rtl/optimized/vit_phase_e_axi_mem_adapter_optimized.sv:558]
     3: \req_fifo_count[1]_i_4 /I1 (LUT2)
     4: \state[3]_i_15 /O (LUT6)
      [/home/s23520579/Vivado_project/m8_memory_frontend_poc/rtl/optimized/vit_phase_e_axi_mem_adapter_optimized.sv:558]
     5: \state[3]_i_15 /I4 (LUT6)
     6: m_axi_arvalid_INST_0_i_2/O (LUT6)
      [/home/s23520579/Vivado_project/m8_memory_frontend_poc/rtl/optimized/vit_phase_e_axi_mem_adapter_optimized.sv:558]
     7: m_axi_arvalid_INST_0_i_2/I5 (LUT6)
     8: linefill_hit_o_i_2/O (LUT6)
      [/home/s23520579/Vivado_project/m8_memory_frontend_poc/rtl/optimized/vit_phase_e_axi_mem_adapter_optimized.sv:558]
     9: linefill_hit_o_i_2/I5 (LUT6)
    10: linefill_hit_o_i_10/O (LUT6)
      [/home/s23520579/Vivado_project/m8_memory_frontend_poc/rtl/optimized/vit_phase_e_axi_mem_adapter_optimized.sv:558]
    11: linefill_hit_o_i_10/I5 (LUT6)
    12: \fill_space[1]_i_2 /O (LUT6)
      [/home/s23520579/Vivado_project/m8_memory_frontend_poc/rtl/optimized/vit_m8_memory_subsystem_optimized.sv:300]
    13: \fill_space[1]_i_2 /I5 (LUT6)
    14: profile_logical_read_word_o_INST_0_i_4/O (LUT6)
      [/home/s23520579/Vivado_project/m8_memory_frontend_poc/rtl/optimized/vit_phase_e_axi_mem_adapter_optimized.sv:558]
CRITICAL WARNING: [Synth 8-295] found timing loop. [/home/s23520579/Vivado_project/m8_memory_frontend_poc/rtl/optimized/vit_m8_memory_subsystem_optimized.sv:4]
Inferred a: "set_disable_timing -from I3 -to O profile_logical_read_word_o_INST_0_i_4"
Found timing loop:
     0: profile_logical_read_word_o_INST_0_i_4/O (LUT6)
      [/home/s23520579/Vivado_project/m8_memory_frontend_poc/rtl/optimized/vit_phase_e_axi_mem_adapter_optimized.sv:558]
     1: profile_logical_read_word_o_INST_0_i_4/O (LUT6)
CRITICAL WARNING: [Synth 8-295] found timing loop. [/home/s23520579/Vivado_project/m8_memory_frontend_poc/rtl/optimized/vit_m8_memory_subsystem_optimized.sv:4]
Found timing loop:
     0: profile_logical_read_word_o_INST_0_i_4/O (LUT6)
      [/home/s23520579/Vivado_project/m8_memory_frontend_poc/rtl/optimized/vit_phase_e_axi_mem_adapter_optimized.sv:558]
     1: profile_logical_read_word_o_INST_0_i_4/O (LUT6)
CRITICAL WARNING: [Synth 8-295] found timing loop. [/home/s23520579/Vivado_project/m8_memory_frontend_poc/rtl/optimized/vit_m8_memory_subsystem_optimized.sv:4]
Found timing loop:
     0: profile_logical_read_word_o_INST_0_i_4/O (LUT6)
      [/home/s23520579/Vivado_project/m8_memory_frontend_poc/rtl/optimized/vit_phase_e_axi_mem_adapter_optimized.sv:558]
     1: profile_logical_read_word_o_INST_0_i_4/O (LUT6)
CRITICAL WARNING: [Synth 8-295] found timing loop. [/home/s23520579/Vivado_project/m8_memory_frontend_poc/rtl/optimized/vit_m8_memory_subsystem_optimized.sv:4]
Found timing loop:
     0: profile_logical_read_word_o_INST_0_i_4/O (LUT6)
      [/home/s23520579/Vivado_project/m8_memory_frontend_poc/rtl/optimized/vit_phase_e_axi_mem_adapter_optimized.sv:558]
     1: profile_logical_read_word_o_INST_0_i_4/O (LUT6)
CRITICAL WARNING: [Synth 8-295] found timing loop. [/home/s23520579/Vivado_project/m8_memory_frontend_poc/rtl/optimized/vit_m8_memory_subsystem_optimized.sv:4]
---------------------------------------------------------------------------------
Start Rebuilding User Hierarchy
---------------------------------------------------------------------------------
---------------------------------------------------------------------------------
Finished Rebuilding User Hierarchy : Time (s): cpu = 00:04:55 ; elapsed = 00:05:05 . Memory (MB): peak = 4125.094 ; gain = 1847.914 ; free physical = 194764 ; free virtual = 230654
---------------------------------------------------------------------------------
---------------------------------------------------------------------------------
Start Renaming Generated Ports
---------------------------------------------------------------------------------
---------------------------------------------------------------------------------
Finished Renaming Generated Ports : Time (s): cpu = 00:04:58 ; elapsed = 00:05:08 . Memory (MB): peak = 4125.094 ; gain = 1847.914 ; free physical = 194763 ; free virtual = 230652
---------------------------------------------------------------------------------
---------------------------------------------------------------------------------
Start Handling Custom Attributes
---------------------------------------------------------------------------------
---------------------------------------------------------------------------------
Finished Handling Custom Attributes : Time (s): cpu = 00:05:03 ; elapsed = 00:05:13 . Memory (MB): peak = 4125.094 ; gain = 1847.914 ; free physical = 194763 ; free virtual = 230652
---------------------------------------------------------------------------------
---------------------------------------------------------------------------------
Start Renaming Generated Nets
---------------------------------------------------------------------------------
---------------------------------------------------------------------------------
Finished Renaming Generated Nets : Time (s): cpu = 00:05:03 ; elapsed = 00:05:14 . Memory (MB): peak = 4125.094 ; gain = 1847.914 ; free physical = 194763 ; free virtual = 230652
---------------------------------------------------------------------------------
---------------------------------------------------------------------------------
Start Writing Synthesis Report
---------------------------------------------------------------------------------

Report BlackBoxes: 
+-+--------------+----------+
| |BlackBox name |Instances |
+-+--------------+----------+
+-+--------------+----------+

Report Cell Usage: 
+------+---------+------+
|      |Cell     |Count |
+------+---------+------+
|1     |CARRY8   |   558|
|2     |LUT1     |    88|
|3     |LUT2     |  1907|
|4     |LUT3     |  1100|
|5     |LUT4     |  4094|
|6     |LUT5     | 22552|
|7     |LUT6     | 20565|
|8     |MUXF7    |  4330|
|9     |MUXF8    |     2|
|10    |RAMB36E2 |    36|
|13    |FDRE     | 10849|
|14    |FDSE     |     2|
+------+---------+------+
---------------------------------------------------------------------------------
Finished Writing Synthesis Report : Time (s): cpu = 00:05:03 ; elapsed = 00:05:14 . Memory (MB): peak = 4125.094 ; gain = 1847.914 ; free physical = 194763 ; free virtual = 230652
---------------------------------------------------------------------------------
Synthesis finished with 0 errors, 19 critical warnings and 744 warnings.
Synthesis Optimization Runtime : Time (s): cpu = 00:04:46 ; elapsed = 00:05:01 . Memory (MB): peak = 4125.094 ; gain = 1412.254 ; free physical = 205511 ; free virtual = 241401
Synthesis Optimization Complete : Time (s): cpu = 00:05:07 ; elapsed = 00:05:18 . Memory (MB): peak = 4125.094 ; gain = 1847.914 ; free physical = 205558 ; free virtual = 241390
INFO: [Project 1-571] Translating synthesized netlist
Netlist sorting complete. Time (s): cpu = 00:00:00.76 ; elapsed = 00:00:00.76 . Memory (MB): peak = 4125.094 ; gain = 0.000 ; free physical = 205551 ; free virtual = 241383
INFO: [Netlist 29-17] Analyzing 4890 Unisim elements for replacement
INFO: [Netlist 29-28] Unisim Transformation completed in 0 CPU seconds
INFO: [Project 1-570] Preparing netlist for logic optimization
Parsing XDC File [/home/s23520579/Vivado_project/m8_memory_frontend_poc/results/optimized/m2_11_timing/m2_11_50mhz.xdc]
create_clock: Time (s): cpu = 00:00:05 ; elapsed = 00:00:05 . Memory (MB): peak = 4169.195 ; gain = 0.000 ; free physical = 205548 ; free virtual = 241380
Finished Parsing XDC File [/home/s23520579/Vivado_project/m8_memory_frontend_poc/results/optimized/m2_11_timing/m2_11_50mhz.xdc]
INFO: [Opt 31-138] Pushed 0 inverter(s) to 0 load pin(s).
Netlist sorting complete. Time (s): cpu = 00:00:00.01 ; elapsed = 00:00:00.01 . Memory (MB): peak = 4169.195 ; gain = 0.000 ; free physical = 205547 ; free virtual = 241379
INFO: [Project 1-111] Unisim Transformation Summary:
No Unisim elements were transformed.

Synth Design complete | Checksum: f21e7b30
INFO: [Common 17-83] Releasing license: Synthesis
153 Infos, 170 Warnings, 19 Critical Warnings and 0 Errors encountered.
synth_design completed successfully
synth_design: Time (s): cpu = 00:05:33 ; elapsed = 00:05:43 . Memory (MB): peak = 4169.230 ; gain = 2840.617 ; free physical = 205547 ; free virtual = 241379
INFO: [Common 17-2834] synth_design peak Physical Memory [PSS] (MB): overall = 14083.842; main = 3213.327; forked = 10926.330
INFO: [Common 17-2834] synth_design peak Virtual Memory [VSS] (MB): overall = 19546.625; main = 4169.199; forked = 15425.449
# set clk_ports [get_ports -quiet aclk]
# if {[llength $clk_ports] != 1} {
#     puts "ERROR: expected exactly one aclk port"
#     exit 1
# }
# create_clock \
#     -name aclk \
#     -period 20.000 \
#     $clk_ports
# puts "CLOCK PERIOD = 20.000 ns"
CLOCK PERIOD = 20.000 ns
# report_utilization \
#     -file "$OUT/synth_utilization.rpt"
# report_timing_summary \
#     -delay_type max \
#     -max_paths 20 \
#     -file "$OUT/synth_timing_summary.rpt"
INFO: [Timing 38-91] UpdateTimingParams: Speed grade: -1, Temperature grade: E, Delay Type: max.
INFO: [Timing 38-191] Multithreading enabled for timing update using a maximum of 8 CPUs
INFO: [Timing 38-35] Done setting XDC timing constraints.
WARNING: [Timing 38-242] The property HD.CLK_SRC of clock port "aclk" is not set. In out-of-context mode, this prevents timing estimation for clock delay/skew
Resolution: Set the HD.CLK_SRC property of the out-of-context port to the location of the clock buffer instance in the top-level design
report_timing_summary: Time (s): cpu = 00:00:45 ; elapsed = 00:00:35 . Memory (MB): peak = 4731.254 ; gain = 562.023 ; free physical = 205172 ; free virtual = 241003
# write_checkpoint -force \
#     "$OUT/post_synth_ooc.dcp"
INFO: [Timing 38-480] Writing timing data to binary archive.
Write ShapeDB Complete: Time (s): cpu = 00:00:00.44 ; elapsed = 00:00:00.12 . Memory (MB): peak = 4763.270 ; gain = 0.000 ; free physical = 205168 ; free virtual = 241008
INFO: [Common 17-1381] The checkpoint '/home/s23520579/Vivado_project/m8_memory_frontend_poc/results/optimized/m7/M7_4B_OOC/post_synth_ooc.dcp' has been generated.
# puts ""

# puts "================ OPT DESIGN ================="
================ OPT DESIGN =================
# opt_design
Command: opt_design
Attempting to get a license for feature 'Implementation' and/or device 'xczu5ev'
INFO: [Common 17-349] Got license for feature 'Implementation' and/or device 'xczu5ev'
Running DRC as a precondition to command opt_design

Starting DRC Task
INFO: [DRC 23-27] Running DRC with 8 threads
INFO: [Project 1-461] DRC finished with 0 Errors
INFO: [Project 1-462] Please refer to the DRC report (report_drc) for more information.

Time (s): cpu = 00:00:03 ; elapsed = 00:00:01 . Memory (MB): peak = 4795.285 ; gain = 32.016 ; free physical = 205161 ; free virtual = 241003

Starting Cache Timing Information Task
Ending Cache Timing Information Task | Checksum: 11c7c9113

Time (s): cpu = 00:00:00.05 ; elapsed = 00:00:00.05 . Memory (MB): peak = 4795.285 ; gain = 0.000 ; free physical = 205161 ; free virtual = 241003

Starting Logic Optimization Task

Phase 1 Initialization

Phase 1.1 Core Generation And Design Setup
Phase 1.1 Core Generation And Design Setup | Checksum: 11c7c9113

Time (s): cpu = 00:00:00.02 ; elapsed = 00:00:00.01 . Memory (MB): peak = 4795.285 ; gain = 0.000 ; free physical = 205163 ; free virtual = 241006

Phase 1.2 Setup Constraints And Sort Netlist
Phase 1.2 Setup Constraints And Sort Netlist | Checksum: 11c7c9113

Time (s): cpu = 00:00:00.05 ; elapsed = 00:00:00.05 . Memory (MB): peak = 4795.285 ; gain = 0.000 ; free physical = 205163 ; free virtual = 241006
Phase 1 Initialization | Checksum: 11c7c9113

Time (s): cpu = 00:00:00.06 ; elapsed = 00:00:00.06 . Memory (MB): peak = 4795.285 ; gain = 0.000 ; free physical = 205163 ; free virtual = 241006

Phase 2 Timer Update And Timing Data Collection

Phase 2.1 Timer Update
Phase 2.1 Timer Update | Checksum: 11c7c9113

Time (s): cpu = 00:00:03 ; elapsed = 00:00:01 . Memory (MB): peak = 4795.285 ; gain = 0.000 ; free physical = 205164 ; free virtual = 241007

Phase 2.2 Timing Data Collection
Phase 2.2 Timing Data Collection | Checksum: 11c7c9113

Time (s): cpu = 00:00:03 ; elapsed = 00:00:01 . Memory (MB): peak = 4795.285 ; gain = 0.000 ; free physical = 205164 ; free virtual = 241007
Phase 2 Timer Update And Timing Data Collection | Checksum: 11c7c9113

Time (s): cpu = 00:00:03 ; elapsed = 00:00:01 . Memory (MB): peak = 4795.285 ; gain = 0.000 ; free physical = 205164 ; free virtual = 241007

Phase 3 Retarget
INFO: [Opt 31-1566] Pulled 2 inverters resulting in an inversion of 6 pins
INFO: [Opt 31-138] Pushed 2 inverter(s) to 9970 load pin(s).
INFO: [Opt 31-49] Retargeted 0 cell(s).
Phase 3 Retarget | Checksum: 102246eca

Time (s): cpu = 00:00:08 ; elapsed = 00:00:05 . Memory (MB): peak = 4795.285 ; gain = 0.000 ; free physical = 205166 ; free virtual = 241009
Retarget | Checksum: 102246eca
INFO: [Opt 31-389] Phase Retarget created 3147 cells and removed 4177 cells

Phase 4 Constant propagation
INFO: [Opt 31-138] Pushed 0 inverter(s) to 0 load pin(s).
Phase 4 Constant propagation | Checksum: 9adaa2fc

Time (s): cpu = 00:00:09 ; elapsed = 00:00:06 . Memory (MB): peak = 4795.285 ; gain = 0.000 ; free physical = 205166 ; free virtual = 241009
Constant propagation | Checksum: 9adaa2fc
INFO: [Opt 31-389] Phase Constant propagation created 6 cells and removed 15 cells

Phase 5 Sweep
Phase 5 Sweep | Checksum: f843ced1

Time (s): cpu = 00:00:10 ; elapsed = 00:00:07 . Memory (MB): peak = 4795.285 ; gain = 0.000 ; free physical = 205167 ; free virtual = 241010
Sweep | Checksum: f843ced1
INFO: [Opt 31-389] Phase Sweep created 0 cells and removed 12 cells

Phase 6 BUFG optimization
INFO: [Opt 31-1077] Phase BUFG optimization inserted 0 global clock buffer(s) for CLOCK_LOW_FANOUT.
Phase 6 BUFG optimization | Checksum: f843ced1

Time (s): cpu = 00:00:10 ; elapsed = 00:00:08 . Memory (MB): peak = 4795.285 ; gain = 0.000 ; free physical = 205167 ; free virtual = 241010
BUFG optimization | Checksum: f843ced1
INFO: [Opt 31-662] Phase BUFG optimization created 0 cells of which 0 are BUFGs and removed 0 cells.

Phase 7 Shift Register Optimization
INFO: [Opt 31-1064] SRL Remap converted 0 SRLs to 0 registers and converted 0 registers of register chains to 0 SRLs
Phase 7 Shift Register Optimization | Checksum: f843ced1

Time (s): cpu = 00:00:10 ; elapsed = 00:00:08 . Memory (MB): peak = 4795.285 ; gain = 0.000 ; free physical = 205167 ; free virtual = 241010
Shift Register Optimization | Checksum: f843ced1
INFO: [Opt 31-389] Phase Shift Register Optimization created 0 cells and removed 0 cells

Phase 8 Post Processing Netlist
Phase 8 Post Processing Netlist | Checksum: f843ced1

Time (s): cpu = 00:00:11 ; elapsed = 00:00:08 . Memory (MB): peak = 4795.285 ; gain = 0.000 ; free physical = 205167 ; free virtual = 241010
Post Processing Netlist | Checksum: f843ced1
INFO: [Opt 31-389] Phase Post Processing Netlist created 0 cells and removed 0 cells

Phase 9 Finalization

Phase 9.1 Finalizing Design Cores and Updating Shapes
Phase 9.1 Finalizing Design Cores and Updating Shapes | Checksum: 136c29acc

Time (s): cpu = 00:00:12 ; elapsed = 00:00:09 . Memory (MB): peak = 4795.285 ; gain = 0.000 ; free physical = 205168 ; free virtual = 241011

Phase 9.2 Verifying Netlist Connectivity

Starting Connectivity Check Task

Time (s): cpu = 00:00:00.28 ; elapsed = 00:00:00.28 . Memory (MB): peak = 4795.285 ; gain = 0.000 ; free physical = 205168 ; free virtual = 241011
Phase 9.2 Verifying Netlist Connectivity | Checksum: 136c29acc

Time (s): cpu = 00:00:12 ; elapsed = 00:00:10 . Memory (MB): peak = 4795.285 ; gain = 0.000 ; free physical = 205168 ; free virtual = 241011
Phase 9 Finalization | Checksum: 136c29acc

Time (s): cpu = 00:00:12 ; elapsed = 00:00:10 . Memory (MB): peak = 4795.285 ; gain = 0.000 ; free physical = 205168 ; free virtual = 241011
Opt_design Change Summary
=========================


-------------------------------------------------------------------------------------------------------------------------
|  Phase                        |  #Cells created  |  #Cells Removed  |  #Constrained objects preventing optimizations  |
-------------------------------------------------------------------------------------------------------------------------
|  Retarget                     |            3147  |            4177  |                                              0  |
|  Constant propagation         |               6  |              15  |                                              0  |
|  Sweep                        |               0  |              12  |                                              0  |
|  BUFG optimization            |               0  |               0  |                                              0  |
|  Shift Register Optimization  |               0  |               0  |                                              0  |
|  Post Processing Netlist      |               0  |               0  |                                              0  |
-------------------------------------------------------------------------------------------------------------------------


Ending Logic Optimization Task | Checksum: 136c29acc

Time (s): cpu = 00:00:12 ; elapsed = 00:00:10 . Memory (MB): peak = 4795.285 ; gain = 0.000 ; free physical = 205168 ; free virtual = 241011
INFO: [Constraints 18-11670] Building netlist checker database with flags, 0x8
Done building netlist checker database: Time (s): cpu = 00:00:00.01 ; elapsed = 00:00:00.01 . Memory (MB): peak = 4795.285 ; gain = 0.000 ; free physical = 205168 ; free virtual = 241011

Starting Power Optimization Task
INFO: [Pwropt 34-132] Skipping clock gating for clocks with a period < 2.00 ns.
INFO: [Pwropt 34-203] Number of nets are not same before and after processing of findDistanceFromSourceAndDest. Before: 42 After: 61
INFO: [Pwropt 34-9] Applying IDT optimizations ...
INFO: [Pwropt 34-10] Applying ODC optimizations ...
INFO: [Timing 38-35] Done setting XDC timing constraints.
Running Vector-less Activity Propagation...

Finished Running Vector-less Activity Propagation


Starting PowerOpt Patch Enables Task
INFO: [Pwropt 34-162] WRITE_MODE attribute of 0 BRAM(s) out of a total of 36 has been updated to save power. Run report_power_opt to get a complete listing of the BRAMs updated.
INFO: [Pwropt 34-201] Structural ODC has moved 24 WE to EN ports
Number of BRAM Ports augmented: 4 newly gated: 24 Total Ports: 72
Ending PowerOpt Patch Enables Task | Checksum: 4446cbc0

Time (s): cpu = 00:00:00.63 ; elapsed = 00:00:00.6 . Memory (MB): peak = 4883.328 ; gain = 0.000 ; free physical = 205120 ; free virtual = 240962
Ending Power Optimization Task | Checksum: 4446cbc0

Time (s): cpu = 00:00:53 ; elapsed = 00:00:14 . Memory (MB): peak = 4883.328 ; gain = 88.043 ; free physical = 205120 ; free virtual = 240962

Starting Final Cleanup Task

Starting Logic Optimization Task
INFO: [Timing 38-35] Done setting XDC timing constraints.
Ending Logic Optimization Task | Checksum: 935f17be

Time (s): cpu = 00:00:09 ; elapsed = 00:00:04 . Memory (MB): peak = 4883.328 ; gain = 0.000 ; free physical = 205113 ; free virtual = 240956
INFO: [Constraints 18-11670] Building netlist checker database with flags, 0x8
Done building netlist checker database: Time (s): cpu = 00:00:00.01 ; elapsed = 00:00:00.02 . Memory (MB): peak = 4883.328 ; gain = 0.000 ; free physical = 205113 ; free virtual = 240956
Ending Final Cleanup Task | Checksum: 935f17be

Time (s): cpu = 00:00:13 ; elapsed = 00:00:08 . Memory (MB): peak = 4883.328 ; gain = 0.000 ; free physical = 205113 ; free virtual = 240956

Starting Netlist Obfuscation Task
Netlist sorting complete. Time (s): cpu = 00:00:00.01 ; elapsed = 00:00:00.01 . Memory (MB): peak = 4883.328 ; gain = 0.000 ; free physical = 205112 ; free virtual = 240955
Ending Netlist Obfuscation Task | Checksum: 935f17be

Time (s): cpu = 00:00:00.02 ; elapsed = 00:00:00.02 . Memory (MB): peak = 4883.328 ; gain = 0.000 ; free physical = 205112 ; free virtual = 240955
INFO: [Common 17-83] Releasing license: Implementation
27 Infos, 0 Warnings, 0 Critical Warnings and 0 Errors encountered.
opt_design completed successfully
opt_design: Time (s): cpu = 00:01:25 ; elapsed = 00:00:36 . Memory (MB): peak = 4883.328 ; gain = 120.059 ; free physical = 205112 ; free virtual = 240955
# write_checkpoint -force \
#     "$OUT/post_opt_ooc.dcp"
INFO: [Timing 38-35] Done setting XDC timing constraints.
INFO: [Timing 38-480] Writing timing data to binary archive.
Write ShapeDB Complete: Time (s): cpu = 00:00:00.43 ; elapsed = 00:00:00.11 . Memory (MB): peak = 4883.328 ; gain = 0.000 ; free physical = 205109 ; free virtual = 240960
INFO: [Common 17-1381] The checkpoint '/home/s23520579/Vivado_project/m8_memory_frontend_poc/results/optimized/m7/M7_4B_OOC/post_opt_ooc.dcp' has been generated.
write_checkpoint: Time (s): cpu = 00:00:11 ; elapsed = 00:00:06 . Memory (MB): peak = 4883.328 ; gain = 0.000 ; free physical = 205104 ; free virtual = 240957
# puts ""

# puts "================ PLACE DESIGN ==============="
================ PLACE DESIGN ===============
# place_design
Command: place_design
Attempting to get a license for feature 'Implementation' and/or device 'xczu5ev'
INFO: [Common 17-349] Got license for feature 'Implementation' and/or device 'xczu5ev'
INFO: [Common 17-83] Releasing license: Implementation
INFO: [DRC 23-27] Running DRC with 8 threads
INFO: [Vivado_Tcl 4-198] DRC finished with 0 Errors
INFO: [Vivado_Tcl 4-199] Please refer to the DRC report (report_drc) for more information.
Running DRC as a precondition to command place_design
INFO: [DRC 23-27] Running DRC with 8 threads
CRITICAL WARNING: [DRC LUTLP-1] Combinatorial Loop Alert: 61 LUT cells form a combinatorial loop. This can create a race condition. Timing analysis may not be accurate. The preferred resolution is to modify the design to remove combinatorial logic loops. If the loop is known and understood, this DRC can be bypassed by acknowledging the condition and setting the following XDC constraint on any one of the nets in the loop: 'set_property ALLOW_COMBINATORIAL_LOOPS TRUE [get_nets <myHier/myNet>]'. One net in the loop is u_mem_adapter/fill_base[63]_i_3_n_0. Please evaluate your design. The cells in the loop are: u_mem_adapter/fill_base[63]_i_3, u_mem_adapter/fill_desc_beats[0][0]_i_1, u_mem_adapter/fill_desc_beats[0][0]_i_2, u_mem_adapter/fill_desc_beats[0][0]_i_3, u_mem_adapter/fill_desc_beats[0][0]_i_4, u_mem_adapter/fill_desc_beats[0][1]_i_1, u_mem_adapter/fill_desc_beats[0][1]_i_2, u_mem_adapter/fill_desc_beats[0][2]_i_1, u_mem_adapter/fill_desc_beats[0][2]_i_2, u_mem_adapter/fill_desc_beats[0][2]_i_4, u_mem_adapter/fill_desc_beats[0][2]_i_5, u_mem_adapter/fill_desc_beats[0][2]_i_6, u_mem_adapter/fill_desc_beats[0][2]_i_7, u_mem_adapter/fill_desc_beats[0][2]_i_14, u_mem_adapter/fill_desc_beats[0][2]_i_15... and (the first 15 of 61 listed).
INFO: [Vivado_Tcl 4-198] DRC finished with 0 Errors, 1 Critical Warnings
INFO: [Vivado_Tcl 4-199] Please refer to the DRC report (report_drc) for more information.
INFO: [Place 30-611] Multithreading enabled for place_design using a maximum of 8 CPUs

Starting Placer Task

Phase 1 Placer Initialization

Phase 1.1 Placer Initialization Netlist Sorting
Netlist sorting complete. Time (s): cpu = 00:00:00.01 ; elapsed = 00:00:00.02 . Memory (MB): peak = 4883.328 ; gain = 0.000 ; free physical = 205106 ; free virtual = 240959
Phase 1.1 Placer Initialization Netlist Sorting | Checksum: 83cd124e

Time (s): cpu = 00:00:00.03 ; elapsed = 00:00:00.03 . Memory (MB): peak = 4883.328 ; gain = 0.000 ; free physical = 205106 ; free virtual = 240959
Netlist sorting complete. Time (s): cpu = 00:00:00.01 ; elapsed = 00:00:00.01 . Memory (MB): peak = 4883.328 ; gain = 0.000 ; free physical = 205106 ; free virtual = 240959

Phase 1.2 IO Placement/ Clock Placement/ Build Placer Device
Phase 1.2 IO Placement/ Clock Placement/ Build Placer Device | Checksum: b2976fee

Time (s): cpu = 00:00:06 ; elapsed = 00:00:03 . Memory (MB): peak = 4883.328 ; gain = 0.000 ; free physical = 205106 ; free virtual = 240959

Phase 1.3 Build Placer Netlist Model
Phase 1.3 Build Placer Netlist Model | Checksum: f94bfd12

Time (s): cpu = 00:00:26 ; elapsed = 00:00:13 . Memory (MB): peak = 4883.328 ; gain = 0.000 ; free physical = 205106 ; free virtual = 240959

Phase 1.4 Constrain Clocks/Macros
Phase 1.4 Constrain Clocks/Macros | Checksum: f94bfd12

Time (s): cpu = 00:00:26 ; elapsed = 00:00:13 . Memory (MB): peak = 4883.328 ; gain = 0.000 ; free physical = 205106 ; free virtual = 240959
Phase 1 Placer Initialization | Checksum: f94bfd12

Time (s): cpu = 00:00:26 ; elapsed = 00:00:13 . Memory (MB): peak = 4883.328 ; gain = 0.000 ; free physical = 205106 ; free virtual = 240959

Phase 2 Global Placement

Phase 2.1 Floorplanning

Phase 2.1.1 Partition Driven Placement

Phase 2.1.1.1 PBP: Partition Driven Placement
Phase 2.1.1.1 PBP: Partition Driven Placement | Checksum: f7127e91

Time (s): cpu = 00:00:53 ; elapsed = 00:00:25 . Memory (MB): peak = 4883.328 ; gain = 0.000 ; free physical = 205205 ; free virtual = 241058

Phase 2.1.1.2 PBP: Clock Region Placement
INFO: [Place 30-3164] Check ILP status : ILP-based clock placer is skipped.
Phase 2.1.1.2 PBP: Clock Region Placement | Checksum: f7127e91

Time (s): cpu = 00:00:53 ; elapsed = 00:00:25 . Memory (MB): peak = 4883.328 ; gain = 0.000 ; free physical = 205204 ; free virtual = 241058

Phase 2.1.1.3 PBP: Compute Congestion
Phase 2.1.1.3 PBP: Compute Congestion | Checksum: f7127e91

Time (s): cpu = 00:01:12 ; elapsed = 00:00:30 . Memory (MB): peak = 4883.328 ; gain = 0.000 ; free physical = 205124 ; free virtual = 240977

Phase 2.1.1.4 PBP: UpdateTiming
Phase 2.1.1.4 PBP: UpdateTiming | Checksum: 12d05e1b2

Time (s): cpu = 00:01:17 ; elapsed = 00:00:32 . Memory (MB): peak = 4883.328 ; gain = 0.000 ; free physical = 205116 ; free virtual = 240969

Phase 2.1.1.5 PBP: Add part constraints
Phase 2.1.1.5 PBP: Add part constraints | Checksum: 12d05e1b2

Time (s): cpu = 00:01:17 ; elapsed = 00:00:32 . Memory (MB): peak = 4883.328 ; gain = 0.000 ; free physical = 205116 ; free virtual = 240969
Phase 2.1.1 Partition Driven Placement | Checksum: 12d05e1b2

Time (s): cpu = 00:01:17 ; elapsed = 00:00:32 . Memory (MB): peak = 4883.328 ; gain = 0.000 ; free physical = 205116 ; free virtual = 240969
Phase 2.1 Floorplanning | Checksum: 10cb237c4

Time (s): cpu = 00:01:17 ; elapsed = 00:00:32 . Memory (MB): peak = 4883.328 ; gain = 0.000 ; free physical = 205116 ; free virtual = 240969

Phase 2.2 Update Timing before SLR Path Opt
Phase 2.2 Update Timing before SLR Path Opt | Checksum: 10cb237c4

Time (s): cpu = 00:01:17 ; elapsed = 00:00:32 . Memory (MB): peak = 4883.328 ; gain = 0.000 ; free physical = 205116 ; free virtual = 240969

Phase 2.3 Post-Processing in Floorplanning
Phase 2.3 Post-Processing in Floorplanning | Checksum: 10cb237c4

Time (s): cpu = 00:01:18 ; elapsed = 00:00:32 . Memory (MB): peak = 4883.328 ; gain = 0.000 ; free physical = 205116 ; free virtual = 240969

Phase 2.4 Global Placement Core

Phase 2.4.1 UpdateTiming Before Physical Synthesis
Phase 2.4.1 UpdateTiming Before Physical Synthesis | Checksum: 201132244

Time (s): cpu = 00:02:58 ; elapsed = 00:01:08 . Memory (MB): peak = 4897.316 ; gain = 13.988 ; free physical = 205098 ; free virtual = 240952

Phase 2.4.2 Physical Synthesis In Placer
INFO: [Physopt 32-1035] Found 40 LUTNM shape to break, 2550 LUT instances to create LUTNM shape
INFO: [Physopt 32-1044] Break lutnm for timing: one critical 16, two critical 24, total 40, new lutff created 0
INFO: [Physopt 32-1138] End 1 Pass. Optimized 959 nets or LUTs. Breaked 40 LUTs, combined 919 existing LUTs and moved 0 existing LUT
INFO: [Physopt 32-1030] Pass 1. Identified 56 candidate driver sets for equivalent driver rewiring.
INFO: [Physopt 32-661] Optimized 23 nets.  Re-placed 194 instances.
INFO: [Physopt 32-775] End 1 Pass. Optimized 23 nets or cells. Created 0 new cell, deleted 0 existing cell and moved 194 existing cells
Netlist sorting complete. Time (s): cpu = 00:00:00.5 ; elapsed = 00:00:00.5 . Memory (MB): peak = 4897.316 ; gain = 0.000 ; free physical = 205082 ; free virtual = 240935
INFO: [Physopt 32-65] No nets found for high-fanout optimization.
INFO: [Physopt 32-232] Optimized 0 net. Created 0 new instance.
INFO: [Physopt 32-775] End 1 Pass. Optimized 0 net or cell. Created 0 new cell, deleted 0 existing cell and moved 0 existing cell
INFO: [Physopt 32-456] No candidate cells for DSP register optimization found in the design.
INFO: [Physopt 32-775] End 2 Pass. Optimized 0 net or cell. Created 0 new cell, deleted 0 existing cell and moved 0 existing cell
INFO: [Physopt 32-1123] No candidate cells found for Shift Register to Pipeline optimization
INFO: [Physopt 32-775] End 2 Pass. Optimized 0 net or cell. Created 0 new cell, deleted 0 existing cell and moved 0 existing cell
INFO: [Physopt 32-1401] No candidate cells found for Shift Register optimization.
INFO: [Physopt 32-677] No candidate cells for Shift Register optimization found in the design
INFO: [Physopt 32-775] End 1 Pass. Optimized 0 net or cell. Created 0 new cell, deleted 0 existing cell and moved 0 existing cell
INFO: [Physopt 32-526] No candidate cells for BRAM register optimization found in the design
INFO: [Physopt 32-775] End 1 Pass. Optimized 0 net or cell. Created 0 new cell, deleted 0 existing cell and moved 0 existing cell
INFO: [Physopt 32-846] No candidate cells for URAM register optimization found in the design
INFO: [Physopt 32-775] End 1 Pass. Optimized 0 net or cell. Created 0 new cell, deleted 0 existing cell and moved 0 existing cell
INFO: [Physopt 32-846] No candidate cells for URAM register optimization found in the design
INFO: [Physopt 32-775] End 1 Pass. Optimized 0 net or cell. Created 0 new cell, deleted 0 existing cell and moved 0 existing cell
INFO: [Physopt 32-949] No candidate nets found for dynamic/static region interface net replication
INFO: [Physopt 32-775] End 1 Pass. Optimized 0 net or cell. Created 0 new cell, deleted 0 existing cell and moved 0 existing cell
Netlist sorting complete. Time (s): cpu = 00:00:00.01 ; elapsed = 00:00:00.01 . Memory (MB): peak = 4897.316 ; gain = 0.000 ; free physical = 205082 ; free virtual = 240935

Summary of Physical Synthesis Optimizations
============================================


-----------------------------------------------------------------------------------------------------------------------------------------------------------
|  Optimization                                     |  Added Cells  |  Removed Cells  |  Optimized Cells/Nets  |  Dont Touch  |  Iterations  |  Elapsed   |
-----------------------------------------------------------------------------------------------------------------------------------------------------------
|  LUT Combining                                    |           40  |            919  |                   959  |           0  |           1  |  00:00:03  |
|  Retime                                           |            0  |              0  |                     0  |           0  |           1  |  00:00:00  |
|  Equivalent Driver Rewiring                       |            0  |              0  |                    23  |           0  |           1  |  00:00:15  |
|  Very High Fanout                                 |            0  |              0  |                     0  |           0  |           1  |  00:00:00  |
|  DSP Register                                     |            0  |              0  |                     0  |           0  |           1  |  00:00:00  |
|  Shift Register to Pipeline                       |            0  |              0  |                     0  |           0  |           1  |  00:00:00  |
|  Shift Register                                   |            0  |              0  |                     0  |           0  |           1  |  00:00:00  |
|  BRAM Register                                    |            0  |              0  |                     0  |           0  |           1  |  00:00:00  |
|  URAM Register                                    |            0  |              0  |                     0  |           0  |           1  |  00:00:00  |
|  Dynamic/Static Region Interface Net Replication  |            0  |              0  |                     0  |           0  |           1  |  00:00:00  |
|  Total                                            |           40  |            919  |                   982  |           0  |          10  |  00:00:19  |
-----------------------------------------------------------------------------------------------------------------------------------------------------------


Phase 2.4.2 Physical Synthesis In Placer | Checksum: 11d20a957

Time (s): cpu = 00:03:23 ; elapsed = 00:01:30 . Memory (MB): peak = 4897.316 ; gain = 13.988 ; free physical = 205081 ; free virtual = 240934
Phase 2.4 Global Placement Core | Checksum: 1241a4c10

Time (s): cpu = 00:03:45 ; elapsed = 00:01:37 . Memory (MB): peak = 4897.316 ; gain = 13.988 ; free physical = 205077 ; free virtual = 240930
Phase 2 Global Placement | Checksum: 1241a4c10

Time (s): cpu = 00:03:45 ; elapsed = 00:01:37 . Memory (MB): peak = 4897.316 ; gain = 13.988 ; free physical = 205077 ; free virtual = 240930

Phase 3 Detail Placement

Phase 3.1 Commit Multi Column Macros
Phase 3.1 Commit Multi Column Macros | Checksum: 125b5b72d

Time (s): cpu = 00:04:09 ; elapsed = 00:01:43 . Memory (MB): peak = 4897.316 ; gain = 13.988 ; free physical = 205075 ; free virtual = 240928

Phase 3.2 Commit Most Macros & LUTRAMs
Phase 3.2 Commit Most Macros & LUTRAMs | Checksum: 136b04b66

Time (s): cpu = 00:04:16 ; elapsed = 00:01:46 . Memory (MB): peak = 4897.316 ; gain = 13.988 ; free physical = 205074 ; free virtual = 240927

Phase 3.3 Small Shape DP

Phase 3.3.1 Small Shape Clustering
Phase 3.3.1 Small Shape Clustering | Checksum: 1447ffccc

Time (s): cpu = 00:04:36 ; elapsed = 00:01:53 . Memory (MB): peak = 4897.316 ; gain = 13.988 ; free physical = 205072 ; free virtual = 240925

Phase 3.3.2 Slice Area Swap

Phase 3.3.2.1 Slice Area Swap Initial
Phase 3.3.2.1 Slice Area Swap Initial | Checksum: 18faa3e0e

Time (s): cpu = 00:04:44 ; elapsed = 00:02:00 . Memory (MB): peak = 4897.316 ; gain = 13.988 ; free physical = 205069 ; free virtual = 240922
Phase 3.3.2 Slice Area Swap | Checksum: 18faa3e0e

Time (s): cpu = 00:04:44 ; elapsed = 00:02:00 . Memory (MB): peak = 4897.316 ; gain = 13.988 ; free physical = 205069 ; free virtual = 240922
Phase 3.3 Small Shape DP | Checksum: 1b35d6e74

Time (s): cpu = 00:05:02 ; elapsed = 00:02:06 . Memory (MB): peak = 4897.316 ; gain = 13.988 ; free physical = 205069 ; free virtual = 240922

Phase 3.4 Re-assign LUT pins
Phase 3.4 Re-assign LUT pins | Checksum: 1d73f8ae1

Time (s): cpu = 00:05:07 ; elapsed = 00:02:10 . Memory (MB): peak = 4897.316 ; gain = 13.988 ; free physical = 205068 ; free virtual = 240921

Phase 3.5 Pipeline Register Optimization
Phase 3.5 Pipeline Register Optimization | Checksum: 15d87b2b2

Time (s): cpu = 00:05:07 ; elapsed = 00:02:11 . Memory (MB): peak = 4897.316 ; gain = 13.988 ; free physical = 205068 ; free virtual = 240921
Phase 3 Detail Placement | Checksum: 15d87b2b2

Time (s): cpu = 00:05:08 ; elapsed = 00:02:11 . Memory (MB): peak = 4897.316 ; gain = 13.988 ; free physical = 205067 ; free virtual = 240921

Phase 4 Post Placement Optimization and Clean-Up

Phase 4.1 Post Commit Optimization
INFO: [Timing 38-35] Done setting XDC timing constraints.

Phase 4.1.1 Post Placement Optimization
Post Placement Optimization Initialization | Checksum: 24b94f0c3

Phase 4.1.1.1 BUFG Insertion

Starting Physical Synthesis Task

Phase 1 Physical Synthesis Initialization
INFO: [Physopt 32-721] Multithreading enabled for phys_opt_design using a maximum of 8 CPUs
INFO: [Physopt 32-619] Estimated Timing Summary | WNS=3.605 | TNS=0.000 |
Phase 1 Physical Synthesis Initialization | Checksum: 19d3e9054

Time (s): cpu = 00:00:02 ; elapsed = 00:00:00.87 . Memory (MB): peak = 4897.316 ; gain = 0.000 ; free physical = 205056 ; free virtual = 240910
INFO: [Place 46-56] BUFG insertion identified 0 candidate nets. Inserted BUFG: 0, Replicated BUFG Driver: 0, Skipped due to Placement/Routing Conflicts: 0, Skipped due to Timing Degradation: 0, Skipped due to netlist editing failed: 0.
Ending Physical Synthesis Task | Checksum: 19d3e9054

Time (s): cpu = 00:00:05 ; elapsed = 00:00:02 . Memory (MB): peak = 4897.316 ; gain = 0.000 ; free physical = 205056 ; free virtual = 240909
Phase 4.1.1.1 BUFG Insertion | Checksum: 24b94f0c3

Time (s): cpu = 00:05:56 ; elapsed = 00:02:26 . Memory (MB): peak = 4897.316 ; gain = 13.988 ; free physical = 205056 ; free virtual = 240909

Phase 4.1.1.2 Post Placement Timing Optimization
INFO: [Place 30-746] Post Placement Timing Summary WNS=3.605. For the most accurate timing information please run report_timing.
Phase 4.1.1.2 Post Placement Timing Optimization | Checksum: 18fdbf1a4

Time (s): cpu = 00:05:56 ; elapsed = 00:02:26 . Memory (MB): peak = 4897.316 ; gain = 13.988 ; free physical = 205055 ; free virtual = 240909

Time (s): cpu = 00:05:56 ; elapsed = 00:02:26 . Memory (MB): peak = 4897.316 ; gain = 13.988 ; free physical = 205055 ; free virtual = 240909
Phase 4.1 Post Commit Optimization | Checksum: 18fdbf1a4

Time (s): cpu = 00:05:57 ; elapsed = 00:02:27 . Memory (MB): peak = 4897.316 ; gain = 13.988 ; free physical = 205055 ; free virtual = 240909

Phase 4.2 Post Placement Cleanup
Phase 4.2 Post Placement Cleanup | Checksum: 18fdbf1a4

Time (s): cpu = 00:06:19 ; elapsed = 00:02:36 . Memory (MB): peak = 4906.301 ; gain = 22.973 ; free physical = 205000 ; free virtual = 240853

Phase 4.3 Placer Reporting

Phase 4.3.1 Print Estimated Congestion
INFO: [Place 30-612] Post-Placement Estimated Congestion 
 ________________________________________________________________________
|           | Global Congestion | Long Congestion   | Short Congestion  |
| Direction | Region Size       | Region Size       | Region Size       |
|___________|___________________|___________________|___________________|
|      North|                1x1|                2x2|                1x1|
|___________|___________________|___________________|___________________|
|      South|                1x1|                1x1|                1x1|
|___________|___________________|___________________|___________________|
|       East|                1x1|                1x1|                1x1|
|___________|___________________|___________________|___________________|
|       West|                1x1|                1x1|                1x1|
|___________|___________________|___________________|___________________|

Phase 4.3.1 Print Estimated Congestion | Checksum: 18fdbf1a4

Time (s): cpu = 00:06:20 ; elapsed = 00:02:36 . Memory (MB): peak = 4906.301 ; gain = 22.973 ; free physical = 205000 ; free virtual = 240853
Phase 4.3 Placer Reporting | Checksum: 18fdbf1a4

Time (s): cpu = 00:06:20 ; elapsed = 00:02:37 . Memory (MB): peak = 4906.301 ; gain = 22.973 ; free physical = 204999 ; free virtual = 240853

Phase 4.4 Final Placement Cleanup
Netlist sorting complete. Time (s): cpu = 00:00:00.01 ; elapsed = 00:00:00.01 . Memory (MB): peak = 4906.301 ; gain = 0.000 ; free physical = 204999 ; free virtual = 240853

Time (s): cpu = 00:06:20 ; elapsed = 00:02:37 . Memory (MB): peak = 4906.301 ; gain = 22.973 ; free physical = 204999 ; free virtual = 240853
Phase 4 Post Placement Optimization and Clean-Up | Checksum: 1d9df9828

Time (s): cpu = 00:06:21 ; elapsed = 00:02:37 . Memory (MB): peak = 4906.301 ; gain = 22.973 ; free physical = 204999 ; free virtual = 240853
Ending Placer Task | Checksum: 195ccfd81

Time (s): cpu = 00:06:21 ; elapsed = 00:02:38 . Memory (MB): peak = 4906.301 ; gain = 22.973 ; free physical = 204998 ; free virtual = 240851
40 Infos, 0 Warnings, 1 Critical Warnings and 0 Errors encountered.
place_design completed successfully
place_design: Time (s): cpu = 00:06:31 ; elapsed = 00:02:41 . Memory (MB): peak = 4906.301 ; gain = 22.973 ; free physical = 204998 ; free virtual = 240851
# write_checkpoint -force \
#     "$OUT/post_place_ooc.dcp"
INFO: [Timing 38-480] Writing timing data to binary archive.
Write ShapeDB Complete: Time (s): cpu = 00:00:00.67 ; elapsed = 00:00:00.14 . Memory (MB): peak = 4906.301 ; gain = 0.000 ; free physical = 204994 ; free virtual = 240855
Wrote PlaceDB: Time (s): cpu = 00:00:09 ; elapsed = 00:00:03 . Memory (MB): peak = 4906.301 ; gain = 0.000 ; free physical = 204942 ; free virtual = 240853
Wrote PulsedLatchDB: Time (s): cpu = 00:00:00 ; elapsed = 00:00:00 . Memory (MB): peak = 4906.301 ; gain = 0.000 ; free physical = 204942 ; free virtual = 240853
Writing XDEF routing.
Writing XDEF routing logical nets.
Writing XDEF routing special nets.
Wrote RouteStorage: Time (s): cpu = 00:00:00.05 ; elapsed = 00:00:00.06 . Memory (MB): peak = 4906.301 ; gain = 0.000 ; free physical = 204942 ; free virtual = 240854
Wrote Netlist Cache: Time (s): cpu = 00:00:00.09 ; elapsed = 00:00:00.1 . Memory (MB): peak = 4906.301 ; gain = 0.000 ; free physical = 204934 ; free virtual = 240853
Wrote Device Cache: Time (s): cpu = 00:00:00.02 ; elapsed = 00:00:00.02 . Memory (MB): peak = 4906.301 ; gain = 0.000 ; free physical = 204934 ; free virtual = 240856
Write Physdb Complete: Time (s): cpu = 00:00:09 ; elapsed = 00:00:03 . Memory (MB): peak = 4906.301 ; gain = 0.000 ; free physical = 204934 ; free virtual = 240856
INFO: [Common 17-1381] The checkpoint '/home/s23520579/Vivado_project/m8_memory_frontend_poc/results/optimized/m7/M7_4B_OOC/post_place_ooc.dcp' has been generated.
write_checkpoint: Time (s): cpu = 00:00:11 ; elapsed = 00:00:06 . Memory (MB): peak = 4906.301 ; gain = 0.000 ; free physical = 204958 ; free virtual = 240828
# puts ""

# puts "================ PHYS OPT ==================="
================ PHYS OPT ===================
# phys_opt_design
Command: phys_opt_design
Attempting to get a license for feature 'Implementation' and/or device 'xczu5ev'
INFO: [Common 17-349] Got license for feature 'Implementation' and/or device 'xczu5ev'

Starting Initial Update Timing Task
WARNING: [Timing 38-242] The property HD.CLK_SRC of clock port "aclk" is not set. In out-of-context mode, this prevents timing estimation for clock delay/skew
Resolution: Set the HD.CLK_SRC property of the out-of-context port to the location of the clock buffer instance in the top-level design

Time (s): cpu = 00:00:20 ; elapsed = 00:00:05 . Memory (MB): peak = 4906.301 ; gain = 0.000 ; free physical = 204965 ; free virtual = 240835
INFO: [Vivado_Tcl 4-383] Design worst setup slack (WNS) is greater than or equal to 0.000 ns. Skipping all physical synthesis optimizations.
INFO: [Vivado_Tcl 4-232] No setup violation found. The netlist was not modified.
INFO: [Common 17-83] Releasing license: Implementation
4 Infos, 1 Warnings, 0 Critical Warnings and 0 Errors encountered.
phys_opt_design completed successfully
phys_opt_design: Time (s): cpu = 00:00:21 ; elapsed = 00:00:06 . Memory (MB): peak = 4906.301 ; gain = 0.000 ; free physical = 204965 ; free virtual = 240835
# write_checkpoint -force \
#     "$OUT/post_physopt_ooc.dcp"
INFO: [Timing 38-480] Writing timing data to binary archive.
Write ShapeDB Complete: Time (s): cpu = 00:00:00.63 ; elapsed = 00:00:00.13 . Memory (MB): peak = 4906.301 ; gain = 0.000 ; free physical = 204964 ; free virtual = 240841
Wrote PlaceDB: Time (s): cpu = 00:00:09 ; elapsed = 00:00:03 . Memory (MB): peak = 4906.301 ; gain = 0.000 ; free physical = 204922 ; free virtual = 240849
Wrote PulsedLatchDB: Time (s): cpu = 00:00:00 ; elapsed = 00:00:00 . Memory (MB): peak = 4906.301 ; gain = 0.000 ; free physical = 204922 ; free virtual = 240849
Writing XDEF routing.
Writing XDEF routing logical nets.
Writing XDEF routing special nets.
Wrote RouteStorage: Time (s): cpu = 00:00:00.07 ; elapsed = 00:00:00.06 . Memory (MB): peak = 4906.301 ; gain = 0.000 ; free physical = 204922 ; free virtual = 240850
Wrote Netlist Cache: Time (s): cpu = 00:00:00.09 ; elapsed = 00:00:00.1 . Memory (MB): peak = 4906.301 ; gain = 0.000 ; free physical = 204914 ; free virtual = 240849
Wrote Device Cache: Time (s): cpu = 00:00:00.02 ; elapsed = 00:00:00.02 . Memory (MB): peak = 4906.301 ; gain = 0.000 ; free physical = 204914 ; free virtual = 240851
Write Physdb Complete: Time (s): cpu = 00:00:09 ; elapsed = 00:00:03 . Memory (MB): peak = 4906.301 ; gain = 0.000 ; free physical = 204914 ; free virtual = 240851
INFO: [Common 17-1381] The checkpoint '/home/s23520579/Vivado_project/m8_memory_frontend_poc/results/optimized/m7/M7_4B_OOC/post_physopt_ooc.dcp' has been generated.
write_checkpoint: Time (s): cpu = 00:00:11 ; elapsed = 00:00:06 . Memory (MB): peak = 4906.301 ; gain = 0.000 ; free physical = 204950 ; free virtual = 240836
# puts ""

# puts "================ ROUTE DESIGN ==============="
================ ROUTE DESIGN ===============
# route_design
Command: route_design
Attempting to get a license for feature 'Implementation' and/or device 'xczu5ev'
INFO: [Common 17-349] Got license for feature 'Implementation' and/or device 'xczu5ev'
Running DRC as a precondition to command route_design
INFO: [DRC 23-27] Running DRC with 8 threads
CRITICAL WARNING: [DRC LUTLP-1] Combinatorial Loop Alert: 61 LUT cells form a combinatorial loop. This can create a race condition. Timing analysis may not be accurate. The preferred resolution is to modify the design to remove combinatorial logic loops. If the loop is known and understood, this DRC can be bypassed by acknowledging the condition and setting the following XDC constraint on any one of the nets in the loop: 'set_property ALLOW_COMBINATORIAL_LOOPS TRUE [get_nets <myHier/myNet>]'. One net in the loop is u_mem_adapter/fill_base[63]_i_3_n_0. Please evaluate your design. The cells in the loop are: u_mem_adapter/fill_base[63]_i_3, u_mem_adapter/fill_desc_beats[0][0]_i_1, u_mem_adapter/fill_desc_beats[0][0]_i_2, u_mem_adapter/fill_desc_beats[0][0]_i_3, u_mem_adapter/fill_desc_beats[0][0]_i_4, u_mem_adapter/fill_desc_beats[0][1]_i_1, u_mem_adapter/fill_desc_beats[0][1]_i_2, u_mem_adapter/fill_desc_beats[0][2]_i_1, u_mem_adapter/fill_desc_beats[0][2]_i_2, u_mem_adapter/fill_desc_beats[0][2]_i_4, u_mem_adapter/fill_desc_beats[0][2]_i_5, u_mem_adapter/fill_desc_beats[0][2]_i_6, u_mem_adapter/fill_desc_beats[0][2]_i_7, u_mem_adapter/fill_desc_beats[0][2]_i_14, u_mem_adapter/fill_desc_beats[0][2]_i_15... and (the first 15 of 61 listed).
INFO: [Vivado_Tcl 4-198] DRC finished with 0 Errors, 1 Critical Warnings
INFO: [Vivado_Tcl 4-199] Please refer to the DRC report (report_drc) for more information.


Starting Routing Task
INFO: [Route 35-254] Multithreading enabled for route_design using a maximum of 8 CPUs

Phase 1 Build RT Design
Checksum: PlaceDB: df9e6b34 ConstDB: 0 ShapeSum: b62e924d RouteDB: 0
Nodegraph reading from file.  Time (s): cpu = 00:00:00.73 ; elapsed = 00:00:00.76 . Memory (MB): peak = 5002.348 ; gain = 0.000 ; free physical = 204949 ; free virtual = 240834
WARNING: [Route 35-198] Port "gemm_k_base[16]" does not have an associated HD.PARTPIN_LOCS, which will prevent the partial routing of the signal "gemm_k_base[16]". Without this partial route, timing analysis to/from this port will not be accurate, and no routing information for this port can be exported.
WARNING: [Route 35-198] Port "gemm_k_base[17]" does not have an associated HD.PARTPIN_LOCS, which will prevent the partial routing of the signal "gemm_k_base[17]". Without this partial route, timing analysis to/from this port will not be accurate, and no routing information for this port can be exported.
WARNING: [Route 35-198] Port "gemm_k_base[18]" does not have an associated HD.PARTPIN_LOCS, which will prevent the partial routing of the signal "gemm_k_base[18]". Without this partial route, timing analysis to/from this port will not be accurate, and no routing information for this port can be exported.
WARNING: [Route 35-198] Port "gemm_k_base[19]" does not have an associated HD.PARTPIN_LOCS, which will prevent the partial routing of the signal "gemm_k_base[19]". Without this partial route, timing analysis to/from this port will not be accurate, and no routing information for this port can be exported.
WARNING: [Route 35-198] Port "gemm_k_base[20]" does not have an associated HD.PARTPIN_LOCS, which will prevent the partial routing of the signal "gemm_k_base[20]". Without this partial route, timing analysis to/from this port will not be accurate, and no routing information for this port can be exported.
WARNING: [Route 35-198] Port "gemm_k_base[21]" does not have an associated HD.PARTPIN_LOCS, which will prevent the partial routing of the signal "gemm_k_base[21]". Without this partial route, timing analysis to/from this port will not be accurate, and no routing information for this port can be exported.
WARNING: [Route 35-198] Port "gemm_k_base[22]" does not have an associated HD.PARTPIN_LOCS, which will prevent the partial routing of the signal "gemm_k_base[22]". Without this partial route, timing analysis to/from this port will not be accurate, and no routing information for this port can be exported.
WARNING: [Route 35-198] Port "gemm_k_base[23]" does not have an associated HD.PARTPIN_LOCS, which will prevent the partial routing of the signal "gemm_k_base[23]". Without this partial route, timing analysis to/from this port will not be accurate, and no routing information for this port can be exported.
WARNING: [Route 35-198] Port "gemm_k_base[24]" does not have an associated HD.PARTPIN_LOCS, which will prevent the partial routing of the signal "gemm_k_base[24]". Without this partial route, timing analysis to/from this port will not be accurate, and no routing information for this port can be exported.
WARNING: [Route 35-198] Port "gemm_k_base[25]" does not have an associated HD.PARTPIN_LOCS, which will prevent the partial routing of the signal "gemm_k_base[25]". Without this partial route, timing analysis to/from this port will not be accurate, and no routing information for this port can be exported.
WARNING: [Route 35-198] Port "gemm_k_base[26]" does not have an associated HD.PARTPIN_LOCS, which will prevent the partial routing of the signal "gemm_k_base[26]". Without this partial route, timing analysis to/from this port will not be accurate, and no routing information for this port can be exported.
WARNING: [Route 35-198] Port "gemm_k_base[27]" does not have an associated HD.PARTPIN_LOCS, which will prevent the partial routing of the signal "gemm_k_base[27]". Without this partial route, timing analysis to/from this port will not be accurate, and no routing information for this port can be exported.
WARNING: [Route 35-198] Port "gemm_k_base[28]" does not have an associated HD.PARTPIN_LOCS, which will prevent the partial routing of the signal "gemm_k_base[28]". Without this partial route, timing analysis to/from this port will not be accurate, and no routing information for this port can be exported.
WARNING: [Route 35-198] Port "gemm_k_base[29]" does not have an associated HD.PARTPIN_LOCS, which will prevent the partial routing of the signal "gemm_k_base[29]". Without this partial route, timing analysis to/from this port will not be accurate, and no routing information for this port can be exported.
WARNING: [Route 35-198] Port "gemm_k_base[30]" does not have an associated HD.PARTPIN_LOCS, which will prevent the partial routing of the signal "gemm_k_base[30]". Without this partial route, timing analysis to/from this port will not be accurate, and no routing information for this port can be exported.
WARNING: [Route 35-198] Port "gemm_k_base[31]" does not have an associated HD.PARTPIN_LOCS, which will prevent the partial routing of the signal "gemm_k_base[31]". Without this partial route, timing analysis to/from this port will not be accurate, and no routing information for this port can be exported.
WARNING: [Route 35-197] Clock port "aclk" does not have an associated HD.CLK_SRC. Without this constraint, timing analysis may not be accurate and upstream checks cannot be done to ensure correct clock placement.
WARNING: [Route 35-198] Port "gemm_token_base[31]" does not have an associated HD.PARTPIN_LOCS, which will prevent the partial routing of the signal "gemm_token_base[31]". Without this partial route, timing analysis to/from this port will not be accurate, and no routing information for this port can be exported.
WARNING: [Route 35-198] Port "gemm_token_base[30]" does not have an associated HD.PARTPIN_LOCS, which will prevent the partial routing of the signal "gemm_token_base[30]". Without this partial route, timing analysis to/from this port will not be accurate, and no routing information for this port can be exported.
WARNING: [Route 35-198] Port "gemm_token_base[29]" does not have an associated HD.PARTPIN_LOCS, which will prevent the partial routing of the signal "gemm_token_base[29]". Without this partial route, timing analysis to/from this port will not be accurate, and no routing information for this port can be exported.
WARNING: [Route 35-198] Port "gemm_token_base[28]" does not have an associated HD.PARTPIN_LOCS, which will prevent the partial routing of the signal "gemm_token_base[28]". Without this partial route, timing analysis to/from this port will not be accurate, and no routing information for this port can be exported.
WARNING: [Route 35-198] Port "gemm_token_base[27]" does not have an associated HD.PARTPIN_LOCS, which will prevent the partial routing of the signal "gemm_token_base[27]". Without this partial route, timing analysis to/from this port will not be accurate, and no routing information for this port can be exported.
WARNING: [Route 35-198] Port "gemm_token_base[26]" does not have an associated HD.PARTPIN_LOCS, which will prevent the partial routing of the signal "gemm_token_base[26]". Without this partial route, timing analysis to/from this port will not be accurate, and no routing information for this port can be exported.
WARNING: [Route 35-198] Port "gemm_token_base[25]" does not have an associated HD.PARTPIN_LOCS, which will prevent the partial routing of the signal "gemm_token_base[25]". Without this partial route, timing analysis to/from this port will not be accurate, and no routing information for this port can be exported.
WARNING: [Route 35-198] Port "gemm_token_base[24]" does not have an associated HD.PARTPIN_LOCS, which will prevent the partial routing of the signal "gemm_token_base[24]". Without this partial route, timing analysis to/from this port will not be accurate, and no routing information for this port can be exported.
WARNING: [Route 35-198] Port "gemm_token_base[20]" does not have an associated HD.PARTPIN_LOCS, which will prevent the partial routing of the signal "gemm_token_base[20]". Without this partial route, timing analysis to/from this port will not be accurate, and no routing information for this port can be exported.
WARNING: [Route 35-198] Port "gemm_token_base[5]" does not have an associated HD.PARTPIN_LOCS, which will prevent the partial routing of the signal "gemm_token_base[5]". Without this partial route, timing analysis to/from this port will not be accurate, and no routing information for this port can be exported.
WARNING: [Route 35-198] Port "gemm_token_base[2]" does not have an associated HD.PARTPIN_LOCS, which will prevent the partial routing of the signal "gemm_token_base[2]". Without this partial route, timing analysis to/from this port will not be accurate, and no routing information for this port can be exported.
WARNING: [Route 35-198] Port "gemm_k_base[14]" does not have an associated HD.PARTPIN_LOCS, which will prevent the partial routing of the signal "gemm_k_base[14]". Without this partial route, timing analysis to/from this port will not be accurate, and no routing information for this port can be exported.
WARNING: [Route 35-198] Port "gemm_k_base[13]" does not have an associated HD.PARTPIN_LOCS, which will prevent the partial routing of the signal "gemm_k_base[13]". Without this partial route, timing analysis to/from this port will not be accurate, and no routing information for this port can be exported.
WARNING: [Route 35-198] Port "gemm_k_base[12]" does not have an associated HD.PARTPIN_LOCS, which will prevent the partial routing of the signal "gemm_k_base[12]". Without this partial route, timing analysis to/from this port will not be accurate, and no routing information for this port can be exported.
WARNING: [Route 35-198] Port "gemm_k_base[11]" does not have an associated HD.PARTPIN_LOCS, which will prevent the partial routing of the signal "gemm_k_base[11]". Without this partial route, timing analysis to/from this port will not be accurate, and no routing information for this port can be exported.
WARNING: [Route 35-198] Port "gemm_k_base[10]" does not have an associated HD.PARTPIN_LOCS, which will prevent the partial routing of the signal "gemm_k_base[10]". Without this partial route, timing analysis to/from this port will not be accurate, and no routing information for this port can be exported.
WARNING: [Route 35-198] Port "gemm_k_base[9]" does not have an associated HD.PARTPIN_LOCS, which will prevent the partial routing of the signal "gemm_k_base[9]". Without this partial route, timing analysis to/from this port will not be accurate, and no routing information for this port can be exported.
WARNING: [Route 35-198] Port "gemm_k_base[8]" does not have an associated HD.PARTPIN_LOCS, which will prevent the partial routing of the signal "gemm_k_base[8]". Without this partial route, timing analysis to/from this port will not be accurate, and no routing information for this port can be exported.
WARNING: [Route 35-198] Port "gemm_k_base[7]" does not have an associated HD.PARTPIN_LOCS, which will prevent the partial routing of the signal "gemm_k_base[7]". Without this partial route, timing analysis to/from this port will not be accurate, and no routing information for this port can be exported.
WARNING: [Route 35-198] Port "gemm_k_base[6]" does not have an associated HD.PARTPIN_LOCS, which will prevent the partial routing of the signal "gemm_k_base[6]". Without this partial route, timing analysis to/from this port will not be accurate, and no routing information for this port can be exported.
WARNING: [Route 35-198] Port "gemm_k_base[5]" does not have an associated HD.PARTPIN_LOCS, which will prevent the partial routing of the signal "gemm_k_base[5]". Without this partial route, timing analysis to/from this port will not be accurate, and no routing information for this port can be exported.
WARNING: [Route 35-198] Port "gemm_k_base[4]" does not have an associated HD.PARTPIN_LOCS, which will prevent the partial routing of the signal "gemm_k_base[4]". Without this partial route, timing analysis to/from this port will not be accurate, and no routing information for this port can be exported.
WARNING: [Route 35-198] Port "gemm_k_base[2]" does not have an associated HD.PARTPIN_LOCS, which will prevent the partial routing of the signal "gemm_k_base[2]". Without this partial route, timing analysis to/from this port will not be accurate, and no routing information for this port can be exported.
WARNING: [Route 35-198] Port "gemm_k_base[0]" does not have an associated HD.PARTPIN_LOCS, which will prevent the partial routing of the signal "gemm_k_base[0]". Without this partial route, timing analysis to/from this port will not be accurate, and no routing information for this port can be exported.
WARNING: [Route 35-198] Port "gemm_k_base[1]" does not have an associated HD.PARTPIN_LOCS, which will prevent the partial routing of the signal "gemm_k_base[1]". Without this partial route, timing analysis to/from this port will not be accurate, and no routing information for this port can be exported.
WARNING: [Route 35-198] Port "gemm_k_base[3]" does not have an associated HD.PARTPIN_LOCS, which will prevent the partial routing of the signal "gemm_k_base[3]". Without this partial route, timing analysis to/from this port will not be accurate, and no routing information for this port can be exported.
WARNING: [Route 35-198] Port "gemm_k_base[15]" does not have an associated HD.PARTPIN_LOCS, which will prevent the partial routing of the signal "gemm_k_base[15]". Without this partial route, timing analysis to/from this port will not be accurate, and no routing information for this port can be exported.
WARNING: [Route 35-198] Port "gemm_token_base[23]" does not have an associated HD.PARTPIN_LOCS, which will prevent the partial routing of the signal "gemm_token_base[23]". Without this partial route, timing analysis to/from this port will not be accurate, and no routing information for this port can be exported.
WARNING: [Route 35-198] Port "gemm_token_base[22]" does not have an associated HD.PARTPIN_LOCS, which will prevent the partial routing of the signal "gemm_token_base[22]". Without this partial route, timing analysis to/from this port will not be accurate, and no routing information for this port can be exported.
WARNING: [Route 35-198] Port "gemm_token_base[21]" does not have an associated HD.PARTPIN_LOCS, which will prevent the partial routing of the signal "gemm_token_base[21]". Without this partial route, timing analysis to/from this port will not be accurate, and no routing information for this port can be exported.
WARNING: [Route 35-198] Port "gemm_token_base[19]" does not have an associated HD.PARTPIN_LOCS, which will prevent the partial routing of the signal "gemm_token_base[19]". Without this partial route, timing analysis to/from this port will not be accurate, and no routing information for this port can be exported.
WARNING: [Route 35-198] Port "gemm_token_base[18]" does not have an associated HD.PARTPIN_LOCS, which will prevent the partial routing of the signal "gemm_token_base[18]". Without this partial route, timing analysis to/from this port will not be accurate, and no routing information for this port can be exported.
WARNING: [Route 35-198] Port "gemm_token_base[17]" does not have an associated HD.PARTPIN_LOCS, which will prevent the partial routing of the signal "gemm_token_base[17]". Without this partial route, timing analysis to/from this port will not be accurate, and no routing information for this port can be exported.
WARNING: [Route 35-198] Port "gemm_token_base[16]" does not have an associated HD.PARTPIN_LOCS, which will prevent the partial routing of the signal "gemm_token_base[16]". Without this partial route, timing analysis to/from this port will not be accurate, and no routing information for this port can be exported.
WARNING: [Route 35-198] Port "gemm_token_base[15]" does not have an associated HD.PARTPIN_LOCS, which will prevent the partial routing of the signal "gemm_token_base[15]". Without this partial route, timing analysis to/from this port will not be accurate, and no routing information for this port can be exported.
WARNING: [Route 35-198] Port "gemm_token_base[14]" does not have an associated HD.PARTPIN_LOCS, which will prevent the partial routing of the signal "gemm_token_base[14]". Without this partial route, timing analysis to/from this port will not be accurate, and no routing information for this port can be exported.
WARNING: [Route 35-198] Port "gemm_token_base[13]" does not have an associated HD.PARTPIN_LOCS, which will prevent the partial routing of the signal "gemm_token_base[13]". Without this partial route, timing analysis to/from this port will not be accurate, and no routing information for this port can be exported.
WARNING: [Route 35-198] Port "gemm_token_base[12]" does not have an associated HD.PARTPIN_LOCS, which will prevent the partial routing of the signal "gemm_token_base[12]". Without this partial route, timing analysis to/from this port will not be accurate, and no routing information for this port can be exported.
WARNING: [Route 35-198] Port "gemm_token_base[11]" does not have an associated HD.PARTPIN_LOCS, which will prevent the partial routing of the signal "gemm_token_base[11]". Without this partial route, timing analysis to/from this port will not be accurate, and no routing information for this port can be exported.
WARNING: [Route 35-198] Port "gemm_token_base[10]" does not have an associated HD.PARTPIN_LOCS, which will prevent the partial routing of the signal "gemm_token_base[10]". Without this partial route, timing analysis to/from this port will not be accurate, and no routing information for this port can be exported.
WARNING: [Route 35-198] Port "gemm_token_base[3]" does not have an associated HD.PARTPIN_LOCS, which will prevent the partial routing of the signal "gemm_token_base[3]". Without this partial route, timing analysis to/from this port will not be accurate, and no routing information for this port can be exported.
WARNING: [Route 35-198] Port "gemm_token_base[1]" does not have an associated HD.PARTPIN_LOCS, which will prevent the partial routing of the signal "gemm_token_base[1]". Without this partial route, timing analysis to/from this port will not be accurate, and no routing information for this port can be exported.
WARNING: [Route 35-198] Port "gemm_token_base[0]" does not have an associated HD.PARTPIN_LOCS, which will prevent the partial routing of the signal "gemm_token_base[0]". Without this partial route, timing analysis to/from this port will not be accurate, and no routing information for this port can be exported.
WARNING: [Route 35-198] Port "gemm_token_base[4]" does not have an associated HD.PARTPIN_LOCS, which will prevent the partial routing of the signal "gemm_token_base[4]". Without this partial route, timing analysis to/from this port will not be accurate, and no routing information for this port can be exported.
WARNING: [Route 35-198] Port "gemm_token_base[6]" does not have an associated HD.PARTPIN_LOCS, which will prevent the partial routing of the signal "gemm_token_base[6]". Without this partial route, timing analysis to/from this port will not be accurate, and no routing information for this port can be exported.
WARNING: [Route 35-198] Port "gemm_token_base[8]" does not have an associated HD.PARTPIN_LOCS, which will prevent the partial routing of the signal "gemm_token_base[8]". Without this partial route, timing analysis to/from this port will not be accurate, and no routing information for this port can be exported.
WARNING: [Route 35-198] Port "gemm_token_base[7]" does not have an associated HD.PARTPIN_LOCS, which will prevent the partial routing of the signal "gemm_token_base[7]". Without this partial route, timing analysis to/from this port will not be accurate, and no routing information for this port can be exported.
WARNING: [Route 35-198] Port "gemm_token_base[9]" does not have an associated HD.PARTPIN_LOCS, which will prevent the partial routing of the signal "gemm_token_base[9]". Without this partial route, timing analysis to/from this port will not be accurate, and no routing information for this port can be exported.
WARNING: [Route 35-198] Port "gemm_output_base[31]" does not have an associated HD.PARTPIN_LOCS, which will prevent the partial routing of the signal "gemm_output_base[31]". Without this partial route, timing analysis to/from this port will not be accurate, and no routing information for this port can be exported.
WARNING: [Route 35-198] Port "gemm_output_base[30]" does not have an associated HD.PARTPIN_LOCS, which will prevent the partial routing of the signal "gemm_output_base[30]". Without this partial route, timing analysis to/from this port will not be accurate, and no routing information for this port can be exported.
WARNING: [Route 35-198] Port "gemm_output_base[29]" does not have an associated HD.PARTPIN_LOCS, which will prevent the partial routing of the signal "gemm_output_base[29]". Without this partial route, timing analysis to/from this port will not be accurate, and no routing information for this port can be exported.
WARNING: [Route 35-198] Port "gemm_output_base[28]" does not have an associated HD.PARTPIN_LOCS, which will prevent the partial routing of the signal "gemm_output_base[28]". Without this partial route, timing analysis to/from this port will not be accurate, and no routing information for this port can be exported.
WARNING: [Route 35-198] Port "gemm_output_base[27]" does not have an associated HD.PARTPIN_LOCS, which will prevent the partial routing of the signal "gemm_output_base[27]". Without this partial route, timing analysis to/from this port will not be accurate, and no routing information for this port can be exported.
WARNING: [Route 35-198] Port "gemm_output_base[26]" does not have an associated HD.PARTPIN_LOCS, which will prevent the partial routing of the signal "gemm_output_base[26]". Without this partial route, timing analysis to/from this port will not be accurate, and no routing information for this port can be exported.
WARNING: [Route 35-198] Port "gemm_output_base[25]" does not have an associated HD.PARTPIN_LOCS, which will prevent the partial routing of the signal "gemm_output_base[25]". Without this partial route, timing analysis to/from this port will not be accurate, and no routing information for this port can be exported.
WARNING: [Route 35-198] Port "gemm_output_base[24]" does not have an associated HD.PARTPIN_LOCS, which will prevent the partial routing of the signal "gemm_output_base[24]". Without this partial route, timing analysis to/from this port will not be accurate, and no routing information for this port can be exported.
WARNING: [Route 35-198] Port "gemm_output_base[23]" does not have an associated HD.PARTPIN_LOCS, which will prevent the partial routing of the signal "gemm_output_base[23]". Without this partial route, timing analysis to/from this port will not be accurate, and no routing information for this port can be exported.
WARNING: [Route 35-198] Port "gemm_batch_index[31]" does not have an associated HD.PARTPIN_LOCS, which will prevent the partial routing of the signal "gemm_batch_index[31]". Without this partial route, timing analysis to/from this port will not be accurate, and no routing information for this port can be exported.
WARNING: [Route 35-198] Port "gemm_batch_index[30]" does not have an associated HD.PARTPIN_LOCS, which will prevent the partial routing of the signal "gemm_batch_index[30]". Without this partial route, timing analysis to/from this port will not be accurate, and no routing information for this port can be exported.
WARNING: [Route 35-198] Port "gemm_batch_index[29]" does not have an associated HD.PARTPIN_LOCS, which will prevent the partial routing of the signal "gemm_batch_index[29]". Without this partial route, timing analysis to/from this port will not be accurate, and no routing information for this port can be exported.
WARNING: [Route 35-198] Port "gemm_batch_index[28]" does not have an associated HD.PARTPIN_LOCS, which will prevent the partial routing of the signal "gemm_batch_index[28]". Without this partial route, timing analysis to/from this port will not be accurate, and no routing information for this port can be exported.
WARNING: [Route 35-198] Port "gemm_batch_index[27]" does not have an associated HD.PARTPIN_LOCS, which will prevent the partial routing of the signal "gemm_batch_index[27]". Without this partial route, timing analysis to/from this port will not be accurate, and no routing information for this port can be exported.
WARNING: [Route 35-198] Port "gemm_batch_index[26]" does not have an associated HD.PARTPIN_LOCS, which will prevent the partial routing of the signal "gemm_batch_index[26]". Without this partial route, timing analysis to/from this port will not be accurate, and no routing information for this port can be exported.
WARNING: [Route 35-198] Port "gemm_batch_index[25]" does not have an associated HD.PARTPIN_LOCS, which will prevent the partial routing of the signal "gemm_batch_index[25]". Without this partial route, timing analysis to/from this port will not be accurate, and no routing information for this port can be exported.
WARNING: [Route 35-198] Port "gemm_batch_index[24]" does not have an associated HD.PARTPIN_LOCS, which will prevent the partial routing of the signal "gemm_batch_index[24]". Without this partial route, timing analysis to/from this port will not be accurate, and no routing information for this port can be exported.
WARNING: [Route 35-198] Port "gemm_output_base[22]" does not have an associated HD.PARTPIN_LOCS, which will prevent the partial routing of the signal "gemm_output_base[22]". Without this partial route, timing analysis to/from this port will not be accurate, and no routing information for this port can be exported.
WARNING: [Route 35-198] Port "gemm_output_base[21]" does not have an associated HD.PARTPIN_LOCS, which will prevent the partial routing of the signal "gemm_output_base[21]". Without this partial route, timing analysis to/from this port will not be accurate, and no routing information for this port can be exported.
WARNING: [Route 35-198] Port "gemm_output_base[18]" does not have an associated HD.PARTPIN_LOCS, which will prevent the partial routing of the signal "gemm_output_base[18]". Without this partial route, timing analysis to/from this port will not be accurate, and no routing information for this port can be exported.
WARNING: [Route 35-198] Port "gemm_output_base[17]" does not have an associated HD.PARTPIN_LOCS, which will prevent the partial routing of the signal "gemm_output_base[17]". Without this partial route, timing analysis to/from this port will not be accurate, and no routing information for this port can be exported.
WARNING: [Route 35-198] Port "gemm_output_base[16]" does not have an associated HD.PARTPIN_LOCS, which will prevent the partial routing of the signal "gemm_output_base[16]". Without this partial route, timing analysis to/from this port will not be accurate, and no routing information for this port can be exported.
WARNING: [Route 35-198] Port "gemm_output_base[15]" does not have an associated HD.PARTPIN_LOCS, which will prevent the partial routing of the signal "gemm_output_base[15]". Without this partial route, timing analysis to/from this port will not be accurate, and no routing information for this port can be exported.
WARNING: [Route 35-198] Port "gemm_output_base[14]" does not have an associated HD.PARTPIN_LOCS, which will prevent the partial routing of the signal "gemm_output_base[14]". Without this partial route, timing analysis to/from this port will not be accurate, and no routing information for this port can be exported.
WARNING: [Route 35-198] Port "gemm_output_base[13]" does not have an associated HD.PARTPIN_LOCS, which will prevent the partial routing of the signal "gemm_output_base[13]". Without this partial route, timing analysis to/from this port will not be accurate, and no routing information for this port can be exported.
WARNING: [Route 35-198] Port "gemm_output_base[12]" does not have an associated HD.PARTPIN_LOCS, which will prevent the partial routing of the signal "gemm_output_base[12]". Without this partial route, timing analysis to/from this port will not be accurate, and no routing information for this port can be exported.
WARNING: [Route 35-198] Port "gemm_output_base[11]" does not have an associated HD.PARTPIN_LOCS, which will prevent the partial routing of the signal "gemm_output_base[11]". Without this partial route, timing analysis to/from this port will not be accurate, and no routing information for this port can be exported.
WARNING: [Route 35-198] Port "gemm_output_base[10]" does not have an associated HD.PARTPIN_LOCS, which will prevent the partial routing of the signal "gemm_output_base[10]". Without this partial route, timing analysis to/from this port will not be accurate, and no routing information for this port can be exported.
WARNING: [Route 35-198] Port "gemm_output_base[8]" does not have an associated HD.PARTPIN_LOCS, which will prevent the partial routing of the signal "gemm_output_base[8]". Without this partial route, timing analysis to/from this port will not be accurate, and no routing information for this port can be exported.
WARNING: [Route 35-198] Port "gemm_output_base[7]" does not have an associated HD.PARTPIN_LOCS, which will prevent the partial routing of the signal "gemm_output_base[7]". Without this partial route, timing analysis to/from this port will not be accurate, and no routing information for this port can be exported.
WARNING: [Route 35-198] Port "gemm_output_base[4]" does not have an associated HD.PARTPIN_LOCS, which will prevent the partial routing of the signal "gemm_output_base[4]". Without this partial route, timing analysis to/from this port will not be accurate, and no routing information for this port can be exported.
WARNING: [Route 35-198] Port "gemm_output_base[2]" does not have an associated HD.PARTPIN_LOCS, which will prevent the partial routing of the signal "gemm_output_base[2]". Without this partial route, timing analysis to/from this port will not be accurate, and no routing information for this port can be exported.
WARNING: [Route 35-198] Port "gemm_output_base[0]" does not have an associated HD.PARTPIN_LOCS, which will prevent the partial routing of the signal "gemm_output_base[0]". Without this partial route, timing analysis to/from this port will not be accurate, and no routing information for this port can be exported.
WARNING: [Route 35-198] Port "gemm_output_base[1]" does not have an associated HD.PARTPIN_LOCS, which will prevent the partial routing of the signal "gemm_output_base[1]". Without this partial route, timing analysis to/from this port will not be accurate, and no routing information for this port can be exported.
WARNING: [Route 35-198] Port "gemm_output_base[3]" does not have an associated HD.PARTPIN_LOCS, which will prevent the partial routing of the signal "gemm_output_base[3]". Without this partial route, timing analysis to/from this port will not be accurate, and no routing information for this port can be exported.
WARNING: [Route 35-198] Port "gemm_output_base[5]" does not have an associated HD.PARTPIN_LOCS, which will prevent the partial routing of the signal "gemm_output_base[5]". Without this partial route, timing analysis to/from this port will not be accurate, and no routing information for this port can be exported.
INFO: [Common 17-14] Message 'Route 35-198' appears 100 times and further instances of the messages will be disabled. Use the Tcl command set_msg_config to change the current settings.
Post Restoration Checksum: NetGraph: 6268256e | NumContArr: 78fd4f29 | Constraints: c2a8fa9d | Timing: c2a8fa9d
Phase 1 Build RT Design | Checksum: 260b769d1

Time (s): cpu = 00:00:35 ; elapsed = 00:00:07 . Memory (MB): peak = 5002.348 ; gain = 0.000 ; free physical = 204949 ; free virtual = 240834

Phase 2 Router Initialization

Phase 2.1 Fix Topology Constraints
Phase 2.1 Fix Topology Constraints | Checksum: 260b769d1

Time (s): cpu = 00:00:36 ; elapsed = 00:00:07 . Memory (MB): peak = 5002.348 ; gain = 0.000 ; free physical = 204949 ; free virtual = 240834

Phase 2.2 Pre Route Cleanup
Phase 2.2 Pre Route Cleanup | Checksum: 260b769d1

Time (s): cpu = 00:00:37 ; elapsed = 00:00:07 . Memory (MB): peak = 5002.348 ; gain = 0.000 ; free physical = 204949 ; free virtual = 240834

Phase 2.3 Global Clock Net Routing
Phase 2.3 Global Clock Net Routing | Checksum: 260b769d1

Time (s): cpu = 00:00:41 ; elapsed = 00:00:09 . Memory (MB): peak = 5002.348 ; gain = 0.000 ; free physical = 204949 ; free virtual = 240834

Phase 2.4 Update Timing
Phase 2.4 Update Timing | Checksum: 1c19d07f5

Time (s): cpu = 00:00:55 ; elapsed = 00:00:14 . Memory (MB): peak = 5002.348 ; gain = 0.000 ; free physical = 204947 ; free virtual = 240833
INFO: [Route 35-416] Intermediate Timing Summary | WNS=4.270  | TNS=0.000  | WHS=0.018  | THS=0.000  |


Router Utilization Summary
  Global Vertical Routing Utilization    = 0 %
  Global Horizontal Routing Utilization  = 0 %
  Routable Net Status*
  *Does not include unroutable nets such as driverless and loadless.
  Run report_route_status for detailed report.
  Number of Failed Nets               = 45323
    (Failed Nets is the sum of unrouted and partially routed nets)
  Number of Unrouted Nets             = 27068
  Number of Partially Routed Nets     = 18255
  Number of Node Overlaps             = 0

Phase 2 Router Initialization | Checksum: 299729542

Time (s): cpu = 00:01:22 ; elapsed = 00:00:26 . Memory (MB): peak = 5002.348 ; gain = 0.000 ; free physical = 204947 ; free virtual = 240832

Phase 3 Initial Routing

Phase 3.1 Global Routing
Phase 3.1 Global Routing | Checksum: 299729542

Time (s): cpu = 00:01:22 ; elapsed = 00:00:26 . Memory (MB): peak = 5002.348 ; gain = 0.000 ; free physical = 204947 ; free virtual = 240832

Phase 3.2 Initial Net Routing
Phase 3.2 Initial Net Routing | Checksum: 1dc97f4da

Time (s): cpu = 00:03:07 ; elapsed = 00:01:05 . Memory (MB): peak = 5002.348 ; gain = 0.000 ; free physical = 204935 ; free virtual = 240821
Phase 3 Initial Routing | Checksum: 2ad6da334

Time (s): cpu = 00:03:10 ; elapsed = 00:01:06 . Memory (MB): peak = 5002.348 ; gain = 0.000 ; free physical = 204935 ; free virtual = 240821

Phase 4 Rip-up And Reroute

Phase 4.1 Global Iteration 0
INFO: [Route 35-443] CLB routing congestion detected. Several CLBs have high routing utilization, which can impact timing closure. Congested CLBs and Nets are dumped in: iter_3_CongestedCLBsAndNets.txt
 Number of Nodes with overlaps = 15206
 Number of Nodes with overlaps = 420
 Number of Nodes with overlaps = 56
 Number of Nodes with overlaps = 8
 Number of Nodes with overlaps = 5
 Number of Nodes with overlaps = 3
 Number of Nodes with overlaps = 1
 Number of Nodes with overlaps = 1
 Number of Nodes with overlaps = 0
INFO: [Route 35-416] Intermediate Timing Summary | WNS=2.828  | TNS=0.000  | WHS=0.042  | THS=0.000  |

Phase 4.1 Global Iteration 0 | Checksum: 25e87a179

Time (s): cpu = 00:10:18 ; elapsed = 00:05:45 . Memory (MB): peak = 5002.348 ; gain = 0.000 ; free physical = 204903 ; free virtual = 240789

Phase 4.2 Additional Iteration for Hold
Phase 4.2 Additional Iteration for Hold | Checksum: 27d5d5cf3

Time (s): cpu = 00:10:19 ; elapsed = 00:05:46 . Memory (MB): peak = 5002.348 ; gain = 0.000 ; free physical = 204903 ; free virtual = 240789
Phase 4 Rip-up And Reroute | Checksum: 27d5d5cf3

Time (s): cpu = 00:10:20 ; elapsed = 00:05:46 . Memory (MB): peak = 5002.348 ; gain = 0.000 ; free physical = 204903 ; free virtual = 240789

Phase 5 Delay and Skew Optimization

Phase 5.1 Delay CleanUp
Phase 5.1 Delay CleanUp | Checksum: 27d5d5cf3

Time (s): cpu = 00:10:21 ; elapsed = 00:05:46 . Memory (MB): peak = 5002.348 ; gain = 0.000 ; free physical = 204903 ; free virtual = 240789

Phase 5.2 Clock Skew Optimization
Phase 5.2 Clock Skew Optimization | Checksum: 27d5d5cf3

Time (s): cpu = 00:10:21 ; elapsed = 00:05:46 . Memory (MB): peak = 5002.348 ; gain = 0.000 ; free physical = 204903 ; free virtual = 240789
Phase 5 Delay and Skew Optimization | Checksum: 27d5d5cf3

Time (s): cpu = 00:10:21 ; elapsed = 00:05:46 . Memory (MB): peak = 5002.348 ; gain = 0.000 ; free physical = 204903 ; free virtual = 240789

Phase 6 Post Hold Fix

Phase 6.1 Hold Fix Iter

Phase 6.1.1 Update Timing
Phase 6.1.1 Update Timing | Checksum: 204909826

Time (s): cpu = 00:10:36 ; elapsed = 00:05:52 . Memory (MB): peak = 5002.348 ; gain = 0.000 ; free physical = 204903 ; free virtual = 240788
INFO: [Route 35-416] Intermediate Timing Summary | WNS=2.828  | TNS=0.000  | WHS=0.042  | THS=0.000  |

Phase 6.1 Hold Fix Iter | Checksum: 204909826

Time (s): cpu = 00:10:37 ; elapsed = 00:05:52 . Memory (MB): peak = 5002.348 ; gain = 0.000 ; free physical = 204902 ; free virtual = 240787
Phase 6 Post Hold Fix | Checksum: 204909826

Time (s): cpu = 00:10:37 ; elapsed = 00:05:52 . Memory (MB): peak = 5002.348 ; gain = 0.000 ; free physical = 204902 ; free virtual = 240787

Phase 7 Route finalize

Router Utilization Summary
  Global Vertical Routing Utilization    = 11.3878 %
  Global Horizontal Routing Utilization  = 11.5355 %
  Routable Net Status*
  *Does not include unroutable nets such as driverless and loadless.
  Run report_route_status for detailed report.
  Number of Failed Nets               = 0
    (Failed Nets is the sum of unrouted and partially routed nets)
  Number of Unrouted Nets             = 0
  Number of Partially Routed Nets     = 0
  Number of Node Overlaps             = 0

Phase 7 Route finalize | Checksum: 204909826

Time (s): cpu = 00:10:39 ; elapsed = 00:05:53 . Memory (MB): peak = 5002.348 ; gain = 0.000 ; free physical = 204902 ; free virtual = 240787

Phase 8 Verifying routed nets

 Verification completed successfully
Phase 8 Verifying routed nets | Checksum: 204909826

Time (s): cpu = 00:10:39 ; elapsed = 00:05:53 . Memory (MB): peak = 5002.348 ; gain = 0.000 ; free physical = 204902 ; free virtual = 240787

Phase 9 Depositing Routes
Phase 9 Depositing Routes | Checksum: 204909826

Time (s): cpu = 00:10:48 ; elapsed = 00:05:59 . Memory (MB): peak = 5002.348 ; gain = 0.000 ; free physical = 204897 ; free virtual = 240782

Phase 10 Resolve XTalk
Phase 10 Resolve XTalk | Checksum: 204909826

Time (s): cpu = 00:10:49 ; elapsed = 00:06:00 . Memory (MB): peak = 5002.348 ; gain = 0.000 ; free physical = 204897 ; free virtual = 240782

Phase 11 Post Router Timing
INFO: [Route 35-57] Estimated Timing Summary | WNS=2.828  | TNS=0.000  | WHS=0.042  | THS=0.000  |

INFO: [Route 35-327] The final timing numbers are based on the router estimated timing analysis. For a complete and accurate timing signoff, please run report_timing_summary.
Phase 11 Post Router Timing | Checksum: 204909826

Time (s): cpu = 00:10:53 ; elapsed = 00:06:01 . Memory (MB): peak = 5002.348 ; gain = 0.000 ; free physical = 204897 ; free virtual = 240782
INFO: [Route 35-16] Router Completed Successfully

Phase 12 Post-Route Event Processing
Phase 12 Post-Route Event Processing | Checksum: 1cab3c30a

Time (s): cpu = 00:10:56 ; elapsed = 00:06:03 . Memory (MB): peak = 5002.348 ; gain = 0.000 ; free physical = 204897 ; free virtual = 240782
Ending Routing Task | Checksum: 1cab3c30a

Time (s): cpu = 00:10:58 ; elapsed = 00:06:05 . Memory (MB): peak = 5002.348 ; gain = 0.000 ; free physical = 204898 ; free virtual = 240783

Routing Is Done.
INFO: [Common 17-83] Releasing license: Implementation
14 Infos, 101 Warnings, 1 Critical Warnings and 0 Errors encountered.
route_design completed successfully
route_design: Time (s): cpu = 00:11:11 ; elapsed = 00:06:10 . Memory (MB): peak = 5002.348 ; gain = 96.047 ; free physical = 204898 ; free virtual = 240783
# write_checkpoint -force \
#     "$OUT/post_route_ooc.dcp"
INFO: [Timing 38-480] Writing timing data to binary archive.
Write ShapeDB Complete: Time (s): cpu = 00:00:00.64 ; elapsed = 00:00:00.13 . Memory (MB): peak = 5002.348 ; gain = 0.000 ; free physical = 204896 ; free virtual = 240790
Wrote PlaceDB: Time (s): cpu = 00:00:09 ; elapsed = 00:00:03 . Memory (MB): peak = 5002.348 ; gain = 0.000 ; free physical = 204852 ; free virtual = 240796
Wrote PulsedLatchDB: Time (s): cpu = 00:00:00 ; elapsed = 00:00:00 . Memory (MB): peak = 5002.348 ; gain = 0.000 ; free physical = 204852 ; free virtual = 240796
Writing XDEF routing.
Writing XDEF routing logical nets.
Writing XDEF routing special nets.
Wrote RouteStorage: Time (s): cpu = 00:00:00.95 ; elapsed = 00:00:00.97 . Memory (MB): peak = 5002.348 ; gain = 0.000 ; free physical = 204836 ; free virtual = 240793
Wrote Netlist Cache: Time (s): cpu = 00:00:00.1 ; elapsed = 00:00:00.1 . Memory (MB): peak = 5002.348 ; gain = 0.000 ; free physical = 204828 ; free virtual = 240792
Wrote Device Cache: Time (s): cpu = 00:00:00.01 ; elapsed = 00:00:00.02 . Memory (MB): peak = 5002.348 ; gain = 0.000 ; free physical = 204828 ; free virtual = 240795
Write Physdb Complete: Time (s): cpu = 00:00:10 ; elapsed = 00:00:04 . Memory (MB): peak = 5002.348 ; gain = 0.000 ; free physical = 204828 ; free virtual = 240795
INFO: [Common 17-1381] The checkpoint '/home/s23520579/Vivado_project/m8_memory_frontend_poc/results/optimized/m7/M7_4B_OOC/post_route_ooc.dcp' has been generated.
write_checkpoint: Time (s): cpu = 00:00:25 ; elapsed = 00:00:12 . Memory (MB): peak = 5002.348 ; gain = 0.000 ; free physical = 204874 ; free virtual = 240781
# report_timing_summary \
#     -delay_type max \
#     -max_paths 50 \
#     -report_unconstrained \
#     -check_timing_verbose \
#     -file "$OUT/impl_timing_summary.rpt"
INFO: [Timing 38-91] UpdateTimingParams: Speed grade: -1, Temperature grade: E, Delay Type: max.
INFO: [Timing 38-191] Multithreading enabled for timing update using a maximum of 8 CPUs
WARNING: [Timing 38-242] The property HD.CLK_SRC of clock port "aclk" is not set. In out-of-context mode, this prevents timing estimation for clock delay/skew
Resolution: Set the HD.CLK_SRC property of the out-of-context port to the location of the clock buffer instance in the top-level design
report_timing_summary: Time (s): cpu = 00:00:37 ; elapsed = 00:00:18 . Memory (MB): peak = 5002.348 ; gain = 0.000 ; free physical = 204885 ; free virtual = 240796
# report_utilization \
#     -file "$OUT/impl_utilization.rpt"
# report_utilization \
#     -hierarchical \
#     -file "$OUT/impl_utilization_hierarchical.rpt"
# report_route_status \
#     -file "$OUT/impl_route_status.rpt"
# report_drc \
#     -file "$OUT/impl_drc.rpt"
Command: report_drc -file /home/s23520579/Vivado_project/m8_memory_frontend_poc/results/optimized/m7/M7_4B_OOC/impl_drc.rpt
INFO: [IP_Flow 19-234] Refreshing IP repositories
INFO: [IP_Flow 19-1704] No user IP repositories specified
INFO: [IP_Flow 19-2313] Loaded Vivado IP repository '/tools/Xilinx/Vivado/2023.2/data/ip'.
INFO: [DRC 23-27] Running DRC with 8 threads
INFO: [Vivado_Tcl 2-168] The results of DRC are in file /home/s23520579/Vivado_project/m8_memory_frontend_poc/results/optimized/m7/M7_4B_OOC/impl_drc.rpt.
report_drc completed successfully
report_drc: Time (s): cpu = 00:00:16 ; elapsed = 00:00:06 . Memory (MB): peak = 5002.348 ; gain = 0.000 ; free physical = 204873 ; free virtual = 240784
# report_clock_utilization \
#     -file "$OUT/impl_clock_utilization.rpt"
report_clock_utilization: Time (s): cpu = 00:00:05 ; elapsed = 00:00:06 . Memory (MB): peak = 5002.348 ; gain = 0.000 ; free physical = 204875 ; free virtual = 240785
# set paths [get_timing_paths \
#     -delay_type max \
#     -max_paths 1 \
#     -nworst 1]
# set wns "NA"
# if {[llength $paths] > 0} {
#     set wns [get_property SLACK [lindex $paths 0]]
# }
# puts ""

# puts "============================================================"
============================================================
# puts " M7.4B OOC RESULT"
 M7.4B OOC RESULT
# puts "============================================================"
============================================================
# puts "TARGET PERIOD = 20.000 ns"
TARGET PERIOD = 20.000 ns
# puts "POST-ROUTE WNS = $wns ns"
POST-ROUTE WNS = 2.828 ns
# set result PASS
# if {$wns eq "NA"} {
#     set result FAIL_NO_TIMING_PATH
# } elseif {$wns < 0.0} {
#     set result FAIL_TIMING
# }
# puts "RESULT = $result"
RESULT = PASS
# puts "============================================================"
============================================================
# set fp [open "$OUT/M7_4B_OOC_SUMMARY.txt" w]
# puts $fp "M7.4B OOC POST-ROUTE"
# puts $fp "TOP=$TOP"
# puts $fp "PART=$PART"
# puts $fp "TARGET_CLOCK_MHZ=50"
# puts $fp "TARGET_PERIOD_NS=20.000"
# puts $fp "POST_ROUTE_WNS_NS=$wns"
# puts $fp "RESULT=$result"
# close $fp
# close_project
# if {$result ne "PASS"} {
#     exit 2
# }
# exit 0
INFO: [Common 17-206] Exiting Vivado at Thu Aug 27 10:50:49 2026...
